/* Generated: Twemoji (jdecked) emoji at 22px, RGB565A8, LVGL 9.2. */
/* Graphics (c) Twitter/Twemoji contributors, CC BY 4.0. */

#include "lvgl.h"


#ifndef LV_ATTRIBUTE_MEM_ALIGN
#define LV_ATTRIBUTE_MEM_ALIGN
#endif

#ifndef LV_ATTRIBUTE_EMOJI_JOY_22
#define LV_ATTRIBUTE_EMOJI_JOY_22
#endif

static const
LV_ATTRIBUTE_MEM_ALIGN LV_ATTRIBUTE_LARGE_CONST LV_ATTRIBUTE_EMOJI_JOY_22
uint8_t emoji_joy_22_map[] = {

    0x00,0x00,0x00,0x00,0x00,0x00,0x4a,0xfd,0x00,0x00,0x00,0x00,0x89,0xfe,0x69,0xfe,0x49,0xfe,0x49,0xfe,0x69,0xfe,0x69,0xfe,0x49,0xfe,0x49,0xfe,0x69,0xfe,0x89,0xfe,0x00,0x00,0x00,0x00,0x4a,0xfd,0x00,0x00,0x00,0x00,0x00,0x00,
    0x00,0x00,0x00,0x00,0x4a,0xfd,0x00,0x00,0x09,0xfe,0x89,0xfe,0x89,0xfe,0xaa,0xfe,0x89,0xfe,0x69,0xfe,0x69,0xfe,0x69,0xfe,0x69,0xfe,0x89,0xfe,0xaa,0xfe,0x89,0xfe,0x89,0xfe,0x09,0xfe,0x00,0x00,0x4a,0xfd,0x00,0x00,0x00,0x00,
    0x00,0x00,0xef,0xff,0x00,0x00,0x29,0xfe,0x89,0xfe,0xea,0xfe,0x69,0xfe,0x49,0xfe,0x69,0xfe,0x69,0xfe,0x69,0xfe,0x69,0xfe,0x69,0xfe,0x69,0xfe,0x49,0xfe,0x69,0xfe,0xea,0xfe,0x89,0xfe,0x29,0xfe,0x00,0x00,0xef,0xff,0x00,0x00,
    0xef,0xff,0x00,0x00,0x49,0xfe,0x89,0xfe,0xaa,0xfe,0x49,0xfe,0x69,0xfe,0x89,0xfe,0x69,0xfe,0x69,0xfe,0x69,0xfe,0x69,0xfe,0x69,0xfe,0x69,0xfe,0x89,0xfe,0x69,0xfe,0x49,0xfe,0xaa,0xfe,0x89,0xfe,0x49,0xfe,0x00,0x00,0xef,0xff,
    0xef,0xff,0x69,0xfe,0x69,0xfe,0xaa,0xfe,0x49,0xfe,0xaa,0xfe,0x29,0xfe,0xe8,0xed,0x69,0xfe,0x69,0xfe,0x69,0xfe,0x69,0xfe,0x69,0xfe,0x69,0xfe,0xc8,0xed,0x29,0xfe,0xaa,0xfe,0x49,0xfe,0xaa,0xfe,0x69,0xfe,0x69,0xfe,0xef,0xff,
    0x00,0x00,0x69,0xfe,0xca,0xfe,0x69,0xfe,0x69,0xfe,0x45,0xb4,0x20,0x62,0xc1,0x7a,0x49,0xfe,0x69,0xfe,0x69,0xfe,0x69,0xfe,0x69,0xfe,0x49,0xfe,0xa1,0x7a,0x20,0x62,0x45,0xb4,0x69,0xfe,0x69,0xfe,0xca,0xfe,0x69,0xfe,0x00,0x00,
    0x69,0xfe,0x69,0xfe,0x89,0xfe,0x29,0xf6,0xe2,0x82,0xe0,0x61,0x24,0xac,0xc8,0xe5,0x69,0xfe,0x69,0xfe,0x69,0xfe,0x69,0xfe,0x69,0xfe,0x69,0xfe,0xc8,0xe5,0x24,0xac,0xe0,0x61,0xe2,0x82,0x29,0xf6,0x89,0xfe,0x69,0xfe,0x69,0xfe,
    0x49,0xfe,0xaa,0xfe,0x89,0xfe,0x22,0x8b,0x40,0x6a,0xc8,0xed,0xca,0xfe,0xaa,0xfe,0x69,0xfe,0x49,0xfe,0x69,0xfe,0x69,0xfe,0x49,0xfe,0x69,0xfe,0xaa,0xfe,0xca,0xfe,0xc8,0xe5,0x40,0x6a,0x22,0x8b,0x89,0xfe,0xaa,0xfe,0x49,0xfe,
    0x49,0xfe,0xea,0xfe,0x85,0xbc,0xa0,0x51,0xa8,0xe5,0xeb,0xfe,0xe8,0xf5,0xa8,0xe5,0x49,0xfe,0x8a,0xfe,0x49,0xfe,0x49,0xfe,0x8a,0xfe,0x49,0xfe,0xa8,0xe5,0xe8,0xf5,0xeb,0xfe,0xa8,0xe5,0xa0,0x51,0x85,0xbc,0xea,0xfe,0x49,0xfe,
    0x49,0xfe,0xaa,0xfe,0x65,0xb4,0x04,0xac,0xc9,0xfe,0x64,0xbc,0x20,0x62,0xc0,0x59,0xa1,0x7a,0xa8,0xe5,0x89,0xfe,0x89,0xfe,0xa8,0xe5,0xa1,0x7a,0xc0,0x59,0x20,0x62,0x64,0xbc,0xc9,0xfe,0x04,0xac,0x65,0xbc,0xaa,0xfe,0x49,0xfe,
    0x69,0xfe,0x69,0xfe,0x6a,0xfe,0xa8,0xfe,0xcd,0xd5,0xc6,0x62,0xc1,0x82,0x42,0x93,0x81,0x72,0xa1,0x7a,0x49,0xfe,0x49,0xfe,0xa1,0x7a,0x81,0x72,0x42,0x93,0xc1,0x82,0xc6,0x62,0xcc,0xd5,0xa8,0xfe,0x6a,0xfe,0x69,0xfe,0x69,0xfe,
    0x69,0xfe,0x6a,0xfe,0x68,0xfe,0x0f,0xce,0x7e,0x55,0xb9,0x85,0x89,0xfe,0x8a,0xfe,0x69,0xfe,0x47,0xdd,0x29,0xf6,0x29,0xf6,0x47,0xdd,0x69,0xfe,0x8a,0xfe,0x89,0xfe,0xb9,0x7d,0x7e,0x5d,0x0f,0xce,0x68,0xfe,0x6a,0xfe,0x69,0xfe,
    0x49,0xfe,0x68,0xfe,0x0e,0xd6,0x7d,0x5d,0x7e,0x5d,0x7c,0x65,0xeb,0xdd,0x69,0xfe,0xaa,0xfe,0xeb,0xfe,0xca,0xfe,0xca,0xfe,0xeb,0xfe,0xaa,0xfe,0x69,0xfe,0xec,0xdd,0x7d,0x65,0x7e,0x5d,0x7d,0x5d,0x0e,0xd6,0x68,0xfe,0x49,0xfe,
    0x68,0xfe,0x8c,0xf6,0x7c,0x65,0x7e,0x5d,0x7c,0x65,0x9f,0x5d,0x6a,0x63,0x20,0x72,0x01,0x83,0x41,0x93,0x41,0x93,0x61,0x93,0x41,0x93,0x01,0x83,0x20,0x72,0x6a,0x63,0x9f,0x5d,0x7c,0x5d,0x7e,0x5d,0x7c,0x65,0x8b,0xf6,0x68,0xfe,
    0x68,0xfe,0xf8,0x9d,0x5f,0x4d,0x7d,0x65,0x7d,0x5d,0x5e,0x55,0xda,0x95,0xb4,0xc5,0xae,0xa4,0x2c,0x9c,0x2b,0x94,0x2b,0x9c,0x2c,0x9c,0xae,0xa4,0xb4,0xc5,0xba,0x8d,0x5e,0x55,0x7d,0x5d,0x7d,0x65,0x5f,0x4d,0xf8,0x9d,0x68,0xfe,
    0x7b,0x65,0x9e,0x5d,0x7d,0x5d,0x7d,0x5d,0x7d,0x5d,0x7e,0x55,0x9a,0x7d,0x3a,0xef,0xff,0xff,0xff,0xff,0xff,0xff,0xff,0xff,0xff,0xff,0xff,0xff,0x3a,0xef,0x9a,0x7d,0x7e,0x55,0x7d,0x5d,0x7d,0x5d,0x7d,0x5d,0x9e,0x5d,0x7b,0x6d,
    0x5d,0x5d,0xbf,0x65,0x7d,0x5d,0x7d,0x5d,0x7d,0x5d,0xbf,0x5d,0x74,0x5c,0xe0,0x61,0x66,0x83,0x8d,0xa4,0xef,0xb4,0xef,0xb4,0x8d,0xa4,0x66,0x83,0xe0,0x61,0x74,0x5c,0xbf,0x5d,0x7d,0x5d,0x7d,0x5d,0x7d,0x5d,0xbf,0x65,0x7d,0x5d,
    0x7d,0x5d,0xbe,0x65,0x7d,0x5d,0x7d,0x5d,0x7c,0x5d,0x9f,0x5d,0x11,0x5c,0xa0,0x59,0xe0,0x59,0xc0,0x59,0xc0,0x59,0xc0,0x59,0xc0,0x59,0xe0,0x59,0xa0,0x59,0x12,0x5c,0x9f,0x5d,0x7c,0x5d,0x7d,0x5d,0x7d,0x5d,0xbe,0x65,0x7d,0x5d,
    0x5f,0x55,0x5d,0x5d,0xff,0x65,0xdf,0x65,0x7f,0x55,0x9b,0x6d,0xaa,0xd5,0x63,0x93,0x20,0x62,0xe0,0x59,0xe0,0x59,0xe0,0x59,0xe0,0x59,0x20,0x62,0x63,0x93,0xaa,0xd5,0x9b,0x6d,0x7f,0x55,0xdf,0x65,0xff,0x65,0x7d,0x5d,0xff,0x7b,
    0x00,0x00,0xff,0x07,0x7d,0x65,0x7e,0x5d,0xd5,0xa5,0xcc,0xfe,0x89,0xfe,0x89,0xfe,0x87,0xe5,0x65,0xbc,0x04,0xac,0x04,0xac,0x65,0xbc,0x87,0xe5,0x89,0xfe,0x89,0xfe,0xcc,0xfe,0xd4,0xa5,0x7e,0x5d,0x9d,0x65,0xff,0x07,0x00,0x00,
    0x00,0x00,0x00,0x00,0x00,0x00,0x00,0x00,0x80,0xff,0x89,0xfe,0x89,0xfe,0xaa,0xfe,0xca,0xfe,0xaa,0xfe,0xaa,0xfe,0xaa,0xfe,0xaa,0xfe,0xca,0xfe,0xaa,0xfe,0x89,0xfe,0x89,0xfe,0x80,0xff,0x00,0x00,0x00,0x00,0x00,0x00,0x00,0x00,
    0x00,0x00,0x1f,0x00,0xf7,0x3b,0x79,0x66,0x00,0x00,0x00,0x00,0x89,0xfe,0x69,0xfe,0x49,0xfe,0x49,0xfe,0x49,0xfe,0x49,0xfe,0x49,0xfe,0x49,0xfe,0x69,0xfe,0x89,0xfe,0x00,0x00,0x00,0x00,0x79,0x66,0x5f,0x55,0x1f,0x00,0x00,0x00,
    0x00,0x00,0x00,0x03,0x00,0x00,0x28,0x84,0xcb,0xf4,0xff,0xff,0xf4,0xcb,0x84,0x28,0x00,0x00,0x03,0x00,0x00,0x00,0x00,0x00,0x03,0x00,0x11,0x8f,0xf0,0xff,0xff,0xff,0xff,0xff,0xff,0xff,0xff,0xf0,0x8f,0x11,0x00,0x03,0x00,0x00,
    0x00,0x02,0x00,0x31,0xda,0xff,0xff,0xfc,0xfd,0xff,0xff,0xff,0xff,0xfd,0xfc,0xff,0xff,0xda,0x31,0x00,0x02,0x00,0x02,0x00,0x2f,0xed,0xff,0xfa,0xfe,0xff,0xff,0xff,0xff,0xff,0xff,0xff,0xff,0xfe,0xfa,0xff,0xed,0x2f,0x00,0x02,
    0x02,0x10,0xdd,0xff,0xfb,0xff,0xff,0xff,0xff,0xff,0xff,0xff,0xff,0xff,0xff,0xff,0xff,0xfb,0xff,0xdd,0x10,0x02,0x00,0x91,0xff,0xfb,0xff,0xff,0xff,0xff,0xff,0xff,0xff,0xff,0xff,0xff,0xff,0xff,0xff,0xff,0xfb,0xff,0x91,0x00,
    0x24,0xf5,0xfd,0xfe,0xff,0xff,0xff,0xff,0xff,0xff,0xff,0xff,0xff,0xff,0xff,0xff,0xff,0xff,0xfe,0xfd,0xf5,0x24,0x84,0xff,0xfc,0xff,0xff,0xff,0xff,0xff,0xff,0xff,0xff,0xff,0xff,0xff,0xff,0xff,0xff,0xff,0xff,0xfc,0xff,0x84,
    0xcb,0xfe,0xfd,0xff,0xff,0xff,0xff,0xff,0xff,0xff,0xff,0xff,0xff,0xff,0xff,0xff,0xff,0xff,0xff,0xfd,0xfe,0xcb,0xf4,0xff,0xff,0xff,0xff,0xff,0xff,0xff,0xff,0xff,0xff,0xff,0xff,0xff,0xff,0xff,0xff,0xff,0xff,0xff,0xff,0xf4,
    0xff,0xff,0xff,0xff,0xff,0xff,0xff,0xff,0xff,0xff,0xff,0xff,0xff,0xff,0xff,0xff,0xff,0xff,0xff,0xff,0xff,0xff,0xff,0xff,0xff,0xff,0xff,0xff,0xff,0xff,0xff,0xff,0xff,0xff,0xff,0xff,0xff,0xff,0xff,0xff,0xff,0xff,0xff,0xff,
    0xf4,0xff,0xff,0xff,0xff,0xff,0xff,0xff,0xff,0xff,0xff,0xff,0xff,0xff,0xff,0xff,0xff,0xff,0xff,0xff,0xff,0xf4,0xcc,0xff,0xfd,0xff,0xff,0xff,0xff,0xff,0xff,0xff,0xff,0xff,0xff,0xff,0xff,0xff,0xff,0xff,0xff,0xfd,0xff,0xcc,
    0x7e,0xff,0xfc,0xff,0xff,0xff,0xff,0xff,0xff,0xff,0xff,0xff,0xff,0xff,0xff,0xff,0xff,0xff,0xff,0xfc,0xff,0x7e,0x4f,0xff,0xfe,0xff,0xff,0xff,0xff,0xff,0xff,0xff,0xff,0xff,0xff,0xff,0xff,0xff,0xff,0xff,0xff,0xfe,0xff,0x4d,
    0x74,0xfe,0xfc,0xff,0xff,0xff,0xff,0xff,0xff,0xff,0xff,0xff,0xff,0xff,0xff,0xff,0xff,0xff,0xff,0xfc,0xfe,0x70,0x49,0xff,0xfb,0xfa,0xfd,0xff,0xff,0xff,0xff,0xff,0xff,0xff,0xff,0xff,0xff,0xff,0xff,0xfd,0xfa,0xfb,0xff,0x47,
    0x03,0xa4,0xff,0xff,0xff,0xfc,0xfe,0xff,0xff,0xff,0xff,0xff,0xff,0xff,0xff,0xfe,0xfc,0xff,0xff,0xff,0xa3,0x02,0x00,0x01,0x5f,0x8e,0xd9,0xff,0xff,0xfc,0xfd,0xff,0xff,0xff,0xff,0xfd,0xfc,0xff,0xff,0xd9,0x8e,0x5e,0x01,0x00,
    0x00,0x00,0x00,0x00,0x11,0x8f,0xf0,0xff,0xff,0xff,0xff,0xff,0xff,0xff,0xff,0xf0,0x8f,0x11,0x00,0x00,0x00,0x00,0x00,0x01,0x04,0x05,0x00,0x00,0x28,0x84,0xcb,0xf4,0xff,0xff,0xf4,0xcb,0x84,0x28,0x00,0x00,0x05,0x03,0x01,0x00,

};

const lv_image_dsc_t emoji_joy_22 = {
  .header.magic = LV_IMAGE_HEADER_MAGIC,
  .header.cf = LV_COLOR_FORMAT_RGB565A8,
  .header.flags = 0,
  .header.w = 22,
  .header.h = 22,
  .header.stride = 44,
  .data_size = sizeof(emoji_joy_22_map),
  .data = emoji_joy_22_map,
};




#ifndef LV_ATTRIBUTE_MEM_ALIGN
#define LV_ATTRIBUTE_MEM_ALIGN
#endif

#ifndef LV_ATTRIBUTE_EMOJI_FROWN_22
#define LV_ATTRIBUTE_EMOJI_FROWN_22
#endif

static const
LV_ATTRIBUTE_MEM_ALIGN LV_ATTRIBUTE_LARGE_CONST LV_ATTRIBUTE_EMOJI_FROWN_22
uint8_t emoji_frown_22_map[] = {

    0x00,0x00,0x00,0x00,0x00,0x00,0x4a,0xfd,0x00,0x00,0x00,0x00,0x89,0xfe,0x69,0xfe,0x49,0xfe,0x49,0xfe,0x69,0xfe,0x69,0xfe,0x49,0xfe,0x49,0xfe,0x69,0xfe,0x89,0xfe,0x00,0x00,0x00,0x00,0x4a,0xfd,0x00,0x00,0x00,0x00,0x00,0x00,
    0x00,0x00,0x00,0x00,0x4a,0xfd,0x00,0x00,0x09,0xfe,0x89,0xfe,0x89,0xfe,0xaa,0xfe,0x89,0xfe,0x69,0xfe,0x69,0xfe,0x69,0xfe,0x69,0xfe,0x89,0xfe,0xaa,0xfe,0x89,0xfe,0x89,0xfe,0x09,0xfe,0x00,0x00,0x4a,0xfd,0x00,0x00,0x00,0x00,
    0x00,0x00,0xef,0xff,0x00,0x00,0x29,0xfe,0x89,0xfe,0xea,0xfe,0x69,0xfe,0x49,0xfe,0x69,0xfe,0x69,0xfe,0x69,0xfe,0x69,0xfe,0x69,0xfe,0x69,0xfe,0x49,0xfe,0x69,0xfe,0xea,0xfe,0x89,0xfe,0x29,0xfe,0x00,0x00,0xef,0xff,0x00,0x00,
    0xef,0xff,0x00,0x00,0x49,0xfe,0x89,0xfe,0xaa,0xfe,0x69,0xfe,0x49,0xfe,0x69,0xfe,0x69,0xfe,0x69,0xfe,0x69,0xfe,0x69,0xfe,0x69,0xfe,0x69,0xfe,0x69,0xfe,0x49,0xfe,0x69,0xfe,0xaa,0xfe,0x89,0xfe,0x49,0xfe,0x00,0x00,0xef,0xff,
    0xef,0xff,0x69,0xfe,0x69,0xfe,0xaa,0xfe,0x49,0xfe,0x69,0xfe,0x49,0xfe,0x49,0xfe,0x69,0xfe,0x69,0xfe,0x69,0xfe,0x69,0xfe,0x69,0xfe,0x69,0xfe,0x49,0xfe,0x49,0xfe,0x69,0xfe,0x49,0xfe,0xaa,0xfe,0x69,0xfe,0x69,0xfe,0xef,0xff,
    0x00,0x00,0x69,0xfe,0xea,0xfe,0x49,0xfe,0x69,0xfe,0x49,0xfe,0x8a,0xfe,0x8a,0xfe,0x49,0xfe,0x69,0xfe,0x69,0xfe,0x69,0xfe,0x69,0xfe,0x49,0xfe,0x8a,0xfe,0x8a,0xfe,0x49,0xfe,0x69,0xfe,0x49,0xfe,0xea,0xfe,0x69,0xfe,0x00,0x00,
    0x69,0xfe,0x69,0xfe,0x69,0xfe,0x69,0xfe,0x49,0xfe,0x8a,0xfe,0x87,0xe5,0x67,0xdd,0x89,0xfe,0x49,0xfe,0x69,0xfe,0x69,0xfe,0x49,0xfe,0x89,0xfe,0x67,0xdd,0x87,0xe5,0x8a,0xfe,0x49,0xfe,0x69,0xfe,0x69,0xfe,0x69,0xfe,0x69,0xfe,
    0x69,0xfe,0xaa,0xfe,0x69,0xfe,0x49,0xfe,0x8a,0xfe,0x87,0xdd,0x00,0x62,0xe0,0x61,0x47,0xdd,0x8a,0xfe,0x49,0xfe,0x49,0xfe,0x8a,0xfe,0x47,0xdd,0xe0,0x61,0x00,0x62,0x87,0xdd,0x8a,0xfe,0x49,0xfe,0x69,0xfe,0xaa,0xfe,0x69,0xfe,
    0x69,0xfe,0x8a,0xfe,0x49,0xfe,0x49,0xfe,0xaa,0xfe,0x24,0xb4,0xe0,0x59,0xe0,0x59,0xe4,0xa3,0xaa,0xfe,0x49,0xfe,0x49,0xfe,0xaa,0xfe,0xe4,0xab,0xe0,0x59,0xe0,0x59,0x24,0xac,0xaa,0xfe,0x49,0xfe,0x49,0xfe,0x8a,0xfe,0x69,0xfe,
    0x49,0xfe,0x69,0xfe,0x69,0xfe,0x49,0xfe,0xaa,0xfe,0x65,0xbc,0xc0,0x59,0xc0,0x59,0x24,0xac,0xaa,0xfe,0x49,0xfe,0x49,0xfe,0xaa,0xfe,0x24,0xb4,0xc0,0x59,0xc0,0x59,0x65,0xbc,0xaa,0xfe,0x49,0xfe,0x69,0xfe,0x69,0xfe,0x49,0xfe,
    0x69,0xfe,0x69,0xfe,0x69,0xfe,0x49,0xfe,0x69,0xfe,0xe8,0xed,0xc1,0x7a,0xa1,0x7a,0xc8,0xed,0x89,0xfe,0x49,0xfe,0x49,0xfe,0x89,0xfe,0xc8,0xed,0xa1,0x7a,0xc1,0x7a,0xe8,0xed,0x69,0xfe,0x49,0xfe,0x69,0xfe,0x69,0xfe,0x69,0xfe,
    0x69,0xfe,0x69,0xfe,0x69,0xfe,0x69,0xfe,0x49,0xfe,0x69,0xfe,0x49,0xfe,0x49,0xfe,0x69,0xfe,0x49,0xfe,0x49,0xfe,0x49,0xfe,0x49,0xfe,0x69,0xfe,0x49,0xfe,0x49,0xfe,0x69,0xfe,0x49,0xfe,0x69,0xfe,0x69,0xfe,0x69,0xfe,0x69,0xfe,
    0x49,0xfe,0x69,0xfe,0x69,0xfe,0x69,0xfe,0x69,0xfe,0x49,0xfe,0x69,0xfe,0x69,0xfe,0x89,0xfe,0xaa,0xfe,0xaa,0xfe,0xaa,0xfe,0xaa,0xfe,0x89,0xfe,0x69,0xfe,0x69,0xfe,0x49,0xfe,0x69,0xfe,0x69,0xfe,0x69,0xfe,0x69,0xfe,0x49,0xfe,
    0x69,0xfe,0x8a,0xfe,0x49,0xfe,0x69,0xfe,0x69,0xfe,0x49,0xfe,0x69,0xfe,0xaa,0xfe,0xc8,0xed,0x85,0xbc,0x04,0xac,0x04,0xac,0x85,0xbc,0xc8,0xed,0xaa,0xfe,0x69,0xfe,0x49,0xfe,0x69,0xfe,0x69,0xfe,0x49,0xfe,0x8a,0xfe,0x69,0xfe,
    0x69,0xfe,0xaa,0xfe,0x69,0xfe,0x69,0xfe,0x49,0xfe,0x89,0xfe,0x49,0xfe,0xc3,0xa3,0xe0,0x59,0x80,0x51,0x80,0x51,0x80,0x51,0x80,0x51,0xe0,0x59,0xc3,0xa3,0x49,0xfe,0x89,0xfe,0x49,0xfe,0x69,0xfe,0x69,0xfe,0xaa,0xfe,0x69,0xfe,
    0x69,0xfe,0x69,0xfe,0x69,0xfe,0x49,0xfe,0x69,0xfe,0x09,0xf6,0xa1,0x7a,0xe0,0x59,0x42,0x8b,0x65,0xbc,0xe6,0xcc,0xe6,0xcc,0x65,0xbc,0x42,0x8b,0xe0,0x59,0xa1,0x7a,0x09,0xf6,0x69,0xfe,0x49,0xfe,0x69,0xfe,0x69,0xfe,0x69,0xfe,
    0x00,0x00,0x69,0xfe,0xea,0xfe,0x49,0xfe,0x8a,0xfe,0x83,0x9b,0x63,0x93,0xe8,0xed,0x8a,0xfe,0xaa,0xfe,0xaa,0xfe,0xaa,0xfe,0xaa,0xfe,0x8a,0xfe,0xe8,0xed,0x63,0x93,0x83,0x9b,0x8a,0xfe,0x49,0xfe,0xea,0xfe,0x69,0xfe,0x00,0x00,
    0xef,0xff,0x69,0xfe,0x69,0xfe,0xaa,0xfe,0x49,0xfe,0xe8,0xed,0x8a,0xfe,0x8a,0xfe,0x49,0xfe,0x49,0xfe,0x49,0xfe,0x49,0xfe,0x49,0xfe,0x49,0xfe,0x8a,0xfe,0x8a,0xfe,0xe8,0xed,0x49,0xfe,0xaa,0xfe,0x69,0xfe,0x69,0xfe,0xef,0xff,
    0xef,0xff,0x00,0x00,0x49,0xfe,0x89,0xfe,0xaa,0xfe,0x69,0xfe,0x49,0xfe,0x49,0xfe,0x69,0xfe,0x69,0xfe,0x69,0xfe,0x69,0xfe,0x69,0xfe,0x69,0xfe,0x49,0xfe,0x49,0xfe,0x69,0xfe,0xaa,0xfe,0x89,0xfe,0x49,0xfe,0x00,0x00,0xef,0xff,
    0x00,0x00,0xef,0xff,0x00,0x00,0x29,0xfe,0x89,0xfe,0xea,0xfe,0x69,0xfe,0x69,0xfe,0x69,0xfe,0x69,0xfe,0x69,0xfe,0x69,0xfe,0x69,0xfe,0x69,0xfe,0x69,0xfe,0x69,0xfe,0xea,0xfe,0x89,0xfe,0x29,0xfe,0x00,0x00,0xef,0xff,0x00,0x00,
    0x00,0x00,0x00,0x00,0x4a,0xfd,0x00,0x00,0x09,0xfe,0x89,0xfe,0x89,0xfe,0xaa,0xfe,0x89,0xfe,0x69,0xfe,0x69,0xfe,0x69,0xfe,0x69,0xfe,0x89,0xfe,0xaa,0xfe,0x89,0xfe,0x89,0xfe,0x09,0xfe,0x00,0x00,0x4a,0xfd,0x00,0x00,0x00,0x00,
    0x00,0x00,0x00,0x00,0x00,0x00,0x4a,0xfd,0x00,0x00,0x00,0x00,0x89,0xfe,0x69,0xfe,0x49,0xfe,0x49,0xfe,0x69,0xfe,0x69,0xfe,0x49,0xfe,0x49,0xfe,0x69,0xfe,0x89,0xfe,0x00,0x00,0x00,0x00,0x4a,0xfd,0x00,0x00,0x00,0x00,0x00,0x00,
    0x00,0x00,0x00,0x03,0x00,0x00,0x28,0x84,0xcb,0xf4,0xff,0xff,0xf4,0xcb,0x84,0x28,0x00,0x00,0x03,0x00,0x00,0x00,0x00,0x00,0x03,0x00,0x11,0x8f,0xf0,0xff,0xff,0xff,0xff,0xff,0xff,0xff,0xff,0xf0,0x8f,0x11,0x00,0x03,0x00,0x00,
    0x00,0x02,0x00,0x31,0xda,0xff,0xff,0xfc,0xfd,0xff,0xff,0xff,0xff,0xfd,0xfc,0xff,0xff,0xda,0x31,0x00,0x02,0x00,0x02,0x00,0x2f,0xed,0xff,0xfa,0xfe,0xff,0xff,0xff,0xff,0xff,0xff,0xff,0xff,0xfe,0xfa,0xff,0xed,0x2f,0x00,0x02,
    0x02,0x10,0xdd,0xff,0xfb,0xff,0xff,0xff,0xff,0xff,0xff,0xff,0xff,0xff,0xff,0xff,0xff,0xfb,0xff,0xdd,0x10,0x02,0x00,0x91,0xff,0xfb,0xff,0xff,0xff,0xff,0xff,0xff,0xff,0xff,0xff,0xff,0xff,0xff,0xff,0xff,0xfb,0xff,0x91,0x00,
    0x24,0xf5,0xfd,0xfe,0xff,0xff,0xff,0xff,0xff,0xff,0xff,0xff,0xff,0xff,0xff,0xff,0xff,0xff,0xfe,0xfd,0xf5,0x24,0x84,0xff,0xfc,0xff,0xff,0xff,0xff,0xff,0xff,0xff,0xff,0xff,0xff,0xff,0xff,0xff,0xff,0xff,0xff,0xfc,0xff,0x84,
    0xcb,0xfe,0xfd,0xff,0xff,0xff,0xff,0xff,0xff,0xff,0xff,0xff,0xff,0xff,0xff,0xff,0xff,0xff,0xff,0xfd,0xfe,0xcb,0xf4,0xff,0xff,0xff,0xff,0xff,0xff,0xff,0xff,0xff,0xff,0xff,0xff,0xff,0xff,0xff,0xff,0xff,0xff,0xff,0xff,0xf4,
    0xff,0xff,0xff,0xff,0xff,0xff,0xff,0xff,0xff,0xff,0xff,0xff,0xff,0xff,0xff,0xff,0xff,0xff,0xff,0xff,0xff,0xff,0xff,0xff,0xff,0xff,0xff,0xff,0xff,0xff,0xff,0xff,0xff,0xff,0xff,0xff,0xff,0xff,0xff,0xff,0xff,0xff,0xff,0xff,
    0xf4,0xff,0xff,0xff,0xff,0xff,0xff,0xff,0xff,0xff,0xff,0xff,0xff,0xff,0xff,0xff,0xff,0xff,0xff,0xff,0xff,0xf4,0xcb,0xfe,0xfd,0xff,0xff,0xff,0xff,0xff,0xff,0xff,0xff,0xff,0xff,0xff,0xff,0xff,0xff,0xff,0xff,0xfd,0xfe,0xcb,
    0x84,0xff,0xfc,0xff,0xff,0xff,0xff,0xff,0xff,0xff,0xff,0xff,0xff,0xff,0xff,0xff,0xff,0xff,0xff,0xfc,0xff,0x84,0x24,0xf5,0xfd,0xfe,0xff,0xff,0xff,0xff,0xff,0xff,0xff,0xff,0xff,0xff,0xff,0xff,0xff,0xff,0xfe,0xfd,0xf5,0x24,
    0x00,0x91,0xff,0xfb,0xff,0xff,0xff,0xff,0xff,0xff,0xff,0xff,0xff,0xff,0xff,0xff,0xff,0xff,0xfb,0xff,0x91,0x00,0x02,0x10,0xdd,0xff,0xfb,0xff,0xff,0xff,0xff,0xff,0xff,0xff,0xff,0xff,0xff,0xff,0xff,0xfb,0xff,0xdd,0x10,0x02,
    0x02,0x00,0x2f,0xed,0xff,0xfa,0xfe,0xff,0xff,0xff,0xff,0xff,0xff,0xff,0xff,0xfe,0xfa,0xff,0xed,0x2f,0x00,0x02,0x00,0x02,0x00,0x31,0xda,0xff,0xff,0xfc,0xfd,0xff,0xff,0xff,0xff,0xfd,0xfc,0xff,0xff,0xda,0x31,0x00,0x02,0x00,
    0x00,0x00,0x03,0x00,0x11,0x8f,0xf0,0xff,0xff,0xff,0xff,0xff,0xff,0xff,0xff,0xf0,0x8f,0x11,0x00,0x03,0x00,0x00,0x00,0x00,0x00,0x03,0x00,0x00,0x28,0x84,0xcb,0xf4,0xff,0xff,0xf4,0xcb,0x84,0x28,0x00,0x00,0x03,0x00,0x00,0x00,

};

const lv_image_dsc_t emoji_frown_22 = {
  .header.magic = LV_IMAGE_HEADER_MAGIC,
  .header.cf = LV_COLOR_FORMAT_RGB565A8,
  .header.flags = 0,
  .header.w = 22,
  .header.h = 22,
  .header.stride = 44,
  .data_size = sizeof(emoji_frown_22_map),
  .data = emoji_frown_22_map,
};




#ifndef LV_ATTRIBUTE_MEM_ALIGN
#define LV_ATTRIBUTE_MEM_ALIGN
#endif

#ifndef LV_ATTRIBUTE_EMOJI_LOUDLY_CRYING_22
#define LV_ATTRIBUTE_EMOJI_LOUDLY_CRYING_22
#endif

static const
LV_ATTRIBUTE_MEM_ALIGN LV_ATTRIBUTE_LARGE_CONST LV_ATTRIBUTE_EMOJI_LOUDLY_CRYING_22
uint8_t emoji_loudly_crying_22_map[] = {

    0x00,0x00,0x00,0x00,0x00,0x00,0x4a,0xfd,0x00,0x00,0x00,0x00,0x89,0xfe,0x69,0xfe,0x49,0xfe,0x49,0xfe,0x69,0xfe,0x69,0xfe,0x49,0xfe,0x49,0xfe,0x69,0xfe,0x89,0xfe,0x00,0x00,0x00,0x00,0x4a,0xfd,0x00,0x00,0x00,0x00,0x00,0x00,
    0x00,0x00,0x00,0x00,0x4a,0xfd,0x00,0x00,0x09,0xfe,0x89,0xfe,0x89,0xfe,0xaa,0xfe,0x89,0xfe,0x69,0xfe,0x69,0xfe,0x69,0xfe,0x69,0xfe,0x89,0xfe,0xaa,0xfe,0x89,0xfe,0x89,0xfe,0x09,0xfe,0x00,0x00,0x4a,0xfd,0x00,0x00,0x00,0x00,
    0x00,0x00,0xef,0xff,0x00,0x00,0x29,0xfe,0x89,0xfe,0xea,0xfe,0x69,0xfe,0x49,0xfe,0x49,0xfe,0x69,0xfe,0x69,0xfe,0x69,0xfe,0x69,0xfe,0x49,0xfe,0x49,0xfe,0x69,0xfe,0xea,0xfe,0x89,0xfe,0x29,0xfe,0x00,0x00,0xef,0xff,0x00,0x00,
    0xef,0xff,0x00,0x00,0x49,0xfe,0x89,0xfe,0xaa,0xfe,0x69,0xfe,0x49,0xfe,0x69,0xfe,0x69,0xfe,0x69,0xfe,0x69,0xfe,0x69,0xfe,0x69,0xfe,0x69,0xfe,0x69,0xfe,0x49,0xfe,0x69,0xfe,0xaa,0xfe,0x89,0xfe,0x49,0xfe,0x00,0x00,0xef,0xff,
    0xef,0xff,0x69,0xfe,0x69,0xfe,0xaa,0xfe,0x49,0xfe,0x49,0xfe,0x89,0xfe,0x29,0xfe,0x09,0xf6,0x69,0xfe,0x69,0xfe,0x69,0xfe,0x69,0xfe,0x09,0xf6,0x29,0xfe,0x89,0xfe,0x49,0xfe,0x49,0xfe,0xaa,0xfe,0x69,0xfe,0x69,0xfe,0xef,0xff,
    0x00,0x00,0x69,0xfe,0xea,0xfe,0x49,0xfe,0x49,0xfe,0xaa,0xfe,0x29,0xf6,0x61,0x72,0x04,0xac,0xaa,0xfe,0x49,0xfe,0x49,0xfe,0xaa,0xfe,0x04,0xac,0x61,0x72,0x29,0xf6,0xaa,0xfe,0x49,0xfe,0x49,0xfe,0xea,0xfe,0x69,0xfe,0x00,0x00,
    0x69,0xfe,0x69,0xfe,0x69,0xfe,0x69,0xfe,0xaa,0xfe,0xa8,0xe5,0x61,0x72,0x81,0x72,0xe8,0xed,0x69,0xfe,0x49,0xfe,0x49,0xfe,0x69,0xfe,0xe8,0xed,0x81,0x72,0x61,0x72,0xa8,0xe5,0xaa,0xfe,0x69,0xfe,0x69,0xfe,0x69,0xfe,0x69,0xfe,
    0x69,0xfe,0xaa,0xfe,0x69,0xfe,0xe8,0xed,0xc4,0xa3,0xc0,0x59,0x02,0x83,0x08,0xf6,0x69,0xfe,0x49,0xfe,0x69,0xfe,0x69,0xfe,0x49,0xfe,0x69,0xfe,0x08,0xf6,0x02,0x83,0xc0,0x59,0xc4,0xa3,0xe8,0xed,0x69,0xfe,0xaa,0xfe,0x69,0xfe,
    0x49,0xfe,0x8a,0xfe,0x49,0xfe,0xc1,0x7a,0x81,0x72,0xe6,0xc4,0xaa,0xfe,0xaa,0xfe,0xaa,0xfe,0x8a,0xfe,0x69,0xfe,0x69,0xfe,0x8a,0xfe,0xaa,0xfe,0xaa,0xfe,0xaa,0xfe,0xe6,0xc4,0x81,0x72,0xa1,0x7a,0x49,0xfe,0x8a,0xfe,0x49,0xfe,
    0x49,0xfe,0x69,0xfe,0x69,0xfe,0x67,0xdd,0x65,0xbc,0xa2,0xa3,0xc0,0x82,0xe1,0x82,0xc4,0x9b,0x87,0xe5,0x69,0xfe,0x69,0xfe,0x87,0xe5,0xc4,0xa3,0xe1,0x82,0xc0,0x82,0x82,0x9b,0x44,0xb4,0x87,0xdd,0x69,0xfe,0x69,0xfe,0x49,0xfe,
    0x69,0xfe,0x49,0xfe,0xaa,0xfe,0x67,0xdd,0x21,0x62,0xe9,0x5a,0x8f,0x53,0xc7,0x8b,0x80,0x72,0x42,0x93,0x89,0xfe,0x89,0xfe,0x63,0x93,0x60,0x72,0xa6,0x8b,0xaf,0x53,0x09,0x5b,0x21,0x62,0x47,0xdd,0xaa,0xfe,0x49,0xfe,0x69,0xfe,
    0x69,0xfe,0x69,0xfe,0x69,0xfe,0x48,0xfe,0x2c,0xe6,0xbe,0x65,0x9f,0x55,0x71,0xd6,0x88,0xfe,0x29,0xf6,0x8a,0xfe,0x8a,0xfe,0x29,0xf6,0x88,0xfe,0x71,0xd6,0x9f,0x55,0xbe,0x65,0x2c,0xe6,0x48,0xfe,0x69,0xfe,0x69,0xfe,0x69,0xfe,
    0x49,0xfe,0x69,0xfe,0x49,0xfe,0x69,0xfe,0x4c,0xee,0x7c,0x65,0x5e,0x55,0x10,0xc6,0x68,0xfe,0x8a,0xfe,0xc8,0xed,0xc8,0xed,0x8a,0xfe,0x68,0xfe,0x10,0xc6,0x5e,0x55,0x7c,0x65,0x4c,0xee,0x69,0xfe,0x49,0xfe,0x69,0xfe,0x49,0xfe,
    0x69,0xfe,0x8a,0xfe,0x69,0xfe,0x69,0xfe,0x4c,0xe6,0x7d,0x65,0x5e,0x55,0x10,0xce,0xa8,0xfe,0xc6,0xc4,0x20,0x62,0x20,0x62,0xc6,0xc4,0xa8,0xfe,0x10,0xce,0x5e,0x55,0x7d,0x65,0x4c,0xe6,0x69,0xfe,0x69,0xfe,0x8a,0xfe,0x69,0xfe,
    0x69,0xfe,0xaa,0xfe,0x49,0xfe,0x69,0xfe,0x4c,0xee,0x7d,0x65,0x5e,0x55,0x30,0xce,0x07,0xfe,0x40,0x62,0x00,0x5a,0x00,0x5a,0x40,0x62,0x07,0xfe,0x30,0xce,0x5e,0x55,0x7d,0x65,0x4c,0xee,0x69,0xfe,0x49,0xfe,0xaa,0xfe,0x69,0xfe,
    0x69,0xfe,0x69,0xfe,0x69,0xfe,0x69,0xfe,0x4c,0xee,0x7d,0x65,0x5e,0x55,0x51,0xd6,0xc4,0xcc,0x24,0x8a,0xaa,0xc2,0xaa,0xc2,0x24,0x8a,0xc4,0xcc,0x51,0xd6,0x5e,0x55,0x7d,0x65,0x4c,0xee,0x69,0xfe,0x69,0xfe,0x69,0xfe,0x69,0xfe,
    0x00,0x00,0x69,0xfe,0xea,0xfe,0x48,0xfe,0x4c,0xee,0x7d,0x65,0x5e,0x55,0x71,0xd6,0x63,0xbc,0x6c,0xca,0x10,0xfb,0x10,0xfb,0x6c,0xca,0x63,0xbc,0x71,0xd6,0x5e,0x55,0x7d,0x65,0x4c,0xee,0x48,0xfe,0xea,0xfe,0x69,0xfe,0x00,0x00,
    0xef,0xff,0x8b,0xfe,0x6a,0xfe,0xc9,0xfe,0x2c,0xe6,0x7d,0x65,0x5e,0x55,0x51,0xd6,0x45,0xdd,0x25,0x8a,0x4a,0xb2,0x4a,0xb2,0x25,0x8a,0x45,0xdd,0x51,0xd6,0x5e,0x55,0x7d,0x65,0x2c,0xe6,0xc9,0xfe,0x6a,0xfe,0x8b,0xfe,0xef,0xff,
    0xd3,0x9c,0x00,0x00,0x66,0xfe,0x88,0xfe,0x6b,0xf6,0x7d,0x5d,0x5f,0x55,0x0f,0xd6,0xa7,0xfe,0x85,0xe5,0xe4,0xcc,0xe4,0xcc,0x85,0xe5,0xa7,0xfe,0x0f,0xd6,0x5f,0x55,0x7d,0x5d,0x6b,0xf6,0x88,0xfe,0x66,0xfe,0x00,0x00,0xd3,0x9c,
    0x00,0x00,0xe0,0xff,0x3f,0x1d,0xf1,0xbd,0x31,0xc6,0x7d,0x5d,0x5e,0x55,0xd6,0x9d,0xf1,0xb5,0x33,0xbe,0x53,0xc6,0x53,0xc6,0x33,0xbe,0xf1,0xb5,0xd6,0x9d,0x5e,0x55,0x7d,0x5d,0x31,0xce,0xf1,0xbd,0x3f,0x1d,0xe0,0xff,0x00,0x00,
    0x5d,0x5d,0x7d,0x5d,0x7d,0x5d,0x9e,0x5d,0x7e,0x5d,0x9e,0x5d,0x7d,0x5d,0x7e,0x55,0x5f,0x55,0x5e,0x55,0x5e,0x4d,0x5e,0x4d,0x5e,0x55,0x5f,0x55,0x7e,0x55,0x7d,0x5d,0x9e,0x5d,0x7e,0x5d,0x9e,0x5d,0x7d,0x5d,0x7d,0x5d,0x5d,0x5d,
    0x7d,0x5d,0x7d,0x5d,0x7d,0x5d,0x7d,0x5d,0x7d,0x5d,0x7d,0x5d,0x7d,0x5d,0x7d,0x5d,0x7d,0x65,0x7d,0x65,0x7d,0x65,0x7d,0x65,0x7d,0x65,0x7d,0x65,0x7d,0x5d,0x7d,0x5d,0x7d,0x5d,0x7d,0x5d,0x7d,0x5d,0x7d,0x5d,0x7d,0x5d,0x7d,0x5d,
    0x00,0x00,0x00,0x03,0x00,0x00,0x28,0x84,0xcb,0xf4,0xff,0xff,0xf4,0xcb,0x84,0x28,0x00,0x00,0x03,0x00,0x00,0x00,0x00,0x00,0x03,0x00,0x11,0x8f,0xf0,0xff,0xff,0xff,0xff,0xff,0xff,0xff,0xff,0xf0,0x8f,0x11,0x00,0x03,0x00,0x00,
    0x00,0x02,0x00,0x31,0xda,0xff,0xff,0xfc,0xfd,0xff,0xff,0xff,0xff,0xfd,0xfc,0xff,0xff,0xda,0x31,0x00,0x02,0x00,0x02,0x00,0x2f,0xed,0xff,0xfa,0xfe,0xff,0xff,0xff,0xff,0xff,0xff,0xff,0xff,0xfe,0xfa,0xff,0xed,0x2f,0x00,0x02,
    0x02,0x10,0xdd,0xff,0xfb,0xff,0xff,0xff,0xff,0xff,0xff,0xff,0xff,0xff,0xff,0xff,0xff,0xfb,0xff,0xdd,0x10,0x02,0x00,0x91,0xff,0xfb,0xff,0xff,0xff,0xff,0xff,0xff,0xff,0xff,0xff,0xff,0xff,0xff,0xff,0xff,0xfb,0xff,0x91,0x00,
    0x24,0xf5,0xfd,0xfe,0xff,0xff,0xff,0xff,0xff,0xff,0xff,0xff,0xff,0xff,0xff,0xff,0xff,0xff,0xfe,0xfd,0xf5,0x24,0x84,0xff,0xfc,0xff,0xff,0xff,0xff,0xff,0xff,0xff,0xff,0xff,0xff,0xff,0xff,0xff,0xff,0xff,0xff,0xfc,0xff,0x84,
    0xcb,0xfe,0xfd,0xff,0xff,0xff,0xff,0xff,0xff,0xff,0xff,0xff,0xff,0xff,0xff,0xff,0xff,0xff,0xff,0xfd,0xfe,0xcb,0xf4,0xff,0xff,0xff,0xff,0xff,0xff,0xff,0xff,0xff,0xff,0xff,0xff,0xff,0xff,0xff,0xff,0xff,0xff,0xff,0xff,0xf4,
    0xff,0xff,0xff,0xff,0xff,0xff,0xff,0xff,0xff,0xff,0xff,0xff,0xff,0xff,0xff,0xff,0xff,0xff,0xff,0xff,0xff,0xff,0xff,0xff,0xff,0xff,0xff,0xff,0xff,0xff,0xff,0xff,0xff,0xff,0xff,0xff,0xff,0xff,0xff,0xff,0xff,0xff,0xff,0xff,
    0xf4,0xff,0xff,0xff,0xff,0xff,0xff,0xff,0xff,0xff,0xff,0xff,0xff,0xff,0xff,0xff,0xff,0xff,0xff,0xff,0xff,0xf4,0xcb,0xfe,0xfd,0xff,0xff,0xff,0xff,0xff,0xff,0xff,0xff,0xff,0xff,0xff,0xff,0xff,0xff,0xff,0xff,0xfd,0xfe,0xcb,
    0x84,0xff,0xfc,0xff,0xff,0xff,0xff,0xff,0xff,0xff,0xff,0xff,0xff,0xff,0xff,0xff,0xff,0xff,0xff,0xfc,0xff,0x84,0x24,0xf5,0xfd,0xfe,0xff,0xff,0xff,0xff,0xff,0xff,0xff,0xff,0xff,0xff,0xff,0xff,0xff,0xff,0xfe,0xfd,0xf5,0x24,
    0x00,0x91,0xff,0xfb,0xff,0xff,0xff,0xff,0xff,0xff,0xff,0xff,0xff,0xff,0xff,0xff,0xff,0xff,0xfb,0xff,0x91,0x00,0x02,0x11,0xdf,0xff,0xfd,0xff,0xff,0xff,0xff,0xff,0xff,0xff,0xff,0xff,0xff,0xff,0xff,0xfd,0xff,0xdf,0x11,0x02,
    0x05,0x00,0x29,0xe3,0xff,0xfe,0xff,0xff,0xff,0xff,0xff,0xff,0xff,0xff,0xff,0xff,0xfe,0xff,0xe3,0x29,0x00,0x05,0x00,0x01,0x11,0x5d,0xf5,0xfd,0xfe,0xff,0xff,0xff,0xff,0xff,0xff,0xff,0xff,0xfe,0xfd,0xf5,0x5d,0x11,0x01,0x00,
    0x9f,0xe5,0xff,0xff,0xff,0xff,0xff,0xff,0xff,0xff,0xff,0xff,0xff,0xff,0xff,0xff,0xff,0xff,0xff,0xff,0xe5,0x9f,0x4b,0x80,0xa7,0xc3,0xd5,0xe5,0xef,0xfc,0xff,0xff,0xff,0xff,0xff,0xff,0xfc,0xef,0xe4,0xd6,0xc3,0xa7,0x80,0x4b,

};

const lv_image_dsc_t emoji_loudly_crying_22 = {
  .header.magic = LV_IMAGE_HEADER_MAGIC,
  .header.cf = LV_COLOR_FORMAT_RGB565A8,
  .header.flags = 0,
  .header.w = 22,
  .header.h = 22,
  .header.stride = 44,
  .data_size = sizeof(emoji_loudly_crying_22_map),
  .data = emoji_loudly_crying_22_map,
};




#ifndef LV_ATTRIBUTE_MEM_ALIGN
#define LV_ATTRIBUTE_MEM_ALIGN
#endif

#ifndef LV_ATTRIBUTE_EMOJI_GRIMACE_22
#define LV_ATTRIBUTE_EMOJI_GRIMACE_22
#endif

static const
LV_ATTRIBUTE_MEM_ALIGN LV_ATTRIBUTE_LARGE_CONST LV_ATTRIBUTE_EMOJI_GRIMACE_22
uint8_t emoji_grimace_22_map[] = {

    0x00,0x00,0x00,0x00,0x00,0x00,0x4a,0xfd,0x00,0x00,0x00,0x00,0x89,0xfe,0x69,0xfe,0x49,0xfe,0x49,0xfe,0x69,0xfe,0x69,0xfe,0x49,0xfe,0x49,0xfe,0x69,0xfe,0x89,0xfe,0x00,0x00,0x00,0x00,0x4a,0xfd,0x00,0x00,0x00,0x00,0x00,0x00,
    0x00,0x00,0x00,0x00,0x4a,0xfd,0x00,0x00,0x09,0xfe,0x89,0xfe,0x89,0xfe,0xaa,0xfe,0x89,0xfe,0x69,0xfe,0x69,0xfe,0x69,0xfe,0x69,0xfe,0x89,0xfe,0xaa,0xfe,0x89,0xfe,0x89,0xfe,0x09,0xfe,0x00,0x00,0x4a,0xfd,0x00,0x00,0x00,0x00,
    0x00,0x00,0xef,0xff,0x00,0x00,0x29,0xfe,0x89,0xfe,0xea,0xfe,0x69,0xfe,0x49,0xfe,0x69,0xfe,0x69,0xfe,0x69,0xfe,0x69,0xfe,0x69,0xfe,0x69,0xfe,0x49,0xfe,0x69,0xfe,0xea,0xfe,0x89,0xfe,0x29,0xfe,0x00,0x00,0xef,0xff,0x00,0x00,
    0xef,0xff,0x00,0x00,0x49,0xfe,0x89,0xfe,0xaa,0xfe,0x69,0xfe,0x49,0xfe,0x69,0xfe,0x69,0xfe,0x69,0xfe,0x69,0xfe,0x69,0xfe,0x69,0xfe,0x69,0xfe,0x69,0xfe,0x49,0xfe,0x69,0xfe,0xaa,0xfe,0x89,0xfe,0x49,0xfe,0x00,0x00,0xef,0xff,
    0xef,0xff,0x69,0xfe,0x69,0xfe,0xaa,0xfe,0x49,0xfe,0x69,0xfe,0x49,0xfe,0x69,0xfe,0x49,0xfe,0x69,0xfe,0x69,0xfe,0x69,0xfe,0x69,0xfe,0x49,0xfe,0x69,0xfe,0x49,0xfe,0x69,0xfe,0x49,0xfe,0xaa,0xfe,0x69,0xfe,0x69,0xfe,0xef,0xff,
    0x00,0x00,0x69,0xfe,0xea,0xfe,0x49,0xfe,0x69,0xfe,0x69,0xfe,0x89,0xfe,0x69,0xfe,0x89,0xfe,0x69,0xfe,0x69,0xfe,0x69,0xfe,0x69,0xfe,0x89,0xfe,0x69,0xfe,0x89,0xfe,0x69,0xfe,0x69,0xfe,0x49,0xfe,0xea,0xfe,0x69,0xfe,0x00,0x00,
    0x69,0xfe,0x69,0xfe,0x69,0xfe,0x49,0xfe,0x49,0xfe,0x8a,0xfe,0x24,0xac,0x81,0x72,0x27,0xd5,0x8a,0xfe,0x49,0xfe,0x49,0xfe,0x8a,0xfe,0x27,0xd5,0x81,0x72,0x24,0xac,0x8a,0xfe,0x49,0xfe,0x49,0xfe,0x69,0xfe,0x69,0xfe,0x69,0xfe,
    0x69,0xfe,0xaa,0xfe,0x69,0xfe,0x49,0xfe,0x8a,0xfe,0xa8,0xe5,0x00,0x62,0xc0,0x59,0x02,0x83,0x89,0xfe,0x49,0xfe,0x49,0xfe,0x89,0xfe,0x02,0x83,0xc0,0x51,0x00,0x62,0xa8,0xe5,0x8a,0xfe,0x49,0xfe,0x69,0xfe,0xaa,0xfe,0x69,0xfe,
    0x69,0xfe,0x8a,0xfe,0x49,0xfe,0x49,0xfe,0x8a,0xfe,0x67,0xdd,0x00,0x62,0x20,0x62,0xc1,0x7a,0x69,0xfe,0x69,0xfe,0x69,0xfe,0x69,0xfe,0xc1,0x7a,0x20,0x62,0x00,0x62,0x67,0xdd,0x8a,0xfe,0x49,0xfe,0x49,0xfe,0x8a,0xfe,0x69,0xfe,
    0x49,0xfe,0x69,0xfe,0x69,0xfe,0x69,0xfe,0x69,0xfe,0x29,0xf6,0xa1,0x7a,0x80,0x49,0xe4,0xa3,0x8a,0xfe,0x49,0xfe,0x49,0xfe,0x8a,0xfe,0xe4,0xa3,0x80,0x49,0xa1,0x7a,0x29,0xf6,0x69,0xfe,0x69,0xfe,0x69,0xfe,0x69,0xfe,0x49,0xfe,
    0x69,0xfe,0x69,0xfe,0x69,0xfe,0x69,0xfe,0x49,0xfe,0x69,0xfe,0xa8,0xe5,0xa6,0xc4,0x29,0xfe,0x69,0xfe,0x49,0xfe,0x49,0xfe,0x69,0xfe,0x29,0xfe,0xa6,0xc4,0xa8,0xe5,0x69,0xfe,0x49,0xfe,0x69,0xfe,0x69,0xfe,0x69,0xfe,0x69,0xfe,
    0x69,0xfe,0x69,0xfe,0x69,0xfe,0x49,0xfe,0x69,0xfe,0xaa,0xfe,0xca,0xfe,0xea,0xfe,0xaa,0xfe,0x8a,0xfe,0xaa,0xfe,0xaa,0xfe,0x8a,0xfe,0xaa,0xfe,0xea,0xfe,0xca,0xfe,0xaa,0xfe,0x69,0xfe,0x49,0xfe,0x69,0xfe,0x69,0xfe,0x69,0xfe,
    0x49,0xfe,0x69,0xfe,0x49,0xfe,0x69,0xfe,0x29,0xf6,0xc3,0xa3,0xa0,0x7a,0xe1,0x82,0xa0,0x7a,0xe1,0x82,0xa0,0x7a,0xa0,0x7a,0xe1,0x82,0xa0,0x7a,0xe1,0x82,0xa0,0x7a,0xc3,0xa3,0x29,0xf6,0x69,0xfe,0x49,0xfe,0x69,0xfe,0x49,0xfe,
    0x69,0xfe,0x8a,0xfe,0x69,0xfe,0x69,0xfe,0x02,0x83,0x84,0x6a,0xae,0xa4,0x67,0x83,0x72,0xbd,0x88,0x8b,0xef,0xac,0xef,0xac,0x88,0x8b,0x72,0xbd,0x67,0x83,0xae,0xa4,0x84,0x6a,0x02,0x83,0x69,0xfe,0x69,0xfe,0x8a,0xfe,0x69,0xfe,
    0x69,0xfe,0xaa,0xfe,0x8a,0xfe,0x26,0xd5,0xe0,0x59,0x35,0xd6,0x1a,0xef,0x6c,0xa4,0x9d,0xf7,0xad,0xac,0xd9,0xde,0xd9,0xde,0xad,0xac,0x9d,0xf7,0x6c,0xa4,0x3b,0xef,0x56,0xd6,0xe0,0x59,0x27,0xd5,0x8a,0xfe,0xaa,0xfe,0x69,0xfe,
    0x69,0xfe,0x49,0xfe,0xca,0xfe,0xc5,0xc4,0x00,0x62,0x0f,0xb5,0x8d,0xa4,0x46,0x83,0xce,0xac,0x66,0x83,0x6c,0xa4,0x6c,0xa4,0x66,0x83,0xce,0xac,0x25,0x83,0x2b,0x9c,0xad,0xac,0x00,0x62,0xc6,0xc4,0xca,0xfe,0x49,0xfe,0x69,0xfe,
    0x00,0x00,0x49,0xfe,0x0a,0xff,0xa8,0xe5,0xe0,0x59,0x72,0xbd,0x9d,0xf7,0xce,0xac,0xff,0xff,0x30,0xb5,0x7c,0xf7,0x7c,0xf7,0x30,0xb5,0xff,0xff,0xce,0xac,0x9c,0xf7,0x51,0xbd,0xe0,0x59,0xa8,0xe5,0x0a,0xff,0x49,0xfe,0x00,0x00,
    0xef,0xff,0x69,0xfe,0x69,0xfe,0xea,0xfe,0x85,0xbc,0xc0,0x59,0x41,0x62,0x41,0x62,0xa3,0x6a,0x21,0x62,0x82,0x6a,0x82,0x6a,0x21,0x62,0xa3,0x6a,0x41,0x62,0x41,0x62,0xe0,0x59,0x85,0xbc,0xea,0xfe,0x69,0xfe,0x69,0xfe,0xef,0xff,
    0xef,0xff,0x00,0x00,0x49,0xfe,0x89,0xfe,0xea,0xfe,0xa8,0xe5,0xc5,0xc4,0xe5,0xcc,0xc5,0xc4,0xe5,0xcc,0xc5,0xcc,0xc5,0xcc,0xe5,0xcc,0xc5,0xc4,0xe6,0xcc,0xc5,0xc4,0xa8,0xe5,0xea,0xfe,0x89,0xfe,0x49,0xfe,0x00,0x00,0xef,0xff,
    0x00,0x00,0xef,0xff,0x00,0x00,0x29,0xfe,0x89,0xfe,0x0a,0xff,0xca,0xfe,0xaa,0xfe,0xaa,0xfe,0xaa,0xfe,0xaa,0xfe,0xaa,0xfe,0xaa,0xfe,0xaa,0xfe,0xaa,0xfe,0xca,0xfe,0x0a,0xff,0x89,0xfe,0x29,0xfe,0x00,0x00,0xef,0xff,0x00,0x00,
    0x00,0x00,0x00,0x00,0x4a,0xfd,0x00,0x00,0x09,0xfe,0x69,0xfe,0x69,0xfe,0xaa,0xfe,0x89,0xfe,0x49,0xfe,0x49,0xfe,0x49,0xfe,0x49,0xfe,0x89,0xfe,0xaa,0xfe,0x69,0xfe,0x69,0xfe,0x09,0xfe,0x00,0x00,0x4a,0xfd,0x00,0x00,0x00,0x00,
    0x00,0x00,0x00,0x00,0x00,0x00,0x4a,0xfd,0x00,0x00,0x00,0x00,0x89,0xfe,0x69,0xfe,0x49,0xfe,0x49,0xfe,0x69,0xfe,0x69,0xfe,0x49,0xfe,0x49,0xfe,0x69,0xfe,0x89,0xfe,0x00,0x00,0x00,0x00,0x4a,0xfd,0x00,0x00,0x00,0x00,0x00,0x00,
    0x00,0x00,0x00,0x03,0x00,0x00,0x28,0x84,0xcb,0xf4,0xff,0xff,0xf4,0xcb,0x84,0x28,0x00,0x00,0x03,0x00,0x00,0x00,0x00,0x00,0x03,0x00,0x11,0x8f,0xf0,0xff,0xff,0xff,0xff,0xff,0xff,0xff,0xff,0xf0,0x8f,0x11,0x00,0x03,0x00,0x00,
    0x00,0x02,0x00,0x31,0xda,0xff,0xff,0xfc,0xfd,0xff,0xff,0xff,0xff,0xfd,0xfc,0xff,0xff,0xda,0x31,0x00,0x02,0x00,0x02,0x00,0x2f,0xed,0xff,0xfa,0xfe,0xff,0xff,0xff,0xff,0xff,0xff,0xff,0xff,0xfe,0xfa,0xff,0xed,0x2f,0x00,0x02,
    0x02,0x10,0xdd,0xff,0xfb,0xff,0xff,0xff,0xff,0xff,0xff,0xff,0xff,0xff,0xff,0xff,0xff,0xfb,0xff,0xdd,0x10,0x02,0x00,0x91,0xff,0xfb,0xff,0xff,0xff,0xff,0xff,0xff,0xff,0xff,0xff,0xff,0xff,0xff,0xff,0xff,0xfb,0xff,0x91,0x00,
    0x24,0xf5,0xfd,0xfe,0xff,0xff,0xff,0xff,0xff,0xff,0xff,0xff,0xff,0xff,0xff,0xff,0xff,0xff,0xfe,0xfd,0xf5,0x24,0x84,0xff,0xfc,0xff,0xff,0xff,0xff,0xff,0xff,0xff,0xff,0xff,0xff,0xff,0xff,0xff,0xff,0xff,0xff,0xfc,0xff,0x84,
    0xcb,0xfe,0xfd,0xff,0xff,0xff,0xff,0xff,0xff,0xff,0xff,0xff,0xff,0xff,0xff,0xff,0xff,0xff,0xff,0xfd,0xfe,0xcb,0xf4,0xff,0xff,0xff,0xff,0xff,0xff,0xff,0xff,0xff,0xff,0xff,0xff,0xff,0xff,0xff,0xff,0xff,0xff,0xff,0xff,0xf4,
    0xff,0xff,0xff,0xff,0xff,0xff,0xff,0xff,0xff,0xff,0xff,0xff,0xff,0xff,0xff,0xff,0xff,0xff,0xff,0xff,0xff,0xff,0xff,0xff,0xff,0xff,0xff,0xff,0xff,0xff,0xff,0xff,0xff,0xff,0xff,0xff,0xff,0xff,0xff,0xff,0xff,0xff,0xff,0xff,
    0xf4,0xff,0xff,0xff,0xff,0xff,0xff,0xff,0xff,0xff,0xff,0xff,0xff,0xff,0xff,0xff,0xff,0xff,0xff,0xff,0xff,0xf4,0xcb,0xfe,0xfd,0xff,0xff,0xff,0xff,0xff,0xff,0xff,0xff,0xff,0xff,0xff,0xff,0xff,0xff,0xff,0xff,0xfd,0xfe,0xcb,
    0x84,0xff,0xfc,0xff,0xff,0xff,0xff,0xff,0xff,0xff,0xff,0xff,0xff,0xff,0xff,0xff,0xff,0xff,0xff,0xfc,0xff,0x84,0x24,0xf5,0xfd,0xfe,0xff,0xff,0xff,0xff,0xff,0xff,0xff,0xff,0xff,0xff,0xff,0xff,0xff,0xff,0xfe,0xfd,0xf5,0x24,
    0x00,0x91,0xff,0xfb,0xff,0xff,0xff,0xff,0xff,0xff,0xff,0xff,0xff,0xff,0xff,0xff,0xff,0xff,0xfb,0xff,0x91,0x00,0x02,0x10,0xdd,0xff,0xfb,0xff,0xff,0xff,0xff,0xff,0xff,0xff,0xff,0xff,0xff,0xff,0xff,0xfb,0xff,0xdd,0x10,0x02,
    0x02,0x00,0x2f,0xed,0xff,0xfa,0xfe,0xff,0xff,0xff,0xff,0xff,0xff,0xff,0xff,0xfe,0xfa,0xff,0xed,0x2f,0x00,0x02,0x00,0x02,0x00,0x31,0xda,0xff,0xff,0xfc,0xfd,0xff,0xff,0xff,0xff,0xfd,0xfc,0xff,0xff,0xda,0x31,0x00,0x02,0x00,
    0x00,0x00,0x03,0x00,0x11,0x8f,0xf0,0xff,0xff,0xff,0xff,0xff,0xff,0xff,0xff,0xf0,0x8f,0x11,0x00,0x03,0x00,0x00,0x00,0x00,0x00,0x03,0x00,0x00,0x28,0x84,0xcb,0xf4,0xff,0xff,0xf4,0xcb,0x84,0x28,0x00,0x00,0x03,0x00,0x00,0x00,

};

const lv_image_dsc_t emoji_grimace_22 = {
  .header.magic = LV_IMAGE_HEADER_MAGIC,
  .header.cf = LV_COLOR_FORMAT_RGB565A8,
  .header.flags = 0,
  .header.w = 22,
  .header.h = 22,
  .header.stride = 44,
  .data_size = sizeof(emoji_grimace_22_map),
  .data = emoji_grimace_22_map,
};




#ifndef LV_ATTRIBUTE_MEM_ALIGN
#define LV_ATTRIBUTE_MEM_ALIGN
#endif

#ifndef LV_ATTRIBUTE_EMOJI_ZANY_FACE_22
#define LV_ATTRIBUTE_EMOJI_ZANY_FACE_22
#endif

static const
LV_ATTRIBUTE_MEM_ALIGN LV_ATTRIBUTE_LARGE_CONST LV_ATTRIBUTE_EMOJI_ZANY_FACE_22
uint8_t emoji_zany_face_22_map[] = {

    0x00,0x00,0x00,0x00,0x00,0x00,0x4a,0xfd,0x00,0x00,0x00,0x00,0x49,0xfe,0x69,0xfe,0x49,0xfe,0x49,0xfe,0x49,0xfe,0x69,0xfe,0x49,0xfe,0x69,0xfe,0x6a,0xfe,0x8c,0xfe,0x00,0x00,0x00,0x00,0x4a,0xfd,0x00,0x00,0x00,0x00,0x00,0x00,
    0x00,0x00,0x00,0x00,0x4a,0xfd,0x00,0x00,0xc8,0xfd,0x69,0xfe,0x89,0xfe,0xaa,0xfe,0x89,0xfe,0x69,0xfe,0x49,0xfe,0x49,0xfe,0x48,0xfe,0x89,0xfe,0xa9,0xfe,0x68,0xfe,0x69,0xfe,0xeb,0xfd,0x00,0x00,0x4a,0xfd,0x00,0x00,0x00,0x00,
    0x00,0x00,0xef,0xff,0x00,0x00,0x29,0xfe,0x89,0xfe,0xca,0xfe,0x69,0xfe,0x49,0xfe,0x49,0xfe,0x49,0xfe,0x48,0xfe,0x8c,0xfe,0x15,0xf7,0x59,0xf7,0x59,0xf7,0x13,0xff,0xea,0xfe,0x69,0xfe,0x2a,0xfe,0x00,0x00,0xef,0xff,0x00,0x00,
    0xef,0xff,0x00,0x00,0x49,0xfe,0x89,0xfe,0xa9,0xfe,0x49,0xfe,0x49,0xfe,0x49,0xfe,0x49,0xfe,0x48,0xfe,0xad,0xfe,0xbd,0xf7,0xff,0xff,0xff,0xff,0xff,0xff,0xdf,0xf7,0x7b,0xf7,0xab,0xfe,0x69,0xfe,0x4a,0xfe,0x00,0x00,0xef,0xff,
    0xef,0xff,0x09,0xfe,0x69,0xfe,0xaa,0xfe,0x49,0xfe,0x69,0xfe,0x49,0xfe,0x49,0xfe,0x49,0xfe,0x49,0xfe,0x7a,0xf7,0xff,0xff,0xdb,0xde,0x10,0x7c,0x18,0xbe,0xdf,0xff,0xdf,0xf7,0x36,0xff,0x88,0xfe,0x69,0xfe,0x09,0xfe,0xef,0xff,
    0x00,0x00,0x49,0xfe,0xea,0xfe,0x49,0xfe,0x69,0xfe,0x48,0xfe,0x48,0xfe,0x49,0xfe,0x48,0xfe,0xae,0xfe,0xbf,0xf7,0xff,0xff,0xcf,0x73,0x21,0x00,0x29,0x42,0xbe,0xf7,0xdf,0xf7,0x9c,0xf7,0x6a,0xfe,0xea,0xfe,0x49,0xfe,0x00,0x00,
    0x6a,0xfe,0x49,0xfe,0x69,0xfe,0x49,0xfe,0x48,0xfe,0x6c,0xfe,0x8d,0xfe,0x6a,0xfe,0x27,0xfe,0xd0,0xfe,0xbf,0xf7,0xff,0xff,0xd7,0xb5,0xe8,0x39,0x72,0x8c,0xdf,0xff,0xbf,0xf7,0xbe,0xf7,0x6b,0xfe,0x69,0xfe,0x69,0xfe,0x6a,0xfe,
    0x49,0xfe,0xaa,0xfe,0x49,0xfe,0x48,0xfe,0xf3,0xfe,0xff,0xff,0xff,0xff,0x9b,0xff,0x6a,0xfe,0x8c,0xfe,0xdf,0xf7,0xbf,0xf7,0xff,0xff,0x9e,0xef,0xff,0xff,0xdf,0xf7,0xdf,0xf7,0x9b,0xf7,0x69,0xfe,0x49,0xfe,0xaa,0xfe,0x49,0xfe,
    0x49,0xfe,0x8a,0xfe,0x48,0xfe,0x6c,0xfe,0xff,0xff,0x18,0xbe,0xb2,0x94,0x9f,0xef,0x56,0xff,0x27,0xfe,0x58,0xff,0xdf,0xf7,0xbe,0xf7,0xdf,0xf7,0xbe,0xf7,0xbe,0xf7,0xdf,0xf7,0xf2,0xfe,0x48,0xfe,0x49,0xfe,0x89,0xfe,0x49,0xfe,
    0x49,0xfe,0x69,0xfe,0x48,0xfe,0xae,0xfe,0x9e,0xef,0xe7,0x39,0x20,0x00,0xf4,0x94,0xda,0xff,0x27,0xfe,0x6a,0xfe,0x79,0xf7,0xdf,0xf7,0xdf,0xf7,0xdf,0xf7,0xbf,0xf7,0x36,0xff,0x69,0xfe,0x49,0xfe,0x49,0xfe,0x69,0xfe,0x49,0xfe,
    0x49,0xfe,0x49,0xfe,0x49,0xfe,0x49,0xfe,0x9a,0xff,0x53,0x84,0x4a,0x42,0x9b,0xce,0x11,0xff,0x28,0xfe,0x49,0xfe,0x49,0xfe,0xaf,0xfe,0x14,0xff,0x34,0xff,0x0e,0xff,0x08,0xfe,0x09,0xf6,0x69,0xfe,0x49,0xfe,0x49,0xfe,0x49,0xfe,
    0x49,0xfe,0x49,0xfe,0x49,0xfe,0x48,0xfe,0x8b,0xfe,0x36,0xff,0x37,0xf7,0xf1,0xfe,0x48,0xfe,0x69,0xfe,0x69,0xfe,0x8a,0xfe,0xa9,0xfe,0x68,0xfe,0x87,0xe5,0xc3,0xa3,0x42,0x6a,0xc4,0x7a,0x29,0xf6,0x69,0xfe,0x49,0xfe,0x69,0xfe,
    0x49,0xfe,0x69,0xfe,0x49,0xfe,0x49,0xfe,0x49,0xfe,0x68,0xfe,0x88,0xfe,0x68,0xfe,0x8a,0xfe,0x49,0xfe,0xc8,0xed,0x07,0xcd,0xe5,0xa3,0xa3,0x7a,0x02,0x5a,0x4a,0x7b,0xd0,0xac,0x03,0x62,0x68,0xdd,0x89,0xfe,0x49,0xfe,0x49,0xfe,
    0x49,0xfe,0x89,0xfe,0x49,0xfe,0x69,0xfe,0x29,0xfe,0x06,0xac,0x24,0x8b,0xe3,0x82,0x82,0x7a,0x62,0x72,0x43,0x6a,0x85,0x6a,0x6a,0x83,0xf1,0xac,0xfa,0xe6,0xff,0xff,0x0c,0x94,0xe2,0x59,0xa8,0xed,0x69,0xfe,0x89,0xfe,0x49,0xfe,
    0x49,0xfe,0xaa,0xfe,0x49,0xfe,0x89,0xfe,0xa8,0xe5,0xc2,0x59,0x0c,0x94,0x32,0xad,0x53,0xb5,0x16,0xce,0xfa,0xe6,0xde,0xff,0xff,0xff,0xff,0xff,0x7d,0xf7,0xca,0x8b,0xa1,0x51,0x04,0x83,0x49,0xfe,0x49,0xfe,0xaa,0xfe,0x49,0xfe,
    0x69,0xfe,0x69,0xfe,0x69,0xfe,0x49,0xfe,0x49,0xfe,0xc3,0x72,0xe9,0x92,0x19,0xfe,0x9e,0xff,0xff,0xff,0xdf,0xff,0x7e,0xff,0x7a,0xf6,0xd4,0xec,0x85,0x72,0xe1,0x59,0x03,0x5a,0xe7,0xcc,0x89,0xfe,0x69,0xfe,0x69,0xfe,0x6a,0xfe,
    0x00,0x00,0x49,0xfe,0xea,0xfe,0x49,0xfe,0x89,0xfe,0x27,0xcd,0x25,0x82,0x6c,0xea,0xcd,0xe2,0x0e,0xe3,0x6c,0xe2,0xee,0xea,0x8d,0xea,0x6c,0xe2,0x24,0x72,0xe2,0x51,0xc5,0xa3,0x89,0xfe,0x49,0xfe,0xea,0xfe,0x49,0xfe,0x00,0x00,
    0xef,0xfb,0x28,0xfe,0x69,0xfe,0xa9,0xfe,0x49,0xfe,0xa9,0xfe,0xca,0xe4,0xae,0xe2,0xcd,0xea,0x8c,0xe2,0xc9,0xd9,0xad,0xea,0xce,0xea,0xcd,0xe2,0x44,0x72,0x26,0xac,0x69,0xfe,0x49,0xfe,0xa9,0xfe,0x69,0xfe,0x09,0xfe,0xef,0xff,
    0xef,0xff,0x00,0x00,0x49,0xfe,0x89,0xfe,0x8a,0xfe,0x89,0xfe,0x6a,0xfd,0x8e,0xe2,0xed,0xea,0xad,0xe2,0xea,0xe1,0xcd,0xea,0xcd,0xea,0xcd,0xe2,0x49,0xe5,0xa9,0xfe,0x49,0xfe,0x89,0xfe,0x89,0xfe,0x49,0xfe,0x00,0x00,0xef,0xff,
    0x00,0x00,0x4a,0xfd,0x00,0x00,0x29,0xfe,0x69,0xfe,0x0a,0xff,0xaa,0xfd,0x8d,0xe2,0xcd,0xea,0xad,0xe2,0x6c,0xe2,0xcd,0xea,0xad,0xe2,0x0d,0xeb,0x49,0xfe,0x69,0xfe,0xca,0xfe,0x89,0xfe,0x29,0xfe,0x00,0x00,0xef,0xff,0x00,0x00,
    0x00,0x00,0x00,0x00,0x4a,0xfd,0x00,0x00,0xc8,0xfd,0x69,0xfe,0xa9,0xfe,0x4c,0xfc,0xae,0xea,0xcd,0xea,0xce,0xea,0xcd,0xe2,0x8e,0xea,0xeb,0xfc,0xc9,0xfe,0x69,0xfe,0x69,0xfe,0xc8,0xfd,0x00,0x00,0x4a,0xfd,0x00,0x00,0x00,0x00,
    0x00,0x00,0x00,0x00,0x00,0x00,0x4a,0xfd,0x00,0x00,0x00,0x00,0xc8,0xfe,0x29,0xfe,0xac,0xeb,0xcd,0xea,0xcd,0xea,0x0d,0xeb,0x8b,0xf4,0x69,0xfe,0x69,0xfe,0x69,0xfe,0x00,0x00,0x00,0x00,0x4a,0xfd,0x00,0x00,0x00,0x00,0x00,0x00,
    0x00,0x00,0x00,0x03,0x00,0x00,0x27,0x84,0xca,0xf2,0xff,0xff,0xf2,0xca,0x84,0x27,0x00,0x00,0x03,0x00,0x00,0x00,0x00,0x00,0x03,0x00,0x13,0x8f,0xef,0xff,0xff,0xff,0xff,0xff,0xff,0xff,0xff,0xee,0x8c,0x10,0x00,0x03,0x00,0x00,
    0x00,0x02,0x00,0x31,0xdc,0xff,0xff,0xfc,0xfd,0xff,0xff,0xff,0xff,0xfd,0xfc,0xff,0xff,0xda,0x31,0x00,0x02,0x00,0x02,0x00,0x2f,0xed,0xff,0xfa,0xfe,0xff,0xff,0xff,0xff,0xff,0xff,0xff,0xff,0xfe,0xfa,0xff,0xed,0x2f,0x00,0x02,
    0x02,0x11,0xdd,0xff,0xfb,0xff,0xff,0xff,0xff,0xff,0xff,0xff,0xff,0xff,0xff,0xff,0xff,0xfb,0xff,0xdd,0x11,0x02,0x00,0x90,0xff,0xfb,0xff,0xff,0xff,0xff,0xff,0xff,0xff,0xff,0xff,0xff,0xff,0xff,0xff,0xff,0xfa,0xff,0x8f,0x00,
    0x23,0xf4,0xfd,0xfe,0xff,0xff,0xff,0xff,0xff,0xff,0xff,0xff,0xff,0xff,0xff,0xff,0xff,0xff,0xfe,0xfd,0xf3,0x23,0x84,0xff,0xfc,0xff,0xff,0xff,0xff,0xff,0xff,0xff,0xff,0xff,0xff,0xff,0xff,0xff,0xff,0xff,0xff,0xfc,0xff,0x84,
    0xcb,0xfe,0xfd,0xff,0xff,0xff,0xff,0xff,0xff,0xff,0xff,0xff,0xff,0xff,0xff,0xff,0xff,0xff,0xff,0xfd,0xfe,0xca,0xf4,0xff,0xff,0xff,0xff,0xff,0xff,0xff,0xff,0xff,0xff,0xff,0xff,0xff,0xff,0xff,0xff,0xff,0xff,0xff,0xff,0xf2,
    0xff,0xff,0xff,0xff,0xff,0xff,0xff,0xff,0xff,0xff,0xff,0xff,0xff,0xff,0xff,0xff,0xff,0xff,0xff,0xff,0xff,0xff,0xff,0xff,0xff,0xff,0xff,0xff,0xff,0xff,0xff,0xff,0xff,0xff,0xff,0xff,0xff,0xff,0xff,0xff,0xff,0xff,0xff,0xff,
    0xf4,0xff,0xff,0xff,0xff,0xff,0xff,0xff,0xff,0xff,0xff,0xff,0xff,0xff,0xff,0xff,0xff,0xff,0xff,0xff,0xff,0xf3,0xcb,0xfe,0xfd,0xff,0xff,0xff,0xff,0xff,0xff,0xff,0xff,0xff,0xff,0xff,0xff,0xff,0xff,0xff,0xff,0xfd,0xfe,0xca,
    0x84,0xff,0xfc,0xff,0xff,0xff,0xff,0xff,0xff,0xff,0xff,0xff,0xff,0xff,0xff,0xff,0xff,0xff,0xff,0xfc,0xff,0x84,0x24,0xf5,0xfd,0xfe,0xff,0xff,0xff,0xff,0xff,0xff,0xff,0xff,0xff,0xff,0xff,0xff,0xff,0xff,0xfe,0xfd,0xf3,0x23,
    0x00,0x94,0xff,0xfb,0xff,0xff,0xff,0xff,0xff,0xff,0xff,0xff,0xff,0xff,0xff,0xff,0xff,0xff,0xfa,0xff,0x8f,0x00,0x02,0x12,0xe0,0xff,0xfb,0xff,0xff,0xff,0xff,0xff,0xff,0xff,0xff,0xff,0xff,0xff,0xff,0xfb,0xff,0xdd,0x11,0x02,
    0x02,0x00,0x31,0xed,0xff,0xfa,0xfe,0xff,0xff,0xff,0xff,0xff,0xff,0xff,0xff,0xfe,0xfa,0xff,0xed,0x2f,0x00,0x02,0x00,0x03,0x00,0x32,0xdd,0xff,0xff,0xfc,0xfd,0xff,0xff,0xff,0xff,0xfd,0xfc,0xff,0xff,0xdc,0x31,0x00,0x02,0x00,
    0x00,0x00,0x03,0x00,0x13,0x8f,0xf0,0xff,0xff,0xff,0xff,0xff,0xff,0xff,0xff,0xf0,0x8f,0x13,0x00,0x03,0x00,0x00,0x00,0x00,0x00,0x03,0x00,0x00,0x28,0x84,0xca,0xf6,0xff,0xff,0xf4,0xcb,0x84,0x28,0x00,0x00,0x03,0x00,0x00,0x00,

};

const lv_image_dsc_t emoji_zany_face_22 = {
  .header.magic = LV_IMAGE_HEADER_MAGIC,
  .header.cf = LV_COLOR_FORMAT_RGB565A8,
  .header.flags = 0,
  .header.w = 22,
  .header.h = 22,
  .header.stride = 44,
  .data_size = sizeof(emoji_zany_face_22_map),
  .data = emoji_zany_face_22_map,
};




#ifndef LV_ATTRIBUTE_MEM_ALIGN
#define LV_ATTRIBUTE_MEM_ALIGN
#endif

#ifndef LV_ATTRIBUTE_EMOJI_HUNDRED_POINTS_22
#define LV_ATTRIBUTE_EMOJI_HUNDRED_POINTS_22
#endif

static const
LV_ATTRIBUTE_MEM_ALIGN LV_ATTRIBUTE_LARGE_CONST LV_ATTRIBUTE_EMOJI_HUNDRED_POINTS_22
uint8_t emoji_hundred_points_22_map[] = {

    0x07,0xb8,0x07,0xb8,0x0a,0xa8,0x0f,0xf8,0x00,0xf8,0x00,0x00,0x00,0x00,0x0a,0xa8,0x00,0x00,0x00,0x00,0x00,0x00,0x00,0x00,0x00,0x78,0x00,0x00,0x00,0x00,0x00,0x78,0x00,0x00,0xc6,0xb8,0xc6,0xb8,0xc6,0xc0,0xa6,0xb0,0x00,0x00,
    0x00,0x00,0x00,0x00,0x00,0x00,0x00,0x00,0x00,0x00,0x00,0x00,0x00,0x00,0x00,0x00,0xc6,0xb8,0xc6,0xb8,0xc6,0xb8,0xa6,0xb0,0x00,0x00,0x00,0xf8,0x0a,0xa8,0x00,0x00,0xc6,0xb0,0xc6,0xc0,0xe7,0xc8,0xe7,0xc8,0xc6,0xb8,0xc6,0xb8,
    0xc6,0xb8,0xc6,0xb8,0xc6,0xb8,0xc6,0xb8,0xc6,0xb0,0x00,0xf8,0xe7,0xf9,0xc6,0xb8,0xc6,0xc0,0xe7,0xd0,0xe7,0xc8,0xc6,0xb8,0xc6,0xb8,0x00,0xf8,0x00,0x00,0xc6,0xb0,0xe7,0xd0,0xc6,0xb8,0xc6,0xb8,0xc6,0xb8,0xe7,0xc8,0xc6,0xb8,
    0xc6,0xb8,0xc6,0xc0,0xe6,0xc0,0xc6,0xc0,0xc6,0xb8,0x00,0x00,0xc6,0xb8,0xe7,0xd0,0xc6,0xb8,0xc6,0xb8,0xc6,0xb8,0xe7,0xd0,0xc6,0xb8,0x00,0x00,0xc6,0xb8,0xc6,0xc0,0xc6,0xc0,0xe6,0xb0,0x00,0x00,0xa6,0xb8,0xc6,0xb8,0xc6,0xb8,
    0xc6,0xb8,0xc6,0xb8,0xc6,0xc0,0xc6,0xb8,0x00,0x00,0xc6,0xb8,0xe7,0xc8,0xc6,0xb8,0xa5,0xa8,0x00,0x00,0xc6,0xb8,0xe7,0xc8,0xc6,0xb8,0x00,0x00,0xc6,0xb8,0xe7,0xd0,0xc6,0xb8,0x00,0x00,0x0a,0xf8,0xe6,0xb8,0xc6,0xb8,0xc6,0xb8,
    0x00,0x00,0xc6,0xb8,0xe7,0xd0,0xc6,0xb8,0x00,0x00,0xc6,0xb8,0xe7,0xd0,0xc6,0xb8,0x00,0x00,0x07,0xb8,0xc6,0xb8,0xe7,0xc8,0xc6,0xb8,0x00,0x00,0xc6,0xb8,0xe7,0xc8,0xc6,0xb8,0x00,0xf8,0x00,0xf8,0xc6,0xb8,0xe6,0xc0,0xc6,0xb8,
    0x00,0xf8,0xc6,0xb8,0xe7,0xd0,0xc6,0xb8,0x45,0xa9,0xc6,0xb8,0xc6,0xb8,0xa6,0xb8,0x00,0xf8,0x00,0xf8,0xc6,0xb8,0xe7,0xd0,0xc6,0xb8,0xa5,0xb8,0xc6,0xb8,0xc6,0xb8,0xe6,0xb8,0x00,0x78,0x00,0x00,0xc6,0xb8,0xe7,0xd0,0xc6,0xb8,
    0x06,0x98,0xc6,0xb8,0xe7,0xc8,0xc6,0xb8,0xc6,0xb8,0xe6,0xc0,0xc6,0xb8,0xe7,0xb8,0x00,0xa8,0x00,0x00,0xc6,0xb8,0xe7,0xd0,0xc6,0xb8,0xe5,0xb0,0xc6,0xb8,0xc6,0xb8,0xc6,0xb8,0x00,0x00,0xe5,0xb8,0xc6,0xb8,0xc6,0xc0,0xc6,0xb8,
    0xc6,0xb8,0xc6,0xb8,0xc6,0xb8,0xa5,0xb8,0xc6,0xb8,0xe7,0xc8,0xc6,0xb8,0x00,0x00,0x00,0x00,0xc6,0xb8,0xc6,0xc0,0xc6,0xb8,0xc6,0xb8,0x07,0xb8,0xc6,0xb8,0xc6,0xc0,0xc6,0xb8,0xe6,0xb8,0xc6,0xb8,0xe7,0xd0,0xc6,0xb8,0x00,0x00,
    0xc6,0xb8,0xe7,0xc8,0xc6,0xb8,0x00,0x00,0xa6,0xb8,0xc6,0xb8,0xc6,0xc0,0xc6,0xb0,0xc6,0xb0,0xc6,0xb8,0xe7,0xd0,0xc6,0xb8,0x00,0x00,0x00,0x00,0xc6,0xb8,0xe7,0xc8,0xe7,0xc8,0xe6,0xc0,0xe7,0xc8,0xc6,0xb8,0x29,0xd9,0x06,0xc8,
    0xc6,0xb8,0xe7,0xd0,0xc6,0xb8,0x00,0x00,0x00,0x00,0xc6,0xb8,0xe7,0xd0,0xe6,0xc0,0xe6,0xc0,0xe6,0xc8,0xc6,0xb0,0x00,0x00,0x05,0xd0,0x0a,0xa8,0x00,0x00,0xc6,0xb8,0xc6,0xb8,0xc6,0xb8,0xc6,0xb8,0x00,0x00,0x00,0x00,0x00,0x00,
    0xc6,0xb8,0xe7,0xd0,0xc6,0xb8,0x00,0x00,0x07,0xb8,0xe3,0xb8,0xc6,0xb8,0xc6,0xc0,0xc6,0xb8,0xa5,0xb0,0x00,0x00,0x00,0x00,0x00,0x00,0x00,0x00,0x00,0xf8,0x0a,0xa8,0xe5,0xb0,0xc6,0xb0,0xc6,0xb8,0xc6,0xb8,0xc6,0xc0,0xa6,0xb8,
    0xc6,0xb8,0xc6,0xb8,0xc6,0xb8,0x07,0xb8,0x00,0xf8,0x00,0x00,0x00,0x00,0x00,0x00,0x00,0x00,0xe7,0xc0,0xc6,0xb8,0xc6,0xb8,0xc6,0xb8,0xc6,0xb8,0xc6,0xb8,0xc6,0xb8,0xc6,0xb8,0xc6,0xb8,0xc6,0xc0,0xe6,0xc0,0xe7,0xc8,0xc6,0xb8,
    0x00,0x00,0x00,0x00,0x00,0x00,0x00,0x00,0x00,0xf8,0xe6,0xb8,0xc6,0xc0,0xc6,0xb8,0xc6,0xb8,0xc6,0xb8,0xc6,0xb8,0xe6,0xc0,0xe7,0xc8,0xe7,0xc8,0xe7,0xc8,0xe7,0xc8,0xe7,0xc8,0xe6,0xc0,0xc6,0xc0,0xc6,0xb8,0xc6,0xb8,0xc6,0xb8,
    0x00,0x00,0x84,0xc0,0xc6,0xb8,0xc6,0xb8,0xc6,0xb8,0xc6,0xb8,0xc6,0xc0,0xe7,0xc8,0xe7,0xc8,0xe7,0xc8,0xc6,0xc0,0xc6,0xb8,0xc6,0xb8,0xc6,0xb8,0xc6,0xb8,0xc6,0xb8,0xc6,0xb8,0xc6,0xb8,0xc6,0xb8,0xc6,0xb8,0xc6,0xc0,0x07,0xb8,
    0xc6,0xb8,0xc6,0xb8,0xc6,0xc0,0xe7,0xc8,0xe7,0xc8,0xe7,0xc8,0xc6,0xb8,0xc6,0xb8,0xc6,0xb8,0xc6,0xb8,0xc6,0xb8,0xc6,0xb8,0xc6,0xc0,0x00,0x00,0x00,0x00,0x00,0x00,0x00,0x00,0x00,0x00,0x00,0x00,0x00,0x00,0x00,0x00,0x00,0x00,
    0xe7,0xc8,0xe7,0xc8,0xe6,0xc0,0xc6,0xb8,0xc6,0xb8,0xc6,0xb8,0xc6,0xb8,0xe6,0xb8,0x00,0x00,0x00,0x00,0x00,0x00,0x00,0x00,0x00,0x00,0x00,0x00,0xa6,0xb8,0xc6,0xb8,0xc6,0xb8,0xc6,0xb8,0xc6,0xc0,0xc6,0xb8,0x07,0xb8,0x00,0x78,
    0xc6,0xb8,0xc6,0xb8,0xc6,0xb8,0xa6,0xc0,0x00,0x00,0x00,0x00,0x00,0x00,0x00,0x00,0x00,0x00,0xa5,0xb8,0xa6,0xb8,0xc6,0xb8,0xc6,0xb8,0xc6,0xb8,0xc6,0xb8,0xc6,0xb8,0xc6,0xc0,0xe6,0xc0,0xe7,0xc8,0xe7,0xc8,0xc6,0xb8,0x00,0x00,
    0x00,0x00,0x00,0x00,0x00,0x00,0x00,0x00,0x00,0x78,0x00,0x00,0xc5,0xb0,0xc6,0xb8,0xc6,0xb8,0xc6,0xb8,0xc6,0xb8,0xe7,0xc8,0xe7,0xc8,0xe7,0xc8,0xe7,0xc8,0xe6,0xc0,0xc6,0xc0,0xc6,0xb8,0xc6,0xc0,0xc6,0xb8,0xc6,0xb8,0x00,0x00,
    0x0a,0xa8,0x0a,0xa8,0x07,0xb8,0x06,0xc8,0x00,0x00,0xc6,0xb8,0xc6,0xc0,0xe6,0xc0,0xe7,0xc8,0xe7,0xc8,0xe6,0xc0,0xc6,0xb8,0xc6,0xb8,0xc6,0xb8,0xc6,0xb8,0xc6,0xb8,0xc6,0xb8,0xa6,0xb8,0xe6,0xc8,0x00,0x00,0x00,0x00,0x00,0x00,
    0x00,0x00,0x00,0x00,0x00,0x00,0x07,0xb8,0x00,0x00,0xc6,0xb8,0xe7,0xd0,0xc6,0xb8,0xc6,0xb8,0xc6,0xb8,0xc6,0xb8,0xa6,0xb8,0x24,0xb1,0x00,0x00,0x00,0x00,0x00,0x00,0x00,0x00,0x00,0x00,0x00,0x00,0x00,0x00,0x00,0x00,0x00,0x00,
    0x00,0x00,0x00,0x00,0x00,0x00,0x00,0x00,0x00,0x00,0xe7,0xc0,0xc6,0xb8,0xc6,0xc0,0xc6,0xc8,0x00,0x00,0x00,0x00,0x00,0x00,0x00,0x00,0x00,0x78,0x07,0xb8,0x07,0xb8,0x0a,0xa8,0x00,0xf8,0x00,0xf8,0x00,0x00,0x00,0x00,0x00,0x00,
    0x04,0x04,0x03,0x02,0x01,0x00,0x01,0x03,0x00,0x00,0x00,0x00,0x02,0x00,0x00,0x02,0x00,0x1e,0x5f,0x67,0x2d,0x00,0x00,0x00,0x00,0x00,0x00,0x00,0x00,0x00,0x25,0x5e,0x5d,0x19,0x00,0x01,0x03,0x00,0x6f,0xf4,0xff,0xff,0xf2,0x4f,
    0x6e,0xa1,0xae,0xb2,0x27,0x01,0x04,0x8d,0xff,0xff,0xff,0xe9,0x2e,0x01,0x00,0x6f,0xff,0xdb,0x50,0x8c,0xff,0xdd,0xff,0xff,0xff,0xff,0x2e,0x00,0x97,0xff,0xc2,0x4c,0xa9,0xff,0xa9,0x00,0x25,0xf7,0xee,0x22,0x00,0x18,0xf7,0xff,
    0x1f,0x5e,0xfc,0xda,0x00,0x41,0xff,0xd6,0x0c,0x00,0x3b,0xfe,0xd4,0x00,0x88,0xff,0x90,0x00,0x03,0x21,0xf8,0xfe,0x00,0x67,0xff,0xad,0x00,0xb4,0xff,0x65,0x00,0x04,0x41,0xff,0xcd,0x00,0xd1,0xff,0x43,0x01,0x01,0x40,0xff,0xe0,
    0x01,0xa5,0xff,0x6f,0x06,0xf4,0xfb,0x22,0x01,0x01,0x68,0xfe,0xa8,0x0b,0xf6,0xf9,0x21,0x02,0x00,0x87,0xff,0x9b,0x05,0xd2,0xff,0x38,0x27,0xff,0xdb,0x08,0x03,0x00,0xb0,0xff,0x5e,0x11,0xfe,0xf3,0x13,0x00,0x12,0xe5,0xfc,0x32,
    0x25,0xf9,0xf8,0x0b,0x3d,0xfe,0xd2,0x00,0x00,0x2f,0xf8,0xee,0x13,0x04,0xe6,0xfc,0x5b,0x23,0xb9,0xff,0x89,0x00,0x54,0xff,0xcf,0x00,0x22,0xff,0xf1,0x39,0x2e,0xd3,0xff,0x63,0x00,0x00,0x77,0xff,0xff,0xff,0xff,0x9f,0x07,0x05,
    0x8a,0xfc,0x99,0x00,0x01,0xa0,0xff,0xff,0xff,0xff,0x82,0x00,0x06,0x03,0x00,0x58,0x96,0x88,0x34,0x00,0x00,0x00,0xd1,0xff,0x66,0x00,0x04,0x08,0x71,0xa0,0x89,0x2b,0x00,0x00,0x00,0x00,0x01,0x03,0x11,0x26,0x3d,0x5d,0x65,0x36,
    0xa3,0xc2,0x1c,0x04,0x01,0x00,0x00,0x00,0x00,0x11,0x3f,0x68,0x8d,0xb5,0xce,0xe9,0xfb,0xff,0xff,0xff,0xff,0xff,0x00,0x00,0x00,0x00,0x01,0x2c,0x66,0xa0,0xcf,0xf0,0xff,0xff,0xff,0xff,0xff,0xff,0xff,0xff,0xff,0xfd,0xf8,0xca,
    0x00,0x0d,0x49,0x91,0xcf,0xf8,0xff,0xff,0xff,0xff,0xff,0xfe,0xea,0xce,0xaf,0x94,0x74,0x5c,0x49,0x38,0x26,0x04,0x7f,0xde,0xff,0xff,0xff,0xff,0xff,0xe7,0xc0,0x8d,0x5d,0x38,0x15,0x01,0x00,0x00,0x00,0x00,0x00,0x00,0x00,0x00,
    0xff,0xff,0xff,0xf2,0xc1,0x80,0x46,0x18,0x00,0x00,0x00,0x00,0x00,0x00,0x18,0x34,0x51,0x6b,0x83,0x5e,0x04,0x02,0x80,0xb1,0x67,0x21,0x00,0x00,0x00,0x00,0x00,0x16,0x42,0x77,0xa5,0xcf,0xe9,0xff,0xff,0xff,0xff,0xff,0x2a,0x00,
    0x00,0x00,0x00,0x00,0x02,0x00,0x27,0x71,0xb6,0xe6,0xff,0xff,0xff,0xff,0xff,0xff,0xff,0xf8,0xeb,0xc2,0x13,0x01,0x03,0x03,0x04,0x05,0x00,0x53,0xf3,0xff,0xff,0xff,0xff,0xfd,0xdc,0xb6,0x8d,0x66,0x43,0x2b,0x18,0x00,0x00,0x00,
    0x00,0x00,0x00,0x04,0x00,0x75,0xff,0xfb,0xd7,0x9e,0x61,0x2b,0x07,0x00,0x00,0x00,0x00,0x00,0x00,0x00,0x01,0x00,0x00,0x00,0x00,0x01,0x00,0x09,0x66,0x49,0x0a,0x00,0x00,0x00,0x00,0x02,0x04,0x04,0x03,0x02,0x01,0x01,0x00,0x00,

};

const lv_image_dsc_t emoji_hundred_points_22 = {
  .header.magic = LV_IMAGE_HEADER_MAGIC,
  .header.cf = LV_COLOR_FORMAT_RGB565A8,
  .header.flags = 0,
  .header.w = 22,
  .header.h = 22,
  .header.stride = 44,
  .data_size = sizeof(emoji_hundred_points_22_map),
  .data = emoji_hundred_points_22_map,
};




#ifndef LV_ATTRIBUTE_MEM_ALIGN
#define LV_ATTRIBUTE_MEM_ALIGN
#endif

#ifndef LV_ATTRIBUTE_EMOJI_GRINNING_22
#define LV_ATTRIBUTE_EMOJI_GRINNING_22
#endif

static const
LV_ATTRIBUTE_MEM_ALIGN LV_ATTRIBUTE_LARGE_CONST LV_ATTRIBUTE_EMOJI_GRINNING_22
uint8_t emoji_grinning_22_map[] = {

    0x00,0x00,0x00,0x00,0x00,0x00,0x4a,0xfd,0x00,0x00,0x00,0x00,0x89,0xfe,0x69,0xfe,0x49,0xfe,0x49,0xfe,0x69,0xfe,0x69,0xfe,0x49,0xfe,0x49,0xfe,0x69,0xfe,0x89,0xfe,0x00,0x00,0x00,0x00,0x4a,0xfd,0x00,0x00,0x00,0x00,0x00,0x00,
    0x00,0x00,0x00,0x00,0x4a,0xfd,0x00,0x00,0x09,0xfe,0x89,0xfe,0x89,0xfe,0xaa,0xfe,0x89,0xfe,0x69,0xfe,0x69,0xfe,0x69,0xfe,0x69,0xfe,0x89,0xfe,0xaa,0xfe,0x89,0xfe,0x89,0xfe,0x09,0xfe,0x00,0x00,0x4a,0xfd,0x00,0x00,0x00,0x00,
    0x00,0x00,0xef,0xff,0x00,0x00,0x29,0xfe,0x89,0xfe,0xea,0xfe,0x69,0xfe,0x49,0xfe,0x69,0xfe,0x69,0xfe,0x69,0xfe,0x69,0xfe,0x69,0xfe,0x69,0xfe,0x49,0xfe,0x69,0xfe,0xea,0xfe,0x89,0xfe,0x29,0xfe,0x00,0x00,0xef,0xff,0x00,0x00,
    0xef,0xff,0x00,0x00,0x49,0xfe,0x89,0xfe,0xaa,0xfe,0x69,0xfe,0x49,0xfe,0x69,0xfe,0x69,0xfe,0x69,0xfe,0x69,0xfe,0x69,0xfe,0x69,0xfe,0x69,0xfe,0x69,0xfe,0x49,0xfe,0x69,0xfe,0xaa,0xfe,0x89,0xfe,0x49,0xfe,0x00,0x00,0xef,0xff,
    0xef,0xff,0x69,0xfe,0x69,0xfe,0xaa,0xfe,0x49,0xfe,0x69,0xfe,0x69,0xfe,0x69,0xfe,0x69,0xfe,0x69,0xfe,0x69,0xfe,0x69,0xfe,0x69,0xfe,0x69,0xfe,0x69,0xfe,0x69,0xfe,0x69,0xfe,0x49,0xfe,0xaa,0xfe,0x69,0xfe,0x69,0xfe,0xef,0xff,
    0x00,0x00,0x69,0xfe,0xea,0xfe,0x49,0xfe,0x69,0xfe,0x69,0xfe,0x69,0xfe,0x49,0xfe,0x49,0xfe,0x69,0xfe,0x69,0xfe,0x69,0xfe,0x69,0xfe,0x49,0xfe,0x49,0xfe,0x69,0xfe,0x69,0xfe,0x69,0xfe,0x49,0xfe,0xea,0xfe,0x69,0xfe,0x00,0x00,
    0x69,0xfe,0x69,0xfe,0x69,0xfe,0x69,0xfe,0x69,0xfe,0x69,0xfe,0x49,0xfe,0x69,0xfe,0x69,0xfe,0x49,0xfe,0x69,0xfe,0x69,0xfe,0x49,0xfe,0x69,0xfe,0x69,0xfe,0x49,0xfe,0x69,0xfe,0x69,0xfe,0x69,0xfe,0x69,0xfe,0x69,0xfe,0x69,0xfe,
    0x69,0xfe,0xaa,0xfe,0x69,0xfe,0x69,0xfe,0x69,0xfe,0x69,0xfe,0x8a,0xfe,0x09,0xf6,0x29,0xf6,0x8a,0xfe,0x49,0xfe,0x49,0xfe,0x8a,0xfe,0x29,0xf6,0x09,0xf6,0x8a,0xfe,0x69,0xfe,0x69,0xfe,0x69,0xfe,0x69,0xfe,0xaa,0xfe,0x69,0xfe,
    0x69,0xfe,0x8a,0xfe,0x49,0xfe,0x69,0xfe,0x49,0xfe,0x8a,0xfe,0x85,0xbc,0x00,0x62,0x20,0x6a,0xe6,0xcc,0x8a,0xfe,0x8a,0xfe,0xe6,0xcc,0x20,0x6a,0x00,0x62,0x85,0xbc,0x8a,0xfe,0x49,0xfe,0x69,0xfe,0x49,0xfe,0x8a,0xfe,0x69,0xfe,
    0x49,0xfe,0x69,0xfe,0x69,0xfe,0x49,0xfe,0x8a,0xfe,0x47,0xdd,0xa0,0x51,0x65,0xb4,0xe4,0xab,0xc0,0x59,0xe8,0xed,0xe8,0xed,0xc0,0x59,0xe4,0xab,0x65,0xb4,0xa0,0x51,0x47,0xdd,0x8a,0xfe,0x49,0xfe,0x69,0xfe,0x69,0xfe,0x49,0xfe,
    0x69,0xfe,0x69,0xfe,0x69,0xfe,0x49,0xfe,0xaa,0xfe,0x24,0xb4,0x02,0x83,0xca,0xfe,0x89,0xfe,0xa1,0x7a,0x06,0xd5,0x06,0xcd,0xa1,0x7a,0x89,0xfe,0xca,0xfe,0x02,0x83,0x44,0xb4,0xaa,0xfe,0x49,0xfe,0x69,0xfe,0x69,0xfe,0x69,0xfe,
    0x69,0xfe,0x69,0xfe,0x69,0xfe,0x49,0xfe,0x69,0xfe,0x89,0xfe,0x69,0xfe,0x69,0xfe,0x49,0xfe,0x49,0xfe,0x49,0xfe,0x49,0xfe,0x29,0xfe,0x49,0xfe,0x69,0xfe,0x69,0xfe,0x8a,0xfe,0x69,0xfe,0x49,0xfe,0x69,0xfe,0x69,0xfe,0x69,0xfe,
    0x49,0xfe,0x69,0xfe,0x49,0xfe,0x69,0xfe,0x09,0xf6,0x67,0xdd,0x09,0xf6,0x8a,0xfe,0xaa,0xfe,0xaa,0xfe,0xaa,0xfe,0xca,0xfe,0xca,0xfe,0xaa,0xfe,0x8a,0xfe,0x09,0xf6,0x67,0xdd,0x09,0xf6,0x69,0xfe,0x49,0xfe,0x69,0xfe,0x49,0xfe,
    0x69,0xfe,0x8a,0xfe,0x49,0xfe,0xaa,0xfe,0xa3,0x9b,0xe0,0x59,0x40,0x6a,0x60,0x72,0xe0,0x82,0x41,0x93,0x41,0x93,0x41,0x93,0x21,0x93,0xe0,0x82,0x60,0x72,0x40,0x6a,0xe0,0x59,0xa3,0x9b,0xaa,0xfe,0x49,0xfe,0x8a,0xfe,0x69,0xfe,
    0x69,0xfe,0xaa,0xfe,0x49,0xfe,0xaa,0xfe,0xe0,0x82,0x0a,0x94,0xfa,0xe6,0xd4,0xc5,0x31,0xb5,0xae,0xa4,0x8e,0xa4,0x8e,0xa4,0xae,0xa4,0x31,0xb5,0xd4,0xc5,0xd9,0xe6,0xea,0x93,0xe0,0x82,0xaa,0xfe,0x49,0xfe,0xaa,0xfe,0x69,0xfe,
    0x69,0xfe,0x69,0xfe,0x69,0xfe,0xaa,0xfe,0x44,0xb4,0x21,0x62,0xef,0xb4,0xb3,0xc5,0x35,0xce,0x98,0xde,0xb8,0xde,0x98,0xde,0x98,0xde,0x35,0xce,0xb3,0xc5,0xee,0xb4,0x21,0x62,0x44,0xb4,0xaa,0xfe,0x69,0xfe,0x69,0xfe,0x69,0xfe,
    0x00,0x00,0x69,0xfe,0xea,0xfe,0x69,0xfe,0x29,0xf6,0x80,0x72,0x80,0x51,0x66,0x8b,0x46,0x83,0xc3,0x7a,0xc3,0x72,0xc3,0x72,0xc3,0x7a,0x66,0x83,0x87,0x8b,0xa0,0x51,0x80,0x72,0x29,0xf6,0x69,0xfe,0xea,0xfe,0x69,0xfe,0x00,0x00,
    0xef,0xff,0x69,0xfe,0x69,0xfe,0xaa,0xfe,0x8a,0xfe,0x88,0xe5,0x41,0x6a,0x68,0x83,0x98,0xde,0xde,0xff,0xff,0xff,0xff,0xff,0xde,0xff,0x98,0xde,0x68,0x83,0x41,0x6a,0x88,0xe5,0x8a,0xfe,0xaa,0xfe,0x69,0xfe,0x69,0xfe,0xef,0xff,
    0xef,0xff,0x00,0x00,0x49,0xfe,0x89,0xfe,0x89,0xfe,0x8a,0xfe,0xe8,0xed,0x01,0x8b,0xe0,0x59,0x83,0x6a,0x06,0x7b,0x06,0x7b,0x83,0x6a,0xe0,0x59,0x01,0x8b,0xe8,0xed,0x8a,0xfe,0x89,0xfe,0x89,0xfe,0x49,0xfe,0x00,0x00,0xef,0xff,
    0x00,0x00,0xef,0xff,0x00,0x00,0x29,0xfe,0x89,0xfe,0xca,0xfe,0x8a,0xfe,0x8a,0xfe,0x88,0xe5,0x44,0xb4,0xc2,0xa3,0xc2,0xa3,0x44,0xb4,0x88,0xe5,0x8a,0xfe,0x8a,0xfe,0xca,0xfe,0x89,0xfe,0x29,0xfe,0x00,0x00,0xef,0xff,0x00,0x00,
    0x00,0x00,0x00,0x00,0x4a,0xfd,0x00,0x00,0x09,0xfe,0x89,0xfe,0x89,0xfe,0xaa,0xfe,0xca,0xfe,0xca,0xfe,0xca,0xfe,0xca,0xfe,0xca,0xfe,0xca,0xfe,0xaa,0xfe,0x89,0xfe,0x89,0xfe,0x09,0xfe,0x00,0x00,0x4a,0xfd,0x00,0x00,0x00,0x00,
    0x00,0x00,0x00,0x00,0x00,0x00,0x4a,0xfd,0x00,0x00,0x00,0x00,0x89,0xfe,0x69,0xfe,0x49,0xfe,0x49,0xfe,0x49,0xfe,0x49,0xfe,0x49,0xfe,0x49,0xfe,0x69,0xfe,0x89,0xfe,0x00,0x00,0x00,0x00,0x4a,0xfd,0x00,0x00,0x00,0x00,0x00,0x00,
    0x00,0x00,0x00,0x03,0x00,0x00,0x28,0x84,0xcb,0xf4,0xff,0xff,0xf4,0xcb,0x84,0x28,0x00,0x00,0x03,0x00,0x00,0x00,0x00,0x00,0x03,0x00,0x11,0x8f,0xf0,0xff,0xff,0xff,0xff,0xff,0xff,0xff,0xff,0xf0,0x8f,0x11,0x00,0x03,0x00,0x00,
    0x00,0x02,0x00,0x31,0xda,0xff,0xff,0xfc,0xfd,0xff,0xff,0xff,0xff,0xfd,0xfc,0xff,0xff,0xda,0x31,0x00,0x02,0x00,0x02,0x00,0x2f,0xed,0xff,0xfa,0xfe,0xff,0xff,0xff,0xff,0xff,0xff,0xff,0xff,0xfe,0xfa,0xff,0xed,0x2f,0x00,0x02,
    0x02,0x10,0xdd,0xff,0xfb,0xff,0xff,0xff,0xff,0xff,0xff,0xff,0xff,0xff,0xff,0xff,0xff,0xfb,0xff,0xdd,0x10,0x02,0x00,0x91,0xff,0xfb,0xff,0xff,0xff,0xff,0xff,0xff,0xff,0xff,0xff,0xff,0xff,0xff,0xff,0xff,0xfb,0xff,0x91,0x00,
    0x24,0xf5,0xfd,0xfe,0xff,0xff,0xff,0xff,0xff,0xff,0xff,0xff,0xff,0xff,0xff,0xff,0xff,0xff,0xfe,0xfd,0xf5,0x24,0x84,0xff,0xfc,0xff,0xff,0xff,0xff,0xff,0xff,0xff,0xff,0xff,0xff,0xff,0xff,0xff,0xff,0xff,0xff,0xfc,0xff,0x84,
    0xcb,0xfe,0xfd,0xff,0xff,0xff,0xff,0xff,0xff,0xff,0xff,0xff,0xff,0xff,0xff,0xff,0xff,0xff,0xff,0xfd,0xfe,0xcb,0xf4,0xff,0xff,0xff,0xff,0xff,0xff,0xff,0xff,0xff,0xff,0xff,0xff,0xff,0xff,0xff,0xff,0xff,0xff,0xff,0xff,0xf4,
    0xff,0xff,0xff,0xff,0xff,0xff,0xff,0xff,0xff,0xff,0xff,0xff,0xff,0xff,0xff,0xff,0xff,0xff,0xff,0xff,0xff,0xff,0xff,0xff,0xff,0xff,0xff,0xff,0xff,0xff,0xff,0xff,0xff,0xff,0xff,0xff,0xff,0xff,0xff,0xff,0xff,0xff,0xff,0xff,
    0xf4,0xff,0xff,0xff,0xff,0xff,0xff,0xff,0xff,0xff,0xff,0xff,0xff,0xff,0xff,0xff,0xff,0xff,0xff,0xff,0xff,0xf4,0xcb,0xfe,0xfd,0xff,0xff,0xff,0xff,0xff,0xff,0xff,0xff,0xff,0xff,0xff,0xff,0xff,0xff,0xff,0xff,0xfd,0xfe,0xcb,
    0x84,0xff,0xfc,0xff,0xff,0xff,0xff,0xff,0xff,0xff,0xff,0xff,0xff,0xff,0xff,0xff,0xff,0xff,0xff,0xfc,0xff,0x84,0x24,0xf5,0xfd,0xfe,0xff,0xff,0xff,0xff,0xff,0xff,0xff,0xff,0xff,0xff,0xff,0xff,0xff,0xff,0xfe,0xfd,0xf5,0x24,
    0x00,0x91,0xff,0xfb,0xff,0xff,0xff,0xff,0xff,0xff,0xff,0xff,0xff,0xff,0xff,0xff,0xff,0xff,0xfb,0xff,0x91,0x00,0x02,0x10,0xdd,0xff,0xfb,0xff,0xff,0xff,0xff,0xff,0xff,0xff,0xff,0xff,0xff,0xff,0xff,0xfb,0xff,0xdd,0x10,0x02,
    0x02,0x00,0x2f,0xed,0xff,0xfa,0xfe,0xff,0xff,0xff,0xff,0xff,0xff,0xff,0xff,0xfe,0xfa,0xff,0xed,0x2f,0x00,0x02,0x00,0x02,0x00,0x31,0xda,0xff,0xff,0xfc,0xfd,0xff,0xff,0xff,0xff,0xfd,0xfc,0xff,0xff,0xda,0x31,0x00,0x02,0x00,
    0x00,0x00,0x03,0x00,0x11,0x8f,0xf0,0xff,0xff,0xff,0xff,0xff,0xff,0xff,0xff,0xf0,0x8f,0x11,0x00,0x03,0x00,0x00,0x00,0x00,0x00,0x03,0x00,0x00,0x28,0x84,0xcb,0xf4,0xff,0xff,0xf4,0xcb,0x84,0x28,0x00,0x00,0x03,0x00,0x00,0x00,

};

const lv_image_dsc_t emoji_grinning_22 = {
  .header.magic = LV_IMAGE_HEADER_MAGIC,
  .header.cf = LV_COLOR_FORMAT_RGB565A8,
  .header.flags = 0,
  .header.w = 22,
  .header.h = 22,
  .header.stride = 44,
  .data_size = sizeof(emoji_grinning_22_map),
  .data = emoji_grinning_22_map,
};




#ifndef LV_ATTRIBUTE_MEM_ALIGN
#define LV_ATTRIBUTE_MEM_ALIGN
#endif

#ifndef LV_ATTRIBUTE_EMOJI_COWBOY_22
#define LV_ATTRIBUTE_EMOJI_COWBOY_22
#endif

static const
LV_ATTRIBUTE_MEM_ALIGN LV_ATTRIBUTE_LARGE_CONST LV_ATTRIBUTE_EMOJI_COWBOY_22
uint8_t emoji_cowboy_22_map[] = {

    0x00,0x00,0x00,0x00,0x00,0x00,0x00,0x00,0x00,0x00,0x00,0x00,0x00,0x00,0x20,0x62,0x40,0x6a,0x00,0x62,0xe0,0x7b,0xe0,0x7b,0x00,0x62,0x40,0x6a,0x20,0x62,0x00,0x00,0x00,0x00,0x00,0x00,0x00,0x00,0x00,0x00,0x00,0x00,0x00,0x00,
    0x00,0x00,0x00,0x00,0xe0,0x7b,0x00,0x00,0xa0,0x52,0x00,0x00,0x20,0x62,0x20,0x62,0x60,0x72,0x40,0x6a,0x20,0x62,0x20,0x62,0x40,0x6a,0x60,0x72,0x20,0x62,0x20,0x62,0x00,0x00,0xa0,0x52,0x00,0x00,0xe0,0x7b,0x00,0x00,0x00,0x00,
    0xa0,0x52,0x40,0x5a,0x00,0x00,0xe0,0x79,0xe0,0x79,0x00,0x00,0x00,0x62,0x60,0x72,0xe1,0x82,0xe1,0x82,0xc1,0x7a,0xc1,0x7a,0xe1,0x82,0xe1,0x82,0x60,0x72,0x00,0x62,0x00,0x00,0xe0,0x79,0xe0,0x79,0x00,0x00,0x40,0x5a,0xa0,0x52,
    0x20,0x62,0x40,0x6a,0x00,0x62,0x00,0x00,0x00,0x00,0x40,0x6a,0x20,0x62,0xa1,0x7a,0x02,0x83,0xe1,0x82,0xe1,0x82,0xe1,0x82,0xe1,0x82,0x02,0x83,0xa1,0x7a,0x20,0x62,0x40,0x6a,0x00,0x00,0x00,0x00,0x20,0x62,0x40,0x6a,0x20,0x62,
    0x20,0x62,0x20,0x6a,0x20,0x62,0x20,0x62,0x00,0x6a,0x20,0x62,0x40,0x6a,0x20,0x6a,0x80,0x72,0xa1,0x7a,0xc1,0x7a,0xc1,0x7a,0xa1,0x7a,0x80,0x72,0x20,0x6a,0x40,0x6a,0x20,0x62,0x00,0x6a,0x20,0x62,0x20,0x62,0x20,0x6a,0x20,0x62,
    0x20,0x62,0x40,0x6a,0x20,0x62,0x40,0x6a,0x20,0x62,0x00,0x62,0x40,0x6a,0xa1,0x7a,0x40,0x6a,0x20,0x62,0x20,0x62,0x20,0x62,0x20,0x62,0x40,0x6a,0xa1,0x7a,0x40,0x6a,0x00,0x62,0x20,0x62,0x40,0x6a,0x20,0x62,0x40,0x6a,0x20,0x62,
    0x60,0x62,0x20,0x62,0x60,0x6a,0x20,0x62,0x20,0x6a,0x20,0x62,0x20,0x6a,0xa1,0x7a,0xe1,0x82,0xe1,0x82,0xc1,0x82,0xc1,0x82,0xe1,0x82,0xe1,0x82,0xa1,0x7a,0x20,0x6a,0x20,0x62,0x20,0x6a,0x20,0x62,0x60,0x6a,0x20,0x62,0x60,0x62,
    0x00,0x00,0x20,0x62,0x20,0x62,0x00,0x62,0xe0,0x59,0x20,0x62,0x20,0x62,0x20,0x62,0x40,0x6a,0x60,0x72,0x60,0x72,0x60,0x72,0x60,0x72,0x40,0x6a,0x20,0x62,0x20,0x62,0x20,0x62,0xe0,0x59,0x00,0x62,0x20,0x62,0x20,0x62,0x00,0x00,
    0xe7,0xbb,0x00,0x00,0x4b,0xff,0x26,0xcd,0x22,0x8b,0x20,0x62,0xe0,0x59,0xc0,0x59,0xc0,0x59,0xe0,0x59,0xe0,0x59,0xe0,0x59,0xe0,0x59,0xc0,0x59,0xc0,0x59,0xe0,0x59,0x20,0x62,0x22,0x8b,0x26,0xcd,0x4b,0xff,0x00,0x00,0xe7,0xbb,
    0xe7,0xfd,0x00,0x00,0x49,0xfe,0x0a,0xff,0x89,0xfe,0xa8,0xed,0xc6,0xc4,0x44,0xb4,0xa3,0x9b,0x22,0x8b,0x22,0x8b,0x22,0x8b,0x22,0x8b,0xa3,0x9b,0x44,0xb4,0xc6,0xc4,0xa8,0xed,0x89,0xfe,0x0a,0xff,0x49,0xfe,0x00,0x00,0xe7,0xfd,
    0x00,0x00,0xc9,0xfe,0x49,0xfe,0x89,0xfe,0x49,0xfe,0x8a,0xfe,0x49,0xfe,0xc4,0xa3,0x06,0xd5,0xca,0xfe,0x89,0xfe,0x89,0xfe,0xca,0xfe,0x06,0xd5,0xc4,0xa3,0x49,0xfe,0x8a,0xfe,0x49,0xfe,0x89,0xfe,0x49,0xfe,0xc9,0xfe,0x00,0x00,
    0x00,0x00,0x69,0xfe,0x69,0xfe,0x69,0xfe,0x49,0xfe,0xaa,0xfe,0x24,0xb4,0x60,0x49,0x80,0x72,0x29,0xf6,0x69,0xfe,0x69,0xfe,0x29,0xf6,0x80,0x72,0x60,0x49,0x24,0xb4,0xaa,0xfe,0x49,0xfe,0x69,0xfe,0x69,0xfe,0x69,0xfe,0x00,0x00,
    0x00,0x00,0x69,0xfe,0x89,0xfe,0x49,0xfe,0x49,0xfe,0xaa,0xfe,0x04,0xac,0xa0,0x51,0x60,0x72,0x08,0xf6,0x69,0xfe,0x69,0xfe,0x08,0xf6,0x60,0x72,0xa0,0x51,0x04,0xac,0xaa,0xfe,0x49,0xfe,0x49,0xfe,0x89,0xfe,0x69,0xfe,0x00,0x00,
    0x00,0x00,0x69,0xfe,0x89,0xfe,0x49,0xfe,0x49,0xfe,0x89,0xfe,0xc8,0xed,0xc1,0x7a,0x45,0xb4,0x8a,0xfe,0x49,0xfe,0x49,0xfe,0x8a,0xfe,0x45,0xb4,0xc1,0x7a,0xc8,0xed,0x89,0xfe,0x49,0xfe,0x49,0xfe,0x89,0xfe,0x69,0xfe,0x00,0x00,
    0x00,0x00,0x49,0xfe,0x69,0xfe,0x69,0xfe,0x49,0xfe,0x49,0xfe,0xaa,0xfe,0x89,0xfe,0x69,0xfe,0x49,0xfe,0x49,0xfe,0x49,0xfe,0x49,0xfe,0x69,0xfe,0x89,0xfe,0xaa,0xfe,0x49,0xfe,0x49,0xfe,0x69,0xfe,0x69,0xfe,0x49,0xfe,0x00,0x00,
    0xe0,0xff,0xe0,0xff,0x69,0xfe,0xaa,0xfe,0x69,0xfe,0x69,0xfe,0x06,0xcd,0x29,0xf6,0xaa,0xfe,0x8a,0xfe,0x69,0xfe,0x69,0xfe,0x8a,0xfe,0xaa,0xfe,0x29,0xf6,0x06,0xcd,0x69,0xfe,0x69,0xfe,0xaa,0xfe,0x69,0xfe,0xe0,0xff,0xe0,0xff,
    0xe7,0xfd,0x00,0x00,0x49,0xfe,0xca,0xfe,0x49,0xfe,0x8a,0xfe,0x65,0xb4,0x60,0x6a,0x65,0xb4,0xc8,0xed,0x29,0xfe,0x29,0xfe,0xc8,0xed,0x65,0xb4,0x60,0x6a,0x65,0xb4,0x8a,0xfe,0x49,0xfe,0xca,0xfe,0x49,0xfe,0x00,0x00,0xe7,0xfd,
    0xe0,0xff,0xe0,0xff,0x09,0xfe,0x69,0xfe,0x89,0xfe,0x49,0xfe,0xaa,0xfe,0x85,0xbc,0x00,0x62,0xe0,0x59,0x40,0x6a,0x40,0x6a,0xe0,0x59,0x00,0x62,0x85,0xbc,0xaa,0xfe,0x49,0xfe,0x89,0xfe,0x69,0xfe,0x09,0xfe,0xe0,0xff,0xe0,0xff,
    0x00,0x00,0xef,0xff,0x00,0x00,0x49,0xfe,0xaa,0xfe,0x69,0xfe,0x49,0xfe,0xaa,0xfe,0x08,0xf6,0x85,0xbc,0xa3,0x9b,0xa3,0x9b,0x85,0xbc,0x08,0xf6,0xaa,0xfe,0x49,0xfe,0x69,0xfe,0xaa,0xfe,0x49,0xfe,0x00,0x00,0xef,0xff,0x00,0x00,
    0x00,0x00,0x00,0x00,0x4a,0xfd,0x00,0x00,0x49,0xfe,0x8a,0xfe,0xaa,0xfe,0x49,0xfe,0x69,0xfe,0xaa,0xfe,0xaa,0xfe,0xaa,0xfe,0xaa,0xfe,0x69,0xfe,0x49,0xfe,0xaa,0xfe,0x8a,0xfe,0x49,0xfe,0x00,0x00,0x4a,0xfd,0x00,0x00,0x00,0x00,
    0x00,0x00,0x00,0x00,0x00,0x00,0xea,0xff,0x00,0x00,0x49,0xfe,0x89,0xfe,0xaa,0xfe,0x89,0xfe,0x69,0xfe,0x49,0xfe,0x49,0xfe,0x69,0xfe,0x89,0xfe,0xaa,0xfe,0x89,0xfe,0x49,0xfe,0x00,0x00,0xea,0xff,0x00,0x00,0x00,0x00,0x00,0x00,
    0x00,0x00,0x00,0x00,0x00,0x00,0x00,0x00,0x4a,0xfd,0x00,0x00,0x84,0xfc,0x89,0xfe,0x69,0xfe,0x69,0xfe,0x69,0xfe,0x69,0xfe,0x69,0xfe,0x69,0xfe,0x89,0xfe,0x84,0xfc,0x00,0x00,0x4a,0xfd,0x00,0x00,0x00,0x00,0x00,0x00,0x00,0x00,
    0x01,0x01,0x00,0x00,0x00,0x01,0x00,0x37,0x6a,0x44,0x02,0x02,0x44,0x6a,0x37,0x00,0x01,0x00,0x00,0x00,0x01,0x01,0x00,0x00,0x02,0x00,0x03,0x01,0x32,0xf4,0xff,0xff,0xd1,0xd1,0xff,0xff,0xf4,0x32,0x01,0x03,0x00,0x02,0x00,0x00,
    0x06,0x0e,0x00,0x04,0x04,0x00,0xb8,0xff,0xf8,0xff,0xff,0xff,0xff,0xf8,0xff,0xb8,0x00,0x04,0x04,0x00,0x0e,0x06,0xc8,0xe5,0x4f,0x00,0x00,0x1f,0xf8,0xfe,0xfe,0xff,0xfd,0xfd,0xff,0xfe,0xfe,0xf8,0x1f,0x00,0x00,0x50,0xe5,0xc8,
    0xff,0xff,0xfb,0x8b,0x2e,0x6f,0xff,0xfc,0xff,0xff,0xff,0xff,0xff,0xff,0xfc,0xff,0x6f,0x2e,0x8b,0xfb,0xff,0xff,0x91,0xff,0xfb,0xff,0xff,0xfa,0xff,0xff,0xff,0xff,0xff,0xff,0xff,0xff,0xff,0xff,0xfa,0xff,0xff,0xfb,0xff,0x91,
    0x0a,0xc2,0xff,0xfa,0xff,0xff,0xff,0xff,0xff,0xff,0xff,0xff,0xff,0xff,0xff,0xff,0xff,0xff,0xfa,0xff,0xc2,0x0a,0x00,0x0f,0xa7,0xfb,0xfd,0xfe,0xff,0xff,0xff,0xff,0xff,0xff,0xff,0xff,0xff,0xff,0xfe,0xfd,0xfb,0xa7,0x0f,0x00,
    0x04,0x00,0x27,0xf8,0xfe,0xfe,0xff,0xff,0xff,0xff,0xff,0xff,0xff,0xff,0xff,0xff,0xfe,0xfe,0xf8,0x27,0x00,0x04,0x04,0x00,0x9a,0xff,0xfb,0xff,0xff,0xff,0xff,0xff,0xff,0xff,0xff,0xff,0xff,0xff,0xff,0xfb,0xff,0x9a,0x00,0x04,
    0x00,0x07,0xdf,0xff,0xfd,0xff,0xff,0xff,0xff,0xff,0xff,0xff,0xff,0xff,0xff,0xff,0xff,0xfd,0xff,0xdf,0x07,0x00,0x00,0x25,0xfb,0xff,0xfe,0xff,0xff,0xff,0xff,0xff,0xff,0xff,0xff,0xff,0xff,0xff,0xff,0xfe,0xff,0xfb,0x25,0x00,
    0x00,0x2f,0xff,0xfe,0xff,0xff,0xff,0xff,0xff,0xff,0xff,0xff,0xff,0xff,0xff,0xff,0xff,0xff,0xfe,0xff,0x2f,0x00,0x00,0x2e,0xff,0xfe,0xff,0xff,0xff,0xff,0xff,0xff,0xff,0xff,0xff,0xff,0xff,0xff,0xff,0xff,0xfe,0xff,0x2e,0x00,
    0x00,0x1c,0xf5,0xff,0xfe,0xff,0xff,0xff,0xff,0xff,0xff,0xff,0xff,0xff,0xff,0xff,0xff,0xfe,0xff,0xf5,0x1c,0x00,0x01,0x01,0xcd,0xfe,0xfc,0xff,0xff,0xff,0xff,0xff,0xff,0xff,0xff,0xff,0xff,0xff,0xff,0xfc,0xfe,0xcd,0x01,0x01,
    0x04,0x00,0x76,0xff,0xfb,0xff,0xff,0xff,0xff,0xff,0xff,0xff,0xff,0xff,0xff,0xff,0xff,0xfb,0xff,0x76,0x00,0x04,0x01,0x01,0x11,0xe3,0xff,0xfc,0xff,0xff,0xff,0xff,0xff,0xff,0xff,0xff,0xff,0xff,0xfc,0xff,0xe3,0x11,0x01,0x01,
    0x00,0x02,0x00,0x49,0xff,0xfd,0xfc,0xff,0xff,0xff,0xff,0xff,0xff,0xff,0xff,0xfc,0xfd,0xff,0x49,0x00,0x02,0x00,0x00,0x00,0x03,0x00,0x61,0xff,0xff,0xfc,0xfd,0xfe,0xff,0xff,0xfe,0xfd,0xfc,0xff,0xff,0x61,0x00,0x03,0x00,0x00,
    0x00,0x00,0x00,0x03,0x00,0x42,0xce,0xff,0xff,0xff,0xff,0xff,0xff,0xff,0xff,0xce,0x42,0x00,0x03,0x00,0x00,0x00,0x00,0x00,0x00,0x00,0x03,0x00,0x07,0x63,0xba,0xec,0xff,0xff,0xec,0xba,0x63,0x07,0x00,0x03,0x00,0x00,0x00,0x00,

};

const lv_image_dsc_t emoji_cowboy_22 = {
  .header.magic = LV_IMAGE_HEADER_MAGIC,
  .header.cf = LV_COLOR_FORMAT_RGB565A8,
  .header.flags = 0,
  .header.w = 22,
  .header.h = 22,
  .header.stride = 44,
  .data_size = sizeof(emoji_cowboy_22_map),
  .data = emoji_cowboy_22_map,
};




#ifndef LV_ATTRIBUTE_MEM_ALIGN
#define LV_ATTRIBUTE_MEM_ALIGN
#endif

#ifndef LV_ATTRIBUTE_EMOJI_THUMBSUP_22
#define LV_ATTRIBUTE_EMOJI_THUMBSUP_22
#endif

static const
LV_ATTRIBUTE_MEM_ALIGN LV_ATTRIBUTE_LARGE_CONST LV_ATTRIBUTE_EMOJI_THUMBSUP_22
uint8_t emoji_thumbsup_22_map[] = {

    0x00,0x00,0x00,0x00,0x00,0x00,0x00,0x00,0x00,0x00,0xef,0xff,0xe0,0xff,0xcb,0xfe,0x4c,0xff,0xcb,0xfe,0xea,0xff,0xef,0xfb,0xe0,0xff,0x00,0x00,0x00,0x00,0x00,0x00,0x00,0x00,0x00,0x00,0x00,0x00,0x00,0x00,0x00,0x00,0x00,0x00,
    0x00,0x00,0x00,0x00,0x00,0x00,0x00,0x00,0xe0,0xff,0x00,0x00,0x6c,0xfe,0xcb,0xfe,0x0c,0xff,0x6c,0xff,0xcb,0xfe,0x00,0x00,0xea,0xff,0x00,0x00,0x00,0x00,0x00,0x00,0x00,0x00,0x00,0x00,0x00,0x00,0x00,0x00,0x00,0x00,0x00,0x00,
    0x00,0x00,0x00,0x00,0x00,0x00,0x00,0x00,0xe0,0xff,0x00,0x00,0x6c,0xfe,0xcb,0xfe,0xec,0xfe,0x0c,0xff,0xcb,0xfe,0xaa,0xfe,0x00,0x00,0xe0,0xff,0x00,0x00,0x00,0x00,0x00,0x00,0x00,0x00,0x00,0x00,0x00,0x00,0x00,0x00,0x00,0x00,
    0x00,0x00,0x00,0x00,0x00,0x00,0x00,0x00,0xe0,0xff,0x00,0x00,0xc9,0xfe,0xcb,0xfe,0x0c,0xff,0xeb,0xfe,0xcb,0xfe,0xcb,0xfe,0x00,0x00,0xef,0xfb,0x00,0x00,0x00,0x00,0x00,0x00,0x00,0x00,0x00,0x00,0x00,0x00,0x00,0x00,0x00,0x00,
    0x00,0x00,0x00,0x00,0x00,0x00,0x00,0x00,0xef,0xfb,0x00,0x00,0xcb,0xfe,0xcb,0xfe,0xeb,0xfe,0xeb,0xfe,0xcb,0xfe,0x4d,0xff,0x00,0x00,0xe0,0xff,0x00,0x00,0x00,0x00,0x00,0x00,0x00,0x00,0x00,0x00,0x00,0x00,0x00,0x00,0x00,0x00,
    0x00,0x00,0x00,0x00,0x00,0x00,0x00,0x00,0xea,0xff,0xe0,0xff,0xcb,0xfe,0x2c,0xff,0xcb,0xfe,0x2c,0xff,0xcb,0xfe,0xea,0xff,0x6c,0xfe,0xe7,0xfd,0xe7,0xfd,0xe7,0xfd,0xe7,0xfd,0xea,0xff,0xef,0xfb,0x00,0x00,0x00,0x00,0x00,0x00,
    0x00,0x00,0x00,0x00,0x00,0x00,0x00,0x00,0xe7,0xfd,0x00,0x00,0xcb,0xfe,0x4c,0xff,0xcb,0xfe,0x4c,0xff,0xeb,0xfe,0x00,0x00,0x00,0x00,0x00,0x00,0x00,0x00,0x00,0x00,0x00,0x00,0x00,0x00,0x00,0x00,0xef,0xff,0xef,0xff,0x00,0x00,
    0x00,0x00,0x00,0x00,0xe0,0xff,0x6c,0xfe,0x00,0x00,0xac,0xfe,0xeb,0xfe,0xec,0xfe,0xcb,0xfe,0x0c,0xff,0xcb,0xfe,0xcb,0xfe,0xcb,0xfe,0xeb,0xfe,0x0c,0xff,0x0c,0xff,0x0c,0xff,0x2c,0xff,0x0b,0xff,0x00,0x00,0x00,0x00,0xe0,0xff,
    0x00,0x00,0x00,0xf8,0x00,0x00,0x00,0x00,0x00,0x00,0xeb,0xfe,0x2c,0xff,0xcb,0xfe,0xcb,0xfe,0xcb,0xfe,0x0c,0xff,0x4c,0xff,0x6c,0xff,0x0c,0xff,0xec,0xfe,0xec,0xfe,0xec,0xfe,0xab,0xfe,0xeb,0xfe,0x0c,0xff,0xab,0xfe,0x00,0x00,
    0xe0,0xff,0x00,0x00,0x0e,0xff,0xec,0xfe,0xec,0xfe,0x2c,0xff,0xcb,0xfe,0xcb,0xfe,0xcb,0xfe,0xcb,0xfe,0xcb,0xfe,0xeb,0xfe,0xaa,0xf5,0x88,0xec,0xc9,0xec,0xc9,0xec,0xa9,0xec,0xe9,0xec,0xab,0xfe,0x6c,0xff,0xcb,0xfe,0x0b,0xff,
    0xe0,0xff,0x6c,0xfe,0xcb,0xfe,0x6c,0xff,0x2c,0xff,0xcb,0xfe,0xcb,0xfe,0xcb,0xfe,0xcb,0xfe,0xcb,0xfe,0xeb,0xfe,0x8b,0xfe,0xa8,0xec,0x4b,0xfe,0xeb,0xfe,0xcb,0xfe,0xcb,0xfe,0xcb,0xfe,0xeb,0xfe,0xeb,0xfe,0x4c,0xff,0xeb,0xfe,
    0x00,0x00,0xec,0xfe,0x4c,0xff,0xcb,0xfe,0xcb,0xfe,0xcb,0xfe,0xcb,0xfe,0xcb,0xfe,0xcb,0xfe,0xcb,0xfe,0xeb,0xfe,0x8b,0xfe,0xc9,0xec,0x0a,0xfe,0x8b,0xfe,0x6b,0xfe,0x6b,0xfe,0x6b,0xfe,0x6b,0xfe,0x4a,0xfe,0x69,0xf5,0xca,0xfd,
    0x00,0x00,0xab,0xfe,0x0c,0xff,0xcb,0xfe,0xcb,0xfe,0xcb,0xfe,0xcb,0xfe,0xcb,0xfe,0xcb,0xfe,0xcb,0xfe,0xcb,0xfe,0xeb,0xfe,0x69,0xf5,0x68,0xec,0xc9,0xec,0xc9,0xec,0xc9,0xec,0xc9,0xec,0xc9,0xec,0xe9,0xfc,0x09,0xf5,0x64,0xdb,
    0x00,0x00,0xcb,0xfe,0x0c,0xff,0xcb,0xfe,0xcb,0xfe,0xcb,0xfe,0xcb,0xfe,0xcb,0xfe,0xcb,0xfe,0xcb,0xfe,0xeb,0xfe,0xcb,0xfe,0xc9,0xec,0x0a,0xfe,0xeb,0xfe,0xcb,0xfe,0xcb,0xfe,0xcb,0xfe,0xcb,0xfe,0xcb,0xfe,0x0c,0xff,0xec,0xfe,
    0x00,0x00,0xcb,0xfe,0x0c,0xff,0xcb,0xfe,0xcb,0xfe,0xcb,0xfe,0xcb,0xfe,0xcb,0xfe,0xcb,0xfe,0xcb,0xfe,0xeb,0xfe,0xcb,0xfe,0xe9,0xf4,0xea,0xf5,0xab,0xfe,0x8b,0xfe,0x8b,0xfe,0x8b,0xfe,0xab,0xfe,0x2a,0xfe,0x49,0xf5,0x4b,0xfe,
    0x00,0x00,0xcb,0xfe,0x0c,0xff,0xcb,0xfe,0xcb,0xfe,0xcb,0xfe,0xcb,0xfe,0xcb,0xfe,0xcb,0xfe,0xcb,0xfe,0xcb,0xfe,0x0c,0xff,0xaa,0xf5,0x68,0xec,0xc9,0xec,0xc9,0xec,0xc9,0xec,0xc9,0xec,0xc8,0xec,0x09,0xfd,0xa8,0xec,0x00,0x00,
    0x00,0x00,0xcb,0xfe,0x0c,0xff,0xcb,0xfe,0xcb,0xfe,0xcb,0xfe,0xcb,0xfe,0xcb,0xfe,0xcb,0xfe,0xcb,0xfe,0xcb,0xfe,0xeb,0xfe,0x09,0xf5,0xaa,0xf5,0xcb,0xfe,0xab,0xfe,0xab,0xfe,0xab,0xfe,0xab,0xfe,0x4c,0xff,0x2b,0xff,0x00,0x00,
    0x00,0x00,0xcb,0xfe,0x0c,0xff,0xcb,0xfe,0xcb,0xfe,0xcb,0xfe,0xcb,0xfe,0xcb,0xfe,0xcb,0xfe,0xcb,0xfe,0xcb,0xfe,0xeb,0xfe,0x09,0xf5,0x8a,0xf5,0xab,0xfe,0x6b,0xfe,0x8b,0xfe,0x8b,0xfe,0x8b,0xfe,0xea,0xfd,0x89,0xf5,0x00,0x00,
    0x00,0x00,0xec,0xfe,0x0c,0xff,0xcb,0xfe,0xcb,0xfe,0xcb,0xfe,0xcb,0xfe,0xcb,0xfe,0xcb,0xfe,0xcb,0xfe,0xcb,0xfe,0xeb,0xfe,0x2a,0xfe,0x68,0xec,0xc9,0xec,0xc9,0xec,0xc9,0xec,0xc9,0xec,0xe9,0xf4,0xc9,0xf4,0xc6,0xdb,0xe0,0xff,
    0x00,0x00,0xcb,0xfe,0x2c,0xff,0x4c,0xff,0xeb,0xfe,0xcb,0xfe,0xcb,0xfe,0xcb,0xfe,0xcb,0xfe,0xcb,0xfe,0xcb,0xfe,0x0c,0xff,0xca,0xf5,0x09,0xf5,0xcb,0xfe,0xcb,0xfe,0xcb,0xfe,0xab,0xfe,0x0c,0xff,0xeb,0xfe,0xef,0xff,0x00,0x00,
    0xef,0xfb,0x00,0x00,0xcb,0xfe,0x0c,0xff,0xcb,0xfe,0x0c,0xff,0xcb,0xfe,0xcb,0xfe,0xcb,0xfe,0xcb,0xfe,0xcb,0xfe,0x0c,0xff,0xaa,0xf5,0xe9,0xf4,0x8b,0xfe,0x6b,0xfe,0x6b,0xfe,0x8b,0xfe,0x2b,0xfe,0x49,0xf5,0xed,0xff,0x00,0xf8,
    0x00,0x00,0x00,0x00,0x00,0x00,0x00,0x00,0xeb,0xfe,0xeb,0xfe,0xeb,0xfe,0xcb,0xfe,0xcb,0xfe,0xcb,0xfe,0xcb,0xfe,0xeb,0xfe,0xcb,0xfe,0x29,0xf5,0x88,0xec,0xa8,0xec,0xa8,0xec,0xa8,0xec,0xc9,0xf4,0x48,0xec,0x00,0x00,0x4a,0xfd,
    0x00,0x00,0x00,0x00,0x00,0x02,0x01,0x95,0xe7,0x9c,0x06,0x02,0x01,0x00,0x00,0x00,0x00,0x00,0x00,0x00,0x00,0x00,0x00,0x00,0x00,0x00,0x01,0x00,0x05,0xe1,0xff,0xff,0x79,0x00,0x03,0x00,0x00,0x00,0x00,0x00,0x00,0x00,0x00,0x00,
    0x00,0x00,0x00,0x00,0x01,0x00,0x05,0xd8,0xfe,0xfd,0xde,0x06,0x00,0x01,0x00,0x00,0x00,0x00,0x00,0x00,0x00,0x00,0x00,0x00,0x00,0x00,0x01,0x00,0x07,0xe0,0xff,0xff,0xf6,0x1b,0x00,0x02,0x00,0x00,0x00,0x00,0x00,0x00,0x00,0x00,
    0x00,0x00,0x00,0x00,0x02,0x00,0x1c,0xf6,0xff,0xff,0xe7,0x0c,0x00,0x01,0x00,0x00,0x00,0x00,0x00,0x00,0x00,0x00,0x00,0x00,0x00,0x00,0x03,0x01,0x48,0xff,0xfa,0xff,0xc6,0x03,0x05,0x04,0x04,0x04,0x04,0x03,0x02,0x00,0x00,0x00,
    0x00,0x00,0x00,0x00,0x04,0x00,0x93,0xff,0xf7,0xff,0x9a,0x00,0x00,0x00,0x00,0x00,0x00,0x00,0x00,0x02,0x02,0x00,0x00,0x00,0x01,0x05,0x00,0x0d,0xe9,0xff,0xfc,0xff,0xd7,0x83,0x85,0x7b,0x6f,0x6a,0x5a,0x40,0x1b,0x00,0x00,0x01,
    0x00,0x01,0x00,0x00,0x00,0x9a,0xff,0xfc,0xff,0xff,0xff,0xff,0xff,0xff,0xff,0xff,0xff,0xff,0xf2,0xb3,0x27,0x00,0x01,0x00,0x09,0x5a,0xbe,0xff,0xfd,0xff,0xff,0xff,0xfe,0xfb,0xfb,0xfb,0xfb,0xfb,0xfb,0xfe,0xff,0xff,0xde,0x11,
    0x01,0x0f,0xc9,0xff,0xff,0xfd,0xff,0xff,0xff,0xff,0xff,0xff,0xff,0xff,0xff,0xff,0xff,0xff,0xfe,0xfa,0xff,0x61,0x00,0x3d,0xff,0xfa,0xfc,0xff,0xff,0xff,0xff,0xff,0xff,0xff,0xff,0xff,0xff,0xff,0xff,0xff,0xff,0xfd,0xfd,0x57,
    0x00,0x41,0xfd,0xfd,0xff,0xff,0xff,0xff,0xff,0xff,0xff,0xff,0xff,0xff,0xff,0xff,0xff,0xff,0xfd,0xff,0xd6,0x07,0x00,0x40,0xff,0xfd,0xff,0xff,0xff,0xff,0xff,0xff,0xff,0xff,0xff,0xff,0xff,0xff,0xff,0xff,0xff,0xff,0xf8,0x35,
    0x00,0x40,0xff,0xfd,0xff,0xff,0xff,0xff,0xff,0xff,0xff,0xff,0xff,0xff,0xff,0xff,0xff,0xff,0xfe,0xff,0xff,0x30,0x00,0x40,0xff,0xfd,0xff,0xff,0xff,0xff,0xff,0xff,0xff,0xff,0xff,0xff,0xff,0xff,0xff,0xff,0xfc,0xff,0x89,0x00,
    0x00,0x40,0xff,0xfd,0xff,0xff,0xff,0xff,0xff,0xff,0xff,0xff,0xff,0xff,0xff,0xff,0xff,0xff,0xfb,0xfe,0x7d,0x00,0x00,0x40,0xff,0xfd,0xff,0xff,0xff,0xff,0xff,0xff,0xff,0xff,0xff,0xff,0xff,0xff,0xff,0xff,0xfb,0xff,0x87,0x00,
    0x00,0x42,0xfe,0xfa,0xff,0xff,0xff,0xff,0xff,0xff,0xff,0xff,0xff,0xff,0xff,0xff,0xff,0xfd,0xfe,0xd7,0x17,0x01,0x00,0x28,0xff,0xff,0xff,0xfe,0xff,0xff,0xff,0xff,0xff,0xff,0xff,0xff,0xff,0xff,0xff,0xfd,0xfe,0xd4,0x02,0x00,
    0x02,0x00,0x6b,0xc3,0xf9,0xff,0xfe,0xff,0xff,0xff,0xff,0xff,0xff,0xff,0xff,0xff,0xff,0xfd,0xff,0xe0,0x07,0x01,0x00,0x00,0x00,0x00,0x43,0xd5,0xfe,0xfe,0xff,0xff,0xff,0xff,0xff,0xff,0xff,0xff,0xfe,0xfd,0xee,0x56,0x00,0x03,

};

const lv_image_dsc_t emoji_thumbsup_22 = {
  .header.magic = LV_IMAGE_HEADER_MAGIC,
  .header.cf = LV_COLOR_FORMAT_RGB565A8,
  .header.flags = 0,
  .header.w = 22,
  .header.h = 22,
  .header.stride = 44,
  .data_size = sizeof(emoji_thumbsup_22_map),
  .data = emoji_thumbsup_22_map,
};




#ifndef LV_ATTRIBUTE_MEM_ALIGN
#define LV_ATTRIBUTE_MEM_ALIGN
#endif

#ifndef LV_ATTRIBUTE_EMOJI_HEART_22
#define LV_ATTRIBUTE_EMOJI_HEART_22
#endif

static const
LV_ATTRIBUTE_MEM_ALIGN LV_ATTRIBUTE_LARGE_CONST LV_ATTRIBUTE_EMOJI_HEART_22
uint8_t emoji_heart_22_map[] = {

    0x00,0x00,0x00,0x00,0x00,0x00,0x0a,0xf8,0x00,0x00,0x00,0x00,0x00,0x00,0x00,0x00,0x0a,0xf8,0x00,0x00,0x00,0x00,0x00,0x00,0x00,0x00,0x0a,0xf8,0x00,0x00,0x00,0x00,0x00,0x00,0x00,0x00,0x0a,0xf8,0x00,0x00,0x00,0x00,0x00,0x00,
    0x00,0x00,0x00,0x00,0x00,0x78,0x00,0x00,0x00,0x00,0xc6,0xc0,0xa6,0xb8,0xe3,0xb8,0x00,0x00,0x00,0x00,0x00,0x00,0x00,0x00,0x00,0x00,0x00,0x00,0xe3,0xb8,0xa6,0xb8,0xc6,0xc0,0x00,0x00,0x00,0x00,0x00,0x78,0x00,0x00,0x00,0x00,
    0x00,0x00,0x00,0xf8,0x00,0x00,0xc6,0xb8,0xc6,0xc0,0xc6,0xc0,0xc6,0xb8,0xc6,0xc0,0xc6,0xb8,0x0a,0xa8,0x00,0xf8,0x00,0xf8,0x0a,0xa8,0xc6,0xb8,0xc6,0xc0,0xc6,0xb8,0xc6,0xc0,0xc6,0xc0,0xc6,0xb8,0x00,0x00,0x00,0xf8,0x00,0x00,
    0x0f,0xf8,0x00,0x00,0xc6,0xb8,0xc6,0xc8,0xc6,0xc0,0xc6,0xb8,0xc6,0xb8,0xc6,0xc0,0xc6,0xd0,0xc6,0xb8,0x00,0xf8,0x00,0xf8,0xc6,0xb8,0xc6,0xd0,0xc6,0xc0,0xc6,0xb8,0xc6,0xb8,0xc6,0xc0,0xc6,0xc8,0xc6,0xb8,0x00,0x00,0x0f,0xf8,
    0x00,0x00,0xa6,0xb8,0xc6,0xc0,0xc6,0xb8,0xc6,0xb8,0xc6,0xb8,0xc6,0xb8,0xc6,0xb8,0xc6,0xb8,0xe6,0xd0,0xc6,0xb8,0xc6,0xb8,0xe6,0xd0,0xc6,0xb8,0xc6,0xb8,0xc6,0xb8,0xc6,0xb8,0xc6,0xb8,0xc6,0xb8,0xc6,0xc0,0xa6,0xb8,0x00,0x00,
    0x00,0x00,0xc6,0xb8,0xc6,0xc8,0xc6,0xb8,0xc6,0xb8,0xc6,0xb8,0xc6,0xb8,0xc6,0xb8,0xc6,0xb8,0xc6,0xc0,0xc6,0xb8,0xc6,0xb8,0xc6,0xc0,0xc6,0xb8,0xc6,0xb8,0xc6,0xb8,0xc6,0xb8,0xc6,0xb8,0xc6,0xb8,0xc6,0xc8,0xc6,0xb8,0x00,0x00,
    0x00,0x00,0xc6,0xb8,0xc6,0xc8,0xc6,0xb8,0xc6,0xb8,0xc6,0xb8,0xc6,0xb8,0xc6,0xb8,0xc6,0xb8,0xc6,0xb8,0xc6,0xc0,0xc6,0xc0,0xc6,0xb8,0xc6,0xb8,0xc6,0xb8,0xc6,0xb8,0xc6,0xb8,0xc6,0xb8,0xc6,0xb8,0xc6,0xc8,0xc6,0xb8,0x00,0x00,
    0x00,0x00,0xc6,0xb8,0xc6,0xc8,0xc6,0xb8,0xc6,0xb8,0xc6,0xb8,0xc6,0xb8,0xc6,0xb8,0xc6,0xb8,0xc6,0xb8,0xc6,0xb8,0xc6,0xb8,0xc6,0xb8,0xc6,0xb8,0xc6,0xb8,0xc6,0xb8,0xc6,0xb8,0xc6,0xb8,0xc6,0xb8,0xc6,0xc8,0xc6,0xb8,0x00,0x00,
    0x00,0x00,0xc6,0xb8,0xc6,0xc8,0xc6,0xb8,0xc6,0xb8,0xc6,0xb8,0xc6,0xb8,0xc6,0xb8,0xc6,0xb8,0xc6,0xb8,0xc6,0xb8,0xc6,0xb8,0xc6,0xb8,0xc6,0xb8,0xc6,0xb8,0xc6,0xb8,0xc6,0xb8,0xc6,0xb8,0xc6,0xb8,0xc6,0xc8,0xc6,0xb8,0x00,0x00,
    0x00,0x00,0xc6,0xb8,0xc6,0xc0,0xc6,0xb8,0xc6,0xb8,0xc6,0xb8,0xc6,0xb8,0xc6,0xb8,0xc6,0xb8,0xc6,0xb8,0xc6,0xb8,0xc6,0xb8,0xc6,0xb8,0xc6,0xb8,0xc6,0xb8,0xc6,0xb8,0xc6,0xb8,0xc6,0xb8,0xc6,0xb8,0xc6,0xc0,0xc6,0xb8,0x00,0x00,
    0x00,0x78,0x0a,0xa8,0xc6,0xb8,0xc6,0xc0,0xc6,0xb8,0xc6,0xb8,0xc6,0xb8,0xc6,0xb8,0xc6,0xb8,0xc6,0xb8,0xc6,0xb8,0xc6,0xb8,0xc6,0xb8,0xc6,0xb8,0xc6,0xb8,0xc6,0xb8,0xc6,0xb8,0xc6,0xb8,0xc6,0xc0,0xc6,0xb8,0x0a,0xa8,0x00,0x78,
    0x0a,0xa8,0x00,0x00,0xa6,0xb8,0xc6,0xc0,0xc6,0xb8,0xc6,0xb8,0xc6,0xb8,0xc6,0xb8,0xc6,0xb8,0xc6,0xb8,0xc6,0xb8,0xc6,0xb8,0xc6,0xb8,0xc6,0xb8,0xc6,0xb8,0xc6,0xb8,0xc6,0xb8,0xc6,0xb8,0xc6,0xc0,0xa6,0xb8,0x00,0x00,0x0a,0xa8,
    0x00,0x00,0x0a,0xa8,0x00,0x00,0xc6,0xb8,0xc6,0xc8,0xc6,0xb8,0xc6,0xb8,0xc6,0xb8,0xc6,0xb8,0xc6,0xb8,0xc6,0xb8,0xc6,0xb8,0xc6,0xb8,0xc6,0xb8,0xc6,0xb8,0xc6,0xb8,0xc6,0xb8,0xc6,0xc8,0xc6,0xb8,0x00,0x00,0x0a,0xa8,0x00,0x00,
    0x00,0x00,0x00,0xf8,0x00,0xf8,0xc6,0xb0,0xc6,0xb8,0xc6,0xc8,0xc6,0xb8,0xc6,0xb8,0xc6,0xb8,0xc6,0xb8,0xc6,0xb8,0xc6,0xb8,0xc6,0xb8,0xc6,0xb8,0xc6,0xb8,0xc6,0xb8,0xc6,0xc8,0xc6,0xb8,0xc6,0xb0,0x00,0xf8,0x00,0xf8,0x00,0x00,
    0x00,0x00,0x00,0x00,0x00,0x78,0x00,0x00,0xa6,0xb0,0xc6,0xc0,0xc6,0xc0,0xc6,0xb8,0xc6,0xb8,0xc6,0xb8,0xc6,0xb8,0xc6,0xb8,0xc6,0xb8,0xc6,0xb8,0xc6,0xb8,0xc6,0xc0,0xc6,0xc0,0xa6,0xb0,0x00,0x00,0x00,0x78,0x00,0x00,0x00,0x00,
    0x00,0x00,0x00,0x00,0x00,0x00,0x0a,0xa8,0x00,0x00,0xa6,0xb8,0xc6,0xc0,0xc6,0xc0,0xc6,0xb8,0xc6,0xb8,0xc6,0xb8,0xc6,0xb8,0xc6,0xb8,0xc6,0xb8,0xc6,0xc0,0xc6,0xc0,0xa6,0xb8,0x00,0x00,0x0a,0xa8,0x00,0x00,0x00,0x00,0x00,0x00,
    0x00,0x00,0x00,0x00,0x00,0x00,0x00,0x00,0x0a,0xa8,0x00,0x00,0xc6,0xb8,0xc6,0xc0,0xc6,0xc0,0xc6,0xb8,0xc6,0xb8,0xc6,0xb8,0xc6,0xb8,0xc6,0xc0,0xc6,0xc0,0xc5,0xb8,0x00,0x00,0x0a,0xa8,0x00,0x00,0x00,0x00,0x00,0x00,0x00,0x00,
    0x00,0x00,0x00,0x00,0x00,0x00,0x00,0x00,0x00,0x00,0x07,0xb8,0x00,0x00,0xc6,0xb8,0xc6,0xc0,0xc6,0xc0,0xc6,0xb8,0xc6,0xb8,0xc6,0xc0,0xc6,0xc0,0xc6,0xb8,0x00,0x00,0x07,0xb8,0x00,0x00,0x00,0x00,0x00,0x00,0x00,0x00,0x00,0x00,
    0x00,0x00,0x00,0x00,0x00,0x00,0x00,0x00,0x00,0x00,0x00,0x00,0x07,0xb8,0x00,0x00,0xc6,0xb8,0xc6,0xc0,0xc6,0xc0,0xc6,0xc0,0xc6,0xc0,0xc6,0xb8,0x00,0x00,0x07,0xb8,0x00,0x00,0x00,0x00,0x00,0x00,0x00,0x00,0x00,0x00,0x00,0x00,
    0x00,0x00,0x00,0x00,0x00,0x00,0x00,0x00,0x00,0x00,0x00,0x00,0x00,0x00,0x07,0xb8,0x00,0x00,0xc5,0xb0,0xc6,0xc0,0xc6,0xc0,0xc5,0xb0,0x00,0x00,0x07,0xb8,0x00,0x00,0x00,0x00,0x00,0x00,0x00,0x00,0x00,0x00,0x00,0x00,0x00,0x00,
    0x00,0x00,0x00,0x00,0x00,0x00,0x00,0x00,0x00,0x00,0x00,0x00,0x00,0x00,0x00,0x00,0x0a,0xa8,0x00,0x00,0xc6,0x98,0xc6,0x98,0x00,0x00,0x0a,0xa8,0x00,0x00,0x00,0x00,0x00,0x00,0x00,0x00,0x00,0x00,0x00,0x00,0x00,0x00,0x00,0x00,
    0x00,0x00,0x00,0x00,0x00,0x00,0x00,0x00,0x00,0x00,0x00,0x00,0x00,0x00,0x00,0x00,0x00,0x00,0x00,0x78,0x00,0x00,0x00,0x00,0x00,0x78,0x00,0x00,0x00,0x00,0x00,0x00,0x00,0x00,0x00,0x00,0x00,0x00,0x00,0x00,0x00,0x00,0x00,0x00,
    0x00,0x00,0x00,0x03,0x00,0x00,0x00,0x00,0x03,0x01,0x00,0x00,0x01,0x03,0x00,0x00,0x00,0x00,0x03,0x00,0x00,0x00,0x00,0x00,0x02,0x00,0x00,0x1f,0x23,0x08,0x00,0x00,0x00,0x00,0x00,0x00,0x08,0x23,0x1f,0x00,0x00,0x02,0x00,0x00,
    0x00,0x02,0x00,0x5d,0xce,0xf5,0xf9,0xdd,0x7d,0x03,0x01,0x01,0x03,0x7d,0xdd,0xf9,0xf5,0xce,0x5d,0x00,0x02,0x00,0x02,0x00,0x7d,0xff,0xff,0xff,0xff,0xff,0xff,0xab,0x01,0x01,0xab,0xff,0xff,0xff,0xff,0xff,0xff,0x7c,0x00,0x02,
    0x00,0x37,0xff,0xfc,0xfc,0xfe,0xfe,0xfd,0xf9,0xff,0x5f,0x5f,0xff,0xf9,0xfd,0xfe,0xfe,0xfc,0xfc,0xff,0x37,0x00,0x00,0x96,0xfe,0xfb,0xff,0xff,0xff,0xff,0xfe,0xfd,0xe9,0xe9,0xfd,0xfe,0xff,0xff,0xff,0xff,0xfb,0xfe,0x96,0x00,
    0x00,0xbf,0xff,0xfc,0xff,0xff,0xff,0xff,0xff,0xff,0xff,0xff,0xff,0xff,0xff,0xff,0xff,0xff,0xfc,0xff,0xbf,0x00,0x00,0xba,0xff,0xfc,0xff,0xff,0xff,0xff,0xff,0xff,0xfe,0xfe,0xff,0xff,0xff,0xff,0xff,0xff,0xfc,0xff,0xba,0x00,
    0x00,0x8d,0xfe,0xfb,0xff,0xff,0xff,0xff,0xff,0xff,0xff,0xff,0xff,0xff,0xff,0xff,0xff,0xff,0xfb,0xfe,0x8d,0x00,0x00,0x3f,0xff,0xfd,0xff,0xff,0xff,0xff,0xff,0xff,0xff,0xff,0xff,0xff,0xff,0xff,0xff,0xff,0xfd,0xff,0x3f,0x00,
    0x02,0x03,0xca,0xff,0xfc,0xff,0xff,0xff,0xff,0xff,0xff,0xff,0xff,0xff,0xff,0xff,0xff,0xfc,0xff,0xca,0x03,0x02,0x03,0x00,0x41,0xff,0xfb,0xff,0xff,0xff,0xff,0xff,0xff,0xff,0xff,0xff,0xff,0xff,0xff,0xfb,0xff,0x41,0x00,0x03,
    0x00,0x03,0x00,0x98,0xff,0xfb,0xff,0xff,0xff,0xff,0xff,0xff,0xff,0xff,0xff,0xff,0xfb,0xff,0x98,0x00,0x03,0x00,0x00,0x01,0x02,0x0a,0xce,0xff,0xfc,0xff,0xff,0xff,0xff,0xff,0xff,0xff,0xff,0xfc,0xff,0xce,0x0a,0x02,0x01,0x00,
    0x00,0x00,0x02,0x00,0x23,0xe8,0xff,0xfc,0xff,0xff,0xff,0xff,0xff,0xff,0xfc,0xff,0xe8,0x23,0x00,0x02,0x00,0x00,0x00,0x00,0x00,0x03,0x00,0x38,0xf1,0xff,0xfd,0xff,0xff,0xff,0xff,0xfd,0xff,0xf1,0x38,0x00,0x03,0x00,0x00,0x00,
    0x00,0x00,0x00,0x00,0x03,0x00,0x3d,0xf1,0xff,0xfc,0xff,0xff,0xfc,0xff,0xf1,0x3c,0x00,0x03,0x00,0x00,0x00,0x00,0x00,0x00,0x00,0x00,0x00,0x04,0x00,0x3c,0xf0,0xff,0xfc,0xfc,0xff,0xf0,0x3c,0x00,0x04,0x00,0x00,0x00,0x00,0x00,
    0x00,0x00,0x00,0x00,0x00,0x00,0x04,0x00,0x33,0xe1,0xff,0xff,0xe1,0x33,0x00,0x04,0x00,0x00,0x00,0x00,0x00,0x00,0x00,0x00,0x00,0x00,0x00,0x00,0x00,0x04,0x00,0x1f,0xcf,0xcf,0x1f,0x00,0x04,0x00,0x00,0x00,0x00,0x00,0x00,0x00,
    0x00,0x00,0x00,0x00,0x00,0x00,0x00,0x00,0x03,0x00,0x0a,0x0a,0x00,0x03,0x00,0x00,0x00,0x00,0x00,0x00,0x00,0x00,0x00,0x00,0x00,0x00,0x00,0x00,0x00,0x00,0x00,0x02,0x00,0x00,0x02,0x00,0x00,0x00,0x00,0x00,0x00,0x00,0x00,0x00,

};

const lv_image_dsc_t emoji_heart_22 = {
  .header.magic = LV_IMAGE_HEADER_MAGIC,
  .header.cf = LV_COLOR_FORMAT_RGB565A8,
  .header.flags = 0,
  .header.w = 22,
  .header.h = 22,
  .header.stride = 44,
  .data_size = sizeof(emoji_heart_22_map),
  .data = emoji_heart_22_map,
};




#ifndef LV_ATTRIBUTE_MEM_ALIGN
#define LV_ATTRIBUTE_MEM_ALIGN
#endif

#ifndef LV_ATTRIBUTE_EMOJI_WIRELESS_22
#define LV_ATTRIBUTE_EMOJI_WIRELESS_22
#endif

static const
LV_ATTRIBUTE_MEM_ALIGN LV_ATTRIBUTE_LARGE_CONST LV_ATTRIBUTE_EMOJI_WIRELESS_22
uint8_t emoji_wireless_22_map[] = {

    0x38,0x2c,0x59,0x2c,0x59,0x2c,0x38,0x2c,0x38,0x2c,0x38,0x2c,0x38,0x2c,0x38,0x2c,0x38,0x2c,0x38,0x2c,0x38,0x2c,0x38,0x2c,0x38,0x2c,0x38,0x2c,0x38,0x2c,0x38,0x2c,0x38,0x2c,0x38,0x2c,0x38,0x2c,0x59,0x2c,0x59,0x2c,0x39,0x2c,
    0x38,0x2c,0x7a,0x2c,0x38,0x2c,0x38,0x2c,0x38,0x2c,0x38,0x2c,0x38,0x2c,0x38,0x2c,0x38,0x2c,0x38,0x2c,0x38,0x2c,0x38,0x2c,0x38,0x2c,0x38,0x2c,0x38,0x2c,0x38,0x2c,0x38,0x2c,0x38,0x2c,0x38,0x2c,0x38,0x2c,0x7a,0x2c,0x38,0x2c,
    0x59,0x2c,0x38,0x2c,0x38,0x2c,0x38,0x2c,0x38,0x2c,0x38,0x2c,0x38,0x2c,0x38,0x2c,0x38,0x2c,0x38,0x2c,0x38,0x2c,0x38,0x2c,0x38,0x2c,0x38,0x2c,0x38,0x2c,0x38,0x2c,0x38,0x2c,0x38,0x2c,0x38,0x2c,0x38,0x2c,0x38,0x2c,0x59,0x2c,
    0x38,0x2c,0x38,0x2c,0x38,0x2c,0x38,0x2c,0x38,0x2c,0x38,0x2c,0x58,0x2c,0x59,0x2c,0x59,0x2c,0x58,0x2c,0x58,0x2c,0x58,0x2c,0x58,0x2c,0x59,0x2c,0x59,0x2c,0x58,0x2c,0x38,0x2c,0x38,0x2c,0x38,0x2c,0x38,0x2c,0x38,0x2c,0x38,0x2c,
    0x38,0x2c,0x38,0x2c,0x38,0x2c,0x38,0x2c,0x59,0x2c,0x58,0x2c,0x38,0x24,0xf8,0x1b,0xf8,0x1b,0x18,0x24,0x18,0x24,0x18,0x24,0x18,0x24,0xf8,0x1b,0xf8,0x1b,0x38,0x24,0x59,0x2c,0x59,0x2c,0x38,0x2c,0x38,0x2c,0x38,0x2c,0x38,0x2c,
    0x38,0x2c,0x38,0x2c,0x38,0x2c,0x58,0x2c,0x18,0x24,0x18,0x24,0xb9,0x44,0x9b,0x75,0x5c,0xa6,0xfd,0xc6,0x3e,0xd7,0x3e,0xd7,0xfd,0xc6,0x5c,0xa6,0x9b,0x75,0xb9,0x44,0x18,0x24,0x18,0x24,0x59,0x2c,0x38,0x2c,0x38,0x2c,0x38,0x2c,
    0x38,0x2c,0x38,0x2c,0x38,0x2c,0x18,0x24,0x3a,0x5d,0xdd,0xbe,0xff,0xff,0xff,0xff,0xff,0xff,0xff,0xff,0xff,0xff,0xff,0xff,0xff,0xff,0xff,0xff,0xff,0xff,0xff,0xff,0xbd,0xb6,0x1a,0x5d,0x18,0x24,0x38,0x2c,0x38,0x2c,0x38,0x2c,
    0x38,0x2c,0x38,0x2c,0x38,0x24,0x9d,0xae,0xff,0xff,0xff,0xff,0x7e,0xe7,0x5c,0xa6,0x7b,0x6d,0xda,0x4c,0x99,0x3c,0x99,0x3c,0xfa,0x4c,0x7b,0x6d,0x7c,0xa6,0x9f,0xe7,0xff,0xff,0xff,0xff,0x7d,0xae,0x38,0x24,0x38,0x2c,0x38,0x2c,
    0x38,0x2c,0x59,0x2c,0x18,0x24,0x1c,0x8e,0x5e,0xdf,0x9b,0x75,0x58,0x2c,0xb8,0x13,0xd8,0x13,0x38,0x2c,0x79,0x3c,0x79,0x3c,0x38,0x2c,0xd8,0x13,0xd8,0x13,0x59,0x2c,0x9b,0x75,0x7e,0xdf,0x1c,0x96,0x18,0x24,0x59,0x2c,0x38,0x2c,
    0x38,0x2c,0x38,0x2c,0x38,0x2c,0x18,0x24,0x59,0x34,0xf8,0x1b,0x38,0x2c,0xbb,0x7d,0xdd,0xc6,0x9f,0xef,0xff,0xff,0xff,0xff,0x9f,0xef,0xdd,0xbe,0x9b,0x75,0x38,0x2c,0xf8,0x1b,0x59,0x34,0x18,0x24,0x38,0x2c,0x38,0x2c,0x38,0x2c,
    0x38,0x2c,0x38,0x2c,0x38,0x2c,0x59,0x2c,0x18,0x24,0xd9,0x4c,0x7f,0xe7,0xff,0xff,0xff,0xff,0xdf,0xf7,0x7e,0xdf,0x7e,0xdf,0xdf,0xf7,0xff,0xff,0xff,0xff,0x7e,0xdf,0xb9,0x44,0x18,0x24,0x58,0x2c,0x38,0x2c,0x38,0x2c,0x38,0x2c,
    0x38,0x2c,0x38,0x2c,0x38,0x2c,0x38,0x2c,0x38,0x2c,0x59,0x34,0xfe,0xc6,0xfd,0xc6,0x3a,0x5d,0x59,0x2c,0x18,0x1c,0x18,0x1c,0x59,0x34,0x3a,0x65,0xfe,0xc6,0xfe,0xc6,0x59,0x34,0x38,0x2c,0x58,0x2c,0x38,0x2c,0x38,0x2c,0x38,0x2c,
    0x38,0x2c,0x38,0x2c,0x38,0x2c,0x38,0x2c,0x58,0x2c,0x38,0x24,0x38,0x2c,0x38,0x2c,0xf8,0x13,0xb9,0x44,0x7b,0x6d,0x7b,0x6d,0xb9,0x44,0xd8,0x13,0x38,0x2c,0x38,0x2c,0x38,0x24,0x58,0x2c,0x38,0x2c,0x38,0x2c,0x38,0x2c,0x38,0x2c,
    0x38,0x2c,0x38,0x2c,0x38,0x2c,0x38,0x2c,0x38,0x2c,0x58,0x2c,0x59,0x2c,0x18,0x24,0x1c,0x96,0xff,0xff,0xff,0xff,0xff,0xff,0xff,0xff,0xfc,0x8d,0x18,0x24,0x59,0x2c,0x58,0x2c,0x38,0x2c,0x38,0x2c,0x38,0x2c,0x38,0x2c,0x38,0x2c,
    0x38,0x2c,0x38,0x2c,0x38,0x2c,0x38,0x2c,0x38,0x2c,0x38,0x2c,0x59,0x2c,0x18,0x24,0x1a,0x5d,0x3e,0xd7,0x3c,0x96,0x3c,0x9e,0x3e,0xd7,0x1a,0x55,0x18,0x24,0x59,0x2c,0x38,0x2c,0x38,0x2c,0x38,0x2c,0x38,0x2c,0x38,0x2c,0x38,0x2c,
    0x38,0x2c,0x38,0x2c,0x38,0x2c,0x38,0x2c,0x38,0x2c,0x38,0x2c,0x38,0x2c,0x38,0x2c,0x18,0x24,0x18,0x24,0x99,0x3c,0x79,0x3c,0x18,0x24,0x38,0x24,0x38,0x2c,0x38,0x2c,0x38,0x2c,0x38,0x2c,0x38,0x2c,0x38,0x2c,0x38,0x2c,0x38,0x2c,
    0x38,0x2c,0x38,0x2c,0x38,0x2c,0x38,0x2c,0x38,0x2c,0x38,0x2c,0x38,0x2c,0x58,0x2c,0x38,0x24,0xb9,0x44,0xff,0xff,0xdf,0xf7,0x79,0x3c,0x38,0x2c,0x38,0x2c,0x38,0x2c,0x38,0x2c,0x38,0x2c,0x38,0x2c,0x38,0x2c,0x38,0x2c,0x38,0x2c,
    0x38,0x2c,0x38,0x2c,0x38,0x2c,0x38,0x2c,0x38,0x2c,0x38,0x2c,0x38,0x2c,0x38,0x2c,0x38,0x24,0x99,0x3c,0x7e,0xdf,0x3e,0xd7,0x59,0x34,0x38,0x2c,0x38,0x2c,0x38,0x2c,0x38,0x2c,0x38,0x2c,0x38,0x2c,0x38,0x2c,0x38,0x2c,0x38,0x2c,
    0x38,0x2c,0x38,0x2c,0x38,0x2c,0x38,0x2c,0x38,0x2c,0x38,0x2c,0x38,0x2c,0x38,0x2c,0x58,0x2c,0x38,0x24,0x59,0x34,0x59,0x2c,0x38,0x24,0x58,0x2c,0x38,0x2c,0x38,0x2c,0x38,0x2c,0x38,0x2c,0x38,0x2c,0x38,0x2c,0x38,0x2c,0x38,0x2c,
    0x39,0x2c,0x38,0x2c,0x38,0x2c,0x38,0x2c,0x38,0x2c,0x38,0x2c,0x38,0x2c,0x38,0x2c,0x38,0x2c,0x58,0x2c,0x38,0x2c,0x38,0x2c,0x38,0x2c,0x38,0x2c,0x38,0x2c,0x38,0x2c,0x38,0x2c,0x38,0x2c,0x38,0x2c,0x38,0x2c,0x38,0x2c,0x59,0x2c,
    0x38,0x2c,0x7a,0x2c,0x38,0x2c,0x38,0x2c,0x38,0x2c,0x38,0x2c,0x38,0x2c,0x38,0x2c,0x38,0x2c,0x38,0x2c,0x38,0x2c,0x38,0x2c,0x38,0x2c,0x38,0x2c,0x38,0x2c,0x38,0x2c,0x38,0x2c,0x38,0x2c,0x38,0x2c,0x38,0x2c,0x7a,0x2c,0x38,0x2c,
    0x59,0x2c,0x59,0x2c,0x59,0x2c,0x38,0x2c,0x38,0x2c,0x38,0x2c,0x38,0x2c,0x38,0x2c,0x38,0x2c,0x38,0x2c,0x38,0x2c,0x38,0x2c,0x38,0x2c,0x38,0x2c,0x38,0x2c,0x38,0x2c,0x38,0x2c,0x38,0x2c,0x38,0x2c,0x59,0x2c,0x59,0x2c,0x39,0x2c,
    0x37,0xcd,0xfe,0xff,0xff,0xff,0xff,0xff,0xff,0xff,0xff,0xff,0xff,0xff,0xff,0xff,0xff,0xff,0xff,0xfe,0xcd,0x38,0xd9,0xff,0xfd,0xff,0xff,0xff,0xff,0xff,0xff,0xff,0xff,0xff,0xff,0xff,0xff,0xff,0xff,0xff,0xff,0xfd,0xff,0xd9,
    0xff,0xfd,0xff,0xff,0xff,0xff,0xff,0xff,0xff,0xff,0xff,0xff,0xff,0xff,0xff,0xff,0xff,0xff,0xff,0xff,0xfd,0xff,0xfe,0xff,0xff,0xff,0xff,0xff,0xff,0xff,0xff,0xff,0xff,0xff,0xff,0xff,0xff,0xff,0xff,0xff,0xff,0xff,0xff,0xfe,
    0xff,0xff,0xff,0xff,0xff,0xff,0xff,0xff,0xff,0xff,0xff,0xff,0xff,0xff,0xff,0xff,0xff,0xff,0xff,0xff,0xff,0xff,0xff,0xff,0xff,0xff,0xff,0xff,0xff,0xff,0xff,0xff,0xff,0xff,0xff,0xff,0xff,0xff,0xff,0xff,0xff,0xff,0xff,0xff,
    0xff,0xff,0xff,0xff,0xff,0xff,0xff,0xff,0xff,0xff,0xff,0xff,0xff,0xff,0xff,0xff,0xff,0xff,0xff,0xff,0xff,0xff,0xff,0xff,0xff,0xff,0xff,0xff,0xff,0xff,0xff,0xff,0xff,0xff,0xff,0xff,0xff,0xff,0xff,0xff,0xff,0xff,0xff,0xff,
    0xff,0xff,0xff,0xff,0xff,0xff,0xff,0xff,0xff,0xff,0xff,0xff,0xff,0xff,0xff,0xff,0xff,0xff,0xff,0xff,0xff,0xff,0xff,0xff,0xff,0xff,0xff,0xff,0xff,0xff,0xff,0xff,0xff,0xff,0xff,0xff,0xff,0xff,0xff,0xff,0xff,0xff,0xff,0xff,
    0xff,0xff,0xff,0xff,0xff,0xff,0xff,0xff,0xff,0xff,0xff,0xff,0xff,0xff,0xff,0xff,0xff,0xff,0xff,0xff,0xff,0xff,0xff,0xff,0xff,0xff,0xff,0xff,0xff,0xff,0xff,0xff,0xff,0xff,0xff,0xff,0xff,0xff,0xff,0xff,0xff,0xff,0xff,0xff,
    0xff,0xff,0xff,0xff,0xff,0xff,0xff,0xff,0xff,0xff,0xff,0xff,0xff,0xff,0xff,0xff,0xff,0xff,0xff,0xff,0xff,0xff,0xff,0xff,0xff,0xff,0xff,0xff,0xff,0xff,0xff,0xff,0xff,0xff,0xff,0xff,0xff,0xff,0xff,0xff,0xff,0xff,0xff,0xff,
    0xff,0xff,0xff,0xff,0xff,0xff,0xff,0xff,0xff,0xff,0xff,0xff,0xff,0xff,0xff,0xff,0xff,0xff,0xff,0xff,0xff,0xff,0xff,0xff,0xff,0xff,0xff,0xff,0xff,0xff,0xff,0xff,0xff,0xff,0xff,0xff,0xff,0xff,0xff,0xff,0xff,0xff,0xff,0xff,
    0xff,0xff,0xff,0xff,0xff,0xff,0xff,0xff,0xff,0xff,0xff,0xff,0xff,0xff,0xff,0xff,0xff,0xff,0xff,0xff,0xff,0xff,0xff,0xff,0xff,0xff,0xff,0xff,0xff,0xff,0xff,0xff,0xff,0xff,0xff,0xff,0xff,0xff,0xff,0xff,0xff,0xff,0xff,0xff,
    0xfe,0xff,0xff,0xff,0xff,0xff,0xff,0xff,0xff,0xff,0xff,0xff,0xff,0xff,0xff,0xff,0xff,0xff,0xff,0xff,0xff,0xfe,0xff,0xfe,0xff,0xff,0xff,0xff,0xff,0xff,0xff,0xff,0xff,0xff,0xff,0xff,0xff,0xff,0xff,0xff,0xff,0xff,0xfd,0xff,
    0xd2,0xff,0xfd,0xff,0xff,0xff,0xff,0xff,0xff,0xff,0xff,0xff,0xff,0xff,0xff,0xff,0xff,0xff,0xff,0xfd,0xff,0xd9,0x38,0xd4,0xfe,0xfe,0xff,0xff,0xff,0xff,0xff,0xff,0xff,0xff,0xff,0xff,0xff,0xff,0xff,0xff,0xff,0xfe,0xcd,0x38,

};

const lv_image_dsc_t emoji_wireless_22 = {
  .header.magic = LV_IMAGE_HEADER_MAGIC,
  .header.cf = LV_COLOR_FORMAT_RGB565A8,
  .header.flags = 0,
  .header.w = 22,
  .header.h = 22,
  .header.stride = 44,
  .data_size = sizeof(emoji_wireless_22_map),
  .data = emoji_wireless_22_map,
};




#ifndef LV_ATTRIBUTE_MEM_ALIGN
#define LV_ATTRIBUTE_MEM_ALIGN
#endif

#ifndef LV_ATTRIBUTE_EMOJI_INFINITY_22
#define LV_ATTRIBUTE_EMOJI_INFINITY_22
#endif

static const
LV_ATTRIBUTE_MEM_ALIGN LV_ATTRIBUTE_LARGE_CONST LV_ATTRIBUTE_EMOJI_INFINITY_22
uint8_t emoji_infinity_22_map[] = {

    0x00,0x00,0x00,0x00,0x00,0x00,0x55,0x55,0x00,0x00,0x00,0x00,0xdb,0x3c,0xbb,0x3c,0xbb,0x3c,0xbb,0x3c,0xbb,0x3c,0xbb,0x3c,0xbb,0x3c,0xbb,0x3c,0xbb,0x3c,0xdb,0x3c,0x00,0x00,0x00,0x00,0x55,0x55,0x00,0x00,0x00,0x00,0x00,0x00,
    0x00,0x00,0x00,0x00,0x55,0x55,0x00,0x00,0xba,0x3c,0xbb,0x3c,0xbb,0x3c,0xdc,0x3c,0xdc,0x3c,0xbb,0x3c,0xbb,0x3c,0xbb,0x3c,0xbb,0x3c,0xdc,0x3c,0xdc,0x3c,0xbb,0x3c,0xbb,0x3c,0xba,0x3c,0x00,0x00,0x55,0x55,0x00,0x00,0x00,0x00,
    0x00,0x00,0xff,0x7b,0x00,0x00,0x9a,0x3c,0xdb,0x3c,0x1d,0x45,0xbb,0x3c,0x9b,0x3c,0xbb,0x3c,0xbb,0x3c,0xbb,0x3c,0xbb,0x3c,0xbb,0x3c,0xbb,0x3c,0x9b,0x3c,0xbb,0x3c,0x1d,0x45,0xdb,0x3c,0x9a,0x3c,0x00,0x00,0xff,0x7b,0x00,0x00,
    0xff,0x7b,0x00,0x00,0x9b,0x3c,0xbb,0x3c,0xdc,0x3c,0x9b,0x3c,0xbb,0x3c,0xbb,0x3c,0xbb,0x3c,0xbb,0x3c,0xbb,0x3c,0xbb,0x3c,0xbb,0x3c,0xbb,0x3c,0xbb,0x3c,0xbb,0x3c,0x9b,0x3c,0xdc,0x3c,0xbb,0x3c,0x9b,0x3c,0x00,0x00,0xff,0x7b,
    0xff,0x7b,0xfb,0x3c,0xbb,0x3c,0xdc,0x3c,0x9b,0x3c,0xbb,0x3c,0xbb,0x3c,0xbb,0x3c,0xbb,0x3c,0xbb,0x3c,0xbb,0x3c,0xbb,0x3c,0xbb,0x3c,0xbb,0x3c,0xbb,0x3c,0xbb,0x3c,0xbb,0x3c,0x9b,0x3c,0xdc,0x3c,0xbb,0x3c,0xfb,0x3c,0xff,0x7b,
    0x00,0x00,0x9b,0x3c,0x1d,0x45,0xbb,0x3c,0xbb,0x3c,0x9b,0x34,0x9b,0x34,0x9b,0x3c,0xbb,0x3c,0xbb,0x3c,0xbb,0x3c,0xbb,0x3c,0xbb,0x3c,0xbb,0x3c,0x9b,0x3c,0x9b,0x34,0x9b,0x34,0xbb,0x3c,0xbb,0x3c,0x1d,0x45,0x9b,0x3c,0x00,0x00,
    0xbb,0x3c,0xbb,0x3c,0xbb,0x3c,0x9b,0x34,0x7a,0x34,0xfb,0x4c,0x3b,0x5d,0xdb,0x44,0x7a,0x2c,0x9b,0x3c,0xbb,0x3c,0xbb,0x3c,0x9b,0x3c,0x7a,0x2c,0xdb,0x44,0x3b,0x5d,0xfb,0x4c,0x7a,0x34,0x9b,0x34,0xbb,0x3c,0xbb,0x3c,0xbb,0x3c,
    0xbb,0x3c,0xfc,0x44,0x9a,0x34,0xfb,0x4c,0xde,0xbe,0xff,0xff,0xff,0xff,0x9f,0xef,0x5d,0x9e,0xbb,0x3c,0x9b,0x34,0xbb,0x3c,0xbb,0x44,0x5d,0x9e,0x9f,0xef,0xff,0xff,0xff,0xff,0xde,0xbe,0xfb,0x4c,0x9a,0x34,0xfc,0x44,0xbb,0x3c,
    0xbb,0x3c,0xdc,0x3c,0xdb,0x44,0x7f,0xe7,0xff,0xff,0x9f,0xef,0x1e,0xcf,0xff,0xff,0xff,0xff,0x5e,0xd7,0xfb,0x54,0x7a,0x2c,0x1e,0xc7,0xff,0xff,0xff,0xff,0x1e,0xcf,0x9f,0xef,0xff,0xff,0x7f,0xe7,0xdb,0x44,0xdc,0x3c,0xbb,0x3c,
    0xbb,0x3c,0x7b,0x2c,0x3d,0x96,0xff,0xff,0xde,0xbe,0xbb,0x3c,0x7a,0x34,0x1b,0x55,0x1e,0xcf,0xff,0xff,0x9f,0xe7,0xdb,0x44,0x9c,0x75,0xfe,0xc6,0x1b,0x55,0x7a,0x34,0xbb,0x3c,0xde,0xbe,0xff,0xff,0x3d,0x96,0x7b,0x2c,0xbb,0x3c,
    0xbb,0x3c,0x9a,0x34,0x1e,0xcf,0xff,0xff,0x3b,0x5d,0x7a,0x34,0xbb,0x44,0x9b,0x34,0x9b,0x3c,0xde,0xbe,0xff,0xff,0x3e,0xd7,0x9b,0x34,0x9b,0x34,0x9b,0x34,0xbb,0x44,0x7a,0x34,0x3b,0x5d,0xff,0xff,0x1e,0xcf,0x9a,0x34,0xbb,0x3c,
    0xbb,0x3c,0x9a,0x34,0x1e,0xcf,0xff,0xff,0x3b,0x5d,0x7a,0x34,0xbb,0x3c,0x9b,0x3c,0x7a,0x34,0x9b,0x34,0x3e,0xd7,0xff,0xff,0xde,0xbe,0x9b,0x3c,0x9b,0x34,0xbb,0x44,0x7a,0x34,0x3b,0x5d,0xff,0xff,0x1e,0xcf,0x9a,0x34,0xbb,0x3c,
    0xbb,0x3c,0x7b,0x2c,0x3d,0x96,0xff,0xff,0xde,0xbe,0xbb,0x3c,0x7a,0x34,0x1b,0x55,0xde,0xbe,0x3b,0x5d,0xdb,0x44,0x9f,0xe7,0xff,0xff,0x1e,0xcf,0x1b,0x55,0x7a,0x34,0xbb,0x3c,0xde,0xbe,0xff,0xff,0x3d,0x96,0x7b,0x2c,0xbb,0x3c,
    0xbb,0x3c,0xdc,0x3c,0xdb,0x44,0x7f,0xe7,0xff,0xff,0x9f,0xef,0x1e,0xcf,0xff,0xff,0xff,0xff,0xde,0xbe,0x5a,0x2c,0xfb,0x54,0x5e,0xd7,0xff,0xff,0xff,0xff,0x1e,0xcf,0x9f,0xef,0xff,0xff,0x7f,0xe7,0xdb,0x44,0xdc,0x3c,0xbb,0x3c,
    0xbb,0x3c,0xfc,0x44,0x9a,0x34,0xfb,0x4c,0xde,0xbe,0xff,0xff,0xff,0xff,0x9f,0xef,0x5d,0x9e,0xdb,0x44,0xbb,0x3c,0x9b,0x34,0xbb,0x3c,0x5d,0x9e,0x9f,0xef,0xff,0xff,0xff,0xff,0xde,0xbe,0xfb,0x4c,0x9a,0x34,0xfc,0x44,0xbb,0x3c,
    0xbb,0x3c,0xbb,0x3c,0xbb,0x3c,0x9b,0x34,0x7a,0x34,0xfb,0x4c,0x3b,0x5d,0xdb,0x44,0x7a,0x2c,0x9b,0x3c,0xbb,0x3c,0xbb,0x3c,0x9b,0x3c,0x7a,0x2c,0xdb,0x44,0x3b,0x5d,0xfb,0x4c,0x7a,0x34,0x9b,0x34,0xbb,0x3c,0xbb,0x3c,0xbb,0x3c,
    0x00,0x00,0x9b,0x3c,0x1d,0x45,0xbb,0x3c,0xbb,0x3c,0x9b,0x34,0x9b,0x34,0x9b,0x3c,0xbb,0x3c,0xbb,0x3c,0xbb,0x3c,0xbb,0x3c,0xbb,0x3c,0xbb,0x3c,0x9b,0x3c,0x9b,0x34,0x9b,0x34,0xbb,0x3c,0xbb,0x3c,0x1d,0x45,0x9b,0x3c,0x00,0x00,
    0xff,0x7b,0xfb,0x3c,0xbb,0x3c,0xdc,0x3c,0x9b,0x3c,0xbb,0x3c,0xbb,0x3c,0xbb,0x3c,0xbb,0x3c,0xbb,0x3c,0xbb,0x3c,0xbb,0x3c,0xbb,0x3c,0xbb,0x3c,0xbb,0x3c,0xbb,0x3c,0xbb,0x3c,0x9b,0x3c,0xdc,0x3c,0xbb,0x3c,0xfb,0x3c,0xff,0x7b,
    0xff,0x7b,0x00,0x00,0x9b,0x3c,0xbb,0x3c,0xdc,0x3c,0x9b,0x3c,0xbb,0x3c,0xbb,0x3c,0xbb,0x3c,0xbb,0x3c,0xbb,0x3c,0xbb,0x3c,0xbb,0x3c,0xbb,0x3c,0xbb,0x3c,0xbb,0x3c,0x9b,0x3c,0xdc,0x3c,0xbb,0x3c,0x9b,0x3c,0x00,0x00,0xff,0x7b,
    0x00,0x00,0xff,0x7b,0x00,0x00,0x9a,0x3c,0xdb,0x3c,0x1d,0x45,0xbb,0x3c,0x9b,0x3c,0xbb,0x3c,0xbb,0x3c,0xbb,0x3c,0xbb,0x3c,0xbb,0x3c,0xbb,0x3c,0x9b,0x3c,0xbb,0x3c,0x1d,0x45,0xdb,0x3c,0x9a,0x3c,0x00,0x00,0xff,0x7b,0x00,0x00,
    0x00,0x00,0x00,0x00,0x55,0x55,0x00,0x00,0xba,0x3c,0xbb,0x3c,0xbb,0x3c,0xdc,0x3c,0xdc,0x3c,0xbb,0x3c,0xbb,0x3c,0xbb,0x3c,0xbb,0x3c,0xdc,0x3c,0xdc,0x3c,0xbb,0x3c,0xbb,0x3c,0xba,0x3c,0x00,0x00,0x55,0x55,0x00,0x00,0x00,0x00,
    0x00,0x00,0x00,0x00,0x00,0x00,0x55,0x55,0x00,0x00,0x00,0x00,0xdb,0x3c,0xbb,0x3c,0xbb,0x3c,0xbb,0x3c,0xbb,0x3c,0xbb,0x3c,0xbb,0x3c,0xbb,0x3c,0xbb,0x3c,0xdb,0x3c,0x00,0x00,0x00,0x00,0x55,0x55,0x00,0x00,0x00,0x00,0x00,0x00,
    0x00,0x00,0x00,0x03,0x00,0x00,0x28,0x84,0xcb,0xf4,0xff,0xff,0xf4,0xcb,0x84,0x28,0x00,0x00,0x03,0x00,0x00,0x00,0x00,0x00,0x03,0x00,0x11,0x8f,0xf0,0xff,0xff,0xff,0xff,0xff,0xff,0xff,0xff,0xf0,0x8f,0x11,0x00,0x03,0x00,0x00,
    0x00,0x02,0x00,0x31,0xda,0xff,0xff,0xfc,0xfd,0xff,0xff,0xff,0xff,0xfd,0xfc,0xff,0xff,0xda,0x31,0x00,0x02,0x00,0x02,0x00,0x2f,0xed,0xff,0xfa,0xfe,0xff,0xff,0xff,0xff,0xff,0xff,0xff,0xff,0xfe,0xfa,0xff,0xed,0x2f,0x00,0x02,
    0x02,0x10,0xdd,0xff,0xfb,0xff,0xff,0xff,0xff,0xff,0xff,0xff,0xff,0xff,0xff,0xff,0xff,0xfb,0xff,0xdd,0x10,0x02,0x00,0x91,0xff,0xfb,0xff,0xff,0xff,0xff,0xff,0xff,0xff,0xff,0xff,0xff,0xff,0xff,0xff,0xff,0xfb,0xff,0x91,0x00,
    0x24,0xf5,0xfd,0xfe,0xff,0xff,0xff,0xff,0xff,0xff,0xff,0xff,0xff,0xff,0xff,0xff,0xff,0xff,0xfe,0xfd,0xf5,0x24,0x84,0xff,0xfc,0xff,0xff,0xff,0xff,0xff,0xff,0xff,0xff,0xff,0xff,0xff,0xff,0xff,0xff,0xff,0xff,0xfc,0xff,0x84,
    0xcb,0xfe,0xfd,0xff,0xff,0xff,0xff,0xff,0xff,0xff,0xff,0xff,0xff,0xff,0xff,0xff,0xff,0xff,0xff,0xfd,0xfe,0xcb,0xf4,0xff,0xff,0xff,0xff,0xff,0xff,0xff,0xff,0xff,0xff,0xff,0xff,0xff,0xff,0xff,0xff,0xff,0xff,0xff,0xff,0xf4,
    0xff,0xff,0xff,0xff,0xff,0xff,0xff,0xff,0xff,0xff,0xff,0xff,0xff,0xff,0xff,0xff,0xff,0xff,0xff,0xff,0xff,0xff,0xff,0xff,0xff,0xff,0xff,0xff,0xff,0xff,0xff,0xff,0xff,0xff,0xff,0xff,0xff,0xff,0xff,0xff,0xff,0xff,0xff,0xff,
    0xf4,0xff,0xff,0xff,0xff,0xff,0xff,0xff,0xff,0xff,0xff,0xff,0xff,0xff,0xff,0xff,0xff,0xff,0xff,0xff,0xff,0xf4,0xcb,0xfe,0xfd,0xff,0xff,0xff,0xff,0xff,0xff,0xff,0xff,0xff,0xff,0xff,0xff,0xff,0xff,0xff,0xff,0xfd,0xfe,0xcb,
    0x84,0xff,0xfc,0xff,0xff,0xff,0xff,0xff,0xff,0xff,0xff,0xff,0xff,0xff,0xff,0xff,0xff,0xff,0xff,0xfc,0xff,0x84,0x24,0xf5,0xfd,0xfe,0xff,0xff,0xff,0xff,0xff,0xff,0xff,0xff,0xff,0xff,0xff,0xff,0xff,0xff,0xfe,0xfd,0xf5,0x24,
    0x00,0x91,0xff,0xfb,0xff,0xff,0xff,0xff,0xff,0xff,0xff,0xff,0xff,0xff,0xff,0xff,0xff,0xff,0xfb,0xff,0x91,0x00,0x02,0x10,0xdd,0xff,0xfb,0xff,0xff,0xff,0xff,0xff,0xff,0xff,0xff,0xff,0xff,0xff,0xff,0xfb,0xff,0xdd,0x10,0x02,
    0x02,0x00,0x2f,0xed,0xff,0xfa,0xfe,0xff,0xff,0xff,0xff,0xff,0xff,0xff,0xff,0xfe,0xfa,0xff,0xed,0x2f,0x00,0x02,0x00,0x02,0x00,0x31,0xda,0xff,0xff,0xfc,0xfd,0xff,0xff,0xff,0xff,0xfd,0xfc,0xff,0xff,0xda,0x31,0x00,0x02,0x00,
    0x00,0x00,0x03,0x00,0x11,0x8f,0xf0,0xff,0xff,0xff,0xff,0xff,0xff,0xff,0xff,0xf0,0x8f,0x11,0x00,0x03,0x00,0x00,0x00,0x00,0x00,0x03,0x00,0x00,0x28,0x84,0xcb,0xf4,0xff,0xff,0xf4,0xcb,0x84,0x28,0x00,0x00,0x03,0x00,0x00,0x00,

};

const lv_image_dsc_t emoji_infinity_22 = {
  .header.magic = LV_IMAGE_HEADER_MAGIC,
  .header.cf = LV_COLOR_FORMAT_RGB565A8,
  .header.flags = 0,
  .header.w = 22,
  .header.h = 22,
  .header.stride = 44,
  .data_size = sizeof(emoji_infinity_22_map),
  .data = emoji_infinity_22_map,
};




#ifndef LV_ATTRIBUTE_MEM_ALIGN
#define LV_ATTRIBUTE_MEM_ALIGN
#endif

#ifndef LV_ATTRIBUTE_EMOJI_TREX_22
#define LV_ATTRIBUTE_EMOJI_TREX_22
#endif

static const
LV_ATTRIBUTE_MEM_ALIGN LV_ATTRIBUTE_LARGE_CONST LV_ATTRIBUTE_EMOJI_TREX_22
uint8_t emoji_trex_22_map[] = {

    0x00,0x00,0xef,0x7b,0x4a,0xad,0x00,0x00,0x00,0x00,0xcb,0x7d,0xeb,0x7d,0x8a,0x7d,0x4a,0x6d,0x00,0x00,0xe0,0x07,0x00,0x00,0x00,0x00,0x00,0x00,0x00,0x00,0x00,0x00,0x00,0x00,0x00,0x00,0x00,0x00,0x00,0x00,0x00,0x00,0x00,0x00,
    0xef,0x7b,0x00,0x00,0x00,0x00,0x0c,0x86,0x69,0x75,0x49,0x75,0xeb,0x85,0x8a,0x75,0xcb,0x7d,0x8a,0x75,0x00,0x00,0xaa,0x52,0x00,0x00,0x00,0x00,0x00,0x00,0x00,0x00,0x00,0x00,0x00,0x00,0x00,0x00,0x00,0x00,0x00,0x00,0x00,0x00,
    0x00,0x00,0x6a,0x75,0xcb,0x7d,0x29,0x6d,0x65,0x43,0x88,0x5c,0xab,0x7d,0x6a,0x75,0xcb,0x7d,0x8a,0x75,0xaa,0x75,0x00,0x00,0xef,0x03,0x00,0x00,0x00,0x00,0x00,0x00,0x00,0x00,0x00,0x00,0x00,0x00,0x00,0x00,0x00,0x00,0x00,0x00,
    0x8a,0x75,0xaa,0x7d,0xeb,0x7d,0x29,0x6d,0x09,0x6d,0x6a,0x75,0x8a,0x7d,0x8a,0x75,0x8a,0x75,0xeb,0x7d,0x8a,0x75,0x00,0x00,0xe7,0x7d,0x00,0x00,0x00,0x00,0x00,0x00,0x00,0x00,0x00,0x00,0x00,0x00,0x00,0x00,0x00,0x00,0x00,0x00,
    0x8a,0x75,0xeb,0x7d,0xcb,0x7d,0xcb,0x85,0xeb,0x7d,0xaa,0x7d,0x4a,0x75,0x8a,0x7d,0x8a,0x75,0xeb,0x85,0x8a,0x75,0xe0,0xff,0xe7,0x7d,0x00,0x00,0x00,0x00,0x00,0x00,0x00,0x00,0x00,0x00,0x00,0x00,0x00,0x00,0x00,0x00,0x00,0x00,
    0x69,0x7d,0x48,0x95,0x06,0xad,0xc4,0xcc,0xc8,0x74,0x68,0x4b,0xe9,0x6c,0xaa,0x7d,0x6a,0x75,0xeb,0x85,0x8a,0x75,0x00,0x00,0xa9,0x6d,0x00,0x00,0x00,0x00,0x00,0x00,0x00,0x00,0x00,0x00,0x00,0x00,0x00,0x00,0x00,0x00,0x00,0x00,
    0xe0,0xfb,0x81,0xec,0xe4,0xdc,0x48,0x9d,0x29,0x75,0xc9,0x6c,0xaa,0x7d,0x8a,0x75,0x8a,0x75,0xab,0x7d,0xaa,0x7d,0x29,0x6d,0x00,0x00,0x4a,0x55,0xe0,0x07,0x00,0x00,0x00,0x00,0x00,0x00,0x00,0x00,0x00,0x00,0x00,0x00,0x00,0x00,
    0x00,0x00,0x6a,0x7d,0xeb,0x85,0x8a,0x75,0x8a,0x75,0x0b,0x86,0x8a,0x7d,0x8a,0x75,0x8a,0x75,0x8a,0x75,0xcb,0x7d,0xaa,0x7d,0xab,0x7d,0x00,0x00,0x00,0x00,0xe0,0xff,0x00,0x00,0x00,0x00,0x00,0x00,0x00,0x00,0x00,0x00,0x00,0x00,
    0x00,0xf8,0xad,0x4d,0x0d,0x6e,0x00,0x00,0x00,0x00,0xab,0x7d,0x8a,0x75,0x8a,0x7d,0x8a,0x75,0x8a,0x75,0x8a,0x75,0x6a,0x75,0x29,0x6d,0xab,0x7d,0x89,0x75,0x00,0x00,0xe0,0xff,0x00,0x00,0x00,0x00,0x00,0x00,0x00,0x00,0x00,0x00,
    0x00,0x00,0x00,0x00,0x00,0x00,0x83,0x3b,0x83,0x3b,0x80,0x09,0x49,0x75,0xcb,0x7d,0x8a,0x75,0x8a,0x75,0x8a,0x7d,0x6a,0x75,0x49,0x6d,0x89,0x75,0x8a,0x75,0x6c,0x9e,0xef,0x7b,0xe0,0x07,0x00,0x00,0x00,0x00,0x00,0x00,0x00,0x00,
    0x00,0x00,0xe0,0x07,0xe0,0xff,0x63,0x3b,0x05,0x4c,0x84,0x43,0x87,0x5c,0xaa,0x7d,0x8a,0x75,0x8a,0x75,0x8a,0x75,0xab,0x7d,0xa7,0x5c,0xc8,0x64,0xca,0x7d,0x6a,0x75,0x00,0x00,0x4a,0xad,0x00,0x00,0x00,0x00,0x00,0x00,0x00,0x00,
    0x00,0x00,0xef,0x7f,0x00,0x00,0xaa,0x7d,0xec,0x85,0x4a,0x75,0xca,0x7d,0x8a,0x7d,0x8a,0x75,0x8a,0x75,0x8a,0x75,0x8a,0x75,0x6a,0x75,0x29,0x6d,0xa7,0x5c,0x08,0x6d,0x4d,0x8e,0x00,0x00,0xef,0x7b,0x00,0x00,0x00,0x00,0x00,0x00,
    0x00,0x00,0x00,0x00,0x00,0x00,0x89,0x75,0xa7,0x54,0xeb,0x7d,0x8a,0x75,0x09,0x6d,0x8a,0x7d,0x8a,0x75,0x8a,0x75,0x8a,0x75,0x8a,0x7d,0x8a,0x75,0xa7,0x5c,0xaa,0x7d,0xab,0x7d,0x00,0x00,0xe7,0x7d,0x00,0x00,0x00,0x00,0x00,0x00,
    0x00,0x00,0x00,0x00,0x00,0x00,0x00,0x00,0x00,0x00,0x00,0x00,0x00,0x00,0x46,0x54,0x8a,0x75,0x8a,0x75,0x8a,0x75,0x8a,0x75,0x8a,0x75,0x8a,0x7d,0x09,0x6d,0x49,0x6d,0x6a,0x75,0x00,0x00,0x4a,0xad,0x00,0x00,0x00,0x00,0x00,0x00,
    0x00,0x00,0x00,0x00,0x00,0x00,0x00,0x00,0xa0,0x52,0xe0,0x07,0x23,0x3b,0xe5,0x4b,0x6a,0x75,0x8a,0x7d,0x8a,0x75,0x8a,0x75,0x8a,0x75,0x8a,0x7d,0x49,0x6d,0x49,0x6d,0x6a,0x75,0xef,0x7f,0x00,0x00,0x00,0x00,0x00,0x00,0xef,0x7b,
    0x00,0x00,0x00,0x00,0x00,0x00,0x00,0x00,0xe0,0x3b,0x00,0x00,0x63,0x3b,0xe4,0x43,0x6a,0x75,0x8a,0x75,0x8a,0x75,0x8a,0x75,0x8a,0x75,0x8a,0x75,0x8a,0x75,0x8a,0x75,0x6a,0x75,0xcb,0x7d,0x00,0x00,0xe0,0x7b,0x00,0x00,0x00,0x00,
    0x00,0x00,0x00,0x00,0x00,0x00,0x00,0x00,0xe0,0x3b,0x00,0x00,0x83,0x3b,0xc4,0x43,0x09,0x6d,0xab,0x7d,0x8a,0x75,0x8a,0x75,0x8a,0x75,0x8a,0x75,0x8a,0x75,0x8a,0x75,0xcb,0x7d,0x6a,0x75,0x00,0x00,0x4a,0x55,0x8a,0x75,0x6a,0x75,
    0x00,0x00,0x00,0x00,0x00,0x00,0x00,0x00,0x00,0x00,0x00,0x00,0xe3,0x3b,0x63,0x3b,0xc4,0x43,0x49,0x75,0xeb,0x7d,0xaa,0x7d,0x8a,0x75,0xaa,0x7d,0x8a,0x75,0x8a,0x75,0xcb,0x7d,0x8a,0x75,0xef,0x7b,0x00,0x00,0x89,0x75,0x8a,0x75,
    0x00,0x00,0x00,0x00,0x00,0x00,0x00,0x00,0x00,0x00,0x00,0x00,0x00,0x00,0x00,0x00,0x63,0x3b,0xc4,0x43,0x08,0x6d,0x8a,0x7d,0xcb,0x7d,0x29,0x6d,0xc8,0x64,0xaa,0x7d,0x8a,0x75,0xcb,0x7d,0x8a,0x7d,0x6a,0x75,0x8a,0x7d,0x8a,0x75,
    0x00,0x00,0x00,0x00,0x00,0x00,0x00,0x00,0x00,0x00,0x00,0x00,0x00,0x00,0x64,0x33,0x83,0x3b,0xa3,0x43,0x00,0x00,0xab,0x7d,0x4c,0x8e,0xab,0x7d,0x26,0x54,0x28,0x6d,0xca,0x7d,0xaa,0x7d,0xeb,0x7d,0xcb,0x7d,0x0b,0x86,0x8a,0x75,
    0x00,0x00,0x00,0x00,0x00,0x00,0x00,0x00,0xe0,0x03,0xe0,0x07,0x83,0x43,0x83,0x3b,0xe4,0x43,0x63,0x3b,0xe9,0x64,0xaa,0x7d,0x0b,0x86,0x8a,0x75,0x00,0x00,0x26,0x54,0xc8,0x64,0x29,0x6d,0x49,0x75,0x6a,0x75,0x6a,0x75,0x00,0x00,
    0x00,0x00,0x00,0x00,0x00,0x00,0x00,0x00,0xe0,0x03,0x00,0x00,0x64,0x43,0xa4,0x43,0x83,0x3b,0xc4,0x43,0x8a,0x7d,0xaa,0x7d,0xcb,0x7d,0x8a,0x75,0xef,0x7b,0x00,0x00,0x00,0x00,0xe5,0x4b,0x66,0x54,0x40,0x01,0x00,0x00,0x00,0x00,
    0x00,0x02,0x03,0x00,0x00,0x33,0x99,0x43,0x0c,0x00,0x01,0x00,0x00,0x00,0x00,0x00,0x00,0x00,0x00,0x00,0x00,0x00,0x02,0x00,0x00,0x33,0x96,0xec,0xff,0xfc,0xde,0x67,0x00,0x03,0x00,0x00,0x00,0x00,0x00,0x00,0x00,0x00,0x00,0x00,
    0x00,0x2c,0x9a,0xf5,0xff,0xff,0xfc,0xfe,0xff,0xf5,0x18,0x00,0x02,0x00,0x00,0x00,0x00,0x00,0x00,0x00,0x00,0x00,0x4b,0xf1,0xff,0xfe,0xf9,0xfe,0xff,0xff,0xfa,0xff,0x59,0x00,0x04,0x00,0x00,0x00,0x00,0x00,0x00,0x00,0x00,0x00,
    0xe4,0xff,0xff,0xff,0xff,0xff,0xff,0xff,0xfb,0xfe,0x64,0x01,0x04,0x00,0x00,0x00,0x00,0x00,0x00,0x00,0x00,0x00,0xb6,0xdc,0x95,0x71,0x95,0xfe,0xfe,0xff,0xfb,0xff,0x5f,0x00,0x07,0x00,0x00,0x00,0x00,0x00,0x00,0x00,0x00,0x00,
    0x08,0x4d,0x9e,0xd0,0xe5,0xfa,0xff,0xff,0xfd,0xfe,0xcf,0x17,0x00,0x03,0x01,0x00,0x00,0x00,0x00,0x00,0x00,0x00,0x00,0x84,0xff,0xdd,0xe6,0xff,0xff,0xff,0xff,0xfd,0xff,0xda,0x43,0x00,0x00,0x01,0x00,0x00,0x00,0x00,0x00,0x00,
    0x01,0x07,0x11,0x00,0x00,0x6e,0xf5,0xfe,0xfe,0xff,0xfd,0xff,0xff,0x9c,0x0d,0x00,0x01,0x00,0x00,0x00,0x00,0x00,0x00,0x00,0x00,0x14,0x74,0x1f,0xbf,0xff,0xfc,0xff,0xff,0xfd,0xfd,0xff,0xc2,0x0a,0x02,0x01,0x00,0x00,0x00,0x00,
    0x00,0x01,0x01,0x15,0x77,0xbd,0xe9,0xfd,0xfe,0xff,0xff,0xff,0xff,0xf9,0xff,0x8e,0x00,0x03,0x00,0x00,0x00,0x00,0x00,0x02,0x00,0x41,0xa4,0xae,0xff,0xff,0xff,0xff,0xff,0xff,0xff,0xfe,0xfd,0xf6,0x1c,0x00,0x02,0x00,0x00,0x00,
    0x00,0x00,0x00,0x0d,0x0c,0x08,0x7c,0xf6,0xfe,0xfe,0xff,0xff,0xff,0xff,0xfc,0xff,0x68,0x00,0x04,0x00,0x00,0x00,0x00,0x00,0x00,0x00,0x00,0x00,0x00,0xd0,0xff,0xfd,0xff,0xff,0xff,0xff,0xfb,0xfe,0xa5,0x00,0x03,0x00,0x00,0x00,
    0x00,0x00,0x00,0x00,0x03,0x01,0x36,0xf9,0xfe,0xff,0xff,0xff,0xff,0xff,0xfd,0xff,0xd1,0x02,0x00,0x00,0x00,0x02,0x00,0x00,0x00,0x00,0x04,0x00,0x89,0xfe,0xfb,0xff,0xff,0xff,0xff,0xff,0xfe,0xff,0xf3,0x1a,0x01,0x02,0x00,0x00,
    0x00,0x00,0x00,0x00,0x04,0x00,0x81,0xff,0xfc,0xff,0xfc,0xfe,0xff,0xfd,0xfe,0xfc,0xff,0x53,0x00,0x03,0x21,0x63,0x00,0x00,0x00,0x00,0x01,0x01,0x10,0xb3,0xfc,0xfe,0xff,0xff,0xff,0xff,0xff,0xfc,0xfe,0xc7,0x02,0x00,0x0d,0xc1,
    0x00,0x00,0x00,0x00,0x00,0x00,0x00,0x00,0xc6,0xff,0x9f,0xde,0xff,0xd0,0xfc,0xfe,0xfa,0xff,0xb6,0x2f,0x69,0xe7,0x00,0x00,0x00,0x00,0x00,0x02,0x00,0x0e,0xe6,0xff,0x0c,0x9d,0xff,0x50,0x69,0xff,0xff,0xff,0xff,0xff,0xff,0x87,
    0x00,0x00,0x00,0x00,0x02,0x01,0x22,0xcd,0xff,0xea,0x3b,0xde,0xff,0x83,0x00,0x4d,0xbc,0xef,0xf3,0xd6,0x69,0x01,0x00,0x00,0x00,0x00,0x02,0x00,0x2e,0x8a,0x7d,0x67,0xe2,0xff,0xff,0xa1,0x02,0x00,0x00,0x1c,0x20,0x06,0x00,0x00,

};

const lv_image_dsc_t emoji_trex_22 = {
  .header.magic = LV_IMAGE_HEADER_MAGIC,
  .header.cf = LV_COLOR_FORMAT_RGB565A8,
  .header.flags = 0,
  .header.w = 22,
  .header.h = 22,
  .header.stride = 44,
  .data_size = sizeof(emoji_trex_22_map),
  .data = emoji_trex_22_map,
};




#ifndef LV_ATTRIBUTE_MEM_ALIGN
#define LV_ATTRIBUTE_MEM_ALIGN
#endif

#ifndef LV_ATTRIBUTE_EMOJI_SKULL_22
#define LV_ATTRIBUTE_EMOJI_SKULL_22
#endif

static const
LV_ATTRIBUTE_MEM_ALIGN LV_ATTRIBUTE_LARGE_CONST LV_ATTRIBUTE_EMOJI_SKULL_22
uint8_t emoji_skull_22_map[] = {

    0xff,0xbd,0x00,0x00,0xb8,0xad,0xf9,0xad,0xf8,0xad,0xb8,0xad,0x00,0x00,0xff,0x7f,0x00,0x00,0x00,0x00,0x00,0x00,0x00,0x00,0x00,0x00,0x00,0x00,0xff,0xff,0x00,0x00,0xb8,0xad,0xf9,0xad,0xf9,0xad,0xb8,0xad,0x00,0x00,0xf7,0xbd,
    0x00,0x00,0xb7,0xad,0xd8,0xad,0xd8,0xad,0xd8,0xad,0xd8,0xad,0x97,0xa5,0x00,0x00,0xff,0xff,0x00,0x00,0xff,0xff,0xff,0xff,0x00,0x00,0xff,0xff,0x00,0x00,0x97,0xa5,0xd8,0xad,0xd8,0xad,0xd8,0xad,0xd8,0xad,0x97,0xad,0x00,0x00,
    0xb8,0xad,0xf8,0xad,0xd8,0xad,0xb8,0xad,0xd8,0xad,0xb8,0xad,0xf7,0xad,0xff,0xff,0x79,0xce,0xef,0x7b,0x00,0x00,0x00,0x00,0xff,0xff,0x79,0xce,0xff,0xff,0xf7,0xad,0xb8,0xad,0xd8,0xad,0xb8,0xad,0xd8,0xad,0xf9,0xad,0xb8,0xad,
    0xd8,0xad,0xd8,0xad,0xb8,0xad,0xd8,0xad,0xf8,0xad,0xd8,0xad,0xb8,0xb5,0x00,0x00,0x00,0x00,0x00,0x00,0xf7,0xbd,0xff,0xff,0x00,0x00,0x00,0x00,0x00,0x00,0xb8,0xb5,0xd8,0xad,0xf8,0xad,0xd8,0xad,0xb8,0xad,0xf8,0xad,0xb8,0xad,
    0xd8,0xad,0xf8,0xad,0xd8,0xad,0xf8,0xad,0xb8,0xad,0x5a,0xbe,0xb7,0xa5,0xba,0xc6,0xfc,0xd6,0xdc,0xce,0xbb,0xce,0xbb,0xce,0xdb,0xce,0xfc,0xd6,0xf7,0xbd,0xb8,0xad,0x5a,0xbe,0xb8,0xad,0xf8,0xad,0xd8,0xad,0xf9,0xad,0xb8,0xad,
    0xd8,0xad,0xf8,0xad,0xd8,0xad,0xb8,0xad,0x3a,0xbe,0xd8,0xad,0x39,0xbe,0xdc,0xd6,0x3d,0xdf,0xfc,0xd6,0xfc,0xd6,0xfc,0xd6,0x1c,0xd7,0x3d,0xdf,0xdc,0xd6,0x39,0xbe,0xd8,0xad,0x3a,0xbe,0xd8,0xad,0xd8,0xad,0xf8,0xad,0xb8,0xad,
    0x00,0x00,0xb8,0xa5,0xb7,0xa5,0xd7,0xad,0xf8,0xad,0xd8,0xad,0xdc,0xce,0x7e,0xe7,0x1d,0xd7,0xdc,0xd6,0xbb,0xce,0xbb,0xce,0xdc,0xd6,0x1d,0xd7,0x7e,0xe7,0xdb,0xd6,0xd8,0xad,0xd8,0xad,0x97,0xa5,0xf8,0xad,0x77,0xa5,0x00,0x00,
    0xff,0xff,0x00,0x00,0x00,0x00,0x00,0x00,0x00,0x00,0xbb,0xce,0x7e,0xe7,0x35,0x9d,0x51,0x84,0x18,0xb6,0xdc,0xd6,0xdc,0xd6,0x18,0xb6,0x51,0x84,0x35,0x9d,0x7e,0xe7,0xbb,0xce,0x00,0x00,0x00,0x00,0x00,0x00,0x00,0x00,0xff,0xff,
    0x00,0x00,0xff,0xff,0xff,0x7f,0xef,0x7b,0xb6,0xb5,0x1c,0xd7,0x35,0x9d,0x04,0x19,0x04,0x19,0xe8,0x39,0x7a,0xc6,0x5a,0xc6,0xe8,0x31,0x04,0x19,0x04,0x19,0x35,0x9d,0x1c,0xd7,0x55,0x7d,0xff,0x7b,0xff,0xff,0xff,0xff,0x00,0x00,
    0x00,0x00,0x00,0x00,0xef,0x7b,0x00,0x00,0xb7,0xb5,0x1d,0xdf,0x8e,0x6b,0x25,0x19,0xc7,0x31,0x25,0x21,0x96,0xad,0x76,0xa5,0x25,0x19,0xc7,0x31,0x25,0x19,0x8e,0x6b,0x3d,0xdf,0xb7,0xad,0x00,0x00,0xff,0xff,0x00,0x00,0x00,0x00,
    0x00,0x00,0x00,0x00,0xff,0xff,0x00,0x00,0x18,0xbe,0x1d,0xd7,0x31,0x7c,0xe4,0x10,0x25,0x21,0x65,0x21,0xf8,0xb5,0xf8,0xb5,0x65,0x21,0x25,0x21,0xe4,0x10,0x31,0x7c,0x1d,0xd7,0xb8,0xad,0x00,0x00,0xff,0xff,0x00,0x00,0x00,0x00,
    0x00,0x00,0x00,0x00,0xff,0x7f,0x00,0x00,0x7a,0xc6,0xbb,0xce,0x9b,0xce,0xf4,0x94,0x93,0x8c,0x76,0xa5,0x1d,0xdf,0x1d,0xdf,0x76,0xa5,0x93,0x8c,0xf4,0x94,0xbb,0xce,0xbb,0xce,0x79,0xc6,0x00,0x00,0xff,0xff,0x00,0x00,0x00,0x00,
    0x00,0x00,0x00,0x00,0xff,0xff,0x00,0x00,0xfb,0xce,0xbb,0xce,0xfc,0xd6,0x1c,0xd7,0x1d,0xd7,0x1c,0xd7,0xb3,0x8c,0xb3,0x8c,0x1c,0xd7,0x1d,0xd7,0x1c,0xd7,0xfc,0xd6,0xbb,0xce,0xfb,0xce,0x00,0x00,0xff,0xff,0x00,0x00,0x00,0x00,
    0x00,0x00,0xff,0xff,0xef,0x7b,0xf7,0xbd,0x00,0x00,0xbb,0xce,0x7e,0xe7,0x9b,0xce,0xdc,0xce,0xf8,0xb5,0xa7,0x29,0xa7,0x29,0xf8,0xb5,0xdc,0xce,0x9b,0xce,0x7e,0xe7,0xbb,0xce,0x00,0x00,0xf7,0xbd,0xef,0x7b,0xff,0xff,0x00,0x00,
    0xff,0xff,0x00,0x00,0x00,0x00,0x00,0x00,0xba,0xae,0xd8,0xb5,0xdc,0xd6,0xfc,0xd6,0xbb,0xce,0x9b,0xce,0x5a,0xc6,0x5a,0xc6,0x9b,0xce,0xbb,0xce,0xfc,0xd6,0xdc,0xd6,0xd8,0xad,0xba,0xae,0x00,0x00,0x00,0x00,0x00,0x00,0xff,0xff,
    0x00,0x00,0xb8,0xa5,0xb8,0xa5,0xd7,0xad,0xd8,0xad,0x19,0xb6,0x77,0xa5,0xdb,0xce,0x1d,0xdf,0xbb,0xce,0xdc,0xce,0xdc,0xce,0xbb,0xce,0x1d,0xdf,0xdb,0xce,0x77,0xa5,0x19,0xb6,0xd8,0xad,0xb8,0xad,0xd7,0xad,0x77,0xa5,0x00,0x00,
    0xd8,0xad,0xf8,0xad,0xd8,0xad,0xb8,0xad,0xf9,0xb5,0x3a,0xbe,0xb8,0xa5,0xbb,0xce,0x7e,0xe7,0xfc,0xd6,0xfc,0xd6,0xfc,0xd6,0xfc,0xd6,0x7e,0xe7,0xbb,0xce,0xb8,0xa5,0x3a,0xbe,0xf9,0xad,0xb8,0xad,0xd8,0xad,0xf8,0xad,0xb8,0xad,
    0xb8,0xad,0xf8,0xad,0xd8,0xad,0xf8,0xad,0xb8,0xad,0x39,0xb6,0xb7,0xa5,0xbc,0xce,0x5e,0xdf,0xbb,0xce,0xbb,0xce,0xbb,0xce,0xbb,0xce,0x5e,0xdf,0xbc,0xce,0xb7,0xa5,0x39,0xb6,0xb8,0xad,0xf8,0xad,0xd8,0xad,0xf9,0xad,0xb8,0xad,
    0xd8,0xad,0xd8,0xad,0xb8,0xad,0xd8,0xad,0xf8,0xad,0xd8,0xad,0xb9,0xa5,0x00,0x00,0x55,0x55,0x00,0x00,0x00,0x00,0x00,0x00,0x00,0x00,0x55,0x55,0x00,0x00,0xb9,0xa5,0xd8,0xad,0xf8,0xad,0xd8,0xad,0xb8,0xad,0xf8,0xad,0xb8,0xad,
    0xb8,0xad,0xf8,0xad,0xd8,0xad,0xb8,0xad,0xd8,0xad,0xd8,0xad,0xd8,0xad,0xff,0xff,0xff,0x07,0x55,0xad,0xff,0xff,0xff,0xff,0x55,0xad,0x1f,0x00,0xff,0xff,0xb7,0xad,0xd8,0xad,0xd8,0xad,0xb8,0xad,0xd8,0xad,0xf9,0xad,0xb8,0xad,
    0x00,0x00,0xb7,0xad,0xd8,0xad,0xd8,0xad,0xd8,0xad,0xd8,0xad,0xf8,0xad,0x00,0x00,0xef,0x7b,0x00,0x00,0x00,0x00,0x00,0x00,0x00,0x00,0xff,0x7b,0x00,0x00,0x97,0xad,0xb8,0xad,0xd8,0xad,0xd8,0xad,0xd8,0xad,0x97,0xad,0x00,0x00,
    0xff,0xbd,0x00,0x00,0xb8,0xad,0xf9,0xad,0xf9,0xad,0xb8,0xad,0x00,0x00,0xff,0xff,0x00,0x00,0x00,0x00,0x00,0x00,0x00,0x00,0x00,0x00,0x00,0x00,0xff,0x7f,0x00,0x00,0xb8,0xad,0xf9,0xad,0xf9,0xad,0xb8,0xad,0x00,0x00,0xf7,0xbd,
    0x04,0x00,0x76,0xf8,0xf5,0x6b,0x00,0x02,0x00,0x00,0x00,0x00,0x00,0x00,0x02,0x00,0x6b,0xf5,0xf8,0x76,0x00,0x04,0x00,0x37,0xfd,0xff,0xff,0xf8,0x1a,0x00,0x01,0x00,0x01,0x01,0x00,0x01,0x00,0x1a,0xf8,0xff,0xff,0xfd,0x35,0x00,
    0x76,0xf8,0xfe,0xfd,0xff,0xf8,0x1f,0x01,0x05,0x02,0x00,0x00,0x02,0x05,0x01,0x1f,0xf8,0xff,0xfd,0xfe,0xf6,0x69,0xff,0xff,0xfd,0xfc,0xff,0xe1,0x11,0x00,0x00,0x00,0x04,0x03,0x00,0x00,0x00,0x11,0xe1,0xff,0xfc,0xfd,0xff,0xf6,
    0xfd,0xff,0xff,0xff,0xf9,0xff,0x97,0x0d,0x75,0xbe,0xd6,0xd5,0xba,0x6e,0x08,0x97,0xff,0xf9,0xff,0xff,0xff,0xf3,0x6c,0xf1,0xf8,0xe2,0xff,0xdc,0x66,0xd4,0xff,0xff,0xff,0xff,0xff,0xff,0xce,0x60,0xdd,0xff,0xe6,0xfa,0xee,0x5f,
    0x00,0x19,0x22,0x12,0xad,0x70,0xd0,0xff,0xfa,0xfc,0xfd,0xfd,0xfc,0xfa,0xff,0xca,0x6b,0xae,0x14,0x23,0x16,0x00,0x02,0x00,0x00,0x00,0x00,0x91,0xff,0xfa,0xff,0xff,0xff,0xff,0xff,0xff,0xf9,0xff,0x8a,0x00,0x00,0x00,0x00,0x02,
    0x00,0x01,0x02,0x02,0x07,0xda,0xfe,0xfd,0xff,0xff,0xff,0xff,0xff,0xff,0xfd,0xfe,0xd7,0x06,0x02,0x02,0x01,0x00,0x00,0x00,0x02,0x00,0x1c,0xf5,0xff,0xfe,0xff,0xff,0xff,0xff,0xff,0xff,0xfe,0xff,0xf0,0x18,0x00,0x01,0x00,0x00,
    0x00,0x00,0x02,0x00,0x25,0xff,0xff,0xfe,0xff,0xff,0xff,0xff,0xff,0xff,0xfe,0xff,0xf1,0x19,0x00,0x01,0x00,0x00,0x00,0x00,0x02,0x00,0x20,0xf8,0xff,0xfe,0xff,0xff,0xff,0xff,0xff,0xff,0xfe,0xff,0xf1,0x1a,0x00,0x01,0x00,0x00,
    0x00,0x00,0x01,0x00,0x0f,0xec,0xfc,0xfd,0xff,0xff,0xff,0xff,0xff,0xff,0xfd,0xfc,0xeb,0x0f,0x00,0x01,0x00,0x00,0x00,0x01,0x02,0x04,0x00,0x9c,0xff,0xfd,0xff,0xff,0xff,0xff,0xff,0xff,0xfd,0xff,0x9c,0x00,0x04,0x02,0x01,0x00,
    0x02,0x00,0x00,0x00,0x06,0x38,0xa4,0xfa,0xfe,0xff,0xff,0xff,0xff,0xfe,0xfa,0xa4,0x38,0x06,0x00,0x00,0x00,0x02,0x00,0x19,0x22,0x13,0xb0,0xef,0x47,0xab,0xfd,0xf9,0xfc,0xfc,0xf9,0xfd,0xab,0x47,0xef,0xb0,0x15,0x24,0x16,0x00,
    0x6c,0xf1,0xf8,0xe4,0xff,0xff,0xcc,0xad,0xff,0xff,0xff,0xff,0xff,0xff,0xad,0xcc,0xff,0xff,0xe8,0xfa,0xee,0x5f,0xfd,0xff,0xff,0xff,0xfa,0xff,0x95,0x53,0xd3,0x7e,0xb7,0xb7,0x7e,0xd3,0x53,0x95,0xff,0xfa,0xff,0xff,0xff,0xf3,
    0xff,0xff,0xfd,0xfc,0xff,0xe2,0x0e,0x00,0x03,0x00,0x00,0x00,0x00,0x03,0x00,0x0e,0xe2,0xff,0xfc,0xfd,0xff,0xf6,0x76,0xf8,0xfe,0xfd,0xff,0xf8,0x21,0x02,0x01,0x03,0x01,0x01,0x03,0x01,0x02,0x22,0xf8,0xff,0xfd,0xfe,0xf6,0x69,
    0x00,0x37,0xfd,0xff,0xff,0xf8,0x1b,0x00,0x02,0x00,0x00,0x00,0x00,0x02,0x00,0x1b,0xf9,0xff,0xff,0xfd,0x35,0x00,0x04,0x00,0x76,0xf8,0xf5,0x6b,0x00,0x02,0x00,0x00,0x00,0x00,0x00,0x00,0x02,0x00,0x6b,0xf5,0xf8,0x76,0x00,0x04,

};

const lv_image_dsc_t emoji_skull_22 = {
  .header.magic = LV_IMAGE_HEADER_MAGIC,
  .header.cf = LV_COLOR_FORMAT_RGB565A8,
  .header.flags = 0,
  .header.w = 22,
  .header.h = 22,
  .header.stride = 44,
  .data_size = sizeof(emoji_skull_22_map),
  .data = emoji_skull_22_map,
};




#ifndef LV_ATTRIBUTE_MEM_ALIGN
#define LV_ATTRIBUTE_MEM_ALIGN
#endif

#ifndef LV_ATTRIBUTE_EMOJI_CROSS_22
#define LV_ATTRIBUTE_EMOJI_CROSS_22
#endif

static const
LV_ATTRIBUTE_MEM_ALIGN LV_ATTRIBUTE_LARGE_CONST LV_ATTRIBUTE_EMOJI_CROSS_22
uint8_t emoji_cross_22_map[] = {

    0x39,0x93,0x5a,0x93,0x59,0x93,0x39,0x93,0x39,0x93,0x39,0x93,0x39,0x93,0x39,0x93,0x39,0x93,0x39,0x93,0xf9,0x8a,0xf9,0x8a,0x39,0x93,0x39,0x93,0x39,0x93,0x39,0x93,0x39,0x93,0x39,0x93,0x39,0x93,0x59,0x93,0x5a,0x93,0x39,0x93,
    0x39,0x93,0x5a,0x9b,0x39,0x93,0x39,0x93,0x39,0x93,0x39,0x93,0x39,0x93,0x39,0x93,0x39,0x93,0x59,0x93,0x1a,0xa4,0x1a,0xa4,0x59,0x93,0x39,0x93,0x39,0x93,0x39,0x93,0x39,0x93,0x39,0x93,0x39,0x93,0x39,0x93,0x5a,0x9b,0x39,0x93,
    0x59,0x93,0x39,0x93,0x39,0x93,0x39,0x93,0x39,0x93,0x39,0x93,0x39,0x93,0x59,0x93,0xf9,0x8a,0x5b,0xac,0xff,0xff,0xff,0xff,0x3a,0xac,0xf9,0x8a,0x59,0x93,0x39,0x93,0x39,0x93,0x39,0x93,0x39,0x93,0x39,0x93,0x39,0x93,0x59,0x93,
    0x39,0x93,0x39,0x93,0x39,0x93,0x39,0x93,0x39,0x93,0x39,0x93,0x39,0x93,0x59,0x93,0xf9,0x8a,0x5b,0xac,0xff,0xff,0xff,0xff,0x5b,0xac,0xf9,0x8a,0x59,0x93,0x39,0x93,0x39,0x93,0x39,0x93,0x39,0x93,0x39,0x93,0x39,0x93,0x39,0x93,
    0x39,0x93,0x39,0x93,0x39,0x93,0x39,0x93,0x39,0x93,0x39,0x93,0x39,0x93,0x59,0x93,0xf9,0x8a,0x5b,0xac,0xff,0xff,0xff,0xff,0x5b,0xac,0xf9,0x8a,0x59,0x93,0x39,0x93,0x39,0x93,0x39,0x93,0x39,0x93,0x39,0x93,0x39,0x93,0x39,0x93,
    0x39,0x93,0x39,0x93,0x39,0x93,0x39,0x93,0x39,0x93,0x39,0x93,0x39,0x93,0x59,0x93,0xf9,0x8a,0x5b,0xac,0xff,0xff,0xff,0xff,0x5b,0xac,0xf9,0x8a,0x59,0x93,0x39,0x93,0x39,0x93,0x39,0x93,0x39,0x93,0x39,0x93,0x39,0x93,0x39,0x93,
    0x39,0x93,0x39,0x93,0x39,0x93,0x59,0x93,0xf9,0x8a,0x1c,0xbd,0x3e,0xef,0x3e,0xef,0x3e,0xef,0x7f,0xf7,0xff,0xff,0xff,0xff,0x7f,0xf7,0x3e,0xef,0x3e,0xef,0x3e,0xef,0x1b,0xbd,0xf9,0x8a,0x59,0x93,0x39,0x93,0x39,0x93,0x39,0x93,
    0x39,0x93,0x39,0x93,0x39,0x93,0x59,0x93,0xd9,0x8a,0xdd,0xcd,0xff,0xff,0xff,0xff,0xff,0xff,0xff,0xff,0xff,0xff,0xff,0xff,0xff,0xff,0xff,0xff,0xff,0xff,0xff,0xff,0xdd,0xcd,0xd9,0x8a,0x59,0x93,0x39,0x93,0x39,0x93,0x39,0x93,
    0x39,0x93,0x39,0x93,0x39,0x93,0x39,0x93,0x19,0x8b,0x5b,0xac,0xdd,0xcd,0xdd,0xcd,0xbc,0xcd,0x5d,0xde,0xff,0xff,0xff,0xff,0x5d,0xde,0xbc,0xcd,0xdd,0xcd,0xdd,0xcd,0x5b,0xac,0x19,0x8b,0x39,0x93,0x39,0x93,0x39,0x93,0x39,0x93,
    0x39,0x93,0x39,0x93,0x39,0x93,0x39,0x93,0x39,0x93,0x19,0x8b,0xd9,0x8a,0xf9,0x8a,0x98,0x82,0x1a,0xa4,0xff,0xff,0xff,0xff,0x1a,0xa4,0x98,0x82,0xf9,0x8a,0xd9,0x8a,0x19,0x8b,0x39,0x93,0x39,0x93,0x39,0x93,0x39,0x93,0x39,0x93,
    0x39,0x93,0x39,0x93,0x39,0x93,0x39,0x93,0x39,0x93,0x39,0x93,0x59,0x93,0x59,0x93,0x19,0x8b,0x5b,0xac,0xff,0xff,0xff,0xff,0x5b,0xac,0x19,0x8b,0x59,0x93,0x59,0x93,0x39,0x93,0x39,0x93,0x39,0x93,0x39,0x93,0x39,0x93,0x39,0x93,
    0x39,0x93,0x39,0x93,0x39,0x93,0x39,0x93,0x39,0x93,0x39,0x93,0x39,0x93,0x59,0x93,0xf9,0x8a,0x5b,0xac,0xff,0xff,0xff,0xff,0x5b,0xac,0xf9,0x8a,0x59,0x93,0x39,0x93,0x39,0x93,0x39,0x93,0x39,0x93,0x39,0x93,0x39,0x93,0x39,0x93,
    0x39,0x93,0x39,0x93,0x39,0x93,0x39,0x93,0x39,0x93,0x39,0x93,0x39,0x93,0x59,0x93,0xf9,0x8a,0x5b,0xac,0xff,0xff,0xff,0xff,0x5b,0xac,0xf9,0x8a,0x59,0x93,0x39,0x93,0x39,0x93,0x39,0x93,0x39,0x93,0x39,0x93,0x39,0x93,0x39,0x93,
    0x39,0x93,0x39,0x93,0x39,0x93,0x39,0x93,0x39,0x93,0x39,0x93,0x39,0x93,0x59,0x93,0xf9,0x8a,0x5b,0xac,0xff,0xff,0xff,0xff,0x5b,0xac,0xf9,0x8a,0x59,0x93,0x39,0x93,0x39,0x93,0x39,0x93,0x39,0x93,0x39,0x93,0x39,0x93,0x39,0x93,
    0x39,0x93,0x39,0x93,0x39,0x93,0x39,0x93,0x39,0x93,0x39,0x93,0x39,0x93,0x59,0x93,0xf9,0x8a,0x5b,0xac,0xff,0xff,0xff,0xff,0x5b,0xac,0xf9,0x8a,0x59,0x93,0x39,0x93,0x39,0x93,0x39,0x93,0x39,0x93,0x39,0x93,0x39,0x93,0x39,0x93,
    0x39,0x93,0x39,0x93,0x39,0x93,0x39,0x93,0x39,0x93,0x39,0x93,0x39,0x93,0x59,0x93,0xf9,0x8a,0x5b,0xac,0xff,0xff,0xff,0xff,0x5b,0xac,0xf9,0x8a,0x59,0x93,0x39,0x93,0x39,0x93,0x39,0x93,0x39,0x93,0x39,0x93,0x39,0x93,0x39,0x93,
    0x39,0x93,0x39,0x93,0x39,0x93,0x39,0x93,0x39,0x93,0x39,0x93,0x39,0x93,0x59,0x93,0xf9,0x8a,0x5b,0xac,0xff,0xff,0xff,0xff,0x5b,0xac,0xf9,0x8a,0x59,0x93,0x39,0x93,0x39,0x93,0x39,0x93,0x39,0x93,0x39,0x93,0x39,0x93,0x39,0x93,
    0x39,0x93,0x39,0x93,0x39,0x93,0x39,0x93,0x39,0x93,0x39,0x93,0x39,0x93,0x59,0x93,0xf9,0x8a,0x5b,0xac,0xff,0xff,0xff,0xff,0x5b,0xac,0xf9,0x8a,0x59,0x93,0x39,0x93,0x39,0x93,0x39,0x93,0x39,0x93,0x39,0x93,0x39,0x93,0x39,0x93,
    0x39,0x93,0x39,0x93,0x39,0x93,0x39,0x93,0x39,0x93,0x39,0x93,0x39,0x93,0x59,0x93,0xf9,0x8a,0x5b,0xac,0xff,0xff,0xff,0xff,0x5b,0xac,0xf9,0x8a,0x59,0x93,0x39,0x93,0x39,0x93,0x39,0x93,0x39,0x93,0x39,0x93,0x39,0x93,0x39,0x93,
    0x59,0x93,0x39,0x93,0x39,0x93,0x39,0x93,0x39,0x93,0x39,0x93,0x39,0x93,0x59,0x93,0xf9,0x8a,0x3a,0xac,0xff,0xff,0xff,0xff,0x3a,0xac,0xf9,0x8a,0x59,0x93,0x39,0x93,0x39,0x93,0x39,0x93,0x39,0x93,0x39,0x93,0x39,0x93,0x59,0x93,
    0x39,0x93,0x5a,0x9b,0x39,0x93,0x39,0x93,0x39,0x93,0x39,0x93,0x39,0x93,0x39,0x93,0x39,0x93,0x59,0x93,0x1a,0xa4,0x1a,0xa4,0x59,0x93,0x39,0x93,0x39,0x93,0x39,0x93,0x39,0x93,0x39,0x93,0x39,0x93,0x39,0x93,0x5a,0x9b,0x39,0x93,
    0x39,0x93,0x5a,0x93,0x59,0x93,0x39,0x93,0x39,0x93,0x39,0x93,0x39,0x93,0x39,0x93,0x39,0x93,0x39,0x93,0xf9,0x8a,0xf9,0x8a,0x39,0x93,0x39,0x93,0x39,0x93,0x39,0x93,0x39,0x93,0x39,0x93,0x39,0x93,0x59,0x93,0x5a,0x93,0x39,0x93,
    0x3c,0xd9,0xfe,0xfe,0xff,0xff,0xff,0xff,0xff,0xff,0xff,0xff,0xff,0xff,0xff,0xff,0xff,0xff,0xfe,0xfe,0xd9,0x3c,0xde,0xff,0xfd,0xff,0xff,0xff,0xff,0xff,0xff,0xff,0xff,0xff,0xff,0xff,0xff,0xff,0xff,0xff,0xff,0xfd,0xff,0xde,
    0xff,0xfe,0xff,0xff,0xff,0xff,0xff,0xff,0xff,0xff,0xff,0xff,0xff,0xff,0xff,0xff,0xff,0xff,0xff,0xff,0xfe,0xff,0xfe,0xff,0xff,0xff,0xff,0xff,0xff,0xff,0xff,0xff,0xff,0xff,0xff,0xff,0xff,0xff,0xff,0xff,0xff,0xff,0xff,0xfe,
    0xff,0xff,0xff,0xff,0xff,0xff,0xff,0xff,0xff,0xff,0xff,0xff,0xff,0xff,0xff,0xff,0xff,0xff,0xff,0xff,0xff,0xff,0xff,0xff,0xff,0xff,0xff,0xff,0xff,0xff,0xff,0xff,0xff,0xff,0xff,0xff,0xff,0xff,0xff,0xff,0xff,0xff,0xff,0xff,
    0xff,0xff,0xff,0xff,0xff,0xff,0xff,0xff,0xff,0xff,0xff,0xff,0xff,0xff,0xff,0xff,0xff,0xff,0xff,0xff,0xff,0xff,0xff,0xff,0xff,0xff,0xff,0xff,0xff,0xff,0xff,0xff,0xff,0xff,0xff,0xff,0xff,0xff,0xff,0xff,0xff,0xff,0xff,0xff,
    0xff,0xff,0xff,0xff,0xff,0xff,0xff,0xff,0xff,0xff,0xff,0xff,0xff,0xff,0xff,0xff,0xff,0xff,0xff,0xff,0xff,0xff,0xff,0xff,0xff,0xff,0xff,0xff,0xff,0xff,0xff,0xff,0xff,0xff,0xff,0xff,0xff,0xff,0xff,0xff,0xff,0xff,0xff,0xff,
    0xff,0xff,0xff,0xff,0xff,0xff,0xff,0xff,0xff,0xff,0xff,0xff,0xff,0xff,0xff,0xff,0xff,0xff,0xff,0xff,0xff,0xff,0xff,0xff,0xff,0xff,0xff,0xff,0xff,0xff,0xff,0xff,0xff,0xff,0xff,0xff,0xff,0xff,0xff,0xff,0xff,0xff,0xff,0xff,
    0xff,0xff,0xff,0xff,0xff,0xff,0xff,0xff,0xff,0xff,0xff,0xff,0xff,0xff,0xff,0xff,0xff,0xff,0xff,0xff,0xff,0xff,0xff,0xff,0xff,0xff,0xff,0xff,0xff,0xff,0xff,0xff,0xff,0xff,0xff,0xff,0xff,0xff,0xff,0xff,0xff,0xff,0xff,0xff,
    0xff,0xff,0xff,0xff,0xff,0xff,0xff,0xff,0xff,0xff,0xff,0xff,0xff,0xff,0xff,0xff,0xff,0xff,0xff,0xff,0xff,0xff,0xff,0xff,0xff,0xff,0xff,0xff,0xff,0xff,0xff,0xff,0xff,0xff,0xff,0xff,0xff,0xff,0xff,0xff,0xff,0xff,0xff,0xff,
    0xff,0xff,0xff,0xff,0xff,0xff,0xff,0xff,0xff,0xff,0xff,0xff,0xff,0xff,0xff,0xff,0xff,0xff,0xff,0xff,0xff,0xff,0xff,0xff,0xff,0xff,0xff,0xff,0xff,0xff,0xff,0xff,0xff,0xff,0xff,0xff,0xff,0xff,0xff,0xff,0xff,0xff,0xff,0xff,
    0xfe,0xff,0xff,0xff,0xff,0xff,0xff,0xff,0xff,0xff,0xff,0xff,0xff,0xff,0xff,0xff,0xff,0xff,0xff,0xff,0xff,0xfe,0xff,0xfe,0xff,0xff,0xff,0xff,0xff,0xff,0xff,0xff,0xff,0xff,0xff,0xff,0xff,0xff,0xff,0xff,0xff,0xff,0xfe,0xff,
    0xde,0xff,0xfd,0xff,0xff,0xff,0xff,0xff,0xff,0xff,0xff,0xff,0xff,0xff,0xff,0xff,0xff,0xff,0xff,0xfd,0xff,0xde,0x3c,0xd9,0xfe,0xfe,0xff,0xff,0xff,0xff,0xff,0xff,0xff,0xff,0xff,0xff,0xff,0xff,0xff,0xff,0xfe,0xfe,0xd9,0x3c,

};

const lv_image_dsc_t emoji_cross_22 = {
  .header.magic = LV_IMAGE_HEADER_MAGIC,
  .header.cf = LV_COLOR_FORMAT_RGB565A8,
  .header.flags = 0,
  .header.w = 22,
  .header.h = 22,
  .header.stride = 44,
  .data_size = sizeof(emoji_cross_22_map),
  .data = emoji_cross_22_map,
};




#ifndef LV_ATTRIBUTE_MEM_ALIGN
#define LV_ATTRIBUTE_MEM_ALIGN
#endif

#ifndef LV_ATTRIBUTE_EMOJI_LIGHTNING_22
#define LV_ATTRIBUTE_EMOJI_LIGHTNING_22
#endif

static const
LV_ATTRIBUTE_MEM_ALIGN LV_ATTRIBUTE_LARGE_CONST LV_ATTRIBUTE_EMOJI_LIGHTNING_22
uint8_t emoji_lightning_22_map[] = {

    0x00,0x00,0x00,0x00,0x00,0x00,0x00,0x00,0x00,0x00,0x00,0x00,0x00,0x00,0x00,0x00,0x00,0x00,0x00,0x00,0x00,0x00,0x00,0x00,0xe7,0xfd,0x00,0x00,0x26,0xfd,0xa6,0xfd,0x66,0xfd,0x00,0x00,0xe7,0xfd,0x00,0x00,0x00,0x00,0x00,0x00,
    0x00,0x00,0x00,0x00,0x00,0x00,0x00,0x00,0x00,0x00,0x00,0x00,0x00,0x00,0x00,0x00,0x00,0x00,0x00,0x00,0x00,0x00,0xe7,0xfd,0x00,0x00,0x46,0xfd,0x86,0xfd,0xa6,0xfd,0x46,0xfd,0x00,0x00,0x4a,0xfd,0x00,0x00,0x00,0x00,0x00,0x00,
    0x00,0x00,0x00,0x00,0x00,0x00,0x00,0x00,0x00,0x00,0x00,0x00,0x00,0x00,0x00,0x00,0x00,0x00,0xe0,0xff,0x4a,0xfd,0x00,0x00,0x46,0xfd,0x66,0xfd,0xe7,0xfd,0x46,0xfd,0x00,0x00,0x4a,0xfd,0x00,0x00,0x00,0x00,0x00,0x00,0x00,0x00,
    0x00,0x00,0x00,0x00,0x00,0x00,0x00,0x00,0x00,0x00,0x00,0x00,0x00,0x00,0x00,0x00,0xe0,0xfb,0xe0,0xff,0x00,0x00,0x66,0xfd,0xa6,0xfd,0x66,0xfd,0x66,0xfd,0x46,0xfd,0x00,0xf8,0xe0,0xff,0x00,0x00,0x00,0x00,0x00,0x00,0x00,0x00,
    0x00,0x00,0x00,0x00,0x00,0x00,0x00,0x00,0x00,0x00,0x00,0x00,0x00,0x00,0x4a,0xfd,0x00,0x00,0xe0,0xfb,0x66,0xfd,0xc6,0xfd,0x66,0xfd,0xa6,0xfd,0x46,0xfd,0x00,0x00,0x4a,0xfd,0x00,0x00,0x00,0x00,0x00,0x00,0x00,0x00,0x00,0x00,
    0x00,0x00,0x00,0x00,0x00,0x00,0x00,0x00,0x00,0x00,0x00,0x00,0x4a,0xfd,0x00,0x00,0xc6,0xfc,0x66,0xfd,0xc6,0xfd,0x66,0xfd,0x66,0xfd,0x66,0xfd,0x26,0xfd,0xe0,0xff,0x4a,0xfd,0x00,0x00,0x00,0x00,0x00,0x00,0x00,0x00,0x00,0x00,
    0x00,0x00,0x00,0x00,0x00,0x00,0x00,0x00,0x00,0x00,0xe7,0xfd,0x00,0x00,0x26,0xfd,0x86,0xfd,0xa6,0xfd,0x46,0xfd,0x46,0xfd,0xc6,0xfd,0x46,0xfd,0x00,0x00,0xe7,0xfb,0x00,0x00,0x00,0x00,0x00,0x00,0x00,0x00,0x00,0x00,0x00,0x00,
    0x00,0x00,0x00,0x00,0x00,0x00,0x00,0x00,0xe7,0xfd,0x00,0x00,0x46,0xfd,0x86,0xfd,0xa6,0xfd,0x46,0xfd,0x66,0xfd,0x66,0xfd,0x66,0xfd,0x66,0xfd,0xe0,0xfb,0x4a,0xfd,0xe0,0xff,0xe0,0xff,0x00,0xf8,0xe0,0xff,0x00,0x00,0x00,0x00,
    0x00,0x00,0x00,0x00,0x00,0xf8,0x4a,0xfd,0x00,0x00,0x46,0xfd,0x86,0xfd,0x86,0xfd,0x46,0xfd,0x66,0xfd,0x66,0xfd,0xa6,0xfd,0x46,0xfd,0x00,0x00,0x00,0x00,0x00,0x00,0x00,0x00,0x00,0x00,0x00,0x00,0x00,0x00,0x00,0x00,0x00,0x00,
    0x00,0x00,0xe0,0xff,0xef,0xfb,0x00,0x00,0x46,0xfd,0x86,0xfd,0x66,0xfd,0x46,0xfd,0x66,0xfd,0x66,0xfd,0x66,0xfd,0x66,0xfd,0x46,0xfd,0x66,0xfd,0x66,0xfd,0x66,0xfd,0x66,0xfd,0x46,0xfd,0x66,0xfd,0x66,0xfd,0x65,0xfd,0x00,0x00,
    0xe0,0xff,0x00,0x00,0x00,0x00,0x66,0xfd,0xa6,0xfd,0x66,0xfd,0x46,0xfd,0x66,0xfd,0x46,0xfd,0x66,0xfd,0x66,0xfd,0x66,0xfd,0x86,0xfd,0x86,0xfd,0x86,0xfd,0x86,0xfd,0x86,0xfd,0x86,0xfd,0x07,0xfe,0x66,0xfd,0x46,0xfd,0xef,0xfb,
    0xef,0xfb,0x46,0xfd,0x66,0xfd,0x07,0xfe,0x86,0xfd,0x86,0xfd,0x86,0xfd,0x86,0xfd,0x86,0xfd,0x86,0xfd,0x66,0xfd,0x66,0xfd,0x66,0xfd,0x46,0xfd,0x66,0xfd,0x46,0xfd,0x66,0xfd,0xa6,0xfd,0x66,0xfd,0x00,0x00,0x00,0x00,0xe0,0xff,
    0x00,0x00,0x65,0xfd,0x66,0xfd,0x66,0xfd,0x46,0xfd,0x66,0xfd,0x66,0xfd,0x66,0xfd,0x66,0xfd,0x46,0xfd,0x66,0xfd,0x66,0xfd,0x66,0xfd,0x66,0xfd,0x46,0xfd,0x66,0xfd,0x86,0xfd,0x46,0xfd,0x00,0x00,0xef,0xfb,0xe0,0xff,0x00,0x00,
    0x00,0x00,0x00,0x00,0x00,0x00,0x00,0x00,0x00,0x00,0x00,0x00,0x00,0x00,0x00,0x00,0x00,0x00,0x46,0xfd,0xa6,0xfd,0x66,0xfd,0x66,0xfd,0x46,0xfd,0x86,0xfd,0x86,0xfd,0x46,0xfd,0x00,0x00,0x4a,0xfd,0x00,0xf8,0x00,0x00,0x00,0x00,
    0x00,0x00,0x00,0x00,0xe0,0xff,0x00,0xf8,0xe0,0xff,0xe0,0xff,0x4a,0xfd,0xe0,0xfb,0x66,0xfd,0x66,0xfd,0x66,0xfd,0x66,0xfd,0x46,0xfd,0xa6,0xfd,0x86,0xfd,0x46,0xfd,0x00,0x00,0xe7,0xfd,0x00,0x00,0x00,0x00,0x00,0x00,0x00,0x00,
    0x00,0x00,0x00,0x00,0x00,0x00,0x00,0x00,0x00,0x00,0x00,0x00,0xe7,0xfb,0x00,0x00,0x46,0xfd,0xc6,0xfd,0x46,0xfd,0x46,0xfd,0xa6,0xfd,0x86,0xfd,0x26,0xfd,0x00,0x00,0xe7,0xfd,0x00,0x00,0x00,0x00,0x00,0x00,0x00,0x00,0x00,0x00,
    0x00,0x00,0x00,0x00,0x00,0x00,0x00,0x00,0x00,0x00,0x4a,0xfd,0xe0,0xff,0x26,0xfd,0x66,0xfd,0x66,0xfd,0x66,0xfd,0xc6,0xfd,0x66,0xfd,0xc6,0xfc,0x00,0x00,0x4a,0xfd,0x00,0x00,0x00,0x00,0x00,0x00,0x00,0x00,0x00,0x00,0x00,0x00,
    0x00,0x00,0x00,0x00,0x00,0x00,0x00,0x00,0x00,0x00,0x4a,0xfd,0x00,0x00,0x46,0xfd,0xa6,0xfd,0x66,0xfd,0xc6,0xfd,0x66,0xfd,0xe0,0xfb,0x00,0x00,0x4a,0xfd,0x00,0x00,0x00,0x00,0x00,0x00,0x00,0x00,0x00,0x00,0x00,0x00,0x00,0x00,
    0x00,0x00,0x00,0x00,0x00,0x00,0x00,0x00,0xe0,0xff,0x00,0xf8,0x46,0xfd,0x66,0xfd,0x66,0xfd,0xa6,0xfd,0x66,0xfd,0x00,0x00,0xe0,0xff,0xe0,0xfb,0x00,0x00,0x00,0x00,0x00,0x00,0x00,0x00,0x00,0x00,0x00,0x00,0x00,0x00,0x00,0x00,
    0x00,0x00,0x00,0x00,0x00,0x00,0x00,0x00,0x4a,0xfd,0x00,0x00,0x46,0xfd,0xe7,0xfd,0x66,0xfd,0x46,0xfd,0x00,0x00,0x4a,0xfd,0xe0,0xff,0x00,0x00,0x00,0x00,0x00,0x00,0x00,0x00,0x00,0x00,0x00,0x00,0x00,0x00,0x00,0x00,0x00,0x00,
    0x00,0x00,0x00,0x00,0x00,0x00,0x4a,0xfd,0x00,0x00,0x46,0xfd,0xa6,0xfd,0x86,0xfd,0x46,0xfd,0x00,0x00,0xe7,0xfd,0x00,0x00,0x00,0x00,0x00,0x00,0x00,0x00,0x00,0x00,0x00,0x00,0x00,0x00,0x00,0x00,0x00,0x00,0x00,0x00,0x00,0x00,
    0x00,0x00,0x00,0x00,0x00,0x00,0xe7,0xfd,0x00,0x00,0x66,0xfd,0xa6,0xfd,0x26,0xfd,0x00,0x00,0xe7,0xfd,0x00,0x00,0x00,0x00,0x00,0x00,0x00,0x00,0x00,0x00,0x00,0x00,0x00,0x00,0x00,0x00,0x00,0x00,0x00,0x00,0x00,0x00,0x00,0x00,
    0x00,0x00,0x00,0x00,0x00,0x00,0x00,0x00,0x00,0x00,0x00,0x00,0x04,0x00,0x29,0xe5,0x7e,0x00,0x04,0x00,0x00,0x00,0x00,0x00,0x00,0x00,0x00,0x00,0x00,0x00,0x00,0x00,0x00,0x04,0x00,0x3f,0xe3,0xfe,0x36,0x00,0x03,0x00,0x00,0x00,
    0x00,0x00,0x00,0x00,0x00,0x00,0x00,0x00,0x00,0x01,0x03,0x00,0x5e,0xf8,0xff,0xa9,0x00,0x03,0x00,0x00,0x00,0x00,0x00,0x00,0x00,0x00,0x00,0x00,0x00,0x00,0x02,0x01,0x00,0x7b,0xff,0xff,0xf8,0x2c,0x01,0x02,0x00,0x00,0x00,0x00,
    0x00,0x00,0x00,0x00,0x00,0x00,0x00,0x03,0x00,0x02,0x97,0xff,0xf9,0xff,0xa2,0x00,0x03,0x00,0x00,0x00,0x00,0x00,0x00,0x00,0x00,0x00,0x00,0x00,0x03,0x00,0x0f,0xb5,0xff,0xfa,0xfd,0xf8,0x29,0x01,0x03,0x00,0x00,0x00,0x00,0x00,
    0x00,0x00,0x00,0x00,0x00,0x04,0x00,0x22,0xce,0xff,0xfb,0xfb,0xff,0x99,0x00,0x04,0x00,0x00,0x00,0x00,0x00,0x00,0x00,0x00,0x00,0x00,0x04,0x00,0x39,0xe4,0xff,0xfb,0xfe,0xfe,0xf8,0x23,0x02,0x03,0x01,0x01,0x01,0x01,0x00,0x00,
    0x00,0x00,0x01,0x03,0x00,0x52,0xf5,0xff,0xfc,0xff,0xfb,0xff,0x8c,0x00,0x00,0x00,0x00,0x00,0x00,0x00,0x00,0x00,0x00,0x01,0x02,0x00,0x71,0xff,0xff,0xfd,0xff,0xff,0xfe,0xff,0xd9,0xd1,0xd1,0xd0,0xd0,0xd0,0xcd,0xd6,0x20,0x00,
    0x01,0x00,0x00,0x8c,0xff,0xfb,0xfb,0xfd,0xfd,0xfd,0xff,0xff,0xff,0xff,0xff,0xff,0xff,0xff,0xff,0xb7,0x0f,0x02,0x02,0x0f,0xb7,0xff,0xff,0xff,0xff,0xff,0xff,0xff,0xff,0xff,0xfd,0xfd,0xfd,0xfb,0xfb,0xff,0x8c,0x00,0x00,0x01,
    0x00,0x20,0xd6,0xcd,0xd0,0xd0,0xd0,0xd1,0xd1,0xd9,0xff,0xfe,0xff,0xff,0xfd,0xff,0xff,0x71,0x00,0x02,0x01,0x00,0x00,0x00,0x00,0x00,0x00,0x00,0x00,0x00,0x00,0x8c,0xff,0xfb,0xff,0xfc,0xff,0xf5,0x52,0x00,0x03,0x01,0x00,0x00,
    0x00,0x00,0x01,0x01,0x01,0x01,0x03,0x02,0x23,0xf8,0xfe,0xfe,0xfb,0xff,0xe4,0x39,0x00,0x04,0x00,0x00,0x00,0x00,0x00,0x00,0x00,0x00,0x00,0x00,0x04,0x00,0x99,0xff,0xfb,0xfb,0xff,0xce,0x22,0x00,0x04,0x00,0x00,0x00,0x00,0x00,
    0x00,0x00,0x00,0x00,0x00,0x03,0x01,0x29,0xf8,0xfd,0xfa,0xff,0xb5,0x0f,0x00,0x03,0x00,0x00,0x00,0x00,0x00,0x00,0x00,0x00,0x00,0x00,0x00,0x03,0x00,0xa2,0xff,0xf9,0xff,0x97,0x02,0x00,0x03,0x00,0x00,0x00,0x00,0x00,0x00,0x00,
    0x00,0x00,0x00,0x00,0x02,0x01,0x2c,0xf8,0xff,0xff,0x7b,0x00,0x01,0x02,0x00,0x00,0x00,0x00,0x00,0x00,0x00,0x00,0x00,0x00,0x00,0x00,0x03,0x00,0xa9,0xff,0xf8,0x5e,0x00,0x03,0x01,0x00,0x00,0x00,0x00,0x00,0x00,0x00,0x00,0x00,
    0x00,0x00,0x00,0x03,0x00,0x36,0xfe,0xe3,0x3f,0x00,0x04,0x00,0x00,0x00,0x00,0x00,0x00,0x00,0x00,0x00,0x00,0x00,0x00,0x00,0x00,0x04,0x00,0x7e,0xe5,0x29,0x00,0x04,0x00,0x00,0x00,0x00,0x00,0x00,0x00,0x00,0x00,0x00,0x00,0x00,

};

const lv_image_dsc_t emoji_lightning_22 = {
  .header.magic = LV_IMAGE_HEADER_MAGIC,
  .header.cf = LV_COLOR_FORMAT_RGB565A8,
  .header.flags = 0,
  .header.w = 22,
  .header.h = 22,
  .header.stride = 44,
  .data_size = sizeof(emoji_lightning_22_map),
  .data = emoji_lightning_22_map,
};




#ifndef LV_ATTRIBUTE_MEM_ALIGN
#define LV_ATTRIBUTE_MEM_ALIGN
#endif

#ifndef LV_ATTRIBUTE_EMOJI_TOPHAT_22
#define LV_ATTRIBUTE_EMOJI_TOPHAT_22
#endif

static const
LV_ATTRIBUTE_MEM_ALIGN LV_ATTRIBUTE_LARGE_CONST LV_ATTRIBUTE_EMOJI_TOPHAT_22
uint8_t emoji_tophat_22_map[] = {

    0x00,0x00,0x00,0x00,0x00,0x00,0x06,0x21,0x86,0x29,0xa7,0x31,0xc7,0x31,0xc7,0x31,0xc7,0x31,0xc7,0x31,0xc7,0x31,0xc7,0x31,0xc7,0x31,0xc7,0x31,0xc7,0x31,0xc7,0x31,0xa7,0x31,0x86,0x29,0x06,0x21,0x00,0x00,0x00,0x00,0x00,0x00,
    0xaa,0x52,0x00,0x00,0x87,0x29,0xe8,0x31,0x09,0x3a,0xc8,0x31,0xa7,0x29,0x87,0x29,0xa7,0x29,0xa7,0x29,0x87,0x29,0x87,0x29,0x87,0x29,0x87,0x29,0x87,0x29,0xa7,0x31,0xc8,0x31,0x09,0x3a,0xe8,0x31,0x87,0x29,0x00,0x00,0xaa,0x52,
    0x86,0x31,0x00,0x00,0x86,0x29,0x6a,0x42,0xd0,0x6b,0x8f,0x63,0x0d,0x53,0xab,0x4a,0x6a,0x42,0x4a,0x42,0x29,0x3a,0x49,0x3a,0x6a,0x42,0x8b,0x4a,0xcc,0x52,0x2e,0x5b,0x8f,0x63,0xd0,0x6b,0x6a,0x42,0x86,0x29,0x00,0x00,0x86,0x31,
    0xe7,0x39,0x00,0x00,0xa7,0x31,0xc8,0x31,0x29,0x3a,0xab,0x4a,0x2d,0x5b,0x6f,0x63,0x8f,0x63,0xaf,0x63,0xaf,0x63,0xaf,0x63,0xaf,0x63,0x8f,0x63,0x4e,0x5b,0x0d,0x53,0x8b,0x4a,0x29,0x3a,0xc8,0x31,0xa7,0x31,0x00,0x00,0xe7,0x39,
    0xe7,0x39,0x00,0x00,0xa7,0x31,0xc8,0x31,0x87,0x29,0x87,0x29,0x87,0x29,0xa7,0x31,0xc7,0x31,0xe8,0x31,0xe8,0x31,0xe8,0x31,0xc8,0x31,0xc7,0x31,0xa7,0x29,0x87,0x29,0x87,0x29,0x87,0x29,0xc8,0x31,0xa7,0x31,0x00,0x00,0xe7,0x39,
    0xe7,0x39,0x00,0x00,0xa7,0x29,0xc8,0x31,0xa7,0x31,0xc7,0x31,0xc7,0x31,0xa7,0x31,0xa7,0x31,0xa7,0x31,0xa7,0x31,0xa7,0x31,0xa7,0x31,0xa7,0x31,0xa7,0x31,0xc7,0x31,0xc7,0x31,0xa7,0x31,0xc8,0x31,0xa7,0x29,0x00,0x00,0xe7,0x39,
    0xaa,0x52,0x00,0x00,0xa7,0x31,0xc8,0x31,0xa7,0x31,0xa7,0x31,0xa7,0x31,0xa7,0x31,0xa7,0x31,0xa7,0x31,0xa7,0x31,0xa7,0x31,0xa7,0x31,0xa7,0x31,0xa7,0x31,0xa7,0x31,0xa7,0x31,0xa7,0x31,0xc8,0x31,0xa7,0x31,0x00,0x00,0xaa,0x52,
    0xaa,0x52,0x00,0x00,0xa7,0x31,0xc7,0x31,0xa7,0x31,0xa7,0x31,0xa7,0x31,0xa7,0x31,0xa7,0x31,0xa7,0x31,0xa7,0x31,0xa7,0x31,0xa7,0x31,0xa7,0x31,0xa7,0x31,0xa7,0x31,0xa7,0x31,0xa7,0x31,0xc7,0x31,0xa7,0x31,0x00,0x00,0xaa,0x52,
    0x0f,0x00,0x00,0x00,0xa7,0x31,0xa7,0x31,0xa7,0x31,0xa7,0x31,0xa7,0x31,0xa7,0x31,0xa7,0x31,0xa7,0x31,0xa7,0x31,0xa7,0x31,0xa7,0x31,0xa7,0x31,0xa7,0x31,0xa7,0x31,0xa7,0x31,0xa7,0x31,0xa7,0x31,0xa7,0x29,0x00,0x00,0xef,0x03,
    0x00,0x00,0x00,0x00,0xa7,0x29,0xa7,0x31,0xc7,0x31,0xa7,0x31,0xa7,0x31,0xa7,0x31,0xa7,0x31,0xa7,0x31,0xa7,0x31,0xa7,0x31,0xa7,0x31,0xa7,0x31,0xa7,0x31,0xa7,0x31,0xa7,0x31,0xc7,0x31,0xa7,0x31,0xa7,0x29,0x00,0x00,0x00,0x00,
    0x00,0x00,0x00,0x00,0xc7,0x39,0xa7,0x31,0xc7,0x31,0xa7,0x31,0xa7,0x31,0xa7,0x31,0xa7,0x31,0xa7,0x31,0xa7,0x31,0xa7,0x31,0xa7,0x31,0xa7,0x31,0xa7,0x31,0xa7,0x31,0xa7,0x31,0xc7,0x31,0xa7,0x31,0xc7,0x39,0x00,0x00,0x00,0x00,
    0x00,0x00,0x00,0x00,0xaa,0x52,0xa7,0x29,0xc8,0x31,0xa7,0x31,0xa7,0x31,0xa7,0x31,0xa7,0x31,0xa7,0x31,0xa7,0x31,0xa7,0x31,0xa7,0x31,0xa7,0x31,0xa7,0x31,0xa7,0x31,0xa7,0x31,0xc8,0x31,0xa7,0x31,0xaa,0x52,0x00,0x00,0x00,0x00,
    0x00,0x00,0x00,0x00,0x00,0x00,0xc8,0x31,0xc7,0x31,0xa6,0x29,0xa6,0x29,0xa7,0x29,0xa7,0x31,0xa7,0x31,0xa7,0x31,0xa7,0x31,0xa7,0x31,0xa7,0x31,0xa7,0x29,0xa7,0x29,0xa6,0x29,0xc7,0x29,0xa7,0x29,0x00,0x00,0x00,0x00,0x00,0x00,
    0x00,0x00,0xff,0x07,0x00,0x00,0x74,0x6a,0x72,0x6a,0x0e,0x52,0xeb,0x41,0xca,0x39,0xc8,0x31,0xc8,0x31,0xa7,0x31,0xa7,0x31,0xc8,0x31,0xc8,0x31,0xc9,0x39,0xea,0x39,0xec,0x49,0x50,0x5a,0x51,0x62,0x00,0x00,0xff,0x07,0x00,0x00,
    0x00,0x00,0xbf,0xaa,0x00,0x00,0x75,0x72,0xb7,0x7a,0x96,0x7a,0x76,0x72,0x75,0x72,0x74,0x72,0x74,0x6a,0x53,0x6a,0x53,0x6a,0x53,0x6a,0x74,0x6a,0x74,0x72,0x75,0x72,0x76,0x72,0xb7,0x82,0x75,0x72,0x00,0x00,0xbf,0xaa,0x00,0x00,
    0x00,0x00,0x52,0x6a,0x00,0x00,0x75,0x72,0x96,0x7a,0x74,0x72,0x75,0x72,0x75,0x72,0x75,0x72,0x75,0x72,0x75,0x72,0x75,0x72,0x75,0x72,0x75,0x72,0x75,0x72,0x75,0x72,0x74,0x72,0x96,0x7a,0x75,0x72,0x00,0x00,0x52,0x6a,0x00,0x00,
    0x00,0x00,0x00,0x00,0x84,0x21,0x52,0x62,0x96,0x7a,0x75,0x72,0x75,0x72,0x75,0x72,0x75,0x72,0x75,0x72,0x75,0x72,0x75,0x72,0x75,0x72,0x75,0x72,0x75,0x72,0x75,0x72,0x75,0x72,0x96,0x7a,0x52,0x6a,0x84,0x21,0x00,0x00,0x00,0x00,
    0xc7,0x31,0xa8,0x31,0xa6,0x29,0xec,0x41,0x96,0x7a,0x75,0x72,0x75,0x72,0x75,0x72,0x75,0x72,0x75,0x72,0x75,0x72,0x75,0x72,0x75,0x72,0x75,0x72,0x75,0x72,0x75,0x72,0x75,0x72,0x96,0x7a,0x0c,0x4a,0xa6,0x29,0xa8,0x31,0xc7,0x31,
    0xa7,0x31,0xc8,0x31,0xa7,0x31,0xa7,0x29,0x0d,0x4a,0x74,0x6a,0x75,0x72,0x76,0x7a,0x96,0x7a,0x96,0x7a,0x76,0x7a,0x76,0x7a,0x96,0x7a,0x96,0x7a,0x76,0x7a,0x75,0x72,0x74,0x72,0x2f,0x52,0xa7,0x31,0xa7,0x31,0xc8,0x31,0xa7,0x31,
    0xa7,0x31,0xc8,0x31,0xc7,0x31,0xa7,0x31,0xa6,0x29,0xa8,0x31,0xea,0x41,0x0d,0x4a,0x0e,0x52,0x2f,0x5a,0x30,0x5a,0x30,0x5a,0x2f,0x5a,0x0e,0x52,0x0d,0x4a,0xeb,0x41,0xc8,0x31,0xa6,0x29,0xa7,0x31,0xc7,0x31,0xc8,0x31,0xa7,0x31,
    0xc7,0x39,0xa7,0x31,0xc7,0x31,0xa7,0x31,0xc8,0x31,0xc7,0x31,0xc7,0x29,0xa6,0x29,0xa6,0x29,0xa6,0x29,0xa6,0x29,0xa6,0x29,0xa6,0x29,0xa6,0x29,0xa6,0x29,0xc7,0x29,0xc7,0x31,0xc8,0x31,0xa7,0x31,0xc7,0x31,0xa7,0x31,0xc7,0x39,
    0x00,0x00,0x00,0x00,0x29,0x21,0xc8,0x31,0xa7,0x31,0xa7,0x31,0xc7,0x31,0xa7,0x31,0xa7,0x31,0xc7,0x31,0xa7,0x31,0xa7,0x31,0xc7,0x31,0xa7,0x31,0xa7,0x31,0xc7,0x31,0xa7,0x31,0xa7,0x31,0xc8,0x31,0x29,0x21,0x00,0x00,0x00,0x00,
    0x00,0x01,0x00,0x0f,0x54,0x8f,0xbe,0xda,0xec,0xfa,0xff,0xff,0xfa,0xec,0xda,0xbe,0x8f,0x54,0x0f,0x00,0x01,0x00,0x03,0x01,0x4b,0xe1,0xff,0xff,0xff,0xff,0xff,0xff,0xff,0xff,0xff,0xff,0xff,0xff,0xff,0xff,0xe1,0x4b,0x01,0x03,
    0x05,0x00,0x98,0xff,0xf9,0xfc,0xfd,0xfe,0xfe,0xff,0xff,0xff,0xff,0xfe,0xfe,0xfd,0xfc,0xf9,0xff,0x98,0x00,0x05,0x04,0x00,0x81,0xfd,0xfb,0xff,0xff,0xff,0xff,0xff,0xff,0xff,0xff,0xff,0xff,0xff,0xff,0xfb,0xfd,0x81,0x00,0x04,
    0x04,0x00,0x6e,0xff,0xfb,0xff,0xff,0xff,0xff,0xff,0xff,0xff,0xff,0xff,0xff,0xff,0xff,0xfb,0xff,0x6e,0x00,0x04,0x04,0x00,0x5c,0xff,0xfc,0xff,0xff,0xff,0xff,0xff,0xff,0xff,0xff,0xff,0xff,0xff,0xff,0xfc,0xff,0x5c,0x00,0x04,
    0x03,0x00,0x48,0xff,0xfc,0xff,0xff,0xff,0xff,0xff,0xff,0xff,0xff,0xff,0xff,0xff,0xff,0xfc,0xff,0x48,0x00,0x03,0x03,0x00,0x37,0xff,0xfe,0xff,0xff,0xff,0xff,0xff,0xff,0xff,0xff,0xff,0xff,0xff,0xff,0xfe,0xff,0x37,0x00,0x03,
    0x02,0x00,0x2a,0xfb,0xff,0xfe,0xff,0xff,0xff,0xff,0xff,0xff,0xff,0xff,0xff,0xff,0xfe,0xff,0xfc,0x2b,0x00,0x02,0x01,0x00,0x1c,0xf3,0xff,0xfe,0xff,0xff,0xff,0xff,0xff,0xff,0xff,0xff,0xff,0xff,0xfe,0xff,0xf3,0x1c,0x00,0x01,
    0x01,0x00,0x0d,0xea,0xff,0xfe,0xff,0xff,0xff,0xff,0xff,0xff,0xff,0xff,0xff,0xff,0xfe,0xff,0xea,0x0d,0x00,0x01,0x01,0x00,0x03,0xdc,0xff,0xfd,0xff,0xff,0xff,0xff,0xff,0xff,0xff,0xff,0xff,0xff,0xfd,0xff,0xdc,0x03,0x00,0x01,
    0x01,0x00,0x00,0xcb,0xff,0xfc,0xff,0xff,0xff,0xff,0xff,0xff,0xff,0xff,0xff,0xff,0xfc,0xff,0xcb,0x00,0x00,0x01,0x00,0x01,0x00,0xba,0xff,0xfc,0xff,0xff,0xff,0xff,0xff,0xff,0xff,0xff,0xff,0xff,0xfc,0xff,0xba,0x00,0x01,0x00,
    0x00,0x03,0x01,0xab,0xff,0xfb,0xff,0xff,0xff,0xff,0xff,0xff,0xff,0xff,0xff,0xff,0xfb,0xff,0xab,0x01,0x03,0x00,0x01,0x07,0x00,0x90,0xff,0xfb,0xff,0xff,0xff,0xff,0xff,0xff,0xff,0xff,0xff,0xff,0xfb,0xff,0x90,0x00,0x07,0x01,
    0x00,0x00,0x15,0xa3,0xff,0xfc,0xff,0xff,0xff,0xff,0xff,0xff,0xff,0xff,0xff,0xff,0xfc,0xff,0xa3,0x15,0x00,0x00,0x1a,0x97,0xeb,0xff,0xff,0xff,0xff,0xff,0xff,0xff,0xff,0xff,0xff,0xff,0xff,0xff,0xff,0xff,0xff,0xeb,0x97,0x1a,
    0xe9,0xff,0xff,0xfe,0xff,0xff,0xff,0xff,0xff,0xff,0xff,0xff,0xff,0xff,0xff,0xff,0xff,0xff,0xfe,0xff,0xff,0xe9,0xd7,0xff,0xff,0xff,0xfc,0xfc,0xfd,0xfe,0xff,0xff,0xff,0xff,0xff,0xff,0xfe,0xfd,0xfc,0xfc,0xff,0xff,0xff,0xd7,
    0x0d,0x7b,0xd6,0xfe,0xff,0xff,0xff,0xff,0xff,0xff,0xff,0xff,0xff,0xff,0xff,0xff,0xff,0xff,0xfe,0xd6,0x7b,0x0d,0x00,0x00,0x07,0x3b,0x74,0xa6,0xc8,0xe3,0xf6,0xff,0xff,0xff,0xff,0xf6,0xe3,0xc8,0xa6,0x74,0x3b,0x07,0x00,0x00,

};

const lv_image_dsc_t emoji_tophat_22 = {
  .header.magic = LV_IMAGE_HEADER_MAGIC,
  .header.cf = LV_COLOR_FORMAT_RGB565A8,
  .header.flags = 0,
  .header.w = 22,
  .header.h = 22,
  .header.stride = 44,
  .data_size = sizeof(emoji_tophat_22_map),
  .data = emoji_tophat_22_map,
};




#ifndef LV_ATTRIBUTE_MEM_ALIGN
#define LV_ATTRIBUTE_MEM_ALIGN
#endif

#ifndef LV_ATTRIBUTE_EMOJI_MOTORCYCLE_22
#define LV_ATTRIBUTE_EMOJI_MOTORCYCLE_22
#endif

static const
LV_ATTRIBUTE_MEM_ALIGN LV_ATTRIBUTE_LARGE_CONST LV_ATTRIBUTE_EMOJI_MOTORCYCLE_22
uint8_t emoji_motorcycle_22_map[] = {

    0x00,0x00,0x00,0x00,0x00,0x00,0x00,0x00,0x00,0x00,0x00,0x00,0x00,0x00,0x00,0x00,0x00,0x00,0x00,0x00,0x00,0x00,0x00,0x00,0x00,0x00,0x00,0x00,0x00,0x00,0x00,0x00,0x00,0x00,0x00,0x00,0x00,0x00,0x00,0x00,0x00,0x00,0x00,0x00,
    0x00,0x00,0x00,0x00,0x00,0x00,0x00,0x00,0x00,0x00,0x00,0x00,0x00,0x00,0x00,0x00,0x00,0x00,0x00,0x00,0x00,0x00,0x00,0x00,0x00,0x00,0x00,0x00,0x00,0x00,0x00,0x00,0x00,0x00,0x00,0x00,0x00,0x00,0x00,0x00,0x00,0x00,0x00,0x00,
    0x00,0x00,0x00,0x00,0x00,0x00,0x00,0x00,0x00,0x00,0x00,0x00,0x00,0x00,0x00,0x00,0x00,0x00,0x00,0x00,0x00,0x00,0x00,0x00,0x00,0x00,0x00,0x00,0x00,0x00,0x00,0x00,0x00,0x00,0x00,0x00,0x00,0x00,0x00,0x00,0x00,0x00,0x00,0x00,
    0x00,0x00,0x00,0x00,0x00,0x00,0x00,0x00,0x00,0x00,0x00,0x00,0x00,0x00,0x00,0x00,0x00,0x00,0x00,0x00,0x00,0x00,0x00,0x00,0x00,0x00,0x00,0x00,0x00,0x00,0x00,0x00,0x00,0x00,0x00,0x00,0x00,0x00,0x00,0x00,0x00,0x00,0x00,0x00,
    0x00,0x00,0x00,0x00,0x00,0x00,0x00,0x00,0xff,0xff,0xff,0xff,0x00,0x00,0x00,0x00,0x00,0x00,0x00,0x00,0x00,0x00,0x00,0x00,0x00,0x00,0x00,0x00,0x00,0x00,0x00,0x00,0x00,0x00,0x00,0x00,0x00,0x00,0x00,0x00,0x00,0x00,0x00,0x00,
    0x00,0x00,0x00,0x00,0x00,0x00,0xff,0xff,0x00,0x00,0x00,0x00,0x00,0x00,0x00,0x00,0x00,0x00,0x00,0x00,0x00,0x00,0x00,0x00,0x00,0x00,0x00,0x00,0x00,0x00,0x00,0x00,0x00,0x00,0x00,0x00,0x00,0x00,0x00,0x00,0x00,0x00,0x00,0x00,
    0x00,0x00,0x00,0x00,0xef,0x7b,0x00,0x00,0xdb,0xc6,0x9b,0xce,0xe7,0x39,0xef,0x7b,0x00,0x00,0x00,0x00,0x00,0x00,0x00,0x00,0x00,0x00,0x00,0x00,0x00,0x00,0x00,0x00,0x00,0x00,0x00,0x00,0x00,0x00,0x00,0x00,0x00,0x00,0x00,0x00,
    0x00,0x00,0xff,0xff,0x4a,0xad,0x4f,0x7d,0xbb,0xce,0xdb,0xce,0x00,0x00,0x00,0x00,0x4a,0x55,0xef,0x7f,0x00,0x00,0x00,0x00,0x00,0x00,0x00,0x00,0x00,0x00,0x00,0x00,0x00,0x00,0x00,0x00,0x00,0x00,0x00,0x00,0x00,0x00,0x00,0x00,
    0x00,0x00,0xff,0xff,0x00,0x00,0xdc,0xd6,0xbb,0xce,0x00,0x00,0x28,0x3a,0x45,0x21,0x00,0x00,0x00,0x00,0x00,0x00,0x00,0x00,0x00,0x00,0x00,0x00,0x00,0x00,0x00,0x00,0xef,0x7b,0xe7,0x7d,0xe7,0x39,0xe7,0x39,0xaa,0x52,0x00,0x00,
    0x55,0xad,0x00,0x00,0xce,0x8d,0x95,0xb6,0xcb,0x7d,0x0e,0x6c,0xcd,0x52,0x66,0x3a,0x8a,0x7d,0x6a,0x75,0x00,0x00,0x00,0x00,0x00,0x00,0x00,0x00,0x00,0x00,0x00,0x00,0x00,0x00,0x00,0x00,0x00,0x00,0x00,0x00,0x00,0x00,0x00,0x00,
    0x4a,0x55,0x00,0x00,0x8a,0x75,0x0a,0x7e,0xaa,0x7d,0x8f,0x74,0x8e,0x74,0xea,0x7d,0xab,0x7d,0xeb,0x7d,0xca,0x7d,0xa9,0x53,0xe0,0x7b,0xef,0x7b,0x8a,0x53,0x03,0x08,0xa8,0x53,0x0a,0x75,0x07,0x32,0x46,0x21,0x08,0x4b,0xaa,0x7d,
    0xe0,0x07,0xe0,0xff,0x4a,0x7d,0x8b,0x7d,0x0b,0x86,0xab,0x7d,0xaa,0x7d,0xaa,0x7d,0xaa,0x7d,0x2a,0x6d,0x28,0x4b,0x86,0x29,0x86,0x29,0x66,0x29,0x26,0x21,0xa6,0x29,0xa9,0x64,0x0b,0x86,0x4a,0x75,0x4a,0x75,0x0b,0x86,0x8a,0x7d,
    0x00,0x00,0x00,0x00,0x00,0x00,0x00,0x00,0xab,0x7d,0xca,0x7d,0x89,0x75,0xaa,0x7d,0xa9,0x64,0x66,0x29,0x05,0x21,0x66,0x29,0x46,0x21,0xa6,0x29,0x68,0x4b,0x6a,0x75,0x2b,0x86,0xaa,0x7d,0xca,0x7d,0xeb,0x7d,0xab,0x7d,0xb2,0x95,
    0xaa,0x52,0xff,0xff,0x6c,0x8e,0x0b,0x86,0x8a,0x75,0xac,0x7d,0xf0,0x95,0xeb,0x7d,0x2a,0x6d,0x48,0x4b,0x07,0x32,0x86,0x29,0x08,0x43,0x0a,0x6d,0xea,0x7d,0xaa,0x7d,0xaa,0x7d,0xea,0x74,0x6a,0x64,0x00,0x00,0x00,0x00,0x00,0x00,
    0x00,0x00,0x47,0x3a,0x86,0x3a,0x69,0x64,0x0a,0x7e,0x53,0xa6,0xdd,0xd6,0xac,0x85,0xaa,0x7d,0xeb,0x7d,0x6a,0x75,0x2a,0x75,0xab,0x7d,0xca,0x7d,0xad,0x85,0x96,0x9d,0x67,0x29,0x05,0x19,0x25,0x21,0xc4,0x10,0xa7,0x29,0x3e,0xdf,
    0xa7,0x31,0x45,0x21,0x8b,0x4a,0xd1,0x6b,0x90,0x8d,0xfc,0xd6,0xf2,0x9d,0x29,0x6d,0xab,0x7d,0xab,0x7d,0xaa,0x75,0xca,0x7d,0xaa,0x7d,0xaa,0x7d,0x8b,0x5b,0xd5,0x8c,0xb3,0x84,0x8f,0x63,0xf0,0x73,0x31,0x7c,0xbb,0xce,0x7e,0xe7,
    0x25,0x21,0xcc,0x52,0xd8,0xa5,0xff,0xef,0xbb,0xce,0xfc,0xce,0xca,0x4a,0x85,0x29,0xeb,0x85,0xeb,0x7d,0x4b,0x75,0x8d,0x6c,0x6c,0x7d,0x0b,0x86,0x43,0x08,0x0c,0x53,0x3a,0xb6,0x1d,0xdf,0x9e,0xef,0xbf,0xef,0xd8,0xb5,0xf0,0x73,
    0x66,0x21,0xf1,0x73,0x00,0x00,0x79,0xc6,0xfc,0xd6,0xdc,0xce,0x8f,0x63,0xc5,0x18,0x4a,0x75,0x4b,0x86,0x6d,0x6c,0x71,0x63,0x2e,0x6c,0x71,0x8d,0xf6,0x94,0x76,0x9d,0x7e,0xe7,0xfc,0xd6,0x14,0x95,0xf0,0x6b,0x4e,0x5b,0x45,0x21,
    0x66,0x21,0xf0,0x73,0xff,0xff,0xb4,0xa5,0x59,0xbe,0xff,0xff,0xcf,0x6b,0xe5,0x18,0x6a,0x75,0x0a,0x86,0xcc,0x6c,0x90,0x63,0xad,0x74,0x8e,0x85,0xac,0x4a,0x72,0x84,0xd4,0x8c,0xd0,0x63,0xd0,0x63,0x00,0x00,0x11,0x74,0x66,0x21,
    0x25,0x21,0xab,0x4a,0xb8,0xa5,0xff,0xff,0xff,0xff,0x97,0x9d,0x8b,0x4a,0x25,0x21,0x00,0x00,0x48,0x5c,0xe3,0x7e,0xef,0x5b,0x88,0x8e,0x00,0x00,0xa3,0x10,0x6a,0x42,0x77,0x9d,0x61,0x08,0xff,0xff,0xb7,0xa5,0xab,0x4a,0x25,0x21,
    0xa7,0x31,0x45,0x21,0xab,0x4a,0xaf,0x6b,0xaf,0x6b,0x8b,0x4a,0x45,0x21,0xa7,0x31,0x00,0x00,0x00,0x00,0x00,0x00,0x00,0x00,0x00,0x00,0xef,0x7b,0x29,0x3a,0x45,0x21,0xab,0x4a,0xaf,0x6b,0xaf,0x6b,0xab,0x4a,0x45,0x21,0xa7,0x31,
    0x00,0x00,0xa6,0x29,0x25,0x21,0x45,0x21,0x45,0x21,0x25,0x21,0xc7,0x29,0x00,0x00,0xe0,0x03,0xe0,0x07,0xe0,0x07,0x00,0x00,0x00,0x00,0xe0,0x03,0x00,0x00,0xc7,0x29,0x25,0x21,0x45,0x21,0x45,0x21,0x25,0x21,0xa6,0x29,0x00,0x00,
    0x00,0x00,0x00,0x00,0x00,0x00,0x00,0x00,0x00,0x00,0x00,0x00,0x00,0x00,0x00,0x00,0x00,0x00,0x00,0x00,0x00,0x00,0x00,0x00,0x00,0x00,0x00,0x00,0x00,0x00,0x00,0x00,0x00,0x00,0x00,0x00,0x00,0x00,0x00,0x00,0x00,0x00,0x00,0x00,
    0x00,0x00,0x00,0x00,0x00,0x00,0x00,0x00,0x00,0x00,0x00,0x00,0x00,0x00,0x00,0x00,0x00,0x00,0x00,0x00,0x00,0x00,0x00,0x00,0x00,0x00,0x00,0x00,0x00,0x00,0x00,0x00,0x00,0x00,0x00,0x00,0x00,0x00,0x00,0x00,0x00,0x00,0x00,0x00,
    0x00,0x00,0x00,0x00,0x01,0x02,0x00,0x00,0x00,0x00,0x00,0x00,0x00,0x00,0x00,0x00,0x00,0x00,0x00,0x00,0x00,0x00,0x00,0x00,0x00,0x01,0x00,0x00,0x00,0x00,0x00,0x00,0x00,0x00,0x00,0x00,0x00,0x00,0x00,0x00,0x00,0x00,0x00,0x00,
    0x00,0x00,0x02,0x00,0x1b,0x45,0x04,0x04,0x00,0x00,0x00,0x00,0x00,0x00,0x00,0x00,0x00,0x00,0x00,0x00,0x00,0x00,0x00,0x01,0x03,0x06,0xd9,0x6d,0x00,0x00,0x03,0x02,0x00,0x00,0x00,0x00,0x00,0x00,0x00,0x00,0x00,0x00,0x00,0x01,
    0x00,0x02,0x00,0xa4,0xc2,0x01,0x76,0x7e,0x00,0x00,0x00,0x01,0x00,0x01,0x01,0x01,0x02,0x04,0x04,0x04,0x03,0x00,0x03,0x00,0x60,0xff,0xb6,0x9f,0xf5,0x3e,0x3b,0x35,0x00,0x00,0x00,0x00,0x00,0x00,0x00,0x00,0x00,0x00,0x00,0x00,
    0x03,0x00,0xad,0xff,0xff,0xff,0xde,0xd6,0xff,0xff,0xb8,0x18,0x02,0x02,0x09,0x10,0x20,0x6f,0x9c,0x9a,0xa2,0xdb,0x01,0x01,0x15,0xad,0xff,0xff,0xff,0xff,0xfd,0xfe,0xff,0xed,0xd0,0xd2,0xe0,0xed,0xf3,0xff,0xff,0xff,0xff,0xd0,
    0x00,0x00,0x00,0x00,0x48,0xc8,0xfc,0xfb,0xfe,0xff,0xfd,0xff,0xff,0xff,0xff,0xff,0xff,0xff,0xf4,0xd3,0x76,0x07,0x03,0x02,0x55,0x8f,0x7d,0x66,0xe9,0xff,0xfe,0xff,0xff,0xfe,0xfc,0xfb,0xfe,0xe3,0x7d,0x5b,0x3b,0x00,0x00,0x00,
    0x00,0x45,0xf8,0xff,0xff,0xff,0xf7,0xb8,0xfb,0xfe,0xff,0xff,0xff,0xff,0xf9,0xd3,0xa2,0xe4,0xe5,0xbb,0x46,0x16,0x3a,0xf4,0xff,0xe7,0xe9,0xfc,0xff,0xbb,0xc1,0xff,0xfd,0xfe,0xff,0xe7,0x6c,0xff,0xff,0xef,0xfc,0xff,0xff,0xcd,
    0xcc,0xff,0x92,0x18,0xc9,0xfa,0xff,0xc0,0x87,0xfe,0xfa,0xfa,0xfe,0x8f,0x9b,0xfe,0xf7,0xd5,0xf4,0xff,0xff,0xfb,0xff,0xe8,0x00,0x3f,0xff,0x4f,0xef,0xd4,0x81,0xff,0xff,0xff,0xff,0xf7,0xfe,0xff,0xff,0xff,0xfb,0x9e,0xe7,0xf9,
    0xfe,0xe3,0x03,0x0e,0x2b,0x02,0xf3,0xda,0x75,0xe5,0xe3,0xe4,0xe5,0x9b,0xe6,0xf7,0xa0,0xa2,0x4e,0x00,0xe5,0xff,0xc7,0xff,0x88,0x09,0x03,0x92,0xff,0xac,0x00,0x0b,0x08,0x08,0x0b,0x00,0xa9,0xff,0x86,0x00,0x02,0x89,0xff,0xc7,
    0x35,0xec,0xff,0xe5,0xe8,0xff,0xe8,0x29,0x00,0x00,0x00,0x00,0x00,0x02,0x29,0xe8,0xff,0xea,0xe6,0xff,0xec,0x35,0x00,0x33,0xb6,0xfd,0xfa,0xb0,0x2c,0x00,0x02,0x01,0x01,0x01,0x01,0x02,0x00,0x2c,0xb1,0xfa,0xfd,0xb6,0x33,0x00,

};

const lv_image_dsc_t emoji_motorcycle_22 = {
  .header.magic = LV_IMAGE_HEADER_MAGIC,
  .header.cf = LV_COLOR_FORMAT_RGB565A8,
  .header.flags = 0,
  .header.w = 22,
  .header.h = 22,
  .header.stride = 44,
  .data_size = sizeof(emoji_motorcycle_22_map),
  .data = emoji_motorcycle_22_map,
};




#ifndef LV_ATTRIBUTE_MEM_ALIGN
#define LV_ATTRIBUTE_MEM_ALIGN
#endif

#ifndef LV_ATTRIBUTE_EMOJI_SEEDLING_22
#define LV_ATTRIBUTE_EMOJI_SEEDLING_22
#endif

static const
LV_ATTRIBUTE_MEM_ALIGN LV_ATTRIBUTE_LARGE_CONST LV_ATTRIBUTE_EMOJI_SEEDLING_22
uint8_t emoji_seedling_22_map[] = {

    0x8a,0x75,0xaa,0x75,0x8a,0x75,0x8a,0x75,0x8a,0x75,0xaa,0x7d,0x8a,0x75,0x00,0x00,0x4a,0x55,0x00,0x00,0x00,0x00,0x00,0x00,0x00,0x00,0x00,0x00,0x00,0x00,0x00,0x00,0x00,0x00,0x00,0x00,0x00,0x00,0x00,0x00,0x00,0x00,0x00,0x00,
    0x8a,0x75,0xeb,0x7d,0xcb,0x7d,0xcb,0x7d,0xcb,0x7d,0xcb,0x7d,0xcb,0x7d,0x8a,0x75,0x00,0x00,0xe7,0x7d,0x00,0x00,0x00,0x00,0x00,0x00,0x00,0x00,0x00,0x00,0x00,0x00,0x00,0x00,0x00,0x00,0x00,0x00,0x00,0x00,0x00,0x00,0x00,0x00,
    0x00,0x00,0x8a,0x75,0xeb,0x7d,0x8a,0x75,0x8a,0x75,0x8a,0x75,0xaa,0x7d,0xaa,0x7d,0x8a,0x75,0x00,0x00,0x4a,0x55,0x00,0x00,0x00,0x00,0x00,0x00,0x00,0x00,0x00,0x00,0x00,0x00,0x00,0x00,0x00,0x00,0x00,0x00,0x00,0x00,0x00,0x00,
    0xe7,0x7d,0x00,0x00,0x8a,0x75,0xeb,0x85,0x8a,0x75,0x8a,0x75,0x8a,0x75,0xaa,0x7d,0xab,0x7d,0x8a,0x75,0x00,0x00,0x4a,0x55,0x00,0x00,0x00,0x00,0x00,0x00,0x00,0x00,0xe0,0x07,0xef,0x7b,0xef,0x7b,0xe0,0xff,0x00,0x00,0x00,0x00,
    0xef,0x7b,0xef,0x7b,0x8b,0x7d,0xaa,0x7d,0xeb,0x85,0x8a,0x75,0xaa,0x7d,0xeb,0x7d,0xaa,0x7d,0x0b,0x86,0x8a,0x75,0x00,0x00,0x4a,0x55,0x00,0x00,0xe0,0xff,0x4a,0x55,0x00,0x00,0x00,0x00,0x00,0x00,0x00,0x00,0x00,0x00,0xef,0x7b,
    0x00,0x00,0xef,0x7b,0x00,0x00,0x8a,0x75,0xaa,0x7d,0xaa,0x7d,0x8a,0x75,0x8a,0x75,0x8a,0x75,0xcb,0x7d,0xaa,0x7d,0x8a,0x75,0x00,0x00,0x4a,0x55,0x00,0x00,0x00,0x00,0xab,0x7d,0x6a,0x75,0x8a,0x75,0x8b,0x7d,0x00,0x00,0x00,0x00,
    0x00,0x00,0x00,0x00,0xef,0x7b,0x00,0x00,0x00,0x00,0xab,0x7d,0xaa,0x75,0x00,0x00,0x8a,0x7d,0xaa,0x7d,0xeb,0x7d,0x8a,0x75,0x00,0x00,0xe7,0x3b,0xaa,0x75,0xaa,0x7d,0x8a,0x75,0x8a,0x75,0x8a,0x75,0x8a,0x75,0xaa,0x7d,0x8a,0x75,
    0x00,0x00,0x00,0x00,0x00,0x00,0xef,0x7b,0xe0,0xff,0x00,0x00,0x00,0x00,0x6c,0x9e,0x00,0x00,0x8a,0x75,0x0b,0x86,0x8a,0x75,0x4a,0x7d,0x00,0x00,0x8a,0x75,0x2b,0x86,0xaa,0x7d,0x8a,0x7d,0x8a,0x75,0xeb,0x7d,0xaa,0x7d,0x8a,0x7d,
    0x00,0x00,0x00,0x00,0x00,0x00,0x00,0x00,0x00,0x00,0xef,0x7b,0xef,0x7b,0xe7,0x7d,0xe0,0xff,0x8a,0x75,0xeb,0x7d,0x8a,0x75,0x4a,0x7d,0x4a,0x75,0xaa,0x7d,0x8a,0x75,0x8a,0x75,0x8a,0x75,0xaa,0x7d,0xaa,0x7d,0xaa,0x75,0x00,0x00,
    0x00,0x00,0x00,0x00,0x00,0x00,0x00,0x00,0x00,0x00,0x00,0x00,0x00,0x00,0x4a,0xad,0x00,0x00,0x8a,0x75,0xcb,0x7d,0xaa,0x7d,0x8a,0x7d,0x8a,0x75,0xcb,0x7d,0x8a,0x75,0x8a,0x75,0x8a,0x75,0x0b,0x86,0x8a,0x75,0x00,0x00,0xe7,0x7d,
    0x00,0x00,0x00,0x00,0x00,0x00,0x00,0x00,0x00,0x00,0x00,0x00,0x00,0x00,0x4a,0x55,0x00,0x00,0x8a,0x75,0xcb,0x7d,0x8a,0x75,0xaa,0x7d,0xab,0x7d,0xcb,0x7d,0xeb,0x7d,0xeb,0x7d,0xeb,0x85,0x8a,0x75,0xe0,0xff,0x4a,0x55,0xe0,0x07,
    0x00,0x00,0x00,0x00,0x00,0x00,0x00,0x00,0x00,0x00,0x00,0x00,0x00,0x00,0x4a,0x55,0x00,0x00,0x8a,0x75,0xcb,0x7d,0x8a,0x75,0x8a,0x75,0xeb,0x7d,0x8a,0x75,0x8a,0x7d,0xcb,0x7d,0xaa,0x7d,0x00,0x00,0x00,0x00,0x00,0x00,0x00,0x00,
    0x00,0x00,0x00,0x00,0x00,0x00,0x00,0x00,0x00,0x00,0x00,0x00,0x00,0x00,0x4a,0x55,0x00,0x00,0x8a,0x75,0xcb,0x7d,0x8a,0x75,0xeb,0x7d,0x8a,0x75,0x00,0x00,0x00,0x00,0x00,0x00,0x00,0x00,0xe0,0xff,0x00,0x00,0x00,0x00,0x00,0x00,
    0x00,0x00,0x00,0x00,0x00,0x00,0x00,0x00,0x00,0x00,0x00,0x00,0x00,0x00,0x4a,0x55,0x00,0x00,0x6a,0x75,0xaa,0x7d,0xcb,0x7d,0x8a,0x75,0xc6,0x64,0x4a,0x55,0xc6,0x64,0xe7,0x7d,0x4a,0x55,0x00,0x00,0x00,0x00,0x00,0x00,0x00,0x00,
    0x00,0x00,0x00,0x00,0x00,0x00,0x00,0x00,0x00,0x00,0x00,0x00,0x00,0x00,0x4a,0x55,0x00,0x00,0x8a,0x75,0xab,0x7d,0xcb,0x7d,0x8a,0x75,0x00,0x00,0xe7,0x7d,0x00,0x00,0x00,0x00,0x00,0x00,0x00,0x00,0x00,0x00,0x00,0x00,0x00,0x00,
    0x00,0x00,0x00,0x00,0x00,0x00,0x00,0x00,0x00,0x00,0x00,0x00,0x00,0x00,0x4a,0x55,0x00,0x00,0x8a,0x75,0xab,0x7d,0xab,0x7d,0x6a,0x75,0x00,0x00,0x4a,0x55,0x00,0x00,0x00,0x00,0x00,0x00,0x00,0x00,0x00,0x00,0x00,0x00,0x00,0x00,
    0x00,0x00,0x00,0x00,0x00,0x00,0x00,0x00,0x00,0x00,0x00,0x00,0x00,0x00,0x4a,0x55,0x00,0x00,0x8a,0x75,0xab,0x7d,0xab,0x7d,0x8a,0x75,0x00,0x00,0x4a,0x55,0x00,0x00,0x00,0x00,0x00,0x00,0x00,0x00,0x00,0x00,0x00,0x00,0x00,0x00,
    0x00,0x00,0x00,0x00,0x00,0x00,0x00,0x00,0x00,0x00,0x00,0x00,0x00,0x00,0x4a,0x55,0x00,0x00,0x8a,0x75,0xab,0x7d,0xab,0x7d,0x8a,0x75,0x00,0x00,0x4a,0x55,0x00,0x00,0x00,0x00,0x00,0x00,0x00,0x00,0x00,0x00,0x00,0x00,0x00,0x00,
    0x00,0x00,0x00,0x00,0x00,0x00,0x00,0x00,0x00,0x00,0x00,0x00,0x00,0x00,0x4a,0x55,0x00,0x00,0x8a,0x75,0xab,0x7d,0xab,0x7d,0x8a,0x75,0x00,0x00,0x4a,0x55,0x00,0x00,0x00,0x00,0x00,0x00,0x00,0x00,0x00,0x00,0x00,0x00,0x00,0x00,
    0x00,0x00,0x00,0x00,0x00,0x00,0x00,0x00,0x00,0x00,0x00,0x00,0x00,0x00,0x4a,0x55,0x00,0x00,0xaa,0x75,0xab,0x7d,0xab,0x7d,0xaa,0x75,0x00,0x00,0x4a,0x55,0x00,0x00,0x00,0x00,0x00,0x00,0x00,0x00,0x00,0x00,0x00,0x00,0x00,0x00,
    0x00,0x00,0x00,0x00,0x00,0x00,0x00,0x00,0x00,0x00,0x00,0x00,0x00,0x00,0x4a,0x55,0x00,0x00,0x8a,0x75,0xcb,0x7d,0xcb,0x7d,0x8a,0x75,0x00,0x00,0x4a,0x55,0x00,0x00,0x00,0x00,0x00,0x00,0x00,0x00,0x00,0x00,0x00,0x00,0x00,0x00,
    0x00,0x00,0x00,0x00,0x00,0x00,0x00,0x00,0x00,0x00,0x00,0x00,0x00,0x00,0xef,0x7b,0x00,0x00,0x8a,0x75,0xaa,0x7d,0xaa,0x7d,0x8a,0x75,0x00,0x00,0xef,0x7b,0x00,0x00,0x00,0x00,0x00,0x00,0x00,0x00,0x00,0x00,0x00,0x00,0x00,0x00,
    0x34,0x64,0x8e,0xa7,0xa4,0x7f,0x38,0x00,0x03,0x00,0x00,0x00,0x00,0x00,0x00,0x00,0x00,0x00,0x00,0x00,0x00,0x00,0x75,0xff,0xff,0xff,0xff,0xff,0xfa,0x80,0x00,0x04,0x00,0x00,0x00,0x00,0x00,0x00,0x00,0x00,0x00,0x00,0x00,0x00,
    0x00,0x6d,0xff,0xf8,0xfc,0xfb,0xff,0xff,0x42,0x00,0x03,0x00,0x00,0x00,0x00,0x00,0x00,0x00,0x00,0x00,0x00,0x00,0x04,0x00,0xb3,0xff,0xf9,0xff,0xfd,0xf9,0xf9,0x7f,0x00,0x03,0x01,0x00,0x00,0x00,0x01,0x02,0x02,0x01,0x00,0x00,
    0x02,0x02,0x17,0xda,0xff,0xfe,0xff,0xff,0xff,0xff,0x7f,0x00,0x03,0x00,0x01,0x03,0x00,0x00,0x00,0x00,0x00,0x02,0x00,0x02,0x00,0x1e,0xb7,0xfb,0xf3,0x89,0xda,0xfe,0xfe,0x34,0x00,0x03,0x00,0x00,0x0e,0x26,0x27,0x17,0x00,0x00,
    0x00,0x00,0x02,0x00,0x00,0x22,0x1c,0x00,0x39,0xf9,0xff,0xa1,0x00,0x04,0x18,0xa1,0xe6,0xf9,0xfb,0xec,0xd9,0x6b,0x00,0x00,0x00,0x02,0x01,0x00,0x00,0x05,0x00,0xb3,0xfe,0xdf,0x0c,0x00,0xbd,0xff,0xff,0xff,0xfd,0xff,0xcc,0x21,
    0x00,0x00,0x00,0x00,0x00,0x02,0x02,0x04,0x01,0x6f,0xff,0xfb,0x1b,0x12,0xf8,0xfb,0xfd,0xfd,0xfb,0xf4,0x1f,0x00,0x00,0x00,0x00,0x00,0x00,0x00,0x00,0x03,0x00,0x4f,0xff,0xfd,0x68,0xca,0xfb,0xfa,0xfb,0xfa,0xff,0x79,0x00,0x04,
    0x00,0x00,0x00,0x00,0x00,0x00,0x00,0x03,0x00,0x3c,0xff,0xfc,0xff,0xff,0xff,0xff,0xff,0xff,0x9a,0x01,0x03,0x01,0x00,0x00,0x00,0x00,0x00,0x00,0x00,0x03,0x00,0x3b,0xff,0xfd,0xfb,0xff,0x90,0x77,0x9d,0x54,0x00,0x01,0x01,0x00,
    0x00,0x00,0x00,0x00,0x00,0x00,0x00,0x03,0x00,0x3e,0xff,0xfa,0xff,0x98,0x00,0x00,0x00,0x00,0x01,0x00,0x00,0x00,0x00,0x00,0x00,0x00,0x00,0x00,0x00,0x03,0x00,0x3c,0xff,0xfe,0xca,0x05,0x03,0x05,0x04,0x03,0x00,0x00,0x00,0x00,
    0x00,0x00,0x00,0x00,0x00,0x00,0x00,0x03,0x00,0x3b,0xff,0xff,0x48,0x00,0x04,0x00,0x00,0x00,0x00,0x00,0x00,0x00,0x00,0x00,0x00,0x00,0x00,0x00,0x00,0x03,0x00,0x3b,0xff,0xff,0x39,0x01,0x03,0x00,0x00,0x00,0x00,0x00,0x00,0x00,
    0x00,0x00,0x00,0x00,0x00,0x00,0x00,0x03,0x00,0x3b,0xff,0xff,0x3c,0x00,0x03,0x00,0x00,0x00,0x00,0x00,0x00,0x00,0x00,0x00,0x00,0x00,0x00,0x00,0x00,0x03,0x00,0x3b,0xff,0xff,0x3b,0x00,0x03,0x00,0x00,0x00,0x00,0x00,0x00,0x00,
    0x00,0x00,0x00,0x00,0x00,0x00,0x00,0x03,0x00,0x3b,0xff,0xff,0x3b,0x00,0x03,0x00,0x00,0x00,0x00,0x00,0x00,0x00,0x00,0x00,0x00,0x00,0x00,0x00,0x00,0x03,0x00,0x3a,0xfe,0xfe,0x3a,0x00,0x03,0x00,0x00,0x00,0x00,0x00,0x00,0x00,
    0x00,0x00,0x00,0x00,0x00,0x00,0x00,0x03,0x00,0x3e,0xff,0xff,0x3e,0x00,0x03,0x00,0x00,0x00,0x00,0x00,0x00,0x00,0x00,0x00,0x00,0x00,0x00,0x00,0x00,0x02,0x00,0x2b,0xe6,0xe6,0x2b,0x00,0x02,0x00,0x00,0x00,0x00,0x00,0x00,0x00,

};

const lv_image_dsc_t emoji_seedling_22 = {
  .header.magic = LV_IMAGE_HEADER_MAGIC,
  .header.cf = LV_COLOR_FORMAT_RGB565A8,
  .header.flags = 0,
  .header.w = 22,
  .header.h = 22,
  .header.stride = 44,
  .data_size = sizeof(emoji_seedling_22_map),
  .data = emoji_seedling_22_map,
};




#ifndef LV_ATTRIBUTE_MEM_ALIGN
#define LV_ATTRIBUTE_MEM_ALIGN
#endif

#ifndef LV_ATTRIBUTE_EMOJI_FLAG_AU_22
#define LV_ATTRIBUTE_EMOJI_FLAG_AU_22
#endif

static const
LV_ATTRIBUTE_MEM_ALIGN LV_ATTRIBUTE_LARGE_CONST LV_ATTRIBUTE_EMOJI_FLAG_AU_22
uint8_t emoji_flag_au_22_map[] = {

    0x00,0x00,0x00,0x00,0x1f,0x00,0x00,0x00,0xff,0xff,0x00,0xf8,0x00,0xf8,0x1f,0x00,0x00,0x00,0x1f,0x00,0x00,0xf8,0x00,0x00,0x00,0x00,0x00,0x00,0x00,0x00,0x00,0x00,0x00,0x00,0x00,0x00,0x00,0x00,0x00,0x00,0x00,0x00,0x00,0x00,
    0x0f,0xf8,0x00,0x00,0x00,0x00,0x00,0x00,0x00,0x00,0x00,0x00,0x00,0x00,0x00,0x00,0x00,0x00,0x00,0x00,0x00,0x00,0x00,0x00,0x00,0x00,0x00,0x00,0x00,0x00,0x00,0x00,0x00,0x00,0x00,0x00,0x00,0x00,0x00,0x00,0x00,0x00,0x0f,0x00,
    0x00,0x00,0x20,0x00,0x00,0x00,0x00,0x00,0xfb,0xde,0x03,0xb8,0xeb,0xda,0xf7,0x9c,0x00,0x00,0xff,0x03,0xef,0xbb,0x00,0x18,0xf3,0x02,0xef,0x00,0xef,0x00,0xef,0x00,0xf3,0x3a,0xf3,0x5a,0xef,0x00,0xf3,0x00,0x00,0x00,0x00,0x00,
    0x67,0xfa,0x14,0xfd,0x9c,0xbe,0xb1,0x11,0x96,0x9c,0xc4,0xd8,0x0c,0xe3,0x75,0x43,0x30,0x01,0xf1,0x82,0xeb,0xf2,0xb2,0x93,0xef,0x00,0x2f,0x01,0x0f,0x01,0x2f,0x01,0xce,0x00,0xae,0x00,0x0f,0x01,0x30,0x01,0x2f,0x01,0x2f,0x01,
    0x10,0x3a,0x8d,0xba,0xf0,0xf3,0x3a,0xce,0xf9,0xcd,0x84,0xd0,0x0d,0xe3,0x77,0x7c,0x4d,0x9a,0x6e,0xeb,0x5a,0xde,0x75,0x4b,0xcf,0x00,0x30,0x01,0x30,0x01,0xef,0x00,0xb5,0x5b,0x37,0x74,0x30,0x01,0x2f,0x01,0x50,0x01,0x2f,0x01,
    0x16,0x6c,0x59,0x8d,0xb3,0xdc,0xb6,0xed,0xfb,0xee,0x63,0xc8,0xcc,0xd2,0x59,0xee,0xb3,0xec,0xbe,0xef,0xfa,0xad,0x92,0x42,0xef,0x00,0x2f,0x01,0x2f,0x01,0xce,0x00,0x1b,0xb6,0x1d,0xdf,0x2f,0x09,0xef,0x00,0xef,0x00,0x2f,0x01,
    0x09,0xe2,0xc8,0xd9,0x09,0xd2,0xc9,0xd1,0x67,0xd1,0xc5,0xc8,0x06,0xd1,0xc9,0xd1,0x09,0xd2,0x67,0xc9,0xc7,0xe9,0xab,0x89,0x10,0x01,0x2f,0x01,0x2f,0x01,0x0f,0x01,0x90,0x11,0xb1,0x11,0xef,0x00,0x90,0x11,0xd1,0x19,0x0f,0x01,
    0xa8,0xe1,0x87,0xd9,0x06,0xd1,0x88,0xd1,0x67,0xd1,0xc5,0xc8,0x05,0xd1,0x26,0xc9,0x47,0xd1,0xc8,0xd1,0x86,0xe9,0x6a,0x89,0x30,0x01,0x0f,0x01,0x2f,0x01,0x0f,0x01,0x0f,0x01,0x0f,0x01,0xce,0x00,0xba,0xad,0x5e,0xe7,0x70,0x09,
    0x15,0x7c,0xd7,0x8c,0x9e,0xef,0xb6,0xed,0x96,0xed,0xa4,0xc8,0x8b,0xd2,0xff,0xf7,0x18,0xee,0x72,0xdc,0xda,0xb5,0x34,0x4b,0xae,0x00,0x32,0x22,0x1d,0xdf,0x95,0x5b,0xce,0x00,0x50,0x01,0xce,0x00,0x34,0x4b,0x36,0x74,0x2f,0x01,
    0x73,0x2a,0xfa,0xb5,0x51,0xf4,0x8c,0xba,0x77,0xcd,0xa4,0xd0,0xec,0xe2,0xf8,0x84,0xb9,0xb5,0x92,0xf4,0x4b,0xc2,0x10,0x42,0xcf,0x00,0xf1,0x21,0x3b,0xbe,0x34,0x4b,0xcf,0x00,0x2f,0x01,0xb0,0x11,0x4f,0x01,0xae,0x00,0x2f,0x01,
    0x5a,0xde,0x2d,0xdb,0xae,0x9a,0x12,0x1a,0x96,0x94,0xc5,0xc8,0xed,0xd2,0x34,0x43,0xcf,0x00,0x7a,0x8d,0xb6,0xed,0x0d,0x82,0x0f,0x01,0x0f,0x01,0xef,0x00,0xef,0x00,0x2f,0x01,0xae,0x00,0xf6,0x6b,0x95,0x5b,0xce,0x00,0x2f,0x01,
    0x0e,0x09,0xee,0x08,0x71,0x01,0xef,0x00,0x70,0x09,0x2f,0x09,0x4f,0x09,0x70,0x09,0x0f,0x01,0xce,0x00,0xd1,0x11,0x70,0x09,0x0f,0x01,0x2f,0x01,0x2f,0x01,0x2f,0x01,0x2f,0x01,0x2f,0x01,0x2f,0x01,0x2f,0x01,0x2f,0x01,0x2f,0x01,
    0x2f,0x01,0x2f,0x01,0x0f,0x01,0x2f,0x01,0xef,0x00,0xef,0x00,0x0f,0x01,0x0f,0x01,0x2f,0x01,0x2f,0x01,0xef,0x00,0x0f,0x01,0x2f,0x01,0x2f,0x01,0x2f,0x01,0x2f,0x01,0x2f,0x01,0x2f,0x01,0x0f,0x01,0x2f,0x01,0x2f,0x01,0x2f,0x01,
    0x2f,0x01,0x2f,0x01,0x2f,0x01,0x2f,0x01,0x70,0x09,0xf3,0x42,0x70,0x09,0x2f,0x01,0x2f,0x01,0x2f,0x01,0x2f,0x01,0x2f,0x01,0x2f,0x01,0x2f,0x01,0x2f,0x01,0x2f,0x01,0x2f,0x01,0x2f,0x01,0x2f,0x01,0x2f,0x01,0x2f,0x01,0x2f,0x01,
    0x2f,0x01,0x2f,0x01,0x2f,0x01,0xef,0x00,0x39,0x95,0xdf,0xf7,0x39,0x95,0xef,0x00,0x2f,0x01,0x2f,0x01,0x2f,0x01,0x2f,0x01,0x2f,0x01,0x2f,0x01,0x2f,0x01,0x2f,0x01,0xce,0x00,0xce,0x00,0x2f,0x01,0x2f,0x01,0x2f,0x01,0x2f,0x01,
    0x2f,0x01,0x2f,0x01,0x2f,0x01,0x2f,0x09,0x39,0x9d,0xff,0xff,0x39,0x9d,0x2f,0x09,0x2f,0x01,0x2f,0x01,0x2f,0x01,0x2f,0x01,0x2f,0x01,0x2f,0x01,0x2f,0x01,0xef,0x00,0x95,0x5b,0x36,0x74,0x0f,0x01,0x2f,0x01,0x2f,0x01,0x2f,0x01,
    0x2f,0x01,0x0f,0x01,0x2f,0x01,0xef,0x00,0xd1,0x11,0x34,0x4b,0xd1,0x11,0xef,0x00,0x2f,0x01,0x2f,0x01,0x2f,0x01,0x2f,0x01,0x2f,0x01,0x2f,0x01,0x2f,0x01,0xce,0x00,0x1b,0xb6,0x1d,0xdf,0x2f,0x09,0x0f,0x01,0x2f,0x01,0x2f,0x01,
    0x2f,0x01,0x30,0x01,0x2f,0x01,0x30,0x01,0x0f,0x01,0xcf,0x00,0x0f,0x01,0x30,0x01,0x30,0x01,0x30,0x01,0x30,0x01,0x30,0x01,0x30,0x01,0x30,0x01,0x30,0x01,0x0f,0x01,0x91,0x11,0xb1,0x11,0x0f,0x01,0x2f,0x01,0x30,0x01,0x2f,0x01,
    0x2f,0x01,0x2f,0x01,0x30,0x01,0x0f,0x01,0x2f,0x01,0x2f,0x01,0x2f,0x01,0x0f,0x01,0x0f,0x01,0x0f,0x01,0x0f,0x01,0x0f,0x01,0x0f,0x01,0x0f,0x01,0x0f,0x01,0x2f,0x01,0x0f,0x01,0xef,0x00,0x2f,0x01,0x30,0x01,0x2f,0x01,0x2f,0x01,
    0x00,0x00,0x00,0x00,0xf3,0x00,0xef,0x00,0xef,0x00,0xef,0x00,0xef,0x00,0xef,0x00,0xef,0x00,0xef,0x00,0xef,0x00,0xef,0x00,0xef,0x00,0xef,0x00,0xef,0x00,0xef,0x00,0xef,0x19,0xf3,0x19,0xef,0x00,0xf3,0x00,0x00,0x00,0x00,0x00,
    0x0f,0x00,0x00,0x00,0x00,0x00,0x00,0x00,0x00,0x00,0x00,0x00,0x00,0x00,0x00,0x00,0x00,0x00,0x00,0x00,0x00,0x00,0x00,0x00,0x00,0x00,0x00,0x00,0x00,0x00,0x00,0x00,0x00,0x00,0x00,0x00,0x00,0x00,0x00,0x00,0x00,0x00,0x0f,0x00,
    0x00,0x00,0x00,0x00,0x00,0x00,0x00,0x00,0x00,0x00,0x00,0x00,0x00,0x00,0x00,0x00,0x00,0x00,0x00,0x00,0x00,0x00,0x00,0x00,0x00,0x00,0x00,0x00,0x00,0x00,0x00,0x00,0x00,0x00,0x00,0x00,0x00,0x00,0x00,0x00,0x00,0x00,0x00,0x00,
    0x00,0x00,0x01,0x01,0x01,0x01,0x01,0x01,0x01,0x01,0x01,0x01,0x01,0x01,0x01,0x01,0x01,0x01,0x01,0x01,0x00,0x00,0x02,0x01,0x00,0x00,0x00,0x00,0x00,0x00,0x00,0x00,0x00,0x00,0x00,0x00,0x00,0x00,0x00,0x00,0x00,0x00,0x01,0x02,
    0x00,0x00,0x08,0x08,0x08,0x08,0x08,0x08,0x08,0x08,0x08,0x08,0x08,0x08,0x08,0x08,0x08,0x08,0x08,0x08,0x00,0x00,0x30,0xc0,0xe5,0xe5,0xe6,0xe6,0xe6,0xe6,0xe6,0xe6,0xe6,0xe6,0xe6,0xe6,0xe6,0xe6,0xe6,0xe6,0xe5,0xe5,0xc0,0x30,
    0xdb,0xff,0xff,0xff,0xff,0xff,0xff,0xff,0xff,0xff,0xff,0xff,0xff,0xff,0xff,0xff,0xff,0xff,0xff,0xff,0xff,0xdb,0xff,0xfc,0xfe,0xfe,0xfe,0xfe,0xfe,0xfe,0xfe,0xfe,0xfe,0xfe,0xfe,0xfe,0xfe,0xfe,0xfe,0xfe,0xfe,0xfe,0xfc,0xff,
    0xfe,0xff,0xff,0xff,0xff,0xff,0xff,0xff,0xff,0xff,0xff,0xff,0xff,0xff,0xff,0xff,0xff,0xff,0xff,0xff,0xff,0xfe,0xff,0xff,0xff,0xff,0xff,0xff,0xff,0xff,0xff,0xff,0xff,0xff,0xff,0xff,0xff,0xff,0xff,0xff,0xff,0xff,0xff,0xff,
    0xff,0xff,0xff,0xff,0xff,0xff,0xff,0xff,0xff,0xff,0xff,0xff,0xff,0xff,0xff,0xff,0xff,0xff,0xff,0xff,0xff,0xff,0xff,0xff,0xff,0xff,0xff,0xff,0xff,0xff,0xff,0xff,0xff,0xff,0xff,0xff,0xff,0xff,0xff,0xff,0xff,0xff,0xff,0xff,
    0xff,0xff,0xff,0xff,0xff,0xff,0xff,0xff,0xff,0xff,0xff,0xff,0xff,0xff,0xff,0xff,0xff,0xff,0xff,0xff,0xff,0xff,0xff,0xff,0xff,0xff,0xff,0xff,0xff,0xff,0xff,0xff,0xff,0xff,0xff,0xff,0xff,0xff,0xff,0xff,0xff,0xff,0xff,0xff,
    0xff,0xff,0xff,0xff,0xff,0xff,0xff,0xff,0xff,0xff,0xff,0xff,0xff,0xff,0xff,0xff,0xff,0xff,0xff,0xff,0xff,0xff,0xff,0xff,0xff,0xff,0xff,0xff,0xff,0xff,0xff,0xff,0xff,0xff,0xff,0xff,0xff,0xff,0xff,0xff,0xff,0xff,0xff,0xff,
    0xff,0xff,0xff,0xff,0xff,0xff,0xff,0xff,0xff,0xff,0xff,0xff,0xff,0xff,0xff,0xff,0xff,0xff,0xff,0xff,0xff,0xff,0xfe,0xff,0xff,0xff,0xff,0xff,0xff,0xff,0xff,0xff,0xff,0xff,0xff,0xff,0xff,0xff,0xff,0xff,0xff,0xff,0xff,0xfe,
    0xff,0xfc,0xfe,0xfe,0xfe,0xfe,0xfe,0xfe,0xfe,0xfe,0xfe,0xfe,0xfe,0xfe,0xfe,0xfe,0xfe,0xfe,0xfe,0xfe,0xfc,0xff,0xdb,0xff,0xff,0xff,0xff,0xff,0xff,0xff,0xff,0xff,0xff,0xff,0xff,0xff,0xff,0xff,0xff,0xff,0xff,0xff,0xff,0xdb,
    0x30,0xc0,0xe5,0xe5,0xe6,0xe6,0xe6,0xe6,0xe6,0xe6,0xe6,0xe6,0xe6,0xe6,0xe6,0xe6,0xe6,0xe6,0xe5,0xe5,0xc0,0x30,0x00,0x00,0x08,0x08,0x08,0x08,0x08,0x08,0x08,0x08,0x08,0x08,0x08,0x08,0x08,0x08,0x08,0x08,0x08,0x08,0x00,0x00,
    0x02,0x01,0x00,0x00,0x00,0x00,0x00,0x00,0x00,0x00,0x00,0x00,0x00,0x00,0x00,0x00,0x00,0x00,0x00,0x00,0x01,0x02,0x00,0x00,0x01,0x01,0x01,0x01,0x01,0x01,0x01,0x01,0x01,0x01,0x01,0x01,0x01,0x01,0x01,0x01,0x01,0x01,0x00,0x00,

};

const lv_image_dsc_t emoji_flag_au_22 = {
  .header.magic = LV_IMAGE_HEADER_MAGIC,
  .header.cf = LV_COLOR_FORMAT_RGB565A8,
  .header.flags = 0,
  .header.w = 22,
  .header.h = 22,
  .header.stride = 44,
  .data_size = sizeof(emoji_flag_au_22_map),
  .data = emoji_flag_au_22_map,
};




#ifndef LV_ATTRIBUTE_MEM_ALIGN
#define LV_ATTRIBUTE_MEM_ALIGN
#endif

#ifndef LV_ATTRIBUTE_EMOJI_UMBRELLA_22
#define LV_ATTRIBUTE_EMOJI_UMBRELLA_22
#endif

static const
LV_ATTRIBUTE_MEM_ALIGN LV_ATTRIBUTE_LARGE_CONST LV_ATTRIBUTE_EMOJI_UMBRELLA_22
uint8_t emoji_umbrella_22_map[] = {

    0x00,0x00,0x00,0x00,0x00,0x00,0x00,0x00,0x00,0x00,0x00,0x00,0x00,0x00,0x00,0x00,0xff,0x7b,0xf7,0x7b,0xbf,0xaa,0x00,0x00,0x00,0x00,0xf7,0x7b,0xf7,0x79,0xef,0x7b,0x00,0x00,0x00,0x00,0x00,0x00,0x00,0x00,0x00,0x00,0x00,0x00,
    0x00,0x00,0x00,0x00,0x00,0x00,0x00,0x00,0x00,0x00,0x00,0x00,0xb5,0x52,0x1f,0xf8,0x00,0x00,0x00,0x00,0x00,0x00,0xcf,0x63,0xce,0x63,0x00,0x00,0x00,0x00,0x00,0x00,0xff,0xff,0xb5,0x52,0x00,0x00,0x00,0x00,0x00,0x00,0x00,0x00,
    0x00,0x00,0x00,0x00,0x00,0x00,0x00,0x00,0xef,0x7b,0x00,0x00,0x00,0x00,0x00,0x00,0x75,0x72,0xf8,0x8a,0x17,0x83,0x33,0x73,0x13,0x73,0x18,0x8b,0xd8,0x82,0x14,0x62,0x00,0x00,0x00,0x00,0xef,0x7b,0x1f,0xf8,0x00,0x00,0x00,0x00,
    0x00,0x00,0x00,0x00,0x00,0x00,0xff,0x7b,0x00,0x00,0x00,0x00,0x75,0x72,0xb6,0x7a,0x18,0x8b,0x5a,0x9b,0xd7,0x82,0x55,0x72,0x55,0x72,0xd8,0x82,0x5a,0x9b,0xf8,0x8a,0x96,0x7a,0x54,0x6a,0x00,0x00,0x00,0x00,0xef,0x7b,0x00,0x00,
    0x00,0x00,0x00,0x00,0xb5,0x52,0x00,0x00,0x55,0x72,0x75,0x72,0xd8,0x82,0x5a,0x93,0x5a,0x93,0xd7,0x82,0x54,0x72,0x75,0x72,0x75,0x72,0x74,0x72,0xf8,0x82,0x5a,0x93,0x5a,0x93,0xb7,0x7a,0x75,0x72,0x74,0x72,0x00,0x00,0xef,0x7b,
    0x00,0x00,0x1f,0x78,0x00,0x00,0x55,0x72,0x75,0x72,0xd7,0x82,0x39,0x93,0x39,0x93,0x39,0x93,0x95,0x7a,0x75,0x72,0x75,0x72,0x75,0x72,0x75,0x72,0xb6,0x7a,0x39,0x93,0x39,0x93,0x39,0x8b,0xb7,0x82,0x75,0x72,0x95,0x72,0x00,0x00,
    0x1f,0xf8,0x1f,0xf8,0x35,0x72,0x75,0x72,0x96,0x7a,0x18,0x8b,0x39,0x93,0x39,0x93,0x18,0x8b,0x75,0x72,0x75,0x72,0x75,0x72,0x75,0x72,0x75,0x72,0x95,0x72,0x39,0x93,0x39,0x93,0x59,0x93,0xf7,0x82,0x96,0x7a,0x75,0x72,0xb5,0x52,
    0xf7,0x79,0x00,0x00,0x75,0x72,0x96,0x7a,0xb6,0x7a,0x39,0x93,0x39,0x93,0x39,0x93,0xf8,0x8a,0x75,0x72,0x75,0x72,0x75,0x72,0x75,0x72,0x75,0x72,0x75,0x72,0x18,0x8b,0x39,0x93,0x39,0x93,0x39,0x93,0x95,0x72,0x96,0x7a,0x75,0x72,
    0x00,0x00,0x34,0x72,0x75,0x72,0x75,0x72,0xd7,0x82,0x59,0x93,0x39,0x93,0x39,0x93,0xf7,0x82,0x75,0x72,0x75,0x72,0x75,0x72,0x75,0x72,0x75,0x72,0x75,0x72,0xf8,0x8a,0x39,0x93,0x39,0x93,0x59,0x93,0xb6,0x82,0x75,0x72,0x75,0x72,
    0x00,0x00,0x75,0x72,0x75,0x72,0x75,0x72,0x18,0x8b,0x39,0x93,0x39,0x93,0x5a,0x93,0x19,0x8b,0x75,0x72,0x75,0x72,0x75,0x72,0x75,0x72,0x75,0x72,0x95,0x72,0x39,0x93,0x59,0x93,0x39,0x93,0x39,0x93,0xf8,0x82,0x75,0x72,0x75,0x72,
    0x00,0x00,0x55,0x72,0xb7,0x82,0x74,0x72,0x18,0x8b,0x9c,0xa3,0x7b,0x9b,0x39,0x93,0xd7,0x82,0x75,0x72,0x96,0x7a,0x55,0x72,0x75,0x72,0xb6,0x7a,0x74,0x72,0xf8,0x8a,0x39,0x93,0x7b,0x9b,0x9c,0xa3,0xf8,0x82,0x74,0x72,0xb7,0x7a,
    0x00,0x00,0x54,0x6a,0x96,0x7a,0x54,0x6a,0x5a,0x9b,0x7b,0x9b,0x39,0x93,0x39,0x93,0x00,0x00,0xb5,0x7a,0x95,0x72,0xf3,0x72,0xd3,0x6a,0x75,0x72,0xf3,0x79,0x00,0x00,0x19,0x8b,0x39,0x93,0x5a,0x93,0x9b,0xa3,0x55,0x72,0x75,0x72,
    0x00,0x00,0x00,0x00,0x00,0x00,0x00,0x00,0x00,0x00,0x00,0x00,0x00,0x00,0x00,0x00,0xb5,0x7a,0x00,0x00,0x0b,0x5d,0xcf,0x63,0xcf,0x63,0x00,0x00,0x00,0x00,0xb5,0xaa,0x00,0x00,0x00,0x00,0x00,0x00,0x00,0x00,0x00,0x00,0x00,0x00,
    0x00,0x00,0x00,0x00,0xf7,0x79,0xef,0x7b,0xff,0x7b,0xff,0xbb,0xf7,0x7b,0xef,0x7b,0xef,0x7b,0x1f,0xf8,0x70,0x6b,0xb0,0x63,0xaf,0x63,0xb5,0xaa,0x0f,0x00,0x00,0x00,0xff,0x7b,0xf7,0x7b,0xf7,0x7b,0xff,0xff,0xff,0x7b,0xf7,0x79,
    0x00,0x00,0x00,0x00,0x00,0x00,0x00,0x00,0x00,0x00,0xff,0xff,0xef,0x7b,0x00,0x00,0xef,0x7b,0x00,0x00,0x90,0x6b,0xb0,0x63,0xaf,0x63,0x00,0x00,0x00,0x00,0x00,0x00,0x00,0x00,0x00,0x00,0x00,0x00,0x00,0x00,0x00,0x00,0x00,0x00,
    0x00,0x00,0x00,0x00,0x00,0x00,0x00,0x00,0x00,0x00,0x00,0x00,0x00,0x00,0x00,0x00,0xef,0x7b,0x00,0x00,0x90,0x6b,0xb0,0x63,0xaf,0x63,0x00,0x00,0x00,0x00,0x00,0x00,0x00,0x00,0x00,0x00,0x00,0x00,0x00,0x00,0x00,0x00,0x00,0x00,
    0x00,0x00,0x00,0x00,0x00,0x00,0xff,0xff,0x00,0x00,0xcf,0x63,0xd0,0x6b,0xcf,0x6b,0xff,0xff,0x00,0x00,0xb1,0x63,0xb0,0x63,0xaf,0x63,0x00,0x00,0x00,0x00,0x00,0x00,0x00,0x00,0x00,0x00,0x00,0x00,0x00,0x00,0x00,0x00,0x00,0x00,
    0x00,0x00,0x00,0x00,0x00,0x00,0xef,0x7b,0x00,0x00,0xaf,0x63,0x73,0x7c,0xaf,0x63,0xef,0x7b,0xef,0x3b,0x90,0x63,0xaf,0x63,0xaf,0x63,0x00,0x00,0x00,0x00,0x00,0x00,0x00,0x00,0x00,0x00,0x00,0x00,0x00,0x00,0x00,0x00,0x00,0x00,
    0x00,0x00,0x00,0x00,0x00,0x00,0xef,0x7b,0x00,0x00,0xaf,0x63,0x31,0x74,0xaf,0x63,0x00,0x00,0x00,0x00,0x8f,0x6b,0xf1,0x6b,0xaf,0x63,0x00,0x00,0xef,0x7b,0x00,0x00,0x00,0x00,0x00,0x00,0x00,0x00,0x00,0x00,0x00,0x00,0x00,0x00,
    0x00,0x00,0x00,0x00,0x00,0x00,0xef,0x7b,0x00,0x00,0x8f,0x63,0xb0,0x63,0xd0,0x6b,0xaf,0x63,0xaf,0x63,0xaf,0x63,0x31,0x74,0x8f,0x63,0x00,0x00,0x55,0x55,0x00,0x00,0x00,0x00,0x00,0x00,0x00,0x00,0x00,0x00,0x00,0x00,0x00,0x00,
    0x00,0x00,0x00,0x00,0x00,0x00,0x00,0x00,0xef,0x7b,0x00,0x00,0xaf,0x63,0xd0,0x6b,0x11,0x74,0x11,0x74,0xd0,0x6b,0xaf,0x63,0x72,0x6b,0xff,0xff,0x00,0x00,0x00,0x00,0x00,0x00,0x00,0x00,0x00,0x00,0x00,0x00,0x00,0x00,0x00,0x00,
    0x00,0x00,0x00,0x00,0x00,0x00,0x00,0x00,0x00,0x00,0xff,0xff,0x00,0x00,0x8f,0x63,0xb0,0x6b,0xd0,0x6b,0xaf,0x6b,0x00,0x00,0x00,0x00,0x00,0x00,0x00,0x00,0x00,0x00,0x00,0x00,0x00,0x00,0x00,0x00,0x00,0x00,0x00,0x00,0x00,0x00,
    0x00,0x00,0x00,0x00,0x00,0x00,0x00,0x00,0x02,0x04,0x03,0x00,0x00,0x04,0x04,0x02,0x00,0x00,0x00,0x00,0x00,0x00,0x00,0x00,0x00,0x00,0x00,0x00,0x03,0x01,0x00,0x00,0x00,0xa4,0x84,0x00,0x00,0x00,0x01,0x03,0x00,0x00,0x00,0x00,
    0x00,0x00,0x00,0x00,0x02,0x00,0x00,0x00,0x2b,0x5d,0x92,0xff,0xfa,0x82,0x56,0x23,0x00,0x00,0x02,0x01,0x00,0x00,0x00,0x00,0x00,0x02,0x00,0x01,0x60,0xc6,0xfb,0xff,0xff,0xfc,0xff,0xff,0xff,0xf6,0xb9,0x4e,0x00,0x00,0x02,0x00,
    0x00,0x00,0x03,0x00,0x25,0xc1,0xff,0xff,0xff,0xfc,0xfb,0xff,0xfe,0xfb,0xfc,0xff,0xff,0xff,0xaa,0x14,0x00,0x02,0x00,0x02,0x00,0x2f,0xe8,0xff,0xfb,0xfd,0xfe,0xff,0xff,0xff,0xff,0xff,0xff,0xfe,0xfc,0xfc,0xff,0xd2,0x16,0x01,
    0x01,0x01,0x12,0xde,0xff,0xfb,0xff,0xff,0xff,0xff,0xff,0xff,0xff,0xff,0xff,0xff,0xff,0xff,0xfa,0xff,0xbc,0x03,0x04,0x00,0x86,0xff,0xfa,0xff,0xff,0xff,0xff,0xff,0xff,0xff,0xff,0xff,0xff,0xff,0xff,0xff,0xff,0xfb,0xff,0x62,
    0x00,0x0b,0xe4,0xfc,0xfc,0xff,0xff,0xfe,0xfb,0xfd,0xff,0xff,0xff,0xff,0xfd,0xfb,0xfe,0xff,0xff,0xfb,0xfd,0xce,0x00,0x2b,0xfa,0xff,0xff,0xfb,0xfb,0xff,0xff,0xff,0xfc,0xff,0xfe,0xfc,0xff,0xff,0xff,0xfb,0xfb,0xff,0xff,0xf6,
    0x00,0x33,0xff,0xe9,0xe4,0xff,0xff,0xed,0x9a,0xe3,0xff,0xfe,0xff,0xff,0xd1,0xa0,0xf9,0xff,0xff,0xd8,0xf7,0xff,0x00,0x0e,0x8e,0x29,0x34,0x9c,0x76,0x1c,0x00,0x15,0x7a,0xff,0xec,0x5e,0x08,0x00,0x29,0x82,0x9c,0x1b,0x41,0x8d,
    0x00,0x00,0x00,0x00,0x00,0x00,0x00,0x00,0x06,0x00,0x0e,0xff,0xd0,0x00,0x00,0x03,0x00,0x00,0x00,0x00,0x00,0x00,0x00,0x01,0x04,0x02,0x02,0x04,0x04,0x02,0x02,0x01,0x20,0xff,0xd4,0x03,0x02,0x00,0x02,0x04,0x04,0x01,0x02,0x04,
    0x00,0x00,0x00,0x00,0x00,0x01,0x04,0x01,0x02,0x00,0x1d,0xff,0xd3,0x00,0x01,0x00,0x00,0x00,0x00,0x00,0x00,0x00,0x00,0x00,0x00,0x00,0x00,0x00,0x00,0x00,0x02,0x00,0x1d,0xff,0xd3,0x00,0x01,0x00,0x00,0x00,0x00,0x00,0x00,0x00,
    0x00,0x00,0x00,0x01,0x00,0x24,0x77,0x13,0x01,0x00,0x1e,0xff,0xd2,0x00,0x01,0x00,0x00,0x00,0x00,0x00,0x00,0x00,0x00,0x00,0x00,0x04,0x00,0x89,0xff,0x54,0x02,0x04,0x19,0xff,0xd4,0x00,0x01,0x00,0x00,0x00,0x00,0x00,0x00,0x00,
    0x00,0x00,0x00,0x04,0x00,0x70,0xfb,0x91,0x00,0x00,0x42,0xfc,0xc4,0x00,0x02,0x00,0x00,0x00,0x00,0x00,0x00,0x00,0x00,0x00,0x00,0x02,0x00,0x26,0xfe,0xff,0x9c,0x86,0xe5,0xff,0x6e,0x00,0x03,0x00,0x00,0x00,0x00,0x00,0x00,0x00,
    0x00,0x00,0x00,0x00,0x02,0x00,0x67,0xf2,0xff,0xff,0xff,0xa8,0x07,0x01,0x01,0x00,0x00,0x00,0x00,0x00,0x00,0x00,0x00,0x00,0x00,0x00,0x00,0x01,0x00,0x28,0x62,0x65,0x42,0x00,0x00,0x00,0x00,0x00,0x00,0x00,0x00,0x00,0x00,0x00,

};

const lv_image_dsc_t emoji_umbrella_22 = {
  .header.magic = LV_IMAGE_HEADER_MAGIC,
  .header.cf = LV_COLOR_FORMAT_RGB565A8,
  .header.flags = 0,
  .header.w = 22,
  .header.h = 22,
  .header.stride = 44,
  .data_size = sizeof(emoji_umbrella_22_map),
  .data = emoji_umbrella_22_map,
};




#ifndef LV_ATTRIBUTE_MEM_ALIGN
#define LV_ATTRIBUTE_MEM_ALIGN
#endif

#ifndef LV_ATTRIBUTE_EMOJI_NAZAR_22
#define LV_ATTRIBUTE_EMOJI_NAZAR_22
#endif

static const
LV_ATTRIBUTE_MEM_ALIGN LV_ATTRIBUTE_LARGE_CONST LV_ATTRIBUTE_EMOJI_NAZAR_22
uint8_t emoji_nazar_22_map[] = {

    0x00,0x00,0x00,0x00,0x00,0x00,0x00,0x00,0x15,0x00,0x00,0x00,0x0f,0x00,0x98,0x10,0x98,0x10,0x97,0x10,0x97,0x10,0x97,0x10,0x97,0x10,0x97,0x10,0xb7,0x10,0x77,0x08,0x00,0x00,0x00,0x00,0x0f,0x00,0x00,0x00,0x00,0x00,0x00,0x00,
    0x00,0x00,0x00,0x00,0x00,0x00,0x1f,0x00,0x00,0x00,0x97,0x10,0xb8,0x10,0xb8,0x10,0xb8,0x10,0xb8,0x10,0xb7,0x10,0xb7,0x10,0xb7,0x10,0xb8,0x10,0xb8,0x10,0x98,0x10,0x97,0x10,0xf5,0x18,0x00,0x00,0x1f,0x00,0x00,0x00,0x00,0x00,
    0x00,0x00,0x00,0x00,0x15,0x00,0x00,0x00,0x97,0x10,0xb8,0x10,0xb8,0x10,0xb7,0x10,0x57,0x08,0x17,0x00,0x17,0x00,0x17,0x00,0x17,0x00,0x77,0x08,0xb7,0x10,0xb8,0x10,0xb9,0x10,0x98,0x10,0x77,0x08,0x00,0x00,0x1f,0x00,0x00,0x00,
    0x00,0x00,0x1f,0x00,0x00,0x00,0x97,0x10,0xb9,0x10,0xb7,0x10,0x77,0x08,0x57,0x00,0xd9,0x39,0xdb,0x73,0x1c,0xa5,0x1c,0xa5,0xbb,0x73,0x78,0x29,0x37,0x00,0x97,0x10,0xb7,0x10,0xb9,0x10,0x98,0x10,0xb7,0x08,0x00,0x00,0x0f,0x00,
    0x15,0x00,0x00,0x00,0x97,0x10,0xb9,0x10,0xb7,0x10,0x57,0x00,0x58,0x21,0x7d,0xad,0xff,0xff,0xff,0xff,0xff,0xff,0xff,0xff,0xff,0xff,0x9f,0xf7,0x3b,0x84,0x97,0x08,0x97,0x08,0xb7,0x10,0xb9,0x10,0xb7,0x10,0xf5,0x18,0x1f,0x00,
    0x00,0x00,0x97,0x10,0x98,0x10,0xb8,0x10,0x57,0x08,0xd9,0x39,0x3f,0xe7,0xff,0xff,0xff,0xff,0xff,0xff,0xff,0xff,0xff,0xff,0xff,0xff,0xff,0xff,0xff,0xff,0xdd,0xbd,0xb7,0x10,0x97,0x08,0xb7,0x10,0xb9,0x10,0x97,0x10,0x00,0x00,
    0x15,0x00,0x97,0x10,0xb8,0x10,0x77,0x08,0x18,0x21,0x3f,0xe7,0xff,0xff,0xff,0xff,0xbf,0xef,0xff,0xbe,0xdf,0xa6,0xdf,0xa6,0xff,0xbe,0x9f,0xef,0xff,0xff,0xff,0xff,0xdd,0xbd,0x77,0x08,0x97,0x10,0xb8,0x10,0x97,0x10,0xb7,0x10,
    0x97,0x10,0x98,0x10,0xb7,0x10,0x17,0x00,0x7b,0x8c,0xff,0xff,0xff,0xff,0x7f,0xd7,0x5f,0x8e,0x7f,0x86,0xdc,0x7d,0xbc,0x75,0x5f,0x86,0x7f,0x8e,0x5f,0xd7,0xff,0xff,0xff,0xff,0xbb,0x73,0x17,0x00,0xb7,0x10,0xb8,0x10,0x97,0x10,
    0x97,0x10,0xb8,0x10,0x97,0x10,0xb7,0x10,0xde,0xde,0xff,0xff,0xbf,0xef,0x5f,0x8e,0x3e,0x86,0x70,0x53,0xa7,0x29,0x86,0x29,0xcc,0x42,0xdc,0x7d,0x7f,0x8e,0x9f,0xe7,0xff,0xff,0x1e,0xe7,0xd7,0x10,0x97,0x10,0xb8,0x10,0x97,0x10,
    0x97,0x10,0xb8,0x10,0x77,0x08,0x98,0x29,0xbf,0xf7,0xff,0xff,0xff,0xbe,0x7f,0x86,0x13,0x5c,0xe3,0x18,0x66,0x29,0x86,0x29,0x04,0x19,0xac,0x42,0x5f,0x86,0xff,0xb6,0xff,0xff,0xff,0xff,0x59,0x4a,0x57,0x00,0xb8,0x10,0x97,0x10,
    0x97,0x10,0xb7,0x10,0x57,0x08,0x19,0x42,0xff,0xff,0xff,0xff,0xbf,0xae,0x5f,0x86,0x6b,0x3a,0x45,0x21,0x86,0x29,0x66,0x29,0x86,0x29,0x86,0x29,0x7b,0x75,0xdf,0xa6,0xff,0xff,0xff,0xff,0x1a,0x63,0x37,0x00,0xb7,0x10,0x97,0x10,
    0x97,0x10,0xb7,0x10,0x57,0x08,0x19,0x42,0xff,0xff,0xff,0xff,0xbf,0xae,0x7f,0x86,0x8c,0x42,0x45,0x21,0x87,0x29,0x86,0x29,0x66,0x29,0x86,0x29,0x9c,0x75,0xdf,0xa6,0xdf,0xff,0xff,0xff,0x1a,0x63,0x37,0x00,0xb7,0x10,0x97,0x10,
    0x97,0x10,0xb7,0x10,0x77,0x08,0x58,0x29,0xbf,0xf7,0xff,0xff,0xff,0xbe,0x7f,0x86,0x95,0x64,0x04,0x21,0x45,0x21,0x65,0x21,0xe3,0x18,0x2f,0x4b,0x7f,0x86,0xdf,0xb6,0xff,0xff,0xff,0xff,0x99,0x52,0x37,0x00,0xb7,0x10,0x97,0x10,
    0x97,0x10,0xb8,0x10,0xb7,0x10,0x57,0x08,0x3d,0xc6,0xff,0xff,0x9f,0xe7,0x3f,0x86,0x7f,0x8e,0x54,0x64,0x4a,0x3a,0x29,0x32,0x90,0x53,0x3e,0x86,0x5f,0x86,0x9f,0xe7,0xff,0xff,0x9f,0xf7,0x38,0x21,0x77,0x08,0xb8,0x10,0x97,0x10,
    0x97,0x10,0xb8,0x10,0xb7,0x10,0x37,0x00,0xda,0x5a,0xff,0xff,0xff,0xff,0x5f,0xcf,0x3f,0x86,0x7f,0x86,0x3f,0x86,0x3e,0x86,0x7f,0x86,0x3f,0x86,0x3f,0xc7,0xff,0xff,0xff,0xff,0x5d,0xad,0x37,0x00,0xb7,0x10,0xb8,0x10,0x97,0x10,
    0x97,0x10,0x98,0x10,0x97,0x10,0xb7,0x10,0x37,0x00,0xfc,0x9c,0xff,0xff,0xff,0xff,0x7f,0xdf,0x9f,0xa6,0x7f,0x96,0x7f,0x96,0x9f,0xa6,0x7f,0xdf,0xff,0xff,0xff,0xff,0xbf,0xf7,0x98,0x31,0x77,0x08,0xb8,0x10,0x97,0x10,0x57,0x10,
    0x17,0x00,0x97,0x10,0xb8,0x10,0xb7,0x10,0x97,0x10,0x77,0x08,0xfc,0x9c,0xff,0xff,0xff,0xff,0xff,0xff,0xff,0xff,0xff,0xff,0xff,0xff,0xff,0xff,0xff,0xff,0x7f,0xef,0x99,0x52,0x37,0x00,0xb7,0x10,0xb9,0x10,0x97,0x10,0x00,0x00,
    0x00,0x00,0x97,0x10,0xb8,0x10,0x97,0x10,0xb7,0x10,0x97,0x10,0x37,0x00,0x99,0x52,0x9d,0xb5,0x3f,0xe7,0xdf,0xff,0xdf,0xff,0x9f,0xef,0x7e,0xce,0x9c,0x94,0x78,0x29,0x37,0x00,0xb7,0x10,0xb9,0x10,0x97,0x10,0x0f,0x00,0x15,0x00,
    0x15,0x00,0x00,0x00,0x97,0x10,0xb9,0x10,0x97,0x10,0xb7,0x10,0xb7,0x10,0x37,0x00,0x57,0x00,0xf8,0x18,0x98,0x29,0x98,0x31,0x38,0x21,0x97,0x10,0x17,0x00,0x77,0x08,0xb7,0x10,0xb9,0x10,0x98,0x10,0x77,0x08,0x1f,0x00,0x0f,0x00,
    0x1f,0x00,0x15,0x00,0x1f,0x00,0x97,0x10,0xb9,0x10,0xb8,0x10,0x97,0x10,0xb7,0x10,0xb7,0x10,0x97,0x08,0x77,0x08,0x77,0x08,0x77,0x08,0x97,0x10,0xb7,0x10,0xb8,0x10,0xb9,0x10,0x98,0x10,0x76,0x08,0x00,0x00,0x0f,0x00,0x00,0x00,
    0x00,0x00,0x00,0x00,0x1f,0x00,0x00,0x00,0x97,0x10,0x98,0x10,0xb8,0x10,0xb8,0x10,0xb8,0x10,0xb7,0x10,0xb7,0x10,0xb7,0x10,0xb8,0x10,0xb8,0x10,0xb8,0x10,0x98,0x10,0xb8,0x10,0x13,0x00,0x00,0x00,0x0f,0x00,0x00,0x00,0x00,0x00,
    0x00,0x00,0x00,0x00,0x00,0x00,0x1f,0x00,0x00,0x00,0xb5,0x10,0xb8,0x10,0x98,0x10,0x97,0x10,0x97,0x10,0x97,0x10,0x97,0x10,0x97,0x10,0x97,0x10,0x97,0x10,0x97,0x10,0x00,0x00,0x00,0x00,0x1f,0x00,0x00,0x00,0x00,0x00,0x00,0x00,
    0x00,0x00,0x00,0x00,0x03,0x00,0x04,0x5b,0xb4,0xe9,0xfe,0xff,0xf4,0xca,0x7e,0x20,0x00,0x00,0x02,0x00,0x00,0x00,0x00,0x00,0x01,0x02,0x00,0x48,0xcb,0xff,0xff,0xff,0xff,0xff,0xff,0xff,0xff,0xea,0x84,0x09,0x00,0x02,0x00,0x00,
    0x00,0x01,0x03,0x00,0x81,0xff,0xff,0xfd,0xfd,0xfe,0xff,0xff,0xff,0xfd,0xfc,0xff,0xff,0xcc,0x24,0x00,0x02,0x00,0x01,0x03,0x00,0x92,0xff,0xfc,0xfd,0xff,0xff,0xff,0xff,0xff,0xff,0xff,0xff,0xfe,0xfa,0xff,0xe2,0x21,0x00,0x02,
    0x03,0x00,0x79,0xff,0xfa,0xfe,0xff,0xff,0xff,0xff,0xff,0xff,0xff,0xff,0xff,0xff,0xff,0xfa,0xff,0xcc,0x09,0x02,0x00,0x39,0xfe,0xfb,0xfe,0xff,0xff,0xff,0xff,0xff,0xff,0xff,0xff,0xff,0xff,0xff,0xff,0xff,0xfa,0xff,0x7b,0x00,
    0x03,0xc7,0xff,0xfc,0xff,0xff,0xff,0xff,0xff,0xff,0xff,0xff,0xff,0xff,0xff,0xff,0xff,0xff,0xfe,0xfe,0xeb,0x18,0x4e,0xff,0xfd,0xff,0xff,0xff,0xff,0xff,0xff,0xff,0xff,0xff,0xff,0xff,0xff,0xff,0xff,0xff,0xff,0xfd,0xff,0x74,
    0xad,0xfe,0xfc,0xff,0xff,0xff,0xff,0xff,0xff,0xff,0xff,0xff,0xff,0xff,0xff,0xff,0xff,0xff,0xff,0xfd,0xfe,0xc1,0xe8,0xff,0xfe,0xff,0xff,0xff,0xff,0xff,0xff,0xff,0xff,0xff,0xff,0xff,0xff,0xff,0xff,0xff,0xff,0xfe,0xff,0xed,
    0xfe,0xff,0xff,0xff,0xff,0xff,0xff,0xff,0xff,0xff,0xff,0xff,0xff,0xff,0xff,0xff,0xff,0xff,0xff,0xff,0xff,0xff,0xff,0xff,0xff,0xff,0xff,0xff,0xff,0xff,0xff,0xff,0xff,0xff,0xff,0xff,0xff,0xff,0xff,0xff,0xff,0xff,0xff,0xff,
    0xf8,0xff,0xff,0xff,0xff,0xff,0xff,0xff,0xff,0xff,0xff,0xff,0xff,0xff,0xff,0xff,0xff,0xff,0xff,0xff,0xff,0xf4,0xd7,0xff,0xfd,0xff,0xff,0xff,0xff,0xff,0xff,0xff,0xff,0xff,0xff,0xff,0xff,0xff,0xff,0xff,0xff,0xfd,0xfe,0xca,
    0x9e,0xff,0xfc,0xff,0xff,0xff,0xff,0xff,0xff,0xff,0xff,0xff,0xff,0xff,0xff,0xff,0xff,0xff,0xff,0xfc,0xff,0x77,0x45,0xff,0xfe,0xff,0xff,0xff,0xff,0xff,0xff,0xff,0xff,0xff,0xff,0xff,0xff,0xff,0xff,0xff,0xfe,0xfd,0xea,0x18,
    0x04,0xc9,0xfe,0xfc,0xff,0xff,0xff,0xff,0xff,0xff,0xff,0xff,0xff,0xff,0xff,0xff,0xff,0xff,0xfa,0xff,0x6c,0x00,0x00,0x45,0xff,0xfb,0xfe,0xff,0xff,0xff,0xff,0xff,0xff,0xff,0xff,0xff,0xff,0xff,0xff,0xfa,0xff,0xb7,0x02,0x03,
    0x03,0x00,0x90,0xff,0xfa,0xfd,0xff,0xff,0xff,0xff,0xff,0xff,0xff,0xff,0xff,0xfe,0xfa,0xff,0xcc,0x12,0x01,0x02,0x01,0x03,0x01,0x9e,0xff,0xff,0xfd,0xfd,0xfd,0xfe,0xff,0xff,0xfe,0xfd,0xfc,0xff,0xff,0xc1,0x15,0x00,0x02,0x00,
    0x00,0x01,0x01,0x00,0x67,0xda,0xff,0xff,0xff,0xff,0xff,0xff,0xff,0xff,0xff,0xea,0x7e,0x05,0x00,0x02,0x00,0x00,0x00,0x00,0x01,0x01,0x00,0x0c,0x59,0xa4,0xd2,0xed,0xfd,0xfe,0xe9,0xc3,0x7a,0x1e,0x00,0x00,0x01,0x00,0x00,0x00,

};

const lv_image_dsc_t emoji_nazar_22 = {
  .header.magic = LV_IMAGE_HEADER_MAGIC,
  .header.cf = LV_COLOR_FORMAT_RGB565A8,
  .header.flags = 0,
  .header.w = 22,
  .header.h = 22,
  .header.stride = 44,
  .data_size = sizeof(emoji_nazar_22_map),
  .data = emoji_nazar_22_map,
};




#ifndef LV_ATTRIBUTE_MEM_ALIGN
#define LV_ATTRIBUTE_MEM_ALIGN
#endif

#ifndef LV_ATTRIBUTE_EMOJI_GLOBE_22
#define LV_ATTRIBUTE_EMOJI_GLOBE_22
#endif

static const
LV_ATTRIBUTE_MEM_ALIGN LV_ATTRIBUTE_LARGE_CONST LV_ATTRIBUTE_EMOJI_GLOBE_22
uint8_t emoji_globe_22_map[] = {

    0x00,0x00,0x00,0x00,0x00,0x00,0x4a,0x55,0x00,0x00,0x00,0x00,0xdf,0x96,0x7f,0x8e,0x5f,0x8e,0x7f,0x8e,0x5f,0x8e,0x5f,0x8e,0x5f,0x8e,0x5f,0x8e,0x5e,0x8e,0x3c,0x86,0x00,0x00,0x00,0x00,0x5f,0x55,0x00,0x00,0x00,0x00,0x00,0x00,
    0x00,0x00,0x00,0x00,0x4a,0x55,0x00,0x00,0xa9,0x5c,0xa8,0x64,0xeb,0x64,0xd6,0x7d,0x7e,0x8e,0xd8,0x7d,0x3c,0x86,0x7f,0x8e,0x5e,0x86,0x7f,0x8e,0xbf,0x96,0x9f,0x8e,0xbf,0x96,0x9f,0x86,0x00,0x00,0x5f,0xad,0x00,0x00,0x00,0x00,
    0x00,0x00,0xef,0x7b,0x00,0x00,0x67,0x5c,0xa7,0x5c,0xe8,0x64,0x66,0x5c,0x87,0x5c,0xa9,0x5c,0x65,0x5c,0xa9,0x64,0x0d,0x6d,0xa9,0x64,0xa9,0x64,0x0e,0x6d,0x73,0x75,0x17,0x86,0x5d,0x86,0x5f,0x86,0x00,0x00,0xff,0x7f,0x00,0x00,
    0xef,0x7b,0x00,0x00,0x87,0x5c,0xa7,0x5c,0xa7,0x64,0x87,0x5c,0x87,0x5c,0x87,0x5c,0x86,0x5c,0x87,0x5c,0x86,0x5c,0x66,0x5c,0x86,0x5c,0x66,0x5c,0x87,0x5c,0x45,0x54,0x66,0x5c,0x5c,0x86,0x7f,0x8e,0x5e,0x86,0x00,0x00,0xff,0x7f,
    0xe0,0x7b,0x67,0x5c,0x87,0x5c,0xc7,0x64,0x87,0x5c,0x87,0x5c,0x87,0x5c,0x87,0x5c,0x87,0x5c,0x87,0x5c,0x87,0x5c,0x87,0x5c,0x87,0x5c,0xa9,0x64,0x3d,0x86,0xd7,0x7d,0x1b,0x86,0x5f,0x8e,0x9f,0x8e,0x5f,0x8e,0x7f,0x8e,0xff,0x7f,
    0x00,0x00,0x87,0x5c,0xe8,0x64,0x87,0x5c,0x87,0x5c,0x87,0x5c,0x87,0x5c,0x87,0x5c,0x87,0x5c,0x87,0x5c,0x87,0x5c,0x87,0x5c,0x87,0x5c,0x87,0x5c,0x0e,0x6d,0x5f,0x8e,0x5f,0x8e,0x5f,0x8e,0x5e,0x86,0xdf,0x96,0x5e,0x86,0x00,0x00,
    0xa7,0x5c,0x87,0x5c,0x87,0x5c,0x87,0x5c,0x87,0x5c,0x87,0x5c,0x87,0x5c,0x87,0x5c,0x87,0x5c,0x87,0x5c,0x87,0x5c,0x87,0x5c,0x87,0x5c,0xa9,0x5c,0x73,0x75,0x5f,0x8e,0x5e,0x8e,0x5f,0x8e,0x5f,0x8e,0x7f,0x8e,0x5f,0x8e,0x7e,0x86,
    0x66,0x5c,0xc7,0x64,0x87,0x5c,0x87,0x5c,0x87,0x5c,0x87,0x5c,0x87,0x5c,0x87,0x5c,0x87,0x5c,0x87,0x5c,0x87,0x5c,0x87,0x5c,0xa9,0x5c,0xb6,0x7d,0xd9,0x7d,0x5f,0x8e,0x5e,0x86,0x5f,0x8e,0x5f,0x8e,0x5f,0x86,0xbf,0x8e,0x5f,0x8e,
    0xca,0x64,0xc9,0x64,0x87,0x5c,0x87,0x5c,0x66,0x5c,0x66,0x5c,0x87,0x5c,0x87,0x5c,0x87,0x5c,0x87,0x5c,0x87,0x5c,0x87,0x5c,0x87,0x5c,0x74,0x75,0x95,0x75,0x5f,0x8e,0x5e,0x8e,0x5f,0x8e,0x5f,0x8e,0x5f,0x8e,0x9f,0x8e,0x5f,0x86,
    0xcb,0x64,0x51,0x75,0x44,0x54,0x88,0x5c,0xd8,0x7d,0xb6,0x7d,0x87,0x5c,0x87,0x5c,0x66,0x5c,0x87,0x5c,0x87,0x5c,0x65,0x5c,0xa9,0x64,0x1b,0x86,0x3d,0x86,0x5f,0x8e,0x5f,0x8e,0x5f,0x8e,0x5f,0x8e,0x5f,0x8e,0x5f,0x8e,0x5f,0x86,
    0x66,0x5c,0x95,0x75,0x72,0x75,0xd8,0x7d,0x7f,0x8e,0x5f,0x8e,0xa9,0x64,0x88,0x5c,0xb6,0x7d,0xa8,0x5c,0x86,0x5c,0x0d,0x65,0x1a,0x86,0x7f,0x8e,0x5f,0x8e,0x5f,0x8e,0x5f,0x8e,0x5f,0x8e,0x5f,0x8e,0x5f,0x8e,0x5f,0x8e,0x5f,0x8e,
    0x87,0x5c,0xa8,0x5c,0xed,0x64,0x95,0x75,0x5f,0x8e,0x5f,0x8e,0x74,0x75,0x88,0x5c,0x7f,0x8e,0x95,0x75,0x66,0x5c,0x3e,0x86,0x7f,0x8e,0x5e,0x86,0x5f,0x8e,0x5f,0x8e,0x5f,0x8e,0x5f,0x8e,0x5f,0x8e,0x5f,0x8e,0x5f,0x8e,0x5f,0x8e,
    0x87,0x5c,0x86,0x5c,0x87,0x5c,0xf9,0x7d,0x5f,0x8e,0x5e,0x86,0x5f,0x8e,0xfa,0x85,0x3e,0x86,0x5f,0x8e,0xd8,0x7d,0x5e,0x8e,0x7f,0x8e,0x5f,0x8e,0x5f,0x8e,0x5e,0x86,0x5f,0x8e,0x5f,0x8e,0x5f,0x8e,0x5f,0x8e,0x5f,0x8e,0x5f,0x86,
    0x66,0x5c,0xea,0x64,0x1c,0x86,0x7f,0x8e,0x5e,0x8e,0x5f,0x8e,0x5f,0x8e,0x5f,0x8e,0x7f,0x8e,0x95,0x75,0xf9,0x7d,0x30,0x6d,0x51,0x6d,0x3c,0x86,0x5f,0x8e,0x7f,0x8e,0x5f,0x8e,0x5f,0x8e,0x5f,0x8e,0x5f,0x8e,0x9f,0x8e,0x5f,0x86,
    0x65,0x54,0x4e,0x6d,0x7f,0x8e,0x5e,0x8e,0x5f,0x8e,0x5f,0x8e,0x5f,0x8e,0x5e,0x86,0x5f,0x8e,0xd9,0x7d,0x0e,0x6d,0xd8,0x7d,0xd7,0x7d,0x95,0x75,0xed,0x64,0x95,0x75,0x1c,0x86,0x5f,0x8e,0x5f,0x8e,0x5f,0x86,0xbf,0x8e,0x5f,0x8e,
    0x22,0x54,0x0d,0x6d,0x7f,0x8e,0x5f,0x8e,0x5f,0x8e,0x5f,0x8e,0x5f,0x8e,0x5f,0x8e,0x5e,0x86,0x7f,0x8e,0x3e,0x86,0x95,0x75,0x2f,0x6d,0x94,0x75,0x73,0x75,0xb6,0x7d,0x74,0x75,0x3c,0x86,0x5f,0x8e,0x5f,0x8e,0x5f,0x8e,0x7e,0x86,
    0x00,0x00,0x74,0x75,0xdf,0x96,0x5f,0x86,0x5f,0x8e,0x5f,0x8e,0x5f,0x8e,0x5e,0x86,0x5f,0x8e,0xd8,0x7d,0xa9,0x64,0x65,0x5c,0x66,0x5c,0x66,0x5c,0x88,0x5c,0xd7,0x7d,0x7f,0x8e,0x5e,0x86,0x5f,0x86,0xdf,0x96,0x5e,0x86,0x00,0x00,
    0xef,0x7f,0xff,0x9e,0x5f,0x8e,0x9f,0x8e,0x5f,0x86,0x5f,0x8e,0x5f,0x8e,0x5e,0x86,0x7f,0x8e,0x73,0x75,0x65,0x5c,0x66,0x5c,0x87,0x5c,0x88,0x5c,0x66,0x5c,0x87,0x5c,0x1c,0x86,0x5f,0x8e,0x9f,0x8e,0x5f,0x8e,0x7f,0x8e,0xff,0x7f,
    0xff,0x7f,0x00,0x00,0x5f,0x86,0x7f,0x8e,0x9f,0x8e,0x5f,0x86,0x5f,0x8e,0x5e,0x86,0x7f,0x8e,0x51,0x6d,0x65,0x5c,0x52,0x75,0xca,0x64,0x66,0x5c,0x87,0x5c,0xa8,0x5c,0x3d,0x86,0x9f,0x8e,0x7f,0x8e,0x5f,0x86,0x00,0x00,0xff,0x7f,
    0x00,0x00,0xff,0x7f,0x00,0x00,0x1e,0x86,0x7f,0x8e,0xdf,0x96,0x5f,0x8e,0x5e,0x86,0x5f,0x8e,0x94,0x75,0xd8,0x7d,0x7f,0x8e,0xfa,0x7d,0x87,0x5c,0x65,0x5c,0xb6,0x7d,0xff,0x96,0x7f,0x8e,0x3e,0x86,0x00,0x00,0xff,0x7f,0x00,0x00,
    0x00,0x00,0x00,0x00,0x5f,0xad,0x00,0x00,0x1e,0x7e,0x7f,0x8e,0x7f,0x8e,0x9f,0x8e,0x7f,0x8e,0x7f,0x8e,0x7f,0x8e,0x5e,0x86,0x7f,0x8e,0x3c,0x86,0x3b,0x86,0x9f,0x8e,0x7f,0x8e,0x1e,0x7e,0x00,0x00,0x5f,0xad,0x00,0x00,0x00,0x00,
    0x00,0x00,0x00,0x00,0x00,0x00,0x55,0x55,0x00,0x00,0x00,0x00,0x7f,0x8e,0x5f,0x8e,0x5f,0x86,0x5e,0x86,0x5e,0x8e,0x5f,0x8e,0x5e,0x86,0x5f,0x8e,0x9f,0x8e,0x3e,0x86,0x00,0x00,0x00,0x00,0x55,0x55,0x00,0x00,0x00,0x00,0x00,0x00,
    0x00,0x00,0x00,0x03,0x00,0x00,0x28,0x84,0xcb,0xf4,0xff,0xff,0xf4,0xcb,0x84,0x28,0x00,0x00,0x03,0x00,0x00,0x00,0x00,0x00,0x03,0x00,0x11,0x8f,0xf0,0xff,0xff,0xff,0xff,0xff,0xff,0xff,0xff,0xf0,0x8f,0x11,0x00,0x03,0x00,0x00,
    0x00,0x02,0x00,0x31,0xda,0xff,0xff,0xfc,0xfd,0xff,0xff,0xff,0xff,0xfd,0xfc,0xff,0xff,0xda,0x31,0x00,0x02,0x00,0x02,0x00,0x2f,0xed,0xff,0xfa,0xfe,0xff,0xff,0xff,0xff,0xff,0xff,0xff,0xff,0xfe,0xfa,0xff,0xed,0x2f,0x00,0x02,
    0x02,0x10,0xdd,0xff,0xfb,0xff,0xff,0xff,0xff,0xff,0xff,0xff,0xff,0xff,0xff,0xff,0xff,0xfb,0xff,0xdd,0x10,0x02,0x00,0x91,0xff,0xfb,0xff,0xff,0xff,0xff,0xff,0xff,0xff,0xff,0xff,0xff,0xff,0xff,0xff,0xff,0xfb,0xff,0x91,0x00,
    0x24,0xf5,0xfd,0xfe,0xff,0xff,0xff,0xff,0xff,0xff,0xff,0xff,0xff,0xff,0xff,0xff,0xff,0xff,0xfe,0xfd,0xf5,0x24,0x84,0xff,0xfc,0xff,0xff,0xff,0xff,0xff,0xff,0xff,0xff,0xff,0xff,0xff,0xff,0xff,0xff,0xff,0xff,0xfc,0xff,0x84,
    0xcb,0xfe,0xfd,0xff,0xff,0xff,0xff,0xff,0xff,0xff,0xff,0xff,0xff,0xff,0xff,0xff,0xff,0xff,0xff,0xfd,0xfe,0xcb,0xf4,0xff,0xff,0xff,0xff,0xff,0xff,0xff,0xff,0xff,0xff,0xff,0xff,0xff,0xff,0xff,0xff,0xff,0xff,0xff,0xff,0xf4,
    0xff,0xff,0xff,0xff,0xff,0xff,0xff,0xff,0xff,0xff,0xff,0xff,0xff,0xff,0xff,0xff,0xff,0xff,0xff,0xff,0xff,0xff,0xff,0xff,0xff,0xff,0xff,0xff,0xff,0xff,0xff,0xff,0xff,0xff,0xff,0xff,0xff,0xff,0xff,0xff,0xff,0xff,0xff,0xff,
    0xf4,0xff,0xff,0xff,0xff,0xff,0xff,0xff,0xff,0xff,0xff,0xff,0xff,0xff,0xff,0xff,0xff,0xff,0xff,0xff,0xff,0xf4,0xcb,0xfe,0xfd,0xff,0xff,0xff,0xff,0xff,0xff,0xff,0xff,0xff,0xff,0xff,0xff,0xff,0xff,0xff,0xff,0xfd,0xfe,0xcb,
    0x84,0xff,0xfc,0xff,0xff,0xff,0xff,0xff,0xff,0xff,0xff,0xff,0xff,0xff,0xff,0xff,0xff,0xff,0xff,0xfc,0xff,0x84,0x24,0xf5,0xfd,0xfe,0xff,0xff,0xff,0xff,0xff,0xff,0xff,0xff,0xff,0xff,0xff,0xff,0xff,0xff,0xfe,0xfd,0xf5,0x24,
    0x00,0x91,0xff,0xfb,0xff,0xff,0xff,0xff,0xff,0xff,0xff,0xff,0xff,0xff,0xff,0xff,0xff,0xff,0xfb,0xff,0x91,0x00,0x02,0x10,0xdd,0xff,0xfb,0xff,0xff,0xff,0xff,0xff,0xff,0xff,0xff,0xff,0xff,0xff,0xff,0xfb,0xff,0xdd,0x10,0x02,
    0x02,0x00,0x2f,0xed,0xff,0xfa,0xfe,0xff,0xff,0xff,0xff,0xff,0xff,0xff,0xff,0xfe,0xfa,0xff,0xed,0x2f,0x00,0x02,0x00,0x02,0x00,0x31,0xda,0xff,0xff,0xfc,0xfd,0xff,0xff,0xff,0xff,0xfd,0xfc,0xff,0xff,0xda,0x31,0x00,0x02,0x00,
    0x00,0x00,0x03,0x00,0x11,0x8f,0xf0,0xff,0xff,0xff,0xff,0xff,0xff,0xff,0xff,0xf0,0x8f,0x11,0x00,0x03,0x00,0x00,0x00,0x00,0x00,0x03,0x00,0x00,0x28,0x84,0xcb,0xf4,0xff,0xff,0xf4,0xcb,0x84,0x28,0x00,0x00,0x03,0x00,0x00,0x00,

};

const lv_image_dsc_t emoji_globe_22 = {
  .header.magic = LV_IMAGE_HEADER_MAGIC,
  .header.cf = LV_COLOR_FORMAT_RGB565A8,
  .header.flags = 0,
  .header.w = 22,
  .header.h = 22,
  .header.stride = 44,
  .data_size = sizeof(emoji_globe_22_map),
  .data = emoji_globe_22_map,
};




#ifndef LV_ATTRIBUTE_MEM_ALIGN
#define LV_ATTRIBUTE_MEM_ALIGN
#endif

#ifndef LV_ATTRIBUTE_EMOJI_RADIOACTIVE_22
#define LV_ATTRIBUTE_EMOJI_RADIOACTIVE_22
#endif

static const
LV_ATTRIBUTE_MEM_ALIGN LV_ATTRIBUTE_LARGE_CONST LV_ATTRIBUTE_EMOJI_RADIOACTIVE_22
uint8_t emoji_radioactive_22_map[] = {

    0x00,0x00,0x00,0x00,0x00,0x00,0x00,0x00,0xa0,0xaa,0x00,0x00,0x00,0x00,0x00,0x00,0x81,0xf4,0x81,0xf4,0x81,0xf4,0x81,0xf4,0x81,0xf4,0x81,0xf4,0x00,0x00,0x00,0x00,0x00,0x00,0xa0,0xaa,0x00,0x00,0x00,0x00,0x00,0x00,0x00,0x00,
    0x00,0x00,0x00,0x00,0x00,0x00,0x40,0xfd,0x00,0x00,0xe0,0xdb,0x81,0xfc,0x81,0xfc,0x81,0xf4,0xa1,0xfc,0xc1,0xfc,0xc1,0xfc,0xa1,0xfc,0x81,0xf4,0x81,0xfc,0x81,0xfc,0xe0,0xdb,0x00,0x00,0x40,0xfd,0x00,0x00,0x00,0x00,0x00,0x00,
    0x00,0x00,0x00,0x00,0xe0,0xbb,0x00,0x00,0x61,0xf4,0x81,0xfc,0xc1,0xfc,0xa1,0xfc,0x81,0xf4,0x81,0xf4,0x61,0xf4,0x61,0xf4,0x81,0xf4,0x81,0xf4,0xa1,0xfc,0xc1,0xfc,0x81,0xfc,0x61,0xf4,0x00,0x00,0xe0,0xbb,0x00,0x00,0x00,0x00,
    0x00,0x00,0x40,0xfd,0x00,0x00,0x61,0xf4,0xa1,0xfc,0xc1,0xfc,0x61,0xf4,0x40,0xf4,0x81,0xf4,0x81,0xf4,0x81,0xf4,0x81,0xf4,0x81,0xf4,0x81,0xf4,0x40,0xf4,0x61,0xf4,0xc1,0xfc,0xa1,0xfc,0x61,0xf4,0x00,0x00,0x40,0xfd,0x00,0x00,
    0xa0,0xfa,0x00,0x00,0x81,0xf4,0xa1,0xfc,0xa1,0xfc,0x40,0xf4,0xa3,0xf4,0x69,0xf5,0x60,0xf4,0x81,0xf4,0x81,0xf4,0x81,0xf4,0x81,0xf4,0x60,0xf4,0x69,0xf5,0xa3,0xf4,0x40,0xf4,0xa1,0xfc,0xa1,0xfc,0x81,0xf4,0x00,0x00,0xa0,0xfa,
    0xe0,0xfb,0xc3,0xe4,0x61,0xf4,0xc1,0xfc,0x60,0xf4,0xc3,0xf4,0x59,0xff,0xff,0xff,0x05,0xf5,0x60,0xf4,0x81,0xf4,0x81,0xf4,0x60,0xf4,0x05,0xf5,0xff,0xff,0x59,0xff,0xc3,0xf4,0x60,0xf4,0xc1,0xfc,0x61,0xf4,0xc3,0xe4,0xe0,0xfb,
    0x00,0x00,0x61,0xf4,0xe1,0xfc,0x61,0xf4,0x81,0xf4,0x59,0xff,0xff,0xff,0xff,0xff,0x17,0xff,0x40,0xf4,0x81,0xf4,0x81,0xf4,0x40,0xf4,0x17,0xff,0xff,0xff,0xff,0xff,0x59,0xff,0x81,0xf4,0x61,0xf4,0xe1,0xfc,0x61,0xf4,0x00,0x00,
    0xe0,0xfb,0x81,0xf4,0xc2,0xfc,0x40,0xf4,0x30,0xfe,0xff,0xff,0xff,0xff,0xff,0xff,0xff,0xff,0xcc,0xfd,0x60,0xf4,0x60,0xf4,0xcc,0xfd,0xff,0xff,0xff,0xff,0xff,0xff,0xff,0xff,0x30,0xfe,0x40,0xf4,0xc2,0xfc,0x81,0xf4,0xe0,0xfb,
    0xa1,0xf4,0x61,0xf4,0x61,0xf4,0xa2,0xf4,0xbc,0xff,0xff,0xff,0xff,0xff,0xff,0xff,0xff,0xff,0xb4,0xfe,0x40,0xf4,0x40,0xf4,0xb4,0xfe,0xff,0xff,0xff,0xff,0xff,0xff,0xff,0xff,0xbc,0xff,0xa2,0xf4,0x61,0xf4,0x61,0xf4,0x61,0xf4,
    0x81,0xf4,0xa1,0xfc,0x40,0xf4,0x48,0xf5,0xff,0xff,0xff,0xff,0xff,0xff,0xff,0xff,0x18,0xff,0x60,0xf4,0x06,0xf5,0x06,0xf5,0x60,0xf4,0x18,0xff,0xff,0xff,0xff,0xff,0xff,0xff,0xff,0xff,0x48,0xf5,0x40,0xf4,0xa1,0xfc,0x81,0xf4,
    0x81,0xf4,0xc2,0xfc,0x40,0xf4,0xcc,0xfd,0xff,0xff,0xff,0xff,0xff,0xff,0xff,0xff,0x8a,0xf5,0xc4,0xf4,0xff,0xff,0xff,0xff,0xc4,0xf4,0x8a,0xf5,0xff,0xff,0xff,0xff,0xff,0xff,0xff,0xff,0xac,0xfd,0x40,0xf4,0xc2,0xfc,0x61,0xf4,
    0x81,0xf4,0xc1,0xfc,0x61,0xf4,0xe4,0xf4,0x8a,0xf5,0x8a,0xf5,0x8a,0xf5,0x8a,0xf5,0xa2,0xf4,0x06,0xf5,0xff,0xff,0xff,0xff,0x06,0xf5,0xa2,0xf4,0x8a,0xf5,0x8a,0xf5,0x8a,0xf5,0x8a,0xf5,0xc4,0xf4,0x61,0xf4,0xc1,0xfc,0x61,0xf4,
    0x81,0xf4,0xa1,0xfc,0x81,0xf4,0x60,0xf4,0x40,0xf4,0x40,0xf4,0x40,0xf4,0x40,0xf4,0x61,0xf4,0x40,0xf4,0xc4,0xf4,0xc4,0xf4,0x40,0xf4,0x61,0xf4,0x40,0xf4,0x40,0xf4,0x40,0xf4,0x40,0xf4,0x60,0xf4,0x81,0xf4,0xa1,0xfc,0x81,0xf4,
    0xa1,0xf4,0x61,0xf4,0x81,0xf4,0x81,0xf4,0x81,0xf4,0x81,0xf4,0x82,0xf4,0x81,0xf4,0xa3,0xf4,0xb4,0xfe,0x8a,0xf5,0x8a,0xf5,0xb4,0xfe,0xa3,0xf4,0x81,0xf4,0x82,0xf4,0x81,0xf4,0x81,0xf4,0x81,0xf4,0x81,0xf4,0x61,0xf4,0x61,0xf4,
    0xe0,0xfb,0x81,0xf4,0xa1,0xfc,0x81,0xf4,0x81,0xf4,0x81,0xf4,0x82,0xf4,0x40,0xf4,0x50,0xfe,0xff,0xff,0xff,0xff,0xff,0xff,0xff,0xff,0x51,0xfe,0x40,0xf4,0x82,0xf4,0x81,0xf4,0x81,0xf4,0x81,0xf4,0xa1,0xfc,0x81,0xf4,0xe0,0xfb,
    0x00,0x00,0x61,0xf4,0xc1,0xfc,0x61,0xf4,0x81,0xf4,0x81,0xf4,0x40,0xf4,0xe5,0xf4,0xde,0xff,0xff,0xff,0xff,0xff,0xff,0xff,0xff,0xff,0xde,0xff,0x05,0xf5,0x40,0xf4,0x81,0xf4,0x81,0xf4,0x61,0xf4,0xc1,0xfc,0x61,0xf4,0x00,0x00,
    0xe0,0xfb,0xc3,0xe4,0x61,0xf4,0xa1,0xfc,0x61,0xf4,0x81,0xf4,0x60,0xf4,0x38,0xff,0xff,0xff,0xff,0xff,0xff,0xff,0xff,0xff,0xff,0xff,0xff,0xff,0x39,0xff,0x61,0xf4,0x81,0xf4,0x61,0xf4,0xa1,0xfc,0x61,0xf4,0xc3,0xe4,0xe0,0xfb,
    0xa0,0xfa,0x00,0x00,0x81,0xf4,0xa1,0xfc,0x81,0xfc,0x61,0xf4,0x81,0xf4,0x30,0xfe,0x9c,0xff,0xff,0xff,0xff,0xff,0xff,0xff,0xff,0xff,0x9c,0xff,0x30,0xfe,0x81,0xf4,0x61,0xf4,0x81,0xfc,0xa1,0xfc,0x81,0xf4,0x00,0x00,0xa0,0xfa,
    0x00,0x00,0x40,0xfd,0x00,0x00,0x61,0xf4,0xa1,0xfc,0xa1,0xfc,0x61,0xf4,0x40,0xf4,0xa2,0xf4,0x48,0xf5,0xab,0xfd,0xab,0xfd,0x48,0xf5,0xa2,0xf4,0x40,0xf4,0x61,0xf4,0xa1,0xfc,0xa1,0xfc,0x61,0xf4,0x00,0x00,0x40,0xfd,0x00,0x00,
    0x00,0x00,0x00,0x00,0xe0,0xbb,0x00,0x00,0x61,0xf4,0x81,0xfc,0xc1,0xfc,0xc2,0xfc,0x81,0xf4,0x40,0xf4,0x40,0xf4,0x40,0xf4,0x40,0xf4,0x81,0xf4,0xc2,0xfc,0xc1,0xfc,0x81,0xfc,0x61,0xf4,0x00,0x00,0xe0,0xbb,0x00,0x00,0x00,0x00,
    0x00,0x00,0x00,0x00,0x00,0x00,0x40,0xfd,0x00,0x00,0xe0,0xdb,0x81,0xfc,0x81,0xfc,0x81,0xf4,0xa1,0xfc,0xc2,0xfc,0xc2,0xfc,0xa1,0xfc,0x81,0xf4,0x81,0xfc,0x81,0xfc,0xe0,0xdb,0x00,0x00,0x40,0xfd,0x00,0x00,0x00,0x00,0x00,0x00,
    0x00,0x00,0x00,0x00,0x00,0x00,0x00,0x00,0xa0,0xaa,0x00,0x00,0x00,0x00,0x00,0x00,0x81,0xf4,0x81,0xf4,0x81,0xf4,0x81,0xf4,0x81,0xf4,0x81,0xf4,0x00,0x00,0x00,0x00,0x00,0x00,0xa0,0xaa,0x00,0x00,0x00,0x00,0x00,0x00,0x00,0x00,
    0x00,0x00,0x00,0x00,0x03,0x00,0x00,0x01,0x2c,0x5b,0x69,0x69,0x5b,0x2c,0x01,0x00,0x00,0x03,0x00,0x00,0x00,0x00,0x00,0x00,0x00,0x03,0x00,0x08,0x6a,0xc9,0xf8,0xff,0xff,0xff,0xff,0xf8,0xc9,0x6a,0x08,0x00,0x03,0x00,0x00,0x00,
    0x00,0x00,0x04,0x00,0x37,0xd2,0xff,0xff,0xff,0xfd,0xfc,0xfc,0xfd,0xff,0xff,0xff,0xd2,0x37,0x00,0x04,0x00,0x00,0x00,0x03,0x00,0x50,0xf6,0xff,0xfb,0xfd,0xfe,0xff,0xff,0xff,0xff,0xfe,0xfd,0xfb,0xff,0xf6,0x50,0x00,0x03,0x00,
    0x03,0x00,0x34,0xf8,0xff,0xfc,0xff,0xff,0xff,0xff,0xff,0xff,0xff,0xff,0xff,0xff,0xfc,0xff,0xf8,0x34,0x00,0x03,0x02,0x0a,0xd7,0xff,0xfc,0xff,0xff,0xff,0xff,0xff,0xff,0xff,0xff,0xff,0xff,0xff,0xff,0xfc,0xff,0xd7,0x0a,0x02,
    0x00,0x69,0xff,0xfb,0xff,0xff,0xff,0xff,0xff,0xff,0xff,0xff,0xff,0xff,0xff,0xff,0xff,0xff,0xfb,0xff,0x69,0x00,0x04,0xcd,0xfe,0xfc,0xff,0xff,0xff,0xff,0xff,0xff,0xff,0xff,0xff,0xff,0xff,0xff,0xff,0xff,0xfc,0xfe,0xcd,0x04,
    0x2b,0xfa,0xff,0xff,0xff,0xff,0xff,0xff,0xff,0xff,0xff,0xff,0xff,0xff,0xff,0xff,0xff,0xff,0xff,0xff,0xfa,0x2b,0x5b,0xff,0xfd,0xff,0xff,0xff,0xff,0xff,0xff,0xff,0xff,0xff,0xff,0xff,0xff,0xff,0xff,0xff,0xff,0xfd,0xff,0x5c,
    0x6d,0xff,0xfc,0xff,0xff,0xff,0xff,0xff,0xff,0xff,0xff,0xff,0xff,0xff,0xff,0xff,0xff,0xff,0xff,0xfc,0xff,0x6b,0x6d,0xff,0xfc,0xff,0xff,0xff,0xff,0xff,0xff,0xff,0xff,0xff,0xff,0xff,0xff,0xff,0xff,0xff,0xff,0xfc,0xff,0x6b,
    0x5b,0xff,0xfd,0xff,0xff,0xff,0xff,0xff,0xff,0xff,0xff,0xff,0xff,0xff,0xff,0xff,0xff,0xff,0xff,0xfd,0xff,0x5c,0x2b,0xfa,0xff,0xff,0xff,0xff,0xff,0xff,0xff,0xff,0xff,0xff,0xff,0xff,0xff,0xff,0xff,0xff,0xff,0xff,0xfa,0x2b,
    0x04,0xcd,0xfe,0xfc,0xff,0xff,0xff,0xff,0xff,0xff,0xff,0xff,0xff,0xff,0xff,0xff,0xff,0xff,0xfc,0xfe,0xcd,0x04,0x00,0x69,0xff,0xfb,0xff,0xff,0xff,0xff,0xff,0xff,0xff,0xff,0xff,0xff,0xff,0xff,0xff,0xff,0xfb,0xff,0x69,0x00,
    0x02,0x0a,0xd7,0xff,0xfc,0xff,0xff,0xff,0xff,0xff,0xff,0xff,0xff,0xff,0xff,0xff,0xff,0xfc,0xff,0xd7,0x0a,0x02,0x03,0x00,0x34,0xf8,0xff,0xfc,0xff,0xff,0xff,0xff,0xff,0xff,0xff,0xff,0xff,0xff,0xfc,0xff,0xf8,0x34,0x00,0x03,
    0x00,0x03,0x00,0x50,0xf6,0xff,0xfb,0xfd,0xfe,0xff,0xff,0xff,0xff,0xfe,0xfd,0xfb,0xff,0xf6,0x50,0x00,0x03,0x00,0x00,0x00,0x04,0x00,0x37,0xd2,0xff,0xff,0xff,0xfd,0xfc,0xfc,0xfd,0xff,0xff,0xff,0xd2,0x37,0x00,0x04,0x00,0x00,
    0x00,0x00,0x00,0x03,0x00,0x08,0x6a,0xc9,0xf8,0xff,0xff,0xff,0xff,0xf8,0xc9,0x6a,0x08,0x00,0x03,0x00,0x00,0x00,0x00,0x00,0x00,0x00,0x03,0x00,0x00,0x01,0x2c,0x5b,0x69,0x69,0x5b,0x2c,0x01,0x00,0x00,0x03,0x00,0x00,0x00,0x00,

};

const lv_image_dsc_t emoji_radioactive_22 = {
  .header.magic = LV_IMAGE_HEADER_MAGIC,
  .header.cf = LV_COLOR_FORMAT_RGB565A8,
  .header.flags = 0,
  .header.w = 22,
  .header.h = 22,
  .header.stride = 44,
  .data_size = sizeof(emoji_radioactive_22_map),
  .data = emoji_radioactive_22_map,
};




#ifndef LV_ATTRIBUTE_MEM_ALIGN
#define LV_ATTRIBUTE_MEM_ALIGN
#endif

#ifndef LV_ATTRIBUTE_EMOJI_COW_22
#define LV_ATTRIBUTE_EMOJI_COW_22
#endif

static const
LV_ATTRIBUTE_MEM_ALIGN LV_ATTRIBUTE_LARGE_CONST LV_ATTRIBUTE_EMOJI_COW_22
uint8_t emoji_cow_22_map[] = {

    0x00,0x00,0x00,0x00,0x00,0x00,0x00,0x00,0x00,0x00,0x00,0x00,0x00,0x00,0x00,0x00,0x00,0x00,0x00,0x00,0x00,0x00,0x00,0x00,0x00,0x00,0x00,0x00,0x00,0x00,0x00,0x00,0x00,0x00,0x00,0x00,0x00,0x00,0x00,0x00,0x00,0x00,0x00,0x00,
    0x00,0x00,0x00,0x00,0x00,0x00,0xff,0xff,0xff,0xff,0x00,0x00,0x00,0x00,0x00,0x00,0x00,0x00,0x00,0x00,0x00,0x00,0x00,0x00,0x00,0x00,0x00,0x00,0x00,0x00,0x00,0x00,0x00,0x00,0x00,0x00,0x00,0x00,0x00,0x00,0x00,0x00,0x00,0x00,
    0x00,0x00,0x00,0x00,0x00,0x00,0x00,0x00,0x00,0x00,0xf7,0xbd,0xff,0xff,0x00,0x00,0x00,0x00,0x00,0x00,0x00,0x00,0x00,0x00,0x00,0x00,0x00,0x00,0x00,0x00,0x00,0x00,0x00,0x00,0x00,0x00,0x00,0x00,0x00,0x00,0x00,0x00,0x00,0x00,
    0x00,0x00,0x00,0x00,0x00,0x00,0x19,0xb6,0x00,0x00,0x00,0x00,0x00,0x00,0xaa,0x52,0x00,0x00,0x00,0x00,0x00,0x00,0x00,0x00,0x00,0x00,0x00,0x00,0x00,0x00,0x00,0x00,0x00,0x00,0x00,0x00,0x00,0x00,0x00,0x00,0x00,0x00,0x00,0x00,
    0x00,0x00,0xff,0xff,0xef,0x7b,0x1d,0xd7,0x7e,0xe7,0xdc,0xd6,0xff,0xff,0x00,0x00,0x00,0x00,0xf7,0xbd,0xff,0xff,0xef,0x7b,0xff,0xff,0x00,0x00,0x00,0x00,0x00,0x00,0x00,0x00,0x00,0x00,0xaa,0x52,0x0f,0x00,0x00,0x00,0x00,0x00,
    0x00,0x00,0xef,0x7b,0x00,0x00,0x29,0x3a,0xb3,0x8c,0x5e,0xe7,0x97,0xad,0xaf,0x6b,0xff,0xff,0x00,0x00,0x00,0x00,0x00,0x00,0x00,0x00,0x00,0x00,0xef,0x03,0x00,0x00,0x00,0x00,0x00,0x00,0x00,0x00,0x00,0x00,0x00,0x00,0x00,0x00,
    0x00,0x00,0x00,0x00,0xa6,0x31,0xa7,0x29,0x05,0x19,0xe8,0x39,0x09,0x3a,0x4a,0x42,0x19,0xbe,0x1c,0xd7,0x9a,0xc6,0xbb,0xce,0xff,0xff,0x00,0x00,0x00,0x00,0x00,0x00,0x0f,0x00,0xc8,0x31,0xc7,0x31,0x87,0x29,0x00,0x00,0x00,0x00,
    0x00,0x00,0xaa,0x52,0x00,0x00,0x66,0x21,0x72,0x84,0x6e,0x63,0x66,0x21,0x46,0x21,0xd0,0x73,0x7e,0xe7,0xfc,0xd6,0xdc,0xd6,0x5a,0xc6,0x09,0x3a,0xa7,0x29,0xa7,0x31,0xa7,0x31,0xa7,0x31,0xc8,0x31,0xc7,0x31,0xa7,0x31,0x00,0x00,
    0x86,0x31,0x00,0x00,0xe8,0x31,0x86,0x29,0xf0,0x73,0x4d,0x63,0x86,0x29,0xa7,0x29,0x6a,0x4a,0xbb,0xce,0x9b,0xce,0x1d,0xdf,0x93,0x8c,0x66,0x29,0xe8,0x31,0xc8,0x31,0xc7,0x31,0xc7,0x31,0xa7,0x31,0xc8,0x31,0xa7,0x31,0xe7,0x39,
    0x00,0x00,0xa7,0x31,0xc7,0x31,0xc8,0x31,0x66,0x21,0x86,0x29,0xe8,0x31,0x66,0x29,0xcb,0x52,0xdc,0xd6,0xbb,0xce,0xfc,0xd6,0xec,0x5a,0x66,0x29,0xc7,0x31,0xa7,0x31,0xa7,0x31,0xa7,0x31,0xa7,0x31,0xa7,0x31,0xc8,0x31,0xa7,0x31,
    0xa7,0x31,0xc7,0x31,0xc7,0x31,0xa7,0x31,0xc8,0x31,0xa7,0x31,0x46,0x21,0x87,0x29,0x35,0x9d,0xfc,0xd6,0x9b,0xce,0xdc,0xd6,0xcc,0x52,0x86,0x29,0xc7,0x31,0xa7,0x31,0xa7,0x31,0xa7,0x31,0xa7,0x31,0xa7,0x31,0xa7,0x31,0xc7,0x31,
    0xa7,0x31,0xc7,0x31,0xa7,0x31,0xa7,0x31,0xa7,0x29,0x29,0x42,0x11,0x7c,0xb7,0xad,0xfc,0xd6,0xbb,0xce,0xfc,0xd6,0x1d,0xd7,0x2d,0x5b,0x66,0x29,0xc7,0x31,0xa7,0x31,0xa7,0x31,0xa7,0x31,0xa7,0x31,0xa7,0x31,0xa7,0x31,0xa7,0x31,
    0xa7,0x31,0xe8,0x31,0xc8,0x31,0xc8,0x31,0xc7,0x31,0x66,0x21,0x56,0xa5,0x3d,0xdf,0xbb,0xce,0xbb,0xce,0xb7,0xad,0x9a,0xc6,0x14,0x95,0x46,0x21,0xc8,0x31,0xa7,0x31,0xa7,0x31,0xa7,0x31,0xc7,0x31,0xa7,0x31,0x87,0x29,0xa7,0x31,
    0xc7,0x39,0xa7,0x31,0xc7,0x31,0xa7,0x29,0xcc,0x52,0xd0,0x73,0x76,0xa5,0xdc,0xd6,0x5a,0xc6,0xcc,0x52,0x66,0x29,0xe8,0x31,0x55,0x9d,0x2d,0x63,0x25,0x21,0xc7,0x31,0xc7,0x31,0xc7,0x31,0x86,0x29,0xa7,0x31,0xec,0x5a,0xa7,0x31,
    0x00,0x00,0x00,0x00,0x00,0x00,0x00,0x00,0x00,0x00,0xff,0xff,0xfc,0xd6,0x5e,0xdf,0x93,0x8c,0x45,0x21,0xe8,0x31,0x66,0x21,0xab,0x52,0x9b,0xce,0x6e,0x63,0xa7,0x31,0x66,0x29,0x86,0x29,0x29,0x3a,0x35,0x9d,0xf8,0xb5,0x25,0x21,
    0x00,0x00,0xe7,0x39,0xe7,0x39,0xe7,0x39,0x2c,0x63,0x00,0x00,0xd7,0xb5,0x3d,0xdf,0xb3,0x8c,0x25,0x21,0xc8,0x31,0x66,0x21,0xab,0x4a,0xfc,0xd6,0xfc,0xd6,0xf8,0xb5,0x56,0xa5,0x55,0x9d,0xd7,0xad,0x7e,0xe7,0xfc,0xd6,0x00,0x00,
    0x00,0x00,0x00,0x00,0x00,0x00,0x00,0x00,0x00,0x00,0x79,0xce,0x00,0x00,0xbb,0xce,0xfc,0xd6,0x0c,0x5b,0x87,0x29,0x08,0x3a,0x56,0xa5,0xdc,0xd6,0x9b,0xce,0xdc,0xce,0x1d,0xdf,0x8e,0x6b,0x86,0x29,0x93,0x8c,0xff,0xff,0xaa,0x52,
    0x00,0x00,0x00,0x00,0x00,0x00,0x00,0x00,0x00,0x00,0x55,0xad,0xff,0xff,0x9b,0xce,0x1d,0xd7,0xbb,0xce,0xf8,0xb5,0x9b,0xc6,0x1d,0xd7,0xdc,0xd6,0xdc,0xd6,0xdc,0xce,0xdc,0xce,0x8a,0x4a,0x05,0x19,0xaf,0x6b,0xff,0xff,0x00,0x00,
    0x00,0x00,0x00,0x00,0x00,0x00,0x00,0x00,0x00,0x00,0xff,0xff,0x00,0x00,0xdc,0xce,0xbb,0xce,0xdc,0xd6,0xfc,0xd6,0xdb,0xce,0xbb,0xce,0xbb,0xce,0xbb,0xce,0xbb,0xce,0xdc,0xce,0x19,0xbe,0x96,0xa5,0x7a,0xc6,0x00,0x00,0xf7,0xbd,
    0x00,0x00,0x00,0x00,0x00,0x00,0x00,0x00,0x00,0x00,0xff,0xff,0x00,0x00,0xff,0xbd,0xbb,0xce,0x7e,0xe7,0x9b,0xce,0xf7,0xbd,0xba,0xbe,0xfb,0xbe,0x9c,0xd6,0xfb,0xde,0x9b,0xce,0x1d,0xdf,0x3d,0xdf,0xfc,0xd6,0x00,0x00,0xff,0xff,
    0x00,0x00,0x00,0x00,0x00,0x00,0x00,0x00,0x00,0x00,0x00,0x00,0xef,0x7b,0x00,0x00,0xbb,0xce,0xfc,0xd6,0xdc,0xce,0x00,0x00,0x00,0x00,0x00,0x00,0x00,0x00,0x00,0x00,0x9b,0xce,0x1d,0xd7,0x9b,0xce,0xf7,0xbd,0xff,0xff,0x1f,0x00,
    0x00,0x00,0x00,0x00,0x00,0x00,0x00,0x00,0x00,0x00,0x00,0x00,0x55,0xad,0x00,0x00,0xbb,0xce,0xbb,0xce,0x00,0x00,0xf7,0xbd,0xff,0x07,0xff,0xff,0xff,0xff,0xff,0xff,0xff,0xff,0xbb,0xce,0xbb,0xce,0x00,0x00,0xff,0xaf,0x00,0x00,
    0x00,0x00,0x00,0x00,0x00,0x00,0x00,0x00,0x00,0x00,0x00,0x00,0x00,0x00,0x00,0x00,0x00,0x00,0x00,0x00,0x00,0x00,0x00,0x00,0x00,0x01,0x01,0x00,0x00,0x00,0x00,0x00,0x00,0x00,0x00,0x00,0x00,0x00,0x00,0x00,0x00,0x00,0x00,0x00,
    0x00,0x00,0x00,0x00,0x00,0x04,0x01,0x00,0x00,0x00,0x00,0x00,0x00,0x00,0x00,0x00,0x00,0x00,0x00,0x00,0x00,0x00,0x00,0x00,0x00,0x15,0x03,0x00,0x00,0x03,0x00,0x00,0x00,0x00,0x00,0x00,0x00,0x00,0x00,0x00,0x00,0x00,0x00,0x00,
    0x01,0x01,0x02,0x96,0xd3,0x83,0x13,0x00,0x00,0x04,0x03,0x02,0x01,0x00,0x00,0x00,0x01,0x02,0x03,0x02,0x00,0x00,0x00,0x02,0x00,0x60,0xff,0xff,0xd2,0x43,0x05,0x00,0x00,0x00,0x00,0x01,0x02,0x02,0x00,0x00,0x00,0x00,0x02,0x00,
    0x01,0x00,0x0e,0xec,0xfe,0xfa,0xff,0xff,0xd4,0x8f,0x4d,0x20,0x07,0x00,0x00,0x00,0x02,0x1f,0x56,0x2d,0x00,0x02,0x01,0x03,0x00,0xdc,0xff,0xfd,0xfd,0xfe,0xff,0xff,0xff,0xf6,0xdd,0xc3,0xb9,0xbb,0xd4,0xf5,0xff,0xf4,0x33,0x00,
    0x05,0x00,0x37,0xf7,0xfd,0xfe,0xff,0xff,0xfd,0xfb,0xfc,0xff,0xff,0xff,0xff,0xff,0xff,0xff,0xf9,0xff,0xbd,0x04,0x00,0x43,0xe3,0xff,0xfd,0xff,0xff,0xff,0xff,0xff,0xff,0xfe,0xfd,0xfc,0xfc,0xfc,0xfd,0xfe,0xff,0xfc,0xff,0xa7,
    0x88,0xff,0xff,0xfe,0xff,0xff,0xff,0xff,0xff,0xff,0xff,0xff,0xff,0xff,0xff,0xff,0xff,0xff,0xff,0xff,0xfe,0xff,0xf7,0xfb,0xf8,0xfb,0xfc,0xfe,0xff,0xff,0xff,0xff,0xff,0xff,0xff,0xff,0xff,0xff,0xff,0xff,0xff,0xff,0xfd,0xfe,
    0x98,0xff,0xff,0xff,0xff,0xff,0xfd,0xff,0xff,0xff,0xff,0xff,0xff,0xff,0xff,0xff,0xff,0xff,0xff,0xff,0xeb,0xf8,0x09,0x6f,0x86,0x82,0xa7,0xf6,0xff,0xfe,0xff,0xff,0xff,0xff,0xff,0xff,0xff,0xff,0xff,0xff,0xfe,0xff,0xda,0xff,
    0x00,0x00,0x00,0x00,0x00,0x2b,0xd4,0xff,0xfd,0xff,0xff,0xff,0xff,0xff,0xff,0xff,0xff,0xff,0xfc,0xff,0x9b,0x93,0x01,0x04,0x04,0x04,0x05,0x00,0x24,0xf2,0xfe,0xfe,0xff,0xff,0xff,0xff,0xff,0xff,0xff,0xff,0xfc,0xff,0x49,0x00,
    0x00,0x00,0x00,0x00,0x00,0x05,0x00,0x93,0xff,0xfb,0xff,0xfe,0xfe,0xfe,0xfe,0xfe,0xfe,0xfe,0xff,0xf7,0x1f,0x03,0x00,0x00,0x00,0x00,0x00,0x03,0x01,0x40,0xff,0xfd,0xff,0xff,0xff,0xff,0xff,0xff,0xff,0xfd,0xff,0xd1,0x02,0x01,
    0x00,0x00,0x00,0x00,0x00,0x01,0x00,0x15,0xf0,0xff,0xf9,0xe6,0xe6,0xe6,0xe6,0xe6,0xf1,0xfb,0xff,0x91,0x00,0x04,0x00,0x00,0x00,0x00,0x00,0x01,0x00,0x04,0xd2,0xff,0x86,0x08,0x0c,0x08,0x0b,0x08,0x5c,0xfe,0xff,0x42,0x00,0x03,
    0x00,0x00,0x00,0x00,0x00,0x00,0x02,0x00,0xc8,0xfb,0x1b,0x00,0x00,0x00,0x00,0x00,0x28,0xff,0xd2,0x04,0x01,0x01,0x00,0x00,0x00,0x00,0x00,0x00,0x03,0x00,0xb8,0x84,0x00,0x04,0x01,0x01,0x01,0x01,0x03,0xd3,0x62,0x00,0x03,0x00,

};

const lv_image_dsc_t emoji_cow_22 = {
  .header.magic = LV_IMAGE_HEADER_MAGIC,
  .header.cf = LV_COLOR_FORMAT_RGB565A8,
  .header.flags = 0,
  .header.w = 22,
  .header.h = 22,
  .header.stride = 44,
  .data_size = sizeof(emoji_cow_22_map),
  .data = emoji_cow_22_map,
};




#ifndef LV_ATTRIBUTE_MEM_ALIGN
#define LV_ATTRIBUTE_MEM_ALIGN
#endif

#ifndef LV_ATTRIBUTE_EMOJI_ALIEN_22
#define LV_ATTRIBUTE_EMOJI_ALIEN_22
#endif

static const
LV_ATTRIBUTE_MEM_ALIGN LV_ATTRIBUTE_LARGE_CONST LV_ATTRIBUTE_EMOJI_ALIEN_22
uint8_t emoji_alien_22_map[] = {

    0x00,0x00,0x00,0x00,0x00,0x00,0xff,0xff,0x00,0x00,0x00,0x00,0x9b,0xce,0xdb,0xce,0xbb,0xce,0xbb,0xce,0xbb,0xce,0xbb,0xce,0xbb,0xce,0xbb,0xce,0xdb,0xce,0x9b,0xce,0x00,0x00,0x00,0x00,0xff,0xff,0x00,0x00,0x00,0x00,0x00,0x00,
    0x00,0x00,0x00,0x00,0xef,0x7b,0x00,0x00,0xef,0x7b,0xbb,0xce,0xdc,0xd6,0x1d,0xd7,0xfc,0xd6,0xdb,0xce,0xbb,0xce,0xbb,0xce,0xdb,0xce,0xfc,0xd6,0x1d,0xd7,0xdc,0xd6,0xbb,0xce,0xef,0x7b,0x00,0x00,0xef,0x7b,0x00,0x00,0x00,0x00,
    0x00,0x00,0xff,0xff,0x00,0x00,0x7b,0xbe,0xdc,0xd6,0x5d,0xdf,0xdc,0xce,0xbb,0xce,0xbb,0xce,0xbb,0xce,0xbb,0xce,0xbb,0xce,0xbb,0xce,0xbb,0xce,0xbb,0xce,0xdc,0xce,0x5d,0xdf,0xdc,0xd6,0x7b,0xbe,0x00,0x00,0xff,0xff,0x00,0x00,
    0xff,0xff,0xff,0xff,0x1c,0xe7,0xbb,0xce,0x3d,0xdf,0xbb,0xce,0xbb,0xce,0xbb,0xce,0xbb,0xce,0xbb,0xce,0xbb,0xce,0xbb,0xce,0xbb,0xce,0xbb,0xce,0xbb,0xce,0xbb,0xce,0xbb,0xce,0x3d,0xdf,0xbb,0xce,0x1c,0xe7,0xff,0xff,0xff,0xff,
    0x55,0xad,0x00,0x00,0xbb,0xce,0x3d,0xdf,0xbb,0xce,0xbb,0xce,0xbb,0xce,0xbb,0xce,0xbb,0xce,0xbb,0xce,0xbb,0xce,0xbb,0xce,0xbb,0xce,0xbb,0xce,0xbb,0xce,0xbb,0xce,0xbb,0xce,0xbb,0xce,0x3d,0xdf,0xbb,0xce,0x00,0x00,0x55,0xad,
    0x00,0x00,0xdb,0xd6,0xfc,0xd6,0xdc,0xd6,0xdc,0xd6,0xbb,0xce,0xbb,0xce,0xbb,0xce,0xbb,0xce,0xbb,0xce,0xbb,0xce,0xbb,0xce,0xbb,0xce,0xbb,0xce,0xbb,0xce,0xbb,0xce,0xbb,0xce,0xdc,0xd6,0xdc,0xd6,0xfc,0xd6,0xdb,0xd6,0x00,0x00,
    0x00,0x00,0xbb,0xce,0x5e,0xdf,0x5a,0xc6,0xf8,0xb5,0xbb,0xce,0x1c,0xd7,0xbb,0xce,0xbb,0xce,0xbb,0xce,0xbb,0xce,0xbb,0xce,0xbb,0xce,0xbb,0xce,0xbb,0xce,0x1c,0xd7,0xbb,0xce,0xf8,0xb5,0x5a,0xc6,0x5e,0xdf,0xbb,0xce,0x00,0x00,
    0x59,0xbe,0xdc,0xd6,0x18,0xb6,0xe8,0x39,0x86,0x29,0x6a,0x42,0xd3,0x94,0xfc,0xd6,0xdb,0xce,0xbb,0xce,0xbb,0xce,0xbb,0xce,0xbb,0xce,0xdb,0xce,0xfc,0xd6,0xd3,0x94,0x6a,0x42,0x86,0x29,0xe8,0x39,0x18,0xb6,0xdc,0xd6,0x59,0xbe,
    0x7a,0xc6,0x3d,0xdf,0x93,0x8c,0x04,0x19,0x86,0x29,0x45,0x21,0x04,0x19,0x4d,0x63,0xbb,0xce,0xdb,0xce,0xbb,0xce,0xbb,0xce,0xdb,0xce,0xbb,0xce,0x4d,0x63,0x04,0x19,0x45,0x21,0x86,0x29,0x04,0x19,0x93,0x8c,0x3d,0xdf,0x7a,0xc6,
    0x9b,0xc6,0x5e,0xdf,0x76,0xa5,0x45,0x21,0x86,0x29,0x86,0x29,0x86,0x29,0x04,0x19,0x0c,0x5b,0xdc,0xd6,0xbb,0xce,0xbb,0xce,0xdc,0xd6,0x0c,0x5b,0x04,0x19,0x86,0x29,0x86,0x29,0x86,0x29,0x45,0x21,0x76,0xa5,0x5e,0xdf,0x9b,0xc6,
    0xbb,0xce,0x1d,0xd7,0xdc,0xce,0x8b,0x4a,0x25,0x21,0x86,0x29,0x66,0x29,0x86,0x29,0x04,0x19,0x31,0x7c,0xfc,0xd6,0xfc,0xd6,0x31,0x7c,0x04,0x19,0x86,0x29,0x66,0x29,0x86,0x29,0x25,0x21,0x8b,0x4a,0xdc,0xce,0x1d,0xd7,0xbb,0xce,
    0xbb,0xce,0xfc,0xd6,0xfc,0xd6,0xb7,0xad,0x66,0x29,0x66,0x21,0x86,0x29,0x86,0x29,0x66,0x21,0xa7,0x31,0x5a,0xc6,0x5a,0xc6,0xa7,0x31,0x66,0x21,0x86,0x29,0x86,0x29,0x66,0x21,0x66,0x29,0xb7,0xad,0xfc,0xd6,0xfc,0xd6,0xbb,0xce,
    0xbb,0xce,0xbb,0xce,0xbb,0xce,0x1c,0xd7,0xf4,0x94,0x45,0x21,0x45,0x21,0x86,0x29,0xa7,0x29,0x24,0x19,0x35,0x9d,0x35,0x9d,0x24,0x19,0xa7,0x29,0x86,0x29,0x45,0x21,0x45,0x21,0xf4,0x94,0x1c,0xd7,0xbb,0xce,0xbb,0xce,0xbb,0xce,
    0x00,0x00,0xbb,0xce,0x1d,0xdf,0x9b,0xce,0x1c,0xd7,0x56,0xa5,0x08,0x3a,0x25,0x19,0x25,0x21,0xa3,0x10,0x15,0x9d,0x15,0x9d,0xa3,0x10,0x25,0x21,0x25,0x19,0x08,0x3a,0x76,0xa5,0x1c,0xd7,0x9b,0xce,0x1d,0xdf,0xbb,0xce,0x00,0x00,
    0x00,0x00,0x9b,0xce,0xfc,0xd6,0xdb,0xce,0x9b,0xce,0xfc,0xd6,0x9a,0xc6,0x92,0x84,0x2d,0x5b,0xaf,0x6b,0x9a,0xc6,0x9a,0xc6,0xaf,0x6b,0x2d,0x5b,0x92,0x84,0x9a,0xc6,0xfc,0xd6,0x9b,0xce,0xdb,0xce,0xfc,0xd6,0x9b,0xce,0x00,0x00,
    0x5f,0xad,0x00,0x00,0xbb,0xce,0x3d,0xdf,0xbb,0xce,0xbb,0xce,0xdb,0xce,0x1d,0xd7,0x1d,0xd7,0x1c,0xd7,0xbb,0xce,0xbb,0xce,0x1c,0xd7,0x1d,0xd7,0x1d,0xd7,0xdb,0xce,0xbb,0xce,0xbb,0xce,0x3d,0xdf,0xbb,0xce,0x00,0x00,0x5f,0xad,
    0xff,0xff,0x55,0xad,0x3c,0xe7,0xbb,0xce,0x1d,0xdf,0xbb,0xce,0xbb,0xce,0x9b,0xce,0xbb,0xce,0xdc,0xd6,0x1d,0xd7,0x1d,0xd7,0xdc,0xd6,0xbb,0xce,0x9b,0xce,0xbb,0xce,0xbb,0xce,0x1d,0xdf,0xbb,0xce,0x3c,0xe7,0x55,0xad,0xff,0xff,
    0x00,0x00,0xff,0xff,0x00,0x00,0x9b,0xce,0xdc,0xd6,0x1d,0xd7,0x9b,0xce,0x1d,0xd7,0xb3,0x8c,0x09,0x3a,0xb3,0x8c,0xb3,0x8c,0x09,0x3a,0xb3,0x8c,0x1d,0xd7,0x9b,0xce,0x1d,0xd7,0xdc,0xd6,0x9b,0xce,0x00,0x00,0xff,0xff,0x00,0x00,
    0x00,0x00,0x00,0x00,0xff,0xff,0x00,0x00,0x7a,0xc6,0xfc,0xd6,0x3d,0xdf,0xdc,0xce,0xf8,0xb5,0xec,0x52,0xa7,0x29,0xa7,0x29,0xec,0x52,0xf8,0xb5,0xdc,0xce,0x3d,0xdf,0xfc,0xd6,0x7a,0xc6,0x00,0x00,0xff,0xff,0x00,0x00,0x00,0x00,
    0x00,0x00,0x00,0x00,0x00,0x00,0x5f,0xad,0x00,0x00,0x79,0xc6,0xdc,0xd6,0x3d,0xdf,0xfc,0xd6,0xfc,0xd6,0x9b,0xce,0x9b,0xce,0xfc,0xd6,0xfc,0xd6,0x3d,0xdf,0xdc,0xd6,0x79,0xc6,0x00,0x00,0x5f,0xad,0x00,0x00,0x00,0x00,0x00,0x00,
    0x00,0x00,0x00,0x00,0x00,0x00,0x00,0x00,0xff,0xff,0x00,0x00,0x00,0x00,0xbb,0xce,0xdc,0xd6,0xfc,0xd6,0xdb,0xce,0xdb,0xce,0xfc,0xd6,0xdc,0xd6,0xbb,0xce,0x00,0x00,0x00,0x00,0xff,0xff,0x00,0x00,0x00,0x00,0x00,0x00,0x00,0x00,
    0x00,0x00,0x00,0x00,0x00,0x00,0x00,0x00,0x00,0x00,0xef,0x7b,0xff,0xff,0x00,0x00,0xbb,0xce,0xdc,0xd6,0xdb,0xce,0xdb,0xce,0xdc,0xd6,0xbb,0xce,0x00,0x00,0xff,0xff,0xef,0x7b,0x00,0x00,0x00,0x00,0x00,0x00,0x00,0x00,0x00,0x00,
    0x00,0x00,0x00,0x01,0x00,0x00,0x1d,0x7b,0xc6,0xf2,0xff,0xff,0xf2,0xc6,0x7b,0x1d,0x00,0x00,0x01,0x00,0x00,0x00,0x00,0x00,0x02,0x00,0x02,0x7a,0xe9,0xff,0xff,0xff,0xff,0xff,0xff,0xff,0xff,0xe9,0x7a,0x02,0x00,0x02,0x00,0x00,
    0x00,0x01,0x00,0x14,0xba,0xff,0xff,0xfc,0xfd,0xff,0xff,0xff,0xff,0xfd,0xfc,0xff,0xff,0xba,0x14,0x00,0x01,0x00,0x01,0x02,0x09,0xc8,0xff,0xfa,0xfe,0xff,0xff,0xff,0xff,0xff,0xff,0xff,0xff,0xfe,0xfa,0xff,0xc8,0x09,0x02,0x01,
    0x03,0x00,0x9c,0xff,0xfa,0xff,0xff,0xff,0xff,0xff,0xff,0xff,0xff,0xff,0xff,0xff,0xff,0xfa,0xff,0x9c,0x00,0x03,0x00,0x3c,0xff,0xfb,0xfe,0xff,0xff,0xff,0xff,0xff,0xff,0xff,0xff,0xff,0xff,0xff,0xff,0xfe,0xfb,0xff,0x3c,0x00,
    0x00,0xac,0xfe,0xfc,0xff,0xff,0xff,0xff,0xff,0xff,0xff,0xff,0xff,0xff,0xff,0xff,0xff,0xff,0xfc,0xfe,0xac,0x00,0x18,0xef,0xff,0xfe,0xff,0xff,0xff,0xff,0xff,0xff,0xff,0xff,0xff,0xff,0xff,0xff,0xff,0xff,0xfe,0xff,0xef,0x18,
    0x4b,0xff,0xfe,0xff,0xff,0xff,0xff,0xff,0xff,0xff,0xff,0xff,0xff,0xff,0xff,0xff,0xff,0xff,0xff,0xfe,0xff,0x4b,0x69,0xff,0xfc,0xff,0xff,0xff,0xff,0xff,0xff,0xff,0xff,0xff,0xff,0xff,0xff,0xff,0xff,0xff,0xff,0xfc,0xff,0x69,
    0x6b,0xff,0xfc,0xff,0xff,0xff,0xff,0xff,0xff,0xff,0xff,0xff,0xff,0xff,0xff,0xff,0xff,0xff,0xff,0xfc,0xff,0x6b,0x5d,0xff,0xfd,0xff,0xff,0xff,0xff,0xff,0xff,0xff,0xff,0xff,0xff,0xff,0xff,0xff,0xff,0xff,0xff,0xfd,0xff,0x5d,
    0x25,0xf6,0xff,0xfe,0xff,0xff,0xff,0xff,0xff,0xff,0xff,0xff,0xff,0xff,0xff,0xff,0xff,0xff,0xfe,0xff,0xf6,0x25,0x00,0xb5,0xff,0xfc,0xff,0xff,0xff,0xff,0xff,0xff,0xff,0xff,0xff,0xff,0xff,0xff,0xff,0xff,0xfc,0xff,0xb5,0x00,
    0x00,0x3b,0xff,0xfb,0xff,0xff,0xff,0xff,0xff,0xff,0xff,0xff,0xff,0xff,0xff,0xff,0xff,0xff,0xfb,0xff,0x3b,0x00,0x03,0x00,0x95,0xff,0xfa,0xff,0xff,0xff,0xff,0xff,0xff,0xff,0xff,0xff,0xff,0xff,0xff,0xfa,0xff,0x95,0x00,0x03,
    0x01,0x03,0x0a,0xcb,0xff,0xfb,0xff,0xff,0xff,0xff,0xff,0xff,0xff,0xff,0xff,0xff,0xfb,0xff,0xcb,0x0a,0x03,0x01,0x00,0x02,0x00,0x1c,0xda,0xff,0xfb,0xff,0xff,0xff,0xff,0xff,0xff,0xff,0xff,0xfb,0xff,0xda,0x1c,0x00,0x02,0x00,
    0x00,0x00,0x02,0x00,0x20,0xd4,0xff,0xfa,0xfe,0xff,0xff,0xff,0xff,0xfe,0xfa,0xff,0xd4,0x20,0x00,0x02,0x00,0x00,0x00,0x00,0x00,0x03,0x00,0x15,0xb7,0xff,0xff,0xfc,0xff,0xff,0xfc,0xff,0xff,0xb7,0x15,0x00,0x03,0x00,0x00,0x00,
    0x00,0x00,0x00,0x00,0x02,0x00,0x00,0x79,0xf1,0xff,0xff,0xff,0xff,0xf1,0x79,0x00,0x00,0x02,0x00,0x00,0x00,0x00,0x00,0x00,0x00,0x00,0x00,0x02,0x01,0x00,0x2c,0xa5,0xf5,0xf5,0xa5,0x2c,0x00,0x01,0x02,0x00,0x00,0x00,0x00,0x00,

};

const lv_image_dsc_t emoji_alien_22 = {
  .header.magic = LV_IMAGE_HEADER_MAGIC,
  .header.cf = LV_COLOR_FORMAT_RGB565A8,
  .header.flags = 0,
  .header.w = 22,
  .header.h = 22,
  .header.stride = 44,
  .data_size = sizeof(emoji_alien_22_map),
  .data = emoji_alien_22_map,
};




#ifndef LV_ATTRIBUTE_MEM_ALIGN
#define LV_ATTRIBUTE_MEM_ALIGN
#endif

#ifndef LV_ATTRIBUTE_EMOJI_INVADER_22
#define LV_ATTRIBUTE_EMOJI_INVADER_22
#endif

static const
LV_ATTRIBUTE_MEM_ALIGN LV_ATTRIBUTE_LARGE_CONST LV_ATTRIBUTE_EMOJI_INVADER_22
uint8_t emoji_invader_22_map[] = {

    0x00,0x00,0x00,0x00,0x00,0x00,0x00,0x00,0x00,0x00,0x00,0x00,0x00,0x00,0x00,0x00,0x00,0x00,0x00,0x00,0x00,0x00,0x00,0x00,0x00,0x00,0x00,0x00,0x00,0x00,0x00,0x00,0x00,0x00,0x00,0x00,0x00,0x00,0x00,0x00,0x00,0x00,0x00,0x00,
    0xef,0x39,0x00,0x00,0x00,0x00,0x00,0x00,0x00,0x00,0x1f,0x00,0xb5,0x52,0xf2,0x51,0xd0,0x51,0xd0,0x51,0xef,0x39,0xef,0x39,0xd0,0x51,0xd0,0x51,0xf2,0x51,0xb5,0x52,0x1f,0x00,0x00,0x00,0x00,0x00,0x00,0x00,0x00,0x00,0xef,0x39,
    0x00,0x00,0x00,0x00,0x00,0x00,0x00,0x00,0x00,0x00,0x15,0x50,0x00,0x00,0x93,0x49,0xd1,0x59,0xf0,0x51,0x00,0x00,0x00,0x00,0xf0,0x51,0xd1,0x59,0x93,0x49,0x00,0x00,0x15,0x50,0x00,0x00,0x00,0x00,0x00,0x00,0x00,0x00,0x00,0x00,
    0xf1,0x59,0xf0,0x51,0x00,0x00,0x1f,0x00,0x00,0x00,0x00,0x00,0xd0,0x51,0xd1,0x59,0xd0,0x51,0xd0,0x51,0xd0,0x51,0xd0,0x51,0xd0,0x51,0xd0,0x51,0xd1,0x59,0xd0,0x51,0x00,0x00,0x00,0x00,0x1f,0x00,0x00,0x00,0xf0,0x51,0xf1,0x59,
    0xf2,0x59,0xd0,0x51,0x00,0x00,0xb5,0x52,0xef,0x39,0xd0,0x51,0xd0,0x51,0xf2,0x59,0xd0,0x51,0xf1,0x59,0xf1,0x59,0xf1,0x59,0xf1,0x59,0xd0,0x51,0xf2,0x59,0xd0,0x51,0xd0,0x51,0xef,0x39,0xb5,0x52,0x00,0x00,0xd0,0x51,0xf2,0x59,
    0xd1,0x59,0xd1,0x51,0x00,0x00,0x00,0x00,0xb0,0x51,0xd0,0x51,0xd0,0x51,0xd0,0x51,0xd0,0x51,0xd0,0x51,0xd0,0x51,0xd0,0x51,0xd0,0x51,0xd0,0x51,0xd0,0x51,0xd0,0x51,0xd0,0x51,0xb0,0x51,0x00,0x00,0x00,0x00,0xd1,0x51,0xd1,0x59,
    0xd1,0x59,0xd0,0x51,0x00,0x00,0xd0,0x51,0xf1,0x59,0xd0,0x51,0xd0,0x51,0xd1,0x51,0xd1,0x51,0xd1,0x51,0xd0,0x51,0xd0,0x51,0xd1,0x51,0xd1,0x51,0xd1,0x51,0xd0,0x51,0xd0,0x51,0xf1,0x59,0xd0,0x51,0x00,0x00,0xd0,0x51,0xd1,0x59,
    0xd1,0x59,0xd0,0x51,0x00,0x00,0xd0,0x51,0xf2,0x59,0xd0,0x51,0xd0,0x51,0xd0,0x51,0xd0,0x51,0xd0,0x51,0xd0,0x51,0xd0,0x51,0xd0,0x51,0xd0,0x51,0xd0,0x51,0xd0,0x51,0xd0,0x51,0xf2,0x59,0xd0,0x51,0x00,0x00,0xd0,0x51,0xd1,0x59,
    0xd1,0x59,0xd0,0x51,0xef,0x39,0xd0,0x51,0xf1,0x59,0xd0,0x51,0xf1,0x59,0xd0,0x51,0xef,0x59,0xd0,0x51,0xd1,0x59,0xd1,0x59,0xd0,0x51,0xef,0x59,0xd0,0x51,0xf1,0x59,0xd0,0x51,0xf1,0x59,0xd0,0x51,0xef,0x39,0xd0,0x51,0xd1,0x59,
    0xf2,0x59,0xd0,0x51,0x00,0x00,0xd0,0x51,0xf2,0x59,0xd0,0x51,0xf1,0x59,0xd0,0x51,0x00,0x00,0xd1,0x51,0xd1,0x59,0xd1,0x59,0xd1,0x51,0x00,0x00,0xd0,0x51,0xf1,0x59,0xd0,0x51,0xf2,0x59,0xd0,0x51,0x00,0x00,0xd0,0x51,0xf2,0x59,
    0xd1,0x59,0xd0,0x51,0xf1,0x59,0xd0,0x51,0xd1,0x51,0xd0,0x51,0xf1,0x59,0xd0,0x51,0xb5,0x52,0xd0,0x51,0xd1,0x59,0xd1,0x59,0xd0,0x51,0xb5,0x52,0xd0,0x51,0xf1,0x59,0xd0,0x51,0xd1,0x51,0xd0,0x51,0xf1,0x59,0xd0,0x51,0xd1,0x59,
    0x00,0x00,0xd0,0x51,0xf1,0x59,0xd0,0x51,0xd1,0x51,0xd0,0x51,0xf1,0x59,0xd0,0x51,0x00,0x00,0xd1,0x51,0xd1,0x59,0xd1,0x59,0xd1,0x51,0x00,0x00,0xd0,0x51,0xf1,0x59,0xd0,0x51,0xd1,0x51,0xd0,0x51,0xf1,0x59,0xd0,0x51,0x00,0x00,
    0xef,0x39,0x00,0x00,0x00,0x00,0xd0,0x51,0xf2,0x59,0xd0,0x51,0xf1,0x59,0xd0,0x51,0xb0,0x51,0xd0,0x51,0xd1,0x51,0xd1,0x51,0xd0,0x51,0xb0,0x51,0xd0,0x51,0xf1,0x59,0xd0,0x51,0xf2,0x59,0xd0,0x51,0x00,0x00,0x00,0x00,0xef,0x39,
    0x00,0x00,0x52,0x4a,0xef,0x39,0xb0,0x51,0xf1,0x59,0xd0,0x51,0xd0,0x51,0xd1,0x51,0xd1,0x51,0xd0,0x51,0xd0,0x51,0xd0,0x51,0xd0,0x51,0xd1,0x51,0xd1,0x51,0xd0,0x51,0xd0,0x51,0xf1,0x59,0xb0,0x51,0xef,0x39,0x52,0x4a,0x00,0x00,
    0x00,0x00,0xef,0x39,0x00,0x00,0xd0,0x51,0xf2,0x59,0xd1,0x51,0xd0,0x51,0xd0,0x51,0xd0,0x51,0xd1,0x51,0xd1,0x59,0xd1,0x59,0xd1,0x51,0xd0,0x51,0xd0,0x51,0xd0,0x51,0xd1,0x51,0xf2,0x59,0xd0,0x51,0x00,0x00,0xef,0x39,0x00,0x00,
    0x00,0x00,0xb5,0x52,0x00,0x00,0xb1,0x51,0xf1,0x59,0xd0,0x51,0xd0,0x51,0xd0,0x51,0xd0,0x51,0xd0,0x51,0xd0,0x51,0xd0,0x51,0xd0,0x51,0xd0,0x51,0xd0,0x51,0xd0,0x51,0xd0,0x51,0xf1,0x59,0xb1,0x51,0x00,0x00,0xb5,0x52,0x00,0x00,
    0x00,0x00,0x00,0x00,0x00,0x00,0x00,0x00,0xef,0x7b,0xaa,0x52,0xd0,0x51,0xd1,0x51,0xd0,0x51,0xb0,0x51,0x00,0x00,0x00,0x00,0xb0,0x51,0xd0,0x51,0xd1,0x51,0xd0,0x51,0xaa,0x52,0xef,0x7b,0x00,0x00,0x00,0x00,0x00,0x00,0x00,0x00,
    0x00,0x00,0x00,0x00,0x00,0x00,0x00,0x00,0x00,0x00,0x00,0x00,0xd0,0x51,0xf1,0x59,0xd1,0x59,0xb0,0x51,0x00,0x00,0x00,0x00,0xb0,0x51,0xd1,0x59,0xf1,0x59,0xd0,0x51,0x00,0x00,0x00,0x00,0x00,0x00,0x00,0x00,0x00,0x00,0x00,0x00,
    0x00,0x00,0x00,0x00,0x00,0x00,0xce,0x51,0xd1,0x59,0xcf,0x49,0xd0,0x51,0xd1,0x51,0xd1,0x51,0xb1,0x59,0x00,0x00,0x00,0x00,0xb1,0x59,0xd1,0x51,0xd1,0x51,0xd0,0x51,0xcf,0x49,0xd1,0x59,0xce,0x51,0x00,0x00,0x00,0x00,0x00,0x00,
    0x00,0x00,0xef,0x39,0x00,0x00,0xd0,0x51,0xf1,0x59,0xd0,0x51,0xb1,0x51,0xef,0x59,0x8f,0x61,0x1f,0x00,0x00,0x00,0x00,0x00,0x1f,0x00,0x8f,0x61,0xef,0x59,0xb1,0x51,0xd0,0x51,0xf1,0x59,0xd0,0x51,0x00,0x00,0xef,0x39,0x00,0x00,
    0x00,0x00,0xef,0x39,0x00,0x00,0xd0,0x51,0x13,0x62,0xf1,0x59,0xd0,0x51,0x00,0x00,0x00,0x00,0x00,0x00,0x00,0x00,0x00,0x00,0x00,0x00,0x00,0x00,0x00,0x00,0xd0,0x51,0xf1,0x59,0x13,0x62,0xd0,0x51,0x00,0x00,0xef,0x39,0x00,0x00,
    0x00,0x00,0x0f,0x00,0x00,0x00,0xf0,0x51,0xf1,0x59,0xd0,0x51,0x91,0x51,0x00,0x00,0x0f,0x78,0x00,0x00,0x00,0x00,0x00,0x00,0x00,0x00,0x0f,0x78,0x00,0x00,0x91,0x51,0xd0,0x51,0xf1,0x59,0xf0,0x51,0x00,0x00,0x0f,0x00,0x00,0x00,
    0x00,0x00,0x00,0x00,0x00,0x00,0x00,0x00,0x00,0x00,0x00,0x00,0x00,0x00,0x00,0x00,0x00,0x00,0x00,0x00,0x00,0x00,0x04,0x01,0x00,0x00,0x00,0x01,0x03,0x15,0xbf,0x28,0x04,0x04,0x28,0xbf,0x15,0x03,0x01,0x00,0x00,0x00,0x01,0x04,
    0x00,0x00,0x00,0x00,0x00,0x03,0x00,0x0a,0xff,0x26,0x00,0x00,0x26,0xff,0x0a,0x00,0x03,0x00,0x00,0x00,0x00,0x00,0x55,0x15,0x00,0x01,0x00,0x00,0x48,0x65,0xf9,0x75,0x55,0x55,0x75,0xf9,0x65,0x48,0x00,0x00,0x01,0x00,0x15,0x55,
    0xff,0x42,0x00,0x03,0x04,0x24,0xee,0xff,0xfd,0xff,0xff,0xff,0xff,0xfd,0xff,0xee,0x24,0x04,0x03,0x00,0x42,0xff,0xfb,0x3d,0x00,0x00,0x25,0xfd,0xfc,0xfa,0xfe,0xfb,0xfb,0xfb,0xfb,0xfe,0xfa,0xfc,0xfd,0x25,0x00,0x00,0x3d,0xfb,
    0xff,0x41,0x00,0x4c,0xe1,0xfc,0xff,0xff,0xff,0xff,0xff,0xff,0xff,0xff,0xff,0xff,0xfc,0xe1,0x4c,0x00,0x41,0xff,0xff,0x42,0x00,0x5b,0xff,0xfa,0xff,0xee,0xe6,0xec,0xff,0xff,0xec,0xe6,0xee,0xff,0xfa,0xff,0x5b,0x00,0x42,0xff,
    0xfb,0x44,0x04,0x5a,0xfd,0xf8,0xff,0x5d,0x08,0x44,0xff,0xff,0x44,0x08,0x5d,0xff,0xf8,0xfd,0x5a,0x04,0x44,0xfb,0xff,0x36,0x00,0x4a,0xff,0xf8,0xff,0x56,0x00,0x3c,0xff,0xff,0x3c,0x00,0x56,0xff,0xf8,0xff,0x4a,0x00,0x36,0xff,
    0x63,0x9d,0xae,0xc8,0xff,0xfa,0xff,0x5a,0x03,0x40,0xff,0xff,0x40,0x03,0x5a,0xff,0xfa,0xff,0xc8,0xae,0x9d,0x63,0x00,0x81,0xae,0xc7,0xff,0xfa,0xff,0x51,0x00,0x36,0xff,0xff,0x36,0x00,0x51,0xff,0xfa,0xff,0xc7,0xae,0x81,0x00,
    0x04,0x00,0x00,0x46,0xff,0xf8,0xff,0x77,0x2f,0x61,0xff,0xff,0x61,0x2f,0x77,0xff,0xf8,0xff,0x46,0x00,0x00,0x04,0x00,0x07,0x04,0x57,0xfd,0xf9,0xff,0xff,0xff,0xff,0xfd,0xfd,0xff,0xff,0xff,0xff,0xf9,0xfd,0x57,0x04,0x07,0x00,
    0x00,0x04,0x00,0x58,0xff,0xff,0xff,0xfe,0xfe,0xff,0xff,0xff,0xff,0xfe,0xfe,0xff,0xff,0xff,0x58,0x00,0x04,0x00,0x00,0x03,0x00,0x49,0xdb,0xd8,0xfa,0xff,0xff,0xe2,0xdb,0xdb,0xe2,0xff,0xff,0xfa,0xd8,0xdb,0x49,0x00,0x03,0x00,
    0x00,0x00,0x00,0x02,0x02,0x03,0xda,0xfe,0xfe,0x2f,0x01,0x01,0x2f,0xfe,0xfe,0xda,0x03,0x02,0x02,0x00,0x00,0x00,0x00,0x00,0x00,0x00,0x00,0x00,0xdf,0xff,0xff,0x30,0x00,0x00,0x30,0xff,0xff,0xdf,0x00,0x00,0x00,0x00,0x00,0x00,
    0x00,0x00,0x00,0x09,0x1a,0x1a,0xc9,0xe6,0xe6,0x2b,0x01,0x01,0x2b,0xe6,0xe6,0xc9,0x1a,0x1a,0x09,0x00,0x00,0x00,0x00,0x04,0x00,0x50,0xf4,0xef,0x29,0x08,0x0a,0x01,0x00,0x00,0x01,0x0a,0x08,0x29,0xef,0xf4,0x50,0x00,0x04,0x00,
    0x00,0x04,0x00,0x59,0xff,0xff,0x24,0x00,0x00,0x00,0x00,0x00,0x00,0x00,0x00,0x24,0xff,0xff,0x59,0x00,0x04,0x00,0x00,0x02,0x00,0x22,0x69,0x67,0x0f,0x01,0x02,0x00,0x00,0x00,0x00,0x02,0x01,0x0f,0x67,0x69,0x22,0x00,0x02,0x00,

};

const lv_image_dsc_t emoji_invader_22 = {
  .header.magic = LV_IMAGE_HEADER_MAGIC,
  .header.cf = LV_COLOR_FORMAT_RGB565A8,
  .header.flags = 0,
  .header.w = 22,
  .header.h = 22,
  .header.stride = 44,
  .data_size = sizeof(emoji_invader_22_map),
  .data = emoji_invader_22_map,
};




#ifndef LV_ATTRIBUTE_MEM_ALIGN
#define LV_ATTRIBUTE_MEM_ALIGN
#endif

#ifndef LV_ATTRIBUTE_EMOJI_DAGGER_22
#define LV_ATTRIBUTE_EMOJI_DAGGER_22
#endif

static const
LV_ATTRIBUTE_MEM_ALIGN LV_ATTRIBUTE_LARGE_CONST LV_ATTRIBUTE_EMOJI_DAGGER_22
uint8_t emoji_dagger_22_map[] = {

    0x00,0x00,0x00,0x00,0x00,0x00,0x00,0x00,0x00,0x00,0x00,0x00,0x00,0x00,0x00,0x00,0x00,0x00,0x00,0x00,0x00,0x00,0x00,0x00,0x00,0x00,0x00,0x00,0x00,0x00,0x00,0x00,0x00,0x00,0x00,0x00,0x26,0x8a,0x46,0x92,0x26,0x8a,0x00,0x00,
    0x00,0x00,0x00,0x00,0x00,0x00,0x00,0x00,0x00,0x00,0x00,0x00,0x00,0x00,0x00,0x00,0x00,0x00,0x00,0x00,0x00,0x00,0x00,0x00,0x00,0x00,0x00,0x00,0x00,0x00,0xef,0x7b,0x00,0x00,0xe6,0x81,0x46,0x92,0x46,0x92,0x46,0x8a,0x26,0x8a,
    0x00,0x00,0x00,0x00,0x00,0x00,0x00,0x00,0x00,0x00,0x00,0x00,0x00,0x00,0x00,0x00,0x00,0xf8,0xe7,0xfd,0xe7,0xfd,0x00,0x00,0x00,0x00,0x00,0x00,0x00,0xf8,0x64,0xdb,0x85,0xfd,0xa6,0xc3,0xe6,0x81,0x26,0x8a,0x26,0x8a,0x26,0x8a,
    0x00,0x00,0x00,0x00,0x00,0x00,0x00,0x00,0x00,0x00,0x00,0x00,0x00,0x00,0x00,0x00,0x00,0x00,0x00,0x00,0x00,0x00,0x00,0x00,0x00,0x00,0xef,0xfb,0x00,0x00,0xff,0xff,0x4a,0xf5,0xc6,0xfd,0x86,0xbb,0xe6,0x81,0x46,0x8a,0x26,0x8a,
    0x00,0x00,0x00,0x00,0x00,0x00,0x00,0x00,0x00,0x00,0x00,0x00,0xe0,0xff,0x00,0xf8,0x47,0xfd,0x66,0xfd,0x66,0xfd,0x84,0xdc,0xe0,0xfb,0x00,0xf8,0x00,0x00,0x8b,0xc3,0x4e,0xd4,0xe9,0xec,0xa5,0xfd,0x86,0xbb,0x06,0x8a,0x46,0x8a,
    0x00,0x00,0x00,0x00,0x00,0x00,0x00,0x00,0x00,0x00,0x00,0x00,0xe7,0xfd,0x00,0x00,0x66,0xfd,0xa9,0xfe,0x89,0xfe,0x46,0xfd,0x00,0x00,0xff,0xff,0x6e,0xd4,0xec,0xd3,0x4a,0xbb,0x2a,0xbb,0x88,0xe4,0x06,0xfe,0x06,0xcc,0x00,0x00,
    0x00,0x00,0x00,0x00,0x00,0x00,0x00,0x00,0x00,0x00,0x00,0x00,0xe7,0xfd,0x00,0x00,0x46,0xfd,0xc9,0xfe,0x69,0xfe,0x66,0xfd,0x28,0xcc,0xac,0xc3,0xcf,0xe4,0xcf,0xd4,0xf0,0xdc,0xf0,0xe4,0xed,0xcb,0x86,0xfd,0xe7,0xfe,0x00,0xf8,
    0x00,0x00,0x00,0x00,0x00,0x00,0x00,0x00,0x00,0x00,0x00,0x00,0xe0,0xff,0x00,0x00,0x69,0xfd,0x45,0xfd,0x24,0xfd,0xa6,0xfd,0xe7,0xf4,0x8b,0xcb,0x2a,0xbb,0x2a,0xbb,0xcc,0xd3,0x2d,0xd4,0x00,0x00,0x00,0x00,0x00,0x00,0x00,0x00,
    0x00,0x00,0x00,0x00,0x00,0x00,0x00,0x00,0x00,0x00,0x00,0x00,0x00,0x00,0xf7,0xbd,0x00,0x00,0xff,0x2f,0xb9,0xd6,0xca,0xf5,0x64,0xfd,0x49,0xf5,0xaf,0xd4,0xcf,0xe4,0xcb,0xcb,0x00,0x00,0xaa,0xaa,0xe7,0xfd,0xe0,0xff,0x00,0x00,
    0x00,0x00,0x00,0x00,0x00,0x00,0x00,0x00,0x00,0x00,0x00,0x00,0xf7,0xbd,0x00,0x00,0x7a,0xce,0xfc,0xd6,0x3e,0xd7,0x99,0xd6,0x89,0xf5,0x64,0xfd,0x49,0xf5,0x6d,0xd4,0x00,0x00,0x4a,0xfd,0xff,0xff,0x00,0x00,0x00,0x00,0x00,0x00,
    0x00,0x00,0x00,0x00,0x00,0x00,0x00,0x00,0x00,0x00,0xf7,0xbd,0x00,0x00,0xbb,0xce,0xfc,0xd6,0xfc,0xd6,0xbb,0xce,0x9b,0xc6,0x96,0xad,0x48,0xed,0xa5,0xfd,0x65,0xfd,0x83,0xfc,0x00,0x00,0x00,0x00,0x00,0x00,0x00,0x00,0x00,0x00,
    0x00,0x00,0x00,0x00,0x00,0x00,0x00,0x00,0xff,0xbd,0x00,0x00,0xbb,0xce,0x1d,0xdf,0xbb,0xce,0xbb,0xce,0x9b,0xc6,0x76,0xa5,0x36,0x95,0x55,0xa5,0x48,0xf5,0xa6,0xfd,0xa7,0xfd,0x66,0xfd,0xc6,0xfc,0xe0,0xff,0x00,0x00,0x00,0x00,
    0x00,0x00,0x00,0x00,0x00,0x00,0xf7,0xbd,0x00,0x00,0x9b,0xce,0x1d,0xdf,0xbb,0xce,0xbb,0xce,0x9b,0xc6,0x77,0x9d,0x36,0x95,0xb7,0xa5,0x57,0x95,0x2b,0xdd,0xa7,0xfd,0xaa,0xfe,0x48,0xfe,0xe5,0xfc,0x00,0x00,0x40,0xfd,0x00,0x00,
    0x00,0x00,0x00,0x00,0x55,0xad,0x00,0x00,0x9b,0xce,0xfc,0xd6,0xbb,0xce,0xbb,0xce,0x9b,0xc6,0x77,0x9d,0x36,0x95,0x97,0x9d,0x76,0x9d,0x34,0xa5,0x00,0x00,0x66,0xfd,0x89,0xfe,0xa7,0xfd,0xe4,0xfc,0xe0,0xff,0xe0,0xff,0x00,0x00,
    0x00,0x00,0xff,0x7f,0xff,0xff,0xdb,0xce,0xdc,0xce,0xdc,0xd6,0xbb,0xce,0x9b,0xc6,0x77,0x9d,0x36,0x95,0x76,0x9d,0x97,0x9d,0x56,0x9d,0x00,0x00,0x55,0xfd,0xc0,0xfc,0x86,0xfd,0xa4,0xfc,0x00,0x00,0xe0,0xff,0x00,0x00,0x00,0x00,
    0x00,0x00,0x55,0xad,0x00,0x00,0xbb,0xce,0x1d,0xdf,0xbb,0xce,0x9b,0xc6,0x77,0x9d,0x36,0x95,0x76,0x9d,0x97,0xa5,0x56,0x95,0x00,0x00,0xf7,0x7b,0x00,0x00,0x00,0x00,0x00,0x00,0x00,0x00,0x00,0xf8,0x00,0x00,0x00,0x00,0x00,0x00,
    0xff,0xaf,0x00,0x00,0xbb,0xce,0x1d,0xd7,0xdb,0xce,0x9b,0xc6,0x77,0xa5,0x36,0x95,0x77,0x9d,0x97,0x9d,0x36,0x9d,0x00,0x00,0xf7,0x7d,0x00,0x00,0x00,0x00,0x00,0xf8,0x4a,0xfd,0xe0,0xfb,0x00,0x00,0x00,0x00,0x00,0x00,0x00,0x00,
    0xff,0xff,0xbb,0xb5,0xbb,0xce,0x1c,0xd7,0x9a,0xc6,0x77,0x9d,0x36,0x95,0xb7,0xa5,0x76,0x9d,0x56,0x95,0x00,0x00,0xf7,0x7b,0x00,0x00,0x00,0x00,0x00,0x00,0x00,0x00,0x00,0x00,0x00,0x00,0x00,0x00,0x00,0x00,0x00,0x00,0x00,0x00,
    0x00,0x00,0x9b,0xce,0x3d,0xdf,0x9a,0xc6,0x76,0x9d,0x56,0x9d,0xb8,0xa5,0x77,0x9d,0x15,0x9d,0x00,0x00,0xf7,0x7d,0x00,0x00,0x00,0x00,0x00,0x00,0x00,0x00,0x00,0x00,0x00,0x00,0x00,0x00,0x00,0x00,0x00,0x00,0x00,0x00,0x00,0x00,
    0x00,0x00,0xdb,0xd6,0xfc,0xd6,0x97,0xa5,0xb7,0xa5,0x77,0x9d,0x76,0x9d,0xef,0x7b,0x00,0x00,0x55,0xad,0x00,0x00,0x00,0x00,0x00,0x00,0x00,0x00,0x00,0x00,0x00,0x00,0x00,0x00,0x00,0x00,0x00,0x00,0x00,0x00,0x00,0x00,0x00,0x00,
    0xfd,0xd6,0x9b,0xc6,0xd8,0xa5,0x56,0x9d,0x77,0xa5,0x16,0x9d,0x00,0x00,0x00,0x00,0xef,0x7b,0x00,0x00,0x00,0x00,0x00,0x00,0x00,0x00,0x00,0x00,0x00,0x00,0x00,0x00,0x00,0x00,0x00,0x00,0x00,0x00,0x00,0x00,0x00,0x00,0x00,0x00,
    0x5a,0xc6,0xd8,0xad,0x56,0x95,0xd8,0xad,0x00,0x00,0x00,0x00,0x55,0xad,0x00,0x00,0x00,0x00,0x00,0x00,0x00,0x00,0x00,0x00,0x00,0x00,0x00,0x00,0x00,0x00,0x00,0x00,0x00,0x00,0x00,0x00,0x00,0x00,0x00,0x00,0x00,0x00,0x00,0x00,
    0x00,0x00,0x00,0x00,0x00,0x00,0x00,0x00,0x00,0x00,0x00,0x00,0x00,0x00,0x00,0x01,0x01,0x00,0x50,0x7d,0x48,0x00,0x00,0x00,0x00,0x00,0x00,0x00,0x00,0x00,0x00,0x00,0x00,0x00,0x00,0x00,0x00,0x02,0x00,0x7b,0xff,0xff,0xff,0x75,
    0x00,0x00,0x00,0x00,0x00,0x00,0x00,0x00,0x01,0x04,0x04,0x01,0x00,0x00,0x01,0x07,0xb7,0xff,0xfd,0xfa,0xff,0xf0,0x00,0x00,0x00,0x00,0x00,0x00,0x00,0x00,0x00,0x00,0x00,0x00,0x00,0x02,0x00,0x04,0xdd,0xff,0xfd,0xfe,0xff,0xee,
    0x00,0x00,0x00,0x00,0x00,0x00,0x01,0x01,0x09,0x79,0x72,0x07,0x02,0x01,0x01,0xa3,0xfd,0xfc,0xfd,0xfa,0xfd,0x78,0x00,0x00,0x00,0x00,0x00,0x00,0x04,0x00,0x82,0xff,0xff,0x65,0x00,0x03,0xa5,0xff,0xfd,0xfd,0xff,0xff,0x79,0x00,
    0x00,0x00,0x00,0x00,0x00,0x00,0x04,0x00,0x84,0xff,0xff,0xcb,0x1b,0xa3,0xff,0xfa,0xfb,0xff,0x92,0x58,0x16,0x01,0x00,0x00,0x00,0x00,0x00,0x00,0x01,0x00,0x10,0x74,0xcc,0xff,0xe9,0xff,0xfd,0xfb,0xff,0x93,0x00,0x00,0x00,0x00,
    0x00,0x00,0x00,0x00,0x00,0x00,0x00,0x04,0x00,0x06,0xad,0xfd,0xff,0xfd,0xfd,0xff,0x94,0x00,0x03,0x04,0x01,0x00,0x00,0x00,0x00,0x00,0x00,0x00,0x04,0x00,0x41,0xe2,0xff,0xfe,0xfe,0xfc,0xfe,0x92,0x00,0x06,0x01,0x00,0x00,0x00,
    0x00,0x00,0x00,0x00,0x00,0x04,0x00,0x64,0xfa,0xff,0xfc,0xff,0xff,0xfc,0xff,0xb1,0x13,0x00,0x00,0x00,0x00,0x00,0x00,0x00,0x00,0x00,0x04,0x00,0x72,0xff,0xfe,0xfd,0xff,0xff,0xfe,0xff,0xed,0xff,0xe3,0x8e,0x05,0x01,0x00,0x00,
    0x00,0x00,0x00,0x04,0x00,0x69,0xff,0xfb,0xfe,0xff,0xff,0xfc,0xff,0xb2,0x25,0xef,0xff,0xff,0x3a,0x00,0x03,0x00,0x00,0x00,0x03,0x00,0x46,0xfe,0xfc,0xfe,0xff,0xff,0xfd,0xff,0xea,0x1d,0x00,0xa0,0xff,0xdd,0x1a,0x01,0x01,0x00,
    0x00,0x02,0x01,0x1c,0xe9,0xfe,0xfd,0xff,0xff,0xfd,0xfd,0xfa,0x42,0x00,0x03,0x05,0x44,0x1b,0x00,0x01,0x00,0x00,0x00,0x03,0x00,0xb4,0xff,0xfb,0xff,0xff,0xfd,0xfd,0xff,0x5b,0x00,0x04,0x00,0x00,0x00,0x00,0x01,0x00,0x00,0x00,
    0x03,0x00,0x4f,0xff,0xfb,0xff,0xff,0xfc,0xff,0xfd,0x5f,0x00,0x04,0x00,0x00,0x01,0x03,0x02,0x00,0x00,0x00,0x00,0x01,0x07,0xd6,0xfe,0xfd,0xfe,0xfb,0xff,0xed,0x4a,0x00,0x04,0x00,0x00,0x00,0x00,0x00,0x00,0x00,0x00,0x00,0x00,
    0x00,0x55,0xff,0xfb,0xfb,0xff,0xff,0xc0,0x26,0x00,0x04,0x00,0x00,0x00,0x00,0x00,0x00,0x00,0x00,0x00,0x00,0x00,0x00,0xb9,0xfc,0xff,0xff,0xed,0x78,0x04,0x00,0x03,0x00,0x00,0x00,0x00,0x00,0x00,0x00,0x00,0x00,0x00,0x00,0x00,
    0x2d,0xff,0xff,0xe3,0x89,0x1c,0x00,0x00,0x02,0x00,0x00,0x00,0x00,0x00,0x00,0x00,0x00,0x00,0x00,0x00,0x00,0x00,0x77,0xce,0x6a,0x16,0x00,0x00,0x03,0x01,0x00,0x00,0x00,0x00,0x00,0x00,0x00,0x00,0x00,0x00,0x00,0x00,0x00,0x00,

};

const lv_image_dsc_t emoji_dagger_22 = {
  .header.magic = LV_IMAGE_HEADER_MAGIC,
  .header.cf = LV_COLOR_FORMAT_RGB565A8,
  .header.flags = 0,
  .header.w = 22,
  .header.h = 22,
  .header.stride = 44,
  .data_size = sizeof(emoji_dagger_22_map),
  .data = emoji_dagger_22_map,
};




#ifndef LV_ATTRIBUTE_MEM_ALIGN
#define LV_ATTRIBUTE_MEM_ALIGN
#endif

#ifndef LV_ATTRIBUTE_EMOJI_MOUNTAIN_22
#define LV_ATTRIBUTE_EMOJI_MOUNTAIN_22
#endif

static const
LV_ATTRIBUTE_MEM_ALIGN LV_ATTRIBUTE_LARGE_CONST LV_ATTRIBUTE_EMOJI_MOUNTAIN_22
uint8_t emoji_mountain_22_map[] = {

    0x00,0x00,0x00,0x00,0x00,0x00,0x00,0x00,0x00,0x00,0x00,0x00,0x00,0x00,0x00,0x00,0x00,0x00,0x0f,0x00,0x00,0x00,0x00,0x00,0x00,0x00,0x00,0x00,0x00,0x00,0x00,0x00,0x00,0x00,0x00,0x00,0x00,0x00,0x00,0x00,0x00,0x00,0x00,0x00,
    0x00,0x00,0x00,0x00,0x00,0x00,0x00,0x00,0x00,0x00,0x00,0x00,0x00,0x00,0x00,0x00,0xaa,0x52,0x00,0x00,0x4a,0x42,0xc8,0x31,0x00,0x00,0xaa,0x52,0x00,0x00,0x00,0x00,0x00,0x00,0x00,0x00,0x00,0x00,0x00,0x00,0x00,0x00,0x00,0x00,
    0x00,0x00,0x00,0x00,0x00,0x00,0x00,0x00,0x00,0x00,0x00,0x00,0x00,0x00,0xef,0x7b,0x00,0x00,0x8b,0x4a,0xab,0x4a,0xe8,0x31,0xe3,0x18,0x00,0x00,0x00,0x00,0x00,0x00,0x00,0x00,0x00,0x00,0x00,0x00,0x00,0x00,0x00,0x00,0x00,0x00,
    0x00,0x00,0x00,0x00,0x00,0x00,0x00,0x00,0x00,0x00,0x00,0x00,0x00,0x00,0xef,0x7b,0xeb,0x39,0xab,0x4a,0xcc,0x52,0x29,0x3a,0x65,0x21,0x86,0x31,0xaa,0x52,0x00,0x00,0x00,0x00,0x00,0x00,0x00,0x00,0x00,0x00,0x00,0x00,0x00,0x00,
    0x00,0x00,0x00,0x00,0x00,0x00,0x00,0x00,0x00,0x00,0x00,0x00,0xaa,0x52,0x00,0x00,0x8b,0x4a,0xcc,0x52,0xab,0x4a,0x8b,0x42,0xa7,0x29,0x66,0x29,0x00,0x00,0xe7,0x39,0x00,0x00,0x00,0x00,0x00,0x00,0x00,0x00,0x00,0x00,0x00,0x00,
    0x00,0x00,0x00,0x00,0x00,0x00,0x00,0x00,0x00,0x00,0xaa,0x52,0x00,0x00,0x8b,0x4a,0xcc,0x52,0xab,0x4a,0xab,0x4a,0xab,0x4a,0xc7,0x31,0x86,0x29,0x86,0x29,0x00,0x00,0xaa,0x52,0x00,0x00,0x00,0x00,0x00,0x00,0x00,0x00,0x00,0x00,
    0x00,0x00,0x00,0x00,0x00,0x00,0x00,0x00,0xef,0x7b,0x00,0x00,0x8b,0x4a,0xab,0x4a,0xab,0x4a,0xab,0x4a,0xab,0x4a,0xab,0x4a,0xc7,0x31,0x66,0x21,0x86,0x29,0x66,0x29,0x00,0x00,0x00,0x00,0x00,0x00,0x00,0x00,0x00,0x00,0x00,0x00,
    0x00,0x00,0x00,0x00,0x00,0x00,0x00,0x00,0x86,0x31,0x00,0x00,0xab,0x4a,0xcc,0x52,0xab,0x4a,0x8b,0x4a,0xac,0x4a,0x09,0x3a,0x09,0x3a,0xa7,0x29,0x66,0x21,0x86,0x29,0x66,0x29,0x29,0x21,0xef,0x7b,0x00,0x00,0x00,0x00,0x00,0x00,
    0x00,0x00,0x00,0x00,0x00,0x00,0xe7,0x39,0x00,0x00,0x65,0x21,0x6a,0x42,0xac,0x4a,0x8b,0x4a,0xac,0x4a,0x4a,0x42,0xc8,0x31,0xcc,0x4a,0x49,0x42,0x66,0x21,0x66,0x29,0x87,0x29,0x86,0x21,0x00,0x00,0xaa,0x52,0x00,0x00,0x00,0x00,
    0x00,0x00,0x00,0x00,0xaa,0x02,0x00,0x00,0xa5,0x10,0x86,0x29,0x8b,0x4a,0xab,0x4a,0xab,0x4a,0x8b,0x4a,0xc7,0x31,0x8b,0x4a,0xab,0x4a,0xab,0x4a,0xe8,0x31,0x66,0x21,0x86,0x29,0x66,0x29,0x00,0x00,0xef,0x7b,0x00,0x00,0x00,0x00,
    0x00,0x00,0x00,0x00,0x00,0x00,0xa6,0x29,0x66,0x21,0xc8,0x31,0xab,0x4a,0x8b,0x4a,0xab,0x4a,0xe8,0x31,0x29,0x3a,0xac,0x4a,0x8b,0x4a,0xac,0x4a,0x09,0x3a,0x66,0x21,0x86,0x29,0x66,0x29,0xa6,0x29,0x00,0x00,0x00,0x00,0x00,0x00,
    0x00,0x00,0x00,0x00,0x66,0x21,0x86,0x29,0x66,0x29,0x08,0x3a,0xac,0x4a,0xab,0x4a,0x6a,0x42,0xc7,0x31,0xab,0x4a,0xab,0x4a,0xab,0x4a,0xab,0x4a,0xa7,0x31,0x66,0x29,0x66,0x29,0x86,0x29,0x66,0x29,0xaa,0x52,0x86,0x31,0x00,0x00,
    0x00,0x00,0x45,0x29,0x66,0x29,0x86,0x29,0x66,0x29,0x6a,0x42,0xab,0x4a,0xac,0x4a,0x09,0x3a,0xc8,0x31,0xac,0x4a,0x8b,0x4a,0xab,0x4a,0x4a,0x42,0xa7,0x29,0x29,0x3a,0x66,0x29,0x86,0x29,0x66,0x29,0x00,0x00,0x00,0x00,0x00,0x00,
    0x00,0x00,0x66,0x21,0x86,0x29,0x65,0x21,0xe8,0x31,0xac,0x4a,0x8b,0x4a,0xab,0x4a,0xa7,0x31,0xe8,0x39,0xac,0x4a,0x8b,0x4a,0xac,0x4a,0xe8,0x39,0xc7,0x31,0xac,0x4a,0xa7,0x29,0x66,0x29,0x66,0x29,0x86,0x29,0xe7,0x39,0x00,0x00,
    0x00,0x00,0x86,0x29,0x86,0x29,0x86,0x29,0x8b,0x4a,0xab,0x4a,0xab,0x4a,0x8b,0x4a,0x66,0x29,0x29,0x3a,0xac,0x4a,0x8b,0x4a,0xab,0x4a,0xa7,0x29,0x09,0x3a,0xcc,0x52,0xe8,0x31,0x66,0x21,0x66,0x29,0xa7,0x29,0x66,0x29,0xe7,0x39,
    0x00,0x00,0x86,0x29,0x66,0x29,0x09,0x3a,0xac,0x4a,0x8b,0x4a,0xac,0x4a,0x29,0x3a,0x45,0x21,0x4a,0x42,0xab,0x4a,0xab,0x4a,0x6a,0x42,0x66,0x29,0x6a,0x42,0xcc,0x4a,0x49,0x42,0x66,0x21,0x66,0x29,0x66,0x29,0x86,0x29,0x66,0x29,
    0x4a,0x29,0x66,0x29,0xa7,0x29,0x8b,0x4a,0xab,0x4a,0xab,0x4a,0xab,0x4a,0xc7,0x31,0x66,0x21,0x6a,0x42,0xab,0x4a,0xab,0x4a,0x8b,0x4a,0x86,0x29,0x29,0x3a,0xac,0x4a,0x8b,0x42,0x86,0x29,0x66,0x29,0x66,0x29,0x86,0x29,0x66,0x29,
    0x86,0x29,0x66,0x21,0x29,0x3a,0xac,0x4a,0x8b,0x4a,0xac,0x4a,0x4a,0x42,0x66,0x21,0x86,0x29,0x8b,0x4a,0xab,0x4a,0x8b,0x4a,0xcc,0x4a,0xe8,0x31,0x86,0x29,0xab,0x4a,0x6a,0x42,0x66,0x29,0x66,0x29,0x86,0x29,0x86,0x29,0x66,0x29,
    0x65,0x21,0xa7,0x31,0x6b,0x4a,0x8b,0x4a,0xab,0x4a,0x8b,0x4a,0x87,0x29,0x25,0x21,0x87,0x29,0x8b,0x4a,0xab,0x4a,0x8b,0x4a,0x8c,0x4a,0x4a,0x42,0x45,0x21,0xe9,0x39,0x09,0x3a,0x45,0x21,0x66,0x29,0x46,0x21,0x66,0x29,0x66,0x29,
    0x25,0x21,0x69,0x42,0x8a,0x53,0x2a,0x4b,0xcb,0x4a,0x49,0x3a,0xe6,0x31,0x86,0x3a,0xa7,0x3a,0xeb,0x4a,0xab,0x4a,0xcb,0x4a,0x6a,0x53,0x08,0x5c,0xe7,0x53,0xa7,0x3a,0xc7,0x31,0x86,0x29,0xa6,0x29,0xe6,0x31,0x26,0x32,0x66,0x29,
    0x07,0x32,0x48,0x5c,0xa7,0x5c,0x87,0x5c,0x48,0x5c,0x27,0x54,0x87,0x5c,0xa8,0x5c,0xa7,0x5c,0x68,0x5c,0x28,0x5c,0x68,0x5c,0xa7,0x5c,0x87,0x5c,0xa8,0x5c,0xa7,0x5c,0x47,0x5c,0x07,0x54,0x47,0x5c,0x87,0x5c,0xa8,0x64,0x07,0x43,
    0xe7,0x53,0xa7,0x5c,0x68,0x5c,0x87,0x5c,0x87,0x5c,0x87,0x5c,0x87,0x5c,0x67,0x5c,0x67,0x5c,0x87,0x5c,0x87,0x5c,0x87,0x5c,0x67,0x5c,0x67,0x5c,0x67,0x5c,0x67,0x5c,0x87,0x5c,0x87,0x5c,0x87,0x5c,0x67,0x5c,0x87,0x5c,0x47,0x5c,
    0x00,0x00,0x00,0x00,0x00,0x00,0x00,0x00,0x00,0x02,0x00,0x00,0x01,0x00,0x00,0x00,0x00,0x00,0x00,0x00,0x00,0x00,0x00,0x00,0x00,0x00,0x00,0x00,0x00,0x00,0x03,0x00,0x3b,0x3b,0x00,0x03,0x00,0x00,0x00,0x00,0x00,0x00,0x00,0x00,
    0x00,0x00,0x00,0x00,0x00,0x00,0x00,0x02,0x00,0x1c,0xed,0xea,0x1a,0x00,0x02,0x00,0x00,0x00,0x00,0x00,0x00,0x00,0x00,0x00,0x00,0x00,0x00,0x00,0x01,0x02,0x08,0xc8,0xff,0xff,0xc2,0x05,0x03,0x01,0x00,0x00,0x00,0x00,0x00,0x00,
    0x00,0x00,0x00,0x00,0x00,0x01,0x03,0x00,0xa4,0xff,0xfb,0xfb,0xff,0x99,0x00,0x04,0x01,0x00,0x00,0x00,0x00,0x00,0x00,0x00,0x00,0x00,0x00,0x03,0x00,0x7b,0xff,0xfa,0xff,0xff,0xfb,0xff,0x74,0x00,0x03,0x01,0x00,0x00,0x00,0x00,
    0x00,0x00,0x00,0x00,0x02,0x02,0x23,0xfd,0xfd,0xfe,0xff,0xff,0xff,0xfc,0xff,0x82,0x00,0x01,0x01,0x00,0x00,0x00,0x00,0x00,0x00,0x00,0x05,0x00,0x6a,0xff,0xfb,0xff,0xff,0xff,0xff,0xfe,0xfc,0xff,0x9d,0x07,0x02,0x00,0x00,0x00,
    0x00,0x00,0x00,0x04,0x00,0x34,0xe5,0xfd,0xfe,0xff,0xff,0xff,0xff,0xff,0xff,0xfa,0xff,0x54,0x00,0x03,0x00,0x00,0x00,0x00,0x03,0x00,0x0c,0xdc,0xff,0xfd,0xff,0xff,0xff,0xff,0xff,0xff,0xff,0xfb,0xfd,0xad,0x00,0x02,0x00,0x00,
    0x00,0x02,0x00,0x13,0xb6,0xff,0xfc,0xff,0xff,0xff,0xff,0xff,0xff,0xff,0xff,0xfe,0xff,0xf1,0x18,0x00,0x01,0x00,0x02,0x00,0x2e,0xd7,0xff,0xfc,0xff,0xff,0xff,0xff,0xff,0xff,0xff,0xff,0xff,0xff,0xfc,0xff,0x63,0x03,0x05,0x00,
    0x01,0x0c,0xe1,0xff,0xfb,0xff,0xff,0xff,0xff,0xff,0xff,0xff,0xff,0xff,0xff,0xff,0xfc,0xff,0xba,0x00,0x01,0x01,0x00,0x3b,0xff,0xfc,0xff,0xff,0xff,0xff,0xff,0xff,0xff,0xff,0xff,0xff,0xff,0xff,0xff,0xfe,0xfa,0x7a,0x04,0x01,
    0x00,0x74,0xfe,0xfb,0xff,0xff,0xff,0xff,0xff,0xff,0xff,0xff,0xff,0xff,0xff,0xff,0xff,0xff,0xfd,0xff,0xab,0x04,0x00,0xaa,0xff,0xfc,0xff,0xff,0xff,0xff,0xff,0xff,0xff,0xff,0xff,0xff,0xff,0xff,0xff,0xff,0xfe,0xfb,0xff,0x3e,
    0x06,0xd7,0xff,0xfd,0xff,0xff,0xff,0xff,0xff,0xff,0xff,0xff,0xff,0xff,0xff,0xff,0xff,0xff,0xff,0xfc,0xfe,0x6f,0x29,0xf8,0xff,0xfe,0xff,0xff,0xff,0xff,0xff,0xff,0xff,0xff,0xff,0xff,0xff,0xff,0xff,0xff,0xff,0xfc,0xff,0x8b,
    0x59,0xff,0xfd,0xff,0xff,0xff,0xff,0xff,0xff,0xff,0xff,0xff,0xff,0xff,0xff,0xff,0xff,0xff,0xff,0xfc,0xff,0xad,0x91,0xff,0xfc,0xff,0xff,0xff,0xff,0xff,0xff,0xff,0xff,0xff,0xff,0xff,0xff,0xff,0xff,0xff,0xff,0xfd,0xff,0xcc,
    0xc7,0xff,0xfd,0xff,0xff,0xff,0xff,0xff,0xff,0xff,0xff,0xff,0xff,0xff,0xff,0xff,0xff,0xff,0xff,0xfe,0xff,0xe6,0xf1,0xff,0xff,0xff,0xff,0xff,0xff,0xff,0xff,0xff,0xff,0xff,0xff,0xff,0xff,0xff,0xff,0xff,0xff,0xff,0xff,0xfb,

};

const lv_image_dsc_t emoji_mountain_22 = {
  .header.magic = LV_IMAGE_HEADER_MAGIC,
  .header.cf = LV_COLOR_FORMAT_RGB565A8,
  .header.flags = 0,
  .header.w = 22,
  .header.h = 22,
  .header.stride = 44,
  .data_size = sizeof(emoji_mountain_22_map),
  .data = emoji_mountain_22_map,
};




#ifndef LV_ATTRIBUTE_MEM_ALIGN
#define LV_ATTRIBUTE_MEM_ALIGN
#endif

#ifndef LV_ATTRIBUTE_EMOJI_END_ARROW_22
#define LV_ATTRIBUTE_EMOJI_END_ARROW_22
#endif

static const
LV_ATTRIBUTE_MEM_ALIGN LV_ATTRIBUTE_LARGE_CONST LV_ATTRIBUTE_EMOJI_END_ARROW_22
uint8_t emoji_end_arrow_22_map[] = {

    0x00,0x00,0x00,0x00,0xe7,0x39,0x00,0x00,0x00,0x00,0xa7,0x31,0xc8,0x31,0xa7,0x31,0x00,0x00,0x00,0x00,0x00,0x00,0x00,0x00,0x00,0x00,0x00,0x00,0x00,0x00,0x00,0x00,0x00,0x00,0x00,0x00,0x00,0x00,0x00,0x00,0x00,0x00,0x00,0x00,
    0x00,0x00,0xaa,0x52,0x00,0x00,0x67,0x29,0xc7,0x31,0xa7,0x31,0xe8,0x31,0xa7,0x31,0xa7,0x31,0xc7,0x31,0xa7,0x31,0xa7,0x31,0xa7,0x31,0xa7,0x31,0xa7,0x31,0xa7,0x31,0xa7,0x31,0xa7,0x31,0xa7,0x31,0xc7,0x31,0xa7,0x31,0xc7,0x29,
    0x00,0x00,0x00,0x00,0xa7,0x31,0xc7,0x31,0xc8,0x31,0xa7,0x31,0xa7,0x31,0xa7,0x31,0xc7,0x31,0xc7,0x31,0xc7,0x31,0xc7,0x31,0xc7,0x31,0xc7,0x31,0xc7,0x31,0xc7,0x31,0xc7,0x31,0xc7,0x31,0xc7,0x31,0xc7,0x31,0xc7,0x31,0xa7,0x31,
    0x87,0x31,0xc7,0x31,0xc8,0x31,0xc7,0x31,0xa7,0x31,0xa7,0x31,0xa7,0x31,0xa7,0x31,0xa7,0x31,0xa7,0x31,0xa7,0x31,0xa7,0x31,0xa7,0x31,0xa7,0x31,0xa7,0x31,0xa7,0x31,0xa7,0x31,0xa7,0x31,0xa7,0x31,0xa7,0x31,0xa7,0x31,0xc7,0x31,
    0xa7,0x31,0xc8,0x31,0xa7,0x31,0xa7,0x31,0xa7,0x31,0xa7,0x31,0xa7,0x31,0xa7,0x31,0xa7,0x31,0xa7,0x31,0xa7,0x31,0xa7,0x31,0xa7,0x31,0xa7,0x31,0xa7,0x31,0xa7,0x31,0xa7,0x31,0xa7,0x31,0xa7,0x31,0xa7,0x31,0xa7,0x31,0xa7,0x31,
    0xa7,0x31,0xa7,0x31,0xc8,0x31,0xa7,0x31,0xa7,0x31,0xa7,0x31,0xa7,0x31,0xa7,0x31,0xa7,0x31,0xa7,0x31,0xa7,0x31,0xa7,0x31,0xa7,0x31,0xa7,0x31,0xa7,0x31,0xa7,0x31,0xa7,0x31,0xa7,0x31,0xa7,0x31,0xa7,0x31,0xa7,0x31,0xa7,0x31,
    0x00,0x00,0xc7,0x29,0xc7,0x31,0xc8,0x31,0xa7,0x31,0xa7,0x31,0xa7,0x31,0xa7,0x31,0xc7,0x31,0xc7,0x31,0xc7,0x31,0xc7,0x31,0xc7,0x31,0xc7,0x31,0xc7,0x31,0xc7,0x31,0xc7,0x31,0xc7,0x31,0xc7,0x31,0xc7,0x31,0xc7,0x31,0xc8,0x31,
    0xe7,0x39,0x00,0x00,0xe7,0x38,0xc7,0x31,0xc7,0x31,0xc7,0x31,0xa7,0x31,0xa7,0x31,0xa7,0x31,0xa7,0x31,0xa7,0x31,0xa7,0x31,0xa7,0x31,0xa7,0x31,0xa7,0x31,0xa7,0x31,0xa7,0x31,0xa7,0x31,0xa7,0x31,0xa7,0x31,0xa7,0x31,0xa7,0x31,
    0x00,0x00,0x0f,0x00,0x00,0x00,0x00,0x00,0xa7,0x29,0xa7,0x31,0xe8,0x39,0xa7,0x31,0xa8,0x31,0xc7,0x31,0xc7,0x29,0xc7,0x29,0xc7,0x29,0xc7,0x29,0xc7,0x29,0xc7,0x29,0xc7,0x29,0xc7,0x29,0xc7,0x29,0xa6,0x29,0x87,0x31,0x00,0x00,
    0x00,0x00,0x00,0x00,0x00,0x00,0xe7,0x39,0x00,0x00,0xe7,0x19,0xc8,0x31,0xa7,0x31,0x00,0x00,0x00,0x00,0x00,0x00,0x00,0x00,0x00,0x00,0x00,0x00,0x00,0x00,0x00,0x00,0x00,0x00,0x00,0x00,0x00,0x00,0x00,0x00,0x00,0x00,0x00,0x00,
    0x00,0x00,0xef,0x03,0xef,0x03,0xef,0x03,0xe7,0x39,0x00,0x00,0x00,0x00,0x00,0x00,0x00,0x00,0x00,0x00,0x00,0x00,0x00,0x00,0xe7,0x39,0x00,0x00,0x00,0x00,0xaa,0x52,0xe7,0x39,0xe7,0x39,0xaa,0x52,0x00,0x00,0x00,0x00,0x00,0x00,
    0x00,0x00,0x00,0x00,0x00,0x00,0x00,0x00,0x00,0x00,0x00,0x00,0x00,0x00,0x00,0x00,0x00,0x00,0x00,0x00,0x00,0x00,0x00,0x00,0x00,0x00,0x00,0x00,0x00,0x00,0x00,0x00,0x00,0x00,0x00,0x00,0x00,0x00,0x00,0x00,0xaa,0x02,0x00,0x00,
    0xc7,0x29,0xa7,0x31,0xa7,0x29,0xc8,0x31,0xc7,0x29,0x00,0x00,0xc7,0x31,0x65,0x29,0x00,0x00,0x00,0x00,0x00,0x00,0x86,0x31,0xc7,0x29,0x86,0x31,0x00,0x00,0xa7,0x31,0xc7,0x31,0xc7,0x31,0xc7,0x31,0x00,0x00,0x00,0x00,0x00,0x00,
    0xa7,0x31,0xc7,0x31,0xc8,0x31,0xe8,0x31,0xa7,0x31,0xc7,0x31,0xc7,0x31,0xc7,0x31,0xaa,0x52,0x86,0x31,0x00,0x00,0xa7,0x31,0xe8,0x39,0xa7,0x31,0xa7,0x29,0xc8,0x31,0xc8,0x31,0xc8,0x31,0xc7,0x31,0xc7,0x31,0xa7,0x31,0x00,0x00,
    0xc7,0x31,0xa7,0x31,0xa7,0x31,0xc7,0x31,0xa7,0x31,0xa7,0x31,0xc7,0x31,0xc8,0x31,0xa7,0x31,0x00,0x00,0x00,0x00,0xc7,0x31,0xe8,0x39,0xa7,0x31,0xa7,0x31,0xe8,0x31,0xa7,0x31,0xa7,0x31,0xa7,0x31,0xe8,0x31,0xa7,0x31,0xa7,0x31,
    0xc7,0x31,0xa7,0x31,0x00,0x00,0x00,0x00,0x00,0x00,0x87,0x29,0xc7,0x31,0xa7,0x31,0xc8,0x31,0xa7,0x29,0x00,0x00,0xa7,0x29,0xe8,0x39,0xa7,0x31,0xa7,0x31,0xe8,0x39,0xa7,0x29,0x00,0x00,0xe7,0x39,0xa7,0x31,0xe8,0x31,0xa7,0x31,
    0xa7,0x31,0xa7,0x31,0xa7,0x31,0xc7,0x31,0xa7,0x31,0xc7,0x29,0xc8,0x31,0xa7,0x31,0xc7,0x31,0xc8,0x31,0xa6,0x31,0xa7,0x31,0x08,0x3a,0xa7,0x31,0xa7,0x31,0xe8,0x39,0xa7,0x29,0xe7,0x39,0x00,0x00,0xa7,0x29,0xa7,0x31,0xa7,0x31,
    0xa7,0x31,0xc7,0x31,0xe8,0x31,0x08,0x3a,0xa7,0x31,0xc7,0x29,0xe8,0x31,0xa7,0x31,0xc7,0x29,0xe8,0x39,0xa7,0x31,0xa7,0x31,0xe8,0x39,0xa7,0x29,0xa7,0x31,0xe8,0x39,0xa7,0x31,0x00,0x00,0xaa,0x02,0xc7,0x29,0xa7,0x31,0xc7,0x31,
    0xc7,0x31,0xa7,0x31,0xa7,0x29,0xa7,0x31,0xa7,0x31,0xa7,0x31,0xe8,0x31,0xa7,0x31,0x00,0x00,0xa7,0x31,0xe8,0x31,0xa7,0x31,0xe8,0x31,0xa7,0x31,0xa7,0x31,0xe8,0x39,0xc7,0x31,0x00,0x00,0x00,0x00,0xa7,0x29,0xc7,0x31,0xa7,0x31,
    0xc7,0x31,0xa7,0x31,0xe7,0x19,0x00,0x00,0x00,0x00,0xc7,0x29,0xe8,0x31,0xa7,0x31,0x00,0x00,0xa6,0x31,0xa7,0x31,0xc8,0x31,0xc8,0x31,0xa7,0x31,0xa7,0x31,0xe8,0x39,0xc7,0x31,0x00,0x00,0xa7,0x29,0xa7,0x31,0xe8,0x31,0xa7,0x31,
    0xc7,0x31,0xa7,0x31,0xa7,0x31,0xc7,0x31,0xa7,0x31,0xa7,0x31,0xc8,0x31,0xa7,0x31,0x00,0x00,0x00,0x00,0xc7,0x31,0xa7,0x31,0xe8,0x31,0xa7,0x31,0xa7,0x31,0xe8,0x31,0xa7,0x31,0xa7,0x31,0xa7,0x31,0xe8,0x31,0xc7,0x31,0xa7,0x29,
    0xa7,0x31,0xa7,0x31,0xa7,0x31,0xa7,0x31,0xa7,0x31,0xc7,0x31,0xc7,0x31,0xa7,0x31,0x00,0x00,0x49,0x22,0x00,0x00,0xa7,0x31,0xe8,0x31,0xa7,0x31,0xa7,0x31,0xc8,0x31,0xa7,0x31,0xa7,0x31,0xa7,0x31,0xc7,0x31,0xa7,0x29,0x00,0x00,
    0x00,0x00,0x04,0x00,0x00,0x3d,0xdc,0x9b,0x00,0x00,0x00,0x00,0x00,0x00,0x00,0x00,0x00,0x00,0x00,0x00,0x00,0x00,0x02,0x03,0x00,0x10,0x8d,0xf7,0xff,0xb4,0x2e,0x31,0x2e,0x2e,0x2e,0x2e,0x2e,0x2e,0x2e,0x2e,0x2e,0x2d,0x2e,0x12,
    0x00,0x00,0x52,0xdc,0xff,0xff,0xfe,0xff,0xff,0xff,0xff,0xff,0xff,0xff,0xff,0xff,0xff,0xff,0xff,0xff,0xff,0xde,0x1e,0xa6,0xff,0xff,0xfc,0xff,0xff,0xff,0xfe,0xfe,0xfe,0xfe,0xfe,0xfe,0xfe,0xfe,0xfe,0xfe,0xfe,0xfe,0xfe,0xff,
    0xfa,0xff,0xfb,0xfd,0xff,0xff,0xff,0xff,0xff,0xff,0xff,0xff,0xff,0xff,0xff,0xff,0xff,0xff,0xff,0xff,0xff,0xfd,0x86,0xf6,0xff,0xfb,0xff,0xff,0xff,0xff,0xfe,0xfe,0xfe,0xfe,0xfe,0xfe,0xfe,0xfe,0xfe,0xfe,0xfe,0xfe,0xfe,0xfd,
    0x00,0x36,0xce,0xff,0xfe,0xfd,0xff,0xff,0xff,0xff,0xff,0xff,0xff,0xff,0xff,0xff,0xff,0xff,0xff,0xff,0xff,0xff,0x04,0x00,0x09,0x86,0xfe,0xff,0xfb,0xf7,0xed,0xef,0xef,0xef,0xef,0xef,0xef,0xef,0xef,0xef,0xef,0xee,0xed,0xb3,
    0x00,0x02,0x00,0x00,0x41,0xd1,0xff,0xb3,0x13,0x1a,0x16,0x16,0x16,0x16,0x16,0x16,0x16,0x16,0x16,0x17,0x14,0x00,0x00,0x00,0x01,0x04,0x00,0x08,0x96,0x78,0x00,0x00,0x00,0x00,0x00,0x00,0x00,0x00,0x00,0x00,0x00,0x00,0x00,0x01,
    0x01,0x02,0x02,0x02,0x04,0x00,0x00,0x00,0x01,0x01,0x01,0x02,0x04,0x02,0x02,0x03,0x04,0x04,0x03,0x02,0x01,0x00,0x00,0x00,0x00,0x00,0x00,0x02,0x00,0x00,0x01,0x00,0x00,0x00,0x00,0x00,0x00,0x00,0x00,0x00,0x00,0x01,0x03,0x00,
    0x12,0x2e,0x2b,0x2b,0x16,0x00,0x28,0x0b,0x00,0x02,0x00,0x05,0x2d,0x05,0x00,0x29,0x2d,0x28,0x1a,0x00,0x00,0x02,0xdc,0xff,0xff,0xff,0xeb,0x3f,0xfe,0xbf,0x03,0x05,0x00,0x60,0xff,0x57,0x57,0xff,0xff,0xff,0xfa,0xc0,0x3e,0x00,
    0xff,0xf7,0xb1,0xad,0x8c,0x3f,0xff,0xff,0x89,0x00,0x01,0x76,0xff,0x72,0x83,0xff,0xc9,0xaa,0xd6,0xff,0xf8,0x39,0xfd,0xe6,0x00,0x00,0x00,0x32,0xfe,0xff,0xff,0x53,0x00,0x76,0xff,0x6e,0x7a,0xfe,0x60,0x00,0x04,0x95,0xff,0xbb,
    0xff,0xf6,0x9a,0x95,0x5f,0x31,0xff,0xdc,0xf2,0xed,0x13,0x69,0xff,0x6f,0x7b,0xff,0x6b,0x04,0x00,0x20,0xf8,0xf7,0xff,0xff,0xff,0xff,0xde,0x36,0xff,0xa3,0x5b,0xff,0xae,0x72,0xff,0x70,0x7b,0xff,0x69,0x01,0x03,0x12,0xeb,0xff,
    0xff,0xef,0x4b,0x42,0x21,0x2e,0xff,0xb4,0x00,0xa6,0xff,0xe2,0xff,0x73,0x7b,0xff,0x68,0x00,0x00,0x2b,0xfb,0xf5,0xfe,0xe8,0x08,0x00,0x00,0x2c,0xfe,0xb3,0x01,0x0e,0xd4,0xff,0xff,0x73,0x7a,0xfe,0x6c,0x01,0x21,0xb6,0xff,0xb2,
    0xff,0xff,0xe4,0xe3,0xcc,0x52,0xff,0xb8,0x00,0x00,0x2d,0xef,0xff,0x74,0x82,0xff,0xea,0xdc,0xf9,0xff,0xdf,0x26,0xc2,0xf1,0xf4,0xf9,0xe2,0x3f,0xf1,0x96,0x00,0x07,0x00,0x61,0xf2,0x49,0x49,0xea,0xf1,0xf8,0xe0,0x9b,0x20,0x00,

};

const lv_image_dsc_t emoji_end_arrow_22 = {
  .header.magic = LV_IMAGE_HEADER_MAGIC,
  .header.cf = LV_COLOR_FORMAT_RGB565A8,
  .header.flags = 0,
  .header.w = 22,
  .header.h = 22,
  .header.stride = 44,
  .data_size = sizeof(emoji_end_arrow_22_map),
  .data = emoji_end_arrow_22_map,
};




#ifndef LV_ATTRIBUTE_MEM_ALIGN
#define LV_ATTRIBUTE_MEM_ALIGN
#endif

#ifndef LV_ATTRIBUTE_EMOJI_HOLLOW_CIRCLE_22
#define LV_ATTRIBUTE_EMOJI_HOLLOW_CIRCLE_22
#endif

static const
LV_ATTRIBUTE_MEM_ALIGN LV_ATTRIBUTE_LARGE_CONST LV_ATTRIBUTE_EMOJI_HOLLOW_CIRCLE_22
uint8_t emoji_hollow_circle_22_map[] = {

    0x00,0x00,0x00,0x00,0x00,0x00,0x0a,0xa8,0x00,0x00,0x00,0x00,0x68,0xd9,0x68,0xe1,0x68,0xd9,0x68,0xd9,0x68,0xd9,0x68,0xd9,0x68,0xd9,0x68,0xd9,0x68,0xe1,0x68,0xd9,0x00,0x00,0x00,0x00,0x0a,0xa8,0x00,0x00,0x00,0x00,0x00,0x00,
    0x00,0x00,0x00,0x00,0xaa,0xaa,0x00,0x00,0x67,0xd1,0x88,0xe1,0x68,0xe1,0x88,0xe9,0x88,0xe1,0x68,0xd9,0x68,0xd9,0x68,0xd9,0x68,0xd9,0x88,0xe1,0x88,0xe9,0x68,0xe1,0x88,0xe1,0x67,0xd1,0x00,0x00,0xaa,0xaa,0x00,0x00,0x00,0x00,
    0x00,0x00,0x0f,0xf8,0x00,0x00,0x68,0xd1,0x68,0xe1,0x89,0xe9,0x68,0xd9,0x68,0xd9,0x68,0xd9,0x88,0xe1,0x89,0xe9,0x89,0xe9,0x88,0xe1,0x68,0xd9,0x68,0xd9,0x68,0xd9,0x89,0xe9,0x68,0xe1,0x68,0xd1,0x00,0x00,0x0f,0xf8,0x00,0x00,
    0x0f,0xf8,0x00,0x00,0x88,0xd9,0x68,0xe1,0x88,0xe1,0x68,0xd9,0x68,0xd9,0x89,0xe9,0x68,0xd9,0x68,0xd9,0x68,0xd9,0x68,0xd9,0x68,0xd9,0x68,0xd9,0x89,0xe9,0x68,0xd9,0x68,0xd9,0x88,0xe1,0x68,0xe1,0x88,0xd9,0x00,0x00,0x0f,0xf8,
    0xef,0xfb,0x69,0xd9,0x68,0xd9,0x88,0xe1,0x68,0xd9,0x68,0xe1,0x68,0xe1,0x68,0xe1,0x68,0xe1,0xe7,0xb9,0x00,0x00,0x00,0x00,0xe7,0xb9,0x68,0xe1,0x68,0xe1,0x68,0xe1,0x68,0xe1,0x68,0xd9,0x88,0xe1,0x68,0xd9,0x69,0xd9,0xef,0xfb,
    0x00,0x00,0x68,0xd9,0x89,0xe9,0x68,0xd9,0x68,0xe1,0x68,0xe1,0x68,0xd9,0x00,0x00,0x00,0x00,0x00,0x00,0x00,0xf8,0x00,0xf8,0x00,0x00,0x00,0x00,0x00,0x00,0x68,0xd9,0x68,0xe1,0x68,0xe1,0x68,0xd9,0x89,0xe9,0x68,0xd9,0x00,0x00,
    0x48,0xd9,0x68,0xd9,0x68,0xd9,0x68,0xd9,0x68,0xe1,0x68,0xd9,0x00,0x00,0x86,0xc9,0x0f,0xf8,0x00,0x00,0x00,0x00,0x00,0x00,0x00,0x00,0x0f,0xf8,0x86,0xc9,0x00,0x00,0x68,0xd9,0x68,0xe1,0x68,0xd9,0x68,0xd9,0x68,0xd9,0x48,0xd9,
    0x68,0xd9,0x88,0xe9,0x68,0xd9,0x89,0xe9,0x68,0xd9,0x00,0x00,0x86,0xc9,0x00,0x00,0x00,0x00,0x00,0x00,0x00,0x00,0x00,0x00,0x00,0x00,0x00,0x00,0x00,0x00,0x86,0xc9,0x00,0x00,0x68,0xd9,0x89,0xe9,0x68,0xd9,0x88,0xe9,0x68,0xd9,
    0x68,0xd9,0x68,0xe1,0x68,0xd9,0x68,0xe1,0x68,0xd9,0x00,0x78,0x0a,0xa8,0x00,0x00,0x00,0x00,0x00,0x00,0x00,0x00,0x00,0x00,0x00,0x00,0x00,0x00,0x00,0x00,0x0a,0xa8,0x00,0x78,0x68,0xd9,0x68,0xe1,0x68,0xd9,0x68,0xe1,0x68,0xd9,
    0x68,0xd9,0x68,0xd9,0x88,0xe1,0x68,0xd9,0x0a,0xa8,0x00,0x00,0x00,0x00,0x00,0x00,0x00,0x00,0x00,0x00,0x00,0x00,0x00,0x00,0x00,0x00,0x00,0x00,0x00,0x00,0x00,0x00,0x00,0x00,0x0a,0xa8,0x68,0xd9,0x88,0xe1,0x68,0xd9,0x68,0xd9,
    0x68,0xd9,0x68,0xd9,0x89,0xe9,0x68,0xd9,0x00,0x00,0x0f,0xf8,0x00,0x00,0x00,0x00,0x00,0x00,0x00,0x00,0x00,0x00,0x00,0x00,0x00,0x00,0x00,0x00,0x00,0x00,0x00,0x00,0x0f,0xf8,0x00,0x00,0x68,0xd9,0x89,0xe9,0x68,0xd9,0x68,0xd9,
    0x68,0xd9,0x68,0xd9,0x89,0xe9,0x68,0xd9,0x00,0x00,0x0f,0xf8,0x00,0x00,0x00,0x00,0x00,0x00,0x00,0x00,0x00,0x00,0x00,0x00,0x00,0x00,0x00,0x00,0x00,0x00,0x00,0x00,0x0f,0xf8,0x00,0x00,0x68,0xd9,0x89,0xe9,0x68,0xd9,0x68,0xd9,
    0x68,0xd9,0x68,0xd9,0x88,0xe1,0x68,0xd9,0x0a,0xa8,0x00,0x00,0x00,0x00,0x00,0x00,0x00,0x00,0x00,0x00,0x00,0x00,0x00,0x00,0x00,0x00,0x00,0x00,0x00,0x00,0x00,0x00,0x00,0x00,0x0a,0xa8,0x68,0xd9,0x88,0xe1,0x68,0xd9,0x68,0xd9,
    0x68,0xd9,0x68,0xe1,0x68,0xd9,0x68,0xe1,0x68,0xd9,0x00,0x78,0x0a,0xa8,0x00,0x00,0x00,0x00,0x00,0x00,0x00,0x00,0x00,0x00,0x00,0x00,0x00,0x00,0x00,0x00,0x0a,0xa8,0x00,0x78,0x68,0xd9,0x68,0xe1,0x68,0xd9,0x68,0xe1,0x68,0xd9,
    0x68,0xd9,0x88,0xe9,0x68,0xd9,0x89,0xe9,0x68,0xd9,0x00,0x00,0x86,0xc9,0x00,0x00,0x00,0x00,0x00,0x00,0x00,0x00,0x00,0x00,0x00,0x00,0x00,0x00,0x00,0x00,0x86,0xc9,0x00,0x00,0x68,0xd9,0x89,0xe9,0x68,0xd9,0x88,0xe9,0x68,0xd9,
    0x48,0xd9,0x68,0xd9,0x68,0xd9,0x68,0xd9,0x68,0xe1,0x68,0xd9,0x00,0x00,0x86,0xc9,0x0f,0xf8,0x00,0x00,0x00,0x00,0x00,0x00,0x00,0x00,0x0f,0xf8,0x86,0xc9,0x00,0x00,0x68,0xd9,0x68,0xe1,0x68,0xd9,0x68,0xd9,0x68,0xd9,0x48,0xd9,
    0x00,0x00,0x68,0xd9,0x89,0xe9,0x68,0xd9,0x68,0xe1,0x68,0xe1,0x68,0xd9,0x00,0x00,0x00,0x00,0x00,0x00,0x00,0xf8,0x00,0xf8,0x00,0x00,0x00,0x00,0x00,0x00,0x68,0xd9,0x68,0xe1,0x68,0xe1,0x68,0xd9,0x89,0xe9,0x68,0xd9,0x00,0x00,
    0xef,0xfb,0x69,0xd9,0x68,0xd9,0x88,0xe1,0x68,0xd9,0x68,0xe1,0x68,0xe1,0x68,0xe1,0x68,0xe1,0xe7,0xb9,0x00,0x00,0x00,0x00,0xe7,0xb9,0x68,0xe1,0x68,0xe1,0x68,0xe1,0x68,0xe1,0x68,0xd9,0x88,0xe1,0x68,0xd9,0x69,0xd9,0xef,0xfb,
    0x0f,0xf8,0x00,0x00,0x88,0xd9,0x68,0xe1,0x88,0xe1,0x68,0xd9,0x68,0xd9,0x89,0xe9,0x68,0xd9,0x68,0xd9,0x68,0xd9,0x68,0xd9,0x68,0xd9,0x68,0xd9,0x89,0xe9,0x68,0xd9,0x68,0xd9,0x88,0xe1,0x68,0xe1,0x88,0xd9,0x00,0x00,0x0f,0xf8,
    0x00,0x00,0x0f,0xf8,0x00,0x00,0x68,0xd1,0x68,0xe1,0x89,0xe9,0x68,0xd9,0x68,0xd9,0x68,0xd9,0x88,0xe1,0x89,0xe9,0x89,0xe9,0x88,0xe1,0x68,0xd9,0x68,0xd9,0x68,0xd9,0x89,0xe9,0x68,0xe1,0x68,0xd1,0x00,0x00,0x0f,0xf8,0x00,0x00,
    0x00,0x00,0x00,0x00,0xaa,0xaa,0x00,0x00,0x67,0xd1,0x88,0xe1,0x68,0xe1,0x88,0xe9,0x88,0xe1,0x68,0xd9,0x68,0xd9,0x68,0xd9,0x68,0xd9,0x88,0xe1,0x88,0xe9,0x68,0xe1,0x88,0xe1,0x67,0xd1,0x00,0x00,0xaa,0xaa,0x00,0x00,0x00,0x00,
    0x00,0x00,0x00,0x00,0x00,0x00,0x0a,0xa8,0x00,0x00,0x00,0x00,0x68,0xd9,0x68,0xe1,0x68,0xd9,0x68,0xd9,0x68,0xd9,0x68,0xd9,0x68,0xd9,0x68,0xd9,0x68,0xe1,0x68,0xd9,0x00,0x00,0x00,0x00,0x0a,0xa8,0x00,0x00,0x00,0x00,0x00,0x00,
    0x00,0x00,0x00,0x03,0x00,0x00,0x28,0x84,0xcb,0xf4,0xff,0xff,0xf4,0xcb,0x84,0x28,0x00,0x00,0x03,0x00,0x00,0x00,0x00,0x00,0x03,0x00,0x11,0x8f,0xf0,0xff,0xff,0xff,0xfc,0xfc,0xff,0xff,0xff,0xf0,0x8f,0x11,0x00,0x03,0x00,0x00,
    0x00,0x02,0x00,0x31,0xda,0xff,0xff,0xf9,0xfe,0xff,0xff,0xff,0xff,0xfe,0xf9,0xff,0xff,0xda,0x31,0x00,0x02,0x00,0x02,0x00,0x2f,0xed,0xff,0xfa,0xfe,0xff,0xfe,0xd6,0xba,0xba,0xd6,0xfe,0xff,0xfe,0xfa,0xff,0xed,0x2f,0x00,0x02,
    0x02,0x10,0xdd,0xff,0xfa,0xff,0xff,0x9d,0x30,0x04,0x00,0x00,0x04,0x30,0x9d,0xff,0xff,0xfa,0xff,0xdd,0x10,0x02,0x00,0x91,0xff,0xf9,0xfe,0xf6,0x53,0x00,0x00,0x00,0x02,0x02,0x00,0x00,0x00,0x53,0xf6,0xfe,0xf9,0xff,0x91,0x00,
    0x24,0xf5,0xfd,0xfc,0xfe,0x51,0x00,0x05,0x02,0x01,0x00,0x00,0x01,0x02,0x05,0x00,0x51,0xfe,0xfc,0xfd,0xf5,0x24,0x84,0xff,0xf9,0xff,0xa0,0x00,0x05,0x00,0x00,0x00,0x00,0x00,0x00,0x00,0x00,0x05,0x00,0xa0,0xff,0xf9,0xff,0x84,
    0xcb,0xff,0xfd,0xfc,0x2d,0x02,0x03,0x00,0x00,0x00,0x00,0x00,0x00,0x00,0x00,0x03,0x02,0x2d,0xfc,0xfd,0xff,0xcb,0xf4,0xfe,0xff,0xd6,0x03,0x00,0x01,0x00,0x00,0x00,0x00,0x00,0x00,0x00,0x00,0x01,0x00,0x03,0xd6,0xff,0xfe,0xf4,
    0xff,0xfc,0xff,0xb9,0x00,0x02,0x00,0x00,0x00,0x00,0x00,0x00,0x00,0x00,0x00,0x00,0x02,0x00,0xba,0xff,0xfc,0xff,0xff,0xfc,0xff,0xb9,0x00,0x02,0x00,0x00,0x00,0x00,0x00,0x00,0x00,0x00,0x00,0x00,0x02,0x00,0xba,0xff,0xfc,0xff,
    0xf4,0xfe,0xff,0xd6,0x03,0x00,0x01,0x00,0x00,0x00,0x00,0x00,0x00,0x00,0x00,0x01,0x00,0x03,0xd6,0xff,0xfe,0xf4,0xcb,0xff,0xfd,0xfc,0x2d,0x02,0x03,0x00,0x00,0x00,0x00,0x00,0x00,0x00,0x00,0x03,0x02,0x2d,0xfc,0xfd,0xff,0xcb,
    0x84,0xff,0xf9,0xff,0xa0,0x00,0x05,0x00,0x00,0x00,0x00,0x00,0x00,0x00,0x00,0x05,0x00,0xa0,0xff,0xf9,0xff,0x84,0x24,0xf5,0xfd,0xfc,0xfe,0x51,0x00,0x05,0x02,0x01,0x00,0x00,0x01,0x02,0x05,0x00,0x51,0xfe,0xfc,0xfd,0xf5,0x24,
    0x00,0x91,0xff,0xf9,0xfe,0xf6,0x53,0x00,0x00,0x00,0x02,0x02,0x00,0x00,0x00,0x53,0xf6,0xfe,0xf9,0xff,0x91,0x00,0x02,0x10,0xdd,0xff,0xfa,0xff,0xff,0x9d,0x30,0x04,0x00,0x00,0x04,0x30,0x9d,0xff,0xff,0xfa,0xff,0xdd,0x10,0x02,
    0x02,0x00,0x2f,0xed,0xff,0xfa,0xfe,0xff,0xfe,0xd6,0xb9,0xb9,0xd6,0xfe,0xff,0xfe,0xfa,0xff,0xed,0x2f,0x00,0x02,0x00,0x02,0x00,0x31,0xda,0xff,0xff,0xf9,0xfe,0xff,0xff,0xff,0xff,0xfe,0xf9,0xff,0xff,0xda,0x31,0x00,0x02,0x00,
    0x00,0x00,0x03,0x00,0x11,0x8f,0xf0,0xff,0xff,0xff,0xfc,0xfc,0xff,0xff,0xff,0xf0,0x8f,0x11,0x00,0x03,0x00,0x00,0x00,0x00,0x00,0x03,0x00,0x00,0x28,0x84,0xcb,0xf4,0xff,0xff,0xf4,0xcb,0x84,0x28,0x00,0x00,0x03,0x00,0x00,0x00,

};

const lv_image_dsc_t emoji_hollow_circle_22 = {
  .header.magic = LV_IMAGE_HEADER_MAGIC,
  .header.cf = LV_COLOR_FORMAT_RGB565A8,
  .header.flags = 0,
  .header.w = 22,
  .header.h = 22,
  .header.stride = 44,
  .data_size = sizeof(emoji_hollow_circle_22_map),
  .data = emoji_hollow_circle_22_map,
};




#ifndef LV_ATTRIBUTE_MEM_ALIGN
#define LV_ATTRIBUTE_MEM_ALIGN
#endif

#ifndef LV_ATTRIBUTE_EMOJI_DRAGON_22
#define LV_ATTRIBUTE_EMOJI_DRAGON_22
#endif

static const
LV_ATTRIBUTE_MEM_ALIGN LV_ATTRIBUTE_LARGE_CONST LV_ATTRIBUTE_EMOJI_DRAGON_22
uint8_t emoji_dragon_22_map[] = {

    0x00,0x00,0x00,0x00,0x00,0x00,0x00,0x00,0x40,0x55,0x00,0x00,0x83,0x43,0x63,0x3b,0xc1,0x22,0x83,0x3b,0x22,0x33,0x42,0x33,0xa2,0x4b,0xe0,0x7b,0x00,0x00,0x00,0x00,0x00,0x00,0xa0,0x52,0x00,0x00,0x00,0x00,0x00,0x00,0xe0,0xff,
    0x00,0x00,0x00,0x00,0x00,0x00,0xe0,0x07,0x4a,0xad,0x80,0x19,0x63,0x3b,0x05,0x4c,0xa7,0x5c,0x08,0x65,0x86,0x5c,0xa4,0x43,0xe1,0x2a,0x00,0x00,0xe0,0x7b,0x00,0x00,0xe0,0x03,0x00,0x00,0x00,0x00,0x00,0x00,0x00,0x00,0x00,0x00,
    0xe0,0xff,0xe0,0xff,0xef,0x7f,0x4a,0x55,0x00,0x00,0x66,0x54,0x28,0x6d,0x6a,0x75,0xe8,0x64,0x66,0x54,0x49,0x75,0x6a,0x75,0x04,0x4c,0x63,0x3b,0xe0,0x07,0xe0,0x03,0x00,0x00,0x42,0x33,0x25,0x54,0xc7,0x5c,0xa7,0x5c,0xa7,0x5c,
    0x00,0x00,0x00,0x00,0x00,0x00,0x00,0x00,0x8a,0x75,0xcb,0x7d,0x08,0x65,0x83,0x3b,0x43,0x3b,0xc4,0x43,0xe8,0x64,0xcb,0x85,0x28,0x65,0x42,0x33,0x00,0x00,0xef,0x03,0x22,0x33,0x87,0x5c,0xeb,0x7d,0x0b,0x86,0xab,0x7d,0x8a,0x75,
    0x4d,0x96,0xae,0x8e,0x4a,0x75,0xaa,0x7d,0xea,0x7d,0x8a,0x75,0x85,0x54,0x25,0x3b,0x67,0x3a,0xab,0x7d,0xaa,0x7d,0xaa,0x7d,0x69,0x75,0x63,0x3b,0x00,0x00,0x00,0x00,0x05,0x4c,0xcb,0x7d,0xcb,0x7d,0x8a,0x75,0x00,0x00,0x00,0x00,
    0x49,0x75,0x08,0x6d,0x8a,0x75,0xca,0x7d,0xcc,0x85,0x0f,0x96,0xb2,0xae,0x6a,0x75,0x4a,0x75,0x8a,0x75,0x8a,0x75,0xaa,0x7d,0x49,0x6d,0x62,0x3b,0x00,0x00,0xc0,0x22,0x87,0x5c,0xeb,0x7d,0x8a,0x75,0xe7,0x7b,0x00,0x00,0x4a,0x55,
    0x09,0x6d,0x48,0x6d,0xcb,0x7d,0x89,0x75,0x17,0xcf,0xd7,0xce,0x75,0xbe,0x69,0x75,0xaa,0x7d,0x8a,0x75,0x8a,0x75,0xab,0x7d,0x49,0x6d,0x63,0x3b,0x00,0x00,0x61,0x22,0xa7,0x5c,0xeb,0x85,0x6a,0x75,0x4a,0x55,0x00,0x00,0x00,0x00,
    0x0c,0x86,0xcb,0x7d,0xe8,0x64,0x46,0x54,0x68,0x5c,0xa7,0x5c,0x86,0x5c,0x4a,0x75,0x8a,0x7d,0x8a,0x75,0x8a,0x75,0xab,0x7d,0xe8,0x64,0xe1,0x2a,0x00,0x00,0xc0,0x11,0x87,0x5c,0xcb,0x7d,0x8a,0x7d,0x8a,0x7d,0x00,0x00,0xef,0x7f,
    0x00,0x00,0x00,0x00,0x05,0x4c,0x69,0x75,0x89,0x75,0x8a,0x75,0xab,0x7d,0xcb,0x7d,0x8a,0x75,0x8a,0x75,0x8a,0x75,0xab,0x7d,0x66,0x5c,0xa0,0x22,0xff,0xff,0x20,0x12,0x87,0x5c,0xcb,0x7d,0xeb,0x7d,0x8a,0x75,0x00,0x00,0xe7,0x3b,
    0xef,0x7b,0xcc,0x64,0xff,0xff,0xcb,0x7d,0xcb,0x7d,0x00,0x00,0x00,0x00,0x8a,0x75,0xcb,0x7d,0x8a,0x75,0x8a,0x75,0xca,0x7d,0x05,0x4c,0x00,0x00,0x89,0x6c,0x00,0x00,0xe4,0x4b,0xca,0x7d,0xaa,0x7d,0x8a,0x75,0x8b,0x75,0x00,0x00,
    0x00,0x00,0x00,0x00,0x00,0x00,0x00,0x00,0x00,0x00,0x66,0x9e,0x4a,0x55,0x8a,0x7d,0xeb,0x85,0x8a,0x75,0xab,0x7d,0x49,0x6d,0x63,0x3b,0x00,0x00,0xe5,0x53,0x00,0x00,0x42,0x3b,0x28,0x6d,0xab,0x7d,0xeb,0x7d,0x8a,0x75,0x00,0x00,
    0x00,0x00,0x67,0x5c,0xa7,0x5c,0x87,0x5c,0x87,0x5c,0xc8,0x64,0x00,0x00,0x8a,0x75,0xcb,0x7d,0x8a,0x75,0xcb,0x7d,0x66,0x54,0x00,0x00,0xff,0xff,0xe0,0x03,0x00,0x00,0x00,0x00,0x66,0x54,0xab,0x7d,0xeb,0x7d,0x8a,0x75,0x00,0x00,
    0x00,0x00,0xa7,0x5c,0x87,0x5c,0xe8,0x64,0x28,0x6d,0x67,0x5c,0x49,0x75,0x8a,0x75,0x8a,0x75,0x8a,0x7d,0x8a,0x75,0xc4,0x43,0x00,0x00,0xe0,0x7b,0x00,0x00,0xef,0x03,0xe0,0x19,0x25,0x4c,0xaa,0x7d,0xcb,0x7d,0x8a,0x75,0xe0,0x07,
    0x00,0x00,0xa7,0x5c,0x87,0x5c,0x87,0x5c,0x87,0x5c,0x87,0x5c,0x29,0x6d,0xaa,0x7d,0x8a,0x75,0xab,0x7d,0xe8,0x64,0x81,0x2a,0x00,0x00,0xe0,0x7b,0x00,0x00,0xaa,0x52,0xa0,0x52,0x05,0x4c,0xaa,0x7d,0xab,0x7d,0x8a,0x75,0x89,0x75,
    0xaa,0x52,0xe7,0x3b,0xa7,0x5c,0xe5,0x4b,0x63,0x3b,0x25,0x54,0x09,0x6d,0x8a,0x7d,0x8a,0x75,0xcb,0x7d,0xe8,0x64,0xc1,0x22,0xe7,0x3b,0xe0,0x03,0xe0,0x3b,0xef,0x7f,0x00,0x00,0x25,0x4c,0xcb,0x7d,0xaa,0x7d,0x8a,0x75,0x6a,0x75,
    0x00,0x00,0x00,0x00,0x20,0x33,0x83,0x3b,0x83,0x3b,0x05,0x4c,0x08,0x6d,0xaa,0x7d,0x8a,0x75,0xab,0x7d,0x49,0x6d,0x42,0x33,0x00,0x00,0xff,0xff,0x00,0x00,0x00,0x00,0x42,0x33,0xe8,0x64,0xab,0x7d,0xaa,0x7d,0x8a,0x75,0x8c,0x7d,
    0x00,0x00,0xe0,0x03,0xe0,0xff,0xc4,0x43,0x63,0x3b,0x66,0x54,0x8a,0x75,0x8a,0x75,0x8a,0x75,0x8a,0x75,0xaa,0x7d,0x05,0x4c,0x02,0x33,0x40,0x1a,0x22,0x33,0x01,0x33,0x66,0x54,0xaa,0x7d,0x8a,0x75,0xcb,0x7d,0x8a,0x75,0x00,0x00,
    0x00,0x00,0x00,0x00,0x00,0x00,0xef,0xff,0x22,0x33,0xaa,0x7d,0xeb,0x85,0x8a,0x75,0x8a,0x75,0x8a,0x75,0x8a,0x7d,0x6a,0x75,0x86,0x5c,0x25,0x54,0x66,0x54,0x08,0x65,0xaa,0x7d,0x8a,0x75,0x8a,0x75,0xeb,0x85,0x8a,0x75,0x00,0x00,
    0x00,0x00,0x00,0x00,0x00,0x00,0xe7,0x3b,0x00,0x00,0x8a,0x75,0xaa,0x7d,0x8a,0x75,0x8a,0x75,0x8a,0x75,0x8a,0x75,0x8a,0x7d,0xab,0x7d,0xcb,0x7d,0xab,0x7d,0xab,0x7d,0x8a,0x75,0x8a,0x75,0xaa,0x7d,0xaa,0x7d,0x6a,0x7d,0x00,0x00,
    0x00,0x00,0x00,0x00,0x00,0x00,0x00,0x00,0xc6,0x64,0x00,0x00,0x8a,0x75,0x2b,0x86,0x8a,0x75,0x8a,0x75,0x8a,0x75,0x8a,0x75,0x8a,0x75,0x8a,0x75,0x8a,0x75,0x8a,0x75,0x8a,0x75,0x8a,0x75,0x0b,0x86,0x8a,0x75,0x00,0x00,0x4a,0xad,
    0x00,0x00,0x00,0x00,0x00,0x00,0x00,0x00,0xe0,0x07,0xe0,0x7b,0xef,0x7f,0x8a,0x75,0xaa,0x7d,0xcb,0x7d,0xaa,0x7d,0xaa,0x7d,0x8a,0x75,0x8a,0x75,0x8a,0x75,0xaa,0x7d,0xcb,0x7d,0xaa,0x7d,0x8a,0x75,0x00,0x00,0x4a,0x55,0x00,0x00,
    0x00,0x00,0x00,0x00,0x00,0x00,0x00,0x00,0x00,0x00,0x00,0x00,0x00,0x00,0x00,0x00,0x8a,0x7d,0xaa,0x7d,0xaa,0x7d,0x8a,0x75,0x8a,0x75,0x8a,0x75,0x8a,0x75,0xaa,0x7d,0xaa,0x7d,0x8a,0x75,0x00,0x00,0xe0,0xff,0x00,0x00,0x00,0x00,
    0x00,0x00,0x00,0x00,0x03,0x00,0x77,0xc0,0x40,0xea,0x6b,0x1a,0x0d,0x02,0x00,0x00,0x00,0x03,0x00,0x00,0x00,0x01,0x00,0x00,0x00,0x01,0x03,0x0a,0xe4,0xff,0xf8,0xff,0xf2,0xef,0x20,0x00,0x02,0x00,0x02,0x00,0x00,0x02,0x03,0x00,
    0x01,0x01,0x02,0x03,0x00,0x50,0xff,0xfc,0xff,0xfe,0xff,0xff,0xad,0x48,0x01,0x02,0x00,0x4b,0xbc,0xd0,0xe1,0x37,0x00,0x00,0x00,0x00,0x6f,0xef,0xfd,0xfe,0xfe,0xff,0xfe,0xfb,0xff,0x64,0x00,0x02,0x38,0xfc,0xff,0xff,0xc7,0x32,
    0x0e,0x19,0x2e,0xbb,0xff,0xff,0xff,0xff,0xff,0xff,0xff,0xfc,0xfc,0x69,0x00,0x00,0xc4,0xfe,0xfc,0x89,0x00,0x00,0xe0,0xed,0xf7,0xff,0xfc,0xfe,0xff,0xff,0xff,0xff,0xff,0xfd,0xfd,0x42,0x00,0x1a,0xdd,0xff,0xe3,0x04,0x00,0x03,
    0xdf,0xff,0xff,0xfc,0xff,0xfc,0xfc,0xff,0xff,0xff,0xff,0xfc,0xff,0x68,0x00,0x17,0xe4,0xff,0xd7,0x03,0x01,0x01,0x15,0x8a,0xfb,0xfb,0xfc,0xff,0xff,0xfe,0xff,0xff,0xff,0xfe,0xf7,0x2b,0x00,0x16,0xf0,0xff,0xf8,0x28,0x01,0x02,
    0x00,0x00,0x74,0xff,0xff,0x86,0xaf,0xff,0xfe,0xff,0xfe,0xfe,0xf1,0x23,0x01,0x0b,0xb6,0xfe,0xff,0x90,0x00,0x04,0x02,0x05,0x01,0x63,0x58,0x00,0x00,0xc0,0xff,0xfc,0xfb,0xff,0x93,0x00,0x07,0x00,0x88,0xff,0xfd,0xef,0x14,0x00,
    0x00,0x00,0x00,0x00,0x00,0x05,0x03,0x8c,0xff,0xfb,0xfc,0xfb,0x7b,0x00,0x06,0x01,0x62,0xf3,0xfb,0xff,0x5d,0x00,0x01,0x19,0x82,0xa3,0x72,0x0f,0x00,0xc0,0xff,0xf9,0xff,0xd9,0x04,0x01,0x02,0x00,0x01,0xe5,0xff,0xfe,0xa1,0x00,
    0x00,0x56,0xe3,0xff,0xff,0xbe,0x37,0xfb,0xfe,0xfd,0xfc,0x81,0x00,0x02,0x01,0x02,0x08,0xae,0xff,0xff,0xcc,0x01,0x00,0x2b,0xb2,0xda,0xc3,0xff,0xe8,0xff,0xfe,0xff,0xfd,0x1f,0x00,0x02,0x00,0x03,0x03,0xa2,0xff,0xff,0xdf,0x0d,
    0x03,0x04,0x4b,0x9c,0xbc,0xfb,0xff,0xfe,0xfd,0xff,0xe0,0x14,0x04,0x02,0x04,0x02,0x00,0xdc,0xff,0xff,0xe8,0x16,0x00,0x01,0x05,0x80,0xf3,0xff,0xfc,0xff,0xff,0xfb,0xf9,0x6f,0x00,0x01,0x00,0x00,0x75,0xee,0xfd,0xff,0xdc,0x0a,
    0x00,0x02,0x01,0x46,0xb8,0xe7,0xfe,0xfe,0xff,0xfd,0xff,0xc2,0x6c,0x15,0x55,0x57,0xff,0xff,0xfc,0xfe,0xc2,0x00,0x00,0x00,0x00,0x02,0x35,0x74,0xff,0xfb,0xff,0xff,0xff,0xff,0xff,0xd8,0xff,0xff,0xfd,0xfe,0xfb,0xff,0x85,0x00,
    0x00,0x00,0x00,0x04,0x00,0x2f,0xff,0xfb,0xfe,0xff,0xff,0xfd,0xfc,0xff,0xfd,0xfd,0xff,0xfd,0xfc,0xfb,0x26,0x00,0x00,0x00,0x00,0x00,0x05,0x00,0x96,0xff,0xfe,0xfc,0xfd,0xff,0xff,0xfd,0xff,0xfe,0xfc,0xfe,0xff,0x78,0x00,0x03,
    0x00,0x00,0x00,0x00,0x01,0x02,0x02,0x8d,0xf8,0xff,0xff,0xff,0xff,0xff,0xff,0xff,0xff,0xf7,0x7d,0x00,0x03,0x00,0x00,0x00,0x00,0x00,0x00,0x00,0x00,0x00,0x35,0x91,0xce,0xf2,0xff,0xff,0xfd,0xdd,0x9c,0x34,0x00,0x01,0x00,0x00,

};

const lv_image_dsc_t emoji_dragon_22 = {
  .header.magic = LV_IMAGE_HEADER_MAGIC,
  .header.cf = LV_COLOR_FORMAT_RGB565A8,
  .header.flags = 0,
  .header.w = 22,
  .header.h = 22,
  .header.stride = 44,
  .data_size = sizeof(emoji_dragon_22_map),
  .data = emoji_dragon_22_map,
};




#ifndef LV_ATTRIBUTE_MEM_ALIGN
#define LV_ATTRIBUTE_MEM_ALIGN
#endif

#ifndef LV_ATTRIBUTE_EMOJI_GLOBE_MERIDIANS_22
#define LV_ATTRIBUTE_EMOJI_GLOBE_MERIDIANS_22
#endif

static const
LV_ATTRIBUTE_MEM_ALIGN LV_ATTRIBUTE_LARGE_CONST LV_ATTRIBUTE_EMOJI_GLOBE_MERIDIANS_22
uint8_t emoji_globe_meridians_22_map[] = {

    0x00,0x00,0x00,0x00,0x00,0x00,0xb5,0x52,0x00,0x00,0x00,0x00,0x78,0x3c,0x58,0x3c,0x58,0x3c,0x59,0x3c,0x58,0x3c,0x58,0x3c,0x59,0x3c,0x58,0x3c,0x58,0x3c,0x78,0x3c,0x00,0x00,0x00,0x00,0xb5,0x52,0x00,0x00,0x00,0x00,0x00,0x00,
    0x00,0x00,0x00,0x00,0x55,0x55,0x00,0x00,0xb5,0x33,0x58,0x3c,0x58,0x3c,0x9a,0x3c,0x79,0x3c,0x38,0x3c,0x58,0x3c,0x58,0x3c,0x38,0x3c,0x79,0x3c,0x9a,0x3c,0x58,0x3c,0x58,0x3c,0xb5,0x33,0x00,0x00,0x55,0x55,0x00,0x00,0x00,0x00,
    0x00,0x00,0xff,0x7b,0x00,0x00,0xf7,0x3b,0x79,0x3c,0x58,0x3c,0x58,0x3c,0x59,0x3c,0x58,0x3c,0x00,0x00,0x58,0x3c,0x58,0x3c,0x00,0x00,0x58,0x3c,0x59,0x3c,0x58,0x3c,0x58,0x3c,0x79,0x3c,0xf7,0x3b,0x00,0x00,0xff,0x7b,0x00,0x00,
    0xff,0x7b,0x00,0x00,0x37,0x34,0x99,0x3c,0x58,0x3c,0x38,0x3c,0x79,0x3c,0x37,0x3c,0x00,0x00,0x00,0x00,0x58,0x3c,0x58,0x3c,0x00,0x00,0x00,0x00,0x37,0x3c,0x79,0x3c,0x38,0x3c,0x58,0x3c,0x99,0x3c,0x58,0x3c,0x00,0x00,0xff,0x7b,
    0xef,0x7b,0x99,0x34,0x79,0x3c,0x79,0x3c,0x37,0x3c,0x58,0x3c,0x38,0x3c,0x79,0x3c,0x58,0x3c,0x38,0x3c,0x38,0x3c,0x38,0x3c,0x38,0x3c,0x58,0x3c,0x79,0x3c,0x38,0x3c,0x58,0x3c,0x37,0x3c,0x79,0x3c,0x79,0x3c,0x99,0x34,0xff,0x7b,
    0x00,0x00,0x38,0x3c,0xbb,0x44,0x38,0x3c,0x58,0x3c,0x79,0x3c,0x58,0x3c,0x58,0x3c,0x58,0x3c,0x58,0x3c,0x58,0x3c,0x58,0x3c,0x58,0x3c,0x58,0x3c,0x58,0x3c,0x58,0x3c,0x79,0x3c,0x58,0x3c,0x38,0x3c,0xba,0x44,0x38,0x3c,0x00,0x00,
    0x18,0x3c,0x58,0x3c,0x58,0x3c,0x58,0x3c,0x38,0x3c,0x58,0x3c,0x38,0x3c,0x58,0x3c,0x37,0x3c,0x38,0x3c,0x58,0x3c,0x58,0x3c,0x38,0x3c,0x37,0x3c,0x58,0x3c,0x38,0x3c,0x38,0x3c,0x38,0x3c,0x38,0x3c,0x58,0x3c,0x58,0x3c,0x18,0x3c,
    0x38,0x3c,0x58,0x3c,0xef,0x03,0xff,0x07,0x38,0x3c,0x58,0x3c,0x00,0x00,0x00,0x00,0x00,0x00,0x00,0x00,0x38,0x3c,0x38,0x3c,0x00,0x00,0x00,0x00,0x00,0x00,0x00,0x00,0x58,0x3c,0x58,0x3c,0xb5,0x02,0xb5,0x02,0x58,0x3c,0x38,0x3c,
    0x38,0x3c,0x58,0x3c,0xf7,0x3b,0x58,0x3c,0x58,0x3c,0x57,0x3c,0xfa,0x2b,0xf7,0x3b,0xf9,0x33,0xfa,0x2b,0x58,0x3c,0x58,0x3c,0xfa,0x2b,0xf9,0x33,0xf7,0x3b,0xfa,0x2b,0x57,0x3c,0x58,0x3c,0x58,0x3c,0xf7,0x3b,0x38,0x3c,0x38,0x3c,
    0x79,0x3c,0x38,0x3c,0x00,0x00,0x58,0x3c,0x58,0x3c,0x00,0x00,0x00,0x00,0x00,0x00,0x00,0x00,0x00,0x00,0x38,0x3c,0x38,0x3c,0x00,0x00,0x00,0x00,0x00,0x00,0x00,0x00,0x00,0x00,0x58,0x3c,0x58,0x3c,0x00,0x00,0x38,0x3c,0x79,0x3c,
    0x58,0x3c,0x38,0x3c,0x58,0x3c,0x38,0x3c,0x58,0x3c,0x38,0x3c,0x58,0x3c,0x58,0x3c,0x38,0x3c,0x58,0x3c,0x38,0x3c,0x58,0x3c,0x58,0x3c,0x38,0x3c,0x58,0x3c,0x38,0x3c,0x58,0x3c,0x58,0x3c,0x38,0x3c,0x58,0x3c,0x38,0x3c,0x58,0x3c,
    0x58,0x3c,0x38,0x3c,0x58,0x3c,0x38,0x3c,0x58,0x3c,0x38,0x3c,0x58,0x3c,0x58,0x3c,0x38,0x3c,0x58,0x3c,0x58,0x3c,0x58,0x3c,0x58,0x3c,0x58,0x3c,0x38,0x3c,0x58,0x3c,0x58,0x3c,0x58,0x3c,0x38,0x3c,0x38,0x3c,0x38,0x3c,0x58,0x3c,
    0x79,0x3c,0x38,0x3c,0x00,0x00,0x58,0x3c,0x58,0x3c,0x00,0x00,0x00,0x00,0x00,0x00,0x00,0x00,0x00,0x00,0x38,0x3c,0x38,0x3c,0x00,0x00,0x00,0x00,0x00,0x00,0x00,0x00,0xef,0x03,0x58,0x3c,0x58,0x3c,0x00,0x00,0x38,0x3c,0x79,0x3c,
    0x38,0x3c,0x38,0x3c,0xf7,0x3b,0x58,0x3c,0x58,0x3c,0x57,0x3c,0xfa,0x2b,0xf7,0x3b,0xf9,0x33,0xfa,0x2b,0x58,0x3c,0x58,0x3c,0xd9,0x34,0x95,0x3b,0x76,0x4b,0x39,0x33,0x58,0x3c,0x58,0x3c,0x58,0x3c,0x55,0x55,0x38,0x3c,0x38,0x3c,
    0x38,0x3c,0x58,0x3c,0xb5,0x02,0xb5,0x02,0x58,0x3c,0x58,0x3c,0x00,0x00,0x00,0x00,0x00,0x00,0x00,0x00,0x38,0x3c,0x58,0x3c,0x00,0x00,0x00,0x00,0x00,0x00,0x00,0x00,0x58,0x3c,0x58,0x3c,0x55,0x55,0xb5,0x02,0x58,0x3c,0x38,0x3c,
    0x18,0x3c,0x58,0x3c,0x58,0x3c,0x38,0x3c,0x38,0x3c,0x58,0x3c,0x38,0x3c,0x58,0x3c,0x37,0x3c,0x38,0x3c,0x38,0x3c,0x58,0x3c,0x58,0x3c,0x38,0x3c,0x38,0x3c,0x58,0x34,0x58,0x3c,0x38,0x3c,0x58,0x3c,0x58,0x3c,0x58,0x3c,0x18,0x3c,
    0x00,0x00,0x38,0x3c,0xba,0x44,0x38,0x3c,0x58,0x3c,0x79,0x3c,0x38,0x3c,0x58,0x3c,0x58,0x3c,0x58,0x3c,0x38,0x3c,0x58,0x3c,0x58,0x3c,0x58,0x3c,0x58,0x3c,0x38,0x3c,0x79,0x3c,0x58,0x3c,0x38,0x3c,0xba,0x44,0x38,0x3c,0x00,0x00,
    0xff,0x7b,0x99,0x34,0x79,0x3c,0x79,0x3c,0x37,0x3c,0x58,0x3c,0x58,0x3c,0x79,0x3c,0x58,0x3c,0x38,0x3c,0x38,0x3c,0x58,0x3c,0x38,0x3c,0x38,0x3c,0x58,0x3c,0x58,0x3c,0x58,0x3c,0x38,0x3c,0x79,0x3c,0x58,0x3c,0x57,0x34,0xff,0x7b,
    0xff,0x7b,0x00,0x00,0x58,0x3c,0x99,0x3c,0x58,0x3c,0x38,0x3c,0x79,0x3c,0x37,0x3c,0x00,0x00,0x00,0x00,0x58,0x3c,0x58,0x3c,0x00,0x00,0x00,0x00,0x38,0x34,0x79,0x3c,0x38,0x3c,0x59,0x3c,0x9a,0x3c,0x58,0x3c,0x00,0x00,0xff,0x7b,
    0x00,0x00,0xff,0x7b,0x00,0x00,0xf7,0x3b,0x79,0x3c,0x58,0x3c,0x58,0x3c,0x59,0x3c,0x58,0x3c,0x00,0x00,0x58,0x3c,0x58,0x3c,0x00,0x00,0x38,0x3c,0x58,0x3c,0x58,0x3c,0x58,0x3c,0x59,0x3c,0xf7,0x3b,0x00,0x00,0xff,0x7b,0x00,0x00,
    0x00,0x00,0x00,0x00,0x55,0x55,0x00,0x00,0xb5,0x33,0x58,0x3c,0x58,0x3c,0x9a,0x3c,0x79,0x3c,0x38,0x3c,0x58,0x3c,0x58,0x3c,0x38,0x3c,0x79,0x3c,0x9a,0x3c,0x58,0x3c,0x58,0x3c,0xb5,0x33,0x00,0x00,0x55,0x55,0x00,0x00,0x00,0x00,
    0x00,0x00,0x00,0x00,0x00,0x00,0xb5,0x52,0x00,0x00,0x00,0x00,0x78,0x3c,0x58,0x3c,0x58,0x3c,0x59,0x3c,0x58,0x3c,0x58,0x3c,0x59,0x3c,0x58,0x3c,0x58,0x3c,0x78,0x3c,0x00,0x00,0x00,0x00,0xb5,0x52,0x00,0x00,0x00,0x00,0x00,0x00,
    0x00,0x00,0x00,0x03,0x00,0x00,0x28,0x83,0xcc,0xff,0xff,0xff,0xff,0xcc,0x83,0x28,0x00,0x00,0x03,0x00,0x00,0x00,0x00,0x00,0x03,0x00,0x0f,0x95,0xf0,0xff,0xff,0x8d,0xca,0xca,0x8d,0xff,0xff,0xf0,0x95,0x0f,0x00,0x03,0x00,0x00,
    0x00,0x02,0x00,0x30,0xe7,0xf1,0xfa,0xe8,0x3a,0x00,0xaa,0xaa,0x00,0x3a,0xe8,0xfa,0xf1,0xe7,0x30,0x00,0x02,0x00,0x02,0x00,0x2e,0xf2,0xaf,0x77,0xf5,0x2c,0x00,0x00,0xac,0xac,0x00,0x00,0x2c,0xf5,0x77,0xaf,0xf2,0x2d,0x00,0x02,
    0x02,0x0e,0xe0,0xd5,0x28,0xe8,0xa4,0x1d,0x2d,0x24,0xba,0xba,0x24,0x2d,0x1d,0xa4,0xe8,0x28,0xd6,0xe0,0x0e,0x02,0x00,0x91,0xff,0xf4,0xfd,0xff,0xf7,0xff,0xfd,0xfd,0xfe,0xfe,0xfd,0xfd,0xff,0xf7,0xff,0xfb,0xf2,0xff,0x91,0x00,
    0x21,0xfd,0x7d,0x2e,0xde,0xb4,0x26,0x27,0x28,0x24,0xb9,0xb9,0x24,0x28,0x27,0x26,0xb5,0xd7,0x24,0x77,0xfe,0x21,0x8b,0xef,0x02,0x01,0xf6,0x5b,0x00,0x00,0x00,0x00,0xab,0xab,0x00,0x00,0x00,0x00,0x5b,0xf7,0x03,0x03,0xee,0x8b,
    0xdf,0xa8,0x04,0x3d,0xff,0x30,0x06,0x08,0x0a,0x06,0xb0,0xb0,0x06,0x0a,0x08,0x06,0x30,0xff,0x3c,0x04,0xa9,0xdf,0xff,0x5e,0x00,0x49,0xf9,0x00,0x00,0x00,0x00,0x00,0xa7,0xa7,0x00,0x00,0x00,0x00,0x00,0xf9,0x49,0x00,0x5f,0xff,
    0xff,0xc9,0xae,0xcd,0xfc,0xb1,0xae,0xae,0xaf,0xae,0xe5,0xe4,0xac,0xad,0xac,0xac,0xae,0xfc,0xcb,0xac,0xc7,0xff,0xff,0xc9,0xae,0xcd,0xfc,0xb1,0xae,0xae,0xaf,0xae,0xe4,0xec,0xba,0xc0,0xc0,0xbf,0xc1,0xfd,0xd8,0xb9,0xd4,0xff,
    0xff,0x5e,0x00,0x49,0xf9,0x00,0x00,0x00,0x00,0x00,0xa7,0xa9,0x00,0x00,0x00,0x00,0x02,0xf9,0x4c,0x00,0x62,0xff,0xdf,0xa9,0x04,0x3c,0xff,0x30,0x06,0x08,0x0a,0x06,0xb0,0xaf,0x05,0x09,0x07,0x05,0x2e,0xff,0x3b,0x03,0xa8,0xdf,
    0x8b,0xee,0x03,0x03,0xf7,0x5b,0x00,0x00,0x00,0x00,0xab,0xab,0x00,0x00,0x00,0x00,0x5b,0xf7,0x03,0x03,0xee,0x8b,0x21,0xfe,0x76,0x24,0xd8,0xb5,0x26,0x27,0x28,0x24,0xba,0xb9,0x23,0x26,0x26,0x25,0xb5,0xd7,0x23,0x77,0xfe,0x21,
    0x00,0x91,0xff,0xf2,0xfb,0xff,0xf6,0xff,0xfd,0xfd,0xfe,0xff,0xff,0xff,0xff,0xfa,0xff,0xff,0xf5,0xff,0x91,0x00,0x02,0x0e,0xe0,0xd6,0x28,0xe8,0xa3,0x1d,0x2d,0x24,0xb8,0xc0,0x31,0x3e,0x2b,0xb0,0xe8,0x39,0xe0,0xe0,0x0f,0x02,
    0x02,0x00,0x2d,0xf2,0xaf,0x77,0xf5,0x2c,0x00,0x00,0xac,0xab,0x00,0x00,0x2a,0xf4,0x77,0xac,0xf0,0x2d,0x00,0x02,0x00,0x02,0x00,0x30,0xe7,0xf1,0xfa,0xe8,0x3a,0x00,0xaa,0xaa,0x00,0x3b,0xe9,0xfb,0xf1,0xe8,0x30,0x00,0x02,0x00,
    0x00,0x00,0x03,0x00,0x0f,0x95,0xf0,0xff,0xff,0x8d,0xca,0xca,0x8d,0xff,0xff,0xf0,0x95,0x0f,0x00,0x03,0x00,0x00,0x00,0x00,0x00,0x03,0x00,0x00,0x28,0x83,0xcc,0xff,0xff,0xff,0xff,0xcc,0x83,0x28,0x00,0x00,0x03,0x00,0x00,0x00,

};

const lv_image_dsc_t emoji_globe_meridians_22 = {
  .header.magic = LV_IMAGE_HEADER_MAGIC,
  .header.cf = LV_COLOR_FORMAT_RGB565A8,
  .header.flags = 0,
  .header.w = 22,
  .header.h = 22,
  .header.stride = 44,
  .data_size = sizeof(emoji_globe_meridians_22_map),
  .data = emoji_globe_meridians_22_map,
};




#ifndef LV_ATTRIBUTE_MEM_ALIGN
#define LV_ATTRIBUTE_MEM_ALIGN
#endif

#ifndef LV_ATTRIBUTE_EMOJI_EGGPLANT_22
#define LV_ATTRIBUTE_EMOJI_EGGPLANT_22
#endif

static const
LV_ATTRIBUTE_MEM_ALIGN LV_ATTRIBUTE_LARGE_CONST LV_ATTRIBUTE_EMOJI_EGGPLANT_22
uint8_t emoji_eggplant_22_map[] = {

    0x00,0x00,0x8a,0x75,0x8a,0x75,0xef,0x7f,0xef,0x7f,0xe7,0x3d,0x00,0x00,0x00,0x00,0x00,0x00,0x00,0x00,0x00,0x00,0x00,0x00,0x00,0x00,0x00,0x00,0x00,0x00,0x00,0x00,0x00,0x00,0x00,0x00,0x00,0x00,0x00,0x00,0x00,0x00,0x00,0x00,
    0x00,0x00,0x8a,0x75,0x8a,0x75,0x4a,0x75,0x00,0x00,0x00,0x00,0x1f,0x00,0x00,0x00,0x00,0x00,0x00,0x00,0x00,0x00,0x00,0x00,0x00,0x00,0x00,0x00,0x00,0x00,0x00,0x00,0x00,0x00,0x00,0x00,0x00,0x00,0x00,0x00,0x00,0x00,0x00,0x00,
    0x00,0x00,0x8a,0x75,0xeb,0x85,0x8a,0x75,0xea,0x7d,0x28,0x76,0x00,0x00,0x4a,0xad,0x00,0x00,0x00,0x00,0x00,0x00,0x00,0x00,0x00,0x00,0x00,0x00,0x00,0x00,0x00,0x00,0x00,0x00,0x00,0x00,0x00,0x00,0x00,0x00,0x00,0x00,0x00,0x00,
    0x6b,0x7d,0xaa,0x75,0xea,0x7d,0xcb,0x7d,0x0d,0x7d,0xef,0x84,0x0f,0x74,0x00,0x00,0xef,0x7b,0x00,0x00,0x00,0x00,0x00,0x00,0x00,0x00,0x00,0x00,0x00,0x00,0x00,0x00,0x00,0x00,0x00,0x00,0x00,0x00,0x00,0x00,0x00,0x00,0x00,0x00,
    0xc9,0x75,0x4b,0x7d,0xad,0x74,0x8a,0x75,0xd4,0x72,0x36,0x72,0x96,0x7a,0x74,0x72,0x00,0x00,0xf7,0x79,0x00,0x00,0x00,0x00,0x00,0x00,0x00,0x00,0x00,0x00,0x00,0x00,0x00,0x00,0x00,0x00,0x00,0x00,0x00,0x00,0x00,0x00,0x00,0x00,
    0xe6,0x7e,0xf0,0x73,0x36,0x72,0x32,0x73,0x94,0x72,0x75,0x72,0x75,0x72,0x95,0x72,0x54,0x72,0x00,0x00,0xb5,0xaa,0x00,0x00,0x00,0x00,0x00,0x00,0x00,0x00,0x00,0x00,0x00,0x00,0x00,0x00,0x00,0x00,0x00,0x00,0x00,0x00,0x00,0x00,
    0xe0,0x7f,0xf3,0x72,0x76,0x7a,0x55,0x72,0x75,0x72,0x75,0x72,0x75,0x72,0x96,0x7a,0x75,0x72,0x94,0x6a,0x00,0x00,0xf7,0x79,0x00,0x00,0x00,0x00,0x00,0x00,0x00,0x00,0x00,0x00,0x00,0x00,0x00,0x00,0x00,0x00,0x00,0x00,0x00,0x00,
    0x00,0x00,0x55,0x72,0xb6,0x7a,0x75,0x72,0x75,0x72,0x75,0x72,0x75,0x72,0x75,0x72,0x96,0x7a,0x75,0x72,0x33,0x72,0x00,0x00,0xf7,0x79,0x00,0x00,0x00,0x00,0x00,0x00,0x00,0x00,0x00,0x00,0x00,0x00,0x00,0x00,0x00,0x00,0x00,0x00,
    0x00,0x00,0x75,0x72,0x96,0x7a,0x75,0x72,0x75,0x72,0x75,0x72,0x75,0x72,0x75,0x72,0x75,0x72,0x96,0x7a,0x75,0x72,0x74,0x72,0x00,0x00,0x00,0x00,0xf7,0x79,0xef,0x7b,0x00,0x00,0x00,0x00,0x00,0x00,0x00,0x00,0x00,0x00,0x00,0x00,
    0x1f,0x00,0xb5,0x7a,0x75,0x72,0x96,0x7a,0x75,0x72,0x75,0x72,0x75,0x72,0x75,0x72,0x75,0x72,0x75,0x72,0x96,0x7a,0x75,0x72,0x75,0x72,0x76,0x7a,0x00,0x00,0x00,0x00,0x00,0x00,0xef,0x79,0x1f,0xf8,0x00,0x00,0x00,0x00,0x00,0x00,
    0xf7,0x79,0x00,0x00,0x75,0x72,0x96,0x7a,0x75,0x72,0x75,0x72,0x75,0x72,0x75,0x72,0x75,0x72,0x75,0x72,0x75,0x72,0x75,0x72,0x96,0x7a,0x75,0x72,0x75,0x72,0x75,0x72,0xb5,0x7a,0x00,0x00,0x00,0x00,0xff,0x7b,0x00,0x00,0x00,0x00,
    0x00,0x00,0xef,0x7b,0x52,0x6a,0x75,0x72,0x96,0x7a,0x75,0x72,0x75,0x72,0x75,0x72,0x75,0x72,0x75,0x72,0x75,0x72,0x75,0x72,0x75,0x72,0x95,0x7a,0x96,0x7a,0x75,0x72,0x95,0x72,0x75,0x72,0x32,0x6a,0x00,0x00,0xff,0x7b,0x00,0x00,
    0x00,0x00,0xb5,0x52,0x00,0x00,0x75,0x72,0x96,0x7a,0x75,0x72,0x75,0x72,0x75,0x72,0x75,0x72,0x75,0x72,0x75,0x72,0x75,0x72,0x75,0x72,0x75,0x72,0x75,0x72,0x75,0x72,0x95,0x72,0xb6,0x7a,0x95,0x72,0x74,0x72,0x00,0x00,0xff,0x7b,
    0x00,0x00,0x00,0x00,0xb5,0xaa,0x00,0x00,0x74,0x72,0xb6,0x7a,0x75,0x72,0x75,0x72,0x75,0x72,0x75,0x72,0x75,0x72,0x75,0x72,0x75,0x72,0x75,0x72,0x75,0x72,0x75,0x72,0x75,0x72,0x75,0x72,0x96,0x7a,0x75,0x72,0x55,0x72,0x1f,0x00,
    0x00,0x00,0x00,0x00,0x1f,0xf8,0xff,0x7b,0x56,0x7a,0x75,0x72,0x96,0x7a,0x75,0x72,0x75,0x72,0x75,0x72,0x75,0x72,0x75,0x72,0x75,0x72,0x75,0x72,0x75,0x72,0x75,0x72,0x75,0x72,0x75,0x72,0x75,0x72,0xb6,0x7a,0x75,0x72,0x00,0x00,
    0x00,0x00,0x00,0x00,0x00,0x00,0xb5,0x52,0x00,0x00,0x54,0x72,0x95,0x72,0x75,0x72,0x75,0x72,0x75,0x72,0x75,0x72,0x75,0x72,0x75,0x72,0x75,0x72,0x75,0x72,0x75,0x72,0x75,0x72,0x75,0x72,0x75,0x72,0x75,0x72,0x75,0x72,0x75,0x72,
    0x00,0x00,0x00,0x00,0x00,0x00,0x00,0x00,0xb5,0xaa,0x00,0x00,0x75,0x72,0x96,0x7a,0x75,0x72,0x75,0x72,0x75,0x72,0x75,0x72,0x75,0x72,0x75,0x72,0x75,0x72,0x75,0x72,0x75,0x72,0x75,0x72,0x75,0x72,0x75,0x72,0x96,0x7a,0x75,0x72,
    0x00,0x00,0x00,0x00,0x00,0x00,0x00,0x00,0x00,0x00,0xf7,0x79,0x00,0x00,0x75,0x72,0x95,0x7a,0x75,0x72,0x75,0x72,0x75,0x72,0x75,0x72,0x75,0x72,0x75,0x72,0x75,0x72,0x75,0x72,0x75,0x72,0x75,0x72,0x75,0x72,0x96,0x7a,0x74,0x72,
    0x00,0x00,0x00,0x00,0x00,0x00,0x00,0x00,0x00,0x00,0x00,0x00,0xf7,0x79,0x00,0x00,0x74,0x72,0x96,0x72,0x95,0x7a,0x75,0x72,0x75,0x72,0x75,0x72,0x75,0x72,0x75,0x72,0x75,0x72,0x75,0x72,0x75,0x72,0x75,0x72,0x96,0x7a,0x75,0x72,
    0x00,0x00,0x00,0x00,0x00,0x00,0x00,0x00,0x00,0x00,0x00,0x00,0x00,0x00,0xf7,0x79,0x00,0x00,0x54,0x72,0x95,0x72,0xb6,0x7a,0x75,0x72,0x75,0x72,0x75,0x72,0x75,0x72,0x75,0x72,0x75,0x72,0x75,0x72,0x95,0x72,0x75,0x72,0x94,0x72,
    0x00,0x00,0x00,0x00,0x00,0x00,0x00,0x00,0x00,0x00,0x00,0x00,0x00,0x00,0x00,0x00,0xef,0x79,0x00,0x00,0x54,0x6a,0x95,0x72,0x95,0x72,0x96,0x7a,0x75,0x72,0x75,0x72,0x75,0x72,0x75,0x72,0x96,0x7a,0x96,0x7a,0x75,0x72,0x00,0x00,
    0x00,0x00,0x00,0x00,0x00,0x00,0x00,0x00,0x00,0x00,0x00,0x00,0x00,0x00,0x00,0x00,0x00,0x00,0xb5,0x52,0x00,0x00,0x00,0x00,0x75,0x72,0x95,0x72,0x75,0x72,0x75,0x72,0x75,0x72,0x75,0x72,0x96,0x7a,0x75,0x72,0x00,0x00,0xff,0x7b,
    0x00,0x98,0xde,0x02,0x02,0x04,0x00,0x00,0x00,0x00,0x00,0x00,0x00,0x00,0x00,0x00,0x00,0x00,0x00,0x00,0x00,0x00,0x01,0x89,0xfd,0x09,0x00,0x00,0x01,0x00,0x00,0x00,0x00,0x00,0x00,0x00,0x00,0x00,0x00,0x00,0x00,0x00,0x00,0x00,
    0x00,0x74,0xff,0xc9,0xc4,0x62,0x00,0x03,0x00,0x00,0x00,0x00,0x00,0x00,0x00,0x00,0x00,0x00,0x00,0x00,0x00,0x00,0x13,0xdf,0xff,0xff,0xff,0xff,0x81,0x00,0x04,0x00,0x00,0x00,0x00,0x00,0x00,0x00,0x00,0x00,0x00,0x00,0x00,0x00,
    0x40,0xff,0xff,0xfd,0xfc,0xfb,0xff,0x5a,0x00,0x04,0x00,0x00,0x00,0x00,0x00,0x00,0x00,0x00,0x00,0x00,0x00,0x00,0x2e,0xfa,0xff,0xff,0xff,0xfe,0xfe,0xf7,0x33,0x00,0x03,0x00,0x00,0x00,0x00,0x00,0x00,0x00,0x00,0x00,0x00,0x00,
    0x08,0xd5,0xff,0xfd,0xff,0xff,0xfd,0xff,0xda,0x13,0x00,0x04,0x00,0x00,0x00,0x00,0x00,0x00,0x00,0x00,0x00,0x00,0x00,0x95,0xfe,0xfb,0xff,0xff,0xff,0xfc,0xff,0xc4,0x12,0x00,0x04,0x01,0x00,0x00,0x00,0x00,0x00,0x00,0x00,0x00,
    0x00,0x47,0xff,0xfd,0xff,0xff,0xff,0xff,0xfc,0xff,0xd3,0x2e,0x00,0x00,0x04,0x02,0x01,0x00,0x00,0x00,0x00,0x00,0x01,0x06,0xd8,0xfe,0xfd,0xff,0xff,0xff,0xff,0xfc,0xff,0xf5,0x76,0x0a,0x00,0x00,0x00,0x04,0x01,0x00,0x00,0x00,
    0x04,0x00,0x63,0xff,0xfc,0xff,0xff,0xff,0xff,0xff,0xfd,0xff,0xff,0xd7,0x76,0x2e,0x06,0x00,0x00,0x02,0x00,0x00,0x01,0x02,0x07,0xd4,0xfe,0xfd,0xff,0xff,0xff,0xff,0xff,0xfe,0xfc,0xff,0xff,0xfc,0xd8,0x86,0x16,0x00,0x02,0x00,
    0x00,0x03,0x00,0x48,0xff,0xfc,0xff,0xff,0xff,0xff,0xff,0xff,0xff,0xfd,0xfb,0xff,0xff,0xff,0xe0,0x3c,0x00,0x02,0x00,0x00,0x03,0x00,0xa1,0xff,0xfb,0xff,0xff,0xff,0xff,0xff,0xff,0xff,0xff,0xfe,0xfd,0xfa,0xff,0xf1,0x25,0x01,
    0x00,0x00,0x01,0x02,0x11,0xde,0xff,0xfc,0xff,0xff,0xff,0xff,0xff,0xff,0xff,0xff,0xff,0xff,0xfa,0xff,0xad,0x00,0x00,0x00,0x00,0x03,0x00,0x37,0xf8,0xfe,0xfd,0xff,0xff,0xff,0xff,0xff,0xff,0xff,0xff,0xff,0xff,0xfe,0xf8,0x27,
    0x00,0x00,0x00,0x00,0x03,0x00,0x55,0xff,0xfd,0xfd,0xff,0xff,0xff,0xff,0xff,0xff,0xff,0xff,0xff,0xfd,0xff,0x5e,0x00,0x00,0x00,0x00,0x00,0x04,0x00,0x5b,0xfe,0xfe,0xfd,0xff,0xff,0xff,0xff,0xff,0xff,0xff,0xff,0xfc,0xfe,0x6c,
    0x00,0x00,0x00,0x00,0x00,0x00,0x04,0x00,0x57,0xf9,0xff,0xfb,0xff,0xff,0xff,0xff,0xff,0xff,0xff,0xfc,0xff,0x65,0x00,0x00,0x00,0x00,0x00,0x00,0x00,0x04,0x00,0x41,0xe4,0xff,0xfe,0xfd,0xfe,0xff,0xff,0xfe,0xfc,0xff,0xfa,0x26,
    0x00,0x00,0x00,0x00,0x00,0x00,0x00,0x00,0x04,0x00,0x1c,0xa8,0xff,0xff,0xff,0xff,0xff,0xff,0xff,0xfd,0x6c,0x00,0x00,0x00,0x00,0x00,0x00,0x00,0x00,0x00,0x00,0x03,0x00,0x00,0x47,0xac,0xea,0xfe,0xfe,0xeb,0xb2,0x45,0x00,0x02,

};

const lv_image_dsc_t emoji_eggplant_22 = {
  .header.magic = LV_IMAGE_HEADER_MAGIC,
  .header.cf = LV_COLOR_FORMAT_RGB565A8,
  .header.flags = 0,
  .header.w = 22,
  .header.h = 22,
  .header.stride = 44,
  .data_size = sizeof(emoji_eggplant_22_map),
  .data = emoji_eggplant_22_map,
};




#ifndef LV_ATTRIBUTE_MEM_ALIGN
#define LV_ATTRIBUTE_MEM_ALIGN
#endif

#ifndef LV_ATTRIBUTE_EMOJI_SHIELD_22
#define LV_ATTRIBUTE_EMOJI_SHIELD_22
#endif

static const
LV_ATTRIBUTE_MEM_ALIGN LV_ATTRIBUTE_LARGE_CONST LV_ATTRIBUTE_EMOJI_SHIELD_22
uint8_t emoji_shield_22_map[] = {

    0x00,0x00,0x00,0x00,0x00,0x00,0x00,0x00,0xbb,0xce,0xdb,0xd6,0xdb,0xde,0xdb,0xde,0xdb,0xd6,0xdb,0xd6,0xdb,0xd6,0xdc,0xd6,0xdc,0xd6,0xfc,0xd6,0x1c,0xdf,0x1c,0xdf,0x1c,0xdf,0xbb,0xce,0x00,0x00,0x00,0x00,0x00,0x00,0x00,0x00,
    0xff,0xff,0xfb,0xce,0xdb,0xd6,0xdb,0xde,0xbb,0xce,0xdd,0xc6,0x9d,0xae,0x5d,0x9e,0x1d,0x86,0xdd,0x75,0x9c,0x6d,0x35,0x4c,0x35,0x54,0xb6,0x64,0x38,0x85,0xfa,0x9d,0x7b,0xbe,0xbb,0xce,0x1c,0xdf,0xdc,0xd6,0xdb,0xce,0xff,0xff,
    0x00,0x00,0xdb,0xd6,0x7f,0xdf,0x3d,0x96,0xbd,0x6d,0x5d,0x55,0x5d,0x4d,0x5d,0x4d,0x5d,0x4d,0x5e,0x4d,0x3d,0x4d,0x33,0x1b,0xf2,0x12,0xf2,0x12,0xf2,0x12,0xf2,0x12,0x33,0x23,0xd4,0x3b,0x18,0x7d,0x5e,0xdf,0xdb,0xd6,0x00,0x00,
    0x00,0x00,0xdb,0xde,0xde,0xbe,0x3e,0x45,0x5d,0x55,0x7d,0x55,0x7d,0x55,0x7d,0x55,0x7d,0x55,0x7d,0x55,0x5d,0x55,0x53,0x23,0x33,0x23,0x53,0x23,0x53,0x23,0x33,0x23,0x33,0x23,0x12,0x1b,0xb1,0x0a,0x3b,0xae,0x1c,0xdf,0x00,0x00,
    0x00,0x00,0xdb,0xd6,0x9e,0xae,0x5d,0x4d,0x7d,0x5d,0x7d,0x55,0x7d,0x55,0x7d,0x55,0x7d,0x55,0x7d,0x55,0x5d,0x55,0x53,0x23,0x33,0x23,0x33,0x23,0x33,0x23,0x33,0x23,0x33,0x23,0x53,0x23,0xf2,0x12,0xb9,0x95,0x1c,0xdf,0x00,0x00,
    0x00,0x00,0xdb,0xde,0x7e,0x9e,0x3d,0x4d,0x7d,0x55,0x7d,0x55,0x7d,0x55,0x7d,0x55,0x7d,0x55,0x7d,0x55,0x5d,0x55,0x53,0x23,0x33,0x23,0x33,0x23,0x33,0x23,0x33,0x23,0x33,0x23,0x53,0x23,0xf2,0x12,0x58,0x7d,0x1c,0xdf,0x00,0x00,
    0x00,0x00,0xdb,0xd6,0x5e,0x96,0x5d,0x4d,0x7d,0x55,0x7d,0x55,0x7d,0x55,0x7d,0x55,0x7d,0x55,0x7d,0x55,0x5d,0x55,0x53,0x23,0x33,0x23,0x33,0x23,0x33,0x23,0x33,0x23,0x33,0x23,0x53,0x23,0xf2,0x12,0xf8,0x74,0xfc,0xde,0x00,0x00,
    0x00,0x00,0xdb,0xd6,0x3e,0x8e,0x5d,0x4d,0x7d,0x55,0x7d,0x55,0x7d,0x55,0x7d,0x55,0x7d,0x55,0x7d,0x55,0x5d,0x55,0x53,0x23,0x33,0x23,0x33,0x23,0x33,0x23,0x33,0x23,0x33,0x23,0x53,0x23,0xf2,0x12,0xd7,0x6c,0xfc,0xd6,0x00,0x00,
    0x00,0x00,0xdb,0xd6,0x3e,0x8e,0x5d,0x4d,0x7d,0x55,0x7d,0x55,0x7d,0x55,0x7d,0x55,0x7d,0x55,0x7d,0x55,0x5d,0x55,0x53,0x23,0x33,0x23,0x33,0x23,0x33,0x23,0x33,0x23,0x33,0x23,0x53,0x23,0xf2,0x12,0xd7,0x6c,0xfc,0xde,0x00,0x00,
    0x00,0x00,0xdb,0xd6,0x5e,0x96,0x3d,0x4d,0x7d,0x55,0x7d,0x55,0x7d,0x55,0x7d,0x55,0x7d,0x55,0x7d,0x55,0x5d,0x55,0x53,0x23,0x33,0x23,0x33,0x23,0x33,0x23,0x33,0x23,0x33,0x23,0x53,0x23,0xf2,0x12,0x18,0x7d,0x1c,0xdf,0x00,0x00,
    0x00,0x00,0xdb,0xde,0x9e,0xa6,0x3d,0x4d,0x7d,0x55,0x7d,0x55,0x7d,0x55,0x7d,0x55,0x7d,0x55,0x7d,0x55,0x5d,0x55,0x53,0x23,0x33,0x23,0x33,0x23,0x33,0x23,0x33,0x23,0x33,0x23,0x53,0x23,0xf2,0x12,0x99,0x8d,0x1c,0xdf,0x00,0x00,
    0x00,0x00,0xdb,0xde,0xde,0xbe,0x5d,0x4d,0x7d,0x55,0x7d,0x55,0x7d,0x55,0x7d,0x55,0x7d,0x55,0x7d,0x55,0x5d,0x55,0x53,0x23,0x33,0x23,0x33,0x23,0x33,0x23,0x33,0x23,0x33,0x23,0x33,0x23,0xf2,0x12,0x3b,0xae,0x1c,0xdf,0x00,0x00,
    0x00,0x00,0xbb,0xd6,0xfd,0xce,0x7d,0x5d,0x5d,0x55,0x7d,0x55,0x7d,0x55,0x7d,0x55,0x7d,0x55,0x7d,0x55,0x5d,0x55,0x53,0x23,0x33,0x23,0x33,0x23,0x33,0x23,0x33,0x23,0x33,0x23,0x33,0x23,0x53,0x2b,0xbc,0xc6,0xfc,0xd6,0x00,0x00,
    0x00,0x00,0xbc,0xbe,0xdb,0xd6,0xfd,0x7d,0x5d,0x4d,0x7d,0x55,0x7d,0x55,0x7d,0x55,0x7d,0x55,0x7d,0x55,0x5d,0x55,0x53,0x23,0x33,0x23,0x33,0x23,0x33,0x23,0x33,0x23,0x53,0x23,0xf2,0x12,0x56,0x54,0xdc,0xd6,0x5a,0xbe,0x00,0x00,
    0xff,0xff,0x00,0x00,0xdb,0xd6,0xbe,0xb6,0x5d,0x4d,0x7d,0x55,0x7d,0x55,0x7d,0x55,0x7d,0x55,0x7d,0x55,0x5d,0x55,0x53,0x23,0x33,0x23,0x33,0x23,0x33,0x23,0x33,0x23,0x53,0x23,0xf2,0x12,0x1a,0xa6,0xfc,0xde,0x00,0x00,0xff,0xff,
    0x5f,0xad,0x00,0x00,0xbb,0xce,0xfc,0xd6,0xdd,0x75,0x5d,0x4d,0x7d,0x55,0x7d,0x55,0x7d,0x55,0x7d,0x55,0x5d,0x55,0x53,0x23,0x33,0x23,0x33,0x23,0x33,0x23,0x53,0x23,0xf2,0x1a,0x15,0x4c,0xfc,0xd6,0x9b,0xce,0x00,0x00,0x5f,0xad,
    0x00,0x00,0x55,0xad,0x00,0x00,0xbb,0xd6,0x1e,0xcf,0x5d,0x55,0x7d,0x55,0x7d,0x55,0x7d,0x55,0x7d,0x55,0x5d,0x55,0x53,0x23,0x33,0x23,0x33,0x23,0x53,0x23,0x33,0x1b,0x33,0x23,0xbc,0xc6,0xdb,0xd6,0x00,0x00,0x55,0xad,0x00,0x00,
    0x00,0x00,0xff,0xff,0xff,0xff,0xbd,0xae,0xdb,0xd6,0xdd,0xbe,0x5d,0x55,0x5d,0x55,0x7d,0x55,0x7d,0x55,0x5d,0x55,0x53,0x23,0x33,0x23,0x53,0x23,0x12,0x1b,0x12,0x1b,0x3b,0xae,0x1c,0xdf,0xfa,0xad,0xff,0xff,0xff,0xff,0x00,0x00,
    0x00,0x00,0x00,0x00,0xff,0xff,0x00,0x00,0xbb,0xbe,0xfc,0xde,0xde,0xbe,0x7d,0x5d,0x5d,0x4d,0x7d,0x55,0x5d,0x55,0x73,0x2b,0x33,0x23,0xf2,0x12,0x73,0x2b,0x5b,0xb6,0x1c,0xdf,0x3a,0xb6,0x00,0x00,0xff,0xff,0x00,0x00,0x00,0x00,
    0x00,0x00,0x00,0x00,0x00,0x00,0xff,0xff,0x00,0x00,0x3b,0xb6,0xfc,0xde,0x3e,0xd7,0x1d,0x86,0x7d,0x55,0x3d,0x4d,0x13,0x1b,0x12,0x1b,0xb7,0x64,0xfd,0xce,0x1c,0xdf,0xf9,0xad,0x00,0x00,0xff,0xff,0x00,0x00,0x00,0x00,0x00,0x00,
    0x00,0x00,0x00,0x00,0x00,0x00,0x00,0x00,0xff,0xff,0x00,0x00,0x0f,0x00,0xdb,0xd6,0xdb,0xd6,0xfd,0xc6,0xfc,0x85,0xf7,0x6c,0x7b,0xbe,0x1c,0xdf,0xfc,0xd6,0x00,0x00,0x00,0x00,0xff,0xff,0x00,0x00,0x00,0x00,0x00,0x00,0x00,0x00,
    0x00,0x00,0x00,0x00,0x00,0x00,0x00,0x00,0x00,0x00,0xef,0x7b,0x00,0x00,0x00,0x00,0x5b,0xb6,0xfc,0xde,0xdb,0xd6,0x1c,0xdf,0x1c,0xdf,0xfa,0xb5,0x00,0x00,0x00,0x00,0xef,0x7b,0x00,0x00,0x00,0x00,0x00,0x00,0x00,0x00,0x00,0x00,
    0x00,0x00,0x00,0x00,0x2d,0x66,0x9e,0xc7,0xe3,0xf9,0xff,0xff,0xf9,0xe2,0xc7,0x9e,0x66,0x2d,0x00,0x00,0x00,0x00,0x01,0x0f,0x7b,0xcb,0xf9,0xff,0xff,0xff,0xff,0xff,0xff,0xff,0xff,0xff,0xff,0xff,0xff,0xf9,0xcb,0x7b,0x0e,0x01,
    0x00,0x57,0xff,0xff,0xff,0xfd,0xfc,0xfd,0xfe,0xff,0xff,0xff,0xff,0xfe,0xfd,0xfc,0xfd,0xff,0xff,0xff,0x57,0x00,0x00,0x7f,0xfb,0xf8,0xfe,0xff,0xff,0xff,0xff,0xff,0xff,0xff,0xff,0xff,0xff,0xff,0xff,0xfe,0xf8,0xfb,0x7f,0x00,
    0x00,0xa1,0xff,0xfb,0xff,0xff,0xff,0xff,0xff,0xff,0xff,0xff,0xff,0xff,0xff,0xff,0xff,0xff,0xfb,0xff,0xa1,0x00,0x00,0xb9,0xff,0xfc,0xff,0xff,0xff,0xff,0xff,0xff,0xff,0xff,0xff,0xff,0xff,0xff,0xff,0xff,0xfc,0xff,0xb9,0x00,
    0x00,0xc8,0xff,0xfc,0xff,0xff,0xff,0xff,0xff,0xff,0xff,0xff,0xff,0xff,0xff,0xff,0xff,0xff,0xfc,0xff,0xc8,0x00,0x00,0xcf,0xff,0xfd,0xff,0xff,0xff,0xff,0xff,0xff,0xff,0xff,0xff,0xff,0xff,0xff,0xff,0xff,0xfd,0xff,0xcf,0x00,
    0x00,0xcc,0xff,0xfd,0xff,0xff,0xff,0xff,0xff,0xff,0xff,0xff,0xff,0xff,0xff,0xff,0xff,0xff,0xfd,0xff,0xcc,0x00,0x00,0xc1,0xff,0xfc,0xff,0xff,0xff,0xff,0xff,0xff,0xff,0xff,0xff,0xff,0xff,0xff,0xff,0xff,0xfc,0xff,0xc1,0x00,
    0x00,0xaa,0xff,0xfc,0xff,0xff,0xff,0xff,0xff,0xff,0xff,0xff,0xff,0xff,0xff,0xff,0xff,0xff,0xfc,0xff,0xaa,0x00,0x00,0x82,0xfe,0xfb,0xff,0xff,0xff,0xff,0xff,0xff,0xff,0xff,0xff,0xff,0xff,0xff,0xff,0xff,0xfb,0xfe,0x82,0x00,
    0x00,0x4e,0xff,0xfc,0xff,0xff,0xff,0xff,0xff,0xff,0xff,0xff,0xff,0xff,0xff,0xff,0xff,0xff,0xfc,0xff,0x4e,0x00,0x00,0x13,0xef,0xff,0xfe,0xff,0xff,0xff,0xff,0xff,0xff,0xff,0xff,0xff,0xff,0xff,0xff,0xfe,0xff,0xef,0x13,0x00,
    0x03,0x00,0xa5,0xff,0xfb,0xff,0xff,0xff,0xff,0xff,0xff,0xff,0xff,0xff,0xff,0xff,0xff,0xfb,0xff,0xa4,0x00,0x03,0x03,0x00,0x32,0xfd,0xfc,0xfe,0xff,0xff,0xff,0xff,0xff,0xff,0xff,0xff,0xff,0xff,0xfe,0xfc,0xfd,0x33,0x00,0x03,
    0x00,0x03,0x00,0x97,0xff,0xfa,0xff,0xff,0xff,0xff,0xff,0xff,0xff,0xff,0xff,0xff,0xfa,0xff,0x97,0x00,0x03,0x00,0x00,0x01,0x02,0x0c,0xd1,0xff,0xfa,0xff,0xff,0xff,0xff,0xff,0xff,0xff,0xff,0xfa,0xff,0xd1,0x0c,0x02,0x01,0x00,
    0x00,0x00,0x02,0x00,0x1f,0xd9,0xff,0xfa,0xfe,0xff,0xff,0xff,0xff,0xfe,0xfa,0xff,0xd9,0x1f,0x00,0x02,0x00,0x00,0x00,0x00,0x00,0x02,0x00,0x1b,0xbe,0xff,0xff,0xfc,0xfe,0xfe,0xfc,0xff,0xff,0xbe,0x1b,0x00,0x02,0x00,0x00,0x00,
    0x00,0x00,0x00,0x00,0x02,0x00,0x02,0x73,0xe7,0xff,0xff,0xff,0xff,0xe7,0x73,0x02,0x00,0x02,0x00,0x00,0x00,0x00,0x00,0x00,0x00,0x00,0x00,0x02,0x00,0x00,0x1c,0x84,0xe5,0xe5,0x84,0x1c,0x00,0x00,0x02,0x00,0x00,0x00,0x00,0x00,

};

const lv_image_dsc_t emoji_shield_22 = {
  .header.magic = LV_IMAGE_HEADER_MAGIC,
  .header.cf = LV_COLOR_FORMAT_RGB565A8,
  .header.flags = 0,
  .header.w = 22,
  .header.h = 22,
  .header.stride = 44,
  .data_size = sizeof(emoji_shield_22_map),
  .data = emoji_shield_22_map,
};




#ifndef LV_ATTRIBUTE_MEM_ALIGN
#define LV_ATTRIBUTE_MEM_ALIGN
#endif

#ifndef LV_ATTRIBUTE_EMOJI_GOGGLES_22
#define LV_ATTRIBUTE_EMOJI_GOGGLES_22
#endif

static const
LV_ATTRIBUTE_MEM_ALIGN LV_ATTRIBUTE_LARGE_CONST LV_ATTRIBUTE_EMOJI_GOGGLES_22
uint8_t emoji_goggles_22_map[] = {

    0x00,0x00,0x00,0x00,0x00,0x00,0x00,0x00,0x00,0x00,0x00,0x00,0x00,0x00,0x00,0x00,0x00,0x00,0x00,0x00,0x00,0x00,0x00,0x00,0x00,0x00,0x00,0x00,0x00,0x00,0x00,0x00,0x00,0x00,0x00,0x00,0x00,0x00,0x00,0x00,0x00,0x00,0x00,0x00,
    0x00,0x00,0x00,0x00,0x00,0x00,0x00,0x00,0x00,0x00,0x00,0x00,0x00,0x00,0x00,0x00,0x00,0x00,0x00,0x00,0x00,0x00,0x00,0x00,0x00,0x00,0x00,0x00,0x00,0x00,0x00,0x00,0x00,0x00,0x00,0x00,0x00,0x00,0x00,0x00,0x00,0x00,0x00,0x00,
    0x00,0x00,0x00,0x00,0x00,0x00,0x00,0x00,0x00,0x00,0x00,0x00,0x00,0x00,0x00,0x00,0x00,0x00,0x00,0x00,0x00,0x00,0x00,0x00,0x00,0x00,0x00,0x00,0x00,0x00,0x00,0x00,0x00,0x00,0x00,0x00,0x00,0x00,0x00,0x00,0x00,0x00,0x00,0x00,
    0x00,0x00,0x00,0x00,0x00,0x00,0xff,0x7f,0x55,0xad,0xf7,0x7d,0xf7,0xbd,0xf7,0xbd,0xf7,0xbd,0xf7,0xbd,0xf7,0xbd,0xf7,0xbd,0xf7,0xbd,0xf7,0xbd,0xf7,0xbd,0xf7,0xbd,0xf7,0x7d,0x55,0xad,0xff,0x7b,0x00,0x00,0x00,0x00,0x00,0x00,
    0x00,0x00,0xef,0x7b,0x00,0x00,0x00,0x00,0x00,0x00,0x00,0x00,0x00,0x00,0x00,0x00,0x00,0x00,0x00,0x00,0x00,0x00,0x00,0x00,0x00,0x00,0x00,0x00,0x00,0x00,0x00,0x00,0x00,0x00,0x00,0x00,0x00,0x00,0xff,0xff,0xff,0xff,0x00,0x00,
    0xff,0xff,0x00,0x00,0x00,0x00,0x97,0xa5,0x56,0x9d,0x35,0x95,0x36,0x95,0x36,0x95,0x35,0x95,0x35,0x95,0x15,0x95,0x15,0x95,0x15,0x95,0x15,0x95,0x36,0x95,0x15,0x95,0x35,0x95,0x56,0x9d,0x77,0xa5,0x00,0x00,0x00,0x00,0xff,0xff,
    0xef,0x7b,0x76,0x9d,0x77,0x9d,0x76,0x9d,0xb8,0xa5,0xf8,0xad,0x19,0xb6,0x39,0xb6,0x19,0xb6,0x39,0xb6,0x5a,0xbe,0x5a,0xbe,0x5a,0xbe,0x3a,0xbe,0x19,0xb6,0x39,0xb6,0xf9,0xb5,0xb8,0xa5,0x56,0x9d,0x77,0x9d,0x77,0x9d,0x55,0xad,
    0x00,0x00,0x36,0x95,0xf9,0xad,0x5a,0xbe,0x9b,0xce,0xbb,0xce,0xdb,0xce,0xdb,0xce,0xbb,0xce,0x1d,0xdf,0x7e,0xe7,0x5e,0xe7,0x7e,0xe7,0x1c,0xdf,0xdc,0xd6,0x5e,0xe7,0xfc,0xd6,0x9b,0xce,0x5a,0xbe,0x19,0xae,0x36,0x95,0x00,0x00,
    0xb8,0xa5,0x77,0x9d,0x7a,0xc6,0xdc,0xd6,0xbb,0xce,0xbb,0xce,0xbb,0xce,0xbb,0xce,0xbb,0xce,0x3d,0xdf,0x5d,0xe7,0x3d,0xe7,0x3d,0xe7,0xbb,0xce,0xfc,0xd6,0x3d,0xe7,0xbb,0xce,0xbb,0xce,0xdc,0xd6,0x7a,0xc6,0x76,0x9d,0xd8,0xa5,
    0x93,0x84,0x76,0x9d,0xdc,0xce,0xbb,0xce,0xbb,0xce,0xbb,0xce,0xbb,0xce,0xbb,0xce,0xdc,0xd6,0x5d,0xe7,0x3d,0xe7,0x5d,0xe7,0x1d,0xdf,0xbb,0xce,0x3d,0xdf,0x1c,0xdf,0xbb,0xce,0xbb,0xce,0xbb,0xce,0xdc,0xce,0x76,0x9d,0xb3,0x84,
    0x25,0x19,0xd4,0x8c,0xfc,0xd6,0xbb,0xce,0xbb,0xce,0xbb,0xce,0xbb,0xce,0xbb,0xce,0x1c,0xdf,0x5d,0xe7,0x5e,0xe7,0x7e,0xe7,0xfc,0xd6,0xdb,0xce,0x5d,0xe7,0xdc,0xd6,0xbb,0xce,0xbb,0xce,0xbb,0xce,0xfc,0xd6,0xd4,0x8c,0x24,0x19,
    0x25,0x19,0xd4,0x8c,0xfc,0xd6,0xbb,0xce,0xbb,0xce,0xbb,0xce,0xbb,0xce,0xbb,0xce,0x3d,0xe7,0x3d,0xdf,0xbb,0xce,0x9b,0xce,0xbb,0xce,0x1c,0xdf,0x3d,0xdf,0xbb,0xce,0xbb,0xce,0xbb,0xce,0xbb,0xce,0xfc,0xd6,0xd4,0x8c,0x24,0x19,
    0x93,0x84,0x76,0x9d,0xdc,0xce,0xbb,0xce,0xbb,0xce,0xbb,0xce,0xbb,0xce,0xdc,0xd6,0x5e,0xe7,0x39,0xbe,0x15,0x95,0x15,0x95,0x19,0xb6,0x5d,0xe7,0xfc,0xd6,0xbb,0xce,0xbb,0xce,0xbb,0xce,0xbb,0xce,0xdc,0xce,0x76,0x9d,0x93,0x84,
    0xb8,0xa5,0x97,0x9d,0x9a,0xc6,0xdc,0xce,0xbb,0xce,0xbb,0xce,0xbb,0xce,0x3d,0xe7,0x1c,0xdf,0x56,0x9d,0xd7,0xad,0x77,0xa5,0x76,0x9d,0xfc,0xd6,0xfc,0xd6,0xbb,0xce,0xbb,0xce,0xbb,0xce,0xdc,0xce,0x9a,0xc6,0x77,0x9d,0xd8,0xa5,
    0x00,0x00,0x36,0x95,0x19,0xb6,0x9b,0xc6,0xbb,0xce,0xdb,0xce,0xdc,0xd6,0x1c,0xdf,0x3a,0xb6,0x35,0x95,0x00,0x00,0x00,0x00,0x36,0x95,0x19,0xb6,0x9b,0xce,0xbb,0xce,0xdb,0xce,0xbb,0xce,0x9b,0xce,0x19,0xb6,0x36,0x95,0x00,0x00,
    0xef,0x7b,0x56,0x9d,0x77,0x9d,0xb8,0xa5,0x19,0xb6,0x19,0xb6,0x19,0xb6,0xd8,0xad,0x56,0x9d,0x56,0xa5,0xef,0x7b,0xef,0x7b,0x56,0x9d,0x56,0x9d,0xd8,0xa5,0x19,0xb6,0x19,0xb6,0x19,0xb6,0xb8,0xa5,0x76,0x9d,0x76,0x9d,0xff,0x7b,
    0xff,0xff,0x00,0x00,0xf5,0x94,0x76,0x9d,0x36,0x95,0x35,0x95,0x36,0x95,0x76,0x9d,0xb6,0xa5,0x00,0x00,0x1f,0x00,0x1f,0x00,0x00,0x00,0x55,0x95,0x77,0x9d,0x36,0x95,0x36,0x95,0x35,0x95,0x76,0x9d,0x15,0x95,0x00,0x00,0xff,0xff,
    0x00,0x00,0xef,0x7b,0x00,0x00,0x00,0x00,0x00,0x00,0x00,0x00,0x00,0x00,0x00,0x00,0x00,0x00,0xff,0xff,0x00,0x00,0x00,0x00,0xff,0xff,0x00,0x00,0x00,0x00,0x00,0x00,0x00,0x00,0x00,0x00,0x00,0x00,0x00,0x00,0xef,0x7b,0x00,0x00,
    0x00,0x00,0x00,0x00,0xff,0xff,0xf7,0x7b,0xf7,0xbd,0xf7,0xbd,0xf7,0xbd,0xf7,0x7b,0xff,0xff,0x00,0x00,0x00,0x00,0x00,0x00,0x00,0x00,0xff,0xff,0xf7,0x7b,0xf7,0xbd,0xf7,0xbd,0xf7,0xbd,0x5f,0xad,0xff,0xff,0x00,0x00,0x00,0x00,
    0x00,0x00,0x00,0x00,0x00,0x00,0x00,0x00,0x00,0x00,0x00,0x00,0x00,0x00,0x00,0x00,0x00,0x00,0x00,0x00,0x00,0x00,0x00,0x00,0x00,0x00,0x00,0x00,0x00,0x00,0x00,0x00,0x00,0x00,0x00,0x00,0x00,0x00,0x00,0x00,0x00,0x00,0x00,0x00,
    0x00,0x00,0x00,0x00,0x00,0x00,0x00,0x00,0x00,0x00,0x00,0x00,0x00,0x00,0x00,0x00,0x00,0x00,0x00,0x00,0x00,0x00,0x00,0x00,0x00,0x00,0x00,0x00,0x00,0x00,0x00,0x00,0x00,0x00,0x00,0x00,0x00,0x00,0x00,0x00,0x00,0x00,0x00,0x00,
    0x00,0x00,0x00,0x00,0x00,0x00,0x00,0x00,0x00,0x00,0x00,0x00,0x00,0x00,0x00,0x00,0x00,0x00,0x00,0x00,0x00,0x00,0x00,0x00,0x00,0x00,0x00,0x00,0x00,0x00,0x00,0x00,0x00,0x00,0x00,0x00,0x00,0x00,0x00,0x00,0x00,0x00,0x00,0x00,
    0x00,0x00,0x00,0x00,0x00,0x00,0x00,0x00,0x00,0x00,0x00,0x00,0x00,0x00,0x00,0x00,0x00,0x00,0x00,0x00,0x00,0x00,0x00,0x00,0x00,0x00,0x00,0x00,0x00,0x00,0x00,0x00,0x00,0x00,0x00,0x00,0x00,0x00,0x00,0x00,0x00,0x00,0x00,0x00,
    0x00,0x00,0x00,0x00,0x00,0x00,0x00,0x00,0x00,0x00,0x00,0x00,0x00,0x00,0x00,0x00,0x00,0x00,0x00,0x00,0x00,0x00,0x00,0x00,0x00,0x02,0x03,0x04,0x04,0x04,0x04,0x04,0x04,0x04,0x04,0x04,0x04,0x04,0x04,0x03,0x02,0x00,0x00,0x00,
    0x00,0x02,0x01,0x00,0x00,0x00,0x00,0x00,0x00,0x00,0x00,0x00,0x00,0x00,0x00,0x00,0x00,0x00,0x00,0x01,0x01,0x00,0x01,0x00,0x00,0x2b,0x4f,0x67,0x78,0x7f,0x7f,0x7f,0x7f,0x7f,0x7f,0x7f,0x7f,0x78,0x67,0x4e,0x29,0x00,0x00,0x01,
    0x02,0x20,0xbf,0xfd,0xff,0xff,0xff,0xff,0xff,0xff,0xff,0xff,0xff,0xff,0xff,0xff,0xff,0xff,0xfb,0xb8,0x1d,0x03,0x00,0xc5,0xff,0xfd,0xfd,0xfc,0xfb,0xfb,0xfb,0xfb,0xfb,0xfb,0xfb,0xfb,0xfb,0xfb,0xfc,0xfd,0xfd,0xff,0xbc,0x00,
    0x73,0xff,0xfc,0xfe,0xff,0xff,0xff,0xff,0xff,0xff,0xff,0xff,0xff,0xff,0xff,0xff,0xff,0xff,0xfe,0xfb,0xfe,0x6c,0xff,0xfe,0xff,0xff,0xff,0xff,0xff,0xff,0xff,0xff,0xff,0xff,0xff,0xff,0xff,0xff,0xff,0xff,0xff,0xff,0xff,0xff,
    0xfd,0xff,0xff,0xff,0xff,0xff,0xff,0xff,0xff,0xff,0xfd,0xfd,0xff,0xff,0xff,0xff,0xff,0xff,0xff,0xff,0xff,0xfd,0xfd,0xff,0xff,0xff,0xff,0xff,0xff,0xff,0xff,0xfe,0xff,0xff,0xfe,0xff,0xff,0xff,0xff,0xff,0xff,0xff,0xff,0xfd,
    0xff,0xfe,0xff,0xff,0xff,0xff,0xff,0xff,0xfe,0xff,0xd7,0xdb,0xff,0xfe,0xff,0xff,0xff,0xff,0xff,0xff,0xff,0xff,0x73,0xff,0xfd,0xff,0xff,0xff,0xff,0xfd,0xfd,0xeb,0x0f,0x16,0xf0,0xfd,0xfe,0xff,0xff,0xff,0xfe,0xfd,0xfd,0x6c,
    0x00,0xd2,0xff,0xfa,0xfb,0xfb,0xfb,0xf8,0xff,0x99,0x00,0x00,0xa3,0xff,0xf8,0xfb,0xfb,0xfb,0xf9,0xff,0xc9,0x00,0x02,0x3b,0xe5,0xff,0xff,0xff,0xff,0xff,0xdd,0x21,0x02,0x02,0x27,0xe3,0xff,0xff,0xff,0xff,0xff,0xe2,0x32,0x02,
    0x01,0x00,0x15,0x5c,0x7e,0x82,0x7e,0x5c,0x11,0x00,0x01,0x01,0x00,0x15,0x5d,0x7e,0x82,0x7d,0x59,0x13,0x00,0x01,0x00,0x02,0x00,0x00,0x00,0x00,0x00,0x00,0x00,0x01,0x00,0x00,0x01,0x00,0x00,0x00,0x00,0x00,0x00,0x00,0x02,0x00,
    0x00,0x00,0x01,0x04,0x04,0x04,0x04,0x04,0x01,0x00,0x00,0x00,0x00,0x01,0x04,0x04,0x04,0x04,0x03,0x01,0x00,0x00,0x00,0x00,0x00,0x00,0x00,0x00,0x00,0x00,0x00,0x00,0x00,0x00,0x00,0x00,0x00,0x00,0x00,0x00,0x00,0x00,0x00,0x00,
    0x00,0x00,0x00,0x00,0x00,0x00,0x00,0x00,0x00,0x00,0x00,0x00,0x00,0x00,0x00,0x00,0x00,0x00,0x00,0x00,0x00,0x00,0x00,0x00,0x00,0x00,0x00,0x00,0x00,0x00,0x00,0x00,0x00,0x00,0x00,0x00,0x00,0x00,0x00,0x00,0x00,0x00,0x00,0x00,

};

const lv_image_dsc_t emoji_goggles_22 = {
  .header.magic = LV_IMAGE_HEADER_MAGIC,
  .header.cf = LV_COLOR_FORMAT_RGB565A8,
  .header.flags = 0,
  .header.w = 22,
  .header.h = 22,
  .header.stride = 44,
  .data_size = sizeof(emoji_goggles_22_map),
  .data = emoji_goggles_22_map,
};




#ifndef LV_ATTRIBUTE_MEM_ALIGN
#define LV_ATTRIBUTE_MEM_ALIGN
#endif

#ifndef LV_ATTRIBUTE_EMOJI_LIZARD_22
#define LV_ATTRIBUTE_EMOJI_LIZARD_22
#endif

static const
LV_ATTRIBUTE_MEM_ALIGN LV_ATTRIBUTE_LARGE_CONST LV_ATTRIBUTE_EMOJI_LIZARD_22
uint8_t emoji_lizard_22_map[] = {

    0x4a,0x55,0x00,0x00,0x00,0x00,0xee,0xaf,0xed,0xa7,0x6a,0x75,0x00,0x00,0x4a,0x55,0xa4,0x43,0xc3,0x43,0x83,0x3b,0x00,0x00,0x40,0x55,0x00,0x00,0x00,0x00,0x00,0x00,0x00,0x00,0x00,0x00,0x00,0x00,0x00,0x00,0x00,0x00,0x00,0x00,
    0x00,0x00,0x67,0x5c,0x0b,0x86,0x49,0x64,0x87,0x3a,0xcb,0x7d,0x6a,0x75,0x00,0x00,0x83,0x3b,0x44,0x4c,0x83,0x3b,0xff,0xff,0xc6,0x64,0x00,0x00,0x00,0x00,0x00,0x00,0x00,0x00,0x00,0x00,0x00,0x00,0x00,0x00,0x00,0x00,0x00,0x00,
    0x0c,0x86,0xcb,0x7d,0x4c,0x86,0x2a,0x75,0x09,0x5c,0xcb,0x7d,0xeb,0x7d,0x8a,0x75,0xc4,0x43,0xa3,0x43,0x83,0x3b,0x00,0x12,0x00,0x00,0x4a,0x55,0xef,0x7f,0x00,0x00,0x00,0x00,0x00,0x00,0x00,0x00,0x00,0x00,0xe0,0x03,0x00,0x00,
    0x87,0x5c,0xe7,0x64,0xa7,0x5c,0x08,0x6d,0x89,0x75,0x6a,0x75,0x8a,0x7d,0xeb,0x85,0xcb,0x7d,0x8a,0x7d,0x28,0x6d,0x29,0x6d,0x6a,0x75,0x00,0x00,0x00,0x00,0x4a,0x55,0x00,0x00,0x00,0x00,0xe0,0x3b,0xe0,0x7b,0x00,0x00,0x00,0x00,
    0x42,0x3b,0xa3,0x3b,0x63,0x3b,0xa3,0x3b,0x83,0x3b,0xa4,0x43,0xe5,0x4b,0x46,0x54,0xe8,0x64,0x6a,0x75,0xab,0x7d,0x0b,0x86,0xaa,0x7d,0xaa,0x7d,0x8a,0x75,0x00,0x00,0x00,0x00,0x00,0x00,0x00,0x00,0x00,0x00,0x63,0x3b,0x00,0x00,
    0x4a,0x55,0x83,0x3b,0xe4,0x43,0x85,0x32,0x24,0x3b,0xa3,0x3b,0xa3,0x3b,0xa3,0x3b,0xa3,0x3b,0x83,0x3b,0x05,0x4c,0xa7,0x5c,0x6a,0x75,0x0b,0x86,0xab,0x7d,0x8a,0x7d,0xff,0xff,0x01,0x33,0xc4,0x43,0x83,0x3b,0x83,0x3b,0x83,0x3b,
    0x00,0x00,0xe2,0x3b,0x83,0x3b,0x45,0x32,0x64,0x3b,0xa3,0x43,0x83,0x3b,0x83,0x3b,0xa3,0x3b,0xa3,0x43,0x83,0x3b,0xa3,0x3b,0xc4,0x43,0x87,0x5c,0x6a,0x75,0x2b,0x86,0xaa,0x7d,0xa4,0x43,0xe3,0x43,0xe4,0x43,0xa3,0x43,0x83,0x3b,
    0x00,0x00,0x00,0x00,0x00,0x00,0x22,0x44,0xe3,0x43,0x83,0x3b,0x83,0x3b,0x83,0x3b,0xa3,0x3b,0xa3,0x43,0xa3,0x3b,0xa3,0x43,0x83,0x3b,0x83,0x3b,0xc4,0x43,0x08,0x6d,0xeb,0x85,0x49,0x6d,0xa3,0x3b,0x83,0x3b,0x83,0x3b,0xa3,0x3b,
    0x00,0x00,0x00,0x00,0xe0,0x07,0x00,0x00,0x00,0x00,0x00,0x00,0x83,0x3b,0xe4,0x43,0x83,0x3b,0x83,0x3b,0x00,0x00,0x00,0x00,0xa3,0x43,0xa3,0x43,0x83,0x3b,0x83,0x3b,0xe8,0x64,0x0b,0x86,0x09,0x6d,0x00,0x00,0x00,0x00,0x00,0x00,
    0x00,0x00,0x00,0x00,0x00,0x00,0xa0,0x52,0xe0,0x3b,0x40,0x55,0x00,0x00,0x83,0x3b,0x64,0x4b,0x00,0x00,0xa0,0x52,0x20,0x33,0x00,0x00,0x00,0x00,0xa3,0x43,0xa3,0x3b,0x83,0x3b,0x29,0x6d,0xeb,0x85,0x6a,0x75,0xe0,0x03,0xc6,0x64,
    0x00,0x00,0x00,0x00,0x00,0x00,0x00,0x00,0x00,0x00,0x00,0x00,0x00,0x00,0x00,0x00,0x00,0x00,0xe0,0x7b,0x00,0x00,0x00,0x00,0xc3,0x3b,0x83,0x3b,0xa3,0x43,0xc4,0x43,0x63,0x3b,0x05,0x4c,0xeb,0x7d,0x8a,0x75,0xe0,0x07,0xe0,0x7b,
    0x00,0x00,0x00,0x00,0x00,0x00,0x00,0x00,0x00,0x00,0x00,0x00,0x00,0x00,0xe0,0x7b,0x00,0x00,0x00,0x00,0xa0,0x52,0x00,0x00,0x83,0x3b,0xe4,0x43,0x83,0x3b,0x83,0x3b,0x83,0x3b,0x83,0x3b,0x29,0x6d,0xab,0x7d,0x4a,0x75,0x00,0x00,
    0x00,0x00,0x00,0x00,0x00,0x00,0x00,0x00,0x00,0x00,0x00,0x00,0x00,0x00,0x00,0x00,0x00,0x00,0x00,0x00,0x00,0x00,0x00,0x00,0x42,0x3b,0x83,0x3b,0x83,0x3b,0x00,0x00,0x83,0x43,0xa3,0x3b,0x87,0x5c,0x0b,0x86,0x6a,0x75,0x00,0x00,
    0x00,0x00,0x00,0x00,0x00,0x00,0x00,0x00,0x00,0x00,0x00,0x00,0x00,0x00,0x00,0x00,0x00,0x00,0x00,0x00,0x00,0x00,0xe0,0x7b,0x64,0x4b,0x83,0x3b,0x83,0x3b,0xa0,0x52,0xa4,0x3b,0xa3,0x3b,0x25,0x54,0x2b,0x86,0x8a,0x75,0x00,0x00,
    0x00,0x00,0x00,0x00,0x00,0x00,0x00,0x00,0x00,0x00,0x00,0x00,0xe0,0x07,0xe0,0x03,0xe0,0x07,0x00,0x00,0x40,0x55,0x00,0x00,0x83,0x3b,0xe4,0x43,0x83,0x3b,0x00,0x00,0xa4,0x43,0x83,0x3b,0x25,0x4c,0x0b,0x86,0x8a,0x75,0x00,0x00,
    0x00,0x00,0x00,0x00,0x00,0x00,0x00,0x00,0x40,0x55,0xff,0xff,0x00,0x00,0x00,0x00,0x00,0x00,0xe0,0xff,0xe0,0x3b,0xa0,0x52,0x64,0x4b,0x83,0x3b,0x83,0x3b,0xa0,0x52,0xc4,0x43,0x83,0x3b,0x46,0x54,0xeb,0x85,0x6a,0x75,0x00,0x00,
    0x00,0x00,0x00,0x00,0x00,0x00,0xe0,0x7b,0x00,0x00,0x00,0x00,0xa0,0x01,0xe0,0x09,0x20,0x01,0x00,0x00,0x00,0x00,0x00,0x00,0x00,0x00,0x00,0x00,0x00,0x00,0x00,0x00,0x83,0x3b,0xa3,0x3b,0x08,0x65,0xaa,0x7d,0x48,0x65,0x00,0x00,
    0x00,0x00,0x00,0x00,0x00,0x00,0x00,0x00,0x83,0x3b,0x66,0x54,0xa7,0x5c,0x87,0x5c,0x46,0x54,0xe4,0x43,0x63,0x3b,0xc1,0x2a,0xe0,0x00,0x00,0x00,0x23,0x33,0x83,0x3b,0x62,0x3b,0x05,0x4c,0x0b,0x86,0x8a,0x75,0x00,0x00,0x4a,0xad,
    0x00,0x00,0x4a,0x55,0x00,0x00,0xa4,0x43,0x28,0x6d,0xab,0x7d,0xcb,0x7d,0xcb,0x7d,0xaa,0x7d,0x69,0x75,0x69,0x6d,0xe7,0x64,0x05,0x4c,0xa4,0x43,0x83,0x3b,0xe4,0x43,0x86,0x5c,0x0b,0x86,0x8a,0x7d,0x4a,0x7d,0xef,0x7f,0x00,0x00,
    0x00,0x00,0xff,0xff,0x00,0x00,0x66,0x54,0xeb,0x7d,0x00,0x00,0x00,0x00,0x00,0x00,0x00,0x00,0x00,0x00,0x2c,0x8e,0xeb,0x7d,0x8a,0x75,0x49,0x6d,0x69,0x75,0x6a,0x75,0xcb,0x7d,0xaa,0x7d,0x4a,0x55,0x00,0x00,0xe0,0x07,0x00,0x00,
    0x00,0x00,0x00,0x00,0x00,0x00,0x87,0x5c,0xcb,0x7d,0x4a,0x55,0x4a,0x7d,0xe7,0x7b,0xe7,0x7d,0x00,0x00,0x00,0x00,0x00,0x00,0x00,0x00,0x4d,0x8e,0x0c,0x86,0xcc,0x7d,0xe5,0x53,0x00,0x00,0x00,0x00,0x00,0x00,0x00,0x00,0x00,0x00,
    0x00,0x00,0x4a,0x55,0x00,0x00,0x66,0x54,0x29,0x6d,0x00,0x00,0xef,0x7f,0x00,0x00,0x00,0x00,0x00,0x00,0x4a,0x55,0xe7,0x7d,0x00,0x00,0x00,0x00,0x00,0x00,0x00,0x00,0x00,0x00,0xe7,0x7b,0xe0,0x07,0x00,0x00,0x00,0x00,0x00,0x00,
    0x03,0x00,0x00,0x09,0x20,0x16,0x00,0x03,0x27,0x9b,0x4e,0x00,0x03,0x00,0x00,0x00,0x00,0x00,0x00,0x00,0x00,0x00,0x00,0x14,0x86,0xd9,0xf4,0xe9,0x6d,0x00,0x74,0xff,0x8e,0x01,0x05,0x00,0x00,0x00,0x00,0x00,0x00,0x00,0x00,0x00,
    0x3f,0xde,0xff,0xff,0xff,0xff,0xff,0x75,0x36,0x91,0xfc,0x17,0x00,0x03,0x02,0x00,0x00,0x00,0x00,0x00,0x02,0x00,0xe7,0xff,0xfa,0xfd,0xfe,0xfe,0xfe,0xff,0xe0,0xda,0xff,0x95,0x2f,0x00,0x00,0x03,0x00,0x01,0x04,0x02,0x00,0x01,
    0x84,0xff,0xfa,0xff,0xff,0xfe,0xfc,0xfa,0xff,0xff,0xfe,0xff,0xfd,0xb4,0x3b,0x00,0x01,0x00,0x00,0x00,0x25,0x00,0x03,0xb5,0xff,0xfc,0xfb,0xff,0xff,0xff,0xff,0xfd,0xff,0xf9,0xfe,0xff,0xfe,0x90,0x01,0x15,0x59,0x5f,0xe9,0xa0,
    0x01,0x0c,0xa7,0xff,0xff,0xf6,0xac,0x64,0x95,0xff,0xff,0xff,0xff,0xf9,0xfe,0xff,0xb9,0xc5,0xff,0xff,0xff,0xae,0x01,0x00,0x00,0x3f,0x66,0x24,0x4d,0xb4,0xc7,0xf9,0x46,0x7b,0xee,0xff,0xfd,0xfc,0xff,0xff,0xe6,0x7e,0x2a,0x1c,
    0x00,0x01,0x01,0x00,0x00,0x00,0x69,0xff,0xc3,0x3b,0x00,0x00,0x23,0xbc,0xff,0xfd,0xfa,0xfd,0xca,0x00,0x00,0x00,0x00,0x00,0x00,0x03,0x04,0x03,0x00,0x2d,0x07,0x00,0x03,0x05,0x00,0x00,0xce,0xfb,0xfc,0xfd,0xfd,0x4f,0x02,0x05,
    0x00,0x00,0x00,0x00,0x00,0x00,0x00,0x00,0x00,0x02,0x01,0x01,0x11,0xa6,0xfb,0xff,0xff,0xfc,0xff,0xc6,0x01,0x02,0x00,0x00,0x00,0x00,0x00,0x00,0x00,0x02,0x01,0x00,0x03,0x00,0x4b,0xff,0xea,0xa7,0xfa,0xfe,0xfe,0xfd,0x2b,0x00,
    0x00,0x00,0x00,0x00,0x00,0x00,0x00,0x00,0x00,0x00,0x01,0x01,0x0c,0xe6,0xd4,0x00,0xb3,0xff,0xf9,0xff,0x5f,0x00,0x00,0x00,0x00,0x00,0x00,0x00,0x00,0x00,0x00,0x00,0x00,0x02,0x07,0xae,0xe7,0x03,0x5d,0xff,0xf7,0xff,0x76,0x00,
    0x00,0x00,0x00,0x00,0x00,0x00,0x01,0x02,0x01,0x00,0x03,0x00,0x47,0xff,0xdc,0x00,0x36,0xff,0xf9,0xfe,0x70,0x00,0x00,0x00,0x00,0x00,0x03,0x01,0x00,0x00,0x00,0x01,0x04,0x03,0x07,0x7f,0x6d,0x03,0x3b,0xff,0xfb,0xff,0x49,0x00,
    0x00,0x00,0x00,0x02,0x00,0x00,0x13,0x19,0x0e,0x00,0x00,0x00,0x00,0x00,0x00,0x00,0x8f,0xff,0xfc,0xeb,0x0f,0x00,0x00,0x00,0x01,0x00,0x56,0xd7,0xfd,0xff,0xfa,0xd2,0x87,0x3d,0x09,0x00,0x0a,0x64,0xf8,0xf8,0xff,0x7c,0x00,0x03,
    0x00,0x03,0x00,0x6b,0xff,0xa6,0x68,0x5d,0x8a,0xd5,0xff,0xff,0xeb,0xca,0xdb,0xff,0xff,0xff,0xb6,0x06,0x02,0x01,0x01,0x01,0x01,0xe2,0x73,0x00,0x00,0x00,0x00,0x00,0x3c,0x92,0xdb,0xfe,0xff,0xfa,0xdb,0x7f,0x06,0x00,0x01,0x00,
    0x01,0x00,0x02,0xc8,0x26,0x03,0x06,0x04,0x04,0x00,0x00,0x00,0x00,0x18,0x2b,0x25,0x06,0x00,0x00,0x01,0x00,0x00,0x00,0x03,0x00,0x7b,0x3e,0x00,0x02,0x00,0x00,0x00,0x03,0x04,0x00,0x00,0x00,0x00,0x00,0x04,0x01,0x00,0x00,0x00,

};

const lv_image_dsc_t emoji_lizard_22 = {
  .header.magic = LV_IMAGE_HEADER_MAGIC,
  .header.cf = LV_COLOR_FORMAT_RGB565A8,
  .header.flags = 0,
  .header.w = 22,
  .header.h = 22,
  .header.stride = 44,
  .data_size = sizeof(emoji_lizard_22_map),
  .data = emoji_lizard_22_map,
};




#ifndef LV_ATTRIBUTE_MEM_ALIGN
#define LV_ATTRIBUTE_MEM_ALIGN
#endif

#ifndef LV_ATTRIBUTE_EMOJI_KANGAROO_22
#define LV_ATTRIBUTE_EMOJI_KANGAROO_22
#endif

static const
LV_ATTRIBUTE_MEM_ALIGN LV_ATTRIBUTE_LARGE_CONST LV_ATTRIBUTE_EMOJI_KANGAROO_22
uint8_t emoji_kangaroo_22_map[] = {

    0x00,0x00,0xe0,0xff,0x26,0xcb,0x4a,0xbb,0xa0,0x90,0x51,0xdd,0xf0,0xdc,0x00,0x00,0x55,0xfd,0x00,0x00,0x00,0x00,0x00,0x00,0x00,0x00,0x00,0x00,0x00,0x00,0x00,0x00,0x00,0x00,0x00,0x00,0x00,0x00,0x00,0x00,0x00,0x00,0x00,0x00,
    0xef,0x7b,0x00,0x00,0x4b,0xc3,0x2a,0xbb,0x8b,0xc3,0x4d,0xcc,0x4e,0xd4,0x00,0x00,0xaa,0xfa,0x00,0x00,0x00,0x00,0x00,0x00,0x00,0x00,0x00,0x00,0x00,0x00,0x00,0x00,0x00,0x00,0x00,0x00,0x00,0x00,0x00,0x00,0x00,0x00,0x00,0x00,
    0x00,0x00,0xef,0xbb,0x00,0x00,0x4a,0xbb,0x0d,0xcc,0x0d,0xcc,0x8f,0xd4,0x00,0x00,0x55,0xfd,0x00,0x00,0x00,0x00,0x00,0x00,0x00,0x00,0x00,0x00,0x00,0x00,0x00,0x00,0x00,0x00,0x00,0x00,0x00,0x00,0x00,0x00,0x00,0x00,0x00,0x00,
    0xef,0xbb,0x00,0x00,0xd0,0xd4,0x10,0xdd,0xf0,0xdc,0x10,0xe5,0x10,0xdd,0x00,0x00,0xef,0xfb,0x00,0x00,0x00,0x00,0x00,0x00,0x00,0x00,0x00,0x00,0x00,0x00,0x00,0x00,0x00,0x00,0x00,0x00,0x00,0x00,0x00,0x00,0x00,0x00,0x00,0x00,
    0x00,0x00,0x10,0xe5,0xd0,0xd4,0xea,0x72,0x8f,0xc4,0x30,0xe5,0xf0,0xdc,0xf0,0xd4,0x00,0x00,0xef,0x7b,0x00,0x00,0x00,0x00,0x00,0x00,0x00,0x00,0x00,0x00,0x00,0x00,0x00,0x00,0x00,0x00,0x00,0x00,0x00,0x00,0x00,0x00,0x00,0x00,
    0xd0,0xd4,0x10,0xdd,0x10,0xdd,0x8f,0xc4,0xf0,0xd4,0xf0,0xdc,0x10,0xe5,0xf0,0xdc,0x00,0x00,0x55,0xfd,0x00,0x00,0x00,0x00,0x00,0x00,0x00,0x00,0x00,0x00,0x00,0x00,0x00,0x00,0x00,0x00,0x00,0x00,0x00,0x00,0x00,0x00,0x00,0x00,
    0x0a,0x7b,0x92,0xf5,0x31,0xe5,0x10,0xdd,0xf0,0xdc,0xf0,0xdc,0x30,0xe5,0xf0,0xdc,0xef,0xfb,0x55,0xfd,0x00,0x00,0x00,0x00,0x00,0x00,0x00,0x00,0x00,0x00,0x00,0x00,0x00,0x00,0x00,0x00,0x00,0x00,0x00,0x00,0x00,0x00,0x00,0x00,
    0xcd,0x9b,0x10,0xdd,0xf0,0xdc,0xf0,0xd4,0xf0,0xdc,0xf0,0xdc,0x10,0xdd,0xf0,0xdc,0x00,0x00,0xef,0xbd,0x4a,0xad,0x00,0x00,0x00,0x00,0x00,0x00,0x00,0x00,0x00,0x00,0x00,0x00,0x00,0x00,0x00,0x00,0x00,0x00,0x00,0x00,0x00,0x00,
    0x00,0x00,0x00,0x00,0x00,0x00,0xf0,0xdc,0x31,0xe5,0xf0,0xdc,0x10,0xdd,0xf0,0xdc,0x10,0xdd,0x00,0x00,0x00,0x00,0xef,0xff,0x00,0x00,0x00,0x00,0x00,0x00,0x00,0x00,0x00,0x00,0x00,0x00,0x00,0x00,0x00,0x00,0x00,0x00,0x00,0x00,
    0xaa,0xaa,0xef,0xbc,0xef,0xbb,0xf0,0xdc,0x51,0xe5,0xf0,0xd4,0xf0,0xdc,0x31,0xe5,0x10,0xdd,0x10,0xdd,0xf0,0xdc,0x00,0x00,0xff,0xff,0x00,0x00,0x00,0x00,0x00,0x00,0x00,0x00,0x00,0x00,0x00,0x00,0x00,0x00,0x00,0x00,0x00,0x00,
    0x00,0x00,0xef,0xbb,0x00,0x00,0xf0,0xdc,0x51,0xe5,0xf0,0xd4,0xaf,0xd4,0xf0,0xdc,0xf0,0xdc,0x31,0xe5,0x31,0xe5,0xf0,0xdc,0x00,0x00,0x4a,0xad,0x1f,0xf8,0x00,0x00,0x00,0x00,0x00,0x00,0x00,0x00,0x00,0x00,0x00,0x00,0x00,0x00,
    0x00,0x00,0xef,0xbb,0x00,0x00,0xf0,0xdc,0x51,0xe5,0xcf,0xd4,0x0d,0xcc,0x10,0xdd,0xf0,0xdc,0xf0,0xdc,0xf0,0xdc,0x71,0xed,0xd0,0xd4,0x00,0x00,0x55,0xfd,0x00,0x00,0x00,0x00,0x00,0x00,0x00,0x00,0x00,0x00,0x00,0x00,0x00,0x00,
    0x00,0x00,0xef,0xff,0x00,0x00,0xf0,0xdc,0x31,0xe5,0x0d,0xcc,0x8e,0xd4,0x10,0xdd,0xf0,0xdc,0xf0,0xdc,0xf0,0xdc,0xf0,0xdc,0x51,0xed,0xf0,0xdc,0x00,0x00,0x55,0xfd,0x00,0x00,0x00,0x00,0x00,0x00,0x00,0x00,0x00,0x00,0x00,0x00,
    0x55,0xfd,0x00,0x00,0xd0,0xd4,0xf0,0xd4,0x4d,0xcc,0xaf,0xdc,0x10,0xdd,0xf0,0xdc,0xf0,0xdc,0xf0,0xdc,0xf0,0xdc,0xf0,0xdc,0x10,0xdd,0xf0,0xdc,0x4f,0xed,0x00,0xf8,0xff,0xff,0x00,0x00,0x00,0x00,0x00,0x00,0x00,0x00,0x00,0x00,
    0x55,0xfd,0x00,0x00,0xf0,0xd4,0xf0,0xdc,0x10,0xdd,0x72,0xed,0xf0,0xdc,0xf0,0xdc,0xf0,0xdc,0xf0,0xdc,0xf0,0xdc,0xf0,0xdc,0xf0,0xd4,0x51,0xe5,0xf0,0xdc,0x00,0x00,0xef,0xbb,0x00,0x00,0x00,0x00,0x00,0x00,0x00,0x00,0x00,0x00,
    0x00,0x00,0x00,0x00,0xff,0xff,0xd3,0xcc,0xaa,0xaa,0xf0,0xdc,0x71,0xed,0xf0,0xdc,0xf0,0xdc,0xf0,0xdc,0xf0,0xdc,0xf0,0xdc,0xf0,0xdc,0x31,0xe5,0xf0,0xdc,0x00,0x00,0xff,0xff,0x00,0x00,0x00,0x00,0x00,0x00,0x00,0x00,0x00,0x00,
    0x00,0x00,0x00,0x00,0x00,0x00,0x00,0x00,0xff,0xff,0xd1,0xcc,0x10,0xdd,0x10,0xdd,0xf0,0xdc,0xf0,0xdc,0xf0,0xdc,0x10,0xdd,0xf0,0xdc,0xf0,0xdc,0xf0,0xdc,0xef,0xdc,0x00,0xf8,0xef,0xfb,0x00,0x00,0x00,0x00,0x00,0xf8,0x55,0xfd,
    0x00,0x00,0x00,0x00,0x00,0x00,0x00,0x00,0x00,0xf8,0x00,0x00,0x00,0x00,0x10,0xdd,0xf0,0xdc,0x10,0xdd,0xf0,0xdc,0xf0,0xdc,0x10,0xdd,0xf0,0xdc,0x51,0xed,0xf0,0xdc,0x00,0x00,0x92,0xdc,0xef,0xfb,0xef,0xbb,0x00,0x00,0x00,0x00,
    0x00,0x00,0x00,0x00,0x00,0x00,0x00,0x00,0x00,0x00,0xff,0xff,0xd3,0xfc,0x00,0x00,0xf0,0xd4,0x51,0xed,0xf0,0xdc,0xb0,0xdc,0xf0,0xdc,0x51,0xed,0x10,0xdd,0xf0,0xdc,0x11,0xd5,0x00,0x00,0x00,0x00,0x00,0x00,0xe7,0x7b,0xf0,0xdc,
    0x00,0x00,0x00,0x00,0x00,0x00,0x00,0x00,0x00,0x00,0xe0,0xff,0xd3,0xcc,0xff,0xff,0xf0,0xdc,0x31,0xe5,0xf0,0xdc,0x00,0x00,0x10,0xd5,0x10,0xdd,0x31,0xe5,0x10,0xdd,0xf0,0xdc,0xf0,0xdc,0xf0,0xd4,0xd0,0xd4,0x30,0xdd,0xf0,0xdc,
    0x00,0x00,0x00,0x00,0x00,0x00,0x00,0x00,0x00,0x00,0x00,0x00,0x00,0x00,0xef,0xfb,0x4f,0xd5,0xf0,0xdc,0xf0,0xdc,0xff,0xff,0x00,0x00,0xf0,0xd4,0x10,0xdd,0x31,0xe5,0x51,0xe5,0x31,0xe5,0x10,0xe5,0x92,0xf5,0xf0,0xdc,0x10,0xd5,
    0x00,0x00,0x00,0x00,0x00,0x00,0xef,0x7b,0x00,0x00,0xf0,0xdc,0x10,0xdd,0xf0,0xdc,0xf0,0xdc,0x30,0xe5,0xf0,0xdc,0x00,0x00,0x55,0xfd,0x00,0x00,0x4e,0xd4,0x10,0xdd,0x10,0xdd,0xf0,0xdc,0x10,0xdd,0x10,0xdd,0xaf,0xd4,0x00,0x00,
    0x00,0x01,0x05,0x98,0x0c,0x5b,0x96,0x00,0x03,0x00,0x00,0x00,0x00,0x00,0x00,0x00,0x00,0x00,0x00,0x00,0x00,0x00,0x02,0x00,0x1a,0xfa,0x32,0xe1,0xb8,0x00,0x03,0x00,0x00,0x00,0x00,0x00,0x00,0x00,0x00,0x00,0x00,0x00,0x00,0x00,
    0x00,0x04,0x00,0xb2,0xbf,0xff,0x4e,0x00,0x03,0x00,0x00,0x00,0x00,0x00,0x00,0x00,0x00,0x00,0x00,0x00,0x00,0x00,0x04,0x00,0x2b,0xda,0xff,0xfc,0x80,0x00,0x02,0x00,0x00,0x00,0x00,0x00,0x00,0x00,0x00,0x00,0x00,0x00,0x00,0x00,
    0x00,0x21,0xd7,0xff,0xfa,0xff,0xfe,0x1f,0x00,0x02,0x00,0x00,0x00,0x00,0x00,0x00,0x00,0x00,0x00,0x00,0x00,0x00,0x45,0xe2,0xff,0xfd,0xff,0xfd,0xff,0x44,0x00,0x03,0x00,0x00,0x00,0x00,0x00,0x00,0x00,0x00,0x00,0x00,0x00,0x00,
    0xec,0xff,0xff,0xfe,0xfd,0xfd,0xff,0x48,0x02,0x03,0x00,0x00,0x00,0x00,0x00,0x00,0x00,0x00,0x00,0x00,0x00,0x00,0x4b,0xa2,0x6f,0x4c,0xfb,0xff,0xff,0x2f,0x00,0x04,0x03,0x00,0x00,0x00,0x00,0x00,0x00,0x00,0x00,0x00,0x00,0x00,
    0x00,0x00,0x00,0x4b,0xff,0xfa,0xff,0xa1,0x2e,0x00,0x00,0x02,0x00,0x00,0x00,0x00,0x00,0x00,0x00,0x00,0x00,0x00,0x03,0x08,0x04,0x80,0xff,0xfb,0xff,0xff,0xfc,0xbe,0x4a,0x00,0x01,0x01,0x00,0x00,0x00,0x00,0x00,0x00,0x00,0x00,
    0x00,0x04,0x00,0x87,0xff,0xfb,0xff,0xfc,0xff,0xff,0xff,0x8c,0x00,0x03,0x01,0x00,0x00,0x00,0x00,0x00,0x00,0x00,0x00,0x04,0x00,0x51,0xfe,0xfc,0xff,0xff,0xfe,0xfc,0xfb,0xff,0x90,0x00,0x03,0x00,0x00,0x00,0x00,0x00,0x00,0x00,
    0x00,0x02,0x00,0x80,0xff,0xfd,0xff,0xff,0xff,0xff,0xfe,0xfa,0xff,0x56,0x00,0x03,0x00,0x00,0x00,0x00,0x00,0x00,0x03,0x00,0x3d,0xf1,0xe0,0xfd,0xfe,0xff,0xff,0xff,0xff,0xfd,0xfe,0xe1,0x0c,0x01,0x01,0x00,0x00,0x00,0x00,0x00,
    0x03,0x00,0x54,0x8a,0x4f,0xff,0xf9,0xfe,0xff,0xff,0xff,0xff,0xfc,0xff,0x64,0x00,0x04,0x00,0x00,0x00,0x00,0x00,0x00,0x00,0x01,0x05,0x03,0xba,0xff,0xfe,0xfe,0xff,0xff,0xfe,0xfc,0xfe,0xc3,0x00,0x01,0x00,0x00,0x00,0x00,0x00,
    0x00,0x00,0x00,0x00,0x01,0x0f,0xa0,0xfa,0xff,0xff,0xff,0xff,0xfd,0xff,0xf8,0x20,0x01,0x02,0x00,0x00,0x01,0x03,0x00,0x00,0x00,0x00,0x01,0x00,0x00,0x31,0xec,0xff,0xfa,0xe8,0xff,0xfa,0xff,0x6d,0x00,0x07,0x02,0x04,0x00,0x00,
    0x00,0x00,0x00,0x00,0x00,0x01,0x05,0x00,0xa8,0xff,0xf0,0x1b,0xac,0xff,0xfb,0xdc,0x0b,0x00,0x00,0x00,0x04,0x6a,0x00,0x00,0x00,0x00,0x00,0x01,0x05,0x01,0x3b,0xfd,0xd7,0x00,0x13,0xd9,0xff,0xff,0xc3,0x51,0x39,0x59,0xcd,0xae,
    0x00,0x00,0x00,0x00,0x00,0x00,0x00,0x02,0x06,0xd8,0xb2,0x01,0x00,0x1f,0xcb,0xff,0xff,0xff,0xff,0xff,0xde,0x13,0x00,0x00,0x00,0x02,0x00,0x27,0xa8,0xc6,0xdb,0xf9,0xc6,0x00,0x03,0x00,0x0b,0x82,0xd6,0xed,0xe2,0x9d,0x18,0x00,

};

const lv_image_dsc_t emoji_kangaroo_22 = {
  .header.magic = LV_IMAGE_HEADER_MAGIC,
  .header.cf = LV_COLOR_FORMAT_RGB565A8,
  .header.flags = 0,
  .header.w = 22,
  .header.h = 22,
  .header.stride = 44,
  .data_size = sizeof(emoji_kangaroo_22_map),
  .data = emoji_kangaroo_22_map,
};




#ifndef LV_ATTRIBUTE_MEM_ALIGN
#define LV_ATTRIBUTE_MEM_ALIGN
#endif

#ifndef LV_ATTRIBUTE_EMOJI_FEATHER_22
#define LV_ATTRIBUTE_EMOJI_FEATHER_22
#endif

static const
LV_ATTRIBUTE_MEM_ALIGN LV_ATTRIBUTE_LARGE_CONST LV_ATTRIBUTE_EMOJI_FEATHER_22
uint8_t emoji_feather_22_map[] = {

    0x00,0x00,0x00,0x00,0x00,0x00,0x00,0x00,0x00,0x00,0x00,0x00,0x00,0x00,0x00,0x00,0x00,0x00,0x00,0x00,0x00,0x00,0xe0,0xff,0x4a,0xfd,0x00,0x00,0x00,0x00,0x00,0x00,0xa5,0x7a,0x22,0x61,0x40,0x48,0x43,0x69,0x6a,0xc3,0x29,0xbb,
    0x00,0x00,0x00,0x00,0x00,0x00,0x00,0x00,0x00,0x00,0x00,0x00,0x00,0x00,0x00,0x00,0x00,0x00,0x00,0x00,0xaa,0xfa,0x00,0x00,0x00,0x00,0xe1,0x58,0x02,0x69,0x02,0x69,0xe2,0x60,0xe1,0x60,0xe5,0x89,0xa7,0xaa,0x46,0x9a,0x63,0x71,
    0x00,0x00,0x00,0x00,0x00,0x00,0x00,0x00,0x00,0x00,0x00,0x00,0x00,0x00,0x00,0x00,0xef,0xfb,0xff,0xff,0x00,0x00,0x09,0xbb,0x4a,0xc3,0x63,0x71,0x02,0x69,0xe1,0x60,0x63,0x79,0x87,0xa2,0x46,0x9a,0x23,0x69,0xe1,0x60,0xe1,0x60,
    0x00,0x00,0x00,0x00,0x00,0x00,0x00,0x00,0x00,0x00,0x00,0x00,0x00,0x00,0x55,0xfd,0x00,0x00,0x00,0x00,0x6a,0xc3,0x49,0xc3,0xab,0xd3,0x26,0x92,0xc1,0x58,0x05,0x92,0xa7,0xaa,0x84,0x79,0xc1,0x58,0xe2,0x60,0x02,0x61,0x23,0x69,
    0x00,0x00,0x00,0x00,0x00,0x00,0x00,0x00,0x00,0x00,0x00,0x00,0x55,0xfd,0x00,0x00,0xae,0xcc,0x10,0xdd,0x0c,0xd4,0x29,0xc3,0x4a,0xc3,0x09,0xbb,0x67,0x9a,0x26,0x92,0xe2,0x60,0xe2,0x60,0x02,0x69,0x02,0x69,0x02,0x61,0x00,0x00,
    0x00,0x00,0x00,0x00,0x00,0x00,0x00,0x00,0x00,0x00,0x55,0xfd,0x00,0x00,0xef,0xd4,0x10,0xe5,0x51,0xed,0x2d,0xcc,0x29,0xbb,0x6a,0xc3,0x09,0xbb,0xa8,0xaa,0xe5,0x89,0x63,0x71,0x02,0x61,0xe1,0x60,0x02,0x69,0x22,0x69,0x00,0x00,
    0x00,0x00,0x00,0x00,0x00,0x00,0x00,0x00,0x4a,0xad,0x00,0x00,0xf0,0xdc,0x30,0xe5,0x10,0xdd,0xf0,0xdc,0xaf,0xd4,0x6a,0xc3,0xe8,0xb2,0xa8,0xaa,0x49,0xc3,0x6a,0xcb,0x49,0xc3,0xe8,0xb2,0xa7,0xaa,0x84,0x79,0x00,0x00,0xaa,0xaa,
    0x00,0x00,0x00,0x00,0x00,0x00,0x4a,0xad,0x00,0x00,0xf0,0xd4,0x51,0xe5,0xf0,0xdc,0xf0,0xd4,0x10,0xdd,0x8e,0xd4,0xe8,0xb2,0xc8,0xb2,0x29,0xc3,0x49,0xc3,0x29,0xbb,0x49,0xc3,0x8a,0xd3,0x8a,0xcb,0x00,0x00,0xaa,0xaa,0x00,0xf8,
    0x00,0x00,0x00,0x00,0xaa,0xaa,0x00,0x00,0xf0,0xd4,0x51,0xed,0xf0,0xdc,0xf0,0xd4,0x10,0xdd,0x6e,0xd4,0x29,0xb3,0x4e,0xcc,0xaf,0xd4,0xec,0xcb,0x8a,0xc3,0x49,0xc3,0x8a,0xd3,0x49,0xc3,0x00,0x00,0xa0,0x52,0x00,0x00,0x00,0x00,
    0x00,0x00,0x4a,0xad,0x00,0x00,0xef,0xd4,0x31,0xe5,0xf0,0xdc,0xf0,0xdc,0x10,0xdd,0x6e,0xd4,0x4a,0xbb,0x8e,0xcc,0x10,0xdd,0x31,0xe5,0x31,0xe5,0xf0,0xdc,0x10,0xe5,0x4d,0xcc,0x00,0x00,0xef,0xfb,0x00,0xf8,0x00,0x00,0x00,0x00,
    0x00,0x00,0xff,0xff,0xe0,0xff,0xf0,0xdc,0x31,0xe5,0xf0,0xdc,0x10,0xdd,0x8e,0xd4,0x6a,0xbb,0xaf,0xd4,0x10,0xdd,0xf0,0xdc,0xf0,0xdc,0xf0,0xd4,0x30,0xe5,0x10,0xdd,0x00,0x00,0xef,0xfb,0xe0,0xff,0x00,0x00,0x00,0x00,0x00,0x00,
    0xef,0xfb,0x00,0x00,0xf0,0xd4,0xf0,0xd4,0xf0,0xdc,0x10,0xdd,0xaf,0xd4,0x8a,0xc3,0xaf,0xd4,0x10,0xdd,0xf0,0xdc,0x10,0xdd,0xf0,0xdc,0xf0,0xdc,0x31,0xe5,0x00,0x00,0x00,0x00,0x00,0xf8,0x00,0x00,0x00,0x00,0x00,0x00,0x00,0x00,
    0x4a,0xfd,0x00,0x00,0xf0,0xdc,0x10,0xdd,0xf0,0xdc,0xf0,0xdc,0xab,0xc3,0x8e,0xd4,0x10,0xdd,0xf0,0xdc,0x30,0xe5,0x31,0xe5,0xb2,0xfd,0xf0,0xdc,0xaa,0xaa,0xef,0xfb,0xe0,0xff,0x00,0x00,0x00,0x00,0x00,0x00,0x00,0x00,0x00,0x00,
    0x55,0xfd,0x00,0xf8,0xcf,0xdc,0x31,0xe5,0x10,0xdd,0xcc,0xcb,0x6e,0xd4,0x10,0xdd,0xf0,0xd4,0xf0,0xdc,0xf0,0xd4,0x10,0xdd,0x10,0xdd,0xaf,0xd4,0x00,0x00,0xef,0x7b,0x00,0x00,0x00,0x00,0x00,0x00,0x00,0x00,0x00,0x00,0x00,0x00,
    0x4a,0xad,0x00,0x00,0x31,0xdd,0x31,0xdd,0x2d,0xcc,0x0c,0xcc,0x10,0xdd,0xf0,0xdc,0x10,0xdd,0xf0,0xdc,0x30,0xe5,0xf0,0xdc,0x00,0x00,0x00,0x00,0xff,0xff,0x00,0x00,0x00,0x00,0x00,0x00,0x00,0x00,0x00,0x00,0x00,0x00,0x00,0x00,
    0x00,0xf8,0xe8,0xba,0xcc,0xcb,0x8e,0xd4,0x0c,0xd4,0x30,0xe5,0x30,0xe5,0x31,0xe5,0x30,0xe5,0x51,0xed,0x10,0xe5,0xf0,0xdc,0xef,0xbb,0x55,0xfd,0x00,0x00,0x00,0x00,0x00,0x00,0x00,0x00,0x00,0x00,0x00,0x00,0x00,0x00,0x00,0x00,
    0x00,0x00,0x29,0xbb,0x6a,0xc3,0x8b,0xc3,0xf0,0xdc,0x31,0xdd,0x10,0xdd,0x10,0xdd,0xf0,0xdc,0x10,0xdd,0xcf,0xd4,0x00,0x00,0xff,0xff,0x00,0x00,0x00,0x00,0x00,0x00,0x00,0x00,0x00,0x00,0x00,0x00,0x00,0x00,0x00,0x00,0x00,0x00,
    0x00,0xf8,0x69,0xb3,0x49,0xc3,0x8a,0xcb,0x6a,0xc3,0x6a,0xc3,0x6a,0xc3,0x4a,0xc3,0x00,0x00,0x00,0x00,0x00,0x00,0xef,0xfb,0x00,0x00,0x00,0x00,0x00,0x00,0x00,0x00,0x00,0x00,0x00,0x00,0x00,0x00,0x00,0x00,0x00,0x00,0x00,0x00,
    0x00,0x00,0x49,0xc3,0x49,0xbb,0x4a,0xc3,0x49,0xc3,0x49,0xc3,0x49,0xc3,0x49,0xc3,0xea,0xd3,0xef,0xfd,0x4a,0xad,0x00,0x00,0x00,0x00,0x00,0x00,0x00,0x00,0x00,0x00,0x00,0x00,0x00,0x00,0x00,0x00,0x00,0x00,0x00,0x00,0x00,0x00,
    0x00,0x00,0x49,0xc3,0x49,0xc3,0x00,0x00,0x00,0x00,0x00,0x00,0x00,0x00,0x00,0x00,0x00,0x00,0x00,0x00,0x00,0x00,0x00,0x00,0x00,0x00,0x00,0x00,0x00,0x00,0x00,0x00,0x00,0x00,0x00,0x00,0x00,0x00,0x00,0x00,0x00,0x00,0x00,0x00,
    0x49,0xbb,0x49,0xc3,0x00,0x00,0x69,0xb3,0xe7,0xb9,0xe7,0xbb,0xe7,0xbb,0xef,0xfb,0x00,0x00,0x00,0x00,0x00,0x00,0x00,0x00,0x00,0x00,0x00,0x00,0x00,0x00,0x00,0x00,0x00,0x00,0x00,0x00,0x00,0x00,0x00,0x00,0x00,0x00,0x00,0x00,
    0x49,0xc3,0x29,0xbb,0xe0,0xff,0x00,0xf8,0x00,0x00,0x00,0x00,0x00,0x00,0x00,0x00,0x00,0x00,0x00,0x00,0x00,0x00,0x00,0x00,0x00,0x00,0x00,0x00,0x00,0x00,0x00,0x00,0x00,0x00,0x00,0x00,0x00,0x00,0x00,0x00,0x00,0x00,0x00,0x00,
    0x00,0x00,0x00,0x00,0x00,0x00,0x00,0x00,0x00,0x00,0x00,0x01,0x03,0x00,0x00,0x00,0x06,0x20,0x3d,0x59,0x73,0x3e,0x00,0x00,0x00,0x00,0x00,0x00,0x00,0x00,0x00,0x00,0x03,0x00,0x00,0x18,0x68,0xab,0xd5,0xf3,0xff,0xff,0xff,0x87,
    0x00,0x00,0x00,0x00,0x00,0x00,0x00,0x00,0x02,0x01,0x00,0x17,0x8a,0xee,0xff,0xff,0xff,0xff,0xff,0xfb,0xfd,0x65,0x00,0x00,0x00,0x00,0x00,0x00,0x00,0x03,0x00,0x00,0x66,0xe6,0xff,0xff,0xfb,0xfc,0xfd,0xfe,0xfe,0xfe,0xf8,0x28,
    0x00,0x00,0x00,0x00,0x00,0x00,0x03,0x00,0x20,0xb6,0xff,0xff,0xfb,0xfe,0xff,0xff,0xff,0xff,0xfc,0xfe,0xbf,0x00,0x00,0x00,0x00,0x00,0x00,0x03,0x00,0x4c,0xe7,0xff,0xfc,0xfe,0xff,0xff,0xff,0xff,0xff,0xfe,0xfb,0xff,0x46,0x00,
    0x00,0x00,0x00,0x01,0x03,0x00,0x71,0xff,0xff,0xfb,0xff,0xff,0xff,0xff,0xff,0xff,0xff,0xfb,0xff,0x7f,0x00,0x03,0x00,0x00,0x01,0x03,0x00,0x88,0xff,0xfd,0xfd,0xff,0xff,0xff,0xff,0xff,0xff,0xff,0xfa,0xff,0x93,0x00,0x03,0x01,
    0x00,0x00,0x03,0x00,0x7f,0xff,0xfb,0xfe,0xff,0xff,0xff,0xff,0xfe,0xfd,0xfe,0xfb,0xff,0xa0,0x00,0x03,0x01,0x00,0x00,0x03,0x00,0x4e,0xff,0xfb,0xfe,0xff,0xff,0xff,0xff,0xff,0xff,0xff,0xff,0xff,0xa3,0x00,0x02,0x01,0x00,0x00,
    0x01,0x01,0x01,0xca,0xfe,0xfc,0xff,0xff,0xff,0xff,0xff,0xfd,0xdb,0xd7,0xf4,0xa0,0x00,0x02,0x01,0x00,0x00,0x00,0x02,0x00,0x1f,0xf7,0xff,0xfe,0xff,0xff,0xff,0xff,0xfc,0xfa,0xc8,0x77,0x25,0x00,0x01,0x01,0x00,0x00,0x00,0x00,
    0x03,0x00,0x3c,0xff,0xfd,0xff,0xff,0xfe,0xf5,0xfb,0xff,0xff,0xff,0xc2,0x03,0x02,0x01,0x00,0x00,0x00,0x00,0x00,0x03,0x01,0x44,0xfe,0xfc,0xff,0xff,0xf9,0xd1,0xaa,0x8f,0x8c,0x8d,0x0c,0x00,0x02,0x00,0x00,0x00,0x00,0x00,0x00,
    0x03,0x00,0x2b,0xff,0xfd,0xfd,0xfd,0xfe,0xff,0xf8,0xe6,0x9d,0x00,0x00,0x01,0x00,0x00,0x00,0x00,0x00,0x00,0x00,0x01,0x30,0x67,0xe6,0xff,0xff,0xff,0xff,0xff,0xff,0xff,0x4a,0x04,0x03,0x00,0x00,0x00,0x00,0x00,0x00,0x00,0x00,
    0x00,0x44,0xf2,0xdc,0xd1,0xcf,0xcc,0xc5,0xc1,0x94,0x37,0x00,0x01,0x00,0x00,0x00,0x00,0x00,0x00,0x00,0x00,0x00,0x01,0x07,0xed,0xff,0xc2,0xa7,0x9b,0x67,0x01,0x00,0x00,0x02,0x00,0x00,0x00,0x00,0x00,0x00,0x00,0x00,0x00,0x00,
    0x00,0x35,0xb6,0x82,0xa6,0x99,0x74,0x3a,0x06,0x04,0x03,0x00,0x00,0x00,0x00,0x00,0x00,0x00,0x00,0x00,0x00,0x00,0x00,0xb1,0x31,0x00,0x00,0x00,0x00,0x00,0x00,0x00,0x00,0x00,0x00,0x00,0x00,0x00,0x00,0x00,0x00,0x00,0x00,0x00,
    0x74,0x89,0x00,0x07,0x04,0x04,0x04,0x02,0x00,0x00,0x00,0x00,0x00,0x00,0x00,0x00,0x00,0x00,0x00,0x00,0x00,0x00,0x7f,0x1b,0x01,0x01,0x00,0x00,0x00,0x00,0x00,0x00,0x00,0x00,0x00,0x00,0x00,0x00,0x00,0x00,0x00,0x00,0x00,0x00,

};

const lv_image_dsc_t emoji_feather_22 = {
  .header.magic = LV_IMAGE_HEADER_MAGIC,
  .header.cf = LV_COLOR_FORMAT_RGB565A8,
  .header.flags = 0,
  .header.w = 22,
  .header.h = 22,
  .header.stride = 44,
  .data_size = sizeof(emoji_feather_22_map),
  .data = emoji_feather_22_map,
};




#ifndef LV_ATTRIBUTE_MEM_ALIGN
#define LV_ATTRIBUTE_MEM_ALIGN
#endif

#ifndef LV_ATTRIBUTE_EMOJI_BRIGHT_22
#define LV_ATTRIBUTE_EMOJI_BRIGHT_22
#endif

static const
LV_ATTRIBUTE_MEM_ALIGN LV_ATTRIBUTE_LARGE_CONST LV_ATTRIBUTE_EMOJI_BRIGHT_22
uint8_t emoji_bright_22_map[] = {

    0x00,0x00,0x00,0x00,0x00,0x00,0xe0,0xfb,0xe0,0xfb,0x00,0x00,0x00,0x00,0xe0,0xfb,0xe0,0xff,0x66,0xfd,0x66,0xfd,0x66,0xfd,0x66,0xfd,0xe0,0xff,0xe0,0xfb,0x00,0x00,0x00,0x00,0xe0,0xfb,0xe0,0xfb,0x00,0x00,0x00,0x00,0x00,0x00,
    0x00,0x00,0x00,0x00,0x00,0xf8,0x00,0x00,0x00,0x00,0xe0,0xfb,0x00,0x00,0x4a,0xfd,0x00,0x00,0x66,0xfd,0x86,0xfd,0x86,0xfd,0x66,0xfd,0x00,0x00,0x4a,0xfd,0x00,0x00,0xe0,0xfb,0x00,0x00,0x00,0x00,0x00,0xf8,0x00,0x00,0x00,0x00,
    0x00,0x00,0x00,0xf8,0x00,0x00,0x66,0xfd,0x46,0xfd,0x00,0x00,0x40,0xfd,0x4a,0xfd,0x00,0x00,0x46,0xfd,0x86,0xfd,0x86,0xfd,0x46,0xfd,0x00,0x00,0x4a,0xfd,0x40,0xfd,0x00,0x00,0x46,0xfd,0x66,0xfd,0x00,0x00,0x00,0xf8,0x00,0x00,
    0xe0,0xfb,0x00,0x00,0x65,0xfd,0x66,0xfd,0x86,0xfd,0x46,0xfd,0x00,0x00,0xc6,0xfc,0xe0,0xff,0x66,0xfd,0xc7,0xfd,0xc7,0xfd,0x66,0xfd,0xe0,0xff,0xc6,0xfc,0x00,0x00,0x46,0xfd,0x86,0xfd,0x66,0xfd,0x65,0xfd,0x00,0x00,0xe0,0xfb,
    0xe0,0xff,0x00,0x00,0x26,0xfd,0x66,0xfd,0x86,0xfd,0x86,0xfd,0x66,0xfd,0xe0,0xfb,0x00,0x00,0x45,0xfd,0x66,0xfd,0x66,0xfd,0x45,0xfd,0x00,0x00,0xe0,0xfb,0x66,0xfd,0x86,0xfd,0x86,0xfd,0x66,0xfd,0x26,0xfd,0x00,0x00,0xe0,0xff,
    0x00,0x00,0xe0,0xfb,0x00,0x00,0x66,0xfd,0x86,0xfd,0xa6,0xfd,0x46,0xfd,0xe7,0xfd,0xe4,0xfc,0x86,0xfd,0x66,0xfd,0x66,0xfd,0x86,0xfd,0xe4,0xfc,0xe7,0xfd,0x46,0xfd,0xa6,0xfd,0x86,0xfd,0x66,0xfd,0x00,0x00,0xe0,0xfb,0x00,0x00,
    0x00,0x00,0x00,0x00,0x4a,0xfd,0x00,0x00,0x46,0xfd,0xa6,0xfd,0x46,0xfd,0x46,0xfd,0x86,0xfd,0xa6,0xfd,0xc7,0xfd,0xc7,0xfd,0xa6,0xfd,0x86,0xfd,0x46,0xfd,0x46,0xfd,0xa6,0xfd,0x46,0xfd,0x00,0x00,0x4a,0xfd,0x00,0x00,0x00,0x00,
    0xe0,0xfb,0x4a,0xfd,0x4a,0xfd,0xc6,0xfc,0x00,0x00,0x45,0xfd,0x66,0xfd,0x86,0xfd,0x86,0xfd,0x86,0xfd,0x46,0xfd,0x46,0xfd,0x86,0xfd,0x86,0xfd,0x86,0xfd,0x66,0xfd,0x45,0xfd,0x00,0x00,0xc6,0xfc,0x4a,0xfd,0x4a,0xfd,0xe0,0xfb,
    0x00,0x00,0x00,0x00,0x00,0x00,0x00,0x00,0x00,0x00,0xc5,0xfd,0x66,0xfd,0xa6,0xfd,0x66,0xfd,0x66,0xfd,0x66,0xfd,0x66,0xfd,0x66,0xfd,0x66,0xfd,0xa6,0xfd,0x46,0xfd,0x86,0xfd,0x00,0x00,0x00,0x00,0x00,0x00,0x00,0x00,0x00,0x00,
    0x66,0xfd,0xa6,0xfd,0x66,0xfd,0xa6,0xfd,0xe7,0xfc,0x66,0xfd,0xa6,0xfd,0x86,0xfd,0x46,0xfd,0x00,0x00,0x00,0x00,0x00,0x00,0x00,0x00,0x46,0xfd,0x86,0xfd,0xa6,0xfd,0x66,0xfd,0xe7,0xfc,0xa6,0xfd,0x66,0xfd,0xa6,0xfd,0x66,0xfd,
    0x66,0xfd,0xa6,0xfd,0x66,0xfd,0xe7,0xfd,0x46,0xfd,0x66,0xfd,0xc6,0xfd,0x46,0xfd,0x85,0xfd,0x4a,0xfd,0x40,0xfd,0x40,0xfd,0x4a,0xfd,0x85,0xfd,0x46,0xfd,0xc7,0xfd,0x66,0xfd,0x46,0xfd,0xe7,0xfd,0x66,0xfd,0xa6,0xfd,0x66,0xfd,
    0x66,0xfd,0xa6,0xfd,0x66,0xfd,0xe7,0xfd,0x46,0xfd,0x66,0xfd,0xc6,0xfd,0x46,0xfd,0x85,0xfd,0x4a,0xfd,0x40,0xfd,0x40,0xfd,0x4a,0xfd,0x85,0xfd,0x46,0xfd,0xc7,0xfd,0x66,0xfd,0x46,0xfd,0xe7,0xfd,0x66,0xfd,0xa6,0xfd,0x66,0xfd,
    0x66,0xfd,0xa6,0xfd,0x66,0xfd,0xa6,0xfd,0xe7,0xfc,0x66,0xfd,0xa6,0xfd,0x86,0xfd,0x66,0xfd,0x00,0x00,0x00,0x00,0x00,0x00,0x00,0x00,0x66,0xfd,0x86,0xfd,0xa6,0xfd,0x66,0xfd,0xe7,0xfc,0xa6,0xfd,0x66,0xfd,0xa6,0xfd,0x66,0xfd,
    0x00,0x00,0x00,0x00,0x00,0x00,0x00,0x00,0x00,0x00,0xc5,0xfd,0x66,0xfd,0xa6,0xfd,0x66,0xfd,0x66,0xfd,0x66,0xfd,0x66,0xfd,0x66,0xfd,0x66,0xfd,0xa6,0xfd,0x66,0xfd,0x05,0xfd,0x00,0x00,0x00,0x00,0x00,0x00,0x00,0x00,0x00,0x00,
    0xe0,0xfb,0x4a,0xfd,0x4a,0xfd,0xc6,0xfc,0x00,0x00,0x45,0xfd,0x66,0xfd,0x86,0xfd,0x86,0xfd,0x86,0xfd,0x46,0xfd,0x46,0xfd,0x86,0xfd,0x86,0xfd,0x86,0xfd,0x66,0xfd,0x45,0xfd,0x00,0x00,0xc6,0xfc,0x4a,0xfd,0x4a,0xfd,0xe0,0xfb,
    0x00,0x00,0x00,0x00,0x4a,0xfd,0x00,0x00,0x46,0xfd,0xa6,0xfd,0x46,0xfd,0x46,0xfd,0x86,0xfd,0xa6,0xfd,0xc7,0xfd,0xc7,0xfd,0xa6,0xfd,0x86,0xfd,0x46,0xfd,0x46,0xfd,0xa6,0xfd,0x46,0xfd,0x00,0x00,0x4a,0xfd,0x00,0x00,0x00,0x00,
    0x00,0x00,0xe0,0xfb,0x00,0x00,0x66,0xfd,0x86,0xfd,0xa6,0xfd,0x46,0xfd,0xe7,0xfd,0x06,0xfd,0x86,0xfd,0x66,0xfd,0x66,0xfd,0x86,0xfd,0xe4,0xfc,0xe7,0xfd,0x46,0xfd,0xa6,0xfd,0x86,0xfd,0x66,0xfd,0x00,0x00,0xe0,0xfb,0x00,0x00,
    0xe0,0xff,0x00,0x00,0x26,0xfd,0x66,0xfd,0x86,0xfd,0x86,0xfd,0x66,0xfd,0xe0,0xfb,0x00,0x00,0x45,0xfd,0x66,0xfd,0x66,0xfd,0x45,0xfd,0x00,0x00,0xe0,0xfb,0x66,0xfd,0x86,0xfd,0x86,0xfd,0x66,0xfd,0x26,0xfd,0x00,0x00,0xe0,0xff,
    0xe0,0xfb,0x00,0x00,0x65,0xfd,0x66,0xfd,0x86,0xfd,0x46,0xfd,0x00,0x00,0xc6,0xfc,0xe0,0xff,0x66,0xfd,0xc7,0xfd,0xc7,0xfd,0x66,0xfd,0xe0,0xff,0xc6,0xfc,0x00,0x00,0x46,0xfd,0x86,0xfd,0x66,0xfd,0x65,0xfd,0x00,0x00,0xe0,0xfb,
    0x00,0x00,0x00,0xf8,0x00,0x00,0x66,0xfd,0x46,0xfd,0x00,0x00,0x40,0xfd,0x4a,0xfd,0x00,0x00,0x46,0xfd,0x86,0xfd,0x86,0xfd,0x46,0xfd,0x00,0x00,0x4a,0xfd,0x40,0xfd,0x00,0x00,0x46,0xfd,0x66,0xfd,0x00,0x00,0x00,0xf8,0x00,0x00,
    0x00,0x00,0x00,0x00,0x00,0xf8,0x00,0x00,0x00,0x00,0xe0,0xfb,0x00,0x00,0x4a,0xfd,0x00,0x00,0x66,0xfd,0x86,0xfd,0x86,0xfd,0x66,0xfd,0x00,0x00,0x4a,0xfd,0x00,0x00,0xe0,0xfb,0x00,0x00,0x00,0x00,0x00,0xf8,0x00,0x00,0x00,0x00,
    0x00,0x00,0x00,0x00,0x00,0x00,0xe0,0xfb,0xe0,0xfb,0x00,0x00,0x00,0x00,0xe0,0xfb,0xe0,0xff,0x66,0xfd,0x66,0xfd,0x66,0xfd,0x66,0xfd,0xe0,0xff,0xe0,0xfb,0x00,0x00,0x00,0x00,0xe0,0xfb,0xe0,0xfb,0x00,0x00,0x00,0x00,0x00,0x00,
    0x00,0x00,0x00,0x02,0x02,0x00,0x00,0x02,0x01,0x1d,0xe8,0xe8,0x1d,0x01,0x02,0x00,0x00,0x02,0x02,0x00,0x00,0x00,0x00,0x00,0x01,0x00,0x00,0x02,0x00,0x03,0x00,0x3d,0xff,0xff,0x3d,0x00,0x03,0x00,0x02,0x00,0x00,0x01,0x00,0x00,
    0x00,0x01,0x00,0x19,0x24,0x00,0x03,0x03,0x00,0x3a,0xfc,0xfc,0x3a,0x00,0x03,0x03,0x00,0x24,0x19,0x00,0x01,0x00,0x02,0x00,0x1c,0xe4,0xf6,0x54,0x00,0x05,0x01,0x41,0xff,0xff,0x41,0x01,0x05,0x00,0x54,0xf6,0xe4,0x1c,0x00,0x02,
    0x02,0x00,0x25,0xff,0xff,0xfb,0x53,0x02,0x00,0x06,0xb0,0xb0,0x06,0x00,0x02,0x53,0xfb,0xff,0xff,0x25,0x00,0x02,0x00,0x02,0x00,0x53,0xfc,0xff,0xfd,0x08,0x0d,0x53,0x79,0x79,0x52,0x0d,0x08,0xfd,0xff,0xfc,0x53,0x00,0x02,0x00,
    0x00,0x00,0x03,0x00,0x52,0xee,0xb4,0x55,0xdb,0xff,0xff,0xff,0xff,0xdb,0x55,0xb4,0xee,0x52,0x00,0x03,0x00,0x00,0x02,0x03,0x03,0x05,0x00,0x12,0x53,0xfb,0xff,0xff,0xef,0xef,0xff,0xff,0xfb,0x53,0x12,0x00,0x05,0x03,0x03,0x02,
    0x00,0x00,0x00,0x00,0x00,0x0b,0xe4,0xff,0xf4,0x6f,0x1c,0x1c,0x6f,0xf4,0xff,0xe3,0x0a,0x00,0x00,0x00,0x00,0x00,0x19,0x3b,0x39,0x3d,0x0d,0x54,0xff,0xff,0x6e,0x00,0x00,0x00,0x00,0x6e,0xff,0xff,0x54,0x0d,0x3d,0x39,0x3b,0x19,
    0xea,0xff,0xff,0xff,0xb1,0x7c,0xfe,0xef,0x17,0x03,0x03,0x03,0x03,0x17,0xef,0xfe,0x7a,0xb1,0xff,0xff,0xff,0xea,0xea,0xff,0xff,0xff,0xb1,0x7c,0xfe,0xef,0x17,0x03,0x03,0x03,0x03,0x17,0xef,0xfe,0x7a,0xb1,0xff,0xff,0xff,0xea,
    0x19,0x3b,0x39,0x3d,0x0d,0x54,0xff,0xff,0x6c,0x00,0x00,0x00,0x00,0x6c,0xff,0xff,0x54,0x0d,0x3d,0x39,0x3b,0x19,0x00,0x00,0x00,0x00,0x00,0x0b,0xe4,0xff,0xf4,0x6f,0x1c,0x1c,0x6f,0xf4,0xff,0xe4,0x0b,0x00,0x00,0x00,0x00,0x00,
    0x02,0x03,0x03,0x05,0x00,0x12,0x53,0xfb,0xff,0xff,0xef,0xef,0xff,0xff,0xfb,0x53,0x12,0x00,0x05,0x03,0x03,0x02,0x00,0x00,0x03,0x00,0x52,0xee,0xb4,0x54,0xdc,0xff,0xff,0xff,0xff,0xdb,0x55,0xb4,0xee,0x52,0x00,0x03,0x00,0x00,
    0x00,0x02,0x00,0x53,0xfc,0xff,0xfd,0x08,0x0e,0x53,0x79,0x79,0x53,0x0d,0x08,0xfd,0xff,0xfc,0x53,0x00,0x02,0x00,0x02,0x00,0x25,0xff,0xff,0xfb,0x53,0x02,0x00,0x06,0xb0,0xb0,0x06,0x00,0x02,0x53,0xfb,0xff,0xff,0x25,0x00,0x02,
    0x02,0x00,0x1c,0xe4,0xf6,0x54,0x00,0x05,0x01,0x41,0xff,0xff,0x41,0x01,0x05,0x00,0x54,0xf6,0xe4,0x1c,0x00,0x02,0x00,0x01,0x00,0x19,0x24,0x00,0x03,0x03,0x00,0x3a,0xfc,0xfc,0x3a,0x00,0x03,0x03,0x00,0x24,0x19,0x00,0x01,0x00,
    0x00,0x00,0x01,0x00,0x00,0x02,0x00,0x03,0x00,0x3d,0xff,0xff,0x3d,0x00,0x03,0x00,0x02,0x00,0x00,0x01,0x00,0x00,0x00,0x00,0x00,0x02,0x02,0x00,0x00,0x02,0x01,0x1d,0xe8,0xe8,0x1d,0x01,0x02,0x00,0x00,0x02,0x02,0x00,0x00,0x00,

};

const lv_image_dsc_t emoji_bright_22 = {
  .header.magic = LV_IMAGE_HEADER_MAGIC,
  .header.cf = LV_COLOR_FORMAT_RGB565A8,
  .header.flags = 0,
  .header.w = 22,
  .header.h = 22,
  .header.stride = 44,
  .data_size = sizeof(emoji_bright_22_map),
  .data = emoji_bright_22_map,
};




#ifndef LV_ATTRIBUTE_MEM_ALIGN
#define LV_ATTRIBUTE_MEM_ALIGN
#endif

#ifndef LV_ATTRIBUTE_EMOJI_PART_ALT_22
#define LV_ATTRIBUTE_EMOJI_PART_ALT_22
#endif

static const
LV_ATTRIBUTE_MEM_ALIGN LV_ATTRIBUTE_LARGE_CONST LV_ATTRIBUTE_EMOJI_PART_ALT_22
uint8_t emoji_part_alt_22_map[] = {

    0x00,0x00,0x00,0x00,0x00,0x00,0xe0,0xff,0xea,0xff,0x4a,0xfd,0x00,0x00,0x00,0x00,0x00,0x00,0x00,0x00,0x00,0x00,0x00,0x00,0xef,0xff,0xea,0xff,0xe0,0xff,0x00,0x00,0x00,0x00,0x00,0x00,0x00,0x00,0x00,0x00,0x00,0x00,0x00,0x00,
    0x00,0x00,0x00,0x00,0xe0,0xff,0x00,0x00,0x00,0x00,0x00,0x00,0xe0,0xff,0xe0,0xff,0x00,0x00,0x00,0x00,0x00,0x00,0xef,0xff,0x00,0x00,0x00,0x00,0x00,0x00,0xef,0xfb,0x00,0x00,0x00,0x00,0x00,0x00,0x00,0x00,0x00,0x00,0x00,0x00,
    0x00,0x00,0xe0,0xff,0x00,0x00,0xc6,0xfc,0x6a,0xfe,0x69,0xfe,0x00,0x00,0x00,0x00,0xe0,0xff,0x00,0x00,0xef,0xfb,0x00,0x00,0x29,0xfe,0x0a,0xff,0xe9,0xfd,0x00,0x00,0xe0,0xfb,0x00,0x00,0x00,0x00,0x00,0x00,0x00,0x00,0x00,0x00,
    0xe0,0xff,0x00,0xf8,0x49,0xfe,0x89,0xfe,0xaa,0xfe,0xaa,0xfe,0x69,0xfe,0xe7,0xfd,0xe0,0xff,0x4a,0xfd,0x00,0x00,0x49,0xfe,0x89,0xfe,0xca,0xfe,0x89,0xfe,0x49,0xfe,0x00,0x00,0xef,0xfb,0x00,0x00,0x00,0x00,0x00,0x00,0x00,0x00,
    0xef,0xff,0xef,0xff,0x49,0xfe,0xea,0xfe,0x49,0xfe,0x69,0xfe,0x0a,0xff,0x49,0xfe,0x00,0x00,0xe0,0xfb,0x69,0xfe,0x8a,0xfe,0x69,0xfe,0x49,0xfe,0xca,0xfe,0x69,0xfe,0xc8,0xfd,0xef,0xff,0xe0,0xff,0x00,0x00,0x00,0x00,0x00,0x00,
    0x00,0x00,0x49,0xfe,0xca,0xfe,0x49,0xfe,0x69,0xfe,0x69,0xfe,0x69,0xfe,0x69,0xfe,0x49,0xfe,0x00,0x00,0x49,0xfe,0xaa,0xfe,0x49,0xfe,0x69,0xfe,0x49,0xfe,0xea,0xfe,0x49,0xfe,0x00,0x00,0xe7,0xfb,0x00,0x00,0x00,0x00,0x00,0x00,
    0x00,0x00,0x69,0xfe,0xca,0xfe,0x69,0xfe,0x49,0xfe,0x69,0xfe,0x69,0xfe,0xea,0xfe,0x69,0xfe,0x6a,0xfe,0x8a,0xfe,0x69,0xfe,0x49,0xfe,0x49,0xfe,0x69,0xfe,0x69,0xfe,0x69,0xfe,0x69,0xfe,0xe0,0xff,0xef,0xff,0x00,0x00,0x00,0x00,
    0x29,0xfe,0x49,0xfe,0x69,0xfe,0xca,0xfe,0x49,0xfe,0x69,0xfe,0xea,0xfe,0x69,0xfe,0x69,0xfe,0x49,0xfe,0x69,0xfe,0xaa,0xfe,0x69,0xfe,0x69,0xfe,0x69,0xfe,0x69,0xfe,0xca,0xfe,0x69,0xfe,0x00,0x00,0x4a,0xfd,0x00,0x00,0x00,0x00,
    0x49,0xfe,0xaa,0xfe,0x69,0xfe,0x69,0xfe,0x4a,0xfe,0x09,0xfe,0x69,0xfe,0x89,0xfe,0x69,0xfe,0x89,0xfe,0x49,0xfe,0xca,0xfe,0x69,0xfe,0x00,0x00,0x49,0xfe,0xca,0xfe,0x69,0xfe,0x69,0xfe,0xaa,0xfe,0x00,0xf8,0xe0,0xff,0x00,0x00,
    0x69,0xfe,0x89,0xfe,0xaa,0xfe,0x69,0xfe,0x00,0xf8,0x00,0x00,0x49,0xfe,0x0a,0xff,0x69,0xfe,0x49,0xfe,0xca,0xfe,0x49,0xfe,0xc9,0xfe,0xef,0xfb,0x49,0xfe,0x89,0xfe,0x49,0xfe,0xca,0xfe,0x49,0xfe,0x00,0x00,0xe7,0xfd,0x00,0x00,
    0x49,0xfe,0xca,0xfe,0x0a,0xff,0x49,0xfe,0x00,0x00,0x66,0xfe,0xaa,0xfe,0x69,0xfe,0xca,0xfe,0xca,0xfe,0x89,0xfe,0x49,0xfe,0x00,0x00,0x4a,0xfd,0x00,0x00,0x49,0xfe,0xaa,0xfe,0x89,0xfe,0x49,0xfe,0xe7,0xfe,0xe0,0xff,0xe0,0xff,
    0x49,0xfe,0x89,0xfe,0x69,0xfe,0x8a,0xfe,0xe0,0xff,0xef,0xff,0x00,0x00,0x00,0x00,0x89,0xfe,0x89,0xfe,0x09,0xfe,0x00,0x00,0xff,0xff,0xea,0xff,0x00,0x00,0x69,0xfe,0xaa,0xfe,0x49,0xfe,0xaa,0xfe,0x69,0xfe,0x00,0x00,0xe7,0xfd,
    0x00,0x00,0xaa,0xfa,0x00,0x00,0x00,0x00,0x00,0x00,0x00,0x00,0x00,0xf8,0xe0,0xff,0x00,0x00,0x00,0x00,0x00,0x00,0xef,0xfb,0x00,0x00,0x00,0x00,0xff,0xff,0x6c,0xfe,0x49,0xfe,0x89,0xfe,0xaa,0xfe,0x69,0xfe,0x00,0x00,0x4a,0xfd,
    0xef,0xff,0x00,0x00,0x00,0xf8,0xe0,0xff,0x00,0x00,0x00,0x00,0x00,0x00,0x00,0x00,0x4a,0xfd,0xea,0xff,0xe0,0xff,0x00,0x00,0x00,0x00,0x00,0x00,0xe7,0xfd,0x00,0x00,0x69,0xfe,0xca,0xfe,0x49,0xfe,0x69,0xfe,0x49,0xfe,0x00,0x00,
    0x00,0x00,0x00,0xf8,0x00,0x00,0x00,0x00,0x00,0x00,0x00,0x00,0x00,0x00,0x00,0x00,0x00,0x00,0x00,0x00,0x00,0x00,0x00,0x00,0x00,0x00,0x00,0x00,0xe0,0xff,0x00,0xf8,0x49,0xfe,0x49,0xfe,0x69,0xfe,0xca,0xfe,0x69,0xfe,0x00,0x00,
    0x00,0x00,0x00,0x00,0x00,0x00,0x00,0x00,0x00,0x00,0x00,0x00,0x00,0x00,0x00,0x00,0x00,0x00,0x00,0x00,0x00,0x00,0x00,0x00,0x00,0x00,0x00,0x00,0x00,0x00,0xe7,0xfd,0x00,0x00,0x49,0xfe,0xca,0xfe,0x8a,0xfe,0x49,0xfe,0x4a,0xfd,
    0x00,0x00,0x00,0x00,0x00,0x00,0x00,0x00,0x00,0x00,0x00,0x00,0x00,0x00,0x00,0x00,0x00,0x00,0x00,0x00,0x00,0x00,0x00,0x00,0x00,0x00,0x00,0x00,0x00,0x00,0xef,0xff,0x00,0x00,0x69,0xfe,0x69,0xfe,0x69,0xfe,0x69,0xfe,0x69,0xfe,
    0x00,0x00,0x00,0x00,0x00,0x00,0x00,0x00,0x00,0x00,0x00,0x00,0x00,0x00,0x00,0x00,0x00,0x00,0x00,0x00,0x00,0x00,0x00,0x00,0x00,0x00,0x00,0x00,0x00,0x00,0x00,0x00,0xe0,0xff,0xe0,0xff,0x49,0xfe,0x89,0xfe,0x89,0xfe,0x69,0xfe,
    0x00,0x00,0x00,0x00,0x00,0x00,0x00,0x00,0x00,0x00,0x00,0x00,0x00,0x00,0x00,0x00,0x00,0x00,0x00,0x00,0x00,0x00,0x00,0x00,0x00,0x00,0x00,0x00,0x00,0x00,0x00,0x00,0xe7,0xfd,0x00,0x00,0x69,0xfe,0x0a,0xff,0xca,0xfe,0x49,0xfe,
    0x00,0x00,0x00,0x00,0x00,0x00,0x00,0x00,0x00,0x00,0x00,0x00,0x00,0x00,0x00,0x00,0x00,0x00,0x00,0x00,0x00,0x00,0x00,0x00,0x00,0x00,0x00,0x00,0x00,0x00,0x00,0x00,0xe0,0xff,0xe0,0xff,0xaa,0xfe,0x69,0xfe,0x89,0xfe,0x69,0xfe,
    0x00,0x00,0x00,0x00,0x00,0x00,0x00,0x00,0x00,0x00,0x00,0x00,0x00,0x00,0x00,0x00,0x00,0x00,0x00,0x00,0x00,0x00,0x00,0x00,0x00,0x00,0x00,0x00,0x00,0x00,0x00,0x00,0x00,0x00,0x00,0x00,0x00,0x00,0x00,0x00,0x00,0x00,0x00,0x00,
    0x00,0x00,0x00,0x00,0x00,0x00,0x00,0x00,0x00,0x00,0x00,0x00,0x00,0x00,0x00,0x00,0x00,0x00,0x00,0x00,0x00,0x00,0x00,0x00,0x00,0x00,0x00,0x00,0x00,0x00,0x00,0x00,0x00,0x00,0x00,0x00,0xe0,0xff,0xef,0xfb,0x00,0x00,0xef,0xff,
    0x00,0x00,0x00,0x01,0x03,0x03,0x00,0x00,0x00,0x00,0x00,0x00,0x02,0x03,0x01,0x00,0x00,0x00,0x00,0x00,0x00,0x00,0x00,0x00,0x01,0x00,0x00,0x00,0x01,0x01,0x00,0x00,0x00,0x02,0x00,0x00,0x00,0x02,0x00,0x00,0x00,0x00,0x00,0x00,
    0x00,0x01,0x00,0x05,0x3f,0x38,0x00,0x00,0x01,0x00,0x02,0x00,0x25,0x42,0x14,0x00,0x02,0x00,0x00,0x00,0x00,0x00,0x02,0x01,0x1d,0xc9,0xff,0xff,0xa9,0x08,0x02,0x03,0x00,0x6a,0xf6,0xff,0xdf,0x2b,0x00,0x02,0x00,0x00,0x00,0x00,
    0x02,0x02,0xc0,0xff,0xf9,0xfa,0xff,0x85,0x00,0x02,0x36,0xff,0xff,0xf8,0xff,0xd5,0x0b,0x02,0x01,0x00,0x00,0x00,0x00,0x4f,0xff,0xfa,0xff,0xff,0xfc,0xf4,0x1d,0x00,0xbb,0xff,0xfb,0xff,0xf9,0xff,0x82,0x00,0x04,0x00,0x00,0x00,
    0x00,0xb6,0xfe,0xfc,0xee,0xf6,0xfc,0xff,0x7d,0x29,0xff,0xfd,0xfe,0xf4,0xff,0xfd,0xf3,0x1f,0x01,0x02,0x00,0x00,0x20,0xf3,0xfe,0xff,0x53,0x73,0xff,0xfc,0xf3,0xe5,0xfd,0xfd,0xc8,0x2f,0xf7,0xfd,0xff,0x91,0x00,0x03,0x00,0x00,
    0x62,0xff,0xff,0xf5,0x13,0x11,0xf2,0xfc,0xff,0xff,0xfa,0xff,0x5f,0x00,0xa7,0xff,0xfc,0xf0,0x18,0x01,0x01,0x00,0xa0,0xfd,0xfd,0xbb,0x01,0x00,0x7f,0xff,0xf9,0xf8,0xff,0xcf,0x07,0x02,0x36,0xfe,0xfb,0xff,0x7b,0x00,0x04,0x00,
    0xc6,0xff,0xff,0x72,0x00,0x05,0x06,0xab,0xff,0xff,0xdd,0x2b,0x00,0x03,0x00,0xbc,0xff,0xfe,0xdd,0x08,0x01,0x01,0x4c,0xda,0xc0,0x16,0x01,0x02,0x00,0x00,0x40,0x4f,0x11,0x00,0x01,0x03,0x00,0x4c,0xff,0xfb,0xff,0x51,0x00,0x04,
    0x00,0x03,0x00,0x00,0x00,0x00,0x01,0x01,0x00,0x00,0x00,0x02,0x00,0x00,0x01,0x05,0xd3,0xfe,0xff,0xb4,0x00,0x03,0x02,0x00,0x01,0x01,0x00,0x00,0x00,0x00,0x03,0x03,0x01,0x00,0x00,0x00,0x04,0x00,0x67,0xff,0xfd,0xf8,0x21,0x00,
    0x00,0x01,0x00,0x00,0x00,0x00,0x00,0x00,0x00,0x00,0x00,0x00,0x00,0x00,0x01,0x01,0x0e,0xe4,0xfe,0xff,0x75,0x00,0x00,0x00,0x00,0x00,0x00,0x00,0x00,0x00,0x00,0x00,0x00,0x00,0x00,0x00,0x00,0x04,0x00,0x89,0xff,0xff,0xcb,0x03,
    0x00,0x00,0x00,0x00,0x00,0x00,0x00,0x00,0x00,0x00,0x00,0x00,0x00,0x00,0x00,0x02,0x00,0x2f,0xfc,0xff,0xfc,0x38,0x00,0x00,0x00,0x00,0x00,0x00,0x00,0x00,0x00,0x00,0x00,0x00,0x00,0x00,0x00,0x00,0x01,0x01,0xc8,0xfc,0xfd,0x96,
    0x00,0x00,0x00,0x00,0x00,0x00,0x00,0x00,0x00,0x00,0x00,0x00,0x00,0x00,0x00,0x00,0x04,0x00,0x71,0xff,0xff,0xc6,0x00,0x00,0x00,0x00,0x00,0x00,0x00,0x00,0x00,0x00,0x00,0x00,0x00,0x00,0x00,0x00,0x01,0x01,0x12,0xb5,0xd1,0x42,
    0x00,0x00,0x00,0x00,0x00,0x00,0x00,0x00,0x00,0x00,0x00,0x00,0x00,0x00,0x00,0x00,0x00,0x00,0x00,0x00,0x00,0x00,0x00,0x00,0x00,0x00,0x00,0x00,0x00,0x00,0x00,0x00,0x00,0x00,0x00,0x00,0x00,0x00,0x00,0x00,0x01,0x02,0x00,0x02,

};

const lv_image_dsc_t emoji_part_alt_22 = {
  .header.magic = LV_IMAGE_HEADER_MAGIC,
  .header.cf = LV_COLOR_FORMAT_RGB565A8,
  .header.flags = 0,
  .header.w = 22,
  .header.h = 22,
  .header.stride = 44,
  .data_size = sizeof(emoji_part_alt_22_map),
  .data = emoji_part_alt_22_map,
};




#ifndef LV_ATTRIBUTE_MEM_ALIGN
#define LV_ATTRIBUTE_MEM_ALIGN
#endif

#ifndef LV_ATTRIBUTE_EMOJI_MOTORBOAT_22
#define LV_ATTRIBUTE_EMOJI_MOTORBOAT_22
#endif

static const
LV_ATTRIBUTE_MEM_ALIGN LV_ATTRIBUTE_LARGE_CONST LV_ATTRIBUTE_EMOJI_MOTORBOAT_22
uint8_t emoji_motorboat_22_map[] = {

    0x00,0x00,0x00,0x00,0x00,0x00,0x00,0x00,0x00,0x00,0x00,0x00,0x00,0x00,0x00,0x00,0x00,0x00,0x00,0x00,0x00,0x00,0x00,0x00,0x00,0x00,0x00,0x00,0x00,0x00,0x00,0x00,0x00,0x00,0x00,0x00,0x00,0x00,0x00,0x00,0x00,0x00,0x00,0x00,
    0x00,0x00,0x00,0x00,0x00,0x00,0x00,0x00,0x00,0x00,0x00,0x00,0x00,0x00,0x00,0x00,0x00,0x00,0x00,0x00,0x00,0x00,0x00,0x00,0x00,0x00,0x00,0x00,0x00,0x00,0x00,0x00,0x00,0x00,0x00,0x00,0x00,0x00,0x00,0x00,0x00,0x00,0x00,0x00,
    0x00,0x00,0x00,0x00,0x00,0x00,0x00,0x00,0x00,0x00,0x00,0x00,0x00,0x00,0x00,0x00,0x00,0x00,0x00,0x00,0x00,0x00,0x00,0x00,0x00,0x00,0x00,0x00,0x00,0x00,0x00,0x00,0x00,0x00,0x00,0x00,0x00,0x00,0x00,0x00,0x00,0x00,0x00,0x00,
    0x00,0x00,0x00,0x00,0x00,0x00,0x00,0x00,0x00,0x00,0x00,0x00,0x00,0x00,0x00,0x00,0x00,0x00,0x00,0x00,0x00,0x00,0x00,0x00,0x00,0x00,0x00,0x00,0x00,0x00,0x00,0x00,0x00,0x00,0x00,0x00,0x00,0x00,0x00,0x00,0x00,0x00,0x00,0x00,
    0x00,0x00,0x00,0x00,0x00,0x00,0x00,0x00,0x00,0x00,0x00,0x00,0x00,0x00,0x00,0x00,0x00,0x00,0x00,0x00,0x00,0x00,0x00,0x00,0x00,0x00,0x00,0x00,0x00,0x00,0x00,0x00,0x00,0x00,0x00,0x00,0x00,0x00,0x00,0x00,0x00,0x00,0x00,0x00,
    0x00,0x00,0x00,0x00,0x00,0x00,0x00,0x00,0x00,0x00,0x00,0x00,0x00,0x00,0x00,0x00,0x00,0x00,0x00,0x00,0x00,0x00,0x00,0x00,0x00,0x00,0x00,0x00,0x00,0x00,0x00,0x00,0x00,0x00,0x00,0x00,0x00,0x00,0x00,0x00,0x00,0x00,0x00,0x00,
    0x00,0x00,0x00,0x00,0x00,0x00,0x00,0x00,0x00,0x00,0x00,0x00,0x00,0x00,0x00,0x00,0x00,0x00,0x00,0x00,0x00,0x00,0x00,0x00,0x00,0x00,0x00,0x00,0x00,0x00,0x00,0x00,0x00,0x00,0x00,0x00,0x00,0x00,0x00,0x00,0x00,0x00,0x00,0x00,
    0x00,0x00,0x00,0x00,0x00,0x00,0x00,0x00,0x00,0x00,0x00,0x00,0xff,0xff,0xff,0xbd,0xef,0x03,0x00,0x00,0x00,0x00,0x00,0x00,0x00,0x00,0x00,0x00,0x00,0x00,0x00,0x00,0x00,0x00,0x00,0x00,0xef,0x7b,0xb5,0x52,0xaa,0x52,0x00,0x00,
    0x00,0x00,0xff,0xff,0xff,0xff,0x00,0x00,0xff,0xff,0x5f,0xad,0x00,0x00,0x00,0x00,0x00,0x00,0x00,0x00,0x00,0x00,0x00,0x00,0x00,0x00,0x00,0x00,0x00,0x00,0x00,0x00,0x00,0x00,0x00,0x00,0x00,0x00,0x00,0x00,0x00,0x00,0x00,0x00,
    0x00,0x00,0x00,0x00,0x00,0x00,0x00,0x00,0x00,0x00,0x00,0x00,0xff,0xff,0x3d,0xd7,0xbd,0xbe,0x1d,0xd7,0xf7,0xff,0xf7,0xbd,0xd3,0x9c,0xf7,0xbd,0xf7,0xbd,0xf7,0xbd,0x79,0xce,0xf7,0xbd,0xf0,0x6b,0x11,0x74,0xaf,0x63,0xef,0x6b,
    0xba,0xc6,0x7f,0xb7,0xff,0x9f,0xff,0x7f,0xff,0xff,0x7c,0xb6,0x7a,0x7d,0xfa,0x54,0xba,0x44,0x9c,0xbe,0x00,0x00,0x00,0x00,0x00,0x00,0x00,0x00,0x00,0x00,0x00,0x00,0x00,0x00,0x00,0x00,0x4e,0x5b,0xd0,0x6b,0xf1,0x6b,0xaf,0x63,
    0xdb,0xce,0x78,0xd6,0x99,0xd6,0x79,0xce,0xba,0xd6,0xbc,0xc6,0xfa,0x9d,0xfa,0x9d,0x1b,0x9e,0xdd,0xc6,0xfd,0xce,0xdd,0xc6,0xde,0xc6,0xfe,0xc6,0x1f,0xc7,0x1f,0xc7,0x3f,0xc7,0x1f,0xc7,0x37,0x8d,0x94,0x7c,0xd0,0x6b,0xb0,0x63,
    0x00,0x00,0xa5,0xec,0x24,0xfd,0x05,0xfd,0xe5,0xec,0xc5,0xf4,0x06,0xf5,0x07,0xf5,0x28,0xf5,0x28,0xed,0x8b,0xf5,0xab,0xf5,0xcd,0xf5,0xce,0xf5,0xef,0xed,0x10,0xee,0x31,0xee,0x11,0xee,0x12,0xe6,0xd1,0xdd,0xcf,0x73,0xf3,0x63,
    0x00,0x00,0x00,0x00,0x00,0xfc,0x80,0xfc,0x60,0xfc,0x40,0xfc,0x40,0xfc,0x40,0xfc,0x40,0xfc,0x40,0xfc,0x40,0xfc,0x40,0xfc,0x40,0xfc,0x40,0xfc,0x40,0xfc,0x40,0xfc,0x20,0xfc,0x40,0xfc,0x40,0xfc,0x80,0xfc,0xc9,0x93,0x00,0x00,
    0x5d,0x55,0x5c,0x5d,0x9f,0x3d,0x14,0x8d,0xeb,0xc4,0xcb,0xc4,0xcb,0xbc,0xcb,0xbc,0xcb,0xbc,0xcb,0xbc,0xcb,0xbc,0xcb,0xbc,0xcb,0xbc,0xcb,0xbc,0xcb,0xbc,0xcb,0xbc,0xcb,0xbc,0xcb,0xbc,0xcb,0xbc,0xeb,0xc4,0x92,0x7c,0x5e,0x55,
    0xbf,0x5d,0xbf,0x5d,0xdf,0x5d,0x9f,0x55,0x7f,0x4d,0x7f,0x4d,0x7f,0x4d,0x7f,0x4d,0x7f,0x4d,0x7f,0x4d,0x7f,0x4d,0x7f,0x4d,0x7f,0x4d,0x7f,0x4d,0x7f,0x4d,0x7f,0x4d,0x7f,0x4d,0x7f,0x4d,0x7f,0x4d,0x7f,0x4d,0x9f,0x55,0xbf,0x5d,
    0x7d,0x55,0x7d,0x55,0x7d,0x55,0x7d,0x55,0x7d,0x55,0x7d,0x55,0x7d,0x55,0x7d,0x55,0x7d,0x55,0x7d,0x55,0x7d,0x55,0x7d,0x55,0x7d,0x55,0x7d,0x55,0x7d,0x55,0x7d,0x55,0x7d,0x55,0x7d,0x55,0x7d,0x55,0x7d,0x55,0x5d,0x55,0x7d,0x55,
    0x7d,0x55,0x7d,0x55,0x7d,0x55,0x7d,0x55,0x7d,0x55,0x7d,0x55,0x7d,0x55,0x7d,0x55,0x7d,0x55,0x7d,0x55,0x7d,0x55,0x7d,0x55,0x7d,0x55,0x7d,0x55,0x7d,0x55,0x7d,0x55,0x7d,0x55,0x7d,0x55,0x7d,0x55,0x7d,0x55,0x7d,0x55,0x7d,0x55,
    0x7d,0x55,0x7d,0x55,0x7d,0x55,0x7d,0x55,0x7d,0x55,0x7d,0x55,0x7d,0x55,0x7d,0x55,0x7d,0x55,0x7d,0x55,0x7d,0x55,0x7d,0x55,0x7d,0x55,0x7d,0x55,0x7d,0x55,0x7d,0x55,0x7d,0x55,0x7d,0x55,0x7d,0x55,0x7d,0x55,0x7d,0x55,0x7d,0x55,
    0x7d,0x55,0x7d,0x55,0x7d,0x55,0x7d,0x55,0x7d,0x55,0x7d,0x55,0x7d,0x55,0x7d,0x55,0x7d,0x55,0x7d,0x55,0x7d,0x55,0x7d,0x55,0x7d,0x55,0x7d,0x55,0x7d,0x55,0x7d,0x55,0x7d,0x55,0x7d,0x55,0x7d,0x55,0x7d,0x55,0x7d,0x55,0x7d,0x55,
    0x7d,0x55,0x7d,0x55,0x7d,0x55,0x7d,0x55,0x7d,0x55,0x7d,0x55,0x7d,0x55,0x7d,0x55,0x7d,0x55,0x7d,0x55,0x7d,0x55,0x7d,0x55,0x7d,0x55,0x7d,0x55,0x7d,0x55,0x7d,0x55,0x7d,0x55,0x7d,0x55,0x7d,0x55,0x7d,0x55,0x7d,0x55,0x7d,0x55,
    0x7d,0x55,0x7d,0x55,0x7d,0x55,0x7d,0x55,0x7d,0x55,0x7d,0x55,0x7d,0x55,0x7d,0x55,0x7d,0x55,0x7d,0x55,0x7d,0x55,0x7d,0x55,0x7d,0x55,0x7d,0x55,0x7d,0x55,0x7d,0x55,0x7d,0x55,0x7d,0x55,0x7d,0x55,0x7d,0x55,0x7d,0x55,0x7d,0x55,
    0x00,0x00,0x00,0x00,0x00,0x00,0x00,0x00,0x00,0x00,0x00,0x00,0x00,0x00,0x00,0x00,0x00,0x00,0x00,0x00,0x00,0x00,0x00,0x00,0x00,0x00,0x00,0x00,0x00,0x00,0x00,0x00,0x00,0x00,0x00,0x00,0x00,0x00,0x00,0x00,0x00,0x00,0x00,0x00,
    0x00,0x00,0x00,0x00,0x00,0x00,0x00,0x00,0x00,0x00,0x00,0x00,0x00,0x00,0x00,0x00,0x00,0x00,0x00,0x00,0x00,0x00,0x00,0x00,0x00,0x00,0x00,0x00,0x00,0x00,0x00,0x00,0x00,0x00,0x00,0x00,0x00,0x00,0x00,0x00,0x00,0x00,0x00,0x00,
    0x00,0x00,0x00,0x00,0x00,0x00,0x00,0x00,0x00,0x00,0x00,0x00,0x00,0x00,0x00,0x00,0x00,0x00,0x00,0x00,0x00,0x00,0x00,0x00,0x00,0x00,0x00,0x00,0x00,0x00,0x00,0x00,0x00,0x00,0x00,0x00,0x00,0x00,0x00,0x00,0x00,0x00,0x00,0x00,
    0x00,0x00,0x00,0x00,0x00,0x00,0x00,0x00,0x00,0x00,0x00,0x00,0x00,0x00,0x00,0x00,0x00,0x00,0x00,0x00,0x00,0x00,0x00,0x00,0x00,0x00,0x00,0x00,0x02,0x04,0x02,0x01,0x00,0x00,0x00,0x00,0x00,0x00,0x00,0x00,0x02,0x03,0x03,0x01,
    0x00,0x01,0x01,0x01,0x01,0x03,0x00,0x00,0x00,0x00,0x00,0x00,0x00,0x00,0x00,0x00,0x00,0x00,0x00,0x00,0x00,0x00,0x00,0x00,0x00,0x00,0x00,0x00,0x1f,0x74,0xbb,0xad,0x04,0x04,0x05,0x04,0x04,0x04,0x05,0x04,0x20,0x3b,0x3b,0x10,
    0x0d,0x0e,0x08,0x04,0x15,0x8d,0xf3,0xff,0xff,0xd8,0x00,0x00,0x00,0x00,0x00,0x00,0x00,0x00,0xa5,0xff,0xff,0x69,0x2e,0xdf,0xdf,0xd2,0xe6,0xff,0xff,0xfa,0xfc,0xec,0x9e,0x96,0x8a,0x84,0x76,0x71,0x64,0x5e,0xc5,0xfd,0xff,0x69,
    0x00,0x63,0xff,0xff,0xff,0xfc,0xfe,0xff,0xff,0xff,0xff,0xff,0xff,0xff,0xff,0xff,0xff,0xff,0xff,0xff,0xd0,0x14,0x00,0x00,0x48,0xe2,0xfc,0xfe,0xff,0xff,0xff,0xfe,0xfb,0xfb,0xfb,0xfb,0xfb,0xfb,0xfb,0xfb,0xfb,0xff,0xba,0x00,
    0x55,0x58,0x49,0x82,0xf3,0xfe,0xfe,0xff,0xff,0xff,0xff,0xff,0xff,0xff,0xff,0xff,0xff,0xff,0xfd,0xff,0xd6,0x56,0xff,0xff,0xff,0xff,0xff,0xff,0xff,0xff,0xff,0xff,0xff,0xff,0xff,0xff,0xff,0xff,0xff,0xff,0xff,0xff,0xff,0xff,
    0xfb,0xfb,0xfb,0xfd,0xff,0xff,0xff,0xff,0xff,0xff,0xff,0xff,0xff,0xff,0xff,0xff,0xff,0xff,0xff,0xff,0xfe,0xfb,0xff,0xff,0xff,0xff,0xff,0xff,0xff,0xff,0xff,0xff,0xff,0xff,0xff,0xff,0xff,0xff,0xff,0xff,0xff,0xff,0xff,0xff,
    0xff,0xff,0xff,0xff,0xff,0xff,0xff,0xff,0xff,0xff,0xff,0xff,0xff,0xff,0xff,0xff,0xff,0xff,0xff,0xff,0xff,0xff,0xff,0xff,0xff,0xff,0xff,0xff,0xff,0xff,0xff,0xff,0xff,0xff,0xff,0xff,0xff,0xff,0xff,0xff,0xff,0xff,0xff,0xff,
    0xff,0xff,0xff,0xff,0xff,0xff,0xff,0xff,0xff,0xff,0xff,0xff,0xff,0xff,0xff,0xff,0xff,0xff,0xff,0xff,0xff,0xff,0xff,0xff,0xff,0xff,0xff,0xff,0xff,0xff,0xff,0xff,0xff,0xff,0xff,0xff,0xff,0xff,0xff,0xff,0xff,0xff,0xff,0xff,

};

const lv_image_dsc_t emoji_motorboat_22 = {
  .header.magic = LV_IMAGE_HEADER_MAGIC,
  .header.cf = LV_COLOR_FORMAT_RGB565A8,
  .header.flags = 0,
  .header.w = 22,
  .header.h = 22,
  .header.stride = 44,
  .data_size = sizeof(emoji_motorboat_22_map),
  .data = emoji_motorboat_22_map,
};




#ifndef LV_ATTRIBUTE_MEM_ALIGN
#define LV_ATTRIBUTE_MEM_ALIGN
#endif

#ifndef LV_ATTRIBUTE_EMOJI_SATELLITE_22
#define LV_ATTRIBUTE_EMOJI_SATELLITE_22
#endif

static const
LV_ATTRIBUTE_MEM_ALIGN LV_ATTRIBUTE_LARGE_CONST LV_ATTRIBUTE_EMOJI_SATELLITE_22
uint8_t emoji_satellite_22_map[] = {

    0x00,0x00,0x00,0x00,0x00,0x00,0x00,0x00,0xef,0x7b,0xef,0x7b,0xef,0x7b,0xef,0x7b,0x00,0x00,0x00,0x00,0xe0,0xff,0x00,0x00,0x05,0xfd,0x46,0xfd,0x66,0xfd,0x66,0xfd,0x66,0xfd,0x00,0x00,0xe0,0xff,0x00,0xf8,0x00,0x00,0x00,0x00,
    0x00,0x00,0x00,0x00,0x00,0x00,0x00,0x00,0x00,0x00,0x00,0x00,0x00,0x00,0x00,0x00,0xef,0x7b,0xef,0x7b,0xe0,0xff,0x00,0x00,0x46,0xfd,0x46,0xfd,0x66,0xfd,0x66,0xfd,0x86,0xfd,0x66,0xfd,0x00,0x00,0xe0,0xfb,0x00,0xf8,0x00,0x00,
    0x00,0x00,0x00,0x00,0x00,0x00,0xaa,0x52,0xb0,0x6b,0xaf,0x63,0xb0,0x6b,0xb0,0x6b,0x00,0x00,0x00,0x00,0x4a,0x55,0x00,0x00,0x45,0xfd,0x66,0xfd,0x65,0xfd,0x00,0x00,0x86,0xfd,0xe7,0xfd,0x66,0xfd,0x00,0x00,0xe0,0xff,0x00,0x00,
    0x00,0x00,0xef,0x7b,0x00,0x00,0xf0,0x6b,0xf1,0x6b,0xf0,0x6b,0xf0,0x6b,0xb0,0x6b,0xd0,0x6b,0xaf,0x63,0x00,0x00,0x00,0x00,0x47,0xfd,0x86,0xfd,0x86,0xfd,0x86,0xfd,0xe3,0xfb,0x46,0xfd,0xe7,0xfd,0x46,0xfd,0x00,0x00,0x4a,0xfd,
    0xff,0xaf,0x00,0x00,0x7a,0xc6,0x72,0x7c,0x8f,0x63,0xb0,0x63,0xaf,0x63,0xaf,0x63,0xd0,0x6b,0xb0,0x6b,0xd0,0x6b,0x71,0x74,0x00,0x00,0x60,0xfc,0x24,0xfd,0x86,0xfd,0x86,0xfd,0x00,0x00,0x46,0xfd,0x66,0xfd,0x84,0xfc,0x00,0xf8,
    0xef,0x7b,0xff,0x07,0x9b,0xce,0x72,0x7c,0x8f,0x63,0xb0,0x63,0xaf,0x63,0xaf,0x63,0xaf,0x63,0xaf,0x63,0xf1,0x6b,0x8f,0x63,0xb4,0x8c,0x3f,0xd7,0x9f,0x97,0xc4,0xfc,0x86,0xfd,0x46,0xfd,0x86,0xfd,0x86,0xfd,0x66,0xfd,0x00,0x00,
    0x00,0x00,0x5a,0xbe,0xdc,0xd6,0xb3,0x8c,0x6f,0x63,0xb0,0x63,0xaf,0x63,0xaf,0x63,0xaf,0x63,0xaf,0x63,0xb0,0x63,0xaf,0x63,0xb8,0xad,0x7e,0xe7,0x9a,0xce,0x00,0x00,0x46,0xfd,0x66,0xfd,0x26,0xfd,0xc6,0xfd,0x46,0xfd,0x00,0x00,
    0x00,0x00,0x7a,0xc6,0x1d,0xdf,0xb7,0xad,0x6f,0x63,0xb0,0x63,0xaf,0x63,0xaf,0x63,0xaf,0x63,0xb0,0x63,0x8f,0x63,0x11,0x74,0x9b,0xce,0x3d,0xdf,0xdb,0xd6,0x00,0x00,0x65,0xfd,0x66,0xfd,0x66,0xfd,0x66,0xfd,0x25,0xfd,0x00,0x00,
    0x00,0x00,0xbb,0xce,0xfc,0xd6,0xbb,0xce,0x31,0x74,0x8f,0x63,0xb0,0x63,0xaf,0x63,0xb0,0x6b,0x8f,0x63,0xf1,0x6b,0x7a,0xc6,0x9b,0xce,0x36,0x9d,0x52,0x7c,0x4e,0x5b,0x4a,0xfd,0xe7,0xd4,0x00,0x00,0x00,0x00,0x00,0x00,0x00,0x00,
    0x00,0x00,0xbb,0xce,0xbb,0xce,0xfc,0xd6,0xd8,0xad,0x8f,0x63,0xb0,0x63,0xb0,0x63,0x8f,0x63,0xf1,0x6b,0x7a,0xc6,0xdb,0xce,0x52,0x7c,0x4e,0x5b,0xd0,0x6b,0xaf,0x63,0x1f,0x00,0x00,0x00,0xff,0xff,0x4a,0xfd,0x00,0xf8,0x00,0x00,
    0x00,0x00,0xdb,0xde,0xbb,0xce,0xdc,0xd6,0xfc,0xd6,0xd4,0x8c,0x6f,0x5b,0xaf,0x63,0xf0,0x6b,0x7a,0xc6,0xdb,0xce,0x52,0x7c,0x6f,0x63,0xd0,0x6b,0xb0,0x63,0xf1,0x6b,0xaf,0x63,0x00,0x00,0xb5,0x52,0x00,0x00,0x00,0x00,0x00,0x00,
    0xf7,0xbd,0x00,0x00,0x9b,0xce,0x3d,0xdf,0xbb,0xce,0xbb,0xce,0x32,0x7c,0x8f,0x63,0x9a,0xc6,0xdb,0xce,0x52,0x7c,0x6f,0x5b,0xb0,0x6b,0xaf,0x63,0xaf,0x63,0xb0,0x6b,0xaf,0x63,0x70,0x63,0x00,0x00,0xff,0xff,0x00,0x00,0x00,0x00,
    0xff,0xff,0x00,0x00,0x7a,0xc6,0xdb,0xce,0xdc,0xce,0xdb,0xce,0x7a,0xc6,0x32,0x7c,0x76,0xa5,0x72,0x84,0x6f,0x5b,0xb0,0x6b,0xaf,0x63,0xaf,0x63,0xaf,0x63,0xaf,0x63,0xf1,0x6b,0xaf,0x63,0x00,0x00,0xef,0x3b,0x00,0x00,0x00,0x00,
    0x00,0x00,0x55,0xad,0x00,0x00,0xbb,0xce,0x1d,0xd7,0xbb,0xce,0xdc,0xd6,0x7a,0xc6,0xf0,0x6b,0x4e,0x5b,0xd0,0x6b,0xaf,0x63,0xaf,0x63,0xaf,0x63,0xaf,0x63,0xaf,0x63,0xd0,0x6b,0xaf,0x63,0xef,0x7b,0x1f,0x00,0x00,0x00,0x00,0x00,
    0x00,0x00,0xff,0xff,0xef,0x7b,0xf5,0x7b,0x5a,0xbe,0xfc,0xd6,0x9b,0xce,0xdc,0xd6,0x9b,0xce,0x73,0x84,0x6f,0x5b,0xaf,0x63,0xb0,0x6b,0xaf,0x63,0xaf,0x63,0xaf,0x63,0xb0,0x63,0xaf,0x63,0x8f,0x63,0x00,0x00,0xef,0x7b,0x00,0x00,
    0x00,0x00,0xef,0x7b,0x00,0x00,0x56,0x95,0x97,0xa5,0x5a,0xbe,0xdc,0xd6,0xbb,0xce,0xdb,0xce,0xdb,0xce,0x35,0x9d,0xaf,0x63,0x6f,0x5b,0xaf,0x63,0xb0,0x6b,0xb0,0x63,0xb0,0x63,0xaf,0x63,0xb0,0x63,0x00,0x00,0xef,0x7b,0x00,0x00,
    0xef,0x7b,0x00,0x00,0x56,0x9d,0xb8,0xa5,0x56,0x9d,0x56,0x9d,0x39,0xbe,0xdc,0xce,0xbb,0xce,0xbb,0xce,0xfc,0xd6,0x39,0xbe,0xb3,0x84,0xaf,0x63,0x6e,0x5b,0x6f,0x5b,0xf1,0x6b,0xaf,0x63,0x33,0x63,0xef,0x7b,0x00,0x00,0x00,0x00,
    0xef,0x7b,0x00,0x00,0x56,0x9d,0x97,0xa5,0x56,0x9d,0x56,0x9d,0x36,0x95,0xb8,0xad,0x7a,0xc6,0xbb,0xce,0xdb,0xce,0x1d,0xdf,0x3d,0xdf,0x9b,0xc6,0xf8,0xb5,0x35,0x9d,0xb3,0x8c,0x32,0x7c,0x00,0x00,0xff,0xff,0x00,0x00,0x00,0x00,
    0x00,0x00,0x71,0x7c,0x36,0x95,0x97,0x9d,0x77,0x9d,0x77,0x9d,0x77,0x9d,0x56,0x9d,0x77,0x9d,0xd8,0xad,0x39,0xb6,0x7a,0xc6,0xbb,0xce,0xfc,0xd6,0x3d,0xdf,0x9f,0xef,0x00,0x00,0x00,0x00,0x00,0x00,0x00,0x00,0x00,0x00,0x00,0x00,
    0x00,0x00,0xae,0x63,0xd0,0x6b,0x73,0x7c,0xb4,0x84,0xf5,0x8c,0x15,0x95,0xf5,0x8c,0xd4,0x8c,0x73,0x7c,0xd0,0x6b,0xee,0x52,0x00,0x00,0x00,0x00,0x00,0x00,0x00,0x00,0x00,0x00,0xff,0xff,0x00,0x00,0x00,0x00,0x00,0x00,0x00,0x00,
    0xef,0x7b,0x00,0x00,0xaf,0x63,0xaf,0x63,0xb0,0x63,0xd0,0x6b,0xd0,0x6b,0xd0,0x6b,0xd0,0x6b,0xb0,0x63,0x8f,0x63,0x00,0x00,0xef,0x7b,0xef,0x7b,0xf7,0xbd,0x55,0xad,0x00,0x00,0x00,0x00,0x00,0x00,0x00,0x00,0x00,0x00,0x00,0x00,
    0x00,0x00,0x00,0x00,0x00,0x00,0x8f,0x63,0xd0,0x6b,0xd0,0x63,0xaf,0x63,0xd0,0x63,0xd0,0x6b,0xaf,0x63,0x00,0x00,0xff,0xff,0x00,0x00,0x00,0x00,0x00,0x00,0x00,0x00,0x00,0x00,0x00,0x00,0x00,0x00,0x00,0x00,0x00,0x00,0x00,0x00,
    0x00,0x00,0x00,0x01,0x04,0x04,0x04,0x02,0x00,0x00,0x01,0x00,0x0b,0x8d,0xa6,0x7b,0x22,0x00,0x01,0x01,0x00,0x00,0x00,0x00,0x00,0x00,0x00,0x00,0x00,0x00,0x02,0x02,0x01,0x00,0x0f,0xb2,0xc8,0xef,0xfd,0x7d,0x00,0x02,0x01,0x00,
    0x00,0x01,0x01,0x03,0x5d,0x80,0x62,0x29,0x00,0x00,0x03,0x01,0x06,0x28,0x10,0x00,0x6d,0xff,0x9e,0x00,0x02,0x00,0x00,0x02,0x00,0xa4,0xff,0xff,0xff,0xfa,0xb0,0x39,0x00,0x00,0x3d,0xff,0xff,0xad,0x08,0x47,0xff,0x67,0x00,0x03,
    0x03,0x00,0x52,0xff,0xfa,0xfb,0xfc,0xff,0xff,0xfe,0x8e,0x09,0x00,0x19,0x54,0xe7,0xdf,0x00,0x90,0xf0,0x07,0x01,0x02,0x01,0xc3,0xfe,0xfc,0xff,0xff,0xfe,0xfc,0xfe,0xff,0xca,0x3a,0x52,0x11,0x14,0xf5,0x82,0x14,0xfe,0x32,0x00,
    0x00,0x18,0xf4,0xff,0xfe,0xff,0xff,0xff,0xff,0xff,0xfc,0xff,0xff,0xff,0xe0,0x00,0x8d,0xe4,0x23,0xff,0x3f,0x00,0x00,0x36,0xff,0xfe,0xff,0xff,0xff,0xff,0xff,0xff,0xff,0xfd,0xfc,0xfc,0xda,0x00,0x50,0xce,0x23,0x98,0x11,0x00,
    0x00,0x3e,0xff,0xfd,0xff,0xff,0xff,0xff,0xff,0xff,0xff,0xff,0xfd,0xfe,0xdc,0x18,0x03,0x0d,0x00,0x00,0x00,0x00,0x00,0x26,0xfc,0xff,0xff,0xff,0xff,0xff,0xff,0xff,0xff,0xff,0xff,0xfc,0xff,0xba,0x01,0x00,0x01,0x03,0x01,0x00,
    0x00,0x07,0xdd,0xfe,0xfd,0xff,0xff,0xff,0xff,0xff,0xff,0xff,0xff,0xff,0xfb,0xff,0x6e,0x00,0x03,0x00,0x00,0x00,0x04,0x00,0x8e,0xff,0xfb,0xff,0xff,0xff,0xff,0xff,0xff,0xff,0xff,0xff,0xfe,0xfd,0xee,0x17,0x00,0x01,0x00,0x00,
    0x02,0x01,0x20,0xf5,0xff,0xfe,0xff,0xff,0xff,0xff,0xff,0xff,0xff,0xff,0xff,0xfb,0xff,0x7e,0x00,0x04,0x00,0x00,0x00,0x03,0x00,0x6d,0xfc,0xfc,0xff,0xff,0xff,0xff,0xff,0xff,0xff,0xff,0xff,0xfd,0xfe,0xd4,0x04,0x01,0x00,0x00,
    0x00,0x01,0x02,0x06,0xe1,0xff,0xfd,0xff,0xff,0xff,0xff,0xff,0xff,0xff,0xff,0xfe,0xff,0xf7,0x1f,0x00,0x02,0x00,0x00,0x02,0x00,0xa6,0xff,0xfc,0xff,0xff,0xff,0xff,0xff,0xff,0xff,0xff,0xff,0xfe,0xfc,0xfe,0x23,0x00,0x02,0x00,
    0x04,0x00,0x51,0xff,0xfd,0xff,0xff,0xff,0xff,0xff,0xff,0xfd,0xfd,0xfc,0xfb,0xfc,0xff,0xc2,0x05,0x02,0x00,0x00,0x02,0x00,0xbd,0xfe,0xfc,0xff,0xff,0xff,0xff,0xff,0xff,0xff,0xff,0xff,0xff,0xff,0xae,0x17,0x00,0x01,0x00,0x00,
    0x00,0x10,0xe9,0xfd,0xfe,0xff,0xff,0xff,0xff,0xfe,0xfe,0xd1,0xca,0xbb,0x8e,0x39,0x00,0x00,0x01,0x00,0x00,0x00,0x01,0x0d,0xea,0xff,0xfb,0xfc,0xfc,0xfc,0xfb,0xff,0xff,0x1b,0x00,0x00,0x00,0x00,0x01,0x01,0x00,0x00,0x00,0x00,
    0x02,0x00,0x53,0xe3,0xff,0xff,0xff,0xff,0xff,0xec,0x6b,0x00,0x02,0x02,0x04,0x03,0x00,0x00,0x00,0x00,0x00,0x00,0x00,0x01,0x00,0x14,0x5d,0x8c,0x94,0x8c,0x65,0x1e,0x00,0x01,0x01,0x00,0x00,0x00,0x00,0x00,0x00,0x00,0x00,0x00,

};

const lv_image_dsc_t emoji_satellite_22 = {
  .header.magic = LV_IMAGE_HEADER_MAGIC,
  .header.cf = LV_COLOR_FORMAT_RGB565A8,
  .header.flags = 0,
  .header.w = 22,
  .header.h = 22,
  .header.stride = 44,
  .data_size = sizeof(emoji_satellite_22_map),
  .data = emoji_satellite_22_map,
};




#ifndef LV_ATTRIBUTE_MEM_ALIGN
#define LV_ATTRIBUTE_MEM_ALIGN
#endif

#ifndef LV_ATTRIBUTE_EMOJI_CUSTOMS_22
#define LV_ATTRIBUTE_EMOJI_CUSTOMS_22
#endif

static const
LV_ATTRIBUTE_MEM_ALIGN LV_ATTRIBUTE_LARGE_CONST LV_ATTRIBUTE_EMOJI_CUSTOMS_22
uint8_t emoji_customs_22_map[] = {

    0x33,0x23,0x53,0x23,0x53,0x23,0x33,0x23,0x33,0x23,0x33,0x23,0x33,0x23,0x33,0x23,0x33,0x23,0x33,0x23,0x33,0x23,0x33,0x23,0x12,0x1b,0xf2,0x1a,0x12,0x1b,0xf2,0x1a,0xf2,0x1a,0xf2,0x1a,0xf2,0x1a,0x12,0x1b,0x33,0x1b,0x53,0x23,
    0x33,0x23,0x54,0x23,0x33,0x23,0x33,0x23,0x33,0x23,0x33,0x23,0x33,0x23,0x33,0x23,0x33,0x23,0x33,0x23,0x33,0x23,0x33,0x23,0xd4,0x3b,0x15,0x4c,0x15,0x4c,0x15,0x4c,0x15,0x4c,0x15,0x4c,0x15,0x44,0x15,0x4c,0xd5,0x33,0x12,0x1b,
    0x53,0x23,0x33,0x23,0x33,0x23,0x33,0x23,0x33,0x23,0x33,0x23,0x33,0x23,0x33,0x23,0x33,0x23,0x33,0x23,0x33,0x1b,0x53,0x23,0x1d,0xd7,0xff,0xff,0xdf,0xf7,0xdf,0xff,0xdf,0xff,0xdf,0xff,0xdf,0xf7,0xff,0xff,0x3b,0xae,0x12,0x13,
    0x33,0x23,0x33,0x23,0x33,0x23,0x33,0x23,0x33,0x23,0x33,0x23,0x33,0x23,0x33,0x23,0x33,0x23,0x12,0x1b,0x94,0x33,0x1d,0xd7,0xff,0xff,0xff,0xff,0xff,0xff,0xff,0xff,0xff,0xff,0xff,0xff,0xff,0xff,0xff,0xff,0xb9,0x95,0xd2,0x12,
    0x33,0x23,0x33,0x23,0x33,0x23,0x33,0x23,0x33,0x23,0x33,0x23,0x33,0x23,0x33,0x23,0x33,0x23,0x33,0x23,0x53,0x23,0x76,0x5c,0x76,0x5c,0x15,0x4c,0x35,0x4c,0x35,0x4c,0x35,0x4c,0x35,0x4c,0x15,0x4c,0x35,0x54,0x94,0x33,0x32,0x1b,
    0x33,0x23,0x33,0x23,0x33,0x23,0x33,0x23,0x33,0x23,0x33,0x23,0x33,0x23,0x33,0x23,0x33,0x23,0x33,0x23,0x33,0x23,0xd2,0x12,0xb4,0x3b,0x58,0x85,0x38,0x7d,0x38,0x7d,0x38,0x7d,0x38,0x7d,0x38,0x7d,0x38,0x7d,0x73,0x2b,0x33,0x1b,
    0x33,0x23,0x33,0x23,0x33,0x23,0x33,0x23,0x33,0x23,0x33,0x23,0x33,0x23,0x33,0x23,0x33,0x23,0x33,0x23,0x53,0x23,0x12,0x1b,0x56,0x54,0xff,0xff,0xff,0xff,0xff,0xff,0xff,0xff,0xff,0xff,0xff,0xff,0xdf,0xf7,0x94,0x33,0x12,0x1b,
    0x33,0x23,0x33,0x23,0x33,0x23,0x33,0x23,0x33,0x23,0x33,0x23,0x33,0x23,0x33,0x23,0x33,0x23,0x33,0x23,0x33,0x23,0x33,0x23,0x12,0x1b,0x5b,0xb6,0xff,0xff,0xbf,0xf7,0xbf,0xf7,0xbf,0xf7,0xff,0xff,0x79,0x8d,0xf2,0x12,0x53,0x23,
    0x33,0x23,0x33,0x23,0x53,0x23,0x33,0x23,0x33,0x23,0x33,0x23,0x33,0x23,0x33,0x23,0x33,0x23,0x33,0x23,0x33,0x23,0x53,0x23,0x33,0x23,0x94,0x33,0x5b,0xb6,0xdf,0xf7,0xff,0xff,0xbf,0xf7,0x99,0x95,0x33,0x1b,0x33,0x23,0x33,0x23,
    0x33,0x23,0x12,0x1b,0xd2,0x12,0x12,0x1b,0x33,0x23,0x33,0x23,0x33,0x23,0x33,0x23,0x33,0x23,0x33,0x23,0x33,0x23,0x12,0x1b,0xf2,0x12,0xd2,0x0a,0xb1,0x0a,0x94,0x33,0xb4,0x3b,0x53,0x2b,0xf2,0x12,0x33,0x23,0x33,0x23,0x33,0x23,
    0x12,0x1b,0x56,0x54,0x1a,0xa6,0x15,0x4c,0x12,0x1b,0x33,0x23,0x33,0x23,0x33,0x23,0x33,0x23,0x53,0x23,0x12,0x1b,0x94,0x33,0xda,0x9d,0x1a,0xa6,0x1a,0xa6,0xda,0x9d,0xfa,0xa5,0xb9,0x95,0x73,0x2b,0x12,0x1b,0x33,0x23,0x33,0x23,
    0xf2,0x1a,0xbc,0xc6,0xff,0xff,0x3b,0xae,0xf2,0x12,0x53,0x23,0x33,0x23,0x33,0x23,0x53,0x23,0x12,0x1b,0x94,0x33,0x1d,0xd7,0xff,0xff,0xff,0xff,0xff,0xff,0xff,0xff,0xff,0xff,0xb7,0x64,0xd2,0x12,0x79,0x8d,0xf4,0x43,0x12,0x1b,
    0x12,0x1b,0x9c,0xbe,0xff,0xff,0x3b,0xae,0xf2,0x12,0x53,0x23,0x33,0x23,0x53,0x23,0x12,0x1b,0x94,0x33,0x1d,0xd7,0xff,0xff,0xdf,0xf7,0xbf,0xf7,0xdf,0xf7,0xbe,0xef,0x35,0x54,0x91,0x02,0xb9,0x95,0xff,0xff,0xd4,0x3b,0x12,0x1b,
    0x12,0x1b,0x9c,0xbe,0xff,0xff,0x3b,0xae,0xf2,0x12,0x53,0x23,0x33,0x23,0x12,0x1b,0x53,0x2b,0xfd,0xce,0xff,0xff,0xdf,0xf7,0x1d,0xd7,0xdf,0xf7,0xbf,0xf7,0x56,0x54,0x91,0x02,0xb9,0x95,0xff,0xff,0x9e,0xef,0xd4,0x3b,0x12,0x1b,
    0x12,0x1b,0x9c,0xbe,0xff,0xff,0x3b,0xae,0xf2,0x12,0x53,0x23,0x33,0x23,0x53,0x23,0xbc,0xc6,0xff,0xff,0xff,0xff,0xfa,0xa5,0xb7,0x6c,0xdf,0xff,0x56,0x54,0x91,0x02,0xb9,0x95,0xff,0xff,0xbf,0xf7,0xbf,0xef,0xd4,0x3b,0x12,0x1b,
    0x12,0x1b,0x9c,0xbe,0xff,0xff,0x3b,0xae,0xf2,0x12,0x53,0x23,0x12,0x1b,0xb4,0x33,0xdf,0xf7,0xff,0xff,0x7b,0xb6,0xf2,0x12,0x76,0x5c,0x96,0x64,0x91,0x02,0xb9,0x95,0xff,0xff,0xbf,0xf7,0xdf,0xf7,0xbf,0xf7,0xd4,0x3b,0x12,0x1b,
    0x12,0x1b,0xbc,0xc6,0xff,0xff,0x3b,0xae,0xf2,0x12,0x53,0x23,0x33,0x23,0x12,0x1b,0xb7,0x64,0x58,0x85,0x12,0x1b,0x33,0x23,0x33,0x23,0xd1,0x0a,0xb9,0x95,0xff,0xff,0xbf,0xf7,0xbf,0xf7,0xdf,0xf7,0xbf,0xf7,0xd4,0x3b,0x12,0x1b,
    0xf2,0x12,0x5b,0xb6,0xff,0xff,0x7e,0xe7,0x1d,0xd7,0x1d,0xd7,0x1d,0xd7,0x1d,0xd7,0xdc,0xce,0x9c,0xbe,0xf5,0x43,0x12,0x1b,0x33,0x23,0x99,0x8d,0xff,0xff,0xbe,0xef,0xbf,0xf7,0xbf,0xf7,0xbf,0xf7,0xbe,0xef,0xd4,0x3b,0x12,0x1b,
    0x33,0x23,0x73,0x2b,0x7b,0xb6,0xff,0xff,0xff,0xff,0xff,0xff,0xff,0xff,0xff,0xff,0xff,0xff,0xff,0xff,0x18,0x75,0xb1,0x0a,0x56,0x5c,0xff,0xff,0xff,0xff,0xff,0xff,0xff,0xff,0xff,0xff,0xff,0xff,0xdf,0xf7,0xb4,0x3b,0x12,0x1b,
    0x53,0x23,0xf2,0x1a,0x94,0x33,0xb9,0x95,0xb9,0x95,0xb9,0x95,0xb9,0x95,0xb9,0x95,0xda,0x9d,0x79,0x8d,0x73,0x2b,0x32,0x1b,0x53,0x2b,0x58,0x85,0xda,0x9d,0xb9,0x95,0xd9,0x9d,0xb9,0x95,0xda,0x9d,0xf7,0x74,0x12,0x1b,0x53,0x23,
    0x33,0x23,0x74,0x23,0x12,0x1b,0xd2,0x12,0xd2,0x12,0xd2,0x12,0xd2,0x12,0xd2,0x12,0xd2,0x12,0xf2,0x12,0x33,0x1b,0x33,0x23,0x33,0x23,0xf2,0x12,0xd2,0x12,0xd2,0x12,0xd2,0x12,0xd2,0x12,0xd2,0x12,0xf2,0x12,0x54,0x23,0x33,0x23,
    0x33,0x23,0x53,0x23,0x53,0x23,0x53,0x23,0x53,0x23,0x53,0x23,0x53,0x23,0x53,0x23,0x53,0x23,0x53,0x23,0x33,0x23,0x33,0x23,0x33,0x23,0x53,0x23,0x53,0x23,0x53,0x23,0x53,0x23,0x53,0x23,0x53,0x23,0x53,0x23,0x53,0x23,0x33,0x23,
    0x3c,0xd9,0xfe,0xfe,0xff,0xff,0xff,0xff,0xff,0xff,0xff,0xff,0xff,0xff,0xff,0xff,0xff,0xff,0xfe,0xfe,0xd9,0x3c,0xde,0xff,0xfd,0xff,0xff,0xff,0xff,0xff,0xff,0xff,0xff,0xff,0xff,0xff,0xff,0xff,0xff,0xff,0xff,0xfd,0xff,0xde,
    0xff,0xfe,0xff,0xff,0xff,0xff,0xff,0xff,0xff,0xff,0xff,0xff,0xff,0xff,0xff,0xff,0xff,0xff,0xff,0xff,0xfe,0xff,0xfe,0xff,0xff,0xff,0xff,0xff,0xff,0xff,0xff,0xff,0xff,0xff,0xff,0xff,0xff,0xff,0xff,0xff,0xff,0xff,0xff,0xfe,
    0xff,0xff,0xff,0xff,0xff,0xff,0xff,0xff,0xff,0xff,0xff,0xff,0xff,0xff,0xff,0xff,0xff,0xff,0xff,0xff,0xff,0xff,0xff,0xff,0xff,0xff,0xff,0xff,0xff,0xff,0xff,0xff,0xff,0xff,0xff,0xff,0xff,0xff,0xff,0xff,0xff,0xff,0xff,0xff,
    0xff,0xff,0xff,0xff,0xff,0xff,0xff,0xff,0xff,0xff,0xff,0xff,0xff,0xff,0xff,0xff,0xff,0xff,0xff,0xff,0xff,0xff,0xff,0xff,0xff,0xff,0xff,0xff,0xff,0xff,0xff,0xff,0xff,0xff,0xff,0xff,0xff,0xff,0xff,0xff,0xff,0xff,0xff,0xff,
    0xff,0xff,0xff,0xff,0xff,0xff,0xff,0xff,0xff,0xff,0xff,0xff,0xff,0xff,0xff,0xff,0xff,0xff,0xff,0xff,0xff,0xff,0xff,0xff,0xff,0xff,0xff,0xff,0xff,0xff,0xff,0xff,0xff,0xff,0xff,0xff,0xff,0xff,0xff,0xff,0xff,0xff,0xff,0xff,
    0xff,0xff,0xff,0xff,0xff,0xff,0xff,0xff,0xff,0xff,0xff,0xff,0xff,0xff,0xff,0xff,0xff,0xff,0xff,0xff,0xff,0xff,0xff,0xff,0xff,0xff,0xff,0xff,0xff,0xff,0xff,0xff,0xff,0xff,0xff,0xff,0xff,0xff,0xff,0xff,0xff,0xff,0xff,0xff,
    0xff,0xff,0xff,0xff,0xff,0xff,0xff,0xff,0xff,0xff,0xff,0xff,0xff,0xff,0xff,0xff,0xff,0xff,0xff,0xff,0xff,0xff,0xff,0xff,0xff,0xff,0xff,0xff,0xff,0xff,0xff,0xff,0xff,0xff,0xff,0xff,0xff,0xff,0xff,0xff,0xff,0xff,0xff,0xff,
    0xff,0xff,0xff,0xff,0xff,0xff,0xff,0xff,0xff,0xff,0xff,0xff,0xff,0xff,0xff,0xff,0xff,0xff,0xff,0xff,0xff,0xff,0xff,0xff,0xff,0xff,0xff,0xff,0xff,0xff,0xff,0xff,0xff,0xff,0xff,0xff,0xff,0xff,0xff,0xff,0xff,0xff,0xff,0xff,
    0xff,0xff,0xff,0xff,0xff,0xff,0xff,0xff,0xff,0xff,0xff,0xff,0xff,0xff,0xff,0xff,0xff,0xff,0xff,0xff,0xff,0xff,0xff,0xff,0xff,0xff,0xff,0xff,0xff,0xff,0xff,0xff,0xff,0xff,0xff,0xff,0xff,0xff,0xff,0xff,0xff,0xff,0xff,0xff,
    0xfe,0xff,0xff,0xff,0xff,0xff,0xff,0xff,0xff,0xff,0xff,0xff,0xff,0xff,0xff,0xff,0xff,0xff,0xff,0xff,0xff,0xfe,0xff,0xfe,0xff,0xff,0xff,0xff,0xff,0xff,0xff,0xff,0xff,0xff,0xff,0xff,0xff,0xff,0xff,0xff,0xff,0xff,0xfe,0xff,
    0xde,0xff,0xfd,0xff,0xff,0xff,0xff,0xff,0xff,0xff,0xff,0xff,0xff,0xff,0xff,0xff,0xff,0xff,0xff,0xfd,0xff,0xde,0x3c,0xd9,0xfe,0xfe,0xff,0xff,0xff,0xff,0xff,0xff,0xff,0xff,0xff,0xff,0xff,0xff,0xff,0xff,0xfe,0xfe,0xd9,0x3c,

};

const lv_image_dsc_t emoji_customs_22 = {
  .header.magic = LV_IMAGE_HEADER_MAGIC,
  .header.cf = LV_COLOR_FORMAT_RGB565A8,
  .header.flags = 0,
  .header.w = 22,
  .header.h = 22,
  .header.stride = 44,
  .data_size = sizeof(emoji_customs_22_map),
  .data = emoji_customs_22_map,
};




#ifndef LV_ATTRIBUTE_MEM_ALIGN
#define LV_ATTRIBUTE_MEM_ALIGN
#endif

#ifndef LV_ATTRIBUTE_EMOJI_WHEEL_22
#define LV_ATTRIBUTE_EMOJI_WHEEL_22
#endif

static const
LV_ATTRIBUTE_MEM_ALIGN LV_ATTRIBUTE_LARGE_CONST LV_ATTRIBUTE_EMOJI_WHEEL_22
uint8_t emoji_wheel_22_map[] = {

    0x00,0x00,0x00,0x00,0x00,0x00,0x00,0x00,0x00,0x00,0x00,0x00,0x61,0x08,0xc3,0x18,0xe3,0x18,0x04,0x21,0x04,0x21,0x04,0x21,0x04,0x21,0xe3,0x18,0xc3,0x18,0x61,0x08,0x00,0x00,0x00,0x00,0x00,0x00,0x00,0x00,0x00,0x00,0x00,0x00,
    0x00,0x00,0x00,0x00,0x00,0x00,0x00,0x00,0x61,0x08,0xc3,0x18,0x24,0x21,0x65,0x29,0x86,0x31,0x86,0x31,0x86,0x31,0x86,0x31,0x86,0x31,0x86,0x31,0x65,0x29,0x24,0x21,0xc3,0x18,0x61,0x08,0x00,0x00,0x00,0x00,0x00,0x00,0x00,0x00,
    0x00,0x00,0x00,0x00,0x00,0x00,0x61,0x08,0xe3,0x18,0x85,0x29,0xa6,0x31,0x65,0x29,0x24,0x21,0x86,0x31,0xa6,0x31,0xa6,0x31,0x86,0x31,0x24,0x21,0x65,0x29,0xa6,0x31,0x85,0x29,0xe3,0x18,0x61,0x08,0x00,0x00,0x00,0x00,0x00,0x00,
    0x00,0x00,0x00,0x00,0x82,0x10,0x04,0x21,0x86,0x31,0x86,0x31,0x45,0x29,0x49,0x4a,0x30,0x84,0x13,0x9d,0x75,0xad,0x75,0xad,0x13,0x9d,0x30,0x84,0x49,0x4a,0x45,0x29,0x86,0x31,0x86,0x31,0x04,0x21,0x82,0x10,0x00,0x00,0x00,0x00,
    0x00,0x00,0x61,0x08,0xe3,0x18,0x86,0x31,0x65,0x29,0x65,0x29,0x10,0x7c,0xd7,0xb5,0x71,0x8c,0xb2,0x94,0x0c,0x5b,0x0c,0x5b,0xb2,0x94,0x71,0x8c,0xd7,0xb5,0x10,0x7c,0x65,0x29,0x65,0x29,0x86,0x31,0xe3,0x18,0x61,0x08,0x00,0x00,
    0x00,0x00,0xc3,0x18,0x86,0x31,0x86,0x31,0x65,0x29,0xb2,0x94,0x95,0xad,0x69,0x4a,0x04,0x21,0xb2,0x94,0x2c,0x63,0x2c,0x63,0xb2,0x94,0x04,0x21,0x69,0x4a,0x95,0xad,0xb2,0x94,0x65,0x29,0x86,0x31,0x86,0x31,0xc3,0x18,0x00,0x00,
    0x61,0x08,0x04,0x21,0xa6,0x31,0x45,0x29,0x10,0x7c,0x34,0x9d,0x65,0x29,0xe7,0x39,0x4d,0x6b,0x18,0xbe,0xd3,0x9c,0xd3,0x9c,0xf7,0xbd,0x4d,0x6b,0xe7,0x39,0x65,0x29,0x34,0x9d,0x10,0x7c,0x45,0x29,0xa6,0x31,0x04,0x21,0x61,0x08,
    0xc3,0x18,0x65,0x29,0x65,0x29,0x49,0x4a,0xf7,0xbd,0x30,0x84,0x0c,0x63,0xef,0x7b,0x10,0x84,0x79,0xce,0x8e,0x73,0x8e,0x73,0x79,0xce,0x10,0x84,0xef,0x7b,0x0c,0x63,0x30,0x84,0xf7,0xbd,0x49,0x4a,0x65,0x29,0x65,0x29,0xc3,0x18,
    0xe3,0x18,0x86,0x31,0x24,0x21,0x30,0x84,0x71,0x8c,0xeb,0x5a,0x18,0xc6,0x79,0xce,0x79,0xce,0x5d,0xe7,0xcb,0x5a,0xeb,0x5a,0x5d,0xe7,0x79,0xce,0x9a,0xce,0x18,0xc6,0xeb,0x5a,0x71,0x8c,0x30,0x84,0x24,0x21,0x86,0x31,0xe3,0x18,
    0x04,0x21,0x86,0x31,0x65,0x29,0x34,0x9d,0xcf,0x73,0xe7,0x39,0xae,0x73,0x2c,0x63,0x30,0x84,0x55,0xa5,0xaa,0x52,0xaa,0x52,0x55,0xa5,0x10,0x84,0x2c,0x63,0xae,0x73,0xe7,0x39,0xcf,0x73,0x34,0x9d,0x65,0x29,0x86,0x31,0x04,0x21,
    0x04,0x21,0x86,0x31,0xa6,0x31,0x54,0xa5,0x71,0x8c,0x96,0xad,0x18,0xc6,0x30,0x84,0xc7,0x39,0xa6,0x31,0x38,0xc6,0x38,0xc6,0xa6,0x31,0xc7,0x39,0x30,0x84,0x18,0xc6,0x96,0xad,0x71,0x8c,0x55,0xa5,0xa6,0x31,0x86,0x31,0x04,0x21,
    0x04,0x21,0x86,0x31,0x86,0x31,0x75,0xad,0x69,0x4a,0x8a,0x52,0x55,0xad,0x9a,0xce,0xdb,0xde,0xae,0x73,0xf7,0xbd,0xf7,0xbd,0xae,0x73,0xdb,0xde,0x9a,0xce,0x55,0xad,0x8a,0x52,0x69,0x4a,0x75,0xad,0xa6,0x31,0x86,0x31,0x04,0x21,
    0x04,0x21,0x86,0x31,0x65,0x29,0x34,0xa5,0x2c,0x63,0xe7,0x39,0xae,0x73,0x54,0xa5,0xdb,0xd6,0x49,0x4a,0x8a,0x52,0x8a,0x52,0x49,0x4a,0xdb,0xd6,0x54,0xa5,0xae,0x73,0xe7,0x39,0x2c,0x63,0x34,0xa5,0x65,0x29,0x86,0x31,0x04,0x21,
    0xe3,0x18,0x86,0x31,0x24,0x21,0x30,0x84,0xb2,0x94,0x45,0x29,0x8e,0x73,0xba,0xd6,0xcf,0x7b,0xa6,0x31,0x79,0xce,0x79,0xce,0xa6,0x31,0xcf,0x7b,0xba,0xd6,0x8e,0x73,0x45,0x29,0xb2,0x94,0x30,0x84,0x24,0x21,0x86,0x31,0xe3,0x18,
    0xc3,0x18,0x65,0x29,0x65,0x29,0x69,0x4a,0xd7,0xb5,0x28,0x42,0x92,0x94,0xd7,0xbd,0x2c,0x63,0xb6,0xb5,0x79,0xce,0x59,0xce,0xb6,0xb5,0x2c,0x63,0xd7,0xbd,0x92,0x94,0x28,0x42,0xd7,0xb5,0x69,0x4a,0x65,0x29,0x65,0x29,0xc3,0x18,
    0x61,0x08,0x04,0x21,0xa6,0x31,0x45,0x29,0xef,0x7b,0xd7,0xb5,0xef,0x7b,0xa6,0x31,0xd3,0x9c,0x9a,0xd6,0x30,0x84,0x30,0x84,0x9a,0xce,0xd3,0x9c,0xa6,0x31,0xef,0x7b,0xd7,0xb5,0xef,0x7b,0x45,0x29,0xa6,0x31,0x04,0x21,0x61,0x08,
    0x00,0x00,0xc3,0x18,0x86,0x31,0x86,0x31,0x65,0x29,0xb2,0x94,0x34,0xa5,0x69,0x4a,0xb2,0x94,0x8a,0x4a,0x28,0x42,0x28,0x4a,0x69,0x4a,0x92,0x94,0x69,0x4a,0x34,0xa5,0xb2,0x94,0x65,0x29,0x86,0x31,0x86,0x31,0xc3,0x18,0x00,0x00,
    0x00,0x00,0x61,0x08,0xe3,0x18,0x86,0x31,0x65,0x29,0x85,0x31,0x10,0x7c,0x17,0xbe,0x13,0x9d,0x0c,0x5b,0xaa,0x52,0xaa,0x52,0x0c,0x5b,0x13,0x9d,0x17,0xbe,0x10,0x7c,0x85,0x29,0x65,0x29,0x86,0x31,0xe3,0x18,0x61,0x08,0x00,0x00,
    0x00,0x00,0x00,0x00,0x82,0x10,0x04,0x21,0x86,0x31,0x86,0x31,0x45,0x29,0x49,0x4a,0x10,0x7c,0x34,0xa5,0x75,0xad,0x75,0xad,0x34,0xa5,0x10,0x7c,0x49,0x4a,0x45,0x29,0x86,0x31,0x86,0x31,0x04,0x21,0x82,0x10,0x00,0x00,0x00,0x00,
    0x00,0x00,0x00,0x00,0x00,0x00,0x61,0x08,0xe3,0x18,0x86,0x29,0xa6,0x31,0x65,0x29,0x24,0x29,0x65,0x29,0x86,0x31,0x86,0x31,0x65,0x29,0x24,0x29,0x65,0x29,0xa6,0x31,0x86,0x29,0xe3,0x18,0x61,0x08,0x00,0x00,0x00,0x00,0x00,0x00,
    0x00,0x00,0x00,0x00,0x00,0x00,0x00,0x00,0x61,0x08,0xc3,0x18,0x24,0x21,0x65,0x29,0x86,0x31,0x86,0x31,0x86,0x31,0x86,0x31,0x86,0x31,0x86,0x31,0x65,0x29,0x24,0x21,0xc3,0x18,0x61,0x08,0x00,0x00,0x00,0x00,0x00,0x00,0x00,0x00,
    0x00,0x00,0x00,0x00,0x00,0x00,0x00,0x00,0x00,0x00,0x00,0x00,0x61,0x08,0xc3,0x18,0xe3,0x18,0x04,0x21,0x04,0x21,0x04,0x21,0x04,0x21,0xe3,0x18,0xc3,0x18,0x61,0x08,0x00,0x00,0x00,0x00,0x00,0x00,0x00,0x00,0x00,0x00,0x00,0x00,
    0x00,0x00,0x00,0x03,0x00,0x00,0x28,0x84,0xcb,0xf4,0xff,0xff,0xf4,0xcb,0x84,0x28,0x00,0x00,0x03,0x00,0x00,0x00,0x00,0x00,0x03,0x00,0x11,0x8f,0xf0,0xff,0xff,0xff,0xff,0xff,0xff,0xff,0xff,0xf0,0x8f,0x11,0x00,0x03,0x00,0x00,
    0x00,0x02,0x00,0x31,0xda,0xff,0xff,0xfc,0xfd,0xff,0xff,0xff,0xff,0xfd,0xfc,0xff,0xff,0xda,0x31,0x00,0x02,0x00,0x02,0x00,0x2f,0xed,0xff,0xfa,0xfe,0xff,0xff,0xff,0xff,0xff,0xff,0xff,0xff,0xfe,0xfa,0xff,0xed,0x2f,0x00,0x02,
    0x02,0x10,0xdd,0xff,0xfb,0xff,0xff,0xff,0xff,0xff,0xff,0xff,0xff,0xff,0xff,0xff,0xff,0xfb,0xff,0xdd,0x10,0x02,0x00,0x91,0xff,0xfb,0xff,0xff,0xff,0xff,0xff,0xff,0xff,0xff,0xff,0xff,0xff,0xff,0xff,0xff,0xfb,0xff,0x91,0x00,
    0x24,0xf5,0xfd,0xfe,0xff,0xff,0xff,0xff,0xff,0xff,0xff,0xff,0xff,0xff,0xff,0xff,0xff,0xff,0xfe,0xfd,0xf5,0x24,0x84,0xff,0xfc,0xff,0xff,0xff,0xff,0xff,0xff,0xff,0xff,0xff,0xff,0xff,0xff,0xff,0xff,0xff,0xff,0xfc,0xff,0x84,
    0xcb,0xfe,0xfd,0xff,0xff,0xff,0xff,0xff,0xff,0xff,0xff,0xff,0xff,0xff,0xff,0xff,0xff,0xff,0xff,0xfd,0xfe,0xcb,0xf4,0xff,0xff,0xff,0xff,0xff,0xff,0xff,0xff,0xff,0xff,0xff,0xff,0xff,0xff,0xff,0xff,0xff,0xff,0xff,0xff,0xf4,
    0xff,0xff,0xff,0xff,0xff,0xff,0xff,0xff,0xff,0xff,0xff,0xff,0xff,0xff,0xff,0xff,0xff,0xff,0xff,0xff,0xff,0xff,0xff,0xff,0xff,0xff,0xff,0xff,0xff,0xff,0xff,0xff,0xff,0xff,0xff,0xff,0xff,0xff,0xff,0xff,0xff,0xff,0xff,0xff,
    0xf4,0xff,0xff,0xff,0xff,0xff,0xff,0xff,0xff,0xff,0xff,0xff,0xff,0xff,0xff,0xff,0xff,0xff,0xff,0xff,0xff,0xf4,0xcb,0xfe,0xfd,0xff,0xff,0xff,0xff,0xff,0xff,0xff,0xff,0xff,0xff,0xff,0xff,0xff,0xff,0xff,0xff,0xfd,0xfe,0xcb,
    0x84,0xff,0xfc,0xff,0xff,0xff,0xff,0xff,0xff,0xff,0xff,0xff,0xff,0xff,0xff,0xff,0xff,0xff,0xff,0xfc,0xff,0x84,0x24,0xf5,0xfd,0xfe,0xff,0xff,0xff,0xff,0xff,0xff,0xff,0xff,0xff,0xff,0xff,0xff,0xff,0xff,0xfe,0xfd,0xf5,0x24,
    0x00,0x91,0xff,0xfb,0xff,0xff,0xff,0xff,0xff,0xff,0xff,0xff,0xff,0xff,0xff,0xff,0xff,0xff,0xfb,0xff,0x91,0x00,0x02,0x10,0xdd,0xff,0xfb,0xff,0xff,0xff,0xff,0xff,0xff,0xff,0xff,0xff,0xff,0xff,0xff,0xfb,0xff,0xdd,0x10,0x02,
    0x02,0x00,0x2f,0xed,0xff,0xfa,0xfe,0xff,0xff,0xff,0xff,0xff,0xff,0xff,0xff,0xfe,0xfa,0xff,0xed,0x2f,0x00,0x02,0x00,0x02,0x00,0x31,0xda,0xff,0xff,0xfc,0xfd,0xff,0xff,0xff,0xff,0xfd,0xfc,0xff,0xff,0xda,0x31,0x00,0x02,0x00,
    0x00,0x00,0x03,0x00,0x11,0x8f,0xf0,0xff,0xff,0xff,0xff,0xff,0xff,0xff,0xff,0xf0,0x8f,0x11,0x00,0x03,0x00,0x00,0x00,0x00,0x00,0x03,0x00,0x00,0x28,0x84,0xcb,0xf4,0xff,0xff,0xf4,0xcb,0x84,0x28,0x00,0x00,0x03,0x00,0x00,0x00,

};

const lv_image_dsc_t emoji_wheel_22 = {
  .header.magic = LV_IMAGE_HEADER_MAGIC,
  .header.cf = LV_COLOR_FORMAT_RGB565A8,
  .header.flags = 0,
  .header.w = 22,
  .header.h = 22,
  .header.stride = 44,
  .data_size = sizeof(emoji_wheel_22_map),
  .data = emoji_wheel_22_map,
};




#ifndef LV_ATTRIBUTE_MEM_ALIGN
#define LV_ATTRIBUTE_MEM_ALIGN
#endif

#ifndef LV_ATTRIBUTE_EMOJI_KOALA_22
#define LV_ATTRIBUTE_EMOJI_KOALA_22
#endif

static const
LV_ATTRIBUTE_MEM_ALIGN LV_ATTRIBUTE_LARGE_CONST LV_ATTRIBUTE_EMOJI_KOALA_22
uint8_t emoji_koala_22_map[] = {

    0x00,0x00,0x00,0x00,0x00,0x00,0x00,0x00,0x00,0x00,0x00,0x00,0x00,0x00,0x00,0x00,0x00,0x00,0x00,0x00,0x00,0x00,0x00,0x00,0x00,0x00,0x00,0x00,0x00,0x00,0x00,0x00,0x00,0x00,0x00,0x00,0x00,0x00,0x00,0x00,0x00,0x00,0x00,0x00,
    0x00,0x00,0x00,0x00,0x00,0x00,0x00,0x00,0x00,0x00,0x00,0x00,0x00,0x00,0x00,0x00,0x00,0x00,0xff,0x7f,0xf7,0x7b,0xf7,0x7b,0xff,0x7f,0x00,0x00,0x00,0x00,0x00,0x00,0x00,0x00,0x00,0x00,0x00,0x00,0x00,0x00,0x00,0x00,0x00,0x00,
    0x00,0x00,0xef,0x7b,0xf7,0x7d,0x55,0xad,0x55,0xad,0x55,0xad,0xf7,0x7b,0x55,0xad,0x00,0x00,0x00,0x00,0x00,0x00,0x00,0x00,0x00,0x00,0x00,0x00,0x55,0xad,0xf7,0x7b,0x55,0xad,0x55,0xad,0x55,0xad,0xf7,0x7d,0xef,0x7b,0x00,0x00,
    0xef,0x7b,0x00,0x00,0x00,0x00,0x00,0x00,0x00,0x00,0x00,0x00,0x00,0x00,0x00,0x00,0x55,0xad,0x77,0x9d,0x56,0x9d,0x56,0x9d,0x77,0x9d,0x55,0xad,0x00,0x00,0x00,0x00,0x00,0x00,0x00,0x00,0x00,0x00,0x00,0x00,0x00,0x00,0xef,0x7b,
    0x00,0x00,0x15,0x95,0x77,0x9d,0x56,0x9d,0x76,0x9d,0x77,0x9d,0x56,0x9d,0x56,0x9d,0x77,0x9d,0x76,0x9d,0xb8,0xa5,0xb8,0xa5,0x76,0x9d,0x77,0x9d,0x56,0x9d,0x56,0x9d,0x77,0x9d,0x76,0x9d,0x56,0x9d,0x77,0x9d,0x15,0x95,0x00,0x00,
    0x56,0x9d,0x77,0x9d,0xd8,0xa5,0xb8,0xa5,0x77,0x9d,0x77,0x9d,0x97,0xa5,0x97,0xa5,0x97,0x9d,0x56,0x9d,0x56,0x9d,0x56,0x9d,0x56,0x9d,0x97,0x9d,0x97,0xa5,0x97,0xa5,0x77,0x9d,0x77,0x9d,0xb8,0xa5,0xd8,0xa5,0x77,0x9d,0x56,0x9d,
    0x56,0x9d,0xb8,0xa5,0x15,0x95,0x31,0x74,0xaf,0x63,0x93,0x84,0x77,0x9d,0x56,0x9d,0x56,0x9d,0x56,0x9d,0x56,0x9d,0x56,0x9d,0x56,0x9d,0x56,0x9d,0x56,0x9d,0x77,0x9d,0x93,0x84,0xaf,0x63,0x31,0x74,0x15,0x95,0xb8,0xa5,0x56,0x9d,
    0x56,0x9d,0x56,0x9d,0x11,0x74,0x6e,0x5b,0x11,0x74,0x56,0x9d,0x56,0x9d,0x56,0x9d,0x56,0x9d,0x56,0x9d,0x56,0x9d,0x56,0x9d,0x56,0x9d,0x56,0x9d,0x56,0x9d,0x56,0x9d,0x56,0x9d,0x11,0x74,0x6e,0x5b,0x11,0x74,0x56,0x9d,0x56,0x9d,
    0x77,0x9d,0x15,0x95,0xaf,0x63,0xaf,0x63,0xf5,0x8c,0x77,0x9d,0x56,0x9d,0x56,0x9d,0x56,0x9d,0x56,0x9d,0x56,0x9d,0x56,0x9d,0x56,0x9d,0x56,0x9d,0x56,0x9d,0x56,0x9d,0x77,0x9d,0xf5,0x8c,0xaf,0x63,0xaf,0x63,0x15,0x95,0x77,0x9d,
    0x76,0x9d,0x15,0x95,0x8f,0x63,0x11,0x74,0x56,0x9d,0x56,0x9d,0x56,0x9d,0x56,0x9d,0x56,0x9d,0x56,0x9d,0x56,0x95,0x56,0x95,0x56,0x9d,0x56,0x9d,0x56,0x9d,0x56,0x9d,0x56,0x9d,0x56,0x9d,0x11,0x74,0x8f,0x63,0x15,0x95,0x76,0x9d,
    0x56,0x9d,0x97,0xa5,0x8f,0x63,0x73,0x7c,0x77,0x9d,0x56,0x95,0x77,0x9d,0x97,0x9d,0x77,0x9d,0x56,0x9d,0x97,0xa5,0x97,0xa5,0x56,0x9d,0x77,0x9d,0x97,0x9d,0x77,0x9d,0x56,0x95,0x77,0x9d,0x73,0x7c,0x8f,0x63,0x97,0xa5,0x56,0x9d,
    0x15,0x95,0x77,0x9d,0xf5,0x8c,0xd4,0x8c,0x76,0x9d,0x77,0x9d,0xd4,0x8c,0x49,0x42,0x11,0x74,0x77,0x9d,0x6e,0x63,0x6e,0x63,0x77,0x9d,0x11,0x74,0x49,0x42,0xd4,0x8c,0x77,0x9d,0x76,0x9d,0xd4,0x8c,0xf5,0x8c,0x77,0x9d,0x15,0x95,
    0x00,0x00,0xb6,0xa5,0x97,0x9d,0x56,0x9d,0x56,0x9d,0x77,0x9d,0x93,0x84,0x04,0x19,0xaf,0x6b,0x4e,0x5b,0x04,0x19,0x04,0x19,0x4e,0x5b,0xaf,0x6b,0x04,0x19,0x93,0x84,0x77,0x9d,0x56,0x9d,0x56,0x9d,0x97,0x9d,0x96,0x9d,0x00,0x00,
    0xff,0xff,0x00,0x00,0x55,0x7d,0x56,0x9d,0x77,0x9d,0x56,0x9d,0x56,0x9d,0x35,0x95,0xd4,0x8c,0x86,0x29,0x86,0x29,0x86,0x29,0x86,0x29,0xd4,0x8c,0x35,0x95,0x56,0x9d,0x56,0x9d,0x77,0x9d,0x56,0x9d,0x55,0x7d,0x00,0x00,0xff,0xff,
    0xff,0x07,0xff,0xff,0x96,0x9d,0x56,0x9d,0x77,0x9d,0x56,0x9d,0x56,0x9d,0x97,0xa5,0x32,0x7c,0x45,0x21,0x86,0x29,0x86,0x29,0x45,0x21,0x32,0x7c,0x97,0xa5,0x56,0x9d,0x56,0x9d,0x77,0x9d,0x56,0x9d,0x96,0x9d,0xff,0xff,0xff,0x07,
    0x00,0x00,0xff,0x7f,0x00,0x00,0x56,0x9d,0xb8,0xa5,0x56,0x95,0x56,0x9d,0x97,0x9d,0x31,0x74,0x45,0x21,0x86,0x29,0x86,0x29,0x45,0x21,0x31,0x74,0x97,0x9d,0x56,0x9d,0x56,0x95,0xb8,0xa5,0x56,0x9d,0x00,0x00,0xff,0x7f,0x00,0x00,
    0x00,0x00,0x55,0x55,0x00,0x00,0x56,0x95,0x77,0x9d,0x97,0xa5,0x56,0x9d,0x77,0x9d,0xd4,0x8c,0x66,0x29,0x25,0x21,0x25,0x21,0x66,0x29,0xd4,0x8c,0x77,0x9d,0x56,0x9d,0x97,0xa5,0x77,0x9d,0x56,0x95,0x00,0x00,0x55,0x55,0x00,0x00,
    0x00,0x00,0x00,0x00,0xef,0x7b,0x00,0x00,0x36,0x95,0x77,0x9d,0xb8,0xa5,0xb7,0xa5,0x97,0xa5,0x11,0x74,0x6a,0x42,0x6a,0x42,0x11,0x74,0x97,0xa5,0xb7,0xa5,0xb8,0xa5,0x77,0x9d,0x36,0x95,0x00,0x00,0xef,0x7b,0x00,0x00,0x00,0x00,
    0x00,0x00,0x00,0x00,0x00,0x00,0xff,0x7b,0x00,0x00,0xd6,0x9c,0x77,0x9d,0x56,0x9d,0x56,0x9d,0xd8,0xad,0xf9,0xad,0xf9,0xad,0xd8,0xad,0x56,0x9d,0x56,0x9d,0x77,0x9d,0xd6,0x9c,0x00,0x00,0xff,0x7b,0x00,0x00,0x00,0x00,0x00,0x00,
    0x00,0x00,0x00,0x00,0x00,0x00,0x00,0x00,0xff,0x7f,0x00,0x00,0x00,0x00,0x00,0x00,0xb6,0x95,0x36,0x95,0x36,0x95,0x36,0x95,0x36,0x95,0xb6,0x95,0x00,0x00,0x00,0x00,0x00,0x00,0xff,0x7f,0x00,0x00,0x00,0x00,0x00,0x00,0x00,0x00,
    0x00,0x00,0x00,0x00,0x00,0x00,0x00,0x00,0x00,0x00,0xff,0xff,0x55,0xad,0x55,0xad,0x00,0x00,0x00,0x00,0x00,0x00,0x00,0x00,0x00,0x00,0x00,0x00,0x55,0xad,0x55,0xad,0xff,0xff,0x00,0x00,0x00,0x00,0x00,0x00,0x00,0x00,0x00,0x00,
    0x00,0x00,0x00,0x00,0x00,0x00,0x00,0x00,0x00,0x00,0x00,0x00,0x00,0x00,0x00,0x00,0xff,0xff,0xf7,0x7d,0xd3,0x9c,0xd3,0x9c,0xf7,0x7d,0xff,0xff,0x00,0x00,0x00,0x00,0x00,0x00,0x00,0x00,0x00,0x00,0x00,0x00,0x00,0x00,0x00,0x00,
    0x00,0x00,0x00,0x00,0x00,0x00,0x00,0x00,0x00,0x00,0x00,0x00,0x00,0x00,0x00,0x00,0x00,0x00,0x00,0x00,0x00,0x00,0x00,0x00,0x00,0x00,0x00,0x00,0x00,0x00,0x01,0x02,0x04,0x04,0x02,0x01,0x00,0x00,0x00,0x00,0x00,0x00,0x00,0x00,
    0x00,0x02,0x04,0x03,0x03,0x03,0x04,0x03,0x00,0x00,0x00,0x00,0x00,0x00,0x03,0x04,0x03,0x03,0x03,0x04,0x02,0x00,0x02,0x00,0x00,0x00,0x00,0x00,0x00,0x00,0x03,0x32,0x53,0x53,0x32,0x03,0x00,0x00,0x00,0x00,0x00,0x00,0x00,0x02,
    0x00,0x1c,0x82,0xb4,0xb7,0xa7,0x5e,0x66,0xd4,0xff,0xff,0xff,0xff,0xd4,0x66,0x5e,0xa7,0xb7,0xb4,0x82,0x1c,0x00,0x31,0xe4,0xff,0xff,0xff,0xff,0xff,0xff,0xff,0xff,0xfc,0xfc,0xff,0xff,0xff,0xff,0xff,0xff,0xff,0xff,0xe4,0x31,
    0xc5,0xff,0xf9,0xfc,0xfc,0xfc,0xfc,0xfc,0xfd,0xff,0xff,0xff,0xff,0xfd,0xfc,0xfc,0xfc,0xfc,0xfc,0xf9,0xff,0xc4,0xfb,0xfe,0xff,0xff,0xff,0xff,0xff,0xff,0xff,0xff,0xff,0xff,0xff,0xff,0xff,0xff,0xff,0xff,0xff,0xff,0xfe,0xfb,
    0xff,0xff,0xff,0xff,0xff,0xff,0xff,0xff,0xff,0xff,0xff,0xff,0xff,0xff,0xff,0xff,0xff,0xff,0xff,0xff,0xff,0xff,0xef,0xfd,0xfe,0xff,0xff,0xff,0xff,0xff,0xff,0xff,0xff,0xff,0xff,0xff,0xff,0xff,0xff,0xff,0xff,0xfe,0xfd,0xef,
    0x9c,0xff,0xf9,0xff,0xff,0xff,0xff,0xff,0xff,0xff,0xff,0xff,0xff,0xff,0xff,0xff,0xff,0xff,0xff,0xf9,0xff,0x9c,0x16,0xcd,0xff,0xff,0xff,0xff,0xff,0xff,0xff,0xff,0xff,0xff,0xff,0xff,0xff,0xff,0xff,0xff,0xff,0xff,0xcc,0x16,
    0x00,0x0e,0x83,0xf8,0xfe,0xff,0xff,0xff,0xff,0xff,0xff,0xff,0xff,0xff,0xff,0xff,0xff,0xfe,0xf8,0x83,0x0d,0x00,0x02,0x00,0x06,0xee,0xff,0xfe,0xff,0xff,0xff,0xff,0xff,0xff,0xff,0xff,0xff,0xff,0xfe,0xff,0xee,0x06,0x00,0x02,
    0x01,0x01,0x0d,0xe6,0xfe,0xfe,0xff,0xff,0xff,0xff,0xff,0xff,0xff,0xff,0xff,0xff,0xfe,0xfe,0xe6,0x0d,0x01,0x01,0x00,0x02,0x00,0xb1,0xff,0xfa,0xff,0xff,0xff,0xff,0xff,0xff,0xff,0xff,0xff,0xff,0xfa,0xff,0xb1,0x00,0x02,0x00,
    0x00,0x03,0x00,0x33,0xf9,0xff,0xfb,0xfb,0xfd,0xff,0xff,0xff,0xff,0xfd,0xfb,0xfb,0xff,0xf9,0x33,0x00,0x03,0x00,0x00,0x00,0x02,0x00,0x46,0xd8,0xff,0xff,0xff,0xfc,0xfb,0xfb,0xfc,0xff,0xff,0xff,0xd8,0x46,0x00,0x02,0x00,0x00,
    0x00,0x00,0x00,0x02,0x00,0x0a,0x5a,0xa2,0xe2,0xff,0xff,0xff,0xff,0xe2,0xa2,0x5a,0x0a,0x00,0x02,0x00,0x00,0x00,0x00,0x00,0x00,0x00,0x02,0x00,0x00,0x00,0x11,0x63,0x8e,0x8e,0x63,0x11,0x00,0x00,0x00,0x02,0x00,0x00,0x00,0x00,
    0x00,0x00,0x00,0x00,0x00,0x01,0x03,0x03,0x00,0x00,0x00,0x00,0x00,0x00,0x03,0x03,0x01,0x00,0x00,0x00,0x00,0x00,0x00,0x00,0x00,0x00,0x00,0x00,0x00,0x00,0x01,0x04,0x05,0x05,0x04,0x01,0x00,0x00,0x00,0x00,0x00,0x00,0x00,0x00,

};

const lv_image_dsc_t emoji_koala_22 = {
  .header.magic = LV_IMAGE_HEADER_MAGIC,
  .header.cf = LV_COLOR_FORMAT_RGB565A8,
  .header.flags = 0,
  .header.w = 22,
  .header.h = 22,
  .header.stride = 44,
  .data_size = sizeof(emoji_koala_22_map),
  .data = emoji_koala_22_map,
};




#ifndef LV_ATTRIBUTE_MEM_ALIGN
#define LV_ATTRIBUTE_MEM_ALIGN
#endif

#ifndef LV_ATTRIBUTE_EMOJI_CONTROL_KNOBS_22
#define LV_ATTRIBUTE_EMOJI_CONTROL_KNOBS_22
#endif

static const
LV_ATTRIBUTE_MEM_ALIGN LV_ATTRIBUTE_LARGE_CONST LV_ATTRIBUTE_EMOJI_CONTROL_KNOBS_22
uint8_t emoji_control_knobs_22_map[] = {

    0xdb,0xce,0xdc,0xd6,0xdc,0xce,0xbb,0xce,0xbb,0xce,0xdc,0xd6,0xbb,0xce,0xbb,0xce,0xbb,0xce,0xbb,0xce,0xbb,0xce,0xbb,0xce,0xbb,0xce,0xbb,0xce,0xbb,0xce,0xbb,0xce,0xdc,0xd6,0xbb,0xce,0xbb,0xce,0xdc,0xce,0xdc,0xd6,0xdb,0xce,
    0xbb,0xce,0x1c,0xd7,0xbb,0xce,0xdb,0xce,0xbb,0xce,0x39,0xbe,0xbb,0xce,0xdb,0xce,0xbb,0xce,0xbb,0xce,0xbb,0xce,0xbb,0xce,0xbb,0xce,0xbb,0xce,0xdb,0xce,0xbb,0xce,0x39,0xbe,0xbb,0xce,0xdb,0xce,0xbb,0xce,0x1c,0xd7,0xbb,0xce,
    0xdc,0xce,0xdb,0xce,0xbb,0xce,0x77,0xa5,0xbb,0xce,0x15,0x95,0xbb,0xce,0x77,0xa5,0xbb,0xce,0xdc,0xce,0xbb,0xce,0xbb,0xce,0xdc,0xce,0xbb,0xce,0x76,0xa5,0xbb,0xce,0x15,0x95,0xbb,0xce,0x77,0xa5,0xbb,0xce,0xdb,0xce,0xdc,0xce,
    0xdb,0xce,0x59,0xbe,0x5a,0xbe,0xd3,0x94,0xe8,0x39,0xa6,0x31,0xc7,0x39,0xb3,0x8c,0x5a,0xbe,0x39,0xbe,0xdb,0xce,0xdb,0xce,0x59,0xbe,0x5a,0xbe,0xd4,0x94,0xc7,0x31,0x86,0x29,0xe8,0x39,0xd3,0x94,0x5a,0xbe,0x39,0xbe,0xdb,0xce,
    0xdc,0xce,0x7a,0xc6,0xd3,0x8c,0x04,0x21,0x04,0x19,0xe4,0x18,0x66,0x21,0xa7,0x31,0xb3,0x8c,0x9b,0xbe,0xdb,0xce,0xdb,0xce,0x7a,0xc6,0xd4,0x8c,0x04,0x19,0xf0,0x7b,0xe8,0x31,0xc3,0x10,0x24,0x21,0xd4,0x8c,0x9a,0xbe,0xdc,0xce,
    0x9b,0xce,0x7a,0xc6,0x8e,0x6b,0xc3,0x10,0xa7,0x29,0x6e,0x63,0xf8,0xb5,0x29,0x3a,0x2d,0x6b,0xd8,0xe5,0x9b,0xce,0x9b,0xce,0x7a,0xc6,0xaf,0x73,0x62,0x08,0xf0,0x73,0xd4,0x94,0x66,0x21,0xe3,0x10,0x8e,0x73,0xd8,0xe5,0x9b,0xce,
    0x9b,0xce,0xf8,0xb5,0x0c,0x5b,0xe4,0x18,0xc7,0x31,0xcf,0x73,0x29,0x42,0xa3,0x08,0x0c,0x6b,0xf5,0xe4,0x9b,0xce,0x9b,0xce,0xf8,0xb5,0x0c,0x5b,0xe4,0x18,0x86,0x29,0x6e,0x6b,0xc7,0x31,0xe4,0x10,0xec,0x62,0x15,0xe5,0x9b,0xce,
    0xbb,0xce,0x3d,0xdf,0x55,0xa5,0x82,0x08,0x66,0x21,0x25,0x21,0x45,0x21,0x82,0x10,0x55,0xa5,0x5d,0xd7,0xbb,0xce,0xbb,0xce,0x3d,0xdf,0x55,0xa5,0x82,0x08,0x66,0x21,0x45,0x21,0x66,0x21,0x82,0x08,0x55,0xa5,0x5d,0xd7,0xbb,0xce,
    0xbb,0xce,0x9b,0xce,0xfc,0xd6,0x31,0x84,0x04,0x19,0x04,0x19,0x04,0x21,0x31,0x84,0xfc,0xd6,0x9b,0xce,0xbb,0xce,0xbb,0xce,0x9b,0xce,0x1c,0xd7,0x31,0x84,0x04,0x21,0x04,0x19,0x04,0x19,0x31,0x84,0xfc,0xd6,0x9b,0xce,0xbb,0xce,
    0xbb,0xce,0xbb,0xce,0xbb,0xce,0x1d,0xd7,0x59,0xbe,0x76,0xa5,0x59,0xbe,0x1d,0xd7,0xbb,0xce,0xbb,0xce,0xbb,0xce,0xbb,0xce,0xbb,0xce,0xbb,0xce,0x1d,0xd7,0x59,0xbe,0x76,0xa5,0x59,0xbe,0x1d,0xd7,0xbb,0xce,0xbb,0xce,0xbb,0xce,
    0xbb,0xce,0xbb,0xce,0xbb,0xce,0x9b,0xce,0xdc,0xce,0xfc,0xd6,0xdc,0xce,0x9b,0xce,0xbb,0xce,0xbb,0xce,0xbb,0xce,0xbb,0xce,0xbb,0xce,0xbb,0xce,0x9b,0xce,0xdc,0xce,0xfc,0xd6,0xdc,0xce,0x9b,0xce,0xbb,0xce,0xbb,0xce,0xbb,0xce,
    0xbb,0xce,0xbb,0xce,0xbb,0xce,0xdc,0xd6,0x9b,0xce,0x9a,0xc6,0x9b,0xce,0xdc,0xd6,0xbb,0xce,0xbb,0xce,0xbb,0xce,0xbb,0xce,0xbb,0xce,0xbb,0xce,0xdc,0xd6,0x9b,0xce,0x9a,0xc6,0x9b,0xce,0xdc,0xd6,0xbb,0xce,0xbb,0xce,0xbb,0xce,
    0xbb,0xce,0xbb,0xce,0xbb,0xce,0xf8,0xb5,0xfc,0xd6,0x97,0xa5,0xfc,0xd6,0xf8,0xb5,0xbb,0xce,0xbb,0xce,0xbb,0xce,0xbb,0xce,0xbb,0xce,0xbb,0xce,0xf8,0xb5,0xfc,0xd6,0x97,0xa5,0xfc,0xd6,0xf8,0xb5,0xbb,0xce,0xbb,0xce,0xbb,0xce,
    0xbb,0xce,0xbb,0xce,0xbb,0xce,0x56,0x9d,0x31,0x84,0x0c,0x5b,0x10,0x7c,0x56,0x9d,0xbb,0xce,0xbb,0xce,0xbb,0xce,0xbb,0xce,0xbb,0xce,0xbb,0xce,0x56,0x9d,0x31,0x7c,0x0c,0x5b,0xcf,0x73,0x56,0x9d,0xbb,0xce,0xbb,0xce,0xbb,0xce,
    0xdc,0xd6,0xf8,0xb5,0x56,0x9d,0x6a,0x4a,0x20,0x00,0xe4,0x18,0x82,0x08,0x6a,0x4a,0x56,0x9d,0xf8,0xb5,0xdc,0xd6,0xdc,0xd6,0xf8,0xb5,0x56,0x9d,0x8a,0x4a,0x82,0x08,0x04,0x19,0x08,0x3a,0x8a,0x4a,0x56,0x9d,0x18,0xb6,0xdc,0xd6,
    0xbb,0xce,0xfc,0xd6,0xcf,0x73,0x29,0x42,0xf4,0x94,0xe8,0x31,0xa7,0x29,0x82,0x08,0x31,0x7c,0xdc,0xd6,0xbb,0xce,0xbb,0xce,0xfc,0xd6,0x10,0x7c,0x82,0x08,0x66,0x21,0xcf,0x73,0x14,0x9d,0x21,0x00,0x31,0x84,0xdc,0xd6,0xbb,0xce,
    0x9b,0xce,0x97,0xa5,0xec,0x5a,0x04,0x19,0xf0,0x7b,0xd3,0x94,0x86,0x29,0x04,0x19,0xcb,0x62,0x73,0xe4,0x9b,0xce,0x9b,0xce,0x97,0xa5,0xec,0x5a,0x04,0x19,0x86,0x29,0xd3,0x94,0xe8,0x39,0xe4,0x10,0xab,0x62,0x73,0xe4,0x9b,0xce,
    0x9b,0xce,0xfc,0xd6,0x51,0x84,0x82,0x08,0x66,0x21,0xa7,0x29,0xc7,0x31,0x82,0x08,0x31,0x84,0xfc,0xde,0x9b,0xce,0x9b,0xce,0xfc,0xd6,0x51,0x84,0x82,0x08,0xc7,0x31,0xa7,0x29,0xa7,0x29,0x82,0x08,0x31,0x84,0xfc,0xde,0x9b,0xce,
    0xbb,0xce,0xdb,0xce,0xbb,0xce,0x29,0x42,0x82,0x10,0xe4,0x18,0x82,0x08,0x29,0x42,0xbb,0xce,0xdc,0xce,0xbb,0xce,0xbb,0xce,0xdb,0xce,0xbb,0xce,0x29,0x42,0x82,0x08,0xe4,0x18,0x82,0x08,0x29,0x42,0xbb,0xce,0xdc,0xce,0xbb,0xce,
    0xdc,0xce,0x9b,0xce,0xdc,0xd6,0xbb,0xce,0x51,0x84,0x4d,0x63,0x51,0x84,0xbb,0xce,0xdc,0xce,0xbb,0xce,0xbb,0xce,0xbb,0xce,0xbb,0xce,0xdc,0xce,0xbb,0xce,0x51,0x84,0x4d,0x63,0x51,0x84,0xbb,0xce,0xdc,0xd6,0x9b,0xce,0xdc,0xce,
    0xbb,0xce,0x1d,0xd7,0xbb,0xce,0xbb,0xce,0x1d,0xdf,0x3d,0xdf,0x1d,0xdf,0xbb,0xce,0xbb,0xce,0xbb,0xce,0xbb,0xce,0xbb,0xce,0xbb,0xce,0xbb,0xce,0xbb,0xce,0x1d,0xdf,0x3d,0xdf,0x1d,0xdf,0xbb,0xce,0xbb,0xce,0x1d,0xd7,0xbb,0xce,
    0xdb,0xce,0xdc,0xd6,0xdc,0xce,0xbb,0xce,0x9b,0xce,0x9b,0xce,0x9b,0xce,0xbb,0xce,0xbb,0xce,0xbb,0xce,0xbb,0xce,0xbb,0xce,0xbb,0xce,0xbb,0xce,0xbb,0xce,0x9b,0xce,0x9b,0xce,0x9b,0xce,0xbb,0xce,0xdc,0xce,0xdc,0xd6,0xdb,0xce,
    0x3c,0xd9,0xfe,0xfe,0xff,0xff,0xff,0xff,0xff,0xff,0xff,0xff,0xff,0xff,0xff,0xff,0xff,0xff,0xfe,0xfe,0xd9,0x3c,0xde,0xff,0xfd,0xff,0xff,0xff,0xff,0xff,0xff,0xff,0xff,0xff,0xff,0xff,0xff,0xff,0xff,0xff,0xff,0xfd,0xff,0xde,
    0xff,0xfe,0xff,0xff,0xff,0xff,0xff,0xff,0xff,0xff,0xff,0xff,0xff,0xff,0xff,0xff,0xff,0xff,0xff,0xff,0xfe,0xff,0xfe,0xff,0xff,0xff,0xff,0xff,0xff,0xff,0xff,0xff,0xff,0xff,0xff,0xff,0xff,0xff,0xff,0xff,0xff,0xff,0xff,0xfe,
    0xff,0xff,0xff,0xff,0xff,0xff,0xff,0xff,0xff,0xff,0xff,0xff,0xff,0xff,0xff,0xff,0xff,0xff,0xff,0xff,0xff,0xff,0xff,0xff,0xff,0xff,0xff,0xff,0xff,0xff,0xff,0xff,0xff,0xff,0xff,0xff,0xff,0xff,0xff,0xff,0xff,0xff,0xff,0xff,
    0xff,0xff,0xff,0xff,0xff,0xff,0xff,0xff,0xff,0xff,0xff,0xff,0xff,0xff,0xff,0xff,0xff,0xff,0xff,0xff,0xff,0xff,0xff,0xff,0xff,0xff,0xff,0xff,0xff,0xff,0xff,0xff,0xff,0xff,0xff,0xff,0xff,0xff,0xff,0xff,0xff,0xff,0xff,0xff,
    0xff,0xff,0xff,0xff,0xff,0xff,0xff,0xff,0xff,0xff,0xff,0xff,0xff,0xff,0xff,0xff,0xff,0xff,0xff,0xff,0xff,0xff,0xff,0xff,0xff,0xff,0xff,0xff,0xff,0xff,0xff,0xff,0xff,0xff,0xff,0xff,0xff,0xff,0xff,0xff,0xff,0xff,0xff,0xff,
    0xff,0xff,0xff,0xff,0xff,0xff,0xff,0xff,0xff,0xff,0xff,0xff,0xff,0xff,0xff,0xff,0xff,0xff,0xff,0xff,0xff,0xff,0xff,0xff,0xff,0xff,0xff,0xff,0xff,0xff,0xff,0xff,0xff,0xff,0xff,0xff,0xff,0xff,0xff,0xff,0xff,0xff,0xff,0xff,
    0xff,0xff,0xff,0xff,0xff,0xff,0xff,0xff,0xff,0xff,0xff,0xff,0xff,0xff,0xff,0xff,0xff,0xff,0xff,0xff,0xff,0xff,0xff,0xff,0xff,0xff,0xff,0xff,0xff,0xff,0xff,0xff,0xff,0xff,0xff,0xff,0xff,0xff,0xff,0xff,0xff,0xff,0xff,0xff,
    0xff,0xff,0xff,0xff,0xff,0xff,0xff,0xff,0xff,0xff,0xff,0xff,0xff,0xff,0xff,0xff,0xff,0xff,0xff,0xff,0xff,0xff,0xff,0xff,0xff,0xff,0xff,0xff,0xff,0xff,0xff,0xff,0xff,0xff,0xff,0xff,0xff,0xff,0xff,0xff,0xff,0xff,0xff,0xff,
    0xff,0xff,0xff,0xff,0xff,0xff,0xff,0xff,0xff,0xff,0xff,0xff,0xff,0xff,0xff,0xff,0xff,0xff,0xff,0xff,0xff,0xff,0xff,0xff,0xff,0xff,0xff,0xff,0xff,0xff,0xff,0xff,0xff,0xff,0xff,0xff,0xff,0xff,0xff,0xff,0xff,0xff,0xff,0xff,
    0xfe,0xff,0xff,0xff,0xff,0xff,0xff,0xff,0xff,0xff,0xff,0xff,0xff,0xff,0xff,0xff,0xff,0xff,0xff,0xff,0xff,0xfe,0xff,0xfe,0xff,0xff,0xff,0xff,0xff,0xff,0xff,0xff,0xff,0xff,0xff,0xff,0xff,0xff,0xff,0xff,0xff,0xff,0xfe,0xff,
    0xde,0xff,0xfd,0xff,0xff,0xff,0xff,0xff,0xff,0xff,0xff,0xff,0xff,0xff,0xff,0xff,0xff,0xff,0xff,0xfd,0xff,0xde,0x3c,0xd9,0xfe,0xfe,0xff,0xff,0xff,0xff,0xff,0xff,0xff,0xff,0xff,0xff,0xff,0xff,0xff,0xff,0xfe,0xfe,0xd9,0x3c,

};

const lv_image_dsc_t emoji_control_knobs_22 = {
  .header.magic = LV_IMAGE_HEADER_MAGIC,
  .header.cf = LV_COLOR_FORMAT_RGB565A8,
  .header.flags = 0,
  .header.w = 22,
  .header.h = 22,
  .header.stride = 44,
  .data_size = sizeof(emoji_control_knobs_22_map),
  .data = emoji_control_knobs_22_map,
};




#ifndef LV_ATTRIBUTE_MEM_ALIGN
#define LV_ATTRIBUTE_MEM_ALIGN
#endif

#ifndef LV_ATTRIBUTE_EMOJI_PEACH_22
#define LV_ATTRIBUTE_EMOJI_PEACH_22
#endif

static const
LV_ATTRIBUTE_MEM_ALIGN LV_ATTRIBUTE_LARGE_CONST LV_ATTRIBUTE_EMOJI_PEACH_22
uint8_t emoji_peach_22_map[] = {

    0xe0,0x07,0xef,0x7b,0x00,0x00,0xaa,0x7d,0xaa,0x75,0xaa,0x7d,0x8a,0x75,0x8a,0x75,0xaa,0x7d,0x8a,0x75,0x00,0x00,0xef,0x7f,0x00,0x00,0x87,0x5c,0xa7,0x64,0x87,0x5c,0x88,0x5c,0x00,0x00,0x00,0x00,0x00,0x00,0x00,0x00,0x00,0x00,
    0x00,0x00,0x00,0x00,0x8a,0x75,0xaa,0x7d,0xeb,0x7d,0xaa,0x7d,0xaa,0x7d,0xaa,0x7d,0xcb,0x7d,0xcb,0x7d,0x6a,0x75,0x00,0x00,0x87,0x5c,0xa7,0x5c,0xc7,0x5c,0xa7,0x5c,0xa7,0x64,0xa7,0x64,0xc7,0x64,0xe0,0x07,0xe0,0x07,0x00,0x00,
    0xcb,0x75,0x8a,0x75,0x0b,0x86,0xaa,0x7d,0x8a,0x75,0x8a,0x75,0x8a,0x75,0x8a,0x75,0x8a,0x75,0x8a,0x7d,0xcb,0x7d,0x28,0x5d,0x87,0x5c,0x87,0x5c,0x87,0x64,0x87,0x5c,0x87,0x54,0x07,0x5d,0x87,0x5c,0xaa,0xfa,0xe0,0x7b,0x00,0x00,
    0x8a,0x75,0x8a,0x75,0xaa,0x75,0xaa,0x6d,0x8a,0x75,0x8a,0x7d,0x8a,0x7d,0x8a,0x7d,0x8a,0x7d,0x8a,0x75,0x8a,0x75,0x0c,0xc5,0x6c,0xdc,0x4c,0xe4,0x4c,0xec,0x4c,0xe4,0x8b,0xd4,0x6a,0xac,0x28,0x9c,0x00,0x00,0x4a,0xad,0x00,0x00,
    0x00,0x00,0x00,0x00,0x0b,0xa5,0x2c,0xad,0x8a,0x85,0xaa,0x6d,0xaa,0x6d,0xaa,0x75,0xaa,0x6d,0x8a,0x7d,0xcc,0xd4,0x4c,0xfb,0x4a,0xea,0x2d,0xfc,0x4d,0xfc,0x2d,0xfc,0x2d,0xfc,0x4e,0xfc,0x6e,0xfc,0x0d,0xfc,0x00,0x00,0xaa,0xfa,
    0x4a,0xfd,0xeb,0xbc,0x2d,0xfc,0x4e,0xfc,0x4d,0xf4,0xcc,0xcc,0x2b,0xa5,0x4b,0x95,0x0b,0xb5,0x6d,0xec,0x4d,0xfc,0xcc,0xf3,0x48,0xd9,0x29,0xe2,0x4d,0xfc,0x4d,0xfc,0x4d,0xfc,0x2d,0xfc,0x6e,0xfc,0x6d,0xfc,0x4d,0xfc,0x00,0x00,
    0x00,0x00,0x2d,0xfc,0xae,0xfc,0x4d,0xfc,0x2d,0xfc,0x2d,0xfc,0x2d,0xfc,0x2d,0xfc,0x2d,0xfc,0x2d,0xfc,0x2d,0xfc,0x6d,0xfc,0xac,0xfb,0x28,0xd9,0xeb,0xf2,0x6d,0xfc,0x2d,0xfc,0x4d,0xfc,0x2d,0xfc,0x6e,0xfc,0x2d,0xfc,0x4e,0xfc,
    0xea,0xfb,0x2d,0xfc,0x6e,0xfc,0x4d,0xfc,0x4d,0xfc,0x4d,0xfc,0x4d,0xfc,0x4d,0xfc,0x4d,0xfc,0x4d,0xfc,0x4d,0xfc,0x2d,0xfc,0x8d,0xfc,0xca,0xea,0x68,0xd9,0x0d,0xfc,0x4d,0xfc,0x4d,0xfc,0x4d,0xfc,0x2d,0xfc,0x6e,0xfc,0x4d,0xfc,
    0x6d,0xfc,0x4d,0xfc,0x4d,0xfc,0x4d,0xfc,0x4d,0xfc,0x4d,0xfc,0x4d,0xfc,0x4d,0xfc,0x4d,0xfc,0x4d,0xfc,0x4d,0xfc,0x2d,0xfc,0x4d,0xfc,0x0d,0xfc,0x68,0xd9,0x0b,0xf3,0x6d,0xfc,0x2d,0xfc,0x4d,0xfc,0x4d,0xfc,0x6e,0xfc,0x2d,0xfc,
    0x2d,0xfc,0x6e,0xfc,0x4d,0xfc,0x4d,0xfc,0x4d,0xfc,0x4d,0xfc,0x4d,0xfc,0x4d,0xfc,0x4d,0xfc,0x4d,0xfc,0x4d,0xfc,0x4d,0xfc,0x2d,0xfc,0x6d,0xfc,0x4a,0xe2,0x29,0xe2,0x6d,0xfc,0x2d,0xfc,0x4d,0xfc,0x4d,0xfc,0x4d,0xfc,0x2d,0xfc,
    0x2d,0xfc,0x6e,0xfc,0x2d,0xfc,0x4d,0xfc,0x4d,0xfc,0x4d,0xfc,0x4d,0xfc,0x4d,0xfc,0x4d,0xfc,0x4d,0xfc,0x4d,0xfc,0x4d,0xfc,0x2d,0xfc,0x6d,0xfc,0xeb,0xea,0xa9,0xe1,0x4d,0xfc,0x4d,0xfc,0x4d,0xfc,0x4d,0xfc,0x4d,0xfc,0x4d,0xfc,
    0x2d,0xfc,0x6e,0xfc,0x2d,0xfc,0x4d,0xfc,0x4d,0xfc,0x4d,0xfc,0x4d,0xfc,0x4d,0xfc,0x4d,0xfc,0x4d,0xfc,0x4d,0xfc,0x4d,0xfc,0x2d,0xfc,0x6d,0xfc,0x0b,0xf3,0xa8,0xe1,0x4d,0xfc,0x4d,0xfc,0x4d,0xfc,0x4d,0xfc,0x4d,0xfc,0x4d,0xfc,
    0x4d,0xfc,0x6e,0xfc,0x4d,0xfc,0x4d,0xfc,0x4d,0xfc,0x4d,0xfc,0x4d,0xfc,0x4d,0xfc,0x4d,0xfc,0x4d,0xfc,0x4d,0xfc,0x4d,0xfc,0x2d,0xfc,0x6d,0xfc,0x0b,0xf3,0xa8,0xe1,0x4d,0xfc,0x4d,0xfc,0x4d,0xfc,0x4d,0xfc,0x4d,0xfc,0x4d,0xfc,
    0x2d,0xfc,0x4d,0xfc,0x4d,0xfc,0x4d,0xfc,0x4d,0xfc,0x4d,0xfc,0x4d,0xfc,0x4d,0xfc,0x4d,0xfc,0x4d,0xfc,0x4d,0xfc,0x4d,0xfc,0x2d,0xfc,0x6d,0xfc,0xcb,0xea,0xc9,0xe1,0x4d,0xfc,0x4d,0xfc,0x4d,0xfc,0x4d,0xfc,0x6e,0xfc,0x2d,0xfc,
    0x8d,0xfc,0x2d,0xfc,0x6e,0xfc,0x4d,0xfc,0x4d,0xfc,0x4d,0xfc,0x4d,0xfc,0x4d,0xfc,0x4d,0xfc,0x4d,0xfc,0x4d,0xfc,0x4d,0xfc,0x2d,0xfc,0x6d,0xfc,0x6a,0xea,0x09,0xe2,0x6d,0xfc,0x2d,0xfc,0x4d,0xfc,0x4d,0xfc,0x6e,0xfc,0x4d,0xfc,
    0x00,0x00,0x2d,0xfc,0x8e,0xfc,0x2d,0xfc,0x4d,0xfc,0x4d,0xfc,0x4d,0xfc,0x4d,0xfc,0x4d,0xfc,0x4d,0xfc,0x4d,0xfc,0x4d,0xfc,0x4d,0xfc,0x4d,0xfc,0xc9,0xe1,0x8a,0xea,0x6d,0xfc,0x2d,0xfc,0x4d,0xfc,0x8e,0xfc,0x2d,0xfc,0xff,0xff,
    0xef,0xfb,0x4c,0xfc,0x4d,0xfc,0x6e,0xfc,0x4d,0xfc,0x4d,0xfc,0x4d,0xfc,0x4d,0xfc,0x4d,0xfc,0x4d,0xfc,0x4d,0xfc,0x2d,0xfc,0x4d,0xfc,0xcc,0xfb,0x48,0xd9,0x6c,0xf3,0x6d,0xfc,0x2d,0xfc,0x4d,0xfc,0x6d,0xfc,0x2d,0xfc,0x00,0xf8,
    0xaa,0xfa,0x00,0x00,0x2d,0xfc,0x4d,0xfc,0x6d,0xfc,0x2d,0xfc,0x4d,0xfc,0x4d,0xfc,0x4d,0xfc,0x4d,0xfc,0x4d,0xfc,0x2d,0xfc,0x8d,0xfc,0xaa,0xea,0x88,0xd9,0x4d,0xfc,0x2d,0xfc,0x4d,0xfc,0x6d,0xfc,0x4d,0xfc,0x00,0x00,0xaa,0xfa,
    0x00,0x00,0xaa,0xfa,0x00,0x00,0x0d,0xfc,0x6d,0xfc,0x8e,0xfc,0x2d,0xfc,0x2d,0xfc,0x4d,0xfc,0x4d,0xfc,0x4d,0xfc,0x4d,0xfc,0x4d,0xfc,0xcc,0xfb,0xac,0xfb,0x4d,0xfc,0x6e,0xfc,0x6d,0xfc,0x2d,0xfc,0x00,0x00,0x4a,0xfd,0x00,0x00,
    0x00,0x00,0x00,0x00,0x55,0xfd,0x00,0x00,0x0c,0xfc,0x4d,0xfc,0x6e,0xfc,0x8e,0xfc,0x4d,0xfc,0x4d,0xfc,0x4d,0xfc,0x2d,0xfc,0x2d,0xfc,0x4d,0xfc,0x6d,0xfc,0x8e,0xfc,0x4d,0xfc,0x2d,0xfc,0x00,0x00,0x55,0xfd,0x00,0x00,0x00,0x00,
    0x00,0x00,0x00,0x00,0x00,0x00,0x4a,0xfd,0x00,0x00,0x00,0x00,0x4d,0xfc,0x4d,0xfc,0x4d,0xfc,0x6e,0xfc,0x6e,0xfc,0x4d,0xfc,0x4d,0xfc,0x6e,0xfc,0x4d,0xfc,0x6d,0xfc,0xac,0xfb,0x00,0x00,0xe7,0xfb,0x00,0x00,0x00,0x00,0x00,0x00,
    0x00,0x00,0x00,0x00,0x00,0x00,0x00,0x00,0xef,0xfb,0xff,0xff,0x00,0x00,0x00,0x00,0x2d,0xfc,0x4d,0xfc,0x4d,0xfc,0x4d,0xfc,0x4d,0xfc,0x4d,0xfc,0x4d,0xfc,0x00,0x00,0x00,0x00,0xaa,0xfa,0x00,0x00,0x00,0x00,0x00,0x00,0x00,0x00,
    0x01,0x02,0x00,0x1f,0x8b,0xd5,0xf0,0xea,0xbf,0x53,0x00,0x02,0x00,0x3b,0x6a,0x5a,0x23,0x00,0x00,0x00,0x00,0x00,0x00,0x00,0x6d,0xe9,0xff,0xff,0xff,0xff,0xff,0xff,0x87,0x00,0x91,0xfe,0xff,0xff,0xf1,0x99,0x1c,0x01,0x01,0x00,
    0x16,0xb8,0xff,0xff,0xfc,0xfe,0xff,0xfe,0xfd,0xff,0xff,0x9e,0xff,0xff,0xfc,0xfd,0xff,0xff,0xa1,0x03,0x02,0x00,0x1e,0xa6,0xf3,0xfd,0xff,0xff,0xff,0xff,0xff,0xff,0xfe,0xff,0xfd,0xff,0xff,0xfc,0xfd,0xc3,0x17,0x00,0x03,0x00,
    0x00,0x00,0x38,0xf2,0xfe,0xfe,0xff,0xff,0xff,0xff,0xff,0xfd,0xff,0xff,0xff,0xff,0xfe,0xfc,0xd1,0x3c,0x00,0x03,0x03,0x08,0xb3,0xff,0xfd,0xff,0xff,0xff,0xff,0xff,0xff,0xff,0xff,0xff,0xff,0xff,0xff,0xfe,0xff,0xf5,0x36,0x00,
    0x00,0x6c,0xff,0xfc,0xff,0xff,0xff,0xff,0xff,0xff,0xff,0xff,0xff,0xff,0xff,0xff,0xff,0xff,0xfb,0xff,0xd5,0x0b,0x06,0xd5,0xfd,0xfd,0xff,0xff,0xff,0xff,0xff,0xff,0xff,0xff,0xff,0xff,0xff,0xff,0xff,0xff,0xff,0xfc,0xff,0x6a,
    0x33,0xfc,0xff,0xff,0xff,0xff,0xff,0xff,0xff,0xff,0xff,0xff,0xff,0xff,0xff,0xff,0xff,0xff,0xff,0xfd,0xfe,0xc4,0x60,0xff,0xfd,0xff,0xff,0xff,0xff,0xff,0xff,0xff,0xff,0xff,0xff,0xff,0xff,0xff,0xff,0xff,0xff,0xff,0xff,0xf1,
    0x6d,0xff,0xfc,0xff,0xff,0xff,0xff,0xff,0xff,0xff,0xff,0xff,0xff,0xff,0xff,0xff,0xff,0xff,0xff,0xff,0xff,0xff,0x6d,0xff,0xfc,0xff,0xff,0xff,0xff,0xff,0xff,0xff,0xff,0xff,0xff,0xff,0xff,0xff,0xff,0xff,0xff,0xff,0xff,0xff,
    0x5d,0xff,0xfd,0xff,0xff,0xff,0xff,0xff,0xff,0xff,0xff,0xff,0xff,0xff,0xff,0xff,0xff,0xff,0xff,0xfe,0xff,0xec,0x33,0xfc,0xff,0xff,0xff,0xff,0xff,0xff,0xff,0xff,0xff,0xff,0xff,0xff,0xff,0xff,0xff,0xff,0xff,0xfc,0xfe,0xb5,
    0x07,0xd6,0xfe,0xfd,0xff,0xff,0xff,0xff,0xff,0xff,0xff,0xff,0xff,0xff,0xff,0xff,0xff,0xff,0xff,0xfd,0xff,0x4c,0x00,0x77,0xff,0xfb,0xff,0xff,0xff,0xff,0xff,0xff,0xff,0xff,0xff,0xff,0xff,0xff,0xff,0xff,0xfb,0xff,0xb9,0x01,
    0x02,0x0d,0xdc,0xff,0xfb,0xff,0xff,0xff,0xff,0xff,0xff,0xff,0xff,0xff,0xff,0xff,0xff,0xfd,0xfe,0xf0,0x24,0x01,0x03,0x00,0x38,0xf6,0xff,0xfb,0xff,0xff,0xff,0xff,0xff,0xff,0xff,0xff,0xff,0xff,0xfc,0xff,0xfc,0x49,0x00,0x03,
    0x00,0x03,0x00,0x42,0xea,0xff,0xfd,0xfc,0xfe,0xff,0xff,0xff,0xff,0xff,0xff,0xfb,0xff,0xf3,0x4e,0x00,0x03,0x00,0x00,0x00,0x03,0x00,0x23,0xb3,0xff,0xff,0xff,0xfd,0xfd,0xfe,0xff,0xfd,0xff,0xff,0xd5,0x33,0x00,0x03,0x00,0x00,
    0x00,0x00,0x00,0x03,0x00,0x00,0x49,0xaf,0xf1,0xff,0xff,0xff,0xff,0xff,0xf7,0x8c,0x0d,0x00,0x04,0x00,0x00,0x00,0x00,0x00,0x00,0x00,0x02,0x01,0x00,0x00,0x24,0x6b,0xab,0xd7,0xf7,0xbd,0x37,0x00,0x00,0x03,0x00,0x00,0x00,0x00,

};

const lv_image_dsc_t emoji_peach_22 = {
  .header.magic = LV_IMAGE_HEADER_MAGIC,
  .header.cf = LV_COLOR_FORMAT_RGB565A8,
  .header.flags = 0,
  .header.w = 22,
  .header.h = 22,
  .header.stride = 44,
  .data_size = sizeof(emoji_peach_22_map),
  .data = emoji_peach_22_map,
};




#ifndef LV_ATTRIBUTE_MEM_ALIGN
#define LV_ATTRIBUTE_MEM_ALIGN
#endif

#ifndef LV_ATTRIBUTE_EMOJI_RACING_CAR_22
#define LV_ATTRIBUTE_EMOJI_RACING_CAR_22
#endif

static const
LV_ATTRIBUTE_MEM_ALIGN LV_ATTRIBUTE_LARGE_CONST LV_ATTRIBUTE_EMOJI_RACING_CAR_22
uint8_t emoji_racing_car_22_map[] = {

    0x00,0x00,0x00,0x00,0x00,0x00,0x00,0x00,0x00,0x00,0x00,0x00,0x00,0x00,0x00,0x00,0x00,0x00,0x00,0x00,0x00,0x00,0x00,0x00,0x00,0x00,0x00,0x00,0x00,0x00,0x00,0x00,0x00,0x00,0x00,0x00,0x00,0x00,0x00,0x00,0x00,0x00,0x00,0x00,
    0x00,0x00,0x00,0x00,0x00,0x00,0x00,0x00,0x00,0x00,0x00,0x00,0x00,0x00,0x00,0x00,0x00,0x00,0x00,0x00,0x00,0x00,0x00,0x00,0x00,0x00,0x00,0x00,0x00,0x00,0x00,0x00,0x00,0x00,0x00,0x00,0x00,0x00,0x00,0x00,0x00,0x00,0x00,0x00,
    0x00,0x00,0x00,0x00,0x00,0x00,0x00,0x00,0x00,0x00,0x00,0x00,0x00,0x00,0x00,0x00,0x00,0x00,0x00,0x00,0x00,0x00,0x00,0x00,0x00,0x00,0x00,0x00,0x00,0x00,0x00,0x00,0x00,0x00,0x00,0x00,0x00,0x00,0x00,0x00,0x00,0x00,0x00,0x00,
    0x00,0x00,0x00,0x00,0x00,0x00,0x00,0x00,0x00,0x00,0x00,0x00,0x00,0x00,0x00,0x00,0x00,0x00,0x00,0x00,0x00,0x00,0x00,0x00,0x00,0x00,0x00,0x00,0x00,0x00,0x00,0x00,0x00,0x00,0x00,0x00,0x00,0x00,0x00,0x00,0x00,0x00,0x00,0x00,
    0x00,0x00,0x00,0x00,0x00,0x00,0x00,0x00,0x00,0x00,0x00,0x00,0x00,0x00,0x00,0x00,0x00,0x00,0x00,0x00,0x00,0x00,0x00,0x00,0x00,0x00,0x00,0x00,0x00,0x00,0x00,0x00,0x00,0x00,0x00,0x00,0x00,0x00,0x00,0x00,0x00,0x00,0x00,0x00,
    0x00,0x00,0x00,0x00,0x00,0x00,0x00,0x00,0x00,0x00,0x00,0x00,0x00,0x00,0x00,0x00,0x00,0x00,0x00,0x00,0x00,0x00,0x00,0x00,0x00,0x00,0x00,0x00,0x00,0x00,0x00,0x00,0x00,0x00,0x00,0x00,0x00,0x00,0x00,0x00,0x00,0x00,0x00,0x00,
    0x00,0x00,0x00,0x00,0x00,0x00,0x00,0x00,0x00,0x00,0x00,0x00,0x00,0x00,0x00,0x00,0x00,0x00,0x00,0x00,0x00,0x00,0x00,0x00,0x00,0x00,0x00,0x00,0x00,0x00,0x00,0x00,0x00,0x00,0x00,0x00,0x00,0x00,0x00,0x00,0x00,0x00,0x00,0x00,
    0x00,0x00,0x00,0x00,0x00,0x00,0x00,0x00,0x00,0x00,0x00,0x00,0x00,0x00,0x00,0x00,0xe0,0xff,0xe0,0xfb,0xff,0x07,0xff,0x07,0xff,0x07,0xff,0x07,0xff,0x07,0xef,0xfb,0xe0,0xff,0x00,0x00,0x00,0x00,0x00,0x00,0xe0,0xff,0xe0,0xfb,
    0x00,0x00,0x00,0x00,0x00,0x00,0x00,0x00,0x00,0x00,0x00,0x00,0x00,0x00,0xe0,0xfb,0x00,0x00,0x00,0x00,0x00,0x00,0x00,0x00,0x00,0x00,0x00,0x00,0x00,0x00,0x00,0x00,0x00,0x00,0xe0,0xff,0xe0,0xff,0x00,0xf8,0x00,0x00,0x00,0x00,
    0x00,0x00,0x00,0x00,0x00,0x00,0x00,0x00,0x00,0x00,0x00,0x00,0x40,0xfd,0x00,0x00,0x80,0xe3,0x60,0xfc,0x08,0xe5,0x0a,0xd5,0x09,0xd5,0x09,0xd5,0x0a,0xdd,0xc4,0xec,0x40,0xfc,0x00,0x00,0x00,0x00,0x00,0x00,0x80,0xfd,0x81,0xf4,
    0x00,0x00,0x00,0x00,0x00,0x00,0xe0,0xfb,0x40,0xfd,0xe0,0xfd,0x00,0x00,0xc0,0xfb,0x80,0xfc,0xd2,0xcd,0x9f,0x8e,0x9f,0x8e,0x9f,0x8e,0x9f,0x8e,0x9f,0x86,0x6a,0xe5,0x60,0xfc,0x8d,0xdc,0x81,0xf4,0x62,0xe4,0x22,0xdc,0x61,0xec,
    0x00,0x00,0xe0,0xfb,0xe0,0xff,0x00,0x00,0x00,0x00,0x00,0x00,0x40,0xfc,0xc5,0xec,0x18,0xae,0x9f,0x7e,0x5f,0x8e,0x5f,0x8e,0x5f,0x8e,0x5e,0x8e,0x7f,0x86,0x09,0xdd,0xa0,0xfc,0x82,0xf4,0x81,0xf4,0x45,0x9b,0xa6,0x72,0x65,0x7a,
    0x00,0x00,0x00,0x00,0x00,0x00,0x81,0xf4,0xa1,0xfc,0x81,0xfc,0x81,0xfc,0xe5,0xec,0x08,0xdd,0xce,0xac,0xdb,0x44,0x99,0x4c,0xb9,0x4c,0xd9,0x4c,0xda,0x4c,0x75,0x5c,0x52,0x6c,0xa3,0xf4,0xc1,0xfc,0x81,0xf4,0x81,0xf4,0xc0,0xf4,
    0x00,0xf8,0x61,0xf4,0xc1,0xfc,0x81,0xf4,0xc1,0xfc,0xc1,0xfc,0x81,0xf4,0x61,0xf4,0x60,0xfc,0x2f,0x7c,0xf9,0x23,0xb9,0x4c,0x99,0x44,0xf7,0x2b,0x37,0x3c,0x3a,0x2c,0x52,0x6c,0x80,0xfc,0x61,0xf4,0x81,0xf4,0x22,0xf4,0x05,0xf3,
    0x00,0x00,0x28,0xfe,0x0a,0xff,0x86,0xf5,0x41,0xec,0x61,0xec,0x61,0xf4,0x81,0xfc,0x84,0xe4,0x37,0x3c,0xfc,0x95,0x55,0xa5,0xb7,0xad,0x9b,0x7d,0x17,0x34,0x59,0x34,0x69,0xb4,0x60,0xfc,0x62,0xec,0xa1,0xf4,0xa3,0xeb,0xe9,0xd8,
    0x42,0xfc,0xe3,0xf4,0x24,0xfd,0xe2,0xfc,0xa1,0xfc,0xc1,0xfc,0x81,0xf4,0x80,0xfc,0x4a,0xa4,0xfb,0x54,0xdf,0xff,0xef,0x83,0xca,0x62,0xbf,0xf7,0x79,0x44,0x36,0x44,0xa2,0xf4,0xc0,0xfc,0xa1,0xfc,0x81,0xf4,0x61,0xf4,0xa3,0xeb,
    0x61,0xf4,0x61,0xf4,0x80,0xfc,0xe2,0xd3,0xe3,0x8a,0x03,0x93,0x42,0xe4,0xa0,0xfc,0x12,0x5c,0x3b,0x65,0xbe,0xff,0x76,0xad,0x69,0x4a,0x5c,0xef,0xdb,0x44,0x4f,0x84,0xc1,0xd3,0xc4,0x82,0x43,0xa3,0x61,0xf4,0x81,0xf4,0xa1,0xf4,
    0x61,0xec,0xc1,0xfc,0x02,0xd4,0x86,0x29,0x87,0x21,0x67,0x19,0xe4,0x51,0x45,0xcc,0x58,0x3c,0x78,0x3c,0xbc,0xc6,0xef,0x83,0x30,0x8c,0x3b,0xae,0x59,0x3c,0x89,0x83,0x65,0x29,0x88,0x21,0x47,0x19,0x64,0x62,0x81,0xf4,0x61,0xf4,
    0x61,0xec,0xe1,0xfc,0xa3,0x7a,0x88,0x21,0x0b,0x63,0xcb,0x5a,0x45,0x29,0x4e,0x53,0x79,0x3c,0x17,0x34,0x79,0x44,0x9b,0x7d,0x7b,0x7d,0x59,0x34,0x75,0x5c,0x25,0x5a,0xc8,0x31,0x0c,0x63,0x8a,0x52,0x46,0x21,0xe2,0xd3,0x81,0xfc,
    0x61,0xf4,0x01,0xfd,0x03,0x93,0x88,0x21,0xeb,0x5a,0xab,0x52,0x86,0x29,0xb4,0x33,0xba,0x44,0x79,0x3c,0x79,0x3c,0x39,0x34,0x58,0x34,0x7b,0x2c,0xce,0xa4,0x83,0x7a,0xc9,0x29,0xeb,0x62,0x6a,0x4a,0x86,0x29,0x42,0xe4,0xe1,0xfc,
    0x61,0xf4,0x81,0xfc,0xe2,0xcb,0x66,0x29,0xc7,0x31,0x86,0x29,0xc8,0x29,0x37,0x3c,0x58,0x3c,0x58,0x3c,0x58,0x3c,0x58,0x3c,0x58,0x3c,0x39,0x34,0x86,0xd4,0x81,0xbb,0x46,0x21,0xc7,0x31,0x87,0x21,0x25,0x5a,0x81,0xfc,0x61,0xf4,
    0x00,0x00,0x00,0x00,0x00,0x00,0xe6,0x39,0x66,0x21,0x66,0x21,0xeb,0x39,0x00,0x00,0x00,0x00,0x00,0x00,0x00,0x00,0x00,0x00,0x00,0x00,0x00,0x00,0x00,0x00,0x00,0x00,0x86,0x31,0x66,0x21,0x66,0x29,0x00,0x00,0x00,0x00,0x00,0x00,
    0x00,0x00,0x00,0x00,0x00,0x00,0x00,0x00,0x00,0x00,0x00,0x00,0x00,0x00,0x00,0x00,0x00,0x00,0x00,0x00,0x00,0x00,0x00,0x00,0x00,0x00,0x00,0x00,0x00,0x00,0x00,0x00,0x00,0x00,0x00,0x00,0x00,0x00,0x00,0x00,0x00,0x00,0x00,0x00,
    0x00,0x00,0x00,0x00,0x00,0x00,0x00,0x00,0x00,0x00,0x00,0x00,0x00,0x00,0x00,0x00,0x00,0x00,0x00,0x00,0x00,0x00,0x00,0x00,0x00,0x00,0x00,0x00,0x00,0x00,0x00,0x00,0x00,0x00,0x00,0x00,0x00,0x00,0x00,0x00,0x00,0x00,0x00,0x00,
    0x00,0x00,0x00,0x00,0x00,0x00,0x00,0x00,0x00,0x00,0x00,0x00,0x00,0x00,0x00,0x00,0x00,0x00,0x00,0x00,0x00,0x00,0x00,0x00,0x00,0x00,0x00,0x00,0x00,0x00,0x00,0x00,0x00,0x00,0x00,0x00,0x00,0x00,0x00,0x00,0x00,0x00,0x00,0x00,
    0x00,0x00,0x00,0x00,0x00,0x00,0x00,0x00,0x00,0x00,0x00,0x00,0x00,0x00,0x00,0x00,0x00,0x00,0x00,0x00,0x00,0x00,0x00,0x00,0x00,0x00,0x00,0x00,0x00,0x00,0x01,0x02,0x01,0x01,0x01,0x01,0x01,0x02,0x01,0x00,0x00,0x00,0x01,0x02,
    0x00,0x00,0x00,0x00,0x00,0x00,0x00,0x02,0x00,0x00,0x00,0x00,0x00,0x00,0x00,0x00,0x00,0x01,0x01,0x01,0x00,0x00,0x00,0x00,0x00,0x00,0x00,0x00,0x03,0x00,0x09,0x9c,0xcf,0xcf,0xd0,0xcf,0xcf,0xb8,0x1c,0x00,0x00,0x00,0x0d,0x33,
    0x00,0x00,0x00,0x02,0x03,0x04,0x00,0x1d,0xc5,0xff,0xff,0xff,0xff,0xff,0xff,0xff,0xd0,0x07,0x23,0xb6,0xe6,0xf6,0x00,0x02,0x01,0x00,0x00,0x00,0x3b,0xe1,0xff,0xfb,0xfd,0xfd,0xfd,0xfd,0xfd,0xfa,0xff,0xb7,0x73,0xf0,0xfe,0x30,
    0x00,0x00,0x00,0x1e,0x5d,0xa3,0xf6,0xff,0xfc,0xff,0xff,0xff,0xff,0xff,0xff,0xff,0xfd,0xff,0xff,0xff,0xfc,0xc5,0x01,0x37,0xbf,0xf2,0xff,0xff,0xff,0xfd,0xff,0xff,0xff,0xff,0xff,0xff,0xff,0xff,0xff,0xfd,0xfb,0xfe,0xff,0xff,
    0x00,0xbc,0xff,0xff,0xfc,0xfc,0xfe,0xff,0xfe,0xff,0xff,0xff,0xff,0xff,0xff,0xff,0xff,0xff,0xff,0xff,0xff,0xfd,0x0b,0xdf,0xfc,0xfc,0xff,0xff,0xff,0xff,0xff,0xff,0xff,0xff,0xff,0xff,0xff,0xff,0xfe,0xff,0xff,0xff,0xff,0xff,
    0x37,0xfd,0xff,0xff,0xff,0xff,0xff,0xff,0xff,0xff,0xff,0xff,0xff,0xff,0xff,0xff,0xff,0xff,0xff,0xff,0xff,0xff,0x73,0xff,0xfc,0xff,0xff,0xff,0xff,0xff,0xff,0xff,0xff,0xff,0xff,0xff,0xff,0xff,0xff,0xff,0xff,0xff,0xff,0xff,
    0xad,0xfc,0xf9,0xfe,0xff,0xff,0xfd,0xfc,0xfc,0xfc,0xfc,0xfc,0xfc,0xfc,0xfc,0xfc,0xfe,0xff,0xff,0xfd,0xfc,0xfc,0xf7,0xff,0xff,0xff,0xfc,0xfd,0xff,0xff,0xff,0xff,0xff,0xff,0xff,0xff,0xff,0xff,0xff,0xfc,0xfe,0xff,0xff,0xff,
    0xbb,0xc2,0xc1,0xe5,0xff,0xff,0xd7,0xc1,0xc2,0xc1,0xc1,0xc1,0xc1,0xc1,0xc1,0xc1,0xef,0xff,0xff,0xce,0xc1,0xb9,0x00,0x00,0x00,0x19,0x68,0x5b,0x08,0x00,0x00,0x00,0x00,0x00,0x00,0x00,0x00,0x00,0x28,0x6a,0x50,0x00,0x00,0x00,

};

const lv_image_dsc_t emoji_racing_car_22 = {
  .header.magic = LV_IMAGE_HEADER_MAGIC,
  .header.cf = LV_COLOR_FORMAT_RGB565A8,
  .header.flags = 0,
  .header.w = 22,
  .header.h = 22,
  .header.stride = 44,
  .data_size = sizeof(emoji_racing_car_22_map),
  .data = emoji_racing_car_22_map,
};




#ifndef LV_ATTRIBUTE_MEM_ALIGN
#define LV_ATTRIBUTE_MEM_ALIGN
#endif

#ifndef LV_ATTRIBUTE_EMOJI_MOUSE_22
#define LV_ATTRIBUTE_EMOJI_MOUSE_22
#endif

static const
LV_ATTRIBUTE_MEM_ALIGN LV_ATTRIBUTE_LARGE_CONST LV_ATTRIBUTE_EMOJI_MOUSE_22
uint8_t emoji_mouse_22_map[] = {

    0xff,0xff,0x00,0x00,0x00,0x00,0x76,0xa5,0x56,0x9d,0x77,0xa5,0x97,0xa5,0xf3,0x7b,0x00,0x00,0xff,0x7f,0x00,0x00,0x00,0x00,0xff,0x7f,0x00,0x00,0xf3,0x7b,0x97,0xa5,0x77,0xa5,0x56,0x9d,0x76,0xa5,0x00,0x00,0x00,0x00,0xff,0xff,
    0x00,0x00,0x36,0x9d,0x77,0x9d,0x77,0x95,0x97,0x9d,0x97,0x9d,0x77,0x9d,0x77,0x9d,0x36,0x9d,0x00,0x00,0xff,0x7f,0xff,0x7f,0x00,0x00,0x36,0x9d,0x77,0x9d,0x77,0x9d,0x97,0x9d,0x97,0x9d,0x77,0x95,0x77,0x9d,0x36,0x9d,0x00,0x00,
    0x57,0x9d,0x56,0x9d,0xd8,0xa5,0x56,0xad,0x56,0xc5,0x56,0xc5,0x56,0xa5,0x97,0x9d,0x97,0x9d,0x56,0x9d,0x00,0x00,0x00,0x00,0x56,0x9d,0x97,0x9d,0x97,0x9d,0x56,0xa5,0x56,0xc5,0x56,0xc5,0x56,0xad,0xd8,0xa5,0x56,0x9d,0xb6,0xa5,
    0x56,0x9d,0xb8,0xa5,0x56,0xcd,0x57,0xfd,0x57,0xfd,0x57,0xfd,0x57,0xf5,0x56,0xb5,0x97,0x9d,0x56,0x9d,0x14,0x8d,0x14,0x8d,0x56,0x9d,0x97,0x9d,0x56,0xb5,0x57,0xf5,0x57,0xfd,0x57,0xfd,0x57,0xfd,0x56,0xcd,0xb8,0xa5,0x56,0x9d,
    0x56,0x95,0x77,0xbd,0x57,0xfd,0x57,0xf5,0x57,0xf5,0x57,0xf5,0x57,0xf5,0x57,0xf5,0x56,0xa5,0xb8,0xa5,0x56,0x9d,0x56,0x9d,0xb8,0xa5,0x56,0xa5,0x57,0xf5,0x57,0xf5,0x57,0xf5,0x57,0xf5,0x57,0xf5,0x57,0xfd,0x77,0xbd,0x56,0x95,
    0x56,0x95,0x57,0xd5,0x57,0xfd,0x57,0xf5,0x57,0xf5,0x57,0xf5,0x57,0xfd,0x57,0xf5,0x56,0xb5,0x97,0x9d,0x56,0x9d,0x56,0x9d,0x97,0x9d,0x56,0xb5,0x57,0xf5,0x57,0xfd,0x57,0xf5,0x57,0xf5,0x57,0xf5,0x57,0xfd,0x57,0xd5,0x56,0x95,
    0x56,0x95,0x57,0xd5,0x57,0xfd,0x57,0xf5,0x57,0xfd,0x57,0xed,0x56,0xbd,0x56,0x9d,0x56,0x9d,0x56,0x9d,0x97,0xa5,0x97,0xa5,0x56,0x9d,0x56,0x9d,0x56,0x9d,0x56,0xbd,0x57,0xed,0x57,0xfd,0x57,0xf5,0x57,0xfd,0x57,0xd5,0x56,0x95,
    0x56,0x95,0x97,0xcd,0x57,0xfd,0x57,0xf5,0x57,0xe5,0x56,0xa5,0x56,0x95,0x56,0x9d,0x56,0x9d,0x56,0x9d,0x56,0x9d,0x56,0x9d,0x56,0x9d,0x56,0x9d,0x56,0x9d,0x56,0x95,0x56,0xa5,0x57,0xe5,0x57,0xf5,0x57,0xfd,0x97,0xcd,0x56,0x95,
    0x56,0x95,0x97,0xa5,0x77,0xe5,0x57,0xfd,0x56,0xad,0x56,0x95,0x56,0x9d,0x56,0x9d,0x56,0x9d,0x56,0x9d,0x56,0x9d,0x56,0x9d,0x56,0x9d,0x56,0x9d,0x56,0x9d,0x56,0x9d,0x56,0x95,0x56,0xad,0x57,0xfd,0x77,0xe5,0x97,0xa5,0x56,0x95,
    0x00,0x00,0x56,0x95,0xb8,0xad,0x97,0xc5,0x56,0x9d,0x56,0x9d,0x56,0x9d,0x56,0x9d,0x56,0x95,0x56,0x9d,0x56,0x9d,0x56,0x9d,0x56,0x9d,0x56,0x95,0x56,0x9d,0x56,0x9d,0x56,0x9d,0x56,0x9d,0x97,0xc5,0xb8,0xad,0x56,0x95,0x00,0x00,
    0xef,0x7b,0x00,0x00,0x56,0x95,0x77,0x95,0x77,0x9d,0x56,0x9d,0x56,0x9d,0x77,0x9d,0xb7,0xa5,0x77,0x9d,0x56,0x9d,0x56,0x9d,0x77,0x9d,0xb7,0xa5,0x77,0x9d,0x56,0x9d,0x56,0x9d,0x77,0x9d,0x77,0x95,0x56,0x95,0x00,0x00,0xef,0x7b,
    0x00,0x00,0xf5,0x7b,0x00,0x00,0x56,0x9d,0xb8,0xa5,0x56,0x9d,0x77,0x9d,0xf4,0x8c,0xaf,0x6b,0xd4,0x8c,0x77,0x9d,0x77,0x9d,0xd4,0x8c,0xaf,0x6b,0xf5,0x8c,0x77,0x9d,0x56,0x9d,0xb8,0xa5,0x56,0x9d,0x00,0x00,0xf5,0x7b,0x00,0x00,
    0x00,0x00,0x55,0xad,0x55,0xad,0x56,0x95,0x77,0x9d,0x36,0x95,0x97,0xa5,0xec,0x52,0x82,0x10,0x6a,0x42,0x77,0x9d,0x77,0x9d,0x6a,0x4a,0x82,0x10,0xec,0x52,0x97,0xa5,0x56,0x95,0x77,0x9d,0x56,0x9d,0x55,0xad,0x55,0xad,0x00,0x00,
    0x00,0x00,0x00,0x00,0x00,0x00,0xf7,0x9c,0x56,0x9d,0x77,0x9d,0x97,0xa5,0xaa,0x4a,0x03,0x19,0x29,0x42,0x77,0x9d,0x77,0x9d,0x29,0x42,0x03,0x19,0x8a,0x4a,0x97,0xa5,0x77,0x9d,0x56,0x9d,0xf7,0x9d,0x00,0x00,0x00,0x00,0x00,0x00,
    0x00,0x00,0x00,0x00,0x55,0xad,0x00,0x00,0x56,0x9d,0xb8,0xa5,0x97,0xa5,0x0c,0x5b,0xa2,0x10,0xab,0x4a,0x77,0x9d,0x77,0x9d,0xab,0x4a,0xa2,0x10,0x0c,0x5b,0x97,0xa5,0xb8,0xa5,0x56,0x9d,0x00,0x00,0x55,0xad,0x00,0x00,0x00,0x00,
    0x00,0x00,0xef,0x7b,0x33,0x63,0xef,0x7b,0xd5,0x9c,0x56,0x9d,0x97,0xa5,0x15,0x95,0x31,0x74,0xf5,0x94,0x76,0x9d,0x76,0x9d,0xf5,0x94,0x31,0x74,0x15,0x95,0x97,0xa5,0x56,0x9d,0xd5,0x9c,0xef,0x7b,0x33,0x63,0xef,0x7b,0x00,0x00,
    0xef,0x7b,0x00,0x00,0x00,0x00,0x00,0x00,0x00,0x00,0x36,0x9d,0x77,0x9d,0x77,0x9d,0x97,0xa5,0x76,0x9d,0x56,0xa5,0x56,0xa5,0x76,0x9d,0x97,0xa5,0x77,0x9d,0x77,0x9d,0x36,0x9d,0x00,0x00,0x00,0x00,0x00,0x00,0x00,0x00,0xef,0x7b,
    0x00,0x00,0x8f,0x63,0xd0,0x6b,0xb0,0x63,0xaf,0x63,0xaf,0x63,0xf0,0x6b,0x11,0x74,0x93,0x7c,0x77,0xcd,0x57,0xf5,0x57,0xf5,0x77,0xcd,0x93,0x7c,0x11,0x74,0xf0,0x6b,0xaf,0x63,0xaf,0x63,0xb0,0x63,0xd0,0x6b,0x8f,0x63,0x00,0x00,
    0xb0,0x63,0xd0,0x6b,0xb0,0x63,0x8f,0x63,0xf1,0x6b,0x11,0x74,0x8f,0x63,0xaf,0x63,0xf4,0x8c,0xb8,0xed,0x57,0xfd,0x57,0xfd,0xb8,0xed,0xf4,0x8c,0xaf,0x63,0x8f,0x63,0x11,0x74,0xf1,0x6b,0x8f,0x63,0xb0,0x63,0xd0,0x6b,0xaf,0x63,
    0xb0,0x63,0xaf,0x63,0x6f,0x63,0xf0,0x6b,0xd0,0x6b,0xb0,0x63,0xf3,0x7b,0x00,0x00,0x97,0x95,0x77,0xb5,0x77,0xf5,0x77,0xf5,0x77,0xb5,0x97,0x95,0x00,0x00,0xf3,0x7b,0xb0,0x63,0xd0,0x6b,0xf0,0x6b,0x6f,0x63,0xaf,0x63,0xb0,0x63,
    0x00,0x00,0x6f,0x6b,0xd0,0x6b,0xd0,0x6b,0x2c,0x4b,0x00,0x00,0x00,0x00,0xb5,0x52,0x00,0x00,0x00,0x00,0x77,0xd5,0x77,0xd5,0x00,0x00,0x00,0x00,0xb5,0x52,0x00,0x00,0x00,0x00,0x2c,0x4b,0xd0,0x6b,0xd0,0x6b,0x6f,0x6b,0x00,0x00,
    0x55,0x55,0x8f,0x5b,0xd0,0x6b,0xaa,0x02,0x00,0x00,0xef,0x7b,0x00,0x00,0x00,0x00,0x55,0x55,0xff,0xff,0x00,0x00,0x00,0x00,0xff,0xff,0x55,0x55,0x00,0x00,0x00,0x00,0xef,0x7b,0x00,0x00,0xaa,0x02,0xd0,0x6b,0x8f,0x5b,0x55,0x55,
    0x01,0x00,0x00,0x32,0x66,0x69,0x4b,0x08,0x00,0x02,0x00,0x00,0x02,0x00,0x08,0x4b,0x69,0x66,0x32,0x00,0x00,0x01,0x00,0x14,0xa7,0xf9,0xff,0xff,0xff,0xd3,0x48,0x00,0x02,0x02,0x00,0x48,0xd3,0xff,0xff,0xff,0xf9,0xa7,0x14,0x00,
    0x0f,0xcb,0xff,0xff,0xfc,0xfc,0xfd,0xff,0xff,0x47,0x00,0x00,0x47,0xff,0xff,0xfd,0xfc,0xfc,0xff,0xff,0xca,0x0e,0x8a,0xff,0xfa,0xff,0xff,0xff,0xff,0xfb,0xff,0xde,0x0b,0x0b,0xde,0xff,0xfb,0xff,0xff,0xff,0xff,0xfa,0xff,0x8a,
    0xe8,0xfd,0xfe,0xff,0xff,0xff,0xff,0xff,0xfc,0xff,0x2d,0x2d,0xff,0xfc,0xff,0xff,0xff,0xff,0xff,0xfe,0xfd,0xe8,0xff,0xff,0xff,0xff,0xff,0xff,0xff,0xff,0xfd,0xfe,0xaa,0xaa,0xfe,0xfd,0xff,0xff,0xff,0xff,0xff,0xff,0xff,0xff,
    0xfc,0xff,0xff,0xff,0xff,0xff,0xff,0xff,0xff,0xff,0xff,0xff,0xff,0xff,0xff,0xff,0xff,0xff,0xff,0xff,0xff,0xfc,0xcf,0xfe,0xfc,0xff,0xff,0xff,0xff,0xff,0xff,0xff,0xfc,0xfc,0xff,0xff,0xff,0xff,0xff,0xff,0xff,0xfc,0xfe,0xcf,
    0x53,0xff,0xfc,0xfc,0xff,0xff,0xff,0xff,0xff,0xff,0xff,0xff,0xff,0xff,0xff,0xff,0xff,0xff,0xfc,0xfc,0xff,0x53,0x00,0x7f,0xff,0xff,0xff,0xff,0xff,0xff,0xff,0xff,0xff,0xff,0xff,0xff,0xff,0xff,0xff,0xff,0xff,0xff,0x7f,0x00,
    0x02,0x00,0x51,0xcc,0xfe,0xfd,0xff,0xff,0xff,0xff,0xff,0xff,0xff,0xff,0xff,0xff,0xfd,0xfe,0xce,0x51,0x00,0x02,0x00,0x06,0x00,0x4e,0xff,0xfb,0xff,0xff,0xff,0xff,0xff,0xff,0xff,0xff,0xff,0xff,0xfb,0xff,0x50,0x00,0x06,0x00,
    0x00,0x03,0x03,0x3b,0xff,0xfe,0xff,0xff,0xff,0xff,0xff,0xff,0xff,0xff,0xff,0xff,0xfe,0xff,0x3a,0x03,0x03,0x00,0x00,0x01,0x01,0x08,0xdf,0xfe,0xfd,0xff,0xff,0xff,0xff,0xff,0xff,0xff,0xff,0xfd,0xfe,0xdf,0x08,0x01,0x01,0x00,
    0x00,0x00,0x03,0x00,0x7a,0xff,0xfb,0xff,0xff,0xff,0xff,0xff,0xff,0xff,0xff,0xfb,0xff,0x7a,0x00,0x03,0x00,0x00,0x00,0x02,0x05,0x04,0x0f,0xde,0xff,0xfd,0xff,0xff,0xff,0xff,0xff,0xff,0xfd,0xff,0xde,0x0f,0x04,0x05,0x02,0x00,
    0x02,0x00,0x00,0x00,0x00,0x46,0xf8,0xfa,0xfe,0xff,0xff,0xff,0xff,0xfe,0xfa,0xf8,0x46,0x00,0x00,0x00,0x00,0x02,0x00,0x26,0x7f,0xb6,0xd0,0xd5,0xff,0xff,0xff,0xfc,0xff,0xff,0xfc,0xff,0xff,0xff,0xd5,0xd0,0xb6,0x7f,0x26,0x00,
    0xb5,0xff,0xe0,0xcf,0xff,0xff,0xda,0xa8,0xfa,0xff,0xfe,0xfe,0xff,0xfa,0xa8,0xda,0xff,0xff,0xcf,0xe0,0xff,0xb3,0xb1,0x54,0x39,0xe0,0xd1,0x54,0x08,0x00,0x3c,0xc3,0xff,0xff,0xc3,0x3b,0x00,0x08,0x54,0xd1,0xe0,0x39,0x54,0xb1,
    0x00,0x0e,0xfe,0xae,0x0a,0x00,0x00,0x03,0x00,0x00,0x29,0x29,0x00,0x00,0x03,0x00,0x00,0x0a,0xae,0xfe,0x0e,0x00,0x03,0x1b,0x7d,0x03,0x00,0x04,0x01,0x00,0x03,0x01,0x00,0x00,0x01,0x03,0x00,0x01,0x04,0x00,0x03,0x7d,0x1b,0x03,

};

const lv_image_dsc_t emoji_mouse_22 = {
  .header.magic = LV_IMAGE_HEADER_MAGIC,
  .header.cf = LV_COLOR_FORMAT_RGB565A8,
  .header.flags = 0,
  .header.w = 22,
  .header.h = 22,
  .header.stride = 44,
  .data_size = sizeof(emoji_mouse_22_map),
  .data = emoji_mouse_22_map,
};




#ifndef LV_ATTRIBUTE_MEM_ALIGN
#define LV_ATTRIBUTE_MEM_ALIGN
#endif

#ifndef LV_ATTRIBUTE_EMOJI_MUSHROOM_22
#define LV_ATTRIBUTE_EMOJI_MUSHROOM_22
#endif

static const
LV_ATTRIBUTE_MEM_ALIGN LV_ATTRIBUTE_LARGE_CONST LV_ATTRIBUTE_EMOJI_MUSHROOM_22
uint8_t emoji_mushroom_22_map[] = {

    0x00,0x00,0x00,0x00,0x00,0x00,0x55,0xad,0x00,0x00,0x00,0x00,0xa9,0xd9,0x68,0xe1,0x68,0xd9,0x68,0xd9,0x68,0xd9,0x27,0xd9,0x27,0xd9,0x27,0xd9,0x88,0xe1,0x68,0xd9,0x00,0x00,0x00,0x00,0xaa,0xaa,0x00,0x00,0x00,0x00,0x00,0x00,
    0x00,0x00,0x00,0x00,0xb5,0xfa,0x00,0x00,0x00,0xb8,0xe6,0xd8,0x48,0xe1,0x89,0xe9,0x88,0xe1,0x68,0xd9,0xa9,0xd9,0xf1,0xeb,0x94,0xf4,0xad,0xea,0x68,0xe9,0x68,0xe1,0x88,0xe1,0x69,0xd1,0x00,0x00,0xb5,0xfa,0x00,0x00,0x00,0x00,
    0x00,0x00,0x55,0xad,0x00,0x00,0x56,0xed,0x32,0xf4,0x90,0xfb,0x2b,0xe2,0x27,0xd9,0x88,0xd9,0x27,0xd9,0x90,0xeb,0xd8,0xf5,0x98,0xf5,0x36,0xf5,0xa9,0xd9,0x68,0xd9,0x68,0xe9,0x48,0xe1,0xa9,0xd9,0x00,0x00,0xef,0xfb,0x00,0x00,
    0xff,0xff,0x00,0x00,0x57,0xf5,0x77,0xfd,0xd8,0xfd,0xb8,0xf5,0x77,0xf5,0x0e,0xe3,0x48,0xd9,0x27,0xd9,0xd1,0xeb,0xb8,0xf5,0x77,0xf5,0x56,0xf5,0xc9,0xd9,0x27,0xd9,0xea,0xd9,0x73,0xfc,0x36,0xf5,0x57,0xed,0x00,0x00,0xff,0xff,
    0xef,0xfb,0xb8,0xfd,0x57,0xf5,0x98,0xfd,0x56,0xf5,0x57,0xf5,0x77,0xf5,0x77,0xf5,0x2b,0xe2,0x27,0xd9,0xea,0xd9,0x53,0xec,0xf5,0xf4,0xee,0xe2,0x48,0xd9,0x68,0xd9,0x94,0xec,0xb8,0xf5,0x98,0xfd,0x77,0xf5,0xb8,0xfd,0xef,0xfb,
    0x00,0x00,0x57,0xf5,0xd9,0xfd,0x57,0xf5,0x57,0xf5,0x57,0xf5,0x56,0xf5,0xb8,0xf5,0x70,0xeb,0x27,0xd9,0x68,0xd9,0x68,0xd9,0x68,0xd9,0x47,0xd9,0x48,0xd9,0x0a,0xe2,0x77,0xf5,0x57,0xf5,0x57,0xf5,0xd9,0xfd,0x57,0xf5,0x00,0x00,
    0xf5,0xf4,0x57,0xf5,0x77,0xf5,0x57,0xf5,0x57,0xf5,0x57,0xf5,0x57,0xf5,0x98,0xf5,0xb1,0xeb,0x27,0xd9,0x88,0xd9,0x47,0xd9,0x88,0xd9,0xa9,0xd9,0x27,0xd9,0xc9,0xd9,0x57,0xf5,0x57,0xf5,0x56,0xf5,0x57,0xf5,0x77,0xf5,0x97,0xf5,
    0x0a,0xe2,0x36,0xfd,0x77,0xf5,0x57,0xf5,0x57,0xf5,0x57,0xf5,0x56,0xf5,0xb8,0xf5,0x0e,0xe3,0x27,0xd9,0x68,0xd9,0x2f,0xe3,0xf5,0xf4,0x16,0xf5,0xf2,0xeb,0x68,0xd9,0x70,0xeb,0xb8,0xf5,0x98,0xf5,0xd8,0xf5,0x94,0xfc,0xc9,0xe1,
    0x07,0xd9,0x4f,0xeb,0xd8,0xf5,0x77,0xf5,0x57,0xf5,0x57,0xf5,0xb8,0xf5,0xd5,0xf4,0xa9,0xd9,0x27,0xd9,0xcd,0xe2,0xb8,0xf5,0x77,0xf5,0x77,0xf5,0xd9,0xf5,0xd1,0xeb,0x27,0xd9,0xcd,0xe2,0xb1,0xeb,0x2f,0xe3,0xa9,0xe1,0x47,0xd9,
    0x68,0xd9,0x48,0xd9,0x4f,0xe3,0x16,0xf5,0x77,0xf5,0x57,0xf5,0x53,0xec,0xea,0xd9,0x68,0xd9,0x27,0xd9,0xf1,0xeb,0x98,0xf5,0x56,0xf5,0x57,0xf5,0x77,0xf5,0xf5,0xf4,0x68,0xd9,0x27,0xd9,0x27,0xd9,0x27,0xd9,0x68,0xd9,0x68,0xd9,
    0x68,0xd9,0x68,0xd9,0x27,0xd9,0xa9,0xd9,0x2b,0xe2,0xea,0xe1,0x48,0xd9,0x48,0xd9,0x88,0xd9,0x27,0xd9,0xb0,0xeb,0xb8,0xf5,0x36,0xf5,0x36,0xf5,0x98,0xf5,0xb4,0xf4,0x68,0xd9,0x88,0xd9,0x88,0xd9,0x88,0xd9,0x68,0xd9,0x68,0xd9,
    0x68,0xd9,0x68,0xd9,0x68,0xd9,0x48,0xd9,0x47,0xd9,0x48,0xd9,0x68,0xd9,0x88,0xd9,0x88,0xd9,0x68,0xd9,0xea,0xd9,0x16,0xf5,0xd8,0xf5,0xb8,0xf5,0x97,0xf5,0xad,0xe2,0x27,0xd9,0x68,0xd9,0x68,0xd9,0x68,0xd9,0x68,0xd9,0x68,0xd9,
    0x68,0xd9,0x89,0xe9,0x89,0xe9,0x89,0xe9,0x89,0xe9,0x89,0xe9,0x89,0xe9,0x27,0xe1,0x27,0xe1,0x27,0xe1,0x06,0xe1,0x89,0xe1,0x0e,0xeb,0x4f,0xeb,0x0b,0xea,0x68,0xe9,0x89,0xe9,0x89,0xe9,0x89,0xe9,0x89,0xe9,0x89,0xe9,0x68,0xd9,
    0x00,0x00,0x68,0xd9,0x68,0xe1,0x68,0xd9,0x68,0xd9,0x68,0xd9,0x68,0xd9,0x4f,0xbb,0xb0,0xbb,0x90,0xb3,0xb0,0xb3,0x90,0xb3,0x4f,0xb3,0x6f,0xbb,0x2e,0xbb,0x68,0xd9,0x68,0xd9,0x68,0xd9,0x68,0xd9,0x68,0xe1,0x68,0xd9,0x00,0x00,
    0x00,0x00,0x00,0x00,0x00,0x00,0x00,0x00,0x00,0x00,0x00,0x00,0x00,0x00,0xb7,0x95,0xd8,0x9d,0x97,0x95,0x97,0x95,0xb7,0x95,0xb7,0x95,0xd8,0x9d,0xb7,0x95,0x00,0x00,0x00,0x00,0x00,0x00,0x00,0x00,0x00,0x00,0x00,0x00,0x00,0x00,
    0x00,0x00,0xaa,0xfa,0xe7,0xf9,0xe7,0xf9,0x4d,0xb2,0xe7,0xf9,0xf5,0x9c,0x56,0x9d,0x56,0x9d,0x56,0x9d,0x56,0x9d,0x56,0x9d,0x56,0x9d,0x56,0x9d,0x56,0x9d,0xf5,0x9c,0xe7,0xf9,0x4d,0xb2,0xe7,0xf9,0xe7,0xf9,0xaa,0xfa,0x00,0x00,
    0x00,0x00,0x00,0x00,0x00,0x00,0x00,0x00,0xf7,0x7d,0x00,0x00,0x56,0x9d,0xb8,0xa5,0x56,0x9d,0x56,0x9d,0x56,0x9d,0x56,0x9d,0x56,0x9d,0x56,0x9d,0xb8,0xa5,0x56,0x9d,0x00,0x00,0xf7,0x7d,0x00,0x00,0x00,0x00,0x00,0x00,0x00,0x00,
    0x00,0x00,0x00,0x00,0x00,0x00,0x00,0x00,0xff,0xff,0x00,0x00,0x56,0x9d,0x97,0xa5,0x56,0x9d,0x56,0x9d,0x56,0x9d,0x56,0x9d,0x56,0x9d,0x56,0x9d,0x97,0xa5,0x56,0x9d,0x00,0x00,0xff,0xff,0x00,0x00,0x00,0x00,0x00,0x00,0x00,0x00,
    0x00,0x00,0x00,0x00,0x00,0x00,0xff,0x7b,0x00,0x00,0x56,0x95,0x76,0x9d,0x56,0x9d,0x56,0x9d,0x56,0x9d,0x56,0x9d,0x56,0x9d,0x56,0x9d,0x56,0x9d,0x56,0x9d,0x76,0x9d,0x56,0x95,0x00,0x00,0xff,0x7b,0x00,0x00,0x00,0x00,0x00,0x00,
    0x00,0x00,0x00,0x00,0x00,0x00,0xf7,0xbd,0x00,0x00,0x56,0x9d,0xb8,0xa5,0x56,0x9d,0x56,0x9d,0x56,0x9d,0x56,0x9d,0x56,0x9d,0x56,0x9d,0x56,0x9d,0x56,0x9d,0xb8,0xa5,0x56,0x9d,0x00,0x00,0xf7,0xbd,0x00,0x00,0x00,0x00,0x00,0x00,
    0x00,0x00,0x00,0x00,0x00,0x00,0xf7,0xbd,0x00,0x00,0x56,0x95,0xf9,0xad,0x56,0x9d,0x56,0x9d,0x56,0x9d,0x56,0x9d,0x56,0x9d,0x56,0x9d,0x56,0x9d,0x56,0x9d,0xf8,0xad,0x56,0x9d,0x00,0x00,0xf7,0xbd,0x00,0x00,0x00,0x00,0x00,0x00,
    0x00,0x00,0x00,0x00,0x00,0x00,0xef,0x7b,0xff,0xff,0x56,0x9d,0x77,0x9d,0x76,0x9d,0x56,0x9d,0x56,0x9d,0x56,0x9d,0x56,0x9d,0x56,0x9d,0x56,0x9d,0x76,0x9d,0x77,0x9d,0x36,0x9d,0xff,0xff,0xef,0x7b,0x00,0x00,0x00,0x00,0x00,0x00,
    0x00,0x00,0x00,0x03,0x00,0x00,0x29,0x84,0xcb,0xf4,0xff,0xff,0xf4,0xcb,0x84,0x28,0x00,0x00,0x03,0x00,0x00,0x00,0x00,0x00,0x03,0x00,0x13,0x92,0xf2,0xff,0xff,0xff,0xff,0xff,0xff,0xff,0xff,0xf0,0x8f,0x11,0x00,0x03,0x00,0x00,
    0x00,0x03,0x00,0x32,0xdc,0xff,0xff,0xfc,0xfd,0xff,0xff,0xff,0xff,0xfd,0xfc,0xff,0xff,0xda,0x31,0x00,0x02,0x00,0x02,0x00,0x31,0xed,0xff,0xfa,0xfe,0xff,0xff,0xff,0xff,0xff,0xff,0xff,0xff,0xfe,0xfa,0xff,0xed,0x30,0x00,0x02,
    0x02,0x11,0xe0,0xff,0xfb,0xff,0xff,0xff,0xff,0xff,0xff,0xff,0xff,0xff,0xff,0xff,0xff,0xfb,0xff,0xdf,0x11,0x02,0x00,0x94,0xff,0xfb,0xff,0xff,0xff,0xff,0xff,0xff,0xff,0xff,0xff,0xff,0xff,0xff,0xff,0xff,0xfb,0xff,0x91,0x00,
    0x25,0xf6,0xfd,0xfe,0xff,0xff,0xff,0xff,0xff,0xff,0xff,0xff,0xff,0xff,0xff,0xff,0xff,0xff,0xfe,0xfd,0xf5,0x24,0x84,0xff,0xfc,0xff,0xff,0xff,0xff,0xff,0xff,0xff,0xff,0xff,0xff,0xff,0xff,0xff,0xff,0xff,0xff,0xfc,0xff,0x84,
    0xcb,0xfe,0xfd,0xff,0xff,0xff,0xff,0xff,0xff,0xff,0xff,0xff,0xff,0xff,0xff,0xff,0xff,0xff,0xff,0xfd,0xfe,0xca,0xf4,0xff,0xff,0xff,0xff,0xff,0xff,0xff,0xff,0xff,0xff,0xff,0xff,0xff,0xff,0xff,0xff,0xff,0xff,0xff,0xff,0xf3,
    0xff,0xff,0xff,0xff,0xff,0xff,0xff,0xff,0xff,0xff,0xff,0xff,0xff,0xff,0xff,0xff,0xff,0xff,0xff,0xff,0xff,0xff,0xff,0xfd,0xfa,0xfb,0xfb,0xfb,0xfb,0xfe,0xff,0xff,0xff,0xff,0xff,0xff,0xfe,0xfb,0xfb,0xfb,0xfb,0xfa,0xfd,0xff,
    0x8a,0xff,0xff,0xff,0xff,0xff,0xff,0xff,0xff,0xff,0xff,0xff,0xff,0xff,0xff,0xff,0xff,0xff,0xff,0xff,0xff,0x8a,0x00,0x4a,0x71,0x70,0x71,0x71,0x71,0xdf,0xff,0xfe,0xff,0xff,0xfe,0xff,0xdf,0x71,0x71,0x71,0x70,0x71,0x4a,0x00,
    0x01,0x00,0x00,0x00,0x00,0x00,0x00,0xdd,0xff,0xfd,0xff,0xff,0xfd,0xff,0xdd,0x00,0x00,0x00,0x00,0x00,0x00,0x01,0x00,0x03,0x04,0x04,0x07,0x04,0x34,0xfe,0xfe,0xff,0xff,0xff,0xff,0xfe,0xfe,0x34,0x04,0x07,0x04,0x04,0x03,0x00,
    0x00,0x00,0x00,0x00,0x04,0x00,0x71,0xff,0xfb,0xff,0xff,0xff,0xff,0xfb,0xff,0x71,0x00,0x04,0x00,0x00,0x00,0x00,0x00,0x00,0x00,0x00,0x01,0x00,0xc4,0xff,0xfc,0xff,0xff,0xff,0xff,0xfc,0xff,0xc4,0x00,0x01,0x00,0x00,0x00,0x00,
    0x00,0x00,0x00,0x02,0x00,0x2a,0xfb,0xfe,0xfe,0xff,0xff,0xff,0xff,0xfe,0xfe,0xfb,0x2a,0x00,0x02,0x00,0x00,0x00,0x00,0x00,0x00,0x04,0x00,0x72,0xfe,0xfb,0xff,0xff,0xff,0xff,0xff,0xff,0xfb,0xfe,0x73,0x00,0x04,0x00,0x00,0x00,
    0x00,0x00,0x00,0x04,0x00,0x7e,0xff,0xfb,0xff,0xff,0xff,0xff,0xff,0xff,0xfb,0xff,0x7e,0x00,0x04,0x00,0x00,0x00,0x00,0x00,0x00,0x02,0x01,0x21,0xcb,0xfe,0xfe,0xff,0xff,0xff,0xff,0xfe,0xfe,0xcb,0x20,0x01,0x02,0x00,0x00,0x00,

};

const lv_image_dsc_t emoji_mushroom_22 = {
  .header.magic = LV_IMAGE_HEADER_MAGIC,
  .header.cf = LV_COLOR_FORMAT_RGB565A8,
  .header.flags = 0,
  .header.w = 22,
  .header.h = 22,
  .header.stride = 44,
  .data_size = sizeof(emoji_mushroom_22_map),
  .data = emoji_mushroom_22_map,
};




#ifndef LV_ATTRIBUTE_MEM_ALIGN
#define LV_ATTRIBUTE_MEM_ALIGN
#endif

#ifndef LV_ATTRIBUTE_EMOJI_BIOHAZARD_22
#define LV_ATTRIBUTE_EMOJI_BIOHAZARD_22
#endif

static const
LV_ATTRIBUTE_MEM_ALIGN LV_ATTRIBUTE_LARGE_CONST LV_ATTRIBUTE_EMOJI_BIOHAZARD_22
uint8_t emoji_biohazard_22_map[] = {

    0x00,0x00,0x00,0x00,0x00,0x00,0x00,0x00,0xa0,0xaa,0x00,0x00,0x00,0x00,0x00,0x00,0x81,0xf4,0x81,0xf4,0x81,0xf4,0x81,0xf4,0x81,0xf4,0x81,0xf4,0x00,0x00,0x00,0x00,0x00,0x00,0xa0,0xaa,0x00,0x00,0x00,0x00,0x00,0x00,0x00,0x00,
    0x00,0x00,0x00,0x00,0x00,0x00,0x40,0xfd,0x00,0x00,0xe0,0xdb,0x81,0xfc,0x81,0xfc,0x81,0xf4,0xa1,0xfc,0xa1,0xfc,0xc1,0xfc,0xa1,0xfc,0x81,0xf4,0x81,0xfc,0x81,0xfc,0xe0,0xdb,0x00,0x00,0x40,0xfd,0x00,0x00,0x00,0x00,0x00,0x00,
    0x00,0x00,0x00,0x00,0xe0,0xbb,0x00,0x00,0x61,0xf4,0x81,0xfc,0xc1,0xfc,0xa1,0xfc,0x60,0xf4,0x60,0xf4,0x82,0xf4,0x82,0xf4,0x60,0xf4,0x60,0xf4,0xa1,0xfc,0xc1,0xfc,0x81,0xfc,0x61,0xf4,0x00,0x00,0xe0,0xbb,0x00,0x00,0x00,0x00,
    0x00,0x00,0x40,0xfd,0x00,0x00,0x61,0xf4,0xa1,0xfc,0xa1,0xfc,0x81,0xf4,0x40,0xf4,0xe5,0xf4,0xac,0xfd,0xc4,0xf4,0xc4,0xf4,0xcc,0xfd,0x06,0xf5,0x40,0xf4,0x81,0xf4,0xa1,0xfc,0xa1,0xfc,0x61,0xf4,0x00,0x00,0x40,0xfd,0x00,0x00,
    0xa0,0xfa,0x00,0x00,0x81,0xf4,0xa1,0xfc,0x81,0xfc,0x81,0xf4,0x40,0xf4,0x8a,0xf5,0x93,0xfe,0xa3,0xf4,0x81,0xf4,0x81,0xf4,0xa3,0xf4,0x93,0xfe,0x8a,0xf5,0x40,0xf4,0x81,0xf4,0x81,0xfc,0xa1,0xfc,0x81,0xf4,0x00,0x00,0xa0,0xfa,
    0xe0,0xfb,0xc3,0xe4,0x61,0xf4,0xa1,0xfc,0x61,0xf4,0x60,0xf4,0xc4,0xf4,0x9c,0xff,0xe5,0xf4,0x20,0xf4,0x40,0xf4,0x40,0xf4,0x20,0xf4,0xe5,0xf4,0x9b,0xff,0xa3,0xf4,0x61,0xf4,0x61,0xf4,0xa1,0xfc,0x61,0xf4,0xc3,0xe4,0xe0,0xfb,
    0x00,0x00,0x61,0xf4,0xc1,0xfc,0x61,0xf4,0x82,0xf4,0x40,0xf4,0x0f,0xfe,0xbc,0xff,0x60,0xf4,0x06,0xf5,0xcc,0xfd,0xcc,0xfd,0xe5,0xf4,0x60,0xf4,0xbc,0xff,0x0e,0xfe,0x40,0xf4,0x81,0xf4,0x61,0xf4,0xc1,0xfc,0x61,0xf4,0x00,0x00,
    0xe0,0xfb,0x81,0xf4,0xa1,0xfc,0x61,0xf4,0x82,0xf4,0x20,0xf4,0x72,0xfe,0xde,0xff,0x48,0xf5,0xde,0xff,0x9c,0xff,0xbc,0xff,0xbd,0xff,0x27,0xf5,0xde,0xff,0x72,0xfe,0x20,0xf4,0x82,0xf4,0x61,0xf4,0xa1,0xfc,0x81,0xf4,0xe0,0xfb,
    0x61,0xf4,0x61,0xf4,0x81,0xf4,0x81,0xf4,0x60,0xf4,0xa3,0xf4,0x17,0xff,0xff,0xff,0x93,0xfe,0xc4,0xf4,0x40,0xf4,0x40,0xf4,0xc4,0xf4,0x93,0xfe,0xff,0xff,0x17,0xff,0xa3,0xf4,0x60,0xf4,0x81,0xf4,0x81,0xf4,0x61,0xf4,0x61,0xf4,
    0x81,0xf4,0xa1,0xfc,0x81,0xf4,0x60,0xf4,0x06,0xf5,0xde,0xff,0xff,0xff,0xff,0xff,0xff,0xff,0xd5,0xfe,0xab,0xfd,0xac,0xfd,0xd6,0xfe,0xff,0xff,0xff,0xff,0xff,0xff,0xde,0xff,0x06,0xf5,0x60,0xf4,0x81,0xf4,0xa1,0xfc,0x81,0xf4,
    0x61,0xf4,0xc1,0xfc,0x61,0xf4,0x81,0xf4,0x9c,0xff,0xd5,0xfe,0x8a,0xf5,0xac,0xfd,0x72,0xfe,0xff,0xff,0x0e,0xfe,0xee,0xfd,0xff,0xff,0x72,0xfe,0xab,0xfd,0x6a,0xf5,0xd5,0xfe,0x9c,0xff,0x81,0xf4,0x61,0xf4,0xc1,0xfc,0x61,0xf4,
    0x61,0xf4,0xc2,0xfc,0x40,0xf4,0xac,0xfd,0xb4,0xfe,0xe0,0xf3,0x47,0xf5,0x9c,0xff,0x40,0xf4,0xed,0xfd,0x8a,0xf5,0x69,0xf5,0xcc,0xfd,0x40,0xf4,0x9c,0xff,0x06,0xf5,0x00,0xf4,0xb4,0xfe,0xab,0xfd,0x40,0xf4,0xc2,0xfc,0x61,0xf4,
    0x81,0xf4,0xa1,0xfc,0x40,0xf4,0xcd,0xfd,0x06,0xf5,0x40,0xf4,0xa3,0xf4,0xff,0xff,0xee,0xfd,0x20,0xf4,0xbd,0xff,0xbd,0xff,0x20,0xf4,0x30,0xfe,0xde,0xff,0x82,0xf4,0x40,0xf4,0x06,0xf5,0xcd,0xfd,0x40,0xf4,0xa1,0xfc,0x81,0xf4,
    0x61,0xf4,0x81,0xf4,0x60,0xf4,0x69,0xf5,0xc4,0xf4,0x81,0xf4,0x40,0xf4,0xcc,0xfd,0xff,0xff,0x69,0xf5,0x38,0xff,0x38,0xff,0xab,0xf5,0xff,0xff,0x8a,0xf5,0x40,0xf4,0x61,0xf4,0xe5,0xf4,0x69,0xf5,0x60,0xf4,0x81,0xf4,0x61,0xf4,
    0xe0,0xfb,0x81,0xf4,0xa1,0xfc,0xc4,0xf4,0xa2,0xf4,0x40,0xf4,0x82,0xf4,0x60,0xf4,0xab,0xfd,0x8a,0xf5,0xbd,0xff,0x9c,0xff,0xac,0xfd,0x8a,0xfd,0x40,0xf4,0x82,0xf4,0x40,0xf4,0xa3,0xf4,0xc4,0xf4,0xa1,0xfc,0x81,0xf4,0xe0,0xfb,
    0x00,0x00,0x61,0xf4,0xe1,0xfc,0x40,0xf4,0x06,0xf5,0x06,0xf5,0x40,0xf4,0x40,0xf4,0x40,0xf4,0xd5,0xfe,0xff,0xff,0xff,0xff,0xb4,0xfe,0x40,0xf4,0x40,0xf4,0x40,0xf4,0x06,0xf5,0x06,0xf5,0x40,0xf4,0xe1,0xfc,0x61,0xf4,0x00,0x00,
    0xe0,0xfb,0xc3,0xe4,0x61,0xf4,0xa1,0xfc,0x82,0xf4,0xcc,0xfd,0x50,0xfe,0x72,0xfe,0xbc,0xff,0xff,0xff,0x93,0xfe,0x93,0xfe,0xff,0xff,0x9c,0xff,0x72,0xfe,0x50,0xfe,0xcc,0xfd,0x82,0xf4,0xa1,0xfc,0x61,0xf4,0xc3,0xe4,0xe0,0xfb,
    0xa0,0xfa,0x00,0x00,0x81,0xf4,0xa1,0xfc,0x81,0xfc,0x40,0xf4,0x05,0xf5,0xab,0xfd,0x8a,0xfd,0xe5,0xf4,0x40,0xf4,0x40,0xf4,0xe5,0xf4,0x8a,0xfd,0xab,0xfd,0x05,0xf5,0x40,0xf4,0x81,0xfc,0xa1,0xfc,0x81,0xf4,0x00,0x00,0xa0,0xfa,
    0x00,0x00,0x40,0xfd,0x00,0x00,0x61,0xf4,0xa1,0xfc,0xa1,0xfc,0x60,0xf4,0x40,0xf4,0x40,0xf4,0x60,0xf4,0x81,0xf4,0x81,0xf4,0x60,0xf4,0x40,0xf4,0x40,0xf4,0x60,0xf4,0xa1,0xfc,0xa1,0xfc,0x61,0xf4,0x00,0x00,0x40,0xfd,0x00,0x00,
    0x00,0x00,0x00,0x00,0xe0,0xbb,0x00,0x00,0x61,0xf4,0x81,0xfc,0xe1,0xfc,0xa1,0xfc,0x81,0xf4,0x81,0xf4,0x61,0xf4,0x61,0xf4,0x81,0xf4,0x81,0xf4,0xa1,0xfc,0xe1,0xfc,0x81,0xfc,0x61,0xf4,0x00,0x00,0xe0,0xbb,0x00,0x00,0x00,0x00,
    0x00,0x00,0x00,0x00,0x00,0x00,0x40,0xfd,0x00,0x00,0xe0,0xdb,0x81,0xfc,0x81,0xfc,0x81,0xf4,0xa1,0xfc,0xc1,0xfc,0xc1,0xfc,0xa1,0xfc,0x81,0xf4,0x81,0xfc,0x81,0xfc,0xe0,0xdb,0x00,0x00,0x40,0xfd,0x00,0x00,0x00,0x00,0x00,0x00,
    0x00,0x00,0x00,0x00,0x00,0x00,0x00,0x00,0xa0,0xaa,0x00,0x00,0x00,0x00,0x00,0x00,0x81,0xf4,0x81,0xf4,0x81,0xf4,0x81,0xf4,0x81,0xf4,0x81,0xf4,0x00,0x00,0x00,0x00,0x00,0x00,0xa0,0xaa,0x00,0x00,0x00,0x00,0x00,0x00,0x00,0x00,
    0x00,0x00,0x00,0x00,0x03,0x00,0x00,0x01,0x2c,0x5b,0x69,0x69,0x5b,0x2c,0x01,0x00,0x00,0x03,0x00,0x00,0x00,0x00,0x00,0x00,0x00,0x03,0x00,0x08,0x6a,0xc9,0xf8,0xff,0xff,0xff,0xff,0xf8,0xc9,0x6a,0x08,0x00,0x03,0x00,0x00,0x00,
    0x00,0x00,0x04,0x00,0x37,0xd2,0xff,0xff,0xff,0xfd,0xfc,0xfc,0xfd,0xff,0xff,0xff,0xd2,0x37,0x00,0x04,0x00,0x00,0x00,0x03,0x00,0x50,0xf6,0xff,0xfb,0xfd,0xfe,0xff,0xff,0xff,0xff,0xfe,0xfd,0xfb,0xff,0xf6,0x50,0x00,0x03,0x00,
    0x03,0x00,0x34,0xf8,0xff,0xfc,0xff,0xff,0xff,0xff,0xff,0xff,0xff,0xff,0xff,0xff,0xfc,0xff,0xf8,0x34,0x00,0x03,0x02,0x0a,0xd7,0xff,0xfc,0xff,0xff,0xff,0xff,0xff,0xff,0xff,0xff,0xff,0xff,0xff,0xff,0xfc,0xff,0xd7,0x0a,0x02,
    0x00,0x69,0xff,0xfb,0xff,0xff,0xff,0xff,0xff,0xff,0xff,0xff,0xff,0xff,0xff,0xff,0xff,0xff,0xfb,0xff,0x69,0x00,0x04,0xcd,0xfe,0xfc,0xff,0xff,0xff,0xff,0xff,0xff,0xff,0xff,0xff,0xff,0xff,0xff,0xff,0xff,0xfc,0xfe,0xcd,0x04,
    0x2b,0xfa,0xff,0xff,0xff,0xff,0xff,0xff,0xff,0xff,0xff,0xff,0xff,0xff,0xff,0xff,0xff,0xff,0xff,0xff,0xfa,0x2b,0x5c,0xff,0xfd,0xff,0xff,0xff,0xff,0xff,0xff,0xff,0xff,0xff,0xff,0xff,0xff,0xff,0xff,0xff,0xff,0xfd,0xff,0x5c,
    0x6b,0xff,0xfc,0xff,0xff,0xff,0xff,0xff,0xff,0xff,0xff,0xff,0xff,0xff,0xff,0xff,0xff,0xff,0xff,0xfc,0xff,0x6b,0x6b,0xff,0xfc,0xff,0xff,0xff,0xff,0xff,0xff,0xff,0xff,0xff,0xff,0xff,0xff,0xff,0xff,0xff,0xff,0xfc,0xff,0x6b,
    0x5c,0xff,0xfd,0xff,0xff,0xff,0xff,0xff,0xff,0xff,0xff,0xff,0xff,0xff,0xff,0xff,0xff,0xff,0xff,0xfd,0xff,0x5c,0x2b,0xfa,0xff,0xff,0xff,0xff,0xff,0xff,0xff,0xff,0xff,0xff,0xff,0xff,0xff,0xff,0xff,0xff,0xff,0xff,0xfa,0x2b,
    0x04,0xcd,0xfe,0xfc,0xff,0xff,0xff,0xff,0xff,0xff,0xff,0xff,0xff,0xff,0xff,0xff,0xff,0xff,0xfc,0xfe,0xcd,0x04,0x00,0x69,0xff,0xfb,0xff,0xff,0xff,0xff,0xff,0xff,0xff,0xff,0xff,0xff,0xff,0xff,0xff,0xff,0xfb,0xff,0x69,0x00,
    0x02,0x0a,0xd7,0xff,0xfc,0xff,0xff,0xff,0xff,0xff,0xff,0xff,0xff,0xff,0xff,0xff,0xff,0xfc,0xff,0xd7,0x0a,0x02,0x03,0x00,0x34,0xf8,0xff,0xfc,0xff,0xff,0xff,0xff,0xff,0xff,0xff,0xff,0xff,0xff,0xfc,0xff,0xf8,0x34,0x00,0x03,
    0x00,0x03,0x00,0x50,0xf6,0xff,0xfb,0xfd,0xfe,0xff,0xff,0xff,0xff,0xfe,0xfd,0xfb,0xff,0xf6,0x50,0x00,0x03,0x00,0x00,0x00,0x04,0x00,0x37,0xd2,0xff,0xff,0xff,0xfd,0xfc,0xfc,0xfd,0xff,0xff,0xff,0xd2,0x37,0x00,0x04,0x00,0x00,
    0x00,0x00,0x00,0x03,0x00,0x08,0x6a,0xc9,0xf8,0xff,0xff,0xff,0xff,0xf8,0xc9,0x6a,0x08,0x00,0x03,0x00,0x00,0x00,0x00,0x00,0x00,0x00,0x03,0x00,0x00,0x01,0x2c,0x5b,0x69,0x69,0x5b,0x2c,0x01,0x00,0x00,0x03,0x00,0x00,0x00,0x00,

};

const lv_image_dsc_t emoji_biohazard_22 = {
  .header.magic = LV_IMAGE_HEADER_MAGIC,
  .header.cf = LV_COLOR_FORMAT_RGB565A8,
  .header.flags = 0,
  .header.w = 22,
  .header.h = 22,
  .header.stride = 44,
  .data_size = sizeof(emoji_biohazard_22_map),
  .data = emoji_biohazard_22_map,
};




#ifndef LV_ATTRIBUTE_MEM_ALIGN
#define LV_ATTRIBUTE_MEM_ALIGN
#endif

#ifndef LV_ATTRIBUTE_EMOJI_PANDA_22
#define LV_ATTRIBUTE_EMOJI_PANDA_22
#endif

static const
LV_ATTRIBUTE_MEM_ALIGN LV_ATTRIBUTE_LARGE_CONST LV_ATTRIBUTE_EMOJI_PANDA_22
uint8_t emoji_panda_22_map[] = {

    0x00,0x00,0x65,0x29,0x44,0x21,0x24,0x21,0x45,0x21,0xe3,0x18,0x24,0x21,0xff,0xff,0x9e,0xf7,0x7d,0xef,0x7d,0xef,0x7d,0xef,0x7d,0xef,0x9e,0xf7,0xff,0xff,0x24,0x21,0xe3,0x18,0x45,0x21,0x24,0x21,0x44,0x21,0x65,0x29,0x00,0x00,
    0xef,0x7b,0x24,0x21,0xc7,0x31,0xec,0x52,0xec,0x52,0x2d,0x5b,0x18,0xc6,0xdf,0xff,0xbe,0xf7,0x9e,0xf7,0x7d,0xef,0x7d,0xef,0x9e,0xf7,0xbe,0xf7,0xdf,0xff,0x18,0xc6,0x2d,0x5b,0xec,0x52,0xec,0x52,0xc7,0x31,0x24,0x21,0xef,0x7b,
    0x45,0x21,0x65,0x29,0x6e,0x63,0xb0,0x63,0x93,0x84,0x9e,0xef,0xdf,0xff,0x5d,0xef,0x7d,0xef,0x7d,0xef,0x7d,0xef,0x7d,0xef,0x7d,0xef,0x7d,0xef,0x5d,0xef,0xdf,0xff,0x7e,0xef,0x93,0x84,0xb0,0x63,0x6e,0x63,0x65,0x29,0x45,0x21,
    0x04,0x19,0xe7,0x31,0xb0,0x63,0x11,0x74,0x3c,0xe7,0x9e,0xf7,0x5d,0xef,0x7d,0xef,0x7d,0xef,0x7d,0xef,0x7d,0xef,0x7d,0xef,0x7d,0xef,0x7d,0xef,0x7d,0xef,0x5d,0xef,0x9e,0xf7,0x3c,0xe7,0x11,0x74,0xb0,0x63,0xe7,0x31,0x24,0x21,
    0x24,0x21,0xa6,0x31,0x6e,0x5b,0x79,0xce,0xbe,0xf7,0x5d,0xef,0x7d,0xef,0x7d,0xef,0x7d,0xef,0x7d,0xef,0x7d,0xef,0x7d,0xef,0x7d,0xef,0x7d,0xef,0x7d,0xef,0x7d,0xef,0x5d,0xef,0xbe,0xf7,0x79,0xce,0x6e,0x5b,0xa6,0x31,0x24,0x21,
    0x49,0x4a,0xe3,0x18,0xcf,0x73,0xdf,0xff,0x5d,0xef,0x7d,0xef,0x7d,0xef,0x5d,0xef,0x5d,0xef,0x7d,0xef,0x7d,0xef,0x7d,0xef,0x7d,0xef,0x5d,0xef,0x5d,0xef,0x7d,0xef,0x7d,0xef,0x5d,0xef,0xdf,0xff,0xcf,0x73,0xe3,0x18,0x49,0x4a,
    0x00,0x00,0x41,0x00,0x18,0xc6,0xdf,0xff,0x5d,0xef,0x7d,0xef,0xdf,0xff,0xdf,0xff,0xdf,0xff,0xbe,0xf7,0x7d,0xef,0x7d,0xef,0xbe,0xf7,0xdf,0xff,0xdf,0xff,0xdf,0xff,0x7d,0xef,0x5d,0xef,0xdf,0xff,0x18,0xc6,0x41,0x00,0x00,0x00,
    0x00,0x00,0xff,0xff,0xbe,0xf7,0x7d,0xef,0x7d,0xef,0xbe,0xf7,0xb6,0xb5,0x8e,0x6b,0x8e,0x6b,0x38,0xc6,0x9e,0xf7,0x9e,0xf7,0x38,0xc6,0x8e,0x6b,0x8e,0x6b,0xd7,0xb5,0xbe,0xf7,0x7d,0xef,0x7d,0xef,0xbe,0xf7,0xff,0xff,0x00,0x00,
    0x00,0x00,0x7d,0xef,0xff,0xff,0x5d,0xef,0xdf,0xff,0x92,0x94,0xe3,0x18,0xe3,0x18,0xc2,0x10,0xa6,0x31,0x1c,0xe7,0x1c,0xe7,0x86,0x31,0xc2,0x10,0xe3,0x18,0xe3,0x18,0xb2,0x94,0xdf,0xff,0x5d,0xef,0xff,0xff,0x7d,0xef,0x00,0x00,
    0x00,0x00,0x7d,0xef,0xdf,0xff,0xbe,0xf7,0x38,0xc6,0x04,0x19,0x86,0x29,0x4e,0x5b,0x2d,0x5b,0x04,0x19,0xd7,0xbd,0xb6,0xb5,0x04,0x19,0x2d,0x5b,0x4e,0x5b,0x86,0x29,0x04,0x19,0x38,0xc6,0xbe,0xf7,0xdf,0xff,0x7d,0xef,0x00,0x00,
    0x9e,0xf7,0x7d,0xef,0x9e,0xf7,0xdf,0xff,0x10,0x84,0xc3,0x10,0x28,0x3a,0xf0,0x6b,0xf0,0x6b,0x65,0x21,0x75,0xad,0x75,0xad,0x45,0x21,0xf0,0x6b,0xf0,0x6b,0x29,0x3a,0xc3,0x10,0x30,0x84,0xdf,0xff,0x9e,0xf7,0x7d,0xef,0x9e,0xf7,
    0x7d,0xef,0x7d,0xef,0x7d,0xef,0xdf,0xff,0xcf,0x73,0xc3,0x10,0x28,0x3a,0xf1,0x6b,0xd0,0x6b,0xe3,0x10,0x55,0xad,0x55,0xad,0xc3,0x10,0xd0,0x6b,0xf1,0x6b,0x28,0x3a,0xc3,0x10,0xef,0x7b,0xdf,0xff,0x7d,0xef,0x7d,0xef,0x7d,0xef,
    0x7d,0xef,0xbe,0xf7,0x5d,0xef,0xdf,0xff,0x34,0xa5,0xe3,0x18,0xa6,0x29,0xab,0x4a,0xec,0x52,0x0c,0x63,0xfb,0xde,0xdb,0xde,0x0c,0x5b,0xec,0x52,0xab,0x4a,0xa6,0x29,0xc3,0x10,0x34,0xa5,0xdf,0xff,0x5d,0xef,0xbe,0xf7,0x7d,0xef,
    0x7d,0xef,0xdf,0xff,0x7d,0xef,0x7d,0xef,0x7d,0xef,0x8a,0x4a,0x04,0x19,0xcf,0x73,0xba,0xd6,0xff,0xff,0xff,0xff,0xff,0xff,0xff,0xff,0xba,0xd6,0xcf,0x73,0x04,0x19,0xaa,0x52,0x7d,0xef,0x7d,0xef,0x7d,0xef,0xdf,0xff,0x7d,0xef,
    0x7d,0xef,0xdf,0xff,0x7d,0xef,0x7d,0xef,0x9e,0xf7,0xdb,0xde,0xba,0xd6,0xff,0xff,0xff,0xff,0xbb,0xd6,0x9a,0xd6,0x9a,0xd6,0xbb,0xd6,0xff,0xff,0xff,0xff,0xba,0xd6,0xfb,0xde,0xbe,0xf7,0x7d,0xef,0x7d,0xef,0xdf,0xff,0x7d,0xef,
    0x5d,0xef,0x7d,0xef,0x9e,0xf7,0x7d,0xef,0x9e,0xf7,0xff,0xff,0xff,0xff,0xfb,0xde,0xa6,0x31,0x45,0x21,0x65,0x29,0x65,0x29,0x45,0x21,0xa6,0x31,0xfb,0xde,0xff,0xff,0xff,0xff,0x9e,0xf7,0x7d,0xef,0x9e,0xf7,0x7d,0xef,0x5d,0xef,
    0x00,0x00,0x7d,0xef,0xff,0xff,0x7d,0xef,0xdf,0xff,0xff,0xff,0xff,0xff,0xbf,0xf7,0x10,0x84,0x04,0x19,0xe3,0x18,0xe3,0x18,0x04,0x19,0x10,0x84,0xbf,0xf7,0xff,0xff,0xff,0xff,0xdf,0xff,0x7d,0xef,0xff,0xff,0x7d,0xef,0x00,0x00,
    0xff,0xff,0xbe,0xf7,0x9e,0xf7,0xdf,0xff,0xbe,0xf7,0xff,0xff,0xff,0xff,0xff,0xff,0xff,0xff,0x59,0xce,0xae,0x6b,0xae,0x6b,0x59,0xce,0xff,0xff,0xff,0xff,0xff,0xff,0xff,0xff,0xbe,0xf7,0xdf,0xff,0x9e,0xf7,0xbe,0xf7,0xff,0xff,
    0xff,0xff,0x00,0x00,0x5d,0xef,0x9e,0xf7,0xff,0xff,0xff,0xff,0xff,0xff,0xff,0xff,0xdf,0xff,0xff,0xff,0xff,0xff,0xff,0xff,0xff,0xff,0xdf,0xff,0xff,0xff,0xff,0xff,0xff,0xff,0xff,0xff,0x9e,0xf7,0x5d,0xef,0x00,0x00,0xff,0xff,
    0x00,0x00,0xff,0xff,0x00,0x00,0x1c,0xe7,0x7d,0xef,0xdf,0xff,0xff,0xff,0xff,0xff,0xff,0xff,0x7a,0xf6,0x4b,0xe2,0x4b,0xe2,0x7a,0xf6,0xff,0xff,0xff,0xff,0xff,0xff,0xdf,0xff,0x7d,0xef,0x1c,0xe7,0x00,0x00,0xff,0xff,0x00,0x00,
    0x00,0x00,0x00,0x00,0xff,0xff,0x00,0x00,0x00,0x00,0x38,0xc6,0x9d,0xf7,0x7e,0xf7,0x3d,0xd7,0x77,0xdd,0x8c,0xd2,0x8c,0xd2,0x77,0xdd,0x3d,0xd7,0x7e,0xf7,0x9d,0xf7,0x38,0xc6,0x00,0x00,0x00,0x00,0xff,0xff,0x00,0x00,0x00,0x00,
    0x00,0x00,0x00,0x00,0x00,0x00,0xff,0xff,0xf7,0xbd,0x00,0x00,0x00,0x00,0x00,0x00,0x3a,0xc6,0x5d,0xd7,0x1d,0xcf,0x1d,0xcf,0x5d,0xd7,0x3a,0xc6,0x00,0x00,0x00,0x00,0x00,0x00,0xf7,0xbd,0xff,0xff,0x00,0x00,0x00,0x00,0x00,0x00,
    0x01,0x0b,0x9b,0xf1,0xfd,0xda,0x56,0x57,0xbd,0xef,0xfe,0xfe,0xf0,0xbd,0x57,0x56,0xda,0xfd,0xf1,0x9b,0x0b,0x01,0x02,0xaa,0xff,0xff,0xff,0xff,0xff,0xff,0xff,0xff,0xff,0xff,0xff,0xff,0xff,0xff,0xff,0xff,0xff,0xff,0xaa,0x02,
    0x44,0xff,0xfc,0xfe,0xff,0xfe,0xff,0xfe,0xfd,0xfe,0xff,0xff,0xff,0xfd,0xfe,0xff,0xfe,0xff,0xfe,0xfc,0xff,0x44,0x6f,0xfd,0xfc,0xff,0xff,0xff,0xff,0xff,0xff,0xff,0xff,0xff,0xff,0xff,0xff,0xff,0xff,0xff,0xff,0xfc,0xfd,0x70,
    0x5a,0xff,0xfd,0xff,0xff,0xff,0xff,0xff,0xff,0xff,0xff,0xff,0xff,0xff,0xff,0xff,0xff,0xff,0xff,0xfd,0xff,0x5a,0x11,0xdf,0xff,0xfd,0xff,0xff,0xff,0xff,0xff,0xff,0xff,0xff,0xff,0xff,0xff,0xff,0xff,0xff,0xfd,0xff,0xdf,0x11,
    0x00,0x32,0xf1,0xfe,0xfe,0xff,0xff,0xff,0xff,0xff,0xff,0xff,0xff,0xff,0xff,0xff,0xff,0xfe,0xfe,0xf1,0x32,0x00,0x01,0x24,0xf7,0xff,0xfe,0xff,0xff,0xff,0xff,0xff,0xff,0xff,0xff,0xff,0xff,0xff,0xff,0xfe,0xff,0xf7,0x24,0x01,
    0x00,0x7a,0xff,0xfb,0xff,0xff,0xff,0xff,0xff,0xff,0xff,0xff,0xff,0xff,0xff,0xff,0xff,0xff,0xfb,0xff,0x7a,0x00,0x00,0xbc,0xff,0xfc,0xff,0xff,0xff,0xff,0xff,0xff,0xff,0xff,0xff,0xff,0xff,0xff,0xff,0xff,0xfc,0xff,0xbc,0x00,
    0x12,0xe8,0xff,0xfe,0xff,0xff,0xff,0xff,0xff,0xff,0xff,0xff,0xff,0xff,0xff,0xff,0xff,0xff,0xfe,0xff,0xe8,0x12,0x39,0xfe,0xff,0xff,0xff,0xff,0xff,0xff,0xff,0xff,0xff,0xff,0xff,0xff,0xff,0xff,0xff,0xff,0xff,0xff,0xfe,0x39,
    0x5e,0xff,0xfd,0xff,0xff,0xff,0xff,0xff,0xff,0xff,0xff,0xff,0xff,0xff,0xff,0xff,0xff,0xff,0xff,0xfd,0xff,0x5e,0x6c,0xfe,0xfc,0xff,0xff,0xff,0xff,0xff,0xff,0xff,0xff,0xff,0xff,0xff,0xff,0xff,0xff,0xff,0xff,0xfc,0xfe,0x6c,
    0x61,0xff,0xfd,0xff,0xff,0xff,0xff,0xff,0xff,0xff,0xff,0xff,0xff,0xff,0xff,0xff,0xff,0xff,0xff,0xfd,0xff,0x61,0x27,0xf9,0xfe,0xfe,0xff,0xff,0xff,0xff,0xff,0xff,0xff,0xff,0xff,0xff,0xff,0xff,0xff,0xff,0xfe,0xfe,0xf9,0x27,
    0x00,0xa6,0xff,0xf9,0xff,0xff,0xff,0xff,0xff,0xff,0xff,0xff,0xff,0xff,0xff,0xff,0xff,0xff,0xf9,0xff,0xa6,0x00,0x01,0x1a,0xe2,0xff,0xfa,0xfd,0xff,0xff,0xff,0xff,0xff,0xff,0xff,0xff,0xff,0xff,0xfd,0xfa,0xff,0xe2,0x1a,0x01,
    0x02,0x00,0x28,0xce,0xff,0xff,0xfd,0xfb,0xfe,0xff,0xff,0xff,0xff,0xfe,0xfb,0xfd,0xff,0xff,0xce,0x28,0x00,0x02,0x00,0x02,0x00,0x09,0x78,0xdb,0xff,0xff,0xff,0xfd,0xff,0xff,0xfd,0xff,0xff,0xff,0xdb,0x78,0x09,0x00,0x02,0x00,
    0x00,0x00,0x02,0x00,0x00,0x09,0x42,0x7b,0xe3,0xff,0xfe,0xfe,0xff,0xe3,0x7b,0x42,0x09,0x00,0x00,0x02,0x00,0x00,0x00,0x00,0x00,0x01,0x04,0x00,0x00,0x00,0x29,0xbd,0xfb,0xfb,0xbd,0x29,0x00,0x00,0x00,0x04,0x01,0x00,0x00,0x00,

};

const lv_image_dsc_t emoji_panda_22 = {
  .header.magic = LV_IMAGE_HEADER_MAGIC,
  .header.cf = LV_COLOR_FORMAT_RGB565A8,
  .header.flags = 0,
  .header.w = 22,
  .header.h = 22,
  .header.stride = 44,
  .data_size = sizeof(emoji_panda_22_map),
  .data = emoji_panda_22_map,
};




#ifndef LV_ATTRIBUTE_MEM_ALIGN
#define LV_ATTRIBUTE_MEM_ALIGN
#endif

#ifndef LV_ATTRIBUTE_EMOJI_ANGER_22
#define LV_ATTRIBUTE_EMOJI_ANGER_22
#endif

static const
LV_ATTRIBUTE_MEM_ALIGN LV_ATTRIBUTE_LARGE_CONST LV_ATTRIBUTE_EMOJI_ANGER_22
uint8_t emoji_anger_22_map[] = {

    0x00,0x00,0x00,0x00,0x00,0x00,0x00,0x00,0x00,0x00,0x00,0x00,0x00,0xf8,0x00,0x00,0xc5,0xb8,0xa6,0xb8,0x00,0x00,0x00,0xf8,0x00,0x00,0x00,0x00,0x00,0x00,0x00,0x00,0x00,0xf8,0x07,0xb8,0x00,0xf8,0x00,0x00,0x00,0x00,0x00,0x00,
    0x00,0x00,0x00,0x00,0x00,0xf8,0x00,0xf8,0x00,0x00,0x07,0xb8,0x00,0x00,0xc6,0xb8,0xc6,0xc8,0xc6,0xb8,0xe7,0xb8,0x0a,0xa8,0x00,0xf8,0x00,0x00,0x00,0x00,0x00,0x78,0x00,0x00,0x00,0x00,0x00,0x00,0x00,0x00,0x00,0x00,0x00,0x00,
    0x00,0x00,0x00,0x00,0x00,0x00,0x00,0x00,0x00,0x00,0x0a,0xa8,0x00,0x00,0xc5,0xb8,0xc6,0xc0,0xc6,0xc8,0xa6,0xb8,0x00,0x00,0x04,0xb0,0x0a,0xa8,0x07,0xb8,0x00,0x00,0x00,0xa8,0xc6,0xc0,0x86,0xc8,0x00,0x00,0x00,0xf8,0x00,0x00,
    0x00,0xf8,0x0f,0x78,0xe5,0xc0,0xc6,0xc0,0xc6,0xb8,0x00,0x00,0x86,0xc9,0x00,0x00,0xc6,0xb8,0xc6,0xc8,0xc6,0xc0,0xa6,0xb8,0x00,0x00,0x00,0x00,0x00,0x00,0xe6,0xc0,0xc6,0xc0,0xe6,0xd0,0xc6,0xb8,0x45,0xa9,0x00,0xf8,0x00,0x00,
    0x0a,0xa8,0x00,0x00,0xa6,0xb8,0xc6,0xd0,0xc6,0xc8,0xc6,0xb8,0x00,0x00,0x0a,0xa8,0x87,0xc0,0xc6,0xb8,0xc6,0xc8,0xc6,0xb8,0xc6,0xb8,0xc6,0xb8,0xc6,0xb8,0xc6,0xc0,0xc6,0xc8,0xc6,0xc0,0xc6,0xb8,0x07,0xb8,0x1f,0xf8,0x00,0x00,
    0x00,0x00,0x0f,0xf8,0x0f,0xf8,0xc6,0xb8,0xc6,0xc8,0xc6,0xb8,0xc5,0xb8,0x00,0x78,0x00,0x00,0xa5,0xb8,0xc6,0xc0,0xe6,0xd0,0xc6,0xc8,0xc6,0xc8,0xe6,0xd0,0xc6,0xc8,0xc6,0xc0,0xc6,0xb8,0x00,0x00,0x07,0xb8,0x0a,0xa8,0x00,0x00,
    0x00,0x00,0x00,0xf8,0x00,0x00,0xc6,0xc8,0xc6,0xb8,0xc6,0xd0,0xc6,0xb8,0x00,0x00,0x86,0xc9,0x00,0x00,0x86,0xb8,0xc6,0xc0,0xc6,0xc0,0xc6,0xb8,0xc6,0xb8,0xc6,0xc0,0xc5,0xa8,0x00,0x00,0x06,0xc8,0x00,0x00,0x00,0x00,0x00,0xf8,
    0x00,0x00,0x00,0x00,0x07,0xb8,0x00,0x00,0xc6,0xb8,0xc6,0xc8,0xc6,0xb8,0xa5,0xb8,0x00,0x00,0x00,0xa8,0x00,0x00,0x00,0x00,0x06,0xc8,0x87,0xc0,0x00,0x00,0x00,0x00,0x00,0x00,0x00,0x00,0x00,0x00,0xc6,0xc0,0xc6,0xb8,0x00,0x00,
    0x00,0x00,0x00,0x00,0x00,0xf8,0x0a,0xa8,0xc5,0xb8,0xc6,0xb8,0xc6,0xb8,0xa6,0xb8,0x00,0x00,0x00,0x78,0x00,0xf8,0x0a,0xf8,0x00,0x00,0x00,0x00,0x00,0x00,0x05,0xd0,0x00,0x00,0xa6,0xb8,0xc6,0xc0,0xc6,0xc0,0xc6,0xc8,0xc6,0xb8,
    0x00,0x00,0x00,0x00,0x04,0xb0,0x00,0x00,0xc6,0xb8,0xc6,0xc8,0xc6,0xb8,0xc6,0xc0,0x00,0x00,0x00,0xf8,0x00,0x00,0x00,0x00,0x00,0xf8,0x00,0xf8,0x0f,0xf8,0x00,0x00,0xa5,0xb8,0xc6,0xc0,0xc6,0xc8,0xc6,0xc0,0xc6,0xc0,0xa5,0xb8,
    0x00,0xf8,0x00,0xf8,0x00,0x00,0xa5,0xb8,0xc6,0xc0,0xc6,0xc8,0xc6,0xb8,0x00,0x00,0x0f,0xf8,0x00,0x00,0x00,0x00,0x00,0x00,0x00,0x00,0x00,0xf8,0x00,0x00,0xc6,0xc0,0xc6,0xb8,0xc6,0xc8,0xc6,0xc0,0xc6,0xb8,0x00,0x00,0x00,0x00,
    0x00,0x00,0x00,0xa8,0xc6,0xc0,0xc6,0xc0,0xc6,0xc8,0xc6,0xc0,0xc6,0xb8,0x00,0x00,0x00,0xf8,0x00,0x00,0x00,0x00,0x00,0x00,0x00,0x00,0x0a,0xa8,0x00,0x00,0xc6,0xb8,0xc6,0xd0,0xc6,0xb8,0xa5,0xb8,0x00,0x00,0x00,0xf8,0x00,0x78,
    0xc6,0xb8,0xc6,0xc0,0xc6,0xc8,0xc6,0xc8,0xc6,0xc0,0xc6,0xb8,0x00,0x00,0x0a,0xa8,0x00,0x78,0x00,0x78,0x00,0x00,0x00,0x00,0x00,0xf8,0x00,0x00,0xc6,0xb0,0xc6,0xb8,0xc6,0xc8,0xc6,0xb8,0x00,0x00,0x09,0xb0,0x00,0x00,0x00,0x00,
    0xa6,0xb8,0xc6,0xb8,0xc6,0xc0,0xc6,0xc0,0xa5,0xb0,0x00,0x00,0x45,0xd1,0x00,0x00,0x00,0x00,0x00,0x00,0x00,0xf8,0x00,0xa8,0x00,0xf8,0x00,0x00,0x86,0xc8,0xc6,0xb8,0xc6,0xc8,0xc6,0xb8,0x0a,0xa8,0x0a,0xa8,0x00,0x00,0x00,0x00,
    0x00,0x00,0xc6,0xb8,0xc6,0xc0,0x00,0x00,0x00,0x00,0x00,0x00,0x00,0x00,0xc6,0xc8,0xe6,0xc0,0xc6,0xb8,0x00,0x00,0x00,0x00,0x0a,0xa8,0x00,0xf8,0x00,0x78,0xc6,0xb8,0xe6,0xd0,0xc6,0xb8,0x00,0x00,0x07,0xb8,0x00,0x00,0x00,0x00,
    0x00,0xf8,0x00,0x00,0x00,0x00,0x06,0xc8,0x00,0x00,0xa5,0xb8,0xc6,0xc0,0xc6,0xc0,0xc6,0xb8,0xc6,0xb8,0xc6,0xc0,0xa5,0xb8,0x00,0x00,0x05,0xd0,0x00,0x00,0xc6,0xb8,0xc6,0xc8,0xc6,0xc0,0xc5,0xb8,0x00,0x00,0x00,0x78,0x00,0x00,
    0x00,0x00,0x0a,0xa8,0x07,0xb8,0x00,0x00,0xc6,0xb8,0xc6,0xc0,0xe6,0xd0,0xc6,0xc8,0xc6,0xb8,0xc6,0xc0,0xc6,0xc8,0xc6,0xc0,0xa5,0xb8,0x00,0x00,0x0a,0xa8,0x84,0xc0,0xc6,0xb8,0xc6,0xc8,0xc6,0xb8,0xa5,0xb8,0x00,0x78,0x00,0xf8,
    0x00,0x00,0x0f,0x78,0x00,0xf8,0xc6,0xb8,0xc6,0xc8,0xc6,0xc8,0xc6,0xb8,0xc6,0xb8,0xc6,0xb8,0xa5,0xb8,0xc6,0xb8,0xc6,0xc8,0xc6,0xb8,0xc6,0xc0,0x00,0x78,0x00,0x00,0xc6,0xb8,0xc6,0xc0,0xe6,0xd0,0xc6,0xb8,0x00,0x00,0x07,0xb8,
    0x00,0x00,0x0a,0xa8,0x00,0xf8,0xc6,0xb8,0xc6,0xd0,0xc6,0xb8,0xa5,0xb8,0x00,0x00,0x00,0x00,0x00,0x00,0xc6,0xb0,0xc6,0xb8,0xc6,0xc8,0xc6,0xb8,0x00,0x00,0xe7,0xb9,0x00,0x00,0xc6,0xb8,0xc6,0xc0,0x24,0xb1,0x00,0xf8,0x00,0x00,
    0x00,0x00,0x00,0x00,0x00,0x00,0x00,0x00,0xc6,0xc0,0x00,0x00,0x00,0x00,0x07,0xb8,0x00,0x78,0x05,0xd0,0x00,0x00,0xc6,0xb8,0xc6,0xc0,0xc6,0xc8,0xc6,0xb8,0x00,0x00,0x06,0x98,0x00,0x00,0x00,0x00,0x00,0x00,0x00,0x00,0x00,0x00,
    0x00,0x00,0x00,0x00,0x00,0x00,0x00,0x00,0x00,0x00,0x00,0x00,0x00,0xf8,0x00,0x00,0x00,0x00,0x00,0x00,0x0a,0xf8,0x00,0x00,0xc6,0xb8,0xc6,0xc8,0xc6,0xb8,0x00,0x00,0x0a,0xa8,0x00,0x78,0x00,0xf8,0x00,0x00,0x00,0x00,0x00,0x00,
    0x00,0x00,0x00,0x00,0x00,0x00,0x00,0x00,0x0a,0xf8,0x00,0x00,0x00,0x00,0x00,0x00,0x00,0x00,0x00,0x00,0x00,0x78,0x00,0xf8,0xa6,0xb8,0xc5,0xb0,0x00,0x00,0x00,0xf8,0x00,0x00,0x00,0x00,0x00,0x00,0x00,0x00,0x00,0x00,0x00,0x00,
    0x00,0x00,0x00,0x00,0x01,0x00,0x01,0x00,0x3b,0x44,0x00,0x02,0x00,0x00,0x00,0x00,0x01,0x04,0x01,0x00,0x00,0x00,0x00,0x00,0x01,0x01,0x00,0x04,0x00,0x60,0xfb,0xdc,0x08,0x03,0x01,0x00,0x00,0x02,0x00,0x00,0x00,0x00,0x00,0x00,
    0x00,0x00,0x00,0x00,0x00,0x03,0x00,0x30,0xf7,0xff,0x77,0x00,0x07,0x03,0x04,0x00,0x03,0x78,0x0e,0x00,0x01,0x00,0x01,0x02,0x11,0xa3,0xa3,0x00,0x05,0x00,0x8c,0xff,0xf2,0x37,0x00,0x00,0x00,0x22,0xb8,0xff,0xb5,0x06,0x02,0x00,
    0x03,0x00,0x56,0xff,0xff,0x6f,0x00,0x03,0x0d,0xd7,0xff,0xea,0x6e,0x4a,0x89,0xea,0xff,0xff,0x84,0x04,0x01,0x00,0x00,0x02,0x02,0x9b,0xff,0xf6,0x27,0x02,0x00,0x26,0xdd,0xff,0xff,0xff,0xff,0xff,0xde,0x4f,0x00,0x04,0x03,0x00,
    0x00,0x01,0x00,0x0a,0xd8,0xff,0x9c,0x00,0x05,0x00,0x1a,0x91,0xd3,0xe3,0xc6,0x79,0x13,0x00,0x05,0x00,0x00,0x01,0x00,0x00,0x04,0x00,0x64,0xfe,0xe2,0x0b,0x00,0x03,0x00,0x00,0x05,0x0d,0x00,0x00,0x00,0x00,0x00,0x4f,0x77,0x00,
    0x00,0x00,0x02,0x03,0x26,0xff,0xfb,0x23,0x00,0x02,0x01,0x03,0x00,0x00,0x00,0x06,0x00,0x24,0xad,0xff,0xff,0x43,0x00,0x00,0x07,0x00,0x4d,0xfe,0xf0,0x15,0x00,0x01,0x00,0x00,0x01,0x01,0x02,0x00,0x40,0xe9,0xff,0xff,0xba,0x36,
    0x01,0x01,0x00,0x2b,0xdc,0xff,0xb0,0x00,0x02,0x00,0x00,0x00,0x00,0x02,0x01,0x2a,0xf2,0xff,0xe1,0x58,0x00,0x00,0x00,0x03,0x6b,0xe9,0xff,0xf0,0x28,0x01,0x02,0x00,0x00,0x00,0x00,0x03,0x00,0xaa,0xff,0xd8,0x20,0x00,0x02,0x02,
    0x33,0xcd,0xff,0xff,0xde,0x3a,0x00,0x03,0x02,0x02,0x00,0x00,0x01,0x00,0x0a,0xe1,0xfe,0x59,0x00,0x07,0x00,0x00,0x23,0xf8,0xfb,0x96,0x17,0x00,0x06,0x00,0x00,0x00,0x01,0x03,0x01,0x00,0x0e,0xe7,0xff,0x43,0x03,0x03,0x00,0x00,
    0x00,0x4e,0x3b,0x00,0x00,0x00,0x00,0x0a,0x23,0x1e,0x00,0x00,0x03,0x01,0x02,0xc6,0xfe,0x8e,0x00,0x04,0x00,0x00,0x01,0x00,0x00,0x05,0x00,0x21,0x91,0xdd,0xf9,0xf4,0xbe,0x41,0x00,0x06,0x00,0x72,0xff,0xf2,0x28,0x00,0x02,0x00,
    0x00,0x03,0x04,0x00,0x60,0xea,0xff,0xff,0xff,0xff,0xff,0xfc,0x56,0x00,0x03,0x0d,0xdb,0xff,0xc9,0x16,0x02,0x01,0x00,0x02,0x01,0x8e,0xff,0xff,0xdf,0x6e,0x27,0x40,0xc9,0xff,0xf6,0x29,0x02,0x00,0x3f,0xfc,0xff,0x72,0x00,0x04,
    0x00,0x03,0x01,0x82,0xff,0xac,0x16,0x00,0x00,0x00,0x14,0xdb,0xff,0xb9,0x00,0x04,0x00,0x71,0x91,0x07,0x01,0x00,0x00,0x00,0x00,0x00,0x53,0x00,0x00,0x04,0x02,0x06,0x00,0x47,0xfe,0xff,0x5a,0x00,0x05,0x00,0x00,0x00,0x00,0x00,
    0x00,0x00,0x00,0x01,0x00,0x00,0x01,0x00,0x00,0x00,0x03,0x00,0xb6,0xef,0x64,0x01,0x03,0x02,0x02,0x00,0x00,0x00,0x00,0x00,0x00,0x00,0x03,0x01,0x00,0x00,0x00,0x00,0x02,0x01,0x23,0x27,0x00,0x01,0x00,0x00,0x00,0x00,0x00,0x00,

};

const lv_image_dsc_t emoji_anger_22 = {
  .header.magic = LV_IMAGE_HEADER_MAGIC,
  .header.cf = LV_COLOR_FORMAT_RGB565A8,
  .header.flags = 0,
  .header.w = 22,
  .header.h = 22,
  .header.stride = 44,
  .data_size = sizeof(emoji_anger_22_map),
  .data = emoji_anger_22_map,
};




#ifndef LV_ATTRIBUTE_MEM_ALIGN
#define LV_ATTRIBUTE_MEM_ALIGN
#endif

#ifndef LV_ATTRIBUTE_EMOJI_DRAGON_FACE_22
#define LV_ATTRIBUTE_EMOJI_DRAGON_FACE_22
#endif

static const
LV_ATTRIBUTE_MEM_ALIGN LV_ATTRIBUTE_LARGE_CONST LV_ATTRIBUTE_EMOJI_DRAGON_FACE_22
uint8_t emoji_dragon_face_22_map[] = {

    0x00,0x00,0x00,0x00,0x00,0x00,0x00,0x00,0x00,0x00,0x00,0x00,0x00,0x00,0x00,0x00,0x00,0x00,0xe0,0x03,0x00,0x00,0x83,0x3b,0x83,0x3b,0x00,0x00,0xa4,0x43,0xa3,0x43,0x83,0x3b,0x00,0x00,0x00,0x00,0x00,0x00,0x00,0x00,0x00,0x00,
    0x00,0x00,0x00,0x00,0x00,0x00,0x00,0x00,0x00,0x00,0x00,0x00,0x00,0x00,0x00,0x00,0x40,0x55,0x00,0x00,0x83,0x3b,0x04,0x44,0x83,0x3b,0x42,0x33,0x63,0x3b,0xc3,0x43,0x63,0x3b,0x62,0x3b,0xa4,0x43,0xa3,0x3b,0xe0,0x03,0x00,0x00,
    0x00,0x00,0x00,0x00,0x00,0x00,0x00,0x00,0x00,0x00,0x00,0x00,0x00,0x00,0x00,0x00,0x00,0x00,0xe5,0x53,0x83,0x3b,0x83,0x3b,0x83,0x3b,0xc4,0x43,0x46,0x54,0x46,0x54,0x25,0x4c,0xa4,0x43,0xa3,0x3b,0x83,0x3b,0x00,0x00,0xe0,0x7b,
    0x00,0x00,0x00,0x00,0x00,0x00,0x00,0x00,0x00,0x00,0x00,0x00,0x00,0x00,0xe0,0x3b,0x4a,0x55,0x42,0x33,0xa3,0x3b,0x25,0x4c,0xe8,0x64,0x8a,0x75,0xcb,0x7d,0xcb,0x7d,0xab,0x7d,0x6a,0x75,0xc7,0x5c,0x83,0x3b,0x63,0x33,0x64,0x4b,
    0x00,0x00,0x00,0x00,0x00,0x00,0x00,0x00,0x00,0x00,0x00,0x00,0x4a,0x55,0x00,0x00,0x00,0x00,0x25,0x54,0x49,0x6d,0xab,0x7d,0xcb,0x7d,0x8a,0x75,0x29,0x6d,0xe8,0x64,0x29,0x6d,0xaa,0x7d,0xab,0x7d,0xe8,0x64,0x83,0x3b,0x83,0x3b,
    0x00,0x00,0x00,0x00,0x00,0x00,0x00,0x00,0xe0,0x07,0x4a,0xad,0x00,0x00,0xeb,0x7c,0xaa,0x7d,0xab,0x7d,0xcb,0x7d,0x8a,0x75,0xa7,0x5c,0x04,0x4c,0xa3,0x43,0x63,0x3b,0x66,0x5c,0xab,0x7d,0x6a,0x75,0xcb,0x7d,0x46,0x54,0x20,0x12,
    0xef,0x7f,0x4a,0xad,0x4a,0x55,0xe7,0x7d,0x00,0x00,0x00,0x00,0x8a,0x75,0xaa,0x7d,0xeb,0x7d,0xaa,0x7d,0x49,0x75,0xc4,0x43,0x43,0x3b,0x64,0x32,0xe7,0x53,0x8a,0x75,0x8a,0x75,0x8a,0x75,0x8a,0x75,0xab,0x7d,0x29,0x6d,0x83,0x3b,
    0x00,0x00,0x00,0x00,0x00,0x00,0x00,0x00,0x4a,0x6d,0xaa,0x7d,0xaa,0x7d,0xcb,0x7d,0x8a,0x75,0xaa,0x7d,0x29,0x6d,0x65,0x54,0x87,0x3a,0x85,0x18,0xe8,0x42,0xeb,0x7d,0x8a,0x75,0x8a,0x75,0x8a,0x75,0xaa,0x7d,0x8a,0x75,0xc4,0x43,
    0x6a,0x75,0xeb,0x7d,0xab,0x7d,0x8a,0x75,0xaa,0x7d,0xeb,0x7d,0x8a,0x75,0x6a,0x75,0x8a,0x75,0x8a,0x75,0x8a,0x75,0xcb,0x7d,0xa9,0x64,0x27,0x4b,0xe9,0x6c,0xaa,0x7d,0x8a,0x75,0x8a,0x75,0x8a,0x75,0x8a,0x75,0xaa,0x7d,0xe4,0x4b,
    0xaa,0x7d,0x8a,0x75,0x69,0x75,0xeb,0x7d,0xcb,0x7d,0x8a,0x75,0x8a,0x75,0xed,0x8d,0xab,0x7d,0x0f,0x96,0xf7,0xc6,0x69,0x6d,0xaa,0x7d,0xeb,0x7d,0xaa,0x7d,0x8a,0x75,0x8a,0x75,0x8a,0x75,0x8a,0x75,0x8a,0x7d,0x8a,0x75,0xc4,0x43,
    0x8a,0x7d,0x05,0x4c,0xc4,0x43,0x8a,0x75,0x8a,0x75,0x8a,0x75,0x69,0x6d,0x9b,0xe7,0xd5,0xbe,0x16,0xc7,0xff,0xff,0xec,0x85,0x6a,0x75,0x8a,0x75,0x8a,0x75,0x8a,0x75,0x8a,0x75,0x8a,0x75,0x8a,0x75,0xaa,0x7d,0x6a,0x75,0xe4,0x43,
    0x8a,0x75,0xaa,0x7d,0xcb,0x7d,0x8a,0x7d,0xab,0x7d,0xaa,0x7d,0xcc,0x85,0xde,0xf7,0xb6,0xc6,0xd0,0x9d,0xd2,0xa5,0xe9,0x6c,0x8a,0x75,0x8a,0x75,0x8a,0x75,0x8a,0x75,0x8a,0x75,0x8a,0x75,0x8a,0x75,0xab,0x7d,0x49,0x6d,0x83,0x3b,
    0x00,0x00,0x8a,0x7d,0xab,0x7d,0x6a,0x75,0x08,0x6d,0x66,0x54,0x05,0x4c,0xe6,0x53,0x83,0x3b,0xa3,0x3b,0x82,0x3b,0x87,0x5c,0xab,0x7d,0x8a,0x75,0x8a,0x75,0x8a,0x75,0x8a,0x75,0x8a,0x75,0x8a,0x75,0xab,0x7d,0xe8,0x64,0x42,0x33,
    0x4a,0x55,0x00,0x00,0x00,0x00,0xe5,0x4b,0xc4,0x43,0xc4,0x43,0x46,0x54,0xa7,0x5c,0x49,0x75,0x6a,0x75,0x0c,0x86,0xcb,0x7d,0x8a,0x75,0x8a,0x75,0x8a,0x75,0x8a,0x75,0x8a,0x75,0x8a,0x75,0x8a,0x75,0xeb,0x7d,0x87,0x5c,0x00,0x00,
    0x00,0x00,0xef,0x7f,0xc6,0x64,0x00,0x00,0x49,0x6d,0x2b,0x86,0xeb,0x7d,0x4c,0x8e,0xab,0x7d,0xeb,0x7d,0x8a,0x75,0xaa,0x7d,0xab,0x7d,0x8a,0x75,0x8a,0x75,0x8a,0x75,0x8a,0x75,0x8a,0x75,0x8a,0x75,0x8a,0x75,0xc4,0x43,0x23,0x3b,
    0x00,0x00,0x00,0x00,0xe0,0xff,0x4a,0x55,0xf7,0xbf,0x8a,0x75,0xcb,0x7d,0x8a,0x75,0xaa,0x52,0x00,0x00,0x00,0x00,0x8a,0x75,0xaa,0x7d,0xaa,0x7d,0x8a,0x75,0x8a,0x75,0x8a,0x75,0x8a,0x75,0xab,0x7d,0x08,0x6d,0x63,0x3b,0x43,0x3b,
    0x00,0x00,0x00,0x00,0x00,0x00,0x00,0x00,0x00,0x00,0x00,0x00,0x00,0x00,0x00,0x00,0x00,0x00,0xef,0x7b,0xa9,0x6d,0x00,0x00,0x8a,0x75,0xeb,0x85,0x8a,0x75,0x8a,0x75,0x8a,0x75,0x8a,0x75,0xcb,0x7d,0x46,0x54,0x00,0x00,0x00,0x00,
    0x00,0x00,0x00,0x00,0x00,0x00,0x00,0x00,0x00,0x00,0x4a,0x55,0xe0,0x07,0x4a,0x55,0x00,0x00,0x00,0x00,0xe7,0x7d,0x4a,0x55,0x8a,0x75,0xeb,0x85,0x8a,0x75,0x8a,0x75,0x8a,0x75,0xaa,0x7d,0x49,0x6d,0x83,0x3b,0x84,0x3b,0x00,0x00,
    0x00,0x00,0x00,0x00,0x00,0x00,0x00,0x00,0x00,0x00,0x00,0x00,0x00,0x00,0x00,0x00,0x00,0x00,0x00,0x00,0x4a,0x55,0x00,0x00,0x6a,0x75,0xcb,0x7d,0x8a,0x75,0x8a,0x75,0x8a,0x75,0xab,0x7d,0x45,0x54,0x42,0x33,0xe7,0x3b,0x00,0x00,
    0x00,0x00,0x00,0x00,0x00,0x00,0x00,0x00,0x00,0x00,0x00,0x00,0x00,0x00,0x00,0x00,0x00,0x00,0x4a,0xad,0x00,0x00,0x8a,0x75,0xcb,0x7d,0x8a,0x75,0x8a,0x75,0x8a,0x75,0xab,0x7d,0x28,0x6d,0x42,0x33,0x00,0x00,0xe0,0x03,0x00,0x00,
    0x00,0x00,0x00,0x00,0x00,0x00,0x00,0x00,0x00,0x00,0x00,0x00,0x00,0x00,0x00,0x00,0xe0,0xff,0x00,0x00,0xcb,0x75,0xaa,0x7d,0xcb,0x7d,0x8a,0x75,0x8a,0x75,0xaa,0x7d,0x49,0x75,0x04,0x4c,0x63,0x3b,0xa0,0x52,0x20,0x33,0x00,0x00,
    0x00,0x00,0x00,0x00,0x00,0x00,0x00,0x00,0x00,0x00,0x00,0x00,0x00,0x00,0x00,0x00,0xe0,0x7b,0x89,0x7d,0x8a,0x75,0xeb,0x7d,0x8a,0x75,0x8a,0x75,0x8a,0x75,0x8a,0x75,0x05,0x4c,0x83,0x3b,0xc4,0x43,0xe0,0x07,0xe0,0x03,0x00,0x00,
    0x00,0x00,0x00,0x00,0x00,0x00,0x00,0x00,0x00,0x02,0x00,0x90,0x54,0x00,0x0f,0x8f,0x8c,0x00,0x00,0x00,0x00,0x00,0x00,0x00,0x00,0x00,0x00,0x00,0x00,0x00,0x03,0x00,0x62,0xff,0xd8,0x27,0xbf,0xff,0xfc,0x2c,0x1a,0x1c,0x02,0x00,
    0x00,0x00,0x00,0x00,0x00,0x00,0x00,0x01,0x01,0x0c,0xe5,0xfd,0xff,0xf7,0xff,0xfc,0xff,0xec,0xf2,0xa4,0x00,0x02,0x00,0x00,0x00,0x00,0x00,0x00,0x00,0x04,0x03,0x4e,0xff,0xfd,0xfe,0xff,0xfd,0xff,0xff,0xff,0xff,0xa5,0x25,0x07,
    0x00,0x00,0x00,0x00,0x00,0x00,0x03,0x01,0x00,0x97,0xfe,0xfb,0xff,0xfe,0xff,0xff,0xff,0xfe,0xfe,0xff,0xf8,0x35,0x00,0x00,0x00,0x00,0x01,0x03,0x00,0x08,0x87,0xf6,0xfd,0xff,0xff,0xff,0xff,0xff,0xff,0xff,0xfe,0xff,0xf1,0x1a,
    0x02,0x03,0x03,0x04,0x00,0x00,0x3f,0xd1,0xff,0xff,0xff,0xff,0xff,0xff,0xff,0xff,0xff,0xff,0xff,0xfe,0xfc,0xc8,0x00,0x00,0x00,0x00,0x0c,0x89,0xfd,0xff,0xfb,0xff,0xff,0xff,0xff,0xff,0xff,0xff,0xff,0xff,0xff,0xfc,0xff,0xb5,
    0x30,0xa2,0x7d,0x5f,0xd7,0xff,0xfe,0xfd,0xff,0xff,0xff,0xff,0xff,0xff,0xff,0xff,0xff,0xff,0xff,0xfd,0xff,0xaf,0xeb,0xff,0xff,0xff,0xff,0xfc,0xff,0xff,0xff,0xff,0xff,0xff,0xff,0xff,0xff,0xff,0xff,0xff,0xff,0xfe,0xff,0xf0,
    0xfd,0xfd,0xf8,0xfc,0xfd,0xff,0xff,0xff,0xff,0xff,0xff,0xff,0xff,0xff,0xff,0xff,0xff,0xff,0xff,0xfc,0xff,0x68,0x62,0xf7,0xff,0xff,0xff,0xff,0xff,0xff,0xff,0xfe,0xff,0xff,0xff,0xff,0xff,0xff,0xff,0xff,0xff,0xfc,0xff,0xaf,
    0x00,0x32,0xad,0xfb,0xfd,0xfe,0xff,0xff,0xfe,0xff,0xfc,0xfe,0xff,0xff,0xff,0xff,0xff,0xff,0xff,0xfd,0xfb,0x8e,0x03,0x00,0x00,0x58,0xff,0xfa,0xfc,0xfc,0xff,0xf5,0xff,0xff,0xfe,0xff,0xff,0xff,0xff,0xff,0xfc,0xff,0xbc,0x00,
    0x00,0x02,0x05,0x00,0x97,0xff,0xff,0xff,0x9e,0x1f,0x77,0xeb,0xff,0xfe,0xff,0xff,0xff,0xff,0xfe,0xff,0xf8,0x28,0x00,0x00,0x01,0x03,0x04,0x84,0xc7,0x7f,0x03,0x00,0x00,0x27,0xe5,0xfe,0xfe,0xff,0xff,0xff,0xfd,0xfc,0xa3,0x11,
    0x00,0x00,0x00,0x00,0x00,0x00,0x00,0x00,0x00,0x02,0x07,0x00,0x81,0xff,0xfb,0xff,0xff,0xfd,0xfe,0xd7,0x00,0x00,0x00,0x00,0x00,0x00,0x01,0x03,0x01,0x03,0x01,0x00,0x04,0x03,0x76,0xff,0xfb,0xff,0xff,0xfe,0xff,0xff,0x1f,0x01,
    0x00,0x00,0x00,0x00,0x00,0x00,0x00,0x00,0x00,0x00,0x03,0x00,0xbe,0xff,0xfc,0xff,0xfe,0xfe,0xea,0x7b,0x08,0x01,0x00,0x00,0x00,0x00,0x00,0x00,0x00,0x00,0x00,0x03,0x00,0x44,0xfd,0xfd,0xff,0xff,0xfb,0xfd,0x78,0x00,0x02,0x00,
    0x00,0x00,0x00,0x00,0x00,0x00,0x00,0x00,0x01,0x00,0x16,0xdd,0xff,0xfd,0xff,0xff,0xfb,0xff,0x99,0x03,0x05,0x00,0x00,0x00,0x00,0x00,0x00,0x00,0x00,0x01,0x02,0x0a,0xba,0xff,0xfc,0xff,0xff,0xfe,0xfe,0xa7,0x35,0x01,0x02,0x00,

};

const lv_image_dsc_t emoji_dragon_face_22 = {
  .header.magic = LV_IMAGE_HEADER_MAGIC,
  .header.cf = LV_COLOR_FORMAT_RGB565A8,
  .header.flags = 0,
  .header.w = 22,
  .header.h = 22,
  .header.stride = 44,
  .data_size = sizeof(emoji_dragon_face_22_map),
  .data = emoji_dragon_face_22_map,
};




#ifndef LV_ATTRIBUTE_MEM_ALIGN
#define LV_ATTRIBUTE_MEM_ALIGN
#endif

#ifndef LV_ATTRIBUTE_EMOJI_PAGER_22
#define LV_ATTRIBUTE_EMOJI_PAGER_22
#endif

static const
LV_ATTRIBUTE_MEM_ALIGN LV_ATTRIBUTE_LARGE_CONST LV_ATTRIBUTE_EMOJI_PAGER_22
uint8_t emoji_pager_22_map[] = {

    0x00,0x00,0x00,0x00,0x00,0x00,0x00,0x00,0x00,0x00,0x00,0x00,0x00,0x00,0x00,0x00,0x00,0x00,0x00,0x00,0x00,0x00,0x00,0x00,0x00,0x00,0x00,0x00,0x00,0x00,0x00,0x00,0x00,0x00,0x00,0x00,0x00,0x00,0x00,0x00,0x00,0x00,0x00,0x00,
    0x00,0x00,0x00,0x00,0x00,0x00,0x00,0x00,0x00,0x00,0x00,0x00,0x00,0x00,0x00,0x00,0x00,0x00,0x00,0x00,0x00,0x00,0x00,0x00,0x00,0x00,0x00,0x00,0x00,0x00,0x00,0x00,0x00,0x00,0x00,0x00,0x00,0x00,0x00,0x00,0x00,0x00,0x00,0x00,
    0x00,0x00,0x00,0x00,0xef,0x7b,0xeb,0x5b,0xeb,0x5b,0xeb,0x5b,0xeb,0x5b,0xeb,0x5b,0xeb,0x5b,0xeb,0x5b,0xeb,0x5b,0xeb,0x5b,0xeb,0x5b,0xeb,0x5b,0xeb,0x5b,0xeb,0x5b,0xeb,0x5b,0xeb,0x5b,0xeb,0x5b,0xef,0x7b,0x00,0x00,0x00,0x00,
    0xc7,0x29,0x66,0x29,0x66,0x29,0x66,0x29,0x66,0x21,0x66,0x21,0x66,0x21,0x66,0x21,0x66,0x21,0x66,0x21,0x66,0x21,0x66,0x21,0x66,0x21,0x66,0x21,0x66,0x21,0x66,0x21,0x66,0x21,0x66,0x21,0x66,0x29,0x66,0x29,0x66,0x29,0xc7,0x29,
    0x66,0x29,0xad,0x63,0xd2,0xa5,0xb2,0x9d,0xb2,0x9d,0xb2,0x9d,0xb2,0x9d,0xb2,0x9d,0xb2,0x9d,0xb2,0x9d,0xb2,0x9d,0xb2,0x9d,0xb2,0x9d,0xb2,0x9d,0xb2,0x9d,0xb2,0x9d,0xb2,0x9d,0xb2,0x9d,0xb2,0x9d,0xd2,0xa5,0xad,0x63,0x66,0x29,
    0x87,0x29,0x13,0xa6,0xd8,0xd7,0x77,0xcf,0x77,0xcf,0x77,0xcf,0x77,0xcf,0x77,0xcf,0x77,0xcf,0x77,0xcf,0x77,0xcf,0x77,0xcf,0x77,0xcf,0x77,0xcf,0x77,0xcf,0x77,0xcf,0x77,0xcf,0x77,0xcf,0x77,0xcf,0xd8,0xd7,0x13,0xa6,0x87,0x29,
    0x87,0x29,0xd2,0xa5,0x76,0xcf,0x16,0xc7,0x16,0xc7,0x16,0xc7,0x36,0xc7,0x16,0xc7,0x36,0xcf,0x16,0xc7,0x16,0xc7,0x36,0xc7,0x16,0xc7,0x36,0xcf,0x16,0xc7,0x36,0xc7,0x36,0xc7,0x16,0xc7,0x16,0xc7,0x76,0xcf,0xd2,0xa5,0x87,0x29,
    0x87,0x29,0xd2,0xa5,0x77,0xcf,0x16,0xc7,0x36,0xc7,0x36,0xc7,0xf4,0xbe,0x36,0xc7,0xd3,0xb6,0x36,0xc7,0x15,0xc7,0xf4,0xbe,0x15,0xc7,0xb2,0xae,0x36,0xcf,0x15,0xc7,0x15,0xbf,0x36,0xcf,0x16,0xc7,0x77,0xcf,0xd2,0xa5,0x87,0x29,
    0x87,0x29,0xd2,0xa5,0x77,0xcf,0x16,0xc7,0x57,0xcf,0x92,0xae,0x0d,0x8e,0xb2,0xae,0xed,0x8d,0x92,0xae,0x50,0x9e,0x0e,0x96,0x91,0xa6,0xed,0x8d,0xd3,0xb6,0x2e,0x96,0x50,0x9e,0x57,0xcf,0x16,0xc7,0x77,0xcf,0xd2,0xa5,0x87,0x29,
    0x87,0x29,0xd2,0xa5,0x77,0xcf,0x16,0xc7,0x36,0xcf,0x0e,0x96,0xcc,0x85,0x70,0x9e,0x2e,0x96,0x50,0x9e,0x0e,0x96,0x0d,0x8e,0x50,0x9e,0x2e,0x96,0x70,0xa6,0xcc,0x85,0x2e,0x96,0x57,0xcf,0x16,0xc7,0x77,0xcf,0xd2,0xa5,0x87,0x29,
    0x87,0x29,0xd2,0xa5,0x77,0xcf,0x16,0xc7,0x36,0xc7,0x15,0xc7,0xd3,0xb6,0x15,0xbf,0x71,0xa6,0x15,0xbf,0x15,0xc7,0xd3,0xb6,0xf5,0xbe,0x71,0xa6,0x36,0xc7,0xf4,0xbe,0xd3,0xb6,0x36,0xcf,0x16,0xc7,0x77,0xcf,0xd2,0xa5,0x87,0x29,
    0x87,0x29,0xd2,0xa5,0x77,0xcf,0x16,0xc7,0x36,0xc7,0x36,0xc7,0x36,0xcf,0x36,0xc7,0x57,0xcf,0x36,0xc7,0x36,0xc7,0x36,0xcf,0x36,0xc7,0x57,0xcf,0x36,0xc7,0x36,0xcf,0x36,0xcf,0x36,0xc7,0x16,0xc7,0x77,0xcf,0xd2,0xa5,0x87,0x29,
    0x87,0x29,0x13,0xa6,0x97,0xd7,0x36,0xc7,0x36,0xc7,0x36,0xc7,0x36,0xc7,0x36,0xc7,0x36,0xc7,0x36,0xc7,0x36,0xc7,0x36,0xc7,0x36,0xc7,0x36,0xc7,0x36,0xc7,0x36,0xc7,0x36,0xc7,0x36,0xc7,0x36,0xc7,0x97,0xd7,0x13,0xa6,0x87,0x29,
    0x66,0x29,0xaf,0x84,0x56,0xcf,0xf5,0xc6,0x16,0xc7,0x16,0xc7,0x16,0xc7,0x16,0xc7,0x16,0xc7,0x15,0xc7,0x16,0xc7,0x16,0xc7,0x16,0xc7,0x16,0xc7,0x16,0xc7,0x16,0xc7,0x16,0xc7,0x15,0xc7,0xf5,0xc6,0x56,0xcf,0xaf,0x84,0x66,0x29,
    0xa7,0x31,0xa7,0x29,0x28,0x3a,0x28,0x3a,0x28,0x3a,0x28,0x3a,0x28,0x3a,0x28,0x3a,0x28,0x3a,0x49,0x3a,0x28,0x3a,0x28,0x3a,0x28,0x3a,0x28,0x3a,0x28,0x3a,0x28,0x3a,0x28,0x3a,0x49,0x42,0x49,0x3a,0x49,0x32,0xa7,0x29,0xa7,0x31,
    0xa7,0x29,0x4a,0x42,0x0d,0x53,0xed,0x52,0xed,0x52,0xed,0x52,0xed,0x52,0xed,0x52,0xe8,0x31,0x87,0x29,0xac,0x4a,0x0d,0x53,0xed,0x52,0xed,0x52,0xed,0x52,0x0d,0x53,0x8b,0x4a,0x87,0x21,0x87,0x59,0x67,0xb1,0xa7,0x69,0xa7,0x29,
    0xa7,0x29,0x4e,0x5b,0x11,0x74,0xf0,0x6b,0xf0,0x6b,0xf0,0x6b,0xf0,0x6b,0x11,0x74,0xcc,0x4a,0x08,0x3a,0x11,0x6c,0xf0,0x6b,0xf0,0x6b,0xf0,0x6b,0xf0,0x6b,0xf1,0x6b,0xf0,0x6b,0x08,0x2a,0x88,0xa9,0x68,0xf9,0x68,0xb9,0xc7,0x29,
    0xa7,0x29,0x6a,0x42,0x2d,0x5b,0x2d,0x53,0x2d,0x5b,0x2d,0x5b,0x2d,0x5b,0x2d,0x53,0x09,0x3a,0xc7,0x31,0xec,0x52,0x2d,0x5b,0x2d,0x53,0x2d,0x5b,0x2d,0x53,0x2d,0x5b,0xcc,0x52,0xc7,0x29,0xa8,0x59,0x88,0xb1,0xc8,0x69,0xa7,0x29,
    0xa7,0x29,0xa7,0x29,0xa7,0x29,0x87,0x29,0x87,0x29,0x87,0x29,0x87,0x29,0x87,0x29,0xa7,0x29,0xa7,0x31,0x87,0x29,0x87,0x29,0x87,0x29,0x87,0x29,0x87,0x29,0x87,0x29,0x87,0x29,0xa7,0x31,0xa7,0x29,0xc7,0x21,0xc7,0x29,0xa7,0x29,
    0x00,0x00,0x00,0x00,0xeb,0x5a,0xeb,0x39,0xeb,0x39,0xeb,0x39,0xeb,0x39,0xeb,0x3a,0xe7,0x39,0xe7,0x39,0xeb,0x3a,0xeb,0x39,0xeb,0x39,0xeb,0x39,0xeb,0x39,0xeb,0x39,0xeb,0x39,0xe7,0x19,0xe7,0x59,0xe7,0x79,0x00,0x00,0x00,0x00,
    0x00,0x00,0x00,0x00,0x00,0x00,0x00,0x00,0x00,0x00,0x00,0x00,0x00,0x00,0x00,0x00,0x00,0x00,0x00,0x00,0x00,0x00,0x00,0x00,0x00,0x00,0x00,0x00,0x00,0x00,0x00,0x00,0x00,0x00,0x00,0x00,0x00,0x00,0x00,0x00,0x00,0x00,0x00,0x00,
    0x00,0x00,0x00,0x00,0x00,0x00,0x00,0x00,0x00,0x00,0x00,0x00,0x00,0x00,0x00,0x00,0x00,0x00,0x00,0x00,0x00,0x00,0x00,0x00,0x00,0x00,0x00,0x00,0x00,0x00,0x00,0x00,0x00,0x00,0x00,0x00,0x00,0x00,0x00,0x00,0x00,0x00,0x00,0x00,
    0x00,0x00,0x01,0x01,0x01,0x01,0x01,0x01,0x01,0x01,0x01,0x01,0x01,0x01,0x01,0x01,0x01,0x01,0x01,0x01,0x00,0x00,0x02,0x01,0x00,0x00,0x00,0x00,0x00,0x00,0x00,0x00,0x00,0x00,0x00,0x00,0x00,0x00,0x00,0x00,0x00,0x00,0x01,0x02,
    0x00,0x00,0x08,0x08,0x08,0x08,0x08,0x08,0x08,0x08,0x08,0x08,0x08,0x08,0x08,0x08,0x08,0x08,0x08,0x08,0x00,0x00,0x30,0xc0,0xe5,0xe5,0xe6,0xe6,0xe6,0xe6,0xe6,0xe6,0xe6,0xe6,0xe6,0xe6,0xe6,0xe6,0xe6,0xe6,0xe5,0xe5,0xc0,0x30,
    0xdb,0xff,0xff,0xff,0xff,0xff,0xff,0xff,0xff,0xff,0xff,0xff,0xff,0xff,0xff,0xff,0xff,0xff,0xff,0xff,0xff,0xdb,0xff,0xfc,0xfe,0xfe,0xfe,0xfe,0xfe,0xfe,0xfe,0xfe,0xfe,0xfe,0xfe,0xfe,0xfe,0xfe,0xfe,0xfe,0xfe,0xfe,0xfc,0xff,
    0xfe,0xff,0xff,0xff,0xff,0xff,0xff,0xff,0xff,0xff,0xff,0xff,0xff,0xff,0xff,0xff,0xff,0xff,0xff,0xff,0xff,0xfe,0xff,0xff,0xff,0xff,0xff,0xff,0xff,0xff,0xff,0xff,0xff,0xff,0xff,0xff,0xff,0xff,0xff,0xff,0xff,0xff,0xff,0xff,
    0xff,0xff,0xff,0xff,0xff,0xff,0xff,0xff,0xff,0xff,0xff,0xff,0xff,0xff,0xff,0xff,0xff,0xff,0xff,0xff,0xff,0xff,0xff,0xff,0xff,0xff,0xff,0xff,0xff,0xff,0xff,0xff,0xff,0xff,0xff,0xff,0xff,0xff,0xff,0xff,0xff,0xff,0xff,0xff,
    0xff,0xff,0xff,0xff,0xff,0xff,0xff,0xff,0xff,0xff,0xff,0xff,0xff,0xff,0xff,0xff,0xff,0xff,0xff,0xff,0xff,0xff,0xff,0xff,0xff,0xff,0xff,0xff,0xff,0xff,0xff,0xff,0xff,0xff,0xff,0xff,0xff,0xff,0xff,0xff,0xff,0xff,0xff,0xff,
    0xff,0xff,0xff,0xff,0xff,0xff,0xff,0xff,0xff,0xff,0xff,0xff,0xff,0xff,0xff,0xff,0xff,0xff,0xff,0xff,0xff,0xff,0xff,0xff,0xff,0xff,0xff,0xff,0xff,0xff,0xff,0xff,0xff,0xff,0xff,0xff,0xff,0xff,0xff,0xff,0xff,0xff,0xff,0xff,
    0xff,0xff,0xff,0xff,0xff,0xff,0xff,0xff,0xff,0xff,0xff,0xff,0xff,0xff,0xff,0xff,0xff,0xff,0xff,0xff,0xff,0xff,0xfe,0xff,0xff,0xff,0xff,0xff,0xff,0xff,0xff,0xff,0xff,0xff,0xff,0xff,0xff,0xff,0xff,0xff,0xff,0xff,0xff,0xfe,
    0xff,0xfc,0xfe,0xfe,0xfe,0xfe,0xfe,0xfe,0xfe,0xfe,0xfe,0xfe,0xfe,0xfe,0xfe,0xfe,0xfe,0xfe,0xfe,0xfe,0xfc,0xff,0xdb,0xff,0xff,0xff,0xff,0xff,0xff,0xff,0xff,0xff,0xff,0xff,0xff,0xff,0xff,0xff,0xff,0xff,0xff,0xff,0xff,0xdb,
    0x30,0xc0,0xe5,0xe5,0xe6,0xe6,0xe6,0xe6,0xe6,0xe6,0xe6,0xe6,0xe6,0xe6,0xe6,0xe6,0xe6,0xe6,0xe5,0xe5,0xc0,0x30,0x00,0x00,0x08,0x08,0x08,0x08,0x08,0x08,0x08,0x08,0x08,0x08,0x08,0x08,0x08,0x08,0x08,0x08,0x08,0x08,0x00,0x00,
    0x02,0x01,0x00,0x00,0x00,0x00,0x00,0x00,0x00,0x00,0x00,0x00,0x00,0x00,0x00,0x00,0x00,0x00,0x00,0x00,0x01,0x02,0x00,0x00,0x01,0x01,0x01,0x01,0x01,0x01,0x01,0x01,0x01,0x01,0x01,0x01,0x01,0x01,0x01,0x01,0x01,0x01,0x00,0x00,

};

const lv_image_dsc_t emoji_pager_22 = {
  .header.magic = LV_IMAGE_HEADER_MAGIC,
  .header.cf = LV_COLOR_FORMAT_RGB565A8,
  .header.flags = 0,
  .header.w = 22,
  .header.h = 22,
  .header.stride = 44,
  .data_size = sizeof(emoji_pager_22_map),
  .data = emoji_pager_22_map,
};




#ifndef LV_ATTRIBUTE_MEM_ALIGN
#define LV_ATTRIBUTE_MEM_ALIGN
#endif

#ifndef LV_ATTRIBUTE_EMOJI_BEE_22
#define LV_ATTRIBUTE_EMOJI_BEE_22
#endif

static const
LV_ATTRIBUTE_MEM_ALIGN LV_ATTRIBUTE_LARGE_CONST LV_ATTRIBUTE_EMOJI_BEE_22
uint8_t emoji_bee_22_map[] = {

    0x00,0x00,0x00,0x00,0x00,0x00,0x00,0x00,0x00,0x00,0xef,0x03,0xc7,0x31,0xa7,0x31,0x00,0x00,0xef,0x7b,0x00,0x00,0x00,0x00,0xef,0x7b,0x00,0x00,0xa7,0x31,0xc7,0x31,0xef,0x03,0x00,0x00,0x00,0x00,0x00,0x00,0x00,0x00,0x00,0x00,
    0x00,0x00,0x00,0x00,0x00,0x00,0x00,0x00,0x00,0x00,0xc7,0x39,0xa7,0x31,0xc8,0x31,0xc7,0x31,0x00,0x00,0x00,0x00,0x00,0x00,0x00,0x00,0xc7,0x31,0xc8,0x31,0xa7,0x31,0xc7,0x39,0x00,0x00,0x00,0x00,0x00,0x00,0x00,0x00,0x00,0x00,
    0x00,0x00,0x00,0x00,0x00,0x00,0x00,0x00,0xef,0x7b,0x00,0x00,0xa7,0x31,0xc8,0x31,0xa7,0x31,0xe7,0x29,0xc7,0x39,0xc7,0x39,0xe7,0x29,0xa7,0x31,0xc8,0x31,0xa7,0x31,0x00,0x00,0xef,0x7b,0x00,0x00,0x00,0x00,0x00,0x00,0x00,0x00,
    0x00,0x00,0x00,0x00,0x00,0x00,0x00,0x00,0x00,0x00,0x00,0x00,0x00,0x00,0x87,0x29,0xc7,0x31,0xc7,0x31,0xa7,0x31,0xa7,0x31,0xc7,0x31,0xc7,0x31,0x87,0x29,0x00,0x00,0x00,0x00,0x00,0x00,0x00,0x00,0x00,0x00,0x00,0x00,0x00,0x00,
    0x00,0x00,0x00,0x00,0x00,0x00,0x00,0x00,0x00,0x00,0xe7,0x39,0xef,0x03,0xc7,0x31,0xc8,0x31,0xc7,0x31,0xc7,0x31,0xc7,0x31,0xc7,0x31,0xc8,0x31,0xc7,0x31,0xef,0x03,0xe7,0x39,0x00,0x00,0x00,0x00,0x00,0x00,0x00,0x00,0x00,0x00,
    0x00,0x00,0xff,0xff,0xff,0xff,0xf7,0xbd,0xf7,0xbd,0xef,0x7b,0xf7,0xbd,0xc8,0x31,0xe8,0x31,0xc7,0x31,0xc7,0x31,0xc7,0x31,0xc7,0x31,0xe8,0x31,0xc8,0x31,0xf7,0xbd,0xef,0x7b,0xf7,0xbd,0xf7,0xbd,0xff,0xff,0xff,0xff,0x00,0x00,
    0xff,0xff,0x00,0x00,0x00,0x00,0x00,0x00,0x00,0x00,0x00,0x00,0x00,0x00,0x83,0x08,0x86,0x29,0x66,0x21,0x66,0x29,0x66,0x29,0x66,0x21,0x86,0x29,0x83,0x08,0x00,0x00,0x00,0x00,0x00,0x00,0x00,0x00,0x00,0x00,0x00,0x00,0xff,0xff,
    0x00,0x00,0x79,0xbe,0xdc,0xd6,0xbb,0xce,0xbb,0xce,0x9b,0xce,0xbb,0xce,0x5a,0xc6,0x35,0x9d,0x14,0x95,0xd0,0x73,0xd0,0x73,0x14,0x95,0x35,0x9d,0x5a,0xc6,0xbb,0xce,0x9b,0xce,0xbb,0xce,0xbb,0xce,0xdc,0xd6,0x79,0xbe,0x00,0x00,
    0xbb,0xce,0xdc,0xce,0x1d,0xdf,0x3d,0xdf,0x3d,0xdf,0x5d,0xdf,0x3d,0xdf,0xdc,0xce,0x19,0xb6,0xb7,0xa5,0x7b,0xbe,0x5a,0xbe,0xb7,0xa5,0x19,0xb6,0xdc,0xce,0x3d,0xdf,0x5d,0xdf,0x3d,0xdf,0x3d,0xdf,0x1d,0xdf,0xdc,0xce,0xbb,0xce,
    0xbb,0xce,0x1d,0xdf,0xbb,0xce,0x9b,0xce,0x5a,0xbe,0xf8,0xad,0x77,0x9d,0x36,0x95,0x76,0x9d,0x1b,0xae,0x90,0xc5,0x90,0xc5,0x1b,0xae,0x76,0x9d,0x36,0x95,0x77,0x9d,0xf8,0xad,0x5a,0xbe,0x9b,0xce,0xbb,0xce,0x1d,0xdf,0xbb,0xce,
    0x7a,0xc6,0x97,0xa5,0x97,0xa5,0x56,0x9d,0x56,0x9d,0x77,0x9d,0xd8,0xad,0x9a,0xc6,0xfd,0xd6,0xb3,0xbd,0x68,0xfe,0x68,0xfe,0xb3,0xbd,0xfd,0xd6,0x9a,0xc6,0xd8,0xad,0x77,0x9d,0x56,0x9d,0x56,0x9d,0x97,0xa5,0x97,0xa5,0x7a,0xc6,
    0x5a,0xbe,0x19,0xb6,0xd8,0xad,0x39,0xbe,0x7a,0xc6,0xbb,0xce,0x3d,0xdf,0xbb,0xce,0xaf,0x6b,0xc7,0x93,0xc9,0xb4,0xc9,0xb4,0xc7,0x93,0xaf,0x6b,0x9b,0xce,0x3d,0xdf,0xbb,0xce,0x7a,0xc6,0x39,0xbe,0xd8,0xad,0x19,0xb6,0x5a,0xbe,
    0xdb,0xd6,0xfc,0xd6,0x5e,0xdf,0x5d,0xdf,0x3d,0xdf,0xbb,0xce,0xf4,0x94,0x4a,0x42,0x66,0x21,0x67,0x21,0x47,0x21,0x47,0x21,0x67,0x21,0x66,0x21,0x4a,0x42,0xf4,0x94,0xbb,0xce,0x3d,0xdf,0x5d,0xdf,0x5e,0xdf,0xfc,0xd6,0xdb,0xd6,
    0x00,0x00,0x38,0xbe,0xbb,0xce,0xfc,0xd6,0x96,0xa5,0x8a,0x4a,0x86,0x29,0xa7,0x31,0xe8,0x39,0xe7,0x39,0xe7,0x39,0xe7,0x39,0xe7,0x39,0xe8,0x39,0xa7,0x31,0x86,0x29,0x8a,0x4a,0x96,0xa5,0xfc,0xd6,0xbb,0xce,0x38,0xbe,0x00,0x00,
    0xff,0xff,0x00,0x00,0x00,0x00,0x00,0x00,0x00,0x00,0x68,0xd5,0x09,0xee,0xc9,0xe5,0xc9,0xe5,0xc9,0xe5,0xc9,0xe5,0xc9,0xe5,0xc9,0xe5,0xc9,0xe5,0xc9,0xe5,0x09,0xee,0x68,0xd5,0x00,0x00,0x00,0x00,0x00,0x00,0x00,0x00,0xff,0xff,
    0x00,0x00,0xef,0x7b,0xf7,0xbd,0xd2,0xde,0xff,0xff,0xaa,0xfe,0x4a,0xff,0xc9,0xfe,0xc9,0xfe,0xc9,0xfe,0xc9,0xfe,0xc9,0xfe,0xc9,0xfe,0xc9,0xfe,0xc9,0xfe,0x4a,0xff,0xaa,0xfe,0xff,0xff,0xd2,0xde,0xf7,0xbd,0xef,0x7b,0x00,0x00,
    0x00,0x00,0x00,0x00,0x00,0x00,0xaa,0xaa,0x00,0x00,0xe9,0xc4,0x28,0x94,0x08,0x94,0x08,0x9c,0x08,0x9c,0x08,0x9c,0x08,0x9c,0x08,0x9c,0x08,0x9c,0x08,0x94,0x28,0x94,0xe9,0xc4,0x00,0x00,0xaa,0xaa,0x00,0x00,0x00,0x00,0x00,0x00,
    0x00,0x00,0x00,0x00,0x00,0x00,0x00,0x00,0xaa,0x52,0x00,0x00,0x07,0x11,0x88,0x21,0x27,0x19,0x27,0x19,0x47,0x19,0x47,0x19,0x27,0x19,0x27,0x19,0x88,0x21,0x07,0x11,0x00,0x00,0xaa,0x52,0x00,0x00,0x00,0x00,0x00,0x00,0x00,0x00,
    0x00,0x00,0x00,0x00,0x00,0x00,0x00,0x00,0x00,0x00,0xef,0xff,0xe7,0xff,0xe7,0x39,0xa8,0x52,0x68,0x4a,0x47,0x4a,0x47,0x4a,0x68,0x4a,0xa8,0x52,0xe7,0x39,0xe7,0xff,0xef,0xff,0x00,0x00,0x00,0x00,0x00,0x00,0x00,0x00,0x00,0x00,
    0x00,0x00,0x00,0x00,0x00,0x00,0x00,0x00,0x00,0x00,0x00,0xf8,0xe0,0xff,0xff,0xff,0xe9,0xed,0x49,0xf6,0x49,0xfe,0x49,0xfe,0x69,0xfe,0xe9,0xed,0xff,0xff,0xe0,0xff,0x00,0xf8,0x00,0x00,0x00,0x00,0x00,0x00,0x00,0x00,0x00,0x00,
    0x00,0x00,0x00,0x00,0x00,0x00,0x00,0x00,0x00,0x00,0x00,0x00,0x00,0x00,0x00,0x00,0x00,0x00,0x29,0xfe,0xe8,0x62,0xe8,0x62,0xa9,0xfe,0x00,0x00,0x00,0x00,0x00,0x00,0x00,0x00,0x00,0x00,0x00,0x00,0x00,0x00,0x00,0x00,0x00,0x00,
    0x00,0x00,0x00,0x00,0x00,0x00,0x00,0x00,0x00,0x00,0x00,0x00,0x00,0x00,0x00,0x00,0x69,0x93,0x00,0x00,0x47,0x19,0x47,0x19,0x00,0x00,0x69,0x93,0x00,0x00,0x00,0x00,0x00,0x00,0x00,0x00,0x00,0x00,0x00,0x00,0x00,0x00,0x00,0x00,
    0x00,0x00,0x00,0x00,0x01,0x02,0x68,0x4f,0x00,0x02,0x01,0x01,0x02,0x00,0x4f,0x68,0x02,0x01,0x00,0x00,0x00,0x00,0x00,0x00,0x00,0x01,0x00,0x09,0xf4,0xff,0x43,0x00,0x00,0x00,0x00,0x43,0xff,0xf4,0x09,0x00,0x01,0x00,0x00,0x00,
    0x00,0x00,0x00,0x00,0x02,0x00,0x54,0xf3,0xdc,0x11,0x09,0x09,0x11,0xdc,0xf3,0x54,0x00,0x02,0x00,0x00,0x00,0x00,0x00,0x00,0x00,0x00,0x00,0x02,0x00,0x36,0xf5,0xe6,0xe5,0xe5,0xe6,0xf5,0x36,0x00,0x02,0x00,0x00,0x00,0x00,0x00,
    0x00,0x00,0x00,0x00,0x00,0x04,0x02,0x5f,0xfd,0xff,0xff,0xff,0xff,0xfd,0x5f,0x02,0x04,0x00,0x00,0x00,0x00,0x00,0x00,0x01,0x03,0x04,0x04,0x08,0x04,0x8c,0xff,0xf9,0xfe,0xfe,0xf9,0xff,0x8c,0x04,0x08,0x04,0x04,0x03,0x01,0x00,
    0x02,0x00,0x00,0x00,0x00,0x00,0x00,0x50,0xff,0xfc,0xff,0xff,0xfc,0xff,0x50,0x00,0x00,0x00,0x00,0x00,0x00,0x02,0x00,0x14,0x4f,0x5f,0x6e,0x80,0x95,0xb8,0xff,0xff,0xff,0xff,0xff,0xff,0xb8,0x95,0x80,0x6e,0x5f,0x4f,0x14,0x00,
    0x54,0xe8,0xff,0xff,0xff,0xff,0xff,0xff,0xff,0xff,0xff,0xff,0xff,0xff,0xff,0xff,0xff,0xff,0xff,0xff,0xe8,0x54,0xef,0xff,0xfb,0xfb,0xfb,0xfb,0xfb,0xfc,0xff,0xff,0xff,0xff,0xff,0xff,0xfc,0xfb,0xfb,0xfb,0xfb,0xfb,0xff,0xef,
    0xff,0xfc,0xff,0xff,0xff,0xff,0xff,0xff,0xff,0xff,0xff,0xff,0xff,0xff,0xff,0xff,0xff,0xff,0xff,0xff,0xfc,0xff,0xe0,0xff,0xfa,0xfb,0xfc,0xff,0xff,0xff,0xff,0xff,0xff,0xff,0xff,0xff,0xff,0xff,0xff,0xfc,0xfb,0xfa,0xff,0xe0,
    0x46,0xea,0xff,0xff,0xff,0xff,0xff,0xff,0xff,0xff,0xff,0xff,0xff,0xff,0xff,0xff,0xff,0xff,0xff,0xff,0xea,0x46,0x00,0x1b,0x6c,0x82,0x91,0xff,0xff,0xff,0xff,0xff,0xff,0xff,0xff,0xff,0xff,0xff,0xff,0x91,0x82,0x6c,0x1b,0x00,
    0x02,0x00,0x00,0x00,0x06,0xef,0xff,0xfe,0xff,0xff,0xff,0xff,0xff,0xff,0xfe,0xff,0xef,0x06,0x00,0x00,0x00,0x02,0x00,0x02,0x04,0x07,0x02,0xa9,0xff,0xfb,0xff,0xff,0xff,0xff,0xff,0xff,0xfb,0xff,0xa9,0x02,0x07,0x04,0x02,0x00,
    0x00,0x00,0x00,0x03,0x00,0x35,0xff,0xfb,0xfe,0xff,0xff,0xff,0xff,0xfe,0xfb,0xff,0x35,0x00,0x03,0x00,0x00,0x00,0x00,0x00,0x00,0x00,0x03,0x00,0x8f,0xff,0xf9,0xfd,0xff,0xff,0xfd,0xf9,0xff,0x8f,0x00,0x03,0x00,0x00,0x00,0x00,
    0x00,0x00,0x00,0x00,0x01,0x02,0x04,0xab,0xff,0xff,0xff,0xff,0xff,0xff,0xab,0x04,0x02,0x01,0x00,0x00,0x00,0x00,0x00,0x00,0x00,0x00,0x00,0x01,0x01,0x01,0x78,0xe2,0xff,0xff,0xe2,0x78,0x01,0x01,0x01,0x00,0x00,0x00,0x00,0x00,
    0x00,0x00,0x00,0x00,0x00,0x00,0x01,0x00,0x00,0x0d,0xbf,0xbf,0x0d,0x00,0x00,0x01,0x00,0x00,0x00,0x00,0x00,0x00,0x00,0x00,0x00,0x00,0x00,0x00,0x00,0x01,0x07,0x00,0x81,0x81,0x00,0x07,0x01,0x00,0x00,0x00,0x00,0x00,0x00,0x00,

};

const lv_image_dsc_t emoji_bee_22 = {
  .header.magic = LV_IMAGE_HEADER_MAGIC,
  .header.cf = LV_COLOR_FORMAT_RGB565A8,
  .header.flags = 0,
  .header.w = 22,
  .header.h = 22,
  .header.stride = 44,
  .data_size = sizeof(emoji_bee_22_map),
  .data = emoji_bee_22_map,
};




#ifndef LV_ATTRIBUTE_MEM_ALIGN
#define LV_ATTRIBUTE_MEM_ALIGN
#endif

#ifndef LV_ATTRIBUTE_EMOJI_BULB_22
#define LV_ATTRIBUTE_EMOJI_BULB_22
#endif

static const
LV_ATTRIBUTE_MEM_ALIGN LV_ATTRIBUTE_LARGE_CONST LV_ATTRIBUTE_EMOJI_BULB_22
uint8_t emoji_bulb_22_map[] = {

    0x00,0x00,0x00,0x00,0x00,0x00,0x00,0x00,0x00,0x00,0x55,0xfd,0x00,0x00,0xed,0xfd,0xf0,0xfe,0xd0,0xfe,0xd0,0xfe,0xd0,0xfe,0xd0,0xfe,0xf0,0xfe,0x2f,0xfe,0x00,0x00,0x55,0xfd,0x00,0x00,0x00,0x00,0x00,0x00,0x00,0x00,0x00,0x00,
    0x00,0x00,0x00,0x00,0x00,0x00,0x00,0x00,0xef,0xff,0x00,0x00,0x8f,0xfe,0xf0,0xfe,0x31,0xff,0x10,0xff,0xd0,0xfe,0xd0,0xfe,0xf0,0xfe,0x31,0xff,0xf0,0xfe,0xaf,0xfe,0x00,0x00,0xef,0xff,0x00,0x00,0x00,0x00,0x00,0x00,0x00,0x00,
    0x00,0x00,0x00,0x00,0x00,0x00,0xef,0xff,0x00,0x00,0xf0,0xfe,0xf0,0xfe,0x11,0xff,0xb0,0xfe,0xd0,0xfe,0xd0,0xfe,0xd0,0xfe,0xd0,0xfe,0xb0,0xfe,0x11,0xff,0x10,0xff,0xf0,0xfe,0x00,0x00,0xef,0xff,0x00,0x00,0x00,0x00,0x00,0x00,
    0x00,0x00,0x00,0x00,0xe0,0xff,0xff,0xff,0xef,0xfe,0xb0,0xfe,0x11,0xff,0xb0,0xfe,0xd0,0xfe,0xd0,0xfe,0xd0,0xfe,0xd0,0xfe,0xd0,0xfe,0xd0,0xfe,0xd0,0xfe,0x11,0xff,0xd0,0xfe,0xaf,0xfe,0xff,0xff,0xe0,0xff,0x00,0x00,0x00,0x00,
    0x00,0x00,0x00,0x00,0xf5,0xff,0x00,0x00,0xd0,0xfe,0x31,0xff,0xd0,0xfe,0xd0,0xfe,0xd0,0xfe,0xd0,0xfe,0xd0,0xfe,0xd0,0xfe,0xd0,0xfe,0xd0,0xfe,0xd0,0xfe,0xd0,0xfe,0x51,0xff,0xd0,0xfe,0x00,0x00,0xef,0xfd,0x00,0x00,0x00,0x00,
    0x00,0x00,0x00,0x00,0xf5,0xff,0x00,0x00,0xd0,0xfe,0x31,0xff,0xd0,0xfe,0xd0,0xfe,0xd0,0xfe,0xd0,0xfe,0xd0,0xfe,0xd0,0xfe,0xd0,0xfe,0xd0,0xfe,0xd0,0xfe,0xd0,0xfe,0x31,0xff,0xd0,0xfe,0x00,0x00,0xf5,0xff,0x00,0x00,0x00,0x00,
    0x00,0x00,0x00,0x00,0xf5,0xff,0x00,0x00,0xd0,0xfe,0x31,0xff,0xd0,0xfe,0xcf,0xfe,0x6a,0xfe,0xae,0xfe,0xd0,0xfe,0xd0,0xfe,0xae,0xfe,0x6a,0xfe,0xcf,0xfe,0xd0,0xfe,0x31,0xff,0xd0,0xfe,0x00,0x00,0xf5,0xff,0x00,0x00,0x00,0x00,
    0x00,0x00,0x00,0x00,0xf5,0xff,0x00,0x00,0xd0,0xfe,0x31,0xff,0xd0,0xfe,0xd0,0xfe,0x8c,0xfe,0x48,0xfe,0xae,0xfe,0xae,0xfe,0x48,0xfe,0x8c,0xfe,0xd0,0xfe,0xd0,0xfe,0x31,0xff,0xd0,0xfe,0x00,0x00,0xf5,0xff,0x00,0x00,0x00,0x00,
    0x00,0x00,0x00,0x00,0xef,0xfd,0x00,0x00,0xd0,0xfe,0x51,0xff,0xd0,0xfe,0xd0,0xfe,0xd0,0xfe,0x8c,0xfe,0x49,0xfe,0x49,0xfe,0x8c,0xfe,0xd0,0xfe,0xd0,0xfe,0xd0,0xfe,0x51,0xff,0xd0,0xfe,0x00,0x00,0xef,0xfd,0x00,0x00,0x00,0x00,
    0x00,0x00,0x00,0x00,0xef,0xff,0x00,0x00,0xd0,0xfe,0xf0,0xfe,0xd0,0xfe,0xd0,0xfe,0xd0,0xfe,0xd0,0xfe,0x6b,0xfe,0x6b,0xfe,0xd0,0xfe,0xd0,0xfe,0xd0,0xfe,0xd0,0xfe,0xf0,0xfe,0xcf,0xfe,0x00,0x00,0xef,0xff,0x00,0x00,0x00,0x00,
    0x00,0x00,0x00,0x00,0x00,0x00,0x4a,0xfd,0x00,0x00,0xb0,0xfe,0x51,0xff,0xd0,0xfe,0xd0,0xfe,0xd1,0xfe,0x8b,0xfe,0x8b,0xfe,0xd1,0xfe,0xd0,0xfe,0xb0,0xfe,0x51,0xff,0xb0,0xfe,0x00,0x00,0x4a,0xfd,0x00,0x00,0x00,0x00,0x00,0x00,
    0x00,0x00,0x00,0x00,0x00,0x00,0xe0,0xff,0xff,0xff,0x71,0xfe,0xd0,0xfe,0x10,0xff,0xd0,0xfe,0xd1,0xfe,0x8b,0xfe,0x8b,0xfe,0xd1,0xfe,0xd0,0xfe,0x11,0xff,0xd0,0xfe,0x2f,0xff,0xef,0xff,0xe0,0xff,0x00,0x00,0x00,0x00,0x00,0x00,
    0x00,0x00,0x00,0x00,0x00,0x00,0x00,0x00,0xf5,0xff,0x00,0x00,0xd0,0xfe,0x31,0xff,0xd0,0xfe,0xd1,0xfe,0x8b,0xfe,0x8b,0xfe,0xd1,0xfe,0xd0,0xfe,0x31,0xff,0xb0,0xfe,0x00,0x00,0xef,0xfd,0x00,0x00,0x00,0x00,0x00,0x00,0x00,0x00,
    0x00,0x00,0x00,0x00,0x00,0x00,0x00,0x00,0xe0,0xff,0xe0,0xff,0x33,0xff,0xd0,0xfe,0xf0,0xfe,0xd1,0xfe,0x8b,0xfe,0x8b,0xfe,0xd0,0xfe,0x10,0xff,0xaf,0xfe,0xe0,0xff,0xff,0xff,0xe0,0xff,0x00,0x00,0x00,0x00,0x00,0x00,0x00,0x00,
    0x00,0x00,0x00,0x00,0x00,0x00,0x00,0x00,0x00,0x00,0xff,0xff,0x00,0x00,0xcf,0xfe,0x30,0xff,0xd0,0xfe,0x6a,0xfe,0x6b,0xfe,0xd1,0xfe,0x13,0xf7,0xd5,0xee,0x7b,0xce,0xe0,0xff,0xff,0xff,0x00,0x00,0x00,0x00,0x00,0x00,0x00,0x00,
    0x00,0x00,0x00,0x00,0x00,0x00,0x00,0x00,0x00,0x00,0xff,0xff,0xdb,0xb6,0x16,0xc6,0x97,0xce,0x97,0xd6,0xb7,0xde,0xd9,0xde,0xdb,0xd6,0xbb,0xce,0xdc,0xce,0x9b,0xce,0x00,0x00,0xff,0xff,0x00,0x00,0x00,0x00,0x00,0x00,0x00,0x00,
    0x00,0x00,0x00,0x00,0x00,0x00,0x00,0x00,0xff,0xff,0x00,0x00,0xbb,0xce,0xdc,0xce,0x9b,0xc6,0x5b,0xbe,0x3a,0xb6,0xf9,0xad,0x97,0xa5,0xd8,0xad,0x56,0x9d,0x00,0x00,0xf7,0x7b,0x00,0x00,0x00,0x00,0x00,0x00,0x00,0x00,0x00,0x00,
    0x00,0x00,0x00,0x00,0x00,0x00,0x00,0x00,0x00,0x00,0xf7,0x7b,0xff,0xff,0x76,0x9d,0xd8,0xa5,0x76,0x9d,0x97,0xa5,0xd8,0xad,0x19,0xb6,0x7a,0xc6,0xdc,0xce,0xbb,0xce,0x00,0x00,0xff,0xff,0x00,0x00,0x00,0x00,0x00,0x00,0x00,0x00,
    0x00,0x00,0x00,0x00,0x00,0x00,0x00,0x00,0xff,0xff,0xff,0xff,0xbb,0xce,0x9b,0xc6,0xbb,0xce,0xbb,0xce,0xbb,0xce,0xbb,0xce,0x7a,0xc6,0x7a,0xc6,0x19,0xb6,0xdb,0xce,0xff,0x7b,0xff,0xff,0x00,0x00,0x00,0x00,0x00,0x00,0x00,0x00,
    0x00,0x00,0x00,0x00,0x00,0x00,0x00,0x00,0xff,0xff,0xff,0xff,0xbb,0xce,0x9b,0xc6,0x3a,0xbe,0xd8,0xad,0x77,0x9d,0x36,0x95,0x56,0x9d,0xd8,0xa5,0x16,0x95,0x00,0x00,0xf7,0x7b,0x00,0x00,0x00,0x00,0x00,0x00,0x00,0x00,0x00,0x00,
    0x00,0x00,0x00,0x00,0x00,0x00,0x00,0x00,0x00,0x00,0x00,0x00,0x00,0x00,0x00,0x00,0xb8,0xa5,0x7a,0xc6,0xdc,0xce,0xdc,0xce,0x9b,0xc6,0x18,0xb6,0x79,0xce,0xff,0xff,0x00,0x00,0x00,0x00,0x00,0x00,0x00,0x00,0x00,0x00,0x00,0x00,
    0x00,0x00,0x00,0x00,0x00,0x00,0x00,0x00,0x00,0x00,0x00,0x00,0xff,0xff,0xff,0xff,0x00,0x00,0x9e,0xe7,0x1c,0xd7,0x1c,0xd7,0x3c,0xdf,0x00,0x00,0x00,0x00,0x00,0x00,0x00,0x00,0x00,0x00,0x00,0x00,0x00,0x00,0x00,0x00,0x00,0x00,
    0x00,0x00,0x00,0x00,0x00,0x03,0x00,0x10,0x79,0xcc,0xee,0xee,0xd1,0x81,0x17,0x00,0x03,0x00,0x00,0x00,0x00,0x00,0x00,0x00,0x00,0x00,0x02,0x00,0x3b,0xd5,0xff,0xff,0xff,0xff,0xff,0xff,0xde,0x44,0x00,0x02,0x00,0x00,0x00,0x00,
    0x00,0x00,0x00,0x02,0x00,0x35,0xf6,0xff,0xfc,0xfd,0xfe,0xfe,0xfe,0xfc,0xff,0xf9,0x3b,0x00,0x02,0x00,0x00,0x00,0x00,0x00,0x01,0x01,0x08,0xd6,0xff,0xfb,0xff,0xff,0xff,0xff,0xff,0xff,0xfb,0xff,0xdc,0x0c,0x01,0x01,0x00,0x00,
    0x00,0x00,0x03,0x00,0x58,0xff,0xfb,0xff,0xff,0xff,0xff,0xff,0xff,0xff,0xff,0xfb,0xff,0x5d,0x00,0x04,0x00,0x00,0x00,0x00,0x03,0x00,0xa4,0xfe,0xfb,0xff,0xff,0xff,0xff,0xff,0xff,0xff,0xff,0xfb,0xfe,0xa4,0x00,0x03,0x00,0x00,
    0x00,0x00,0x03,0x00,0xb8,0xff,0xfc,0xff,0xff,0xff,0xff,0xff,0xff,0xff,0xff,0xfc,0xff,0xb9,0x00,0x03,0x00,0x00,0x00,0x00,0x03,0x00,0xb6,0xff,0xfc,0xff,0xff,0xff,0xff,0xff,0xff,0xff,0xff,0xfc,0xff,0xb5,0x00,0x03,0x00,0x00,
    0x00,0x00,0x04,0x00,0x8c,0xff,0xfb,0xff,0xff,0xff,0xff,0xff,0xff,0xff,0xff,0xfb,0xff,0x8b,0x00,0x04,0x00,0x00,0x00,0x00,0x02,0x00,0x30,0xfe,0xfd,0xfe,0xff,0xff,0xff,0xff,0xff,0xff,0xfe,0xfd,0xfd,0x2e,0x00,0x02,0x00,0x00,
    0x00,0x00,0x00,0x03,0x00,0x98,0xff,0xfc,0xff,0xff,0xff,0xff,0xff,0xff,0xfc,0xff,0x92,0x00,0x03,0x00,0x00,0x00,0x00,0x00,0x00,0x01,0x01,0x0f,0xde,0xfe,0xfd,0xff,0xff,0xff,0xff,0xfd,0xff,0xd6,0x0a,0x02,0x01,0x00,0x00,0x00,
    0x00,0x00,0x00,0x00,0x03,0x00,0x58,0xff,0xfc,0xff,0xff,0xff,0xff,0xfd,0xff,0x4e,0x00,0x04,0x00,0x00,0x00,0x00,0x00,0x00,0x00,0x00,0x01,0x01,0x0a,0xe7,0xff,0xfe,0xff,0xff,0xfd,0xff,0xd7,0x01,0x01,0x01,0x00,0x00,0x00,0x00,
    0x00,0x00,0x00,0x00,0x00,0x01,0x00,0xbd,0xff,0xfc,0xff,0xff,0xfd,0xfe,0xd2,0x14,0x01,0x01,0x00,0x00,0x00,0x00,0x00,0x00,0x00,0x00,0x00,0x02,0x07,0xbc,0xff,0xfc,0xff,0xff,0xfe,0xfd,0xf7,0x38,0x00,0x02,0x00,0x00,0x00,0x00,
    0x00,0x00,0x00,0x00,0x03,0x00,0x3c,0xfe,0xfd,0xff,0xff,0xff,0xfb,0xff,0xaa,0x00,0x04,0x00,0x00,0x00,0x00,0x00,0x00,0x00,0x00,0x00,0x00,0x04,0x01,0xae,0xff,0xfb,0xff,0xff,0xfe,0xfd,0xf6,0x37,0x00,0x02,0x00,0x00,0x00,0x00,
    0x00,0x00,0x00,0x00,0x02,0x01,0x2a,0xed,0xfc,0xfc,0xff,0xff,0xfb,0xfd,0xd0,0x14,0x02,0x01,0x00,0x00,0x00,0x00,0x00,0x00,0x00,0x00,0x02,0x01,0x24,0xbc,0xff,0xff,0xfc,0xfc,0xff,0xff,0x7e,0x00,0x04,0x00,0x00,0x00,0x00,0x00,
    0x00,0x00,0x00,0x00,0x00,0x01,0x00,0x00,0x52,0xe0,0xff,0xff,0xe1,0x52,0x05,0x02,0x00,0x00,0x00,0x00,0x00,0x00,0x00,0x00,0x00,0x00,0x00,0x00,0x01,0x01,0x00,0x16,0x63,0x63,0x16,0x00,0x00,0x00,0x00,0x00,0x00,0x00,0x00,0x00,

};

const lv_image_dsc_t emoji_bulb_22 = {
  .header.magic = LV_IMAGE_HEADER_MAGIC,
  .header.cf = LV_COLOR_FORMAT_RGB565A8,
  .header.flags = 0,
  .header.w = 22,
  .header.h = 22,
  .header.stride = 44,
  .data_size = sizeof(emoji_bulb_22_map),
  .data = emoji_bulb_22_map,
};




#ifndef LV_ATTRIBUTE_MEM_ALIGN
#define LV_ATTRIBUTE_MEM_ALIGN
#endif

#ifndef LV_ATTRIBUTE_EMOJI_CAT_22
#define LV_ATTRIBUTE_EMOJI_CAT_22
#endif

static const
LV_ATTRIBUTE_MEM_ALIGN LV_ATTRIBUTE_LARGE_CONST LV_ATTRIBUTE_EMOJI_CAT_22
uint8_t emoji_cat_22_map[] = {

    0x00,0x00,0xf3,0xff,0x00,0x00,0x00,0x00,0x00,0x00,0xe7,0xfd,0x00,0x00,0x00,0x00,0x00,0x00,0x00,0x00,0x00,0x00,0x00,0x00,0x00,0x00,0x00,0x00,0x00,0x00,0x00,0x00,0xe7,0xfd,0x00,0x00,0x00,0x00,0x00,0x00,0xf3,0xff,0x00,0x00,
    0xaa,0xfe,0x08,0xfe,0x69,0xfe,0xca,0xfe,0xc8,0xfd,0x00,0x00,0xe0,0xff,0xe0,0xff,0x00,0x00,0xe0,0xff,0xe0,0xff,0xe0,0xff,0xe0,0xff,0x00,0x00,0xe0,0xff,0xe0,0xff,0x00,0x00,0xc8,0xfd,0xca,0xfe,0x69,0xfe,0x08,0xfe,0xaa,0xfe,
    0x0b,0xff,0x26,0xfd,0xe5,0xfc,0x49,0xfe,0xaa,0xfe,0x69,0xfe,0x00,0x00,0x00,0x00,0xe7,0xfd,0x00,0x00,0x00,0x00,0x00,0x00,0x00,0x00,0xe7,0xfd,0x00,0x00,0x00,0x00,0x69,0xfe,0xaa,0xfe,0x49,0xfe,0xe5,0xfc,0x26,0xfd,0x0b,0xff,
    0x2b,0xff,0x06,0xf5,0x44,0xf4,0x44,0xf4,0xa7,0xfd,0xea,0xfe,0x69,0xfe,0xaa,0xfe,0x00,0x00,0xaa,0xfe,0xaa,0xfe,0xaa,0xfe,0xaa,0xfe,0x00,0x00,0xaa,0xfe,0x69,0xfe,0xea,0xfe,0xa7,0xfd,0x44,0xf4,0x44,0xf4,0x06,0xf5,0x2b,0xff,
    0xef,0xff,0x47,0xf5,0x64,0xf4,0x06,0xf5,0x87,0xfd,0x08,0xfe,0xea,0xfe,0x49,0xfe,0x69,0xfe,0x69,0xfe,0x29,0xfe,0x29,0xfe,0x69,0xfe,0x69,0xfe,0x49,0xfe,0xea,0xfe,0x08,0xfe,0x87,0xfd,0x06,0xf5,0x64,0xf4,0x47,0xf5,0xef,0xff,
    0x00,0x00,0xc8,0xfd,0xa4,0xfc,0xe5,0xf4,0x8a,0xfe,0x49,0xfe,0x69,0xfe,0x89,0xfe,0x89,0xfe,0xca,0xfe,0xc8,0xfd,0xa7,0xfd,0xca,0xfe,0x89,0xfe,0x89,0xfe,0x69,0xfe,0x49,0xfe,0x8a,0xfe,0xe5,0xf4,0xa4,0xfc,0xc8,0xfd,0x00,0x00,
    0x00,0x00,0x49,0xfe,0x05,0xfd,0xc5,0xf4,0x69,0xfe,0x69,0xfe,0x69,0xfe,0x49,0xfe,0x06,0xf5,0x49,0xfe,0xa7,0xfd,0x87,0xfd,0x49,0xfe,0x06,0xf5,0x49,0xfe,0x69,0xfe,0x69,0xfe,0x69,0xfe,0xc5,0xf4,0x05,0xfd,0x49,0xfe,0x00,0x00,
    0x00,0x00,0xca,0xfe,0xa7,0xfd,0x29,0xfe,0x69,0xfe,0x49,0xfe,0x49,0xfe,0x8a,0xfe,0x67,0xfd,0xc8,0xfd,0xc8,0xfd,0xa7,0xfd,0xc8,0xfd,0x67,0xfd,0x8a,0xfe,0x49,0xfe,0x49,0xfe,0x69,0xfe,0x29,0xfe,0xa7,0xfd,0xca,0xfe,0x00,0x00,
    0x00,0x00,0x6c,0xfe,0x69,0xfe,0x8a,0xfe,0x49,0xfe,0x69,0xfe,0x49,0xfe,0x8a,0xfe,0xa8,0xfd,0x87,0xfd,0xc8,0xfd,0xa7,0xfd,0x87,0xfd,0xa8,0xfd,0x8a,0xfe,0x49,0xfe,0x69,0xfe,0x49,0xfe,0x8a,0xfe,0x69,0xfe,0x6c,0xfe,0x00,0x00,
    0x00,0x00,0x69,0xfe,0x89,0xfe,0x69,0xfe,0x69,0xfe,0x69,0xfe,0x49,0xfe,0x89,0xfe,0x08,0xfe,0x08,0xfe,0xa7,0xfd,0x87,0xfd,0x08,0xfe,0x08,0xfe,0x89,0xfe,0x49,0xfe,0x69,0xfe,0x69,0xfe,0x69,0xfe,0x89,0xfe,0x69,0xfe,0x00,0x00,
    0x00,0x00,0x49,0xfe,0xca,0xfe,0x69,0xfe,0x69,0xfe,0x69,0xfe,0x69,0xfe,0x29,0xf6,0x89,0xfe,0x8a,0xfe,0x08,0xfe,0xe8,0xfd,0x8a,0xfe,0x89,0xfe,0x29,0xf6,0x69,0xfe,0x69,0xfe,0x69,0xfe,0x69,0xfe,0xca,0xfe,0x49,0xfe,0x00,0x00,
    0x00,0x00,0x69,0xfe,0xca,0xfe,0x69,0xfe,0x49,0xfe,0x89,0xfe,0x67,0x7b,0x86,0x29,0xa8,0xb4,0x89,0xfe,0x49,0xfe,0x69,0xfe,0x89,0xfe,0xa8,0xb4,0x86,0x29,0x67,0x7b,0x89,0xfe,0x49,0xfe,0x69,0xfe,0xca,0xfe,0x69,0xfe,0x00,0x00,
    0x00,0x00,0x69,0xfe,0xca,0xfe,0x69,0xfe,0x69,0xfe,0x69,0xfe,0x26,0x42,0x65,0x00,0xa7,0x8b,0xc9,0xfe,0x49,0xfe,0x49,0xfe,0xc9,0xfe,0xa7,0x8b,0x65,0x00,0x26,0x42,0x69,0xfe,0x69,0xfe,0x69,0xfe,0xca,0xfe,0x49,0xfe,0x00,0x00,
    0x00,0x00,0x48,0xfe,0xa9,0xfe,0x48,0xfe,0x48,0xfe,0x68,0xfe,0x68,0xd5,0x28,0x9c,0x09,0xf6,0x69,0xfe,0x69,0xfe,0x69,0xfe,0x69,0xfe,0x09,0xf6,0x28,0x9c,0x68,0xd5,0x68,0xfe,0x48,0xfe,0x48,0xfe,0xa9,0xfe,0x48,0xfe,0x00,0x00,
    0xf9,0xff,0x8d,0xfe,0x0f,0xff,0xaf,0xfe,0xaf,0xfe,0xad,0xfe,0xab,0xfe,0xca,0xfe,0x69,0xfe,0x69,0xfe,0x49,0xfe,0x49,0xfe,0x69,0xfe,0x69,0xfe,0xca,0xfe,0xab,0xfe,0xad,0xfe,0xaf,0xfe,0xaf,0xfe,0xef,0xfe,0x8d,0xfe,0x73,0xce,
    0x98,0xff,0xf1,0xfe,0x10,0xff,0xae,0xfe,0xae,0xfe,0xd0,0xfe,0xd0,0xfe,0x49,0xfe,0x89,0xfe,0xcb,0xf4,0x2d,0xeb,0x2d,0xeb,0xcb,0xf4,0x89,0xfe,0x49,0xfe,0xd0,0xfe,0xd0,0xfe,0xae,0xfe,0xae,0xfe,0x10,0xff,0xf2,0xfe,0x77,0xff,
    0x00,0x00,0x04,0xfe,0xa8,0xfe,0x8b,0xfe,0xae,0xfe,0xcf,0xfe,0xf1,0xfe,0xd0,0xfe,0x89,0xfe,0x4b,0xf5,0xcd,0xea,0xcd,0xea,0x4b,0xf5,0x89,0xfe,0xb0,0xfe,0xf1,0xfe,0xcf,0xfe,0xae,0xfe,0x8b,0xfe,0xa8,0xfe,0x04,0xfe,0x00,0x00,
    0x55,0xfd,0x36,0xff,0x13,0xff,0x32,0xff,0xcf,0xfe,0x8d,0xfe,0x8c,0xfe,0xab,0xfe,0x89,0xfe,0xe8,0xfe,0xac,0xd4,0x6c,0xcc,0xe8,0xfe,0x89,0xfe,0xab,0xfe,0x8c,0xfe,0x8d,0xfe,0xcf,0xfe,0x32,0xff,0x13,0xff,0x36,0xff,0x55,0xfd,
    0x76,0xff,0x37,0xff,0x78,0xff,0x48,0xfe,0xc9,0xfe,0x69,0xfe,0x29,0xfe,0x6b,0xcd,0xab,0xd5,0xcd,0xac,0x8d,0x94,0xad,0x94,0xad,0xa4,0xab,0xd5,0x6b,0xcd,0x09,0xf6,0x89,0xfe,0xc9,0xfe,0x48,0xfe,0x78,0xff,0x37,0xff,0x76,0xff,
    0x00,0x00,0x00,0x00,0x00,0x00,0x00,0x00,0x6a,0xfe,0x89,0xfe,0xca,0xfe,0x6d,0xc5,0xed,0xac,0x6b,0xcd,0x69,0xfe,0x89,0xfe,0x6b,0xcd,0xed,0xac,0x6d,0xc5,0xaa,0xfe,0x89,0xfe,0x4a,0xfe,0x00,0x00,0x00,0x00,0x00,0x00,0x00,0x00,
    0x00,0x00,0xf5,0xff,0xef,0xff,0xef,0xff,0x00,0x00,0x4a,0xfe,0x89,0xfe,0xa9,0xfe,0xa9,0xfe,0xa9,0xfe,0xaa,0xfe,0xaa,0xfe,0xa9,0xfe,0xa9,0xfe,0xa9,0xfe,0xa9,0xfe,0xca,0xfd,0x00,0x00,0xef,0xff,0xef,0xff,0xf5,0xff,0x00,0x00,
    0x00,0x00,0x00,0x00,0x00,0x00,0x00,0x00,0xea,0xff,0x00,0x00,0x00,0x00,0x00,0x00,0xea,0xe5,0x4a,0xfe,0x69,0xfe,0x69,0xfe,0x4a,0xfe,0xea,0xe5,0x00,0x00,0x00,0x00,0x00,0x00,0xea,0xff,0x00,0x00,0x00,0x00,0x00,0x00,0x00,0x00,
    0x00,0x05,0x00,0x00,0x00,0x04,0x00,0x00,0x00,0x00,0x00,0x00,0x00,0x00,0x00,0x00,0x04,0x00,0x00,0x00,0x05,0x00,0x0c,0xc1,0xc5,0x6a,0x12,0x00,0x01,0x01,0x00,0x01,0x01,0x01,0x01,0x00,0x01,0x01,0x00,0x12,0x6a,0xc5,0xc1,0x0c,
    0x2d,0xff,0xff,0xff,0xe4,0x68,0x00,0x00,0x04,0x00,0x00,0x00,0x00,0x04,0x00,0x00,0x68,0xe4,0xff,0xff,0xff,0x2d,0x26,0xf6,0xfc,0xfa,0xff,0xff,0xb1,0x0c,0x00,0x06,0x13,0x13,0x06,0x00,0x0c,0xb1,0xff,0xff,0xfa,0xfc,0xf6,0x26,
    0x0e,0xe3,0xff,0xfe,0xfd,0xfb,0xff,0xc8,0xa9,0xd9,0xf0,0xf0,0xd9,0xa9,0xc8,0xff,0xfb,0xfd,0xfe,0xff,0xe3,0x0e,0x00,0xbb,0xff,0xfc,0xff,0xff,0xfc,0xff,0xff,0xff,0xff,0xff,0xff,0xff,0xff,0xfc,0xff,0xff,0xfc,0xff,0xbb,0x00,
    0x00,0x7e,0xff,0xfb,0xff,0xff,0xff,0xfd,0xfc,0xfd,0xfe,0xfe,0xfd,0xfc,0xfd,0xff,0xff,0xff,0xfb,0xff,0x7e,0x00,0x00,0x35,0xfc,0xfe,0xff,0xff,0xff,0xff,0xff,0xff,0xff,0xff,0xff,0xff,0xff,0xff,0xff,0xff,0xfe,0xfc,0x35,0x00,
    0x00,0x05,0xe2,0xff,0xfd,0xff,0xff,0xff,0xff,0xff,0xff,0xff,0xff,0xff,0xff,0xff,0xff,0xfd,0xff,0xe2,0x05,0x00,0x00,0x33,0xfc,0xfe,0xfe,0xff,0xff,0xff,0xff,0xff,0xff,0xff,0xff,0xff,0xff,0xff,0xff,0xfe,0xfe,0xfc,0x33,0x00,
    0x00,0x6c,0xff,0xfb,0xff,0xff,0xff,0xff,0xff,0xff,0xff,0xff,0xff,0xff,0xff,0xff,0xff,0xff,0xfb,0xff,0x6c,0x00,0x00,0x92,0xff,0xfb,0xff,0xff,0xff,0xff,0xff,0xff,0xff,0xff,0xff,0xff,0xff,0xff,0xff,0xff,0xfb,0xff,0x92,0x00,
    0x00,0xb2,0xff,0xfc,0xff,0xff,0xff,0xff,0xff,0xff,0xff,0xff,0xff,0xff,0xff,0xff,0xff,0xff,0xfc,0xff,0xb2,0x00,0x00,0xbf,0xff,0xfc,0xff,0xff,0xff,0xff,0xff,0xff,0xff,0xff,0xff,0xff,0xff,0xff,0xff,0xff,0xfc,0xff,0xc1,0x00,
    0x05,0xcc,0xff,0xfc,0xff,0xff,0xff,0xff,0xff,0xff,0xff,0xff,0xff,0xff,0xff,0xff,0xff,0xff,0xfc,0xff,0xcd,0x05,0x11,0xd5,0xff,0xfc,0xff,0xff,0xff,0xff,0xff,0xff,0xff,0xff,0xff,0xff,0xff,0xff,0xff,0xff,0xfc,0xff,0xd4,0x10,
    0x00,0x53,0xfd,0xfa,0xff,0xff,0xff,0xff,0xff,0xff,0xff,0xff,0xff,0xff,0xff,0xff,0xff,0xff,0xfa,0xfd,0x53,0x00,0x03,0x55,0xf2,0xff,0xfc,0xfe,0xff,0xff,0xff,0xff,0xff,0xff,0xff,0xff,0xff,0xff,0xfe,0xfc,0xff,0xf2,0x55,0x03,
    0x0e,0x7f,0x2b,0x95,0xff,0xff,0xfb,0xfc,0xfe,0xff,0xff,0xff,0xff,0xfe,0xfc,0xfb,0xff,0xff,0x95,0x2b,0x7f,0x0e,0x00,0x00,0x00,0x00,0x67,0xe7,0xff,0xff,0xff,0xfe,0xfc,0xfc,0xfe,0xff,0xff,0xff,0xe7,0x67,0x00,0x00,0x00,0x00,
    0x00,0x03,0x02,0x02,0x00,0x13,0x6e,0xc1,0xf1,0xff,0xff,0xff,0xff,0xf1,0xc1,0x6e,0x13,0x00,0x02,0x02,0x03,0x00,0x00,0x00,0x00,0x00,0x03,0x00,0x00,0x00,0x20,0x4e,0x69,0x69,0x4e,0x20,0x00,0x00,0x00,0x03,0x00,0x00,0x00,0x00,

};

const lv_image_dsc_t emoji_cat_22 = {
  .header.magic = LV_IMAGE_HEADER_MAGIC,
  .header.cf = LV_COLOR_FORMAT_RGB565A8,
  .header.flags = 0,
  .header.w = 22,
  .header.h = 22,
  .header.stride = 44,
  .data_size = sizeof(emoji_cat_22_map),
  .data = emoji_cat_22_map,
};




#ifndef LV_ATTRIBUTE_MEM_ALIGN
#define LV_ATTRIBUTE_MEM_ALIGN
#endif

#ifndef LV_ATTRIBUTE_EMOJI_FLEUR_22
#define LV_ATTRIBUTE_EMOJI_FLEUR_22
#endif

static const
LV_ATTRIBUTE_MEM_ALIGN LV_ATTRIBUTE_LARGE_CONST LV_ATTRIBUTE_EMOJI_FLEUR_22
uint8_t emoji_fleur_22_map[] = {

    0x00,0x00,0x00,0x00,0x00,0x00,0x00,0x00,0x00,0x00,0x00,0x00,0x00,0x00,0x1f,0x00,0x55,0xad,0x00,0x00,0x7b,0xac,0x7b,0xac,0x00,0x00,0x55,0xad,0x1f,0x00,0x00,0x00,0x00,0x00,0x00,0x00,0x00,0x00,0x00,0x00,0x00,0x00,0x00,0x00,
    0x00,0x00,0x00,0x00,0x00,0x00,0x00,0x00,0x00,0x00,0x00,0x00,0x00,0x00,0x55,0xad,0x00,0x00,0x7a,0xac,0xbc,0xb4,0xbc,0xb4,0x5a,0xac,0x00,0x00,0x55,0xad,0x00,0x00,0x00,0x00,0x00,0x00,0x00,0x00,0x00,0x00,0x00,0x00,0x00,0x00,
    0x00,0x00,0x00,0x00,0x00,0x00,0x00,0x00,0x00,0x00,0x00,0x00,0xff,0x7b,0x00,0x00,0x5a,0xa4,0x7b,0xac,0x7b,0xac,0x7b,0xac,0x7b,0xac,0x5a,0xa4,0x00,0x00,0xff,0x7b,0x00,0x00,0x00,0x00,0x00,0x00,0x00,0x00,0x00,0x00,0x00,0x00,
    0x00,0x00,0x00,0x00,0x00,0x00,0x00,0x00,0x00,0x00,0x00,0x00,0xf7,0x7b,0x00,0x00,0x7b,0xac,0xbc,0xb4,0x7a,0xac,0x7a,0xac,0xbc,0xb4,0x7b,0xac,0x00,0x00,0xf7,0x7b,0x00,0x00,0x00,0x00,0x00,0x00,0x00,0x00,0x00,0x00,0x00,0x00,
    0x00,0x00,0x00,0x00,0xb5,0xaa,0xb5,0x52,0x1f,0xf8,0xb5,0xaa,0xf7,0x79,0x7b,0x93,0x7b,0xac,0x9b,0xac,0x7a,0xac,0x7a,0xac,0x9b,0xac,0x7b,0xac,0xff,0xab,0xf7,0x79,0xb5,0xaa,0x0f,0x78,0xb5,0x52,0xb5,0xaa,0x00,0x00,0x00,0x00,
    0x1f,0x00,0x00,0x00,0x00,0x00,0x00,0x00,0x00,0x00,0x00,0x00,0x00,0x00,0xfb,0xb4,0x7a,0xac,0x7b,0xac,0x7a,0xac,0x7a,0xac,0x7b,0xac,0x7a,0xac,0xfc,0xb4,0x00,0x00,0x00,0x00,0x00,0x00,0x00,0x00,0x00,0x00,0x00,0x00,0x1f,0x00,
    0x00,0x00,0xef,0x7b,0x75,0x72,0x75,0x72,0x75,0x72,0x95,0x72,0x75,0x72,0xf8,0x9b,0x7b,0xac,0x7b,0xac,0x7a,0xac,0x7a,0xac,0x7b,0xac,0x7b,0xac,0xd9,0x9b,0x75,0x72,0x95,0x72,0x75,0x72,0x95,0x72,0x95,0x72,0xb5,0x52,0x00,0x00,
    0x56,0x7a,0x75,0x72,0xb7,0x7a,0x96,0x7a,0x96,0x7a,0x96,0x7a,0x96,0x7a,0xb5,0x7a,0x5a,0xac,0x7b,0xac,0x7b,0xac,0x7b,0xac,0x7b,0xac,0x5a,0xac,0xb5,0x7a,0x96,0x7a,0x96,0x7a,0x96,0x7a,0x96,0x7a,0xb7,0x7a,0x75,0x72,0xb5,0x72,
    0x75,0x72,0xb7,0x7a,0x75,0x72,0x75,0x72,0x75,0x72,0x75,0x72,0x75,0x72,0x96,0x7a,0x3a,0xa4,0x7b,0xac,0x7b,0xac,0x7b,0xac,0x7b,0xac,0x3a,0xa4,0xb6,0x7a,0x75,0x72,0x75,0x72,0x75,0x72,0x75,0x72,0x75,0x72,0xb6,0x7a,0x75,0x72,
    0x75,0x72,0x75,0x72,0x75,0x72,0x96,0x7a,0x96,0x7a,0x96,0x7a,0x75,0x72,0x75,0x72,0x19,0x9c,0x9b,0xac,0x7b,0xac,0x7b,0xac,0x9b,0xac,0x19,0x9c,0x75,0x72,0x75,0x72,0x96,0x7a,0x96,0x7a,0x96,0x7a,0x75,0x72,0x75,0x72,0x75,0x72,
    0x75,0x72,0x75,0x72,0x75,0x72,0x75,0x72,0x75,0x72,0x75,0x72,0x95,0x72,0x75,0x72,0xb8,0x93,0x9b,0xac,0x7a,0xac,0x7a,0xac,0x9b,0xac,0xb8,0x93,0x75,0x72,0x75,0x72,0x75,0x72,0x75,0x72,0x75,0x72,0x75,0x72,0x75,0x72,0x75,0x72,
    0x75,0x72,0x96,0x7a,0x75,0x72,0x00,0x00,0x00,0x00,0x00,0x00,0x95,0x7a,0x55,0x72,0x58,0x8b,0x9b,0xac,0x7b,0xac,0x7b,0xac,0x9b,0xac,0x58,0x8b,0x55,0x72,0x95,0x72,0x00,0x00,0x00,0x00,0x00,0x00,0x75,0x72,0x96,0x7a,0x75,0x72,
    0x75,0x72,0x75,0x72,0xf7,0x79,0xb5,0xaa,0x93,0x61,0x56,0x6a,0x00,0x00,0x34,0x6a,0xf8,0x82,0x3a,0xa4,0x3a,0xa4,0x3a,0xa4,0x3a,0xa4,0xf8,0x82,0x34,0x6a,0x00,0x00,0x56,0x6a,0xf7,0x79,0xef,0x79,0x00,0x00,0x75,0x72,0x75,0x72,
    0x00,0x00,0x55,0x72,0xb5,0x7a,0x00,0x00,0x1f,0x00,0xef,0x7b,0xf7,0x7a,0x39,0x93,0x5a,0x93,0x39,0x93,0x39,0x93,0x39,0x93,0x39,0x93,0x5a,0x93,0x39,0x93,0xf7,0x7a,0xef,0x7b,0x00,0x00,0x00,0x00,0x73,0x62,0x95,0x72,0x00,0x00,
    0x0f,0x78,0x00,0x00,0x00,0x00,0x1f,0xf8,0xf7,0x79,0x00,0x00,0x59,0x93,0x7b,0x9b,0x39,0x93,0x39,0x93,0x39,0x93,0x39,0x93,0x39,0x93,0x39,0x93,0x7b,0x9b,0x59,0x93,0x00,0x00,0xf7,0x79,0x1f,0xf8,0x00,0x00,0x00,0x00,0x1f,0xf8,
    0x00,0x00,0xef,0x7b,0x00,0x00,0x00,0x00,0x00,0x00,0xef,0x79,0x39,0x8b,0x5a,0x9b,0x39,0x93,0x39,0x93,0x39,0x93,0x39,0x93,0x39,0x93,0x39,0x93,0x5a,0x9b,0x39,0x93,0xef,0x79,0x00,0x00,0x00,0x00,0x00,0x00,0xef,0x7b,0x00,0x00,
    0x00,0x00,0x0f,0x78,0x00,0x00,0x75,0x72,0x34,0x72,0x00,0x00,0x00,0x00,0x18,0x8b,0x5a,0x9b,0x39,0x93,0x39,0x93,0x39,0x93,0x39,0x93,0x5a,0x9b,0x18,0x8b,0x00,0x00,0x00,0x00,0x34,0x72,0x75,0x72,0x00,0x00,0x0f,0x78,0x00,0x00,
    0x00,0x00,0xef,0x79,0x00,0x00,0x75,0x72,0x75,0x72,0x55,0x72,0x75,0x72,0x55,0x72,0x58,0x8b,0x5b,0xac,0x3a,0xa4,0x3a,0xa4,0x5b,0xac,0x58,0x8b,0x55,0x72,0x95,0x72,0x74,0x72,0x75,0x72,0x75,0x72,0x00,0x00,0xef,0x79,0x00,0x00,
    0x00,0x00,0x0f,0x78,0x00,0x00,0x54,0x72,0x75,0x72,0xb7,0x82,0x96,0x7a,0x55,0x72,0x78,0x93,0x9b,0xac,0x7a,0xac,0x7a,0xac,0x9b,0xac,0x78,0x93,0x55,0x72,0x96,0x7a,0xb7,0x82,0x75,0x72,0x55,0x72,0x00,0x00,0x0f,0x78,0x00,0x00,
    0x00,0x00,0x00,0x00,0xef,0x7b,0x00,0x00,0x75,0x72,0x96,0x7a,0x95,0x72,0x55,0x72,0x17,0x83,0x9b,0xac,0x7b,0xac,0x7b,0xac,0x9b,0xac,0x17,0x83,0x55,0x72,0x95,0x72,0x96,0x7a,0x75,0x72,0x00,0x00,0xef,0x7b,0x00,0x00,0x00,0x00,
    0x00,0x00,0x00,0x00,0x00,0x00,0x1f,0xf8,0x00,0x00,0x52,0x6a,0x96,0x7a,0x95,0x72,0x00,0x00,0x7a,0xac,0xbc,0xb4,0xbc,0xb4,0x7a,0xac,0x00,0x00,0xb5,0x7a,0x96,0x7a,0x52,0x6a,0x00,0x00,0x1f,0xf8,0x00,0x00,0x00,0x00,0x00,0x00,
    0x00,0x00,0x00,0x00,0x00,0x00,0x00,0x00,0xb5,0x52,0x00,0x00,0x00,0x00,0x00,0x00,0x55,0xad,0x9b,0xb4,0x7b,0xac,0x7b,0xac,0x9b,0xb4,0x55,0xad,0x00,0x00,0x00,0x00,0x00,0x00,0xb5,0x52,0x00,0x00,0x00,0x00,0x00,0x00,0x00,0x00,
    0x00,0x00,0x00,0x00,0x00,0x00,0x00,0x01,0x03,0x00,0xaa,0xaa,0x00,0x03,0x01,0x00,0x00,0x00,0x00,0x00,0x00,0x00,0x00,0x00,0x00,0x00,0x00,0x00,0x00,0x03,0x00,0x6e,0xff,0xff,0x70,0x00,0x03,0x00,0x00,0x00,0x00,0x00,0x00,0x00,
    0x00,0x00,0x00,0x00,0x00,0x00,0x02,0x00,0x23,0xf8,0xfd,0xfd,0xf8,0x23,0x00,0x02,0x00,0x00,0x00,0x00,0x00,0x00,0x00,0x00,0x00,0x00,0x00,0x00,0x04,0x00,0x90,0xff,0xfb,0xfb,0xff,0x90,0x00,0x04,0x00,0x00,0x00,0x00,0x00,0x00,
    0x00,0x01,0x03,0x03,0x01,0x03,0x04,0x07,0xd9,0xfe,0xfd,0xfd,0xfe,0xd9,0x06,0x04,0x03,0x02,0x03,0x03,0x01,0x00,0x01,0x00,0x00,0x00,0x00,0x00,0x00,0x15,0xf6,0xff,0xfe,0xfe,0xff,0xf6,0x15,0x00,0x00,0x00,0x00,0x00,0x00,0x01,
    0x00,0x02,0x5d,0xa4,0xbb,0xad,0x6a,0x29,0xf5,0xff,0xfe,0xfe,0xff,0xf5,0x28,0x6a,0xad,0xba,0xa5,0x5f,0x03,0x00,0x0e,0xb7,0xff,0xff,0xff,0xff,0xff,0xe4,0xf8,0xff,0xff,0xff,0xff,0xf8,0xe3,0xff,0xff,0xff,0xff,0xff,0xb9,0x0f,
    0x9b,0xff,0xf9,0xf8,0xf8,0xf8,0xfb,0xff,0xff,0xff,0xff,0xff,0xff,0xff,0xff,0xfb,0xf8,0xf8,0xf8,0xf9,0xff,0x9f,0xf5,0xfd,0xff,0xff,0xff,0xff,0xff,0xfc,0xff,0xff,0xff,0xff,0xff,0xff,0xfc,0xff,0xff,0xff,0xff,0xff,0xfd,0xf9,
    0xfe,0xfe,0xf2,0x97,0x74,0xa2,0xf4,0xff,0xfe,0xff,0xff,0xff,0xff,0xfe,0xff,0xf6,0xa5,0x76,0x93,0xf1,0xfe,0xff,0xdc,0xff,0x42,0x00,0x00,0x00,0x2c,0xdf,0xfe,0xfd,0xff,0xff,0xfd,0xfe,0xe3,0x2f,0x00,0x00,0x00,0x40,0xfe,0xe0,
    0x56,0xe0,0x04,0x03,0x05,0x07,0x00,0x4e,0xff,0xfc,0xff,0xff,0xfc,0xff,0x54,0x00,0x07,0x04,0x04,0x00,0xde,0x5f,0x00,0x2f,0x0c,0x00,0x01,0x02,0x08,0xaa,0xff,0xfd,0xff,0xff,0xfd,0xff,0xa9,0x08,0x02,0x01,0x00,0x0a,0x2f,0x00,
    0x02,0x00,0x00,0x01,0x04,0x00,0x42,0xff,0xfd,0xff,0xff,0xff,0xff,0xfd,0xff,0x44,0x00,0x04,0x01,0x00,0x00,0x01,0x00,0x02,0x00,0x00,0x00,0x04,0x42,0xff,0xfd,0xff,0xff,0xff,0xff,0xfd,0xff,0x43,0x04,0x00,0x00,0x00,0x02,0x00,
    0x00,0x02,0x00,0x32,0x19,0x00,0x00,0xb8,0xff,0xfc,0xff,0xff,0xfc,0xff,0xb8,0x00,0x00,0x19,0x30,0x00,0x02,0x00,0x00,0x04,0x00,0x62,0xd3,0x5b,0x78,0xe4,0xfb,0xfe,0xff,0xff,0xfe,0xfb,0xe4,0x79,0x5c,0xd3,0x60,0x00,0x04,0x00,
    0x00,0x02,0x01,0x1c,0xfd,0xff,0xff,0xff,0xff,0xff,0xff,0xff,0xff,0xff,0xff,0xff,0xff,0xfd,0x1c,0x01,0x02,0x00,0x00,0x00,0x02,0x00,0x4b,0xde,0xff,0xf7,0xbc,0xff,0xfe,0xfe,0xff,0xbc,0xf7,0xff,0xde,0x4b,0x00,0x02,0x00,0x00,
    0x00,0x00,0x00,0x01,0x00,0x0e,0x2e,0x23,0x00,0x9b,0xff,0xff,0x9a,0x00,0x23,0x2e,0x0e,0x00,0x01,0x00,0x00,0x00,0x00,0x00,0x00,0x00,0x03,0x00,0x00,0x00,0x03,0x07,0xb8,0xb8,0x07,0x03,0x00,0x00,0x00,0x03,0x00,0x00,0x00,0x00,

};

const lv_image_dsc_t emoji_fleur_22 = {
  .header.magic = LV_IMAGE_HEADER_MAGIC,
  .header.cf = LV_COLOR_FORMAT_RGB565A8,
  .header.flags = 0,
  .header.w = 22,
  .header.h = 22,
  .header.stride = 44,
  .data_size = sizeof(emoji_fleur_22_map),
  .data = emoji_fleur_22_map,
};




#ifndef LV_ATTRIBUTE_MEM_ALIGN
#define LV_ATTRIBUTE_MEM_ALIGN
#endif

#ifndef LV_ATTRIBUTE_EMOJI_MOON_22
#define LV_ATTRIBUTE_EMOJI_MOON_22
#endif

static const
LV_ATTRIBUTE_MEM_ALIGN LV_ATTRIBUTE_LARGE_CONST LV_ATTRIBUTE_EMOJI_MOON_22
uint8_t emoji_moon_22_map[] = {

    0x00,0x00,0x00,0x00,0x00,0x00,0xaa,0x52,0x00,0x00,0x00,0x00,0xf0,0x6b,0x90,0x63,0x8f,0x5b,0x10,0xad,0x90,0xf6,0xd0,0xfe,0xd0,0xfe,0xd0,0xfe,0xf0,0xfe,0xf0,0xfe,0x00,0x00,0x00,0x00,0x4a,0xfd,0x00,0x00,0x00,0x00,0x00,0x00,
    0x00,0x00,0x00,0x00,0xaa,0x52,0x00,0x00,0x6d,0x5b,0xd0,0x6b,0xb0,0x63,0xd0,0x6b,0xf1,0xcd,0x11,0xff,0xd0,0xfe,0xd0,0xfe,0xd0,0xfe,0x10,0xff,0x31,0xff,0xf0,0xfe,0xf0,0xfe,0x8f,0xfe,0x00,0x00,0x55,0xfd,0x00,0x00,0x00,0x00,
    0x00,0x00,0xef,0x7b,0x00,0x00,0x6f,0x63,0xb0,0x6b,0xf1,0x6b,0x90,0x63,0xd0,0xd5,0xed,0xfe,0x8c,0xfe,0xd0,0xfe,0xd0,0xfe,0xd0,0xfe,0xd0,0xfe,0xd0,0xfe,0xd0,0xfe,0x51,0xff,0xf0,0xfe,0x8f,0xfe,0x00,0x00,0xef,0xff,0x00,0x00,
    0xef,0x7b,0x00,0x00,0xaf,0x63,0xd0,0x6b,0xf0,0x6b,0x6f,0x5b,0x30,0xad,0x0f,0xff,0x49,0xfe,0x48,0xfe,0xad,0xfe,0xd0,0xfe,0xd0,0xfe,0xd0,0xfe,0x8b,0xfe,0x6a,0xfe,0x6b,0xfe,0x10,0xff,0xf0,0xfe,0xd0,0xfe,0x00,0x00,0xef,0xff,
    0xef,0x7b,0xcf,0x6b,0xb0,0x63,0xd0,0x6b,0x8f,0x63,0x10,0x7c,0xb0,0xfe,0xd0,0xfe,0x8c,0xfe,0x6a,0xfe,0xaf,0xfe,0xd0,0xfe,0xd0,0xfe,0x8d,0xfe,0x48,0xfe,0x69,0xfe,0x49,0xfe,0x8b,0xfe,0x31,0xff,0xd0,0xfe,0xef,0xfe,0xef,0xff,
    0x00,0x00,0xaf,0x63,0xf1,0x6b,0x4e,0x5b,0x4f,0x5b,0x70,0xbd,0x10,0xff,0xb0,0xfe,0xd0,0xfe,0xd0,0xfe,0xd0,0xfe,0xd0,0xfe,0xd0,0xfe,0x8c,0xfe,0x49,0xfe,0x6a,0xfe,0x49,0xfe,0x8b,0xfe,0xd0,0xfe,0x51,0xff,0xd0,0xfe,0x00,0x00,
    0xb0,0x63,0xaf,0x63,0xb0,0x63,0x8f,0x63,0xcf,0x6b,0x70,0xf6,0xd0,0xfe,0xd0,0xfe,0xd0,0xfe,0xd0,0xfe,0xd0,0xfe,0xd0,0xfe,0xd0,0xfe,0xaf,0xfe,0x69,0xfe,0x49,0xfe,0x69,0xfe,0xae,0xfe,0xd0,0xfe,0xd0,0xfe,0xd0,0xfe,0xd0,0xfe,
    0xaf,0x63,0xd0,0x6b,0xaf,0x63,0x8f,0x5b,0x90,0x8c,0xf0,0xfe,0xd0,0xfe,0xd0,0xfe,0xd0,0xfe,0xcf,0xfe,0xd0,0xfe,0xd0,0xfe,0xd0,0xfe,0xd0,0xfe,0xaf,0xfe,0xad,0xfe,0xaf,0xfe,0xd0,0xfe,0xd0,0xfe,0xd0,0xfe,0x31,0xff,0xd0,0xfe,
    0xaf,0x63,0xd0,0x6b,0xaf,0x6b,0x6f,0x5b,0x10,0xad,0x10,0xff,0xb0,0xfe,0xd0,0xfe,0x8c,0xfe,0x69,0xfe,0x6a,0xfe,0xaf,0xfe,0xd0,0xfe,0xd0,0xfe,0xd0,0xfe,0xd0,0xfe,0xd0,0xfe,0xd0,0xfe,0xd0,0xfe,0xd0,0xfe,0x10,0xff,0xd0,0xfe,
    0xaf,0x63,0xb0,0x63,0xb0,0x6b,0x6f,0x5b,0x90,0xc5,0xf0,0xfe,0xd0,0xfe,0xaf,0xfe,0x69,0xfe,0x69,0xfe,0x49,0xfe,0x8c,0xfe,0xd0,0xfe,0xd0,0xfe,0xd0,0xfe,0xd0,0xfe,0xd0,0xfe,0xd0,0xfe,0xd0,0xfe,0xd0,0xfe,0xd1,0xfe,0xd0,0xfe,
    0xb0,0x63,0x8f,0x63,0x6f,0x63,0x6f,0x5b,0xb0,0xcd,0xf0,0xfe,0xd0,0xfe,0xd0,0xfe,0x6a,0xfe,0x49,0xfe,0x48,0xfe,0x8d,0xfe,0xd0,0xfe,0xd0,0xfe,0xd0,0xfe,0xd0,0xfe,0xd0,0xfe,0xd0,0xfe,0xd0,0xfe,0xae,0xfe,0x8c,0xfe,0xd0,0xfe,
    0xaf,0x63,0x4f,0x5b,0x2e,0x5b,0x2f,0x53,0xb0,0xcd,0xf0,0xfe,0xd0,0xfe,0xd0,0xfe,0xaf,0xfe,0x8c,0xfe,0x8d,0xfe,0xd0,0xfe,0xd0,0xfe,0xd0,0xfe,0xd0,0xfe,0xd0,0xfe,0xd0,0xfe,0xd0,0xfe,0xd0,0xfe,0xae,0xfe,0x8c,0xfe,0xd0,0xfe,
    0xaf,0x63,0x8f,0x63,0x4e,0x5b,0x4f,0x5b,0x90,0xc5,0xf0,0xfe,0xd0,0xfe,0xd0,0xfe,0xd0,0xfe,0xd0,0xfe,0xd0,0xfe,0xd0,0xfe,0xd0,0xfe,0xd0,0xfe,0xd0,0xfe,0xaf,0xfe,0xcf,0xfe,0xd0,0xfe,0xd0,0xfe,0xd0,0xfe,0xd1,0xfe,0xd0,0xfe,
    0xaf,0x63,0xd0,0x6b,0xaf,0x6b,0x6f,0x5b,0x10,0xad,0x10,0xff,0xb0,0xfe,0xd0,0xfe,0xd0,0xfe,0xd0,0xfe,0xd0,0xfe,0xd0,0xfe,0xd0,0xfe,0xd0,0xfe,0xae,0xfe,0x69,0xfe,0x6a,0xfe,0xcf,0xfe,0xd0,0xfe,0xd0,0xfe,0x10,0xff,0xd0,0xfe,
    0xaf,0x63,0xd0,0x6b,0xaf,0x63,0x8f,0x5b,0x90,0x8c,0xf0,0xfe,0xd0,0xfe,0xd0,0xfe,0xae,0xfe,0xae,0xfe,0xd0,0xfe,0xd0,0xfe,0xd0,0xfe,0xd0,0xfe,0xae,0xfe,0x49,0xfe,0x69,0xfe,0xcf,0xfe,0xd0,0xfe,0xd0,0xfe,0x31,0xff,0xd0,0xfe,
    0xb0,0x63,0xaf,0x63,0xb0,0x63,0x8f,0x63,0xcf,0x6b,0x70,0xf6,0xd0,0xfe,0x6b,0xfe,0x49,0xfe,0x49,0xfe,0x8c,0xfe,0xd0,0xfe,0xd0,0xfe,0xd0,0xfe,0xd0,0xfe,0xae,0xfe,0xaf,0xfe,0xd0,0xfe,0xd0,0xfe,0xf0,0xfe,0xd0,0xfe,0xd0,0xfe,
    0x00,0x00,0xaf,0x63,0xf1,0x6b,0xaf,0x63,0x6f,0x5b,0x70,0xbd,0xee,0xfe,0x49,0xfe,0x69,0xfe,0x69,0xfe,0x69,0xfe,0xd0,0xfe,0xd0,0xfe,0xd0,0xfe,0xd0,0xfe,0xd0,0xfe,0xd0,0xfe,0xd0,0xfe,0xb0,0xfe,0x51,0xff,0xd0,0xfe,0x00,0x00,
    0xef,0x7b,0xcf,0x6b,0xb0,0x63,0xd0,0x6b,0x8f,0x63,0x10,0x7c,0xaf,0xfe,0x69,0xfe,0x49,0xfe,0x49,0xfe,0x6a,0xfe,0xd0,0xfe,0xd0,0xfe,0xd0,0xfe,0xd0,0xfe,0xd0,0xfe,0xd0,0xfe,0xd0,0xfe,0x11,0xff,0xd0,0xfe,0xef,0xfe,0xef,0xff,
    0xef,0x7b,0x00,0x00,0xaf,0x63,0xb0,0x6b,0xf0,0x6b,0x6f,0x5b,0x30,0xad,0xcd,0xfe,0x4a,0xfe,0x6a,0xfe,0xae,0xfe,0xd1,0xfe,0x8c,0xfe,0xae,0xfe,0xd0,0xfe,0xd0,0xfe,0xd0,0xfe,0x11,0xff,0xf0,0xfe,0xd0,0xfe,0x00,0x00,0xef,0xff,
    0x00,0x00,0xef,0x7b,0x00,0x00,0x6f,0x63,0xb0,0x6b,0xf1,0x6b,0x90,0x63,0xd0,0xd5,0x10,0xff,0xb0,0xfe,0xd0,0xfe,0xd0,0xfe,0x8d,0xfe,0xae,0xfe,0xd0,0xfe,0xd0,0xfe,0x51,0xff,0xf0,0xfe,0xaf,0xfe,0x00,0x00,0xef,0xff,0x00,0x00,
    0x00,0x00,0x00,0x00,0xaa,0x52,0x00,0x00,0x6d,0x5b,0xd0,0x6b,0xb0,0x63,0xd0,0x6b,0xd0,0xcd,0x10,0xff,0xd0,0xfe,0xd0,0xfe,0xd1,0xfe,0x11,0xff,0x31,0xff,0xf0,0xfe,0xf0,0xfe,0x8f,0xfe,0x00,0x00,0x55,0xfd,0x00,0x00,0x00,0x00,
    0x00,0x00,0x00,0x00,0x00,0x00,0xaa,0x52,0x00,0x00,0x00,0x00,0xf0,0x6b,0x90,0x63,0x8f,0x5b,0x10,0xad,0x90,0xf6,0xd0,0xfe,0xd0,0xfe,0xd0,0xfe,0xf0,0xfe,0xf0,0xfe,0x00,0x00,0x00,0x00,0x4a,0xfd,0x00,0x00,0x00,0x00,0x00,0x00,
    0x00,0x00,0x00,0x03,0x00,0x00,0x25,0x7e,0xc8,0xef,0xff,0xff,0xf4,0xcb,0x84,0x28,0x00,0x00,0x03,0x00,0x00,0x00,0x00,0x00,0x03,0x00,0x10,0x8b,0xee,0xff,0xff,0xff,0xff,0xff,0xff,0xff,0xff,0xf0,0x8f,0x11,0x00,0x03,0x00,0x00,
    0x00,0x02,0x00,0x30,0xd9,0xff,0xff,0xfc,0xfd,0xfe,0xff,0xff,0xff,0xfd,0xfc,0xff,0xff,0xda,0x31,0x00,0x02,0x00,0x02,0x00,0x2e,0xed,0xff,0xfa,0xfe,0xff,0xff,0xff,0xff,0xff,0xff,0xff,0xff,0xfe,0xfa,0xff,0xed,0x2f,0x00,0x02,
    0x02,0x11,0xdd,0xff,0xfb,0xff,0xff,0xff,0xff,0xff,0xff,0xff,0xff,0xff,0xff,0xff,0xff,0xfb,0xff,0xdd,0x10,0x02,0x00,0x90,0xff,0xfb,0xff,0xff,0xff,0xff,0xff,0xff,0xff,0xff,0xff,0xff,0xff,0xff,0xff,0xff,0xfb,0xff,0x91,0x00,
    0x23,0xf4,0xfd,0xfe,0xff,0xff,0xff,0xff,0xff,0xff,0xff,0xff,0xff,0xff,0xff,0xff,0xff,0xff,0xfe,0xfd,0xf5,0x24,0x84,0xff,0xfc,0xff,0xff,0xff,0xff,0xff,0xff,0xff,0xff,0xff,0xff,0xff,0xff,0xff,0xff,0xff,0xff,0xfc,0xff,0x84,
    0xcb,0xfe,0xfd,0xff,0xff,0xff,0xff,0xff,0xff,0xff,0xff,0xff,0xff,0xff,0xff,0xff,0xff,0xff,0xff,0xfd,0xfe,0xcb,0xf4,0xff,0xff,0xff,0xff,0xff,0xff,0xff,0xff,0xff,0xff,0xff,0xff,0xff,0xff,0xff,0xff,0xff,0xff,0xff,0xff,0xf4,
    0xff,0xff,0xff,0xff,0xff,0xff,0xff,0xff,0xff,0xff,0xff,0xff,0xff,0xff,0xff,0xff,0xff,0xff,0xff,0xff,0xff,0xff,0xff,0xff,0xff,0xff,0xff,0xff,0xff,0xff,0xff,0xff,0xff,0xff,0xff,0xff,0xff,0xff,0xff,0xff,0xff,0xff,0xff,0xff,
    0xf4,0xff,0xff,0xff,0xff,0xff,0xff,0xff,0xff,0xff,0xff,0xff,0xff,0xff,0xff,0xff,0xff,0xff,0xff,0xff,0xff,0xf4,0xcb,0xfe,0xfd,0xff,0xff,0xff,0xff,0xff,0xff,0xff,0xff,0xff,0xff,0xff,0xff,0xff,0xff,0xff,0xff,0xfd,0xfe,0xcb,
    0x84,0xff,0xfc,0xff,0xff,0xff,0xff,0xff,0xff,0xff,0xff,0xff,0xff,0xff,0xff,0xff,0xff,0xff,0xff,0xfc,0xff,0x84,0x23,0xf4,0xfd,0xfe,0xff,0xff,0xff,0xff,0xff,0xff,0xff,0xff,0xff,0xff,0xff,0xff,0xff,0xff,0xfe,0xfd,0xf5,0x24,
    0x00,0x90,0xff,0xfb,0xff,0xff,0xff,0xff,0xff,0xff,0xff,0xff,0xff,0xff,0xff,0xff,0xff,0xff,0xfb,0xff,0x91,0x00,0x02,0x11,0xdd,0xff,0xfb,0xff,0xff,0xff,0xff,0xff,0xff,0xff,0xff,0xff,0xff,0xff,0xff,0xfb,0xff,0xdd,0x10,0x02,
    0x02,0x00,0x2f,0xed,0xff,0xfa,0xfe,0xff,0xff,0xff,0xff,0xff,0xff,0xff,0xff,0xfe,0xfa,0xff,0xed,0x2f,0x00,0x02,0x00,0x02,0x00,0x30,0xd9,0xff,0xff,0xfc,0xfd,0xfe,0xff,0xff,0xff,0xfd,0xfc,0xff,0xff,0xda,0x31,0x00,0x02,0x00,
    0x00,0x00,0x03,0x00,0x10,0x8b,0xee,0xff,0xff,0xff,0xff,0xff,0xff,0xff,0xff,0xf0,0x8f,0x11,0x00,0x03,0x00,0x00,0x00,0x00,0x00,0x03,0x00,0x00,0x25,0x7e,0xc8,0xef,0xff,0xff,0xf4,0xcb,0x84,0x28,0x00,0x00,0x03,0x00,0x00,0x00,

};

const lv_image_dsc_t emoji_moon_22 = {
  .header.magic = LV_IMAGE_HEADER_MAGIC,
  .header.cf = LV_COLOR_FORMAT_RGB565A8,
  .header.flags = 0,
  .header.w = 22,
  .header.h = 22,
  .header.stride = 44,
  .data_size = sizeof(emoji_moon_22_map),
  .data = emoji_moon_22_map,
};




#ifndef LV_ATTRIBUTE_MEM_ALIGN
#define LV_ATTRIBUTE_MEM_ALIGN
#endif

#ifndef LV_ATTRIBUTE_EMOJI_COFFEE_22
#define LV_ATTRIBUTE_EMOJI_COFFEE_22
#endif

static const
LV_ATTRIBUTE_MEM_ALIGN LV_ATTRIBUTE_LARGE_CONST LV_ATTRIBUTE_EMOJI_COFFEE_22
uint8_t emoji_coffee_22_map[] = {

    0x00,0x00,0x00,0x00,0x00,0x00,0x00,0x00,0x55,0xfd,0xff,0xff,0x11,0xd5,0x92,0xf5,0x10,0xdd,0x00,0x00,0x10,0xdd,0x10,0xdd,0x00,0x00,0xff,0xff,0x00,0x00,0x00,0x00,0x00,0x00,0x00,0x00,0x00,0x00,0x00,0x00,0x00,0x00,0x00,0x00,
    0x00,0x00,0x00,0x00,0x00,0x00,0xff,0xff,0xff,0xff,0x00,0x00,0x00,0x00,0xae,0xdc,0x31,0xe5,0xf0,0xd4,0xcf,0xd4,0x51,0xed,0xf0,0xdc,0x00,0x00,0x9b,0xce,0xbb,0xce,0xbb,0xce,0xbb,0xce,0xfc,0xd6,0xbb,0xce,0x55,0xad,0x00,0x00,
    0x00,0x00,0xef,0x7b,0x00,0x00,0x00,0x00,0x00,0x00,0x7a,0xc6,0xfc,0xd6,0x5f,0xcf,0x73,0xd5,0x52,0xdd,0x5f,0xcf,0x38,0xde,0xcf,0xdc,0x79,0xce,0xfc,0xd6,0x5d,0xdf,0xdb,0xce,0xbb,0xce,0xbb,0xce,0x9f,0xef,0x9b,0xce,0xff,0xff,
    0xff,0xff,0x00,0x00,0x00,0x78,0xbb,0xce,0x1d,0xd7,0x1d,0xd7,0x3d,0xdf,0xdb,0xd6,0x73,0xdd,0xf1,0xcc,0x96,0xbd,0x54,0xbd,0xf0,0xd4,0xd6,0xd5,0x59,0xc6,0xdb,0xce,0x1d,0xd7,0x1d,0xd7,0x9a,0xce,0xdc,0xd6,0xfc,0xd6,0xbc,0xce,
    0x00,0x00,0x59,0xce,0xfc,0xd6,0x7e,0xdf,0x59,0xce,0x70,0xac,0xea,0x92,0x4a,0xa3,0x10,0xdd,0xc8,0x9a,0xc4,0x79,0x46,0x8a,0xf0,0xdc,0x4a,0xa3,0x47,0x82,0x2b,0x9b,0x70,0xac,0x7a,0xce,0x1d,0xd7,0xbb,0xce,0xdc,0xce,0xdb,0xce,
    0x79,0xce,0xbb,0xce,0x5e,0xdf,0x2f,0xa4,0x46,0x8a,0x05,0x82,0x05,0x82,0x8e,0xcc,0x0d,0xbc,0x26,0x82,0x46,0x82,0xec,0xbb,0xf0,0xd4,0x87,0x8a,0x46,0x8a,0x26,0x8a,0x05,0x82,0x46,0x8a,0x50,0xa4,0xdc,0xd6,0xbb,0xce,0xbb,0xce,
    0xbb,0xce,0x3d,0xdf,0xcd,0x9b,0xe4,0x81,0x67,0x8a,0x67,0x8a,0x87,0x8a,0xf0,0xdc,0x2a,0xa3,0x06,0x82,0xa8,0x92,0x10,0xdd,0x6a,0xab,0x26,0x82,0x67,0x8a,0x67,0x8a,0x67,0x8a,0x47,0x8a,0xe4,0x81,0xce,0xa3,0xfc,0xd6,0xbb,0xce,
    0x1d,0xcf,0x59,0xce,0x26,0x82,0x67,0x8a,0x67,0x8a,0x47,0x8a,0x47,0x8a,0xaf,0xd4,0x0c,0xbc,0x05,0x82,0x2a,0xa3,0xf0,0xdc,0x87,0x8a,0x46,0x8a,0x47,0x8a,0x47,0x8a,0x47,0x8a,0x47,0x8a,0x67,0x8a,0x26,0x82,0x59,0xce,0x1d,0xcf,
    0x7e,0xe7,0x79,0xce,0x26,0x8a,0x67,0x8a,0x67,0x8a,0x67,0x8a,0x26,0x82,0x4a,0xa3,0x10,0xdd,0x87,0x92,0xe9,0x9a,0x10,0xdd,0xa8,0x92,0x46,0x82,0x47,0x8a,0x47,0x8a,0x47,0x8a,0x67,0x8a,0x67,0x8a,0x26,0x8a,0x59,0xce,0x7e,0xdf,
    0xbe,0xf7,0x5e,0xe7,0x0f,0xa4,0xe5,0x81,0x46,0x8a,0x67,0x8a,0x67,0x8a,0x47,0x8a,0xc8,0x92,0x67,0x8a,0x46,0x8a,0x8f,0xcc,0x6e,0xcc,0x26,0x82,0x67,0x8a,0x67,0x8a,0x67,0x8a,0x46,0x8a,0xe5,0x81,0x2f,0xa4,0x3d,0xdf,0x9e,0xf7,
    0x5e,0xef,0xbf,0xf7,0x5d,0xdf,0xb2,0xac,0x88,0x8a,0x05,0x82,0x25,0x82,0x46,0x8a,0x26,0x82,0x67,0x8a,0x46,0x8a,0xa8,0x92,0x2a,0xa3,0x46,0x8a,0x46,0x8a,0x25,0x82,0x05,0x82,0x88,0x8a,0xb2,0xac,0x7e,0xe7,0xbf,0xf7,0x1c,0xe7,
    0x00,0x00,0x9e,0xf7,0xff,0xff,0x9f,0xe7,0x7a,0xce,0xd2,0xac,0x8c,0x9b,0xc9,0x8a,0x67,0x8a,0x26,0x8a,0x26,0x8a,0x06,0x82,0x05,0x82,0x67,0x8a,0xc9,0x8a,0x8c,0x9b,0xd2,0xac,0x7a,0xce,0x9e,0xe7,0xff,0xff,0x9e,0xef,0x00,0x00,
    0x7b,0xc6,0x5d,0xe7,0xdf,0xff,0xdf,0xf7,0xdf,0xf7,0xbf,0xef,0x5d,0xdf,0xbb,0xd6,0x38,0xc6,0xb7,0xbd,0xb6,0xbd,0xb6,0xbd,0xd7,0xbd,0x38,0xc6,0xbb,0xd6,0x5d,0xdf,0xbf,0xef,0xdf,0xf7,0xdf,0xf7,0xdf,0xf7,0x1d,0xdf,0x9b,0xc6,
    0xbb,0xce,0xfc,0xd6,0xbe,0xf7,0xdf,0xf7,0xbf,0xf7,0xdf,0xf7,0xdf,0xf7,0xdf,0xf7,0xdf,0xf7,0xdf,0xf7,0xdf,0xf7,0xdf,0xf7,0xdf,0xf7,0xdf,0xf7,0xdf,0xf7,0xdf,0xf7,0xdf,0xf7,0xbf,0xf7,0xdf,0xf7,0x7e,0xef,0xfc,0xd6,0xbb,0xce,
    0xdb,0xce,0x9b,0xce,0x3d,0xdf,0xdf,0xff,0xbf,0xf7,0xdf,0xf7,0xbf,0xf7,0xdf,0xf7,0xdf,0xf7,0xdf,0xf7,0xdf,0xf7,0xdf,0xf7,0xdf,0xf7,0xdf,0xf7,0xdf,0xf7,0xbf,0xf7,0xbf,0xf7,0xdf,0xf7,0xdf,0xf7,0xfc,0xd6,0xbb,0xce,0xbb,0xce,
    0xbb,0xce,0xbb,0xce,0xbb,0xce,0x7e,0xef,0xdf,0xff,0xbf,0xf7,0xdf,0xf7,0xdf,0xf7,0xdf,0xf7,0xdf,0xf7,0xdf,0xf7,0xdf,0xf7,0xdf,0xf7,0xdf,0xf7,0xdf,0xf7,0xdf,0xf7,0xdf,0xf7,0xdf,0xff,0x3d,0xdf,0xbb,0xce,0xbb,0xce,0xbb,0xce,
    0x19,0xb6,0xdc,0xd6,0xbb,0xce,0xbb,0xce,0x7e,0xef,0xdf,0xff,0xdf,0xf7,0xbf,0xf7,0xdf,0xf7,0xdf,0xf7,0xdf,0xf7,0xdf,0xf7,0xdf,0xf7,0xdf,0xf7,0xbf,0xf7,0xdf,0xf7,0xdf,0xff,0x3d,0xe7,0xbb,0xce,0xbb,0xce,0xdc,0xd6,0x19,0xb6,
    0x56,0x9d,0xbb,0xc6,0xdc,0xd6,0xbb,0xce,0xbb,0xce,0x3d,0xe7,0xbf,0xf7,0xdf,0xff,0xdf,0xf7,0xdf,0xf7,0xdf,0xf7,0xdf,0xf7,0xdf,0xf7,0xdf,0xf7,0xdf,0xff,0xbe,0xf7,0x1c,0xdf,0x9b,0xce,0xbb,0xce,0xdc,0xd6,0xbb,0xc6,0x56,0x9d,
    0x15,0x8d,0x77,0x9d,0x9b,0xc6,0xdb,0xce,0xdb,0xce,0xbb,0xce,0xdc,0xd6,0x3d,0xdf,0x7e,0xef,0x9e,0xef,0xbe,0xf7,0xbe,0xf7,0x9e,0xef,0x7e,0xe7,0x1d,0xdf,0xbb,0xce,0xbb,0xce,0xdb,0xce,0xdb,0xce,0x9b,0xc6,0x77,0x9d,0x15,0x8d,
    0x00,0x00,0x35,0x95,0x56,0x9d,0x19,0xae,0x7a,0xc6,0x9b,0xce,0xdb,0xce,0xbb,0xce,0xbb,0xce,0xdc,0xd6,0xdc,0xd6,0xdc,0xd6,0xdc,0xce,0xbb,0xce,0xbb,0xce,0xdb,0xce,0x9b,0xce,0x7a,0xc6,0x19,0xae,0x56,0x9d,0x35,0x95,0x00,0x00,
    0xef,0x7b,0x00,0x00,0xef,0xbd,0x36,0x95,0x56,0x9d,0x77,0x9d,0x19,0xb6,0x3a,0xbe,0x5a,0xbe,0x5a,0xbe,0x5a,0xbe,0x5a,0xbe,0x5a,0xbe,0x5a,0xbe,0x3a,0xbe,0x19,0xb6,0x77,0x9d,0x56,0x9d,0x36,0x95,0xef,0xbd,0x00,0x00,0xef,0x7b,
    0x00,0x00,0xef,0x7b,0x00,0x00,0x00,0x00,0xd3,0xcc,0x77,0x9d,0x56,0x95,0x36,0x95,0x36,0x95,0x56,0x95,0x56,0x95,0x56,0x95,0x56,0x95,0x36,0x95,0x36,0x95,0x56,0x95,0x77,0x9d,0xd3,0xcc,0x00,0x00,0x00,0x00,0xef,0x7b,0x00,0x00,
    0x00,0x00,0x00,0x00,0x03,0x02,0x48,0xff,0x9a,0x00,0x46,0x57,0x00,0x01,0x00,0x00,0x00,0x00,0x00,0x00,0x00,0x00,0x00,0x00,0x01,0x03,0x01,0x00,0x00,0x55,0xfd,0x61,0x71,0xff,0x7a,0x00,0x35,0x7b,0xa8,0xbe,0xa8,0x61,0x03,0x00,
    0x00,0x02,0x00,0x00,0x00,0x2d,0x60,0x81,0xea,0xf5,0xc7,0xf9,0xff,0xc3,0xff,0xff,0xff,0xca,0xee,0xff,0xa0,0x01,0x01,0x00,0x02,0x65,0xc8,0xfc,0xff,0xff,0xff,0xff,0xff,0xff,0xff,0xff,0xff,0xfa,0xf3,0xb6,0x78,0xda,0xff,0x2d,
    0x00,0x1c,0xc1,0xff,0xff,0xff,0xfc,0xfb,0xfe,0xfe,0xfd,0xff,0xfe,0xfc,0xff,0xff,0xff,0xff,0xff,0xf4,0xff,0x48,0x0a,0xc9,0xff,0xfa,0xfd,0xfe,0xff,0xff,0xff,0xff,0xff,0xff,0xff,0xff,0xff,0xff,0xff,0xfc,0xfe,0xff,0xfa,0x2b,
    0x55,0xff,0xfb,0xff,0xff,0xff,0xff,0xff,0xff,0xff,0xff,0xff,0xff,0xff,0xff,0xff,0xff,0xff,0xff,0xfd,0xfe,0x4e,0x6e,0xfe,0xfc,0xff,0xff,0xff,0xff,0xff,0xff,0xff,0xff,0xff,0xff,0xff,0xff,0xff,0xff,0xff,0xff,0xfc,0xff,0x70,
    0x63,0xff,0xfc,0xff,0xff,0xff,0xff,0xff,0xff,0xff,0xff,0xff,0xff,0xff,0xff,0xff,0xff,0xff,0xff,0xfd,0xff,0x57,0x46,0xff,0xfe,0xff,0xff,0xff,0xff,0xff,0xff,0xff,0xff,0xff,0xff,0xff,0xff,0xff,0xff,0xff,0xff,0xff,0xfc,0x2e,
    0x19,0xec,0xff,0xfe,0xff,0xff,0xff,0xff,0xff,0xff,0xff,0xff,0xff,0xff,0xff,0xff,0xff,0xff,0xfd,0xff,0xd4,0x09,0x00,0xc8,0xff,0xfc,0xff,0xff,0xff,0xff,0xff,0xff,0xff,0xff,0xff,0xff,0xff,0xff,0xff,0xff,0xfc,0xff,0xb2,0x00,
    0x5c,0xf9,0xfd,0xff,0xff,0xff,0xff,0xff,0xff,0xff,0xff,0xff,0xff,0xff,0xff,0xff,0xff,0xff,0xff,0xfd,0xfb,0x5c,0xe1,0xff,0xfd,0xff,0xff,0xff,0xff,0xff,0xff,0xff,0xff,0xff,0xff,0xff,0xff,0xff,0xff,0xff,0xff,0xfd,0xff,0xe1,
    0xff,0xff,0xff,0xff,0xff,0xff,0xff,0xff,0xff,0xff,0xff,0xff,0xff,0xff,0xff,0xff,0xff,0xff,0xff,0xff,0xff,0xff,0xfe,0xff,0xff,0xff,0xff,0xff,0xff,0xff,0xff,0xff,0xff,0xff,0xff,0xff,0xff,0xff,0xff,0xff,0xff,0xff,0xff,0xfe,
    0xfd,0xfd,0xff,0xff,0xff,0xff,0xff,0xff,0xff,0xff,0xff,0xff,0xff,0xff,0xff,0xff,0xff,0xff,0xff,0xff,0xfd,0xfd,0xb1,0xff,0xfa,0xff,0xff,0xff,0xff,0xff,0xff,0xff,0xff,0xff,0xff,0xff,0xff,0xff,0xff,0xff,0xff,0xfa,0xff,0xb1,
    0x21,0xde,0xff,0xfa,0xfd,0xff,0xff,0xff,0xff,0xff,0xff,0xff,0xff,0xff,0xff,0xff,0xff,0xfd,0xfa,0xff,0xde,0x21,0x00,0x25,0xc8,0xff,0xff,0xff,0xfc,0xfd,0xfe,0xff,0xff,0xff,0xff,0xfe,0xfd,0xfc,0xff,0xff,0xff,0xc8,0x25,0x00,
    0x02,0x00,0x04,0x6c,0xd0,0xff,0xff,0xff,0xff,0xff,0xff,0xff,0xff,0xff,0xff,0xff,0xff,0xd0,0x6c,0x04,0x00,0x02,0x00,0x02,0x00,0x00,0x05,0x41,0x8a,0xc5,0xe6,0xfb,0xff,0xff,0xfb,0xe6,0xc5,0x8a,0x41,0x05,0x00,0x00,0x02,0x00,

};

const lv_image_dsc_t emoji_coffee_22 = {
  .header.magic = LV_IMAGE_HEADER_MAGIC,
  .header.cf = LV_COLOR_FORMAT_RGB565A8,
  .header.flags = 0,
  .header.w = 22,
  .header.h = 22,
  .header.stride = 44,
  .data_size = sizeof(emoji_coffee_22_map),
  .data = emoji_coffee_22_map,
};




#ifndef LV_ATTRIBUTE_MEM_ALIGN
#define LV_ATTRIBUTE_MEM_ALIGN
#endif

#ifndef LV_ATTRIBUTE_EMOJI_TOOTH_22
#define LV_ATTRIBUTE_EMOJI_TOOTH_22
#endif

static const
LV_ATTRIBUTE_MEM_ALIGN LV_ATTRIBUTE_LARGE_CONST LV_ATTRIBUTE_EMOJI_TOOTH_22
uint8_t emoji_tooth_22_map[] = {

    0x00,0x00,0xff,0x7b,0xff,0xff,0x1d,0xe7,0x5e,0xe7,0x5d,0xe7,0x5e,0xe7,0x7e,0xe7,0x5d,0xe7,0x3c,0xdf,0x00,0x00,0x00,0x00,0x3c,0xdf,0x5d,0xe7,0x7e,0xe7,0x5e,0xe7,0x5d,0xe7,0x5e,0xe7,0x1d,0xe7,0xff,0xff,0xff,0x7b,0x00,0x00,
    0x00,0x00,0xff,0xbd,0x00,0x00,0x5d,0xe7,0xff,0xff,0x3d,0xe7,0x5d,0xe7,0xbf,0xef,0x9e,0xef,0x3d,0xe7,0x3d,0xe7,0x3d,0xe7,0x3d,0xe7,0x9e,0xef,0xbf,0xef,0x5d,0xe7,0x3d,0xe7,0xff,0xff,0x5d,0xe7,0x00,0x00,0xff,0xbd,0x00,0x00,
    0x00,0x00,0xff,0xff,0x00,0x00,0x5d,0xe7,0x9f,0xef,0x3d,0xe7,0x5d,0xe7,0xdb,0xd6,0xdb,0xce,0x9e,0xef,0xbf,0xf7,0xbf,0xf7,0x9e,0xef,0xdb,0xce,0xdb,0xd6,0x5d,0xe7,0x3d,0xe7,0x9f,0xef,0x5d,0xe7,0x00,0x00,0xff,0xff,0x00,0x00,
    0x00,0x00,0xff,0xff,0x00,0x00,0x3d,0xe7,0x9f,0xef,0x3d,0xe7,0x5e,0xe7,0xbb,0xce,0x77,0x9d,0xb7,0xad,0x19,0xb6,0x19,0xb6,0xb8,0xad,0x76,0x9d,0x9b,0xce,0x5e,0xe7,0x3d,0xe7,0x9f,0xef,0x3d,0xe7,0x00,0x00,0xff,0xff,0x00,0x00,
    0x00,0x00,0xef,0x7b,0x00,0x00,0x3d,0xdf,0xbf,0xef,0x3d,0xe7,0x3d,0xe7,0x5e,0xe7,0x3d,0xdf,0x9b,0xc6,0x39,0xbe,0x39,0xbe,0x9b,0xc6,0x1d,0xdf,0x5e,0xe7,0x5d,0xe7,0x3d,0xe7,0xbf,0xef,0x3d,0xdf,0x00,0x00,0xef,0x7b,0x00,0x00,
    0x00,0x00,0xff,0xbd,0x00,0x00,0x5d,0xe7,0xdf,0xf7,0x3d,0xe7,0x5d,0xe7,0x3d,0xe7,0x5d,0xe7,0x7e,0xe7,0x7e,0xe7,0x7e,0xe7,0x7e,0xe7,0x5d,0xe7,0x5d,0xe7,0x5d,0xe7,0x3d,0xe7,0xdf,0xf7,0x5d,0xe7,0x00,0x00,0xff,0xbd,0x00,0x00,
    0x00,0x00,0xf7,0xbd,0x00,0x00,0x5d,0xe7,0xdf,0xf7,0x5d,0xe7,0x5d,0xe7,0x5d,0xe7,0x5d,0xe7,0x3d,0xe7,0x3d,0xe7,0x3d,0xe7,0x3d,0xe7,0x5d,0xe7,0x5d,0xe7,0x5d,0xe7,0x5d,0xe7,0xdf,0xf7,0x5d,0xe7,0x00,0x00,0xf7,0xbd,0x00,0x00,
    0x00,0x00,0xff,0xff,0x00,0x00,0x3d,0xdf,0x9e,0xef,0x3d,0xe7,0x5d,0xe7,0x5d,0xe7,0x5d,0xe7,0x5d,0xe7,0x5d,0xe7,0x5d,0xe7,0x5d,0xe7,0x5d,0xe7,0x5d,0xe7,0x5d,0xe7,0x3d,0xe7,0x9e,0xef,0x3d,0xdf,0x00,0x00,0xff,0xff,0x00,0x00,
    0x00,0x00,0xff,0xff,0x00,0x00,0x7d,0xef,0x5d,0xe7,0x7e,0xe7,0x3d,0xe7,0x5d,0xe7,0x5d,0xe7,0x5d,0xe7,0x5d,0xe7,0x5d,0xe7,0x5d,0xe7,0x5d,0xe7,0x5d,0xe7,0x3d,0xe7,0x7e,0xe7,0x5d,0xe7,0x7d,0xef,0x00,0x00,0xff,0xff,0x00,0x00,
    0x00,0x00,0x00,0x00,0xff,0xff,0x00,0x00,0x3d,0xe7,0xbf,0xef,0x3d,0xe7,0x5d,0xe7,0x5d,0xe7,0x5d,0xe7,0x5d,0xe7,0x5d,0xe7,0x5d,0xe7,0x5d,0xe7,0x5d,0xe7,0x3d,0xe7,0xbf,0xef,0x3d,0xe7,0x00,0x00,0xff,0xff,0x00,0x00,0x00,0x00,
    0x00,0x00,0x00,0x00,0xf7,0xbd,0x00,0x00,0x3d,0xdf,0xdf,0xf7,0x3d,0xe7,0x5d,0xe7,0x5d,0xe7,0x5d,0xe7,0x5d,0xe7,0x5d,0xe7,0x5d,0xe7,0x5d,0xe7,0x5d,0xe7,0x3d,0xe7,0xdf,0xf7,0x3d,0xdf,0x00,0x00,0xf7,0xbd,0x00,0x00,0x00,0x00,
    0x00,0x00,0x00,0x00,0xff,0xff,0xff,0xff,0x5d,0xd7,0x3d,0xe7,0x7e,0xe7,0x5d,0xe7,0x5d,0xe7,0x5d,0xe7,0x5d,0xe7,0x5d,0xe7,0x5d,0xe7,0x5d,0xe7,0x5d,0xe7,0x7e,0xe7,0x3d,0xe7,0x5d,0xd7,0xff,0xff,0xff,0xff,0x00,0x00,0x00,0x00,
    0x00,0x00,0x00,0x00,0x00,0x00,0xff,0xff,0x00,0x00,0x3d,0xe7,0xdf,0xf7,0x5d,0xe7,0x5d,0xe7,0x3d,0xe7,0x3d,0xe7,0x3d,0xe7,0x3d,0xe7,0x5d,0xe7,0x5d,0xe7,0xdf,0xf7,0x3d,0xe7,0x00,0x00,0xff,0xff,0x00,0x00,0x00,0x00,0x00,0x00,
    0x00,0x00,0x00,0x00,0x00,0x00,0xff,0xff,0xff,0xff,0x3d,0xe7,0xbf,0xef,0x3d,0xe7,0x3d,0xe7,0x5e,0xe7,0x7e,0xe7,0x7e,0xe7,0x5e,0xe7,0x3d,0xe7,0x3d,0xe7,0xbf,0xef,0x3d,0xe7,0xff,0xff,0xff,0xff,0x00,0x00,0x00,0x00,0x00,0x00,
    0x00,0x00,0x00,0x00,0x00,0x00,0xff,0xff,0x00,0x00,0x3d,0xe7,0xbf,0xef,0x3d,0xe7,0x5e,0xe7,0x7e,0xe7,0x5d,0xe7,0x5d,0xe7,0x7e,0xe7,0x5e,0xe7,0x3d,0xe7,0xbf,0xef,0x3d,0xe7,0x00,0x00,0xff,0xff,0x00,0x00,0x00,0x00,0x00,0x00,
    0x00,0x00,0x00,0x00,0x00,0x00,0xff,0xff,0x00,0x00,0x5d,0xe7,0x9f,0xef,0x3d,0xe7,0xdf,0xf7,0x3d,0xdf,0x00,0x00,0x00,0x00,0x3d,0xdf,0xdf,0xf7,0x3d,0xe7,0x9f,0xef,0x5d,0xe7,0x00,0x00,0xff,0xff,0x00,0x00,0x00,0x00,0x00,0x00,
    0x00,0x00,0x00,0x00,0x00,0x00,0xff,0xff,0x00,0x00,0x5d,0xe7,0x9e,0xef,0x5d,0xe7,0x5d,0xe7,0x7d,0xe7,0x55,0xad,0x55,0xad,0x7d,0xe7,0x5d,0xe7,0x5d,0xe7,0x9e,0xef,0x5d,0xe7,0x00,0x00,0xff,0xff,0x00,0x00,0x00,0x00,0x00,0x00,
    0x00,0x00,0x00,0x00,0x00,0x00,0xff,0x7b,0x00,0x00,0x3d,0xdf,0x9e,0xef,0x9e,0xef,0x3d,0xe7,0x00,0x00,0xff,0xff,0xff,0xff,0x00,0x00,0x3d,0xe7,0x9e,0xef,0x9e,0xef,0x3d,0xdf,0x00,0x00,0xff,0x7b,0x00,0x00,0x00,0x00,0x00,0x00,
    0x00,0x00,0x00,0x00,0x00,0x00,0xff,0xff,0x00,0x00,0x3d,0xe7,0x9e,0xef,0xbf,0xef,0x3d,0xe7,0x00,0x00,0xff,0xff,0xff,0xff,0x00,0x00,0x3d,0xe7,0xbf,0xef,0x9e,0xef,0x3d,0xe7,0x00,0x00,0xff,0xff,0x00,0x00,0x00,0x00,0x00,0x00,
    0x00,0x00,0x00,0x00,0x00,0x00,0xff,0xff,0x00,0x00,0x3d,0xe7,0xbf,0xef,0x7e,0xe7,0x3d,0xe7,0x00,0x00,0xff,0xff,0xff,0xff,0x00,0x00,0x3d,0xe7,0x7e,0xe7,0xbf,0xef,0x3d,0xe7,0x00,0x00,0xff,0xff,0x00,0x00,0x00,0x00,0x00,0x00,
    0x00,0x00,0x00,0x00,0x00,0x00,0x55,0xad,0x00,0x00,0x5d,0xdf,0xbf,0xef,0x5d,0xe7,0xfd,0xde,0x00,0x00,0xff,0xff,0xff,0xff,0x00,0x00,0xfd,0xde,0x5d,0xe7,0xbf,0xef,0x5d,0xdf,0x00,0x00,0x55,0xad,0x00,0x00,0x00,0x00,0x00,0x00,
    0x00,0x00,0x00,0x00,0x00,0x00,0x00,0x00,0xff,0x7b,0x00,0x00,0x3d,0xdf,0x5d,0xe7,0x00,0x00,0x55,0xad,0x00,0x00,0x00,0x00,0x55,0xad,0x00,0x00,0x5d,0xe7,0x3d,0xdf,0x00,0x00,0xff,0x7b,0x00,0x00,0x00,0x00,0x00,0x00,0x00,0x00,
    0x00,0x02,0x01,0x1c,0xbb,0xfb,0xef,0xac,0x51,0x15,0x00,0x00,0x15,0x51,0xac,0xef,0xfb,0xbb,0x1c,0x01,0x02,0x00,0x00,0x04,0x00,0x92,0xff,0xfc,0xff,0xff,0xff,0xe8,0xce,0xce,0xe8,0xff,0xff,0xff,0xfc,0xff,0x92,0x00,0x04,0x00,
    0x00,0x01,0x00,0xc3,0xfd,0xfc,0xff,0xfd,0xfe,0xff,0xff,0xff,0xff,0xfe,0xfd,0xff,0xfc,0xfd,0xc3,0x00,0x01,0x00,0x00,0x01,0x00,0xc6,0xff,0xfc,0xff,0xff,0xff,0xfe,0xfd,0xfd,0xfe,0xff,0xff,0xff,0xfc,0xff,0xc6,0x00,0x01,0x00,
    0x00,0x02,0x00,0xbc,0xff,0xfc,0xff,0xff,0xff,0xff,0xff,0xff,0xff,0xff,0xff,0xff,0xfc,0xff,0xbc,0x00,0x02,0x00,0x00,0x04,0x00,0x9f,0xff,0xfb,0xff,0xff,0xff,0xff,0xff,0xff,0xff,0xff,0xff,0xff,0xfb,0xff,0x9f,0x00,0x04,0x00,
    0x00,0x04,0x00,0x72,0xff,0xfb,0xff,0xff,0xff,0xff,0xff,0xff,0xff,0xff,0xff,0xff,0xfb,0xff,0x72,0x00,0x04,0x00,0x00,0x03,0x00,0x40,0xff,0xfe,0xff,0xff,0xff,0xff,0xff,0xff,0xff,0xff,0xff,0xff,0xfe,0xff,0x40,0x00,0x03,0x00,
    0x00,0x01,0x00,0x0f,0xea,0xff,0xfe,0xff,0xff,0xff,0xff,0xff,0xff,0xff,0xff,0xfe,0xff,0xea,0x0f,0x00,0x01,0x00,0x00,0x00,0x02,0x00,0xb0,0xfe,0xfc,0xff,0xff,0xff,0xff,0xff,0xff,0xff,0xff,0xfc,0xfe,0xb0,0x00,0x02,0x00,0x00,
    0x00,0x00,0x04,0x00,0x5a,0xff,0xfc,0xff,0xff,0xff,0xff,0xff,0xff,0xff,0xff,0xfc,0xff,0x5a,0x00,0x04,0x00,0x00,0x00,0x00,0x01,0x01,0x0d,0xdc,0xff,0xfd,0xff,0xff,0xff,0xff,0xff,0xff,0xfd,0xff,0xdc,0x0d,0x01,0x01,0x00,0x00,
    0x00,0x00,0x00,0x03,0x00,0x99,0xff,0xfb,0xff,0xfe,0xfe,0xfe,0xfe,0xff,0xfb,0xff,0x99,0x00,0x03,0x00,0x00,0x00,0x00,0x00,0x00,0x02,0x01,0xae,0xff,0xfc,0xff,0xff,0xff,0xff,0xff,0xff,0xfc,0xff,0xae,0x01,0x02,0x00,0x00,0x00,
    0x00,0x00,0x00,0x02,0x00,0xbc,0xff,0xfb,0xfe,0xf3,0x49,0x49,0xf3,0xfe,0xfb,0xff,0xbc,0x00,0x02,0x00,0x00,0x00,0x00,0x00,0x00,0x01,0x00,0xc9,0xff,0xf9,0xff,0x7e,0x00,0x00,0x7e,0xff,0xf9,0xff,0xc9,0x00,0x01,0x00,0x00,0x00,
    0x00,0x00,0x00,0x01,0x00,0xcb,0xff,0xfe,0xf6,0x1d,0x03,0x03,0x1d,0xf6,0xfe,0xff,0xcb,0x00,0x01,0x00,0x00,0x00,0x00,0x00,0x00,0x02,0x00,0xc5,0xff,0xff,0xc1,0x00,0x02,0x02,0x00,0xc1,0xff,0xff,0xc5,0x00,0x02,0x00,0x00,0x00,
    0x00,0x00,0x00,0x02,0x00,0xb1,0xff,0xff,0x81,0x00,0x04,0x04,0x00,0x82,0xff,0xff,0xb1,0x00,0x02,0x00,0x00,0x00,0x00,0x00,0x00,0x04,0x00,0x86,0xfe,0xff,0x42,0x00,0x03,0x03,0x00,0x42,0xff,0xfe,0x86,0x00,0x04,0x00,0x00,0x00,
    0x00,0x00,0x00,0x03,0x00,0x38,0xff,0xea,0x10,0x00,0x01,0x01,0x00,0x10,0xea,0xff,0x38,0x00,0x03,0x00,0x00,0x00,0x00,0x00,0x00,0x00,0x02,0x00,0xc2,0xa9,0x00,0x03,0x00,0x00,0x03,0x00,0xa9,0xc2,0x00,0x02,0x00,0x00,0x00,0x00,

};

const lv_image_dsc_t emoji_tooth_22 = {
  .header.magic = LV_IMAGE_HEADER_MAGIC,
  .header.cf = LV_COLOR_FORMAT_RGB565A8,
  .header.flags = 0,
  .header.w = 22,
  .header.h = 22,
  .header.stride = 44,
  .data_size = sizeof(emoji_tooth_22_map),
  .data = emoji_tooth_22_map,
};




#ifndef LV_ATTRIBUTE_MEM_ALIGN
#define LV_ATTRIBUTE_MEM_ALIGN
#endif

#ifndef LV_ATTRIBUTE_EMOJI_PRETZEL_22
#define LV_ATTRIBUTE_EMOJI_PRETZEL_22
#endif

static const
LV_ATTRIBUTE_MEM_ALIGN LV_ATTRIBUTE_LARGE_CONST LV_ATTRIBUTE_EMOJI_PRETZEL_22
uint8_t emoji_pretzel_22_map[] = {

    0x00,0x00,0x00,0x00,0x00,0x00,0x00,0x00,0x00,0x00,0x00,0x00,0x00,0xf8,0x00,0xf8,0x00,0xf8,0x00,0x00,0x00,0x00,0x00,0x00,0x00,0x00,0x00,0xf8,0x00,0xf8,0x00,0xf8,0x00,0x00,0x00,0x00,0x00,0x00,0x00,0x00,0x00,0x00,0x00,0x00,
    0x00,0x00,0x00,0x00,0x00,0x00,0x00,0xf8,0x40,0xfd,0xa0,0xfa,0x00,0x00,0x00,0x00,0x00,0x00,0x00,0x00,0xe0,0xfb,0xe0,0xfb,0x00,0x00,0x00,0x00,0x00,0x00,0x00,0x00,0xa0,0xfa,0x40,0xfd,0x00,0xf8,0x00,0x00,0x00,0x00,0x00,0x00,
    0x00,0x00,0x00,0x00,0xe0,0xfb,0x00,0x00,0x00,0x00,0x00,0x00,0x00,0xb8,0x00,0xd8,0xe0,0xfc,0x00,0x00,0x00,0x00,0x00,0x00,0x00,0x00,0xe7,0xfd,0xe3,0xfc,0xe0,0xfb,0x00,0x00,0x00,0x00,0x00,0x00,0xef,0xff,0x00,0x00,0x00,0x00,
    0x00,0x00,0xe0,0xfb,0x00,0x00,0xe3,0xdb,0x81,0xf4,0x60,0xf4,0xc3,0xf4,0x68,0xfd,0x81,0xf4,0x81,0xf4,0x81,0xf4,0x60,0xf4,0x60,0xf4,0x40,0xf4,0x61,0xf4,0x61,0xf4,0x81,0xf4,0x81,0xf4,0xe0,0xd9,0x00,0x00,0xe0,0xfb,0x00,0x00,
    0xe0,0xfb,0x00,0x00,0x61,0xf4,0xa1,0xfc,0xc1,0xfc,0x80,0xfc,0x46,0xfd,0xd2,0xfe,0xa1,0xfc,0xa1,0xfc,0xc1,0xfc,0x03,0xfd,0x04,0xfd,0x90,0xfe,0xc2,0xfc,0x81,0xfc,0xa1,0xfc,0xc1,0xfc,0xe3,0xfc,0x48,0xf5,0x00,0x00,0xe0,0xfb,
    0xe0,0xff,0x82,0xf4,0xa1,0xfc,0xa1,0xfc,0x61,0xf4,0xa1,0xfc,0xa1,0xfc,0x61,0xf4,0x61,0xf4,0x61,0xf4,0x82,0xf4,0x14,0xff,0x67,0xfd,0xab,0xf5,0xa2,0xf4,0x81,0xfc,0xc1,0xfc,0x40,0xf4,0x8f,0xfe,0x4e,0xfe,0x20,0xeb,0xff,0xff,
    0x00,0x00,0x60,0xf4,0xc1,0xfc,0xd3,0xfe,0x46,0xfd,0x40,0xf4,0x82,0xf4,0x81,0xf4,0x61,0xf4,0xa1,0xfc,0xa1,0xfc,0x64,0xe4,0x82,0xcb,0x20,0xcb,0x80,0xfc,0x61,0xf4,0x81,0xf4,0x81,0xfc,0xa3,0xf4,0x03,0xfd,0x61,0xf4,0x00,0x00,
    0x61,0xf4,0xa2,0xf4,0x82,0xf4,0x88,0xfd,0xe5,0xf4,0x00,0x00,0x00,0x00,0xe0,0xdc,0x61,0xf4,0xc1,0xfc,0x61,0xf4,0x21,0xc3,0x41,0xec,0x81,0xf4,0xe3,0xfc,0x00,0x00,0x00,0x00,0x61,0xf4,0xa1,0xfc,0x61,0xf4,0x81,0xf4,0x61,0xf4,
    0x00,0xf4,0xd1,0xfe,0xaa,0xfd,0x20,0xf4,0x61,0xf4,0xe0,0xff,0x40,0xfd,0x60,0xf4,0x61,0xf4,0xe1,0xfc,0x61,0xf4,0xc1,0xfc,0x01,0xfd,0x81,0xf4,0x61,0xf4,0x40,0xfd,0xe0,0xfb,0x61,0xf4,0x80,0xf4,0x61,0xf4,0xa1,0xfc,0x81,0xf4,
    0x61,0xf4,0x04,0xfd,0xa3,0xf4,0x61,0xf4,0xa2,0xf4,0x00,0x00,0x00,0x00,0x61,0xf4,0x61,0xf4,0xe1,0xfc,0x81,0xf4,0x61,0xf4,0xe1,0xfc,0x61,0xf4,0x61,0xfc,0x00,0x00,0x00,0x00,0x01,0xec,0xe4,0xf4,0xc4,0xf4,0xa1,0xfc,0x81,0xf4,
    0x81,0xf4,0xa0,0xfc,0x61,0xf4,0xa1,0xfc,0xa2,0xf4,0x40,0xfd,0xa0,0xfd,0x00,0x00,0x61,0xf4,0xc1,0xfc,0x81,0xf4,0x81,0xf4,0xe1,0xfc,0x81,0xf4,0x00,0x00,0xa0,0xfd,0x55,0xfd,0x80,0xeb,0x6f,0xfe,0x0d,0xfe,0x80,0xfc,0x82,0xf4,
    0x81,0xf4,0x81,0xf4,0x81,0xf4,0xa1,0xfc,0x40,0xf4,0x00,0x00,0x00,0x00,0x81,0xf4,0x81,0xf4,0x81,0xf4,0xa1,0xfc,0xa1,0xfc,0xc1,0xdb,0xa1,0xd3,0xa1,0xfc,0x00,0x00,0x00,0x00,0x61,0xf4,0xc2,0xfc,0x81,0xf4,0x81,0xf4,0x81,0xf4,
    0xe0,0xd3,0x61,0xf4,0xa1,0xfc,0xa2,0xf4,0x04,0xfd,0x61,0xf4,0x61,0xf4,0xc1,0xfc,0x21,0xfd,0xc1,0xfc,0x81,0xf4,0x81,0xcb,0x82,0xd3,0x01,0xfd,0xc1,0xfc,0x81,0xf4,0x61,0xf4,0x81,0xfc,0x61,0xf4,0xa1,0xfc,0x61,0xf4,0xe0,0xd3,
    0x00,0x00,0x82,0xf4,0xa0,0xfc,0x68,0xf5,0xd3,0xfe,0xa1,0xfc,0xc1,0xfc,0x21,0xec,0x81,0xf4,0xa1,0xfc,0xe0,0xeb,0x02,0x00,0xc2,0xfc,0xc1,0xfc,0x01,0xe4,0xa1,0xfc,0xc1,0xfc,0x61,0xf4,0x61,0xf4,0xc1,0xfc,0x81,0xf4,0x00,0x00,
    0xe0,0xfb,0xe0,0xff,0x61,0xf4,0xc2,0xfc,0xa3,0xf4,0x81,0xf4,0x41,0xc3,0xa1,0xd3,0x60,0xf4,0x61,0xf4,0x61,0xf4,0xa1,0xfc,0x00,0xf4,0x60,0xf4,0x01,0xe4,0x41,0xc3,0x61,0xec,0x81,0xf4,0xc1,0xfc,0x61,0xf4,0xe0,0xff,0xe0,0xfb,
    0xe0,0xff,0x00,0x00,0x81,0xf4,0x61,0xf4,0xa1,0xfc,0x81,0xcb,0x61,0xcb,0xc1,0xfc,0x24,0xfd,0xe2,0xfc,0xc1,0xfc,0xa0,0xfc,0x8e,0xfe,0xc8,0xfd,0xa1,0xfc,0x24,0xdc,0x61,0xcb,0xa1,0xfc,0x81,0xf4,0x61,0xf4,0x00,0x00,0xe0,0xff,
    0xa0,0xaa,0x00,0x00,0x81,0xf4,0xc1,0xfc,0x41,0xec,0x42,0xc3,0xc1,0xfc,0xc3,0xfc,0x14,0xff,0xe5,0xf4,0x60,0xf4,0x60,0xf4,0xaa,0xfd,0xe5,0xf4,0x47,0xfd,0x53,0xff,0x81,0xcb,0x01,0xe4,0xe1,0xfc,0x61,0xf4,0x00,0x00,0xa0,0xaa,
    0xe0,0xfb,0x00,0x00,0x61,0xf4,0xc1,0xfc,0x21,0xe4,0xe1,0xdb,0xa1,0xfc,0x81,0xf4,0xe4,0xfc,0xc2,0xfc,0xc1,0xfc,0xc1,0xfc,0x80,0xfc,0x60,0xf4,0xa2,0xf4,0x04,0xfd,0x40,0xec,0xe1,0xdb,0xc1,0xfc,0x81,0xf4,0x00,0x00,0xe0,0xfb,
    0x00,0x00,0x00,0x00,0x00,0x00,0x00,0x00,0x00,0x00,0x00,0x00,0x00,0x00,0x61,0xf4,0x20,0xf4,0x61,0xf4,0x81,0xf4,0x81,0xf4,0x82,0xf4,0xa2,0xfc,0xe0,0xf3,0x00,0x00,0x00,0x00,0x00,0x00,0x00,0x00,0x00,0x00,0x00,0x00,0x00,0x00,
    0x00,0x00,0x00,0x00,0xe0,0xff,0x40,0xfd,0xe0,0xfb,0xa0,0xaa,0xe0,0xfb,0x00,0x00,0x00,0x00,0x00,0x00,0x00,0x00,0x00,0x00,0x00,0x00,0x00,0x00,0x00,0x00,0xef,0xff,0xa0,0xfa,0xe0,0xfb,0x40,0xfd,0xe0,0xff,0x00,0x00,0x00,0x00,
    0x00,0x00,0x00,0x00,0x00,0x00,0x00,0x00,0x00,0x00,0x00,0x00,0x00,0x00,0xe0,0xff,0xa0,0xaa,0x40,0xfd,0xe0,0xbb,0xe0,0xbb,0x40,0xfd,0xa0,0xaa,0xe0,0xff,0x00,0x00,0x00,0x00,0x00,0x00,0x00,0x00,0x00,0x00,0x00,0x00,0x00,0x00,
    0x00,0x00,0x00,0x00,0x00,0x00,0x00,0x00,0x00,0x00,0x00,0x00,0x00,0x00,0x00,0x00,0x00,0x00,0x00,0x00,0x00,0x00,0x00,0x00,0x00,0x00,0x00,0x00,0x00,0x00,0x00,0x00,0x00,0x00,0x00,0x00,0x00,0x00,0x00,0x00,0x00,0x00,0x00,0x00,
    0x00,0x00,0x00,0x00,0x00,0x00,0x01,0x01,0x01,0x00,0x00,0x00,0x00,0x01,0x01,0x01,0x00,0x00,0x00,0x00,0x00,0x00,0x00,0x00,0x00,0x01,0x03,0x03,0x00,0x00,0x00,0x00,0x04,0x04,0x00,0x00,0x00,0x00,0x03,0x03,0x01,0x00,0x00,0x00,
    0x00,0x00,0x02,0x00,0x00,0x00,0x04,0x08,0x08,0x00,0x00,0x00,0x00,0x08,0x08,0x04,0x00,0x00,0x00,0x02,0x00,0x00,0x00,0x02,0x00,0x08,0x61,0xaf,0xda,0xe5,0xe5,0xca,0x83,0x83,0xca,0xe5,0xe5,0xda,0xaf,0x61,0x08,0x00,0x02,0x00,
    0x02,0x00,0x34,0xd1,0xff,0xff,0xff,0xff,0xff,0xff,0xff,0xff,0xff,0xff,0xff,0xff,0xff,0xff,0xd0,0x33,0x00,0x02,0x01,0x28,0xed,0xff,0xfb,0xff,0xff,0xff,0xfc,0xfd,0xfa,0xfa,0xfd,0xfc,0xfe,0xff,0xff,0xfb,0xff,0xed,0x28,0x01,
    0x00,0xb5,0xff,0xf9,0xff,0x9e,0x48,0x2e,0xcd,0xff,0xff,0xff,0xff,0xcc,0x2a,0x49,0x9e,0xff,0xf9,0xff,0xb5,0x00,0x29,0xf9,0xfc,0xff,0x92,0x00,0x00,0x08,0xe9,0xff,0xd2,0xd2,0xff,0xe9,0x08,0x00,0x00,0x93,0xff,0xfc,0xf9,0x29,
    0x5f,0xff,0xfc,0xfd,0x2f,0x02,0x03,0x20,0xf7,0xff,0x59,0x59,0xff,0xf5,0x1d,0x03,0x02,0x30,0xfd,0xfc,0xff,0x5f,0x6e,0xfe,0xff,0xf7,0x1f,0x00,0x00,0x12,0xec,0xff,0x68,0x68,0xff,0xeb,0x10,0x00,0x00,0x1f,0xf7,0xff,0xfe,0x6c,
    0x69,0xff,0xfb,0xff,0x3e,0x03,0x07,0x00,0x87,0xff,0xe4,0xe4,0xff,0x87,0x00,0x07,0x03,0x3e,0xff,0xfb,0xff,0x68,0x3c,0xfe,0xfc,0xff,0xa8,0x00,0x00,0x31,0x7f,0xfa,0xff,0xff,0xfa,0x7d,0x31,0x00,0x00,0xa8,0xff,0xfc,0xfe,0x3c,
    0x06,0xd0,0xfe,0xfc,0xff,0x76,0xa7,0xff,0xff,0xff,0xf4,0xf4,0xff,0xff,0xff,0xa7,0x76,0xff,0xfc,0xfe,0xd0,0x06,0x00,0x5a,0xff,0xfc,0xff,0xff,0xff,0xd4,0x6d,0x48,0x0c,0x0c,0x48,0x6d,0xd4,0xff,0xff,0xff,0xfc,0xff,0x5a,0x00,
    0x02,0x01,0xb8,0xff,0xfb,0xfb,0xfc,0xe5,0x9a,0x6a,0x62,0x62,0x6a,0x99,0xe4,0xfc,0xfb,0xfb,0xff,0xb7,0x01,0x02,0x01,0x00,0x13,0xe2,0xff,0xfd,0xfc,0xff,0xff,0xff,0xff,0xff,0xff,0xff,0xff,0xfc,0xfd,0xff,0xe2,0x12,0x00,0x01,
    0x03,0x00,0x3a,0xff,0xfc,0xff,0xff,0xff,0xfb,0xf8,0xf8,0xf8,0xf8,0xfb,0xff,0xff,0xff,0xfc,0xff,0x3a,0x00,0x03,0x02,0x00,0x26,0xb0,0x4e,0x44,0xb2,0xea,0xff,0xff,0xff,0xff,0xff,0xff,0xea,0xb2,0x44,0x4e,0xb0,0x26,0x00,0x02,
    0x00,0x00,0x00,0x00,0x00,0x00,0x00,0x12,0x37,0x51,0x55,0x55,0x51,0x37,0x12,0x00,0x00,0x00,0x00,0x00,0x00,0x00,0x00,0x00,0x01,0x03,0x02,0x03,0x02,0x00,0x00,0x00,0x00,0x00,0x00,0x00,0x00,0x02,0x03,0x02,0x03,0x01,0x00,0x00,
    0x00,0x00,0x00,0x00,0x00,0x00,0x00,0x01,0x03,0x03,0x04,0x04,0x03,0x03,0x01,0x00,0x00,0x00,0x00,0x00,0x00,0x00,0x00,0x00,0x00,0x00,0x00,0x00,0x00,0x00,0x00,0x00,0x00,0x00,0x00,0x00,0x00,0x00,0x00,0x00,0x00,0x00,0x00,0x00,

};

const lv_image_dsc_t emoji_pretzel_22 = {
  .header.magic = LV_IMAGE_HEADER_MAGIC,
  .header.cf = LV_COLOR_FORMAT_RGB565A8,
  .header.flags = 0,
  .header.w = 22,
  .header.h = 22,
  .header.stride = 44,
  .data_size = sizeof(emoji_pretzel_22_map),
  .data = emoji_pretzel_22_map,
};




#ifndef LV_ATTRIBUTE_MEM_ALIGN
#define LV_ATTRIBUTE_MEM_ALIGN
#endif

#ifndef LV_ATTRIBUTE_EMOJI_ABACUS_22
#define LV_ATTRIBUTE_EMOJI_ABACUS_22
#endif

static const
LV_ATTRIBUTE_MEM_ALIGN LV_ATTRIBUTE_LARGE_CONST LV_ATTRIBUTE_EMOJI_ABACUS_22
uint8_t emoji_abacus_22_map[] = {

    0x51,0xd5,0xd2,0xe5,0x51,0xd5,0x51,0xd5,0x51,0xd5,0x51,0xd5,0x51,0xd5,0x51,0xd5,0x51,0xd5,0x51,0xd5,0x51,0xd5,0x51,0xd5,0x51,0xd5,0x51,0xd5,0x51,0xd5,0x51,0xd5,0x51,0xd5,0x51,0xd5,0x51,0xd5,0x51,0xd5,0xd2,0xe5,0x50,0xd5,
    0x50,0xd5,0x91,0xdd,0xb2,0xe5,0x13,0xf6,0x13,0xf6,0x13,0xf6,0x13,0xf6,0x13,0xf6,0x13,0xf6,0x13,0xf6,0x13,0xf6,0x13,0xf6,0x13,0xf6,0x13,0xf6,0x13,0xf6,0x13,0xf6,0x13,0xf6,0x13,0xf6,0x13,0xf6,0xb2,0xe5,0x91,0xdd,0x50,0xd5,
    0x51,0xd5,0xd2,0xed,0x51,0xd5,0x6f,0xe5,0x6e,0xed,0x6f,0xed,0x6f,0xf5,0x6f,0xf5,0x6f,0xf5,0x6f,0xf5,0x6f,0xed,0x6e,0xf5,0x70,0xe5,0x71,0xd5,0x71,0xd5,0x71,0xd5,0x70,0xdd,0x4e,0xed,0x6f,0xe5,0x51,0xd5,0xd2,0xed,0x51,0xd5,
    0x71,0xd5,0x33,0xf6,0x2d,0xed,0x9f,0x03,0xbd,0x2c,0x7c,0x1c,0x7c,0x1c,0x9c,0x1c,0x7d,0x1c,0x9c,0x24,0x7d,0x1c,0xbd,0x24,0x9f,0x03,0x00,0x00,0x00,0x00,0x00,0x00,0x00,0x00,0xfe,0x34,0xbf,0x03,0x2e,0xed,0x33,0xf6,0x51,0xd5,
    0x71,0xd5,0xb1,0xe5,0x36,0xde,0x5b,0x65,0xfd,0x3c,0xfc,0x44,0xfc,0x44,0xfc,0x44,0xfc,0x44,0xfc,0x44,0xfc,0x44,0xfd,0x3c,0x7b,0x75,0xdb,0xd6,0x9b,0xc6,0xdb,0xd6,0x3b,0xae,0xfd,0x3c,0x5b,0x65,0x36,0xde,0xb1,0xe5,0x71,0xd5,
    0x51,0xd5,0xd2,0xe5,0x15,0xde,0x3c,0x5d,0xdc,0x3c,0xbb,0x3c,0xbb,0x3c,0xbb,0x3c,0xbb,0x3c,0xdb,0x3c,0x9a,0x3c,0xfd,0x3c,0x5b,0x6d,0xdb,0xd6,0x9b,0xc6,0xdb,0xd6,0x1b,0xa6,0xfd,0x3c,0x3c,0x5d,0x15,0xe6,0xd2,0xe5,0x51,0xd5,
    0x51,0xd5,0x13,0xf6,0x0e,0xe5,0xbf,0x04,0x9f,0x35,0x5f,0x25,0x7f,0x1d,0x5e,0x25,0x5f,0x25,0x7f,0x25,0x5f,0x25,0x9f,0x25,0x9f,0x04,0x00,0x00,0x00,0x00,0x00,0x00,0x00,0x00,0xbf,0x35,0xff,0x04,0x0e,0xe5,0x13,0xf6,0x51,0xd5,
    0x51,0xd5,0x13,0xf6,0x70,0xd5,0x00,0xf8,0x21,0xe0,0x00,0xe0,0x00,0xe0,0x00,0xe0,0x00,0xe0,0x00,0xe0,0x00,0xe0,0x01,0xe0,0x00,0xf8,0x00,0x00,0x00,0x00,0x00,0x00,0x00,0x00,0x42,0xe8,0x00,0xe8,0x70,0xd5,0x13,0xf6,0x51,0xd5,
    0x71,0xd5,0xd2,0xed,0x77,0xd6,0xeb,0xb9,0xa6,0xc8,0xe6,0xb8,0xc6,0xc0,0xc6,0xb8,0xc6,0xb8,0xc6,0xc0,0xc6,0xb8,0xa6,0xc8,0x8c,0xc2,0x3d,0xcf,0x7a,0xce,0xfc,0xce,0xf5,0xc4,0xa6,0xc8,0x0b,0xba,0x77,0xd6,0xd2,0xed,0x71,0xd5,
    0x71,0xd5,0x91,0xe5,0x98,0xd6,0xad,0xc2,0x85,0xc8,0xe6,0xc8,0xc6,0xc8,0xc6,0xc8,0xc6,0xc8,0xc6,0xc8,0xe6,0xc8,0x85,0xc8,0x2e,0xc3,0x3d,0xcf,0x7a,0xce,0xfc,0xce,0x56,0xc5,0x64,0xc8,0xad,0xc2,0x98,0xd6,0x91,0xe5,0x71,0xd5,
    0x51,0xd5,0x13,0xf6,0xd1,0xd5,0x02,0xb8,0xc6,0xc8,0xa6,0xc0,0xa6,0xc0,0xa6,0xb8,0xa6,0xc0,0xa6,0xc0,0xa6,0xb8,0xa6,0xc0,0x24,0xb8,0x00,0x00,0x00,0x00,0x00,0x00,0x00,0xa8,0xe6,0xc8,0x02,0xb8,0xd1,0xd5,0x13,0xf6,0x51,0xd5,
    0x51,0xd5,0x13,0xf6,0x30,0xdd,0x00,0x00,0xee,0x07,0x20,0x00,0x20,0x00,0x20,0x00,0x20,0x00,0xea,0x07,0x00,0x00,0xe9,0x07,0x00,0x00,0x00,0x00,0x00,0x00,0x00,0x00,0x00,0x00,0xec,0x07,0x00,0x00,0x30,0xd5,0x13,0xf6,0x51,0xd5,
    0x71,0xd5,0xf2,0xed,0xd4,0xe5,0xa9,0x5c,0x87,0x64,0x87,0x5c,0x67,0x5c,0x67,0x5c,0x67,0x5c,0x67,0x5c,0x67,0x5c,0x87,0x5c,0xca,0x74,0xdd,0xd6,0x59,0xc6,0xdc,0xd6,0x92,0x95,0xa7,0x64,0xa9,0x5c,0xd4,0xe5,0xf2,0xed,0x71,0xd5,
    0x71,0xd5,0x90,0xdd,0x38,0xd6,0x8f,0x85,0xa6,0x5c,0xe8,0x64,0xc7,0x64,0xc7,0x64,0xc7,0x64,0xc7,0x64,0xe8,0x64,0xa6,0x5c,0xd1,0x95,0xdd,0xd6,0x9b,0xce,0xdc,0xd6,0x57,0xb6,0x85,0x54,0x8f,0x85,0x38,0xd6,0x90,0xdd,0x71,0xd5,
    0x51,0xd5,0x13,0xf6,0xb3,0xe5,0x87,0x54,0xa7,0x64,0x87,0x5c,0x87,0x5c,0x87,0x5c,0x87,0x5c,0x87,0x5c,0x87,0x5c,0xa7,0x5c,0xa9,0x6c,0xbd,0xd6,0x58,0xbe,0xbc,0xce,0x4f,0x8d,0xc7,0x64,0x87,0x54,0xb3,0xe5,0x13,0xf6,0x51,0xd5,
    0x51,0xd5,0x13,0xf6,0x50,0xd5,0x00,0x00,0x00,0x00,0x00,0x00,0x00,0x00,0x00,0x00,0x00,0x00,0x00,0x00,0x00,0x00,0x00,0x00,0x00,0x00,0x00,0x00,0x00,0x00,0x00,0x00,0x00,0x00,0x1f,0x00,0x00,0x00,0x50,0xd5,0x13,0xf6,0x51,0xd5,
    0x51,0xd5,0x13,0xf6,0x52,0xcd,0x44,0xfd,0x86,0xfd,0x46,0xfd,0x66,0xfd,0x66,0xfd,0x66,0xfd,0x46,0xfd,0x46,0xfd,0x86,0xfd,0x46,0xfd,0x00,0x00,0x40,0xfd,0x00,0x00,0x24,0xfd,0xa7,0xfd,0x44,0xfd,0x52,0xd5,0x13,0xf6,0x51,0xd5,
    0x71,0xd5,0x90,0xe5,0x38,0xce,0xee,0xf5,0xa5,0xfd,0xc7,0xfd,0xa6,0xfd,0xa6,0xfd,0xc6,0xfd,0xa6,0xfd,0xc7,0xfd,0xa5,0xfd,0xef,0xed,0xdd,0xc6,0xba,0xce,0xdc,0xce,0x77,0xd6,0x84,0xfd,0x0e,0xf6,0x38,0xce,0x90,0xe5,0x71,0xd5,
    0x51,0xd5,0xf2,0xed,0xd6,0xcd,0xaa,0xf5,0x86,0xfd,0x66,0xfd,0x46,0xfd,0x46,0xfd,0x46,0xfd,0x66,0xfd,0x66,0xfd,0x86,0xfd,0xab,0xf5,0xdd,0xce,0x9a,0xd6,0xbc,0xce,0x54,0xde,0xa6,0xfd,0xaa,0xf5,0xd6,0xcd,0xf2,0xed,0x51,0xd5,
    0x91,0xd5,0x33,0xf6,0x50,0xd5,0xe0,0xfd,0xc7,0xfd,0xa5,0xfd,0xc6,0xfd,0xa5,0xfd,0xc5,0xfd,0xa5,0xfd,0xe5,0xfd,0xa6,0xfd,0xe0,0xff,0x00,0x00,0x00,0x00,0x00,0x00,0x00,0x00,0xe7,0xfd,0x40,0xfd,0x50,0xd5,0x33,0xf6,0x91,0xd5,
    0x6a,0xc3,0xcb,0xcb,0x8a,0xc3,0x4a,0xbb,0x2a,0xbb,0x2a,0xbb,0x2a,0xbb,0x2a,0xbb,0x2a,0xbb,0x2a,0xbb,0x2a,0xbb,0x2a,0xbb,0x4a,0xbb,0x4a,0xbb,0x4a,0xbb,0x4a,0xbb,0x4a,0xbb,0x2a,0xbb,0x4a,0xbb,0x8a,0xc3,0xcb,0xcb,0x6a,0xc3,
    0x4a,0xbb,0x29,0xbb,0x4a,0xc3,0x6a,0xcb,0x6a,0xcb,0x6a,0xcb,0x6a,0xcb,0x6a,0xcb,0x6a,0xcb,0x6a,0xcb,0x6a,0xcb,0x8a,0xcb,0x6a,0xcb,0x6a,0xcb,0x6a,0xcb,0x6a,0xcb,0x6a,0xcb,0x8a,0xcb,0x6a,0xcb,0x4a,0xc3,0x29,0xbb,0x4a,0xbb,
    0x61,0xff,0x9d,0x65,0x67,0x65,0x65,0x65,0x65,0x65,0x65,0x65,0x65,0x65,0x65,0x65,0x65,0x67,0x65,0x9f,0xff,0x5e,0x6d,0xff,0xff,0xff,0xff,0xff,0xff,0xff,0xff,0xff,0xff,0xff,0xff,0xff,0xff,0xff,0xff,0xff,0xff,0xff,0xff,0x6c,
    0x67,0xff,0xad,0x66,0x5f,0x5e,0x5d,0x5d,0x5d,0x5d,0x5e,0x5c,0x67,0x70,0x70,0x70,0x6d,0x5f,0x66,0xad,0xff,0x67,0x64,0xff,0x4c,0x26,0x80,0x61,0x70,0x6c,0x65,0x76,0x5b,0x82,0x1f,0x00,0x00,0x00,0x00,0x86,0x25,0x4d,0xff,0x64,
    0x69,0xff,0xdd,0xf4,0xff,0xff,0xff,0xff,0xff,0xff,0xff,0xff,0xf1,0xcf,0xd1,0xcf,0xdc,0xff,0xf6,0xdd,0xff,0x69,0x68,0xff,0xb4,0xcf,0xff,0xff,0xff,0xff,0xff,0xff,0xfe,0xff,0xcd,0x8e,0x91,0x8e,0xa1,0xff,0xce,0xb4,0xff,0x68,
    0x65,0xff,0x5c,0x16,0x4e,0x37,0x41,0x3f,0x3a,0x45,0x33,0x4e,0x13,0x00,0x00,0x00,0x00,0x53,0x15,0x5c,0xff,0x65,0x65,0xff,0x5d,0x0f,0x40,0x2a,0x33,0x31,0x2d,0x37,0x26,0x3f,0x0c,0x00,0x00,0x00,0x00,0x44,0x0f,0x5d,0xff,0x65,
    0x67,0xff,0xaa,0xc5,0xff,0xfc,0xff,0xff,0xff,0xff,0xf9,0xff,0xc0,0x7e,0x81,0x7e,0x92,0xff,0xc7,0xab,0xff,0x67,0x69,0xff,0xe2,0xf7,0xff,0xff,0xff,0xff,0xff,0xff,0xff,0xff,0xf7,0xd7,0xd9,0xd7,0xe3,0xff,0xf7,0xe2,0xff,0x69,
    0x65,0xff,0x5b,0x42,0x9b,0x7e,0x8c,0x89,0x83,0x92,0x79,0x9d,0x3d,0x00,0x00,0x00,0x06,0xa1,0x40,0x5a,0xff,0x65,0x65,0xff,0x66,0x00,0x09,0x00,0x00,0x00,0x00,0x03,0x00,0x07,0x00,0x00,0x00,0x00,0x00,0x0d,0x00,0x66,0xff,0x65,
    0x66,0xff,0x7b,0x8f,0xf0,0xd6,0xe3,0xe1,0xdb,0xe8,0xd2,0xf2,0x87,0x31,0x36,0x31,0x4a,0xf5,0x8f,0x7c,0xff,0x66,0x6a,0xff,0xfa,0xff,0xff,0xff,0xff,0xff,0xff,0xff,0xff,0xff,0xff,0xfc,0xfd,0xfc,0xff,0xff,0xff,0xfa,0xff,0x6a,
    0x65,0xff,0x6d,0x78,0xdd,0xc1,0xcf,0xcc,0xc6,0xd4,0xbc,0xe0,0x73,0x19,0x1d,0x19,0x31,0xe2,0x76,0x6d,0xff,0x65,0x65,0xff,0x68,0x00,0x00,0x00,0x00,0x00,0x00,0x00,0x00,0x00,0x00,0x00,0x00,0x00,0x00,0x02,0x00,0x68,0xff,0x65,
    0x65,0xff,0x5f,0x57,0xb8,0x9b,0xa9,0xa6,0x9f,0xaf,0x96,0xba,0x4f,0x00,0x03,0x00,0x14,0xbe,0x56,0x5f,0xff,0x65,0x6a,0xff,0xef,0xff,0xff,0xff,0xff,0xff,0xff,0xff,0xff,0xff,0xff,0xec,0xed,0xec,0xf5,0xff,0xff,0xf0,0xff,0x6a,
    0x68,0xff,0x97,0xaf,0xff,0xed,0xf7,0xf5,0xf1,0xfa,0xea,0xff,0xac,0x5e,0x62,0x5e,0x74,0xff,0xae,0x96,0xff,0x68,0x5f,0xff,0x5a,0x04,0x31,0x1c,0x25,0x23,0x1e,0x29,0x18,0x31,0x01,0x00,0x00,0x00,0x00,0x36,0x03,0x5a,0xff,0x5f,
    0xdb,0xff,0xe8,0xcf,0xc7,0xca,0xc8,0xc8,0xc9,0xc7,0xca,0xc6,0xcf,0xd5,0xd4,0xd5,0xd4,0xc6,0xcf,0xe8,0xff,0xdb,0xfe,0xff,0xff,0xff,0xff,0xff,0xff,0xff,0xff,0xff,0xff,0xff,0xff,0xff,0xff,0xff,0xff,0xff,0xff,0xff,0xff,0xfe,

};

const lv_image_dsc_t emoji_abacus_22 = {
  .header.magic = LV_IMAGE_HEADER_MAGIC,
  .header.cf = LV_COLOR_FORMAT_RGB565A8,
  .header.flags = 0,
  .header.w = 22,
  .header.h = 22,
  .header.stride = 44,
  .data_size = sizeof(emoji_abacus_22_map),
  .data = emoji_abacus_22_map,
};




#ifndef LV_ATTRIBUTE_MEM_ALIGN
#define LV_ATTRIBUTE_MEM_ALIGN
#endif

#ifndef LV_ATTRIBUTE_EMOJI_MOAI_22
#define LV_ATTRIBUTE_EMOJI_MOAI_22
#endif

static const
LV_ATTRIBUTE_MEM_ALIGN LV_ATTRIBUTE_LARGE_CONST LV_ATTRIBUTE_EMOJI_MOAI_22
uint8_t emoji_moai_22_map[] = {

    0x00,0x00,0x00,0x00,0x00,0x00,0xff,0xff,0x00,0x00,0x9c,0xd6,0xfc,0xd6,0xbb,0xce,0xbb,0xce,0x9b,0xce,0xbb,0xce,0xbb,0xce,0x9b,0xce,0xbb,0xce,0xbb,0xce,0xdc,0xd6,0x3c,0xd7,0x00,0x00,0xff,0xff,0x00,0x00,0x00,0x00,0x00,0x00,
    0x00,0x00,0x00,0x00,0xff,0xff,0xff,0xff,0xbc,0xc6,0xbb,0xce,0x1d,0xdf,0x1d,0xd7,0xfc,0xd6,0xfc,0xd6,0xfc,0xd6,0xfc,0xd6,0xfc,0xd6,0xfc,0xd6,0x1d,0xd7,0x1d,0xdf,0xbb,0xce,0xba,0xc6,0xff,0xff,0xff,0xff,0x00,0x00,0x00,0x00,
    0x00,0x00,0x00,0x00,0xf7,0xbd,0x00,0x00,0xbb,0xce,0x5e,0xdf,0xdc,0xd6,0x59,0xbe,0x97,0xa5,0x15,0x95,0x15,0x95,0x15,0x95,0x15,0x95,0x97,0xa5,0x59,0xbe,0xdc,0xd6,0x5d,0xdf,0xdc,0xd6,0x00,0x00,0xff,0xaf,0x00,0x00,0x00,0x00,
    0x00,0x00,0x00,0x00,0xff,0xff,0x00,0x00,0x7a,0xc6,0xdc,0xce,0x93,0x84,0xb0,0x6b,0x8f,0x63,0x6f,0x5b,0x6e,0x5b,0x6e,0x5b,0x6f,0x5b,0x8f,0x63,0xb0,0x6b,0xb3,0x84,0xbb,0xce,0x39,0xbe,0x00,0x00,0xff,0xff,0x00,0x00,0x00,0x00,
    0x00,0x00,0xef,0x7b,0x00,0x00,0xec,0x52,0x36,0x9d,0x11,0x74,0x2d,0x53,0x8f,0x63,0xaf,0x63,0xaf,0x63,0xf1,0x73,0xf1,0x73,0xaf,0x63,0xaf,0x63,0x8f,0x63,0x2d,0x53,0x11,0x74,0x15,0x95,0xcc,0x4a,0x00,0x00,0xef,0x7b,0x00,0x00,
    0x00,0x00,0xef,0x7b,0x00,0x00,0x4e,0x5b,0xd8,0xad,0xd8,0xad,0xb3,0x8c,0x32,0x7c,0xaf,0x63,0x15,0x95,0x9b,0xce,0x9b,0xce,0x15,0x95,0xaf,0x63,0x32,0x7c,0xb3,0x8c,0xd8,0xad,0x97,0xa5,0x2e,0x53,0x00,0x00,0xef,0x7b,0x00,0x00,
    0x00,0x00,0xef,0x7b,0x00,0x00,0x4e,0x5b,0xf9,0xb5,0x3d,0xdf,0xdc,0xd6,0xdc,0xd6,0xb7,0xad,0xb7,0xad,0xfc,0xd6,0xfc,0xd6,0xd8,0xb5,0x76,0xa5,0xdc,0xd6,0xdc,0xce,0x3d,0xdf,0xd8,0xad,0x4e,0x5b,0x00,0x00,0xef,0x7b,0x00,0x00,
    0x00,0x00,0xef,0x7b,0x00,0x00,0x6f,0x5b,0x19,0xb6,0xdc,0xd6,0x9b,0xce,0xdc,0xd6,0x39,0xbe,0x76,0xa5,0xdc,0xd6,0xdc,0xd6,0x97,0xa5,0x19,0xb6,0xfc,0xd6,0x9b,0xce,0xdc,0xd6,0xf8,0xb5,0x6e,0x5b,0x00,0x00,0xef,0x7b,0x00,0x00,
    0x00,0x00,0x00,0x00,0xff,0xff,0x6f,0x5b,0xf8,0xb5,0xfc,0xd6,0xbb,0xce,0xdc,0xce,0x5a,0xbe,0x97,0xa5,0xdb,0xce,0xdb,0xce,0x97,0xa5,0x39,0xbe,0xdc,0xd6,0xbb,0xce,0xfc,0xd6,0x19,0xb6,0x6f,0x5b,0xff,0xff,0x00,0x00,0x00,0x00,
    0x00,0x00,0x00,0x00,0x54,0x8c,0x6f,0x63,0xf8,0xb5,0xdc,0xd6,0xbb,0xce,0xdb,0xce,0x7a,0xc6,0xd8,0xad,0x1c,0xd7,0x1c,0xd7,0xf8,0xb5,0x5a,0xbe,0xdc,0xce,0xbb,0xce,0xdc,0xd6,0xf8,0xb5,0x6f,0x63,0x54,0x8c,0x00,0x00,0x00,0x00,
    0xef,0x7b,0x00,0x00,0xf1,0x6b,0x6f,0x63,0xf8,0xb5,0xdc,0xd6,0xbb,0xce,0xbb,0xce,0xbb,0xce,0xb7,0xad,0x15,0x95,0xf5,0x94,0xd8,0xb5,0x9b,0xce,0xbb,0xce,0xbb,0xce,0xdc,0xd6,0xf8,0xb5,0x6f,0x63,0xf1,0x6b,0x00,0x00,0xef,0x7b,
    0xaa,0x52,0x00,0x00,0xf0,0x6b,0x8f,0x63,0xd8,0xad,0xdc,0xd6,0xbb,0xce,0xdc,0xd6,0x19,0xb6,0x8f,0x63,0x4e,0x5b,0x4e,0x5b,0x8f,0x63,0xf8,0xb5,0xdc,0xd6,0xbb,0xce,0xdc,0xd6,0xd8,0xad,0x8f,0x63,0xf0,0x6b,0x00,0x00,0xaa,0x52,
    0xaa,0x52,0x00,0x00,0xf0,0x6b,0x8f,0x63,0xd8,0xad,0xdc,0xd6,0xbb,0xce,0xdc,0xd6,0xd8,0xad,0x32,0x7c,0x73,0x84,0x73,0x84,0x32,0x7c,0xd8,0xad,0xdc,0xd6,0xbb,0xce,0xdc,0xd6,0xf8,0xad,0x8f,0x63,0xf0,0x6b,0x00,0x00,0xaa,0x52,
    0xaa,0x52,0x00,0x00,0xf0,0x6b,0x8f,0x63,0xd8,0xad,0xdc,0xd6,0xbb,0xce,0xbb,0xce,0x39,0xbe,0x97,0xa5,0x56,0x9d,0x56,0x9d,0x97,0xa5,0x39,0xbe,0xbb,0xce,0xbb,0xce,0xfc,0xd6,0xb7,0xad,0x8f,0x63,0xf0,0x6b,0x00,0x00,0xaa,0x52,
    0xef,0x7b,0x00,0x00,0x31,0x74,0x6f,0x63,0xd8,0xad,0xdc,0xd6,0xbb,0xce,0x5a,0xc6,0x56,0x9d,0x15,0x95,0x15,0x95,0x15,0x95,0x15,0x95,0x56,0x9d,0x5a,0xc6,0xbb,0xce,0xfc,0xd6,0xb7,0xad,0x6f,0x63,0x31,0x74,0x00,0x00,0xef,0x7b,
    0x00,0x00,0xef,0x7b,0x00,0x00,0x2e,0x5b,0xd8,0xad,0xfc,0xd6,0xdc,0xd6,0x36,0x9d,0x8f,0x63,0x6f,0x63,0x6e,0x5b,0x6e,0x5b,0x6f,0x63,0x8f,0x63,0x36,0x9d,0xdc,0xce,0xfc,0xd6,0xb7,0xa5,0x2e,0x5b,0x00,0x00,0xef,0x7b,0x00,0x00,
    0x00,0x00,0x00,0x00,0xd3,0x9c,0x00,0x00,0xbb,0xce,0x3d,0xdf,0xdc,0xce,0xd8,0xad,0x15,0x95,0x35,0x9d,0x35,0x9d,0x35,0x9d,0x35,0x9d,0x15,0x95,0xd8,0xad,0xdb,0xce,0x3d,0xdf,0xdc,0xd6,0x00,0x00,0xff,0xbf,0x00,0x00,0x00,0x00,
    0x00,0x00,0x00,0x00,0xff,0xff,0x00,0x00,0xb7,0xad,0x1d,0xdf,0xbb,0xce,0xdc,0xd6,0xfc,0xd6,0xfc,0xd6,0xfc,0xd6,0xfc,0xd6,0xfc,0xd6,0xfc,0xd6,0xdc,0xd6,0xbb,0xce,0x1d,0xd7,0x76,0xa5,0x00,0x00,0xff,0xff,0x00,0x00,0x00,0x00,
    0x00,0x00,0xff,0x07,0x00,0x00,0xe9,0x31,0x93,0x84,0x1d,0xd7,0xdc,0xd6,0xbb,0xce,0xbb,0xce,0xbb,0xce,0xbb,0xce,0xbb,0xce,0xbb,0xce,0xbb,0xce,0xbb,0xce,0xdc,0xd6,0x1c,0xd7,0x72,0x7c,0x69,0x32,0x00,0x00,0xff,0x07,0x00,0x00,
    0x00,0x00,0xef,0x3b,0x00,0x00,0xaf,0x63,0xf0,0x6b,0xf4,0x94,0x19,0xb6,0x7a,0xc6,0xbb,0xce,0xdb,0xce,0xdb,0xce,0xdb,0xce,0xdb,0xce,0xbb,0xce,0x7a,0xc6,0x19,0xb6,0xf4,0x94,0xf0,0x6b,0x8f,0x63,0x00,0x00,0xef,0x3b,0x00,0x00,
    0x00,0x00,0xb5,0x52,0x00,0x00,0xb0,0x63,0xd0,0x6b,0xaf,0x63,0xb0,0x63,0xf0,0x6b,0x11,0x74,0x32,0x7c,0x32,0x7c,0x32,0x7c,0x32,0x7c,0x11,0x74,0xf0,0x6b,0xb0,0x63,0xaf,0x63,0xd0,0x6b,0xaf,0x63,0x00,0x00,0xb5,0x52,0x00,0x00,
    0x00,0x00,0x00,0x00,0xff,0x07,0x00,0x00,0x8f,0x63,0xd0,0x6b,0xb0,0x6b,0x8f,0x63,0x8f,0x63,0x8f,0x63,0x8f,0x63,0x8f,0x63,0x8f,0x63,0x8f,0x63,0x8f,0x63,0xb0,0x6b,0xd0,0x6b,0x8f,0x63,0x00,0x00,0xff,0x07,0x00,0x00,0x00,0x00,
    0x00,0x00,0x00,0x01,0x00,0x0b,0x6f,0xbf,0xe5,0xfd,0xff,0xff,0xfd,0xe5,0xbf,0x6f,0x0b,0x00,0x01,0x00,0x00,0x00,0x00,0x00,0x01,0x01,0x12,0xcb,0xff,0xff,0xff,0xff,0xff,0xff,0xff,0xff,0xff,0xff,0xcb,0x12,0x01,0x01,0x00,0x00,
    0x00,0x00,0x04,0x00,0x4d,0xff,0xfa,0xfd,0xfe,0xff,0xff,0xff,0xff,0xfe,0xfd,0xfb,0xff,0x41,0x00,0x03,0x00,0x00,0x00,0x00,0x03,0x00,0x83,0xfd,0xfb,0xff,0xff,0xff,0xff,0xff,0xff,0xff,0xff,0xfb,0xfd,0x77,0x00,0x03,0x00,0x00,
    0x00,0x02,0x00,0x2f,0xf9,0xfe,0xfe,0xff,0xff,0xff,0xff,0xff,0xff,0xff,0xff,0xfe,0xfe,0xf9,0x2d,0x00,0x02,0x00,0x00,0x04,0x00,0x74,0xff,0xfb,0xff,0xff,0xff,0xff,0xff,0xff,0xff,0xff,0xff,0xff,0xfb,0xff,0x74,0x00,0x04,0x00,
    0x00,0x04,0x00,0x9a,0xfe,0xfb,0xff,0xff,0xff,0xff,0xff,0xff,0xff,0xff,0xff,0xff,0xfb,0xfe,0x9a,0x00,0x04,0x00,0x00,0x02,0x00,0xb7,0xff,0xfc,0xff,0xff,0xff,0xff,0xff,0xff,0xff,0xff,0xff,0xff,0xfc,0xff,0xb7,0x00,0x02,0x00,
    0x01,0x00,0x01,0xd1,0xff,0xfd,0xff,0xff,0xff,0xff,0xff,0xff,0xff,0xff,0xff,0xff,0xfd,0xff,0xd1,0x01,0x00,0x01,0x01,0x00,0x0b,0xe7,0xff,0xfe,0xff,0xff,0xff,0xff,0xff,0xff,0xff,0xff,0xff,0xff,0xfe,0xff,0xe7,0x0b,0x00,0x01,
    0x02,0x00,0x1e,0xf4,0xff,0xfe,0xff,0xff,0xff,0xff,0xff,0xff,0xff,0xff,0xff,0xff,0xfe,0xff,0xf4,0x1e,0x00,0x02,0x03,0x00,0x2f,0xfd,0xff,0xff,0xff,0xff,0xff,0xff,0xff,0xff,0xff,0xff,0xff,0xff,0xff,0xff,0xfd,0x2f,0x00,0x03,
    0x03,0x00,0x33,0xff,0xff,0xff,0xff,0xff,0xff,0xff,0xff,0xff,0xff,0xff,0xff,0xff,0xff,0xff,0xff,0x33,0x00,0x03,0x03,0x00,0x34,0xfe,0xfe,0xff,0xff,0xff,0xff,0xff,0xff,0xff,0xff,0xff,0xff,0xff,0xff,0xfe,0xfe,0x34,0x00,0x03,
    0x02,0x00,0x19,0xf9,0xff,0xfd,0xff,0xff,0xff,0xff,0xff,0xff,0xff,0xff,0xff,0xff,0xfd,0xff,0xf9,0x19,0x00,0x02,0x00,0x02,0x00,0x67,0xea,0xfd,0xfe,0xff,0xff,0xff,0xff,0xff,0xff,0xff,0xff,0xfe,0xfd,0xe7,0x67,0x00,0x02,0x00,
    0x00,0x00,0x05,0x00,0x82,0xff,0xfb,0xff,0xff,0xff,0xff,0xff,0xff,0xff,0xff,0xfb,0xff,0x6e,0x00,0x04,0x00,0x00,0x00,0x00,0x03,0x01,0x9d,0xff,0xfb,0xff,0xff,0xff,0xff,0xff,0xff,0xff,0xff,0xfb,0xff,0x99,0x01,0x03,0x00,0x00,
    0x00,0x01,0x00,0x14,0xee,0xff,0xfe,0xff,0xff,0xff,0xff,0xff,0xff,0xff,0xff,0xfe,0xff,0xef,0x14,0x00,0x01,0x00,0x00,0x04,0x00,0x51,0xff,0xf9,0xfd,0xfe,0xff,0xff,0xff,0xff,0xff,0xff,0xfe,0xfd,0xf9,0xff,0x50,0x00,0x04,0x00,
    0x00,0x03,0x00,0x43,0xfd,0xff,0xff,0xff,0xff,0xff,0xff,0xff,0xff,0xff,0xff,0xff,0xff,0xfd,0x41,0x00,0x03,0x00,0x00,0x00,0x01,0x00,0x41,0x9d,0xcd,0xe9,0xfb,0xff,0xff,0xff,0xff,0xfb,0xe9,0xcd,0x9d,0x41,0x00,0x01,0x00,0x00,

};

const lv_image_dsc_t emoji_moai_22 = {
  .header.magic = LV_IMAGE_HEADER_MAGIC,
  .header.cf = LV_COLOR_FORMAT_RGB565A8,
  .header.flags = 0,
  .header.w = 22,
  .header.h = 22,
  .header.stride = 44,
  .data_size = sizeof(emoji_moai_22_map),
  .data = emoji_moai_22_map,
};




#ifndef LV_ATTRIBUTE_MEM_ALIGN
#define LV_ATTRIBUTE_MEM_ALIGN
#endif

#ifndef LV_ATTRIBUTE_EMOJI_TIPPING_22
#define LV_ATTRIBUTE_EMOJI_TIPPING_22
#endif

static const
LV_ATTRIBUTE_MEM_ALIGN LV_ATTRIBUTE_LARGE_CONST LV_ATTRIBUTE_EMOJI_TIPPING_22
uint8_t emoji_tipping_22_map[] = {

    0xe0,0xff,0x00,0x00,0x00,0x00,0x66,0xfd,0x66,0xfd,0x66,0xfd,0x46,0xfd,0x66,0xfd,0x66,0xfd,0x66,0xfd,0x66,0xfd,0x66,0xfd,0x00,0xf8,0x00,0x00,0xe0,0xff,0x00,0x00,0x00,0x00,0x00,0x00,0x00,0x00,0x00,0x00,0x00,0x00,0x00,0x00,
    0xe0,0xff,0x25,0xfd,0x66,0xfd,0x86,0xfd,0xa6,0xfd,0xa6,0xfd,0x86,0xfd,0x66,0xfd,0x66,0xfd,0x66,0xfd,0x86,0xfd,0xa6,0xfd,0x66,0xfd,0x86,0xfd,0x00,0x00,0xe0,0xfb,0x00,0x00,0x00,0x00,0x00,0x00,0x00,0x00,0x00,0x00,0x00,0x00,
    0xe0,0xff,0x46,0xfd,0xe7,0xfd,0x46,0xfd,0x66,0xfd,0x46,0xfd,0x66,0xfd,0x66,0xfd,0x66,0xfd,0x66,0xfd,0x66,0xfd,0x46,0xfd,0xc6,0xfd,0x66,0xfd,0x05,0xfd,0xef,0xfb,0xe0,0xff,0x00,0x00,0x00,0x00,0x00,0x00,0x00,0x00,0x00,0x00,
    0x66,0xfd,0x86,0xfd,0x66,0xfd,0x66,0xfd,0x46,0xfd,0xc8,0xfd,0x66,0xfd,0x66,0xfd,0x66,0xfd,0x66,0xfd,0x66,0xfd,0x66,0xfd,0x46,0xfd,0xc6,0xfd,0x46,0xfd,0x00,0x00,0x4a,0xfd,0x00,0x00,0x00,0x00,0x00,0x00,0x00,0x00,0x00,0x00,
    0x46,0xfd,0xa6,0xfd,0x66,0xfd,0x66,0xfd,0x46,0xfd,0xab,0xfe,0x08,0xfe,0x25,0xfd,0x66,0xfd,0x66,0xfd,0x66,0xfd,0x66,0xfd,0x66,0xfd,0x86,0xfd,0x46,0xfd,0xe7,0xfd,0x00,0x00,0xe0,0xff,0x00,0x00,0x00,0x00,0x00,0x00,0x00,0x00,
    0x46,0xfd,0xa6,0xfd,0x46,0xfd,0x45,0xfd,0x08,0xfe,0xeb,0xfe,0xeb,0xfe,0x29,0xfe,0x66,0xfd,0x46,0xfd,0x46,0xfd,0x66,0xfd,0x66,0xfd,0x46,0xfd,0x86,0xfd,0x46,0xfd,0x00,0x00,0x4a,0xfd,0x00,0x00,0x00,0x00,0x00,0x00,0x00,0x00,
    0x66,0xfd,0xa6,0xfd,0xa7,0xfd,0x6a,0xfe,0xeb,0xfe,0xeb,0xfe,0xeb,0xfe,0xec,0xfe,0xaa,0xfe,0x08,0xfe,0xa7,0xfd,0x66,0xfd,0x46,0xfd,0x46,0xfd,0xa6,0xfd,0x46,0xfd,0x00,0x00,0xcc,0xfc,0xef,0xff,0x00,0x00,0x00,0x00,0x00,0x00,
    0x66,0xfd,0x86,0xfd,0x49,0xfe,0x0c,0xff,0xcb,0xfe,0x8b,0xf6,0xcb,0xfe,0xcb,0xfe,0xeb,0xfe,0xeb,0xfe,0x8b,0xf6,0xaa,0xfe,0x8a,0xfe,0xc8,0xfd,0x86,0xfd,0x66,0xfd,0xe0,0xff,0x00,0x00,0x00,0x00,0xef,0xfb,0xef,0xff,0xe0,0xff,
    0x66,0xfd,0x86,0xfd,0x29,0xfe,0x2c,0xff,0x0a,0xee,0x22,0x69,0x0a,0xee,0x0b,0xff,0x2c,0xff,0x89,0xdd,0x42,0x69,0xab,0xfe,0x2c,0xff,0x08,0xfe,0x86,0xfd,0x46,0xfd,0x00,0x00,0x2a,0xf6,0x4a,0xfe,0x00,0x00,0x00,0x00,0x00,0x00,
    0x66,0xfd,0x86,0xfd,0x29,0xfe,0x2c,0xff,0x4a,0xf6,0xa5,0x92,0x4a,0xf6,0xeb,0xfe,0x0b,0xff,0xea,0xe5,0xa5,0x92,0xab,0xfe,0x0c,0xff,0xe8,0xfd,0xe8,0xfd,0x6b,0xfe,0x6b,0xfe,0x6b,0xfe,0xab,0xfe,0xcb,0xfe,0xeb,0xfe,0xcb,0xfe,
    0x66,0xfd,0x86,0xfd,0x29,0xfe,0x0c,0xff,0xeb,0xfe,0x2c,0xff,0xeb,0xfe,0xeb,0xfe,0xeb,0xfe,0xeb,0xfe,0x2c,0xff,0xeb,0xfe,0xec,0xfe,0x28,0xfe,0xea,0xfe,0x6b,0xff,0x6b,0xff,0x4b,0xff,0x4c,0xff,0x0b,0xff,0xeb,0xfe,0xcb,0xfe,
    0x66,0xfd,0x86,0xfd,0x28,0xfe,0xec,0xfe,0xcb,0xfe,0xcb,0xfe,0xab,0xfe,0xca,0xdc,0x0a,0xe5,0xcb,0xfe,0xcb,0xfe,0xcb,0xfe,0xeb,0xfe,0xe9,0xfd,0x4f,0xdd,0x91,0xd5,0x91,0xdd,0xcf,0xdd,0xeb,0xfe,0x8c,0xf6,0x00,0x00,0x00,0x00,
    0x66,0xfd,0x86,0xfd,0xa7,0xfd,0xeb,0xfe,0xcb,0xfe,0x0b,0xff,0x6c,0xff,0x2c,0xff,0x2c,0xff,0x6c,0xff,0xeb,0xfe,0xcb,0xfe,0xeb,0xfe,0x48,0xf5,0x19,0x93,0xfa,0x82,0x3b,0x93,0xfa,0x82,0x00,0x00,0x00,0x00,0xef,0xff,0xea,0xff,
    0x66,0xfd,0x86,0xfd,0x46,0xfd,0x49,0xfe,0x2c,0xff,0xaa,0xfd,0x28,0xeb,0x48,0xeb,0x48,0xeb,0x48,0xeb,0x0a,0xfe,0x2c,0xff,0x28,0xfe,0x08,0xf5,0x78,0x93,0x59,0x93,0x9a,0x9b,0x58,0x93,0xe7,0xfd,0x33,0xcb,0x00,0x00,0x00,0x00,
    0x46,0xf5,0x46,0xfd,0x66,0xfd,0x46,0xfd,0x6a,0xfe,0xac,0xfe,0x29,0xf4,0x87,0xe2,0x87,0xe2,0x69,0xf4,0xec,0xfe,0x4a,0xfe,0x65,0xfd,0xea,0xec,0x59,0x93,0x59,0x93,0x7a,0x9b,0x59,0x93,0x00,0x00,0xb5,0xaa,0x00,0x00,0x00,0x00,
    0x00,0x00,0xa4,0xfd,0xe5,0xfd,0x84,0xfd,0x64,0xfd,0x27,0xfe,0x4b,0xff,0x6c,0xff,0x6c,0xff,0x2b,0xff,0x06,0xfe,0x65,0xfd,0xa3,0xfd,0x09,0xed,0x39,0x8b,0x59,0x93,0x7a,0x9b,0x59,0x93,0x00,0x00,0xb5,0xaa,0x00,0x00,0x00,0x00,
    0x00,0xf8,0xb6,0xa3,0x70,0xcc,0x6f,0xcc,0x4f,0xcc,0x2f,0xcc,0x6c,0xf6,0xcb,0xfe,0xeb,0xfe,0x2c,0xf6,0x2f,0xc4,0x4f,0xcc,0x6f,0xcc,0x12,0xbc,0x39,0x8b,0x59,0x93,0x7a,0x9b,0x59,0x93,0x00,0x00,0xb5,0xaa,0x00,0x00,0x00,0x00,
    0x59,0x93,0x7b,0x9b,0x1a,0x8b,0x1a,0x8b,0x1a,0x8b,0x1b,0x8b,0x4d,0xee,0x0a,0xff,0x2a,0xff,0xef,0xe5,0xfb,0x82,0x3a,0x8b,0x1a,0x8b,0x3a,0x8b,0x59,0x93,0x59,0x93,0x7a,0x9b,0x59,0x93,0x00,0x00,0xb5,0xaa,0x00,0x00,0x00,0x00,
    0x59,0x93,0x59,0x93,0x59,0x93,0x59,0x93,0x58,0x93,0x39,0x93,0x75,0xb4,0x8d,0xf6,0x6d,0xee,0x15,0xac,0x39,0x93,0x58,0x93,0x59,0x93,0x59,0x93,0x59,0x93,0x59,0x93,0x7a,0x9b,0x59,0x93,0x00,0x00,0xb5,0xaa,0x00,0x00,0x00,0x00,
    0x59,0x93,0x59,0x93,0x18,0x8b,0x38,0x93,0x59,0x93,0x59,0x93,0x19,0x8b,0x59,0x93,0x59,0x93,0x39,0x8b,0x59,0x93,0x59,0x93,0x38,0x8b,0x18,0x8b,0x59,0x93,0x59,0x93,0x7a,0x9b,0x59,0x93,0x00,0x00,0xb5,0xaa,0x00,0x00,0x00,0x00,
    0x59,0x93,0x59,0x93,0xd6,0x82,0x38,0x8b,0x59,0x93,0x59,0x93,0x59,0x93,0x39,0x93,0x59,0x93,0x59,0x93,0x59,0x93,0x59,0x93,0x18,0x8b,0xf7,0x82,0x59,0x93,0x39,0x93,0x7a,0x9b,0x59,0x93,0x00,0x00,0xb5,0xaa,0x00,0x00,0x00,0x00,
    0x59,0x93,0x59,0x93,0xd7,0x82,0x38,0x8b,0x59,0x93,0x59,0x93,0x59,0x93,0x59,0x93,0x59,0x93,0x59,0x93,0x59,0x93,0x59,0x93,0x18,0x8b,0xf7,0x82,0x59,0x93,0x39,0x93,0x7a,0x9b,0x59,0x93,0x00,0x00,0xb5,0xaa,0x00,0x00,0x00,0x00,
    0x01,0x00,0x00,0x3d,0x6a,0x72,0xc0,0xf6,0xfe,0xf8,0xca,0x66,0x01,0x00,0x01,0x00,0x00,0x00,0x00,0x00,0x00,0x00,0x01,0x11,0xab,0xfe,0xff,0xff,0xff,0xff,0xff,0xff,0xff,0xff,0xba,0x17,0x00,0x02,0x00,0x00,0x00,0x00,0x00,0x00,
    0x01,0xae,0xff,0xfd,0xfc,0xfc,0xfd,0xff,0xff,0xff,0xfd,0xfb,0xff,0xcb,0x0b,0x02,0x01,0x00,0x00,0x00,0x00,0x00,0x3c,0xff,0xfc,0xfe,0xff,0xff,0xff,0xff,0xff,0xff,0xff,0xff,0xf9,0xff,0x80,0x00,0x03,0x00,0x00,0x00,0x00,0x00,
    0x6b,0xfe,0xfc,0xff,0xff,0xff,0xff,0xff,0xff,0xff,0xff,0xff,0xfd,0xfd,0xe7,0x0c,0x00,0x01,0x00,0x00,0x00,0x00,0x6a,0xff,0xfc,0xff,0xff,0xff,0xff,0xff,0xff,0xff,0xff,0xff,0xff,0xfe,0xff,0x3b,0x00,0x03,0x00,0x00,0x00,0x00,
    0x6a,0xff,0xfc,0xff,0xff,0xff,0xff,0xff,0xff,0xff,0xff,0xff,0xff,0xfc,0xff,0x4a,0x00,0x05,0x02,0x00,0x00,0x00,0x6a,0xff,0xfc,0xff,0xff,0xff,0xff,0xff,0xff,0xff,0xff,0xff,0xff,0xfc,0xff,0x48,0x01,0x00,0x00,0x02,0x02,0x01,
    0x6a,0xff,0xfc,0xff,0xff,0xff,0xff,0xff,0xff,0xff,0xff,0xff,0xff,0xfc,0xff,0x44,0x00,0x1f,0x33,0x00,0x00,0x00,0x6a,0xff,0xfc,0xff,0xff,0xff,0xff,0xff,0xff,0xff,0xff,0xff,0xff,0xfe,0xff,0xdd,0xd1,0xf1,0xff,0xad,0xc3,0xd5,
    0x6a,0xff,0xfc,0xff,0xff,0xff,0xff,0xff,0xff,0xff,0xff,0xff,0xff,0xff,0xff,0xff,0xff,0xff,0xff,0xff,0xc3,0x69,0x6a,0xff,0xfc,0xff,0xff,0xff,0xff,0xff,0xff,0xff,0xff,0xff,0xff,0xff,0xff,0xfc,0xfc,0xe2,0x66,0x1d,0x00,0x00,
    0x6b,0xfe,0xfc,0xff,0xff,0xff,0xff,0xff,0xff,0xff,0xff,0xff,0xff,0xff,0xff,0xfc,0xff,0xb2,0x00,0x00,0x02,0x03,0x4e,0xff,0xfe,0xff,0xff,0xff,0xff,0xff,0xff,0xff,0xff,0xff,0xff,0xff,0xff,0xfc,0xff,0xb8,0x04,0x05,0x00,0x00,
    0x15,0xee,0xff,0xfe,0xff,0xff,0xff,0xff,0xff,0xff,0xff,0xff,0xff,0xff,0xff,0xfc,0xff,0xb7,0x00,0x03,0x00,0x00,0x00,0x7a,0xfe,0xfc,0xff,0xff,0xff,0xff,0xff,0xff,0xff,0xff,0xff,0xff,0xff,0xfc,0xff,0xb7,0x00,0x03,0x00,0x00,
    0x01,0x67,0xfb,0xfd,0xff,0xff,0xff,0xff,0xff,0xff,0xff,0xff,0xff,0xff,0xff,0xfc,0xff,0xb7,0x00,0x03,0x00,0x00,0x95,0xff,0xfd,0xff,0xff,0xff,0xff,0xff,0xff,0xff,0xff,0xff,0xff,0xff,0xff,0xfc,0xff,0xb7,0x00,0x03,0x00,0x00,
    0xff,0xfe,0xfe,0xff,0xff,0xff,0xff,0xff,0xff,0xff,0xff,0xff,0xff,0xff,0xff,0xfc,0xff,0xb7,0x00,0x03,0x00,0x00,0xfe,0xff,0xff,0xff,0xff,0xff,0xff,0xff,0xff,0xff,0xff,0xff,0xff,0xff,0xff,0xfc,0xff,0xb7,0x00,0x03,0x00,0x00,
    0xff,0xff,0xff,0xff,0xff,0xff,0xff,0xff,0xff,0xff,0xff,0xff,0xff,0xff,0xff,0xfc,0xff,0xb7,0x00,0x03,0x00,0x00,0xff,0xff,0xff,0xff,0xff,0xff,0xff,0xff,0xff,0xff,0xff,0xff,0xff,0xff,0xff,0xfc,0xff,0xb7,0x00,0x03,0x00,0x00,

};

const lv_image_dsc_t emoji_tipping_22 = {
  .header.magic = LV_IMAGE_HEADER_MAGIC,
  .header.cf = LV_COLOR_FORMAT_RGB565A8,
  .header.flags = 0,
  .header.w = 22,
  .header.h = 22,
  .header.stride = 44,
  .data_size = sizeof(emoji_tipping_22_map),
  .data = emoji_tipping_22_map,
};




#ifndef LV_ATTRIBUTE_MEM_ALIGN
#define LV_ATTRIBUTE_MEM_ALIGN
#endif

#ifndef LV_ATTRIBUTE_EMOJI_HEDGEHOG_22
#define LV_ATTRIBUTE_EMOJI_HEDGEHOG_22
#endif

static const
LV_ATTRIBUTE_MEM_ALIGN LV_ATTRIBUTE_LARGE_CONST LV_ATTRIBUTE_EMOJI_HEDGEHOG_22
uint8_t emoji_hedgehog_22_map[] = {

    0x00,0x00,0x00,0x00,0x00,0x00,0x00,0x00,0x00,0x00,0x00,0x00,0x00,0x00,0x00,0xf8,0xe7,0x79,0x00,0x00,0x00,0x00,0x00,0x00,0x00,0x00,0xe7,0x79,0x00,0xf8,0x00,0x00,0x00,0x00,0x00,0x00,0x00,0x00,0x00,0x00,0x00,0x00,0x00,0x00,
    0x00,0x00,0x00,0x00,0x00,0x00,0x00,0x00,0x00,0x00,0x00,0x00,0xef,0xfb,0x00,0x00,0x00,0x00,0x26,0x8a,0x05,0x7a,0x05,0x7a,0x26,0x8a,0x00,0x00,0x00,0x00,0xef,0xfb,0x00,0x00,0x00,0x00,0x00,0x00,0x00,0x00,0x00,0x00,0x00,0x00,
    0x00,0x00,0x00,0x00,0x00,0x00,0x00,0x00,0xe7,0x79,0xe0,0x7b,0x00,0x00,0x47,0x8a,0x67,0x8a,0x46,0x8a,0x47,0x8a,0x47,0x8a,0x46,0x8a,0x67,0x8a,0x47,0x8a,0x00,0x00,0xe0,0x7b,0xe7,0x79,0x00,0x00,0x00,0x00,0x00,0x00,0x00,0x00,
    0x00,0x00,0x00,0x00,0x00,0x00,0x00,0x78,0x00,0x00,0x46,0x8a,0x67,0x92,0x47,0x8a,0x87,0x92,0x67,0x8a,0x67,0x8a,0x67,0x8a,0x67,0x8a,0x87,0x92,0x47,0x8a,0x67,0x92,0x46,0x8a,0x00,0x00,0x00,0x78,0x00,0x00,0x00,0x00,0x00,0x00,
    0x00,0x00,0x00,0x00,0x00,0xf8,0x26,0x8a,0x46,0x8a,0x47,0x8a,0x87,0x9a,0x47,0x8a,0x46,0x8a,0x47,0x8a,0x47,0x8a,0x47,0x8a,0x47,0x8a,0x46,0x8a,0x47,0x8a,0x87,0x9a,0x47,0x8a,0x46,0x8a,0x26,0x8a,0x00,0xf8,0x00,0x00,0x00,0x00,
    0x00,0x00,0x00,0xf8,0x00,0x00,0xa5,0x7a,0x47,0x8a,0x67,0x92,0x47,0x8a,0x47,0x8a,0x47,0x8a,0x47,0x8a,0x47,0x8a,0x47,0x8a,0x47,0x8a,0x47,0x8a,0x47,0x8a,0x47,0x8a,0x67,0x92,0x47,0x8a,0xa5,0x7a,0x00,0x00,0x00,0xf8,0x00,0x00,
    0xe0,0x7b,0x00,0xf8,0x05,0x82,0x46,0x8a,0x47,0x8a,0x47,0x8a,0x47,0x8a,0x47,0x8a,0x47,0x8a,0x47,0x8a,0x47,0x8a,0x47,0x8a,0x47,0x8a,0x47,0x8a,0x47,0x8a,0x47,0x8a,0x47,0x8a,0x47,0x8a,0x46,0x8a,0x05,0x82,0x00,0xf8,0xe0,0x7b,
    0x80,0x61,0x00,0x00,0x02,0x61,0x46,0x92,0x67,0x8a,0x47,0x8a,0x67,0x8a,0x47,0x8a,0x47,0x8a,0x47,0x8a,0x46,0x8a,0x46,0x8a,0x47,0x8a,0x47,0x8a,0x47,0x8a,0x67,0x8a,0x47,0x8a,0x67,0x8a,0x46,0x92,0x02,0x61,0x00,0x00,0x80,0x61,
    0xe0,0x7b,0xc1,0x60,0x05,0x82,0x67,0x8a,0x47,0x8a,0x46,0x8a,0x46,0x8a,0x47,0x8a,0x47,0x8a,0x67,0x8a,0x87,0x92,0x67,0x92,0x67,0x8a,0x47,0x8a,0x47,0x8a,0x46,0x8a,0x46,0x8a,0x47,0x8a,0x67,0x8a,0x05,0x82,0xc1,0x60,0xe0,0x7b,
    0x00,0x78,0xe2,0x60,0x63,0x71,0x47,0x8a,0x46,0x8a,0x87,0x8a,0xa8,0x92,0x87,0x92,0xe8,0xb2,0x29,0xbb,0x49,0xc3,0x49,0xc3,0x29,0xbb,0xe8,0xb2,0x87,0x92,0xa8,0x92,0x87,0x8a,0x46,0x8a,0x47,0x8a,0x63,0x71,0xe2,0x60,0x00,0x78,
    0x00,0x00,0xe2,0x60,0xc5,0x81,0x67,0x8a,0x67,0x8a,0x6e,0xcc,0xf0,0xdc,0x0c,0xcc,0x0c,0xcc,0xec,0xcb,0x29,0xc3,0x29,0xc3,0xec,0xcb,0x0c,0xcc,0x0c,0xcc,0xf0,0xdc,0x6e,0xcc,0x67,0x8a,0x67,0x8a,0xc5,0x81,0xe2,0x60,0x00,0x00,
    0x02,0x61,0x02,0x69,0x23,0x69,0x06,0x82,0x87,0x92,0xcf,0xd4,0x10,0xdd,0x31,0xe5,0x51,0xe5,0x10,0xdd,0xec,0xcb,0xec,0xcb,0x10,0xdd,0x51,0xe5,0x31,0xe5,0x10,0xdd,0xcf,0xd4,0x87,0x92,0x06,0x82,0x23,0x69,0x02,0x69,0x02,0x61,
    0x22,0x61,0x02,0x61,0x22,0x69,0x26,0x8a,0x46,0x8a,0xe9,0x9a,0xf0,0xdc,0xcc,0xa3,0xa9,0x72,0xf0,0xd4,0xf0,0xdc,0xf0,0xdc,0xf0,0xd4,0xa9,0x72,0xcc,0xa3,0xf0,0xdc,0xe9,0x9a,0x46,0x8a,0x26,0x8a,0x22,0x69,0x02,0x61,0x22,0x61,
    0x02,0x61,0x02,0x69,0x02,0x69,0x43,0x69,0x46,0x82,0x87,0x8a,0xf0,0xdc,0x2a,0x83,0x65,0x31,0xcf,0xd4,0x31,0xdd,0x31,0xdd,0xaf,0xd4,0x65,0x39,0x2a,0x83,0xf0,0xdc,0x87,0x8a,0x46,0x82,0x43,0x69,0x02,0x69,0x02,0x69,0x02,0x61,
    0x02,0x61,0x02,0x69,0x02,0x61,0x02,0x61,0xc5,0x79,0x67,0x8a,0xcf,0xd4,0x10,0xdd,0xcf,0xd4,0xd5,0xdd,0x5d,0xef,0x5d,0xef,0xd5,0xdd,0xcf,0xdc,0x10,0xdd,0xcf,0xd4,0x67,0x8a,0xc5,0x79,0x02,0x61,0x02,0x61,0x02,0x69,0x02,0x61,
    0x00,0x00,0x22,0x61,0x02,0x69,0x02,0x61,0xe1,0x60,0x84,0x71,0x6e,0xc4,0x10,0xdd,0xf0,0xdc,0x3c,0xef,0xfc,0xde,0xfc,0xde,0x3c,0xef,0xf0,0xdc,0x10,0xdd,0x6e,0xc4,0x84,0x71,0xe1,0x60,0x02,0x61,0x02,0x69,0x22,0x61,0x00,0x00,
    0x00,0x78,0x02,0x61,0x02,0x69,0x02,0x61,0x02,0x61,0xe2,0x60,0x46,0x8a,0xf0,0xdc,0x52,0xe5,0xfb,0xde,0x86,0x39,0x86,0x39,0xfb,0xde,0x52,0xdd,0xf0,0xdc,0x46,0x8a,0xe2,0x60,0x02,0x61,0x02,0x61,0x02,0x69,0x02,0x61,0x00,0x78,
    0x00,0x50,0xe1,0x60,0x02,0x61,0x02,0x69,0x02,0x61,0xc5,0x79,0x26,0x82,0xe9,0x9a,0x6e,0xcc,0x78,0xe6,0xcb,0x52,0xcb,0x52,0x78,0xe6,0x6e,0xcc,0xe9,0x9a,0x26,0x82,0xc5,0x79,0x02,0x61,0x02,0x69,0x02,0x61,0xe1,0x60,0x00,0x50,
    0xe0,0x79,0x00,0x00,0x02,0x61,0x02,0x69,0xc4,0x79,0x67,0x8a,0x46,0x8a,0x67,0x8a,0x87,0x92,0x2a,0xa3,0x90,0xb4,0x90,0xb4,0x2a,0xa3,0x87,0x92,0x67,0x8a,0x46,0x8a,0x67,0x8a,0xc4,0x79,0x02,0x69,0x02,0x61,0x00,0x00,0xe0,0x79,
    0x00,0x00,0x00,0x00,0x23,0x71,0xe1,0x60,0x46,0x8a,0xa7,0x9a,0xec,0xbb,0xf0,0xdc,0xd0,0xd4,0x8b,0xab,0x26,0x8a,0x25,0x8a,0x8b,0xab,0xd0,0xd4,0xf0,0xdc,0xec,0xbb,0xa7,0x9a,0x46,0x8a,0xe1,0x60,0x23,0x69,0x00,0x00,0x00,0x00,
    0x00,0x00,0x00,0x00,0x00,0x00,0x00,0x00,0x26,0x7a,0xe9,0x9a,0x30,0xe5,0x51,0xe5,0x51,0xed,0xf0,0xdc,0xa8,0x92,0xa8,0x92,0xf0,0xdc,0x51,0xed,0x51,0xe5,0x30,0xe5,0x09,0xa3,0x26,0x7a,0x00,0x00,0x00,0x00,0x00,0x00,0x00,0x00,
    0x00,0x00,0x00,0x00,0x00,0x00,0x00,0x50,0x00,0x00,0x00,0x00,0xcf,0xd4,0x10,0xdd,0x10,0xdd,0xd0,0xd4,0x00,0x00,0x00,0x00,0xd0,0xdc,0x10,0xdd,0x10,0xdd,0xcf,0xd4,0x00,0x00,0x00,0x00,0x00,0x50,0x00,0x00,0x00,0x00,0x00,0x00,
    0x00,0x00,0x00,0x00,0x00,0x00,0x00,0x01,0x04,0x00,0x00,0x00,0x00,0x04,0x01,0x00,0x00,0x00,0x00,0x00,0x00,0x00,0x00,0x00,0x00,0x00,0x00,0x00,0x02,0x00,0x00,0x27,0x17,0x17,0x27,0x00,0x00,0x02,0x00,0x00,0x00,0x00,0x00,0x00,
    0x00,0x00,0x00,0x00,0x04,0x02,0x00,0x83,0x8c,0xd5,0xde,0xde,0xd5,0x8c,0x83,0x00,0x02,0x04,0x00,0x00,0x00,0x00,0x00,0x00,0x00,0x02,0x00,0x59,0xb2,0xeb,0xff,0xff,0xff,0xff,0xff,0xff,0xeb,0xb2,0x59,0x00,0x02,0x00,0x00,0x00,
    0x00,0x01,0x01,0x0f,0x65,0xba,0xff,0xff,0xfb,0xfe,0xfd,0xfd,0xfe,0xfb,0xff,0xff,0xba,0x65,0x0f,0x01,0x01,0x00,0x00,0x01,0x00,0x06,0xf5,0xff,0xfa,0xfe,0xff,0xff,0xff,0xff,0xff,0xff,0xfe,0xfa,0xff,0xf5,0x06,0x00,0x01,0x00,
    0x02,0x01,0x27,0xbc,0xf2,0xfc,0xff,0xff,0xff,0xff,0xff,0xff,0xff,0xff,0xff,0xff,0xfc,0xf2,0xbc,0x27,0x01,0x02,0x05,0x00,0x71,0xff,0xfd,0xff,0xff,0xff,0xff,0xff,0xff,0xff,0xff,0xff,0xff,0xff,0xff,0xfd,0xff,0x71,0x00,0x05,
    0x02,0x14,0xa8,0xfc,0xfc,0xff,0xff,0xff,0xff,0xff,0xff,0xff,0xff,0xff,0xff,0xff,0xff,0xfc,0xfc,0xa8,0x14,0x02,0x02,0xb3,0xff,0xfc,0xff,0xff,0xff,0xff,0xff,0xff,0xff,0xff,0xff,0xff,0xff,0xff,0xff,0xff,0xfc,0xff,0xb3,0x02,
    0x00,0x69,0xfe,0xfc,0xff,0xff,0xff,0xff,0xff,0xff,0xff,0xff,0xff,0xff,0xff,0xff,0xff,0xff,0xfc,0xfe,0x69,0x00,0x64,0xec,0xfd,0xff,0xff,0xff,0xff,0xff,0xff,0xff,0xff,0xff,0xff,0xff,0xff,0xff,0xff,0xff,0xff,0xfd,0xec,0x64,
    0x29,0xd7,0xfe,0xfd,0xff,0xff,0xff,0xff,0xff,0xff,0xff,0xff,0xff,0xff,0xff,0xff,0xff,0xff,0xfd,0xfe,0xd7,0x29,0x2d,0xda,0xfe,0xfd,0xff,0xff,0xff,0xff,0xff,0xff,0xff,0xff,0xff,0xff,0xff,0xff,0xff,0xff,0xfd,0xfe,0xda,0x2d,
    0x63,0xeb,0xfd,0xff,0xff,0xff,0xff,0xff,0xff,0xff,0xff,0xff,0xff,0xff,0xff,0xff,0xff,0xff,0xff,0xfd,0xeb,0x63,0x00,0x68,0xff,0xfc,0xff,0xff,0xff,0xff,0xff,0xff,0xff,0xff,0xff,0xff,0xff,0xff,0xff,0xff,0xfc,0xff,0x68,0x00,
    0x02,0xb2,0xff,0xfb,0xff,0xff,0xff,0xff,0xff,0xff,0xff,0xff,0xff,0xff,0xff,0xff,0xff,0xff,0xfb,0xff,0xb2,0x02,0x03,0x12,0x72,0xff,0xfd,0xff,0xff,0xff,0xff,0xff,0xff,0xff,0xff,0xff,0xff,0xff,0xff,0xfd,0xff,0x72,0x12,0x03,
    0x04,0x00,0x6d,0xf8,0xfa,0xfb,0xff,0xff,0xff,0xfe,0xfb,0xfb,0xfe,0xff,0xff,0xff,0xfb,0xf9,0xf8,0x6d,0x00,0x04,0x01,0x01,0x14,0x24,0xc3,0xff,0xfb,0xfc,0xfc,0xff,0xff,0xff,0xff,0xfc,0xfc,0xfb,0xff,0xc1,0x24,0x15,0x01,0x01,
    0x00,0x00,0x00,0x00,0x28,0x8d,0xff,0xff,0xff,0xfc,0x8d,0x8d,0xfc,0xff,0xff,0xff,0x8d,0x28,0x00,0x00,0x00,0x00,0x00,0x00,0x01,0x03,0x00,0x00,0x59,0x6a,0x6a,0x4f,0x00,0x00,0x4f,0x6a,0x6a,0x59,0x00,0x00,0x03,0x01,0x00,0x00,

};

const lv_image_dsc_t emoji_hedgehog_22 = {
  .header.magic = LV_IMAGE_HEADER_MAGIC,
  .header.cf = LV_COLOR_FORMAT_RGB565A8,
  .header.flags = 0,
  .header.w = 22,
  .header.h = 22,
  .header.stride = 44,
  .data_size = sizeof(emoji_hedgehog_22_map),
  .data = emoji_hedgehog_22_map,
};




#ifndef LV_ATTRIBUTE_MEM_ALIGN
#define LV_ATTRIBUTE_MEM_ALIGN
#endif

#ifndef LV_ATTRIBUTE_EMOJI_DIAMOND_SUIT_22
#define LV_ATTRIBUTE_EMOJI_DIAMOND_SUIT_22
#endif

static const
LV_ATTRIBUTE_MEM_ALIGN LV_ATTRIBUTE_LARGE_CONST LV_ATTRIBUTE_EMOJI_DIAMOND_SUIT_22
uint8_t emoji_diamond_suit_22_map[] = {

    0x00,0x00,0x00,0x00,0x00,0x00,0x00,0x00,0x00,0x00,0x00,0x00,0x00,0x00,0x00,0x00,0x07,0xb8,0x00,0x00,0xc6,0xb8,0xc6,0xb8,0x00,0x00,0x07,0xb8,0x00,0x00,0x00,0x00,0x00,0x00,0x00,0x00,0x00,0x00,0x00,0x00,0x00,0x00,0x00,0x00,
    0x00,0x00,0x00,0x00,0x00,0x00,0x00,0x00,0x00,0x00,0x00,0x00,0x00,0x00,0x0a,0xa8,0x00,0x00,0xc6,0xb8,0xc6,0xc0,0xc6,0xc0,0xc6,0xb8,0x00,0x00,0x0a,0xa8,0x00,0x00,0x00,0x00,0x00,0x00,0x00,0x00,0x00,0x00,0x00,0x00,0x00,0x00,
    0x00,0x00,0x00,0x00,0x00,0x00,0x00,0x00,0x00,0x00,0x00,0x00,0x00,0x78,0x00,0xf8,0xa6,0xb8,0xc6,0xc0,0xc6,0xc0,0xc6,0xc0,0xc6,0xc0,0xa6,0xb8,0x00,0xf8,0x00,0x78,0x00,0x00,0x00,0x00,0x00,0x00,0x00,0x00,0x00,0x00,0x00,0x00,
    0x00,0x00,0x00,0x00,0x00,0x00,0x00,0x00,0x00,0x00,0x00,0x00,0x07,0xb8,0x00,0x00,0xc6,0xb8,0xc6,0xc8,0xc6,0xb8,0xc6,0xb8,0xc6,0xc8,0xc6,0xb8,0x00,0x00,0x07,0xb8,0x00,0x00,0x00,0x00,0x00,0x00,0x00,0x00,0x00,0x00,0x00,0x00,
    0x00,0x00,0x00,0x00,0x00,0x00,0x00,0x00,0x00,0x00,0x07,0xb8,0x00,0x00,0xc6,0xb8,0xc6,0xc8,0xc6,0xb8,0xc6,0xb8,0xc6,0xb8,0xc6,0xb8,0xc6,0xc8,0xc6,0xb8,0x00,0x00,0x07,0xb8,0x00,0x00,0x00,0x00,0x00,0x00,0x00,0x00,0x00,0x00,
    0x00,0x00,0x00,0x00,0x00,0x00,0x00,0x00,0x0a,0xa8,0x00,0x00,0xc5,0xb8,0xc6,0xc0,0xc6,0xc0,0xc6,0xb8,0xc6,0xb8,0xc6,0xb8,0xc6,0xb8,0xc6,0xc0,0xc6,0xc0,0xc5,0xb8,0x00,0x00,0x0a,0xa8,0x00,0x00,0x00,0x00,0x00,0x00,0x00,0x00,
    0x00,0x00,0x00,0x00,0x00,0x00,0x00,0xf8,0x00,0xa8,0xe3,0xb8,0xc6,0xb8,0xc6,0xc0,0xc6,0xb8,0xc6,0xb8,0xc6,0xb8,0xc6,0xb8,0xc6,0xb8,0xc6,0xb8,0xc6,0xc0,0xc6,0xb8,0xe3,0xb8,0x00,0xa8,0x00,0xf8,0x00,0x00,0x00,0x00,0x00,0x00,
    0x00,0x00,0x00,0x00,0x00,0x00,0x07,0xb8,0x00,0x00,0xc6,0xb8,0xc6,0xc8,0xc6,0xb8,0xc6,0xb8,0xc6,0xb8,0xc6,0xb8,0xc6,0xb8,0xc6,0xb8,0xc6,0xb8,0xc6,0xb8,0xc6,0xc8,0xc6,0xb8,0x00,0x00,0x07,0xb8,0x00,0x00,0x00,0x00,0x00,0x00,
    0x00,0x00,0x00,0x00,0x0a,0xa8,0x00,0x00,0xa6,0xb8,0xc6,0xc0,0xc6,0xb8,0xc6,0xb8,0xc6,0xb8,0xc6,0xb8,0xc6,0xb8,0xc6,0xb8,0xc6,0xb8,0xc6,0xb8,0xc6,0xb8,0xc6,0xb8,0xc6,0xc0,0xa6,0xb8,0x00,0x00,0x0a,0xa8,0x00,0x00,0x00,0x00,
    0x00,0x00,0x00,0x78,0x00,0x00,0xe6,0xc0,0xc6,0xc0,0xc6,0xc0,0xc6,0xb8,0xc6,0xb8,0xc6,0xb8,0xc6,0xb8,0xc6,0xb8,0xc6,0xb8,0xc6,0xb8,0xc6,0xb8,0xc6,0xb8,0xc6,0xb8,0xc6,0xc0,0xc6,0xc0,0xe6,0xc0,0x00,0x00,0x00,0x78,0x00,0x00,
    0x00,0x00,0x00,0x78,0x00,0x00,0xc6,0xb8,0xc6,0xc8,0xc6,0xb8,0xc6,0xb8,0xc6,0xb8,0xc6,0xb8,0xc6,0xb8,0xc6,0xb8,0xc6,0xb8,0xc6,0xb8,0xc6,0xb8,0xc6,0xb8,0xc6,0xb8,0xc6,0xb8,0xc6,0xc8,0xc6,0xb8,0x00,0x00,0x00,0x78,0x00,0x00,
    0x00,0x00,0x00,0x78,0x00,0x00,0xc6,0xb8,0xc6,0xc8,0xc6,0xb8,0xc6,0xb8,0xc6,0xb8,0xc6,0xb8,0xc6,0xb8,0xc6,0xb8,0xc6,0xb8,0xc6,0xb8,0xc6,0xb8,0xc6,0xb8,0xc6,0xb8,0xc6,0xb8,0xc6,0xc8,0xc6,0xb8,0x00,0x00,0x00,0x78,0x00,0x00,
    0x00,0x00,0x00,0x78,0x00,0x00,0xe6,0xc0,0xc6,0xc0,0xc6,0xc0,0xc6,0xb8,0xc6,0xb8,0xc6,0xb8,0xc6,0xb8,0xc6,0xb8,0xc6,0xb8,0xc6,0xb8,0xc6,0xb8,0xc6,0xb8,0xc6,0xb8,0xc6,0xc0,0xc6,0xc0,0xe6,0xc0,0x00,0x00,0x00,0x78,0x00,0x00,
    0x00,0x00,0x00,0x00,0x0a,0xa8,0x00,0x00,0xa6,0xb8,0xc6,0xc0,0xc6,0xb8,0xc6,0xb8,0xc6,0xb8,0xc6,0xb8,0xc6,0xb8,0xc6,0xb8,0xc6,0xb8,0xc6,0xb8,0xc6,0xb8,0xc6,0xb8,0xc6,0xc0,0xa6,0xb8,0x00,0x00,0x0a,0xa8,0x00,0x00,0x00,0x00,
    0x00,0x00,0x00,0x00,0x00,0x00,0x07,0xb8,0x00,0x00,0xc6,0xb8,0xc6,0xc8,0xc6,0xb8,0xc6,0xb8,0xc6,0xb8,0xc6,0xb8,0xc6,0xb8,0xc6,0xb8,0xc6,0xb8,0xc6,0xb8,0xc6,0xc8,0xc6,0xb8,0x00,0x00,0x07,0xb8,0x00,0x00,0x00,0x00,0x00,0x00,
    0x00,0x00,0x00,0x00,0x00,0x00,0x00,0xf8,0x00,0xa8,0xe3,0xb8,0xc6,0xb8,0xc6,0xc0,0xc6,0xb8,0xc6,0xb8,0xc6,0xb8,0xc6,0xb8,0xc6,0xb8,0xc6,0xb8,0xc6,0xc0,0xc6,0xb8,0xe3,0xb8,0x00,0xa8,0x00,0xf8,0x00,0x00,0x00,0x00,0x00,0x00,
    0x00,0x00,0x00,0x00,0x00,0x00,0x00,0x00,0x0a,0xa8,0x00,0x00,0xc5,0xb8,0xc6,0xc0,0xc6,0xc0,0xc6,0xb8,0xc6,0xb8,0xc6,0xb8,0xc6,0xb8,0xc6,0xc0,0xc6,0xc0,0xc5,0xb8,0x00,0x00,0x0a,0xa8,0x00,0x00,0x00,0x00,0x00,0x00,0x00,0x00,
    0x00,0x00,0x00,0x00,0x00,0x00,0x00,0x00,0x00,0x00,0x07,0xb8,0x00,0x00,0xc6,0xb8,0xc6,0xc8,0xc6,0xb8,0xc6,0xb8,0xc6,0xb8,0xc6,0xb8,0xc6,0xc8,0xc6,0xb8,0x00,0x00,0x07,0xb8,0x00,0x00,0x00,0x00,0x00,0x00,0x00,0x00,0x00,0x00,
    0x00,0x00,0x00,0x00,0x00,0x00,0x00,0x00,0x00,0x00,0x00,0x00,0x07,0xb8,0x00,0x00,0xc6,0xb8,0xc6,0xc8,0xc6,0xb8,0xc6,0xb8,0xc6,0xc8,0xc6,0xb8,0x00,0x00,0x07,0xb8,0x00,0x00,0x00,0x00,0x00,0x00,0x00,0x00,0x00,0x00,0x00,0x00,
    0x00,0x00,0x00,0x00,0x00,0x00,0x00,0x00,0x00,0x00,0x00,0x00,0x00,0x78,0x00,0xf8,0xa6,0xb8,0xc6,0xc0,0xc6,0xc0,0xc6,0xc0,0xc6,0xc0,0xa6,0xb8,0x00,0xf8,0x00,0x78,0x00,0x00,0x00,0x00,0x00,0x00,0x00,0x00,0x00,0x00,0x00,0x00,
    0x00,0x00,0x00,0x00,0x00,0x00,0x00,0x00,0x00,0x00,0x00,0x00,0x00,0x00,0x0a,0xa8,0x00,0x00,0xc6,0xb8,0xc6,0xc0,0xc6,0xc0,0xc6,0xb8,0x00,0x00,0x0a,0xa8,0x00,0x00,0x00,0x00,0x00,0x00,0x00,0x00,0x00,0x00,0x00,0x00,0x00,0x00,
    0x00,0x00,0x00,0x00,0x00,0x00,0x00,0x00,0x00,0x00,0x00,0x00,0x00,0x00,0x00,0x00,0x07,0xb8,0x00,0x00,0xc6,0xb8,0xc6,0xb8,0x00,0x00,0x07,0xb8,0x00,0x00,0x00,0x00,0x00,0x00,0x00,0x00,0x00,0x00,0x00,0x00,0x00,0x00,0x00,0x00,
    0x00,0x00,0x00,0x00,0x00,0x00,0x00,0x00,0x04,0x00,0xa5,0xa5,0x00,0x04,0x00,0x00,0x00,0x00,0x00,0x00,0x00,0x00,0x00,0x00,0x00,0x00,0x00,0x00,0x00,0x03,0x00,0x4d,0xff,0xff,0x4d,0x00,0x03,0x00,0x00,0x00,0x00,0x00,0x00,0x00,
    0x00,0x00,0x00,0x00,0x00,0x00,0x02,0x01,0x18,0xe9,0xfe,0xfe,0xe9,0x18,0x01,0x02,0x00,0x00,0x00,0x00,0x00,0x00,0x00,0x00,0x00,0x00,0x00,0x00,0x04,0x00,0xb5,0xff,0xfc,0xfc,0xff,0xb5,0x00,0x04,0x00,0x00,0x00,0x00,0x00,0x00,
    0x00,0x00,0x00,0x00,0x00,0x04,0x00,0x70,0xff,0xfb,0xff,0xff,0xfb,0xff,0x70,0x00,0x04,0x00,0x00,0x00,0x00,0x00,0x00,0x00,0x00,0x00,0x03,0x00,0x31,0xf8,0xfc,0xfe,0xff,0xff,0xfe,0xfc,0xf8,0x31,0x00,0x03,0x00,0x00,0x00,0x00,
    0x00,0x00,0x00,0x01,0x03,0x08,0xd2,0xff,0xfc,0xff,0xff,0xff,0xff,0xfc,0xff,0xd2,0x08,0x03,0x01,0x00,0x00,0x00,0x00,0x00,0x00,0x04,0x00,0x93,0xff,0xfb,0xff,0xff,0xff,0xff,0xff,0xff,0xfb,0xff,0x93,0x00,0x04,0x00,0x00,0x00,
    0x00,0x00,0x03,0x00,0x4e,0xff,0xfb,0xff,0xff,0xff,0xff,0xff,0xff,0xff,0xff,0xfb,0xff,0x4e,0x00,0x03,0x00,0x00,0x00,0x02,0x01,0x19,0xe8,0xfe,0xfd,0xff,0xff,0xff,0xff,0xff,0xff,0xff,0xff,0xfd,0xfe,0xe8,0x19,0x01,0x02,0x00,
    0x00,0x02,0x01,0xb4,0xff,0xfc,0xff,0xff,0xff,0xff,0xff,0xff,0xff,0xff,0xff,0xff,0xfc,0xff,0xb4,0x01,0x02,0x00,0x00,0x02,0x01,0xb4,0xff,0xfc,0xff,0xff,0xff,0xff,0xff,0xff,0xff,0xff,0xff,0xff,0xfc,0xff,0xb4,0x01,0x02,0x00,
    0x00,0x02,0x01,0x19,0xe8,0xfe,0xfd,0xff,0xff,0xff,0xff,0xff,0xff,0xff,0xff,0xfd,0xfe,0xe8,0x19,0x01,0x02,0x00,0x00,0x00,0x03,0x00,0x4e,0xff,0xfb,0xff,0xff,0xff,0xff,0xff,0xff,0xff,0xff,0xfb,0xff,0x4e,0x00,0x03,0x00,0x00,
    0x00,0x00,0x00,0x04,0x00,0x93,0xff,0xfb,0xff,0xff,0xff,0xff,0xff,0xff,0xfb,0xff,0x93,0x00,0x04,0x00,0x00,0x00,0x00,0x00,0x00,0x01,0x03,0x08,0xd2,0xff,0xfc,0xff,0xff,0xff,0xff,0xfc,0xff,0xd2,0x08,0x03,0x01,0x00,0x00,0x00,
    0x00,0x00,0x00,0x00,0x03,0x00,0x31,0xf8,0xfc,0xfe,0xff,0xff,0xfe,0xfc,0xf8,0x31,0x00,0x03,0x00,0x00,0x00,0x00,0x00,0x00,0x00,0x00,0x00,0x04,0x00,0x70,0xff,0xfb,0xff,0xff,0xfb,0xff,0x70,0x00,0x04,0x00,0x00,0x00,0x00,0x00,
    0x00,0x00,0x00,0x00,0x00,0x00,0x04,0x00,0xb5,0xff,0xfc,0xfc,0xff,0xb5,0x00,0x04,0x00,0x00,0x00,0x00,0x00,0x00,0x00,0x00,0x00,0x00,0x00,0x00,0x02,0x01,0x18,0xe9,0xfe,0xfe,0xe9,0x18,0x01,0x02,0x00,0x00,0x00,0x00,0x00,0x00,
    0x00,0x00,0x00,0x00,0x00,0x00,0x00,0x03,0x00,0x4d,0xff,0xff,0x4d,0x00,0x03,0x00,0x00,0x00,0x00,0x00,0x00,0x00,0x00,0x00,0x00,0x00,0x00,0x00,0x00,0x00,0x04,0x00,0xa5,0xa5,0x00,0x04,0x00,0x00,0x00,0x00,0x00,0x00,0x00,0x00,

};

const lv_image_dsc_t emoji_diamond_suit_22 = {
  .header.magic = LV_IMAGE_HEADER_MAGIC,
  .header.cf = LV_COLOR_FORMAT_RGB565A8,
  .header.flags = 0,
  .header.w = 22,
  .header.h = 22,
  .header.stride = 44,
  .data_size = sizeof(emoji_diamond_suit_22_map),
  .data = emoji_diamond_suit_22_map,
};




#ifndef LV_ATTRIBUTE_MEM_ALIGN
#define LV_ATTRIBUTE_MEM_ALIGN
#endif

#ifndef LV_ATTRIBUTE_EMOJI_SPADE_SUIT_22
#define LV_ATTRIBUTE_EMOJI_SPADE_SUIT_22
#endif

static const
LV_ATTRIBUTE_MEM_ALIGN LV_ATTRIBUTE_LARGE_CONST LV_ATTRIBUTE_EMOJI_SPADE_SUIT_22
uint8_t emoji_spade_suit_22_map[] = {

    0x00,0x00,0x00,0x00,0x00,0x00,0x00,0x00,0x00,0x00,0x00,0x00,0x00,0x00,0x00,0x00,0x00,0x00,0x00,0x00,0xa7,0x31,0xa7,0x31,0x00,0x00,0x00,0x00,0x00,0x00,0x00,0x00,0x00,0x00,0x00,0x00,0x00,0x00,0x00,0x00,0x00,0x00,0x00,0x00,
    0x00,0x00,0x00,0x00,0x00,0x00,0x00,0x00,0x00,0x00,0x00,0x00,0x0f,0x00,0x00,0x00,0x86,0x31,0xa7,0x31,0xc8,0x31,0xc8,0x31,0xa7,0x31,0x86,0x31,0x00,0x00,0x0f,0x00,0x00,0x00,0x00,0x00,0x00,0x00,0x00,0x00,0x00,0x00,0x00,0x00,
    0x00,0x00,0x00,0x00,0x00,0x00,0x00,0x00,0x00,0x00,0xef,0x7b,0x00,0x00,0x88,0x31,0xc7,0x31,0xc8,0x31,0xa7,0x31,0xa7,0x31,0xc8,0x31,0xc7,0x31,0x88,0x31,0x00,0x00,0xef,0x7b,0x00,0x00,0x00,0x00,0x00,0x00,0x00,0x00,0x00,0x00,
    0x00,0x00,0x00,0x00,0x00,0x00,0x00,0x00,0x00,0x00,0x00,0x00,0xa6,0x31,0xa7,0x31,0xc8,0x31,0xa7,0x31,0xa7,0x31,0xa7,0x31,0xa7,0x31,0xc8,0x31,0xa7,0x31,0xa6,0x31,0x00,0x00,0x00,0x00,0x00,0x00,0x00,0x00,0x00,0x00,0x00,0x00,
    0x00,0x00,0x00,0x00,0x00,0x00,0x00,0x00,0x00,0x00,0xe7,0x29,0xa7,0x31,0xc8,0x31,0xa7,0x31,0xa7,0x31,0xa7,0x31,0xa7,0x31,0xa7,0x31,0xa7,0x31,0xc8,0x31,0xa7,0x31,0xe7,0x29,0x00,0x00,0x00,0x00,0x00,0x00,0x00,0x00,0x00,0x00,
    0x00,0x00,0x00,0x00,0x00,0x00,0xaa,0x52,0x00,0x00,0xa7,0x31,0xc8,0x31,0xa7,0x31,0xa7,0x31,0xa7,0x31,0xa7,0x31,0xa7,0x31,0xa7,0x31,0xa7,0x31,0xa7,0x31,0xc8,0x31,0xa7,0x31,0x00,0x00,0xaa,0x52,0x00,0x00,0x00,0x00,0x00,0x00,
    0x00,0x00,0x00,0x00,0xaa,0x52,0x00,0x00,0xa7,0x31,0xe8,0x31,0xa7,0x31,0xa7,0x31,0xa7,0x31,0xa7,0x31,0xa7,0x31,0xa7,0x31,0xa7,0x31,0xa7,0x31,0xa7,0x31,0xa7,0x31,0xe8,0x31,0xa7,0x31,0x00,0x00,0xaa,0x52,0x00,0x00,0x00,0x00,
    0x00,0x00,0xaa,0x52,0x00,0x00,0xa7,0x29,0xc7,0x31,0xa7,0x31,0xa7,0x31,0xa7,0x31,0xa7,0x31,0xa7,0x31,0xa7,0x31,0xa7,0x31,0xa7,0x31,0xa7,0x31,0xa7,0x31,0xa7,0x31,0xa7,0x31,0xc7,0x31,0xa7,0x29,0x00,0x00,0xaa,0x52,0x00,0x00,
    0x00,0x00,0x00,0x00,0x29,0x21,0xa7,0x31,0xc7,0x31,0xa7,0x31,0xa7,0x31,0xa7,0x31,0xa7,0x31,0xa7,0x31,0xa7,0x31,0xa7,0x31,0xa7,0x31,0xa7,0x31,0xa7,0x31,0xa7,0x31,0xa7,0x31,0xc7,0x31,0xa7,0x31,0x29,0x21,0x00,0x00,0x00,0x00,
    0xe7,0x39,0x00,0x00,0xa7,0x31,0xc8,0x31,0xa7,0x31,0xa7,0x31,0xa7,0x31,0xa7,0x31,0xa7,0x31,0xa7,0x31,0xa7,0x31,0xa7,0x31,0xa7,0x31,0xa7,0x31,0xa7,0x31,0xa7,0x31,0xa7,0x31,0xa7,0x31,0xc8,0x31,0xa7,0x31,0x00,0x00,0xe7,0x39,
    0x00,0x00,0x00,0x00,0xa7,0x31,0xc8,0x31,0xa7,0x31,0xa7,0x31,0xa7,0x31,0xa7,0x31,0xa7,0x31,0xa7,0x31,0xa7,0x31,0xa7,0x31,0xa7,0x31,0xa7,0x31,0xa7,0x31,0xa7,0x31,0xa7,0x31,0xa7,0x31,0xc8,0x31,0xa7,0x31,0x00,0x00,0x00,0x00,
    0x00,0x00,0x87,0x31,0xa7,0x31,0xc7,0x31,0xa7,0x31,0xa7,0x31,0xa7,0x31,0xa7,0x31,0xa7,0x31,0xa7,0x31,0xa7,0x31,0xa7,0x31,0xa7,0x31,0xa7,0x31,0xa7,0x31,0xa7,0x31,0xa7,0x31,0xa7,0x31,0xc7,0x31,0xa7,0x31,0x87,0x31,0x00,0x00,
    0x00,0x00,0xc7,0x31,0xa7,0x31,0xa7,0x31,0xa7,0x31,0xa7,0x31,0xa7,0x31,0xa7,0x31,0xa7,0x31,0xa7,0x31,0xa7,0x31,0xa7,0x31,0xa7,0x31,0xa7,0x31,0xa7,0x31,0xa7,0x31,0xa7,0x31,0xa7,0x31,0xa7,0x31,0xa7,0x31,0xc7,0x31,0x00,0x00,
    0x00,0x00,0x86,0x31,0xa7,0x31,0xc7,0x31,0xa7,0x31,0xa7,0x31,0xa7,0x31,0xa7,0x31,0xa7,0x31,0xa7,0x31,0xa7,0x31,0xa7,0x31,0xa7,0x31,0xa7,0x31,0xa7,0x31,0xa7,0x31,0xa7,0x31,0xa7,0x31,0xc7,0x31,0xa7,0x31,0x86,0x31,0x00,0x00,
    0xaa,0x52,0x00,0x00,0xa7,0x31,0xe8,0x31,0xa7,0x31,0xa7,0x31,0xa7,0x31,0xa7,0x31,0xa7,0x31,0xc7,0x31,0xa7,0x31,0xa7,0x31,0xc7,0x31,0xa7,0x31,0xa7,0x31,0xa7,0x31,0xa7,0x31,0xa7,0x31,0xe8,0x31,0xa7,0x31,0x00,0x00,0xaa,0x52,
    0x00,0x00,0x00,0x00,0xa7,0x31,0xc7,0x31,0xc8,0x31,0xc7,0x31,0xa7,0x31,0xc7,0x31,0xc8,0x31,0xa7,0x31,0xa7,0x31,0xa7,0x31,0xa7,0x31,0xc8,0x31,0xc7,0x31,0xa7,0x31,0xc7,0x31,0xc8,0x31,0xc7,0x31,0xa7,0x31,0x00,0x00,0x00,0x00,
    0x00,0x00,0x00,0x00,0x00,0x00,0x87,0x31,0xc7,0x31,0xa7,0x31,0xa7,0x31,0xc7,0x31,0xa7,0x31,0xa7,0x31,0xc8,0x31,0xc8,0x31,0xa7,0x31,0xa7,0x31,0xc7,0x31,0xa7,0x31,0xa7,0x31,0xc7,0x31,0x87,0x31,0x00,0x00,0x00,0x00,0x00,0x00,
    0x00,0x00,0x00,0x00,0x00,0x00,0x00,0x00,0x00,0x00,0xe7,0x31,0xc7,0x31,0x88,0x31,0xe7,0x39,0xa7,0x31,0xc7,0x31,0xc7,0x31,0xa7,0x31,0xa0,0x52,0x88,0x31,0xc7,0x31,0xe7,0x31,0x00,0x00,0x00,0x00,0x00,0x00,0x00,0x00,0x00,0x00,
    0x00,0x00,0x00,0x00,0x00,0x00,0xaa,0x52,0xef,0x7b,0x00,0x00,0x00,0x00,0xc7,0x21,0xa7,0x31,0xc8,0x31,0xa7,0x31,0xa7,0x31,0xc8,0x31,0xa7,0x31,0xc7,0x21,0x00,0x00,0x00,0x00,0xef,0x7b,0xaa,0x52,0x00,0x00,0x00,0x00,0x00,0x00,
    0x00,0x00,0x00,0x00,0x00,0x00,0x00,0x00,0x00,0x00,0xc7,0x29,0xc7,0x31,0xa7,0x31,0xc8,0x31,0xa7,0x31,0xa7,0x31,0xa7,0x31,0xa7,0x31,0xc8,0x31,0xa7,0x31,0xc7,0x31,0xc7,0x29,0x00,0x00,0x00,0x00,0x00,0x00,0x00,0x00,0x00,0x00,
    0x00,0x00,0xef,0x7b,0x00,0x00,0xa7,0x29,0xc7,0x31,0xa7,0x31,0xc8,0x31,0xc7,0x31,0xa7,0x31,0xa7,0x31,0xa7,0x31,0xa7,0x31,0xa7,0x31,0xa7,0x31,0xc7,0x31,0xc8,0x31,0xa7,0x31,0xc7,0x31,0xa7,0x29,0x00,0x00,0xef,0x7b,0x00,0x00,
    0x00,0x00,0xaa,0x52,0x00,0x00,0xa7,0x31,0xc8,0x31,0xc7,0x31,0xa7,0x31,0xa7,0x31,0xa7,0x31,0xa7,0x31,0xa7,0x31,0xa7,0x31,0xa7,0x31,0xa7,0x31,0xa7,0x31,0xa7,0x31,0xc7,0x31,0xc8,0x31,0xa7,0x29,0x00,0x00,0xaa,0x52,0x00,0x00,
    0x00,0x00,0x00,0x00,0x00,0x00,0x00,0x02,0x00,0x00,0x9b,0x9b,0x00,0x00,0x02,0x00,0x00,0x00,0x00,0x00,0x00,0x00,0x00,0x00,0x00,0x00,0x00,0x00,0x02,0x00,0x0a,0xaa,0xff,0xff,0xaa,0x0a,0x00,0x02,0x00,0x00,0x00,0x00,0x00,0x00,
    0x00,0x00,0x00,0x00,0x00,0x02,0x00,0x0f,0xc2,0xff,0xfb,0xfb,0xff,0xc2,0x0f,0x00,0x02,0x00,0x00,0x00,0x00,0x00,0x00,0x00,0x00,0x00,0x02,0x00,0x0e,0xc4,0xff,0xfa,0xff,0xff,0xfa,0xff,0xc4,0x0e,0x00,0x02,0x00,0x00,0x00,0x00,
    0x00,0x00,0x00,0x01,0x02,0x0c,0xc4,0xff,0xfb,0xff,0xff,0xff,0xff,0xfb,0xff,0xc4,0x0c,0x02,0x01,0x00,0x00,0x00,0x00,0x00,0x01,0x03,0x00,0xb0,0xff,0xfa,0xff,0xff,0xff,0xff,0xff,0xff,0xfa,0xff,0xb0,0x00,0x03,0x01,0x00,0x00,
    0x00,0x00,0x03,0x00,0x83,0xff,0xfa,0xff,0xff,0xff,0xff,0xff,0xff,0xff,0xff,0xfa,0xff,0x83,0x00,0x03,0x00,0x00,0x00,0x03,0x00,0x41,0xff,0xfb,0xfe,0xff,0xff,0xff,0xff,0xff,0xff,0xff,0xff,0xfe,0xfb,0xff,0x41,0x00,0x03,0x00,
    0x00,0x01,0x07,0xd3,0xff,0xfc,0xff,0xff,0xff,0xff,0xff,0xff,0xff,0xff,0xff,0xff,0xfc,0xff,0xd3,0x07,0x01,0x00,0x04,0x00,0x5f,0xff,0xfc,0xff,0xff,0xff,0xff,0xff,0xff,0xff,0xff,0xff,0xff,0xff,0xff,0xfc,0xff,0x5f,0x00,0x04,
    0x02,0x00,0xc0,0xfe,0xfc,0xff,0xff,0xff,0xff,0xff,0xff,0xff,0xff,0xff,0xff,0xff,0xff,0xfc,0xfe,0xc0,0x00,0x02,0x00,0x14,0xee,0xff,0xfe,0xff,0xff,0xff,0xff,0xff,0xff,0xff,0xff,0xff,0xff,0xff,0xff,0xfe,0xff,0xee,0x14,0x00,
    0x00,0x24,0xfa,0xff,0xfe,0xff,0xff,0xff,0xff,0xff,0xff,0xff,0xff,0xff,0xff,0xff,0xff,0xfe,0xff,0xfa,0x24,0x00,0x00,0x0f,0xeb,0xfd,0xfd,0xff,0xff,0xff,0xff,0xfe,0xff,0xff,0xfe,0xff,0xff,0xff,0xff,0xfd,0xfd,0xeb,0x0f,0x00,
    0x03,0x00,0xa2,0xff,0xf8,0xfe,0xfe,0xfe,0xfc,0xff,0xff,0xff,0xff,0xfc,0xfe,0xfe,0xfe,0xf8,0xff,0xa2,0x00,0x03,0x02,0x01,0x1d,0xdf,0xff,0xff,0xff,0xff,0xff,0xf2,0xff,0xff,0xf2,0xff,0xff,0xff,0xff,0xff,0xdf,0x1d,0x01,0x02,
    0x00,0x01,0x00,0x1e,0xa1,0xea,0xfb,0xea,0x8b,0x8b,0xff,0xff,0x8b,0x8b,0xea,0xfb,0xea,0xa1,0x1e,0x00,0x01,0x00,0x00,0x00,0x02,0x00,0x00,0x15,0x28,0x0f,0x04,0xdc,0xfe,0xfe,0xdb,0x03,0x0f,0x28,0x15,0x00,0x00,0x02,0x00,0x00,
    0x00,0x00,0x00,0x03,0x02,0x00,0x00,0x0d,0xc1,0xff,0xfd,0xfd,0xff,0xc1,0x0d,0x00,0x00,0x02,0x03,0x00,0x00,0x00,0x00,0x00,0x00,0x00,0x01,0x1b,0x63,0xdb,0xff,0xfd,0xff,0xff,0xfd,0xff,0xdb,0x63,0x1b,0x01,0x00,0x00,0x00,0x00,
    0x00,0x02,0x00,0x31,0xd3,0xee,0xff,0xff,0xfd,0xff,0xff,0xff,0xff,0xfd,0xff,0xff,0xee,0xd3,0x31,0x00,0x02,0x00,0x00,0x03,0x00,0x43,0xff,0xff,0xfc,0xfd,0xff,0xff,0xff,0xff,0xff,0xff,0xfd,0xfc,0xff,0xff,0x46,0x00,0x03,0x00,

};

const lv_image_dsc_t emoji_spade_suit_22 = {
  .header.magic = LV_IMAGE_HEADER_MAGIC,
  .header.cf = LV_COLOR_FORMAT_RGB565A8,
  .header.flags = 0,
  .header.w = 22,
  .header.h = 22,
  .header.stride = 44,
  .data_size = sizeof(emoji_spade_suit_22_map),
  .data = emoji_spade_suit_22_map,
};




#ifndef LV_ATTRIBUTE_MEM_ALIGN
#define LV_ATTRIBUTE_MEM_ALIGN
#endif

#ifndef LV_ATTRIBUTE_EMOJI_PIZZA_22
#define LV_ATTRIBUTE_EMOJI_PIZZA_22
#endif

static const
LV_ATTRIBUTE_MEM_ALIGN LV_ATTRIBUTE_LARGE_CONST LV_ATTRIBUTE_EMOJI_PIZZA_22
uint8_t emoji_pizza_22_map[] = {

    0x00,0x00,0xe0,0xff,0x00,0x00,0x00,0x00,0xe1,0xfc,0xa1,0xfc,0xa1,0xfc,0x81,0xf4,0x41,0xf4,0x41,0xf4,0x41,0xf4,0x61,0xf4,0x61,0xf4,0x61,0xf4,0x81,0xf4,0xa1,0xfc,0xa1,0xfc,0xe1,0xfc,0x00,0x00,0x00,0x00,0xe0,0xff,0x00,0x00,
    0xe0,0xff,0x00,0x00,0x21,0xe4,0xa1,0xfc,0x81,0xfc,0x81,0xfc,0xa1,0xfc,0xa1,0xfc,0x02,0xfd,0x43,0xfd,0x23,0xfd,0xe3,0xf4,0xc2,0xf4,0xc2,0xfc,0xa1,0xfc,0xa1,0xfc,0x81,0xfc,0x81,0xfc,0xa1,0xfc,0x21,0xe4,0x00,0x00,0xe0,0xff,
    0x00,0xf8,0xa1,0xf4,0x81,0xf4,0xc1,0xfc,0xc2,0xfc,0x24,0xf5,0xc7,0xfd,0x48,0xfe,0xe8,0xec,0x27,0xdb,0xa8,0xe3,0x09,0xfe,0x89,0xfe,0x29,0xfe,0x28,0xfe,0xc7,0xfd,0x44,0xf5,0xc2,0xfc,0xc1,0xfc,0x81,0xf4,0x81,0xf4,0x00,0xf8,
    0x00,0x00,0xa1,0xf4,0x61,0xf4,0xa5,0xfd,0x69,0xfe,0x6a,0xfe,0xca,0xfe,0xe8,0xec,0x86,0xb8,0x65,0xb8,0x25,0xb0,0x06,0xca,0x49,0xfe,0x69,0xfe,0x49,0xfe,0x6a,0xfe,0x6a,0xfe,0x49,0xfe,0x85,0xfd,0x61,0xf4,0x81,0xec,0x00,0x00,
    0x00,0x00,0x00,0x00,0xe0,0xeb,0xa9,0xf5,0x4a,0xfe,0x89,0xfe,0xa9,0xfe,0x87,0xd2,0x65,0xb8,0xe6,0xc0,0xe6,0xc0,0x86,0xb8,0x08,0xf5,0xa9,0xfe,0xa9,0xfe,0xc9,0xfe,0x89,0xfe,0xaa,0xfe,0x69,0xfe,0xe0,0xeb,0x00,0x00,0x00,0x00,
    0x00,0x00,0xe7,0xb9,0x00,0x00,0x65,0xb8,0x06,0xc9,0x68,0xe4,0x0a,0xff,0xc7,0xd2,0x45,0xb8,0xe6,0xc0,0xc6,0xb8,0x86,0xb8,0x69,0xf5,0x89,0xfe,0x08,0xe4,0x67,0xdb,0x08,0xed,0xea,0xfe,0x29,0xfe,0x00,0x00,0xe7,0xfd,0x00,0x00,
    0x00,0x00,0x00,0xf8,0xe0,0x7b,0x66,0xca,0x86,0xb8,0x06,0xc1,0x29,0xfe,0x89,0xf5,0x26,0xc1,0x65,0xb8,0x65,0xb8,0xe7,0xd2,0xa9,0xfe,0x67,0xd2,0x25,0xb8,0x45,0xb8,0xc6,0xc0,0x48,0xe4,0xed,0xff,0xe0,0x7b,0x00,0xf8,0x00,0x00,
    0x00,0x00,0x00,0x00,0x07,0xb8,0x00,0x00,0xc6,0xb8,0xa6,0xc8,0x89,0xf5,0xa9,0xfe,0xc9,0xfd,0x68,0xec,0xc8,0xec,0xa9,0xfe,0x69,0xf5,0x86,0xb8,0xe6,0xb8,0xe6,0xb8,0xc6,0xc8,0x86,0xb8,0x00,0x00,0x07,0xb8,0x00,0x00,0x00,0x00,
    0x00,0x00,0x00,0x00,0x00,0xf8,0x00,0x00,0x25,0xa8,0x07,0xca,0x49,0xfe,0xa9,0xfe,0xa9,0xfe,0xc9,0xfe,0x89,0xfe,0x89,0xfe,0x69,0xf5,0xa6,0xb8,0xc6,0xb8,0xe6,0xc0,0xc6,0xc0,0x06,0xb9,0x00,0x00,0x00,0xf8,0x00,0x00,0x00,0x00,
    0x00,0x00,0x00,0x00,0x00,0x00,0xef,0xff,0x00,0x00,0x09,0xfe,0xca,0xfe,0x08,0xed,0x28,0xf5,0x69,0xfe,0x69,0xfe,0x49,0xfe,0x89,0xfe,0xe7,0xd2,0x45,0xb8,0x66,0xc0,0xc6,0xb8,0x00,0x00,0x0f,0xf8,0x00,0x00,0x00,0x00,0x00,0x00,
    0x00,0x00,0x00,0x00,0x00,0x00,0xe7,0xbb,0x00,0x00,0xc9,0xfd,0x87,0xda,0x65,0xb8,0x86,0xb8,0xa7,0xd2,0x69,0xfe,0x49,0xfe,0x69,0xfe,0x69,0xfe,0x88,0xec,0x68,0xec,0x68,0xec,0x00,0x00,0x4a,0xfd,0x00,0x00,0x00,0x00,0x00,0x00,
    0x00,0x00,0x00,0x00,0x00,0x00,0x00,0x00,0x00,0x00,0x05,0x90,0x86,0xb8,0xc6,0xc0,0xc6,0xb8,0x45,0xb8,0xa8,0xec,0xa9,0xfe,0x49,0xfe,0x89,0xfe,0x0a,0xff,0xc9,0xfe,0xea,0xff,0x00,0x00,0xe0,0xff,0x00,0x00,0x00,0x00,0x00,0x00,
    0x00,0x00,0x00,0x00,0x00,0x00,0x00,0x00,0x07,0xb8,0x00,0x00,0xe6,0xb8,0xe6,0xc8,0x06,0xc1,0x65,0xb8,0x08,0xe4,0xc9,0xfe,0x69,0xfe,0x69,0xf5,0xc9,0xf5,0xe9,0xfd,0x00,0x00,0xea,0xff,0x00,0x00,0x00,0x00,0x00,0x00,0x00,0x00,
    0x00,0x00,0x00,0x00,0x00,0x00,0x00,0x00,0x00,0xa8,0x00,0x00,0xa5,0xb8,0x86,0xc0,0x45,0xb8,0x06,0xc1,0xa9,0xf5,0x89,0xfe,0xe7,0xd2,0x86,0xb8,0xc6,0xc0,0x86,0xc9,0x00,0x00,0x00,0xf8,0x00,0x00,0x00,0x00,0x00,0x00,0x00,0x00,
    0x00,0x00,0x00,0x00,0x00,0x00,0x00,0x00,0x00,0x00,0xe0,0xfb,0x00,0x00,0x47,0xca,0xe7,0xda,0x28,0xf5,0xea,0xfe,0xa8,0xec,0x45,0xb8,0xc6,0xc8,0xc6,0xb8,0x00,0x00,0x00,0x78,0x00,0x00,0x00,0x00,0x00,0x00,0x00,0x00,0x00,0x00,
    0x00,0x00,0x00,0x00,0x00,0x00,0x00,0x00,0x00,0x00,0xe7,0xfd,0x00,0x00,0x4a,0xff,0x8a,0xff,0xc9,0xfe,0xc9,0xfe,0x08,0xe4,0x65,0xb8,0x06,0xc9,0xc6,0xb8,0x00,0x00,0x07,0xb8,0x00,0x00,0x00,0x00,0x00,0x00,0x00,0x00,0x00,0x00,
    0x00,0x00,0x00,0x00,0x00,0x00,0x00,0x00,0x00,0x00,0xe0,0xff,0x00,0x00,0x89,0xec,0x87,0xdb,0x68,0xec,0xa9,0xfe,0xa9,0xf5,0xc6,0xc0,0x85,0xb8,0x24,0xb1,0x00,0x00,0x00,0xf8,0x00,0x00,0x00,0x00,0x00,0x00,0x00,0x00,0x00,0x00,
    0x00,0x00,0x00,0x00,0x00,0x00,0x00,0x00,0x00,0x00,0x00,0x00,0x0a,0xf8,0x00,0x00,0x05,0xb0,0x46,0xc0,0x47,0xdb,0xe9,0xfe,0x29,0xf5,0x47,0xd2,0x00,0x00,0x4a,0xfd,0x00,0x00,0x00,0x00,0x00,0x00,0x00,0x00,0x00,0x00,0x00,0x00,
    0x00,0x00,0x00,0x00,0x00,0x00,0x00,0x00,0x00,0x00,0x00,0x00,0x00,0xf8,0x00,0x00,0x66,0xc1,0xa6,0xc0,0x06,0xc1,0x09,0xfe,0xca,0xfe,0xaa,0xff,0x00,0x00,0xef,0xff,0x00,0x00,0x00,0x00,0x00,0x00,0x00,0x00,0x00,0x00,0x00,0x00,
    0x00,0x00,0x00,0x00,0x00,0x00,0x00,0x00,0x00,0x00,0x00,0x00,0x00,0x00,0x00,0x78,0x00,0xf8,0x85,0xb8,0x06,0xc9,0x69,0xfe,0x49,0xfe,0x00,0x00,0xe0,0xfb,0x00,0x00,0x00,0x00,0x00,0x00,0x00,0x00,0x00,0x00,0x00,0x00,0x00,0x00,
    0x00,0x00,0x00,0x00,0x00,0x00,0x00,0x00,0x00,0x00,0x00,0x00,0x00,0x00,0x07,0xb8,0x00,0x00,0x65,0xb8,0xe8,0xeb,0x0a,0xff,0x49,0xfe,0x00,0x00,0xe7,0xfd,0x00,0x00,0x00,0x00,0x00,0x00,0x00,0x00,0x00,0x00,0x00,0x00,0x00,0x00,
    0x00,0x00,0x00,0x00,0x00,0x00,0x00,0x00,0x00,0x00,0x00,0x00,0x00,0x00,0x00,0x00,0xe0,0xfb,0x88,0xfe,0x89,0xfe,0x69,0xfe,0x69,0xfe,0xe0,0xfb,0x00,0xf8,0x00,0x00,0x00,0x00,0x00,0x00,0x00,0x00,0x00,0x00,0x00,0x00,0x00,0x00,
    0x00,0x01,0x00,0x00,0x10,0x53,0x95,0xc8,0xe8,0xfd,0xff,0xff,0xfd,0xe8,0xc8,0x95,0x53,0x10,0x00,0x00,0x01,0x00,0x01,0x00,0x13,0x87,0xe1,0xff,0xff,0xff,0xff,0xff,0xff,0xff,0xff,0xff,0xff,0xff,0xff,0xe1,0x87,0x13,0x00,0x01,
    0x01,0x18,0xe0,0xff,0xff,0xfe,0xfc,0xfd,0xfe,0xff,0xff,0xff,0xff,0xfe,0xfd,0xfc,0xfe,0xff,0xff,0xe0,0x17,0x01,0x00,0x22,0xea,0xfc,0xfd,0xff,0xff,0xff,0xff,0xff,0xff,0xff,0xff,0xff,0xff,0xff,0xff,0xfd,0xfc,0xea,0x21,0x00,
    0x00,0x00,0x0c,0xb6,0xfe,0xfc,0xff,0xff,0xff,0xff,0xff,0xff,0xff,0xff,0xff,0xff,0xfc,0xfe,0xb1,0x0c,0x00,0x00,0x00,0x04,0x00,0x4e,0xff,0xfd,0xff,0xff,0xff,0xff,0xff,0xff,0xff,0xff,0xff,0xff,0xfd,0xff,0x49,0x00,0x04,0x00,
    0x00,0x01,0x02,0x0a,0xdf,0xff,0xfd,0xff,0xff,0xff,0xff,0xff,0xff,0xff,0xff,0xfd,0xff,0xda,0x07,0x02,0x01,0x00,0x00,0x00,0x04,0x00,0x85,0xff,0xfb,0xff,0xff,0xff,0xff,0xff,0xff,0xff,0xff,0xfb,0xff,0x7e,0x00,0x04,0x00,0x00,
    0x00,0x00,0x02,0x00,0x29,0xfa,0xfe,0xff,0xff,0xff,0xff,0xff,0xff,0xff,0xff,0xfe,0xf8,0x24,0x00,0x02,0x00,0x00,0x00,0x00,0x00,0x02,0x00,0xb9,0xff,0xfc,0xff,0xff,0xff,0xff,0xff,0xff,0xfc,0xff,0xb4,0x00,0x02,0x00,0x00,0x00,
    0x00,0x00,0x00,0x04,0x00,0x56,0xff,0xfc,0xff,0xff,0xff,0xff,0xff,0xff,0xfc,0xff,0x52,0x00,0x03,0x00,0x00,0x00,0x00,0x00,0x00,0x01,0x00,0x0c,0xe4,0xff,0xfe,0xff,0xff,0xff,0xff,0xfd,0xff,0xe1,0x09,0x00,0x01,0x00,0x00,0x00,
    0x00,0x00,0x00,0x00,0x04,0x00,0x8c,0xff,0xfb,0xff,0xff,0xff,0xff,0xfb,0xff,0x88,0x00,0x03,0x00,0x00,0x00,0x00,0x00,0x00,0x00,0x00,0x03,0x00,0x2d,0xfb,0xfe,0xff,0xff,0xff,0xff,0xfe,0xf9,0x28,0x00,0x02,0x00,0x00,0x00,0x00,
    0x00,0x00,0x00,0x00,0x00,0x02,0x00,0xc0,0xfe,0xfc,0xff,0xff,0xfc,0xfe,0xbc,0x00,0x02,0x00,0x00,0x00,0x00,0x00,0x00,0x00,0x00,0x00,0x00,0x04,0x00,0x5d,0xff,0xfc,0xff,0xff,0xfc,0xff,0x59,0x00,0x04,0x00,0x00,0x00,0x00,0x00,
    0x00,0x00,0x00,0x00,0x00,0x01,0x00,0x0e,0xe8,0xff,0xfd,0xfd,0xff,0xe7,0x0e,0x00,0x01,0x00,0x00,0x00,0x00,0x00,0x00,0x00,0x00,0x00,0x00,0x00,0x03,0x00,0x94,0xff,0xfb,0xfb,0xff,0x8f,0x00,0x03,0x00,0x00,0x00,0x00,0x00,0x00,
    0x00,0x00,0x00,0x00,0x00,0x00,0x02,0x00,0x32,0xfd,0xfe,0xfe,0xfd,0x30,0x00,0x02,0x00,0x00,0x00,0x00,0x00,0x00,0x00,0x00,0x00,0x00,0x00,0x00,0x00,0x02,0x01,0xc5,0xfe,0xfe,0xc5,0x01,0x02,0x00,0x00,0x00,0x00,0x00,0x00,0x00,
    0x00,0x00,0x00,0x00,0x00,0x00,0x00,0x04,0x00,0x60,0xff,0xff,0x5e,0x00,0x04,0x00,0x00,0x00,0x00,0x00,0x00,0x00,0x00,0x00,0x00,0x00,0x00,0x00,0x00,0x01,0x02,0x0b,0xcf,0xcf,0x0a,0x02,0x01,0x00,0x00,0x00,0x00,0x00,0x00,0x00,

};

const lv_image_dsc_t emoji_pizza_22 = {
  .header.magic = LV_IMAGE_HEADER_MAGIC,
  .header.cf = LV_COLOR_FORMAT_RGB565A8,
  .header.flags = 0,
  .header.w = 22,
  .header.h = 22,
  .header.stride = 44,
  .data_size = sizeof(emoji_pizza_22_map),
  .data = emoji_pizza_22_map,
};




#ifndef LV_ATTRIBUTE_MEM_ALIGN
#define LV_ATTRIBUTE_MEM_ALIGN
#endif

#ifndef LV_ATTRIBUTE_EMOJI_FOUR_LEAF_CLOVER_22
#define LV_ATTRIBUTE_EMOJI_FOUR_LEAF_CLOVER_22
#endif

static const
LV_ATTRIBUTE_MEM_ALIGN LV_ATTRIBUTE_LARGE_CONST LV_ATTRIBUTE_EMOJI_FOUR_LEAF_CLOVER_22
uint8_t emoji_four_leaf_clover_22_map[] = {

    0x00,0x00,0x00,0x00,0xc6,0x9c,0x00,0x00,0x8a,0x75,0xcb,0x7d,0xaa,0x7d,0x8a,0x75,0x00,0x00,0xef,0x7b,0x00,0x00,0x00,0x00,0xef,0x7b,0x00,0x00,0x8a,0x75,0xaa,0x7d,0xcb,0x7d,0x8a,0x75,0x00,0x00,0xc6,0x9c,0x00,0x00,0x00,0x00,
    0xe0,0x07,0x4a,0xad,0x00,0x00,0x6a,0x7d,0xaa,0x7d,0xaa,0x7d,0x8a,0x75,0xeb,0x7d,0x6a,0x75,0x00,0x00,0x4a,0x55,0x4a,0x55,0x00,0x00,0x6a,0x75,0xeb,0x7d,0x8a,0x75,0xaa,0x7d,0xaa,0x7d,0x6a,0x7d,0x00,0x00,0x4a,0xad,0xe0,0x07,
    0x00,0x00,0x00,0x00,0x8a,0x75,0xaa,0x7d,0xcb,0x7d,0x8a,0x75,0x8a,0x75,0x8a,0x75,0x0b,0x86,0x8a,0x75,0x00,0x00,0x00,0x00,0x8a,0x75,0x0b,0x86,0x8a,0x75,0x8a,0x75,0x8a,0x75,0xcb,0x7d,0xaa,0x7d,0xca,0x75,0x00,0x00,0x00,0x00,
    0xaa,0x7d,0x8a,0x75,0xaa,0x7d,0xcb,0x7d,0x8a,0x75,0x8a,0x75,0x8a,0x75,0x8a,0x75,0xca,0x7d,0x8a,0x75,0xeb,0x7d,0xeb,0x7d,0x8a,0x75,0xca,0x7d,0x8a,0x75,0x8a,0x75,0x8a,0x75,0x8a,0x75,0xcb,0x7d,0xaa,0x7d,0x8a,0x75,0xaa,0x7d,
    0x8a,0x75,0x2b,0x86,0x8a,0x75,0x8a,0x75,0x8a,0x75,0x8a,0x75,0x8a,0x75,0x8a,0x75,0x8a,0x75,0xeb,0x85,0x8a,0x75,0x8a,0x75,0xeb,0x85,0x8a,0x75,0x8a,0x75,0x8a,0x75,0x8a,0x75,0x8a,0x75,0x8a,0x75,0x8a,0x75,0x2b,0x86,0x8a,0x75,
    0x8a,0x75,0xaa,0x7d,0xaa,0x7d,0x8a,0x75,0x8a,0x75,0x8a,0x75,0x8a,0x75,0x8a,0x75,0x8a,0x75,0xeb,0x7d,0x8a,0x75,0x8a,0x75,0xeb,0x7d,0x8a,0x75,0x8a,0x75,0x8a,0x75,0x8a,0x75,0x8a,0x75,0x8a,0x75,0xaa,0x7d,0xaa,0x7d,0x8a,0x75,
    0x00,0x00,0x8a,0x75,0xcb,0x7d,0xcb,0x7d,0x8a,0x75,0x8a,0x75,0x8a,0x75,0x8a,0x75,0x8a,0x75,0x8a,0x7d,0x8a,0x75,0x8a,0x75,0x8a,0x7d,0x8a,0x75,0x8a,0x75,0x8a,0x75,0x8a,0x75,0x8a,0x75,0xcb,0x7d,0xcb,0x7d,0x8a,0x75,0x00,0x00,
    0x4a,0x55,0x00,0x00,0x6a,0x75,0xaa,0x7d,0xaa,0x7d,0x0b,0x86,0xeb,0x7d,0xaa,0x7d,0x8a,0x75,0x8a,0x75,0x8a,0x7d,0x8a,0x7d,0x8a,0x75,0x8a,0x75,0xaa,0x7d,0xeb,0x7d,0x0b,0x86,0xaa,0x7d,0xaa,0x7d,0x6a,0x75,0x00,0x00,0x4a,0x55,
    0x00,0x00,0x4a,0x55,0x00,0x00,0x00,0x00,0xab,0x7d,0xaa,0x7d,0xaa,0x7d,0x8a,0x75,0x8a,0x75,0x8a,0x75,0x8a,0x75,0x8a,0x75,0x8a,0x75,0x8a,0x75,0x8a,0x75,0xaa,0x7d,0xaa,0x7d,0xab,0x7d,0x00,0x00,0x00,0x00,0x4a,0x55,0x00,0x00,
    0x00,0x00,0xef,0x7b,0xe0,0xff,0x00,0x00,0x00,0x00,0x8a,0x75,0xaa,0x7d,0xaa,0x7d,0xaa,0x7d,0x8a,0x75,0x8a,0x75,0x8a,0x75,0x8a,0x75,0xaa,0x7d,0xaa,0x7d,0xaa,0x7d,0x8a,0x75,0x00,0x00,0x00,0x00,0xe0,0xff,0xef,0x7b,0x00,0x00,
    0xe0,0x7b,0x00,0x00,0x4a,0x55,0xaa,0x7d,0xaa,0x7d,0xcb,0x7d,0xeb,0x85,0xaa,0x7d,0x8a,0x75,0x8a,0x75,0x8a,0x75,0x8a,0x75,0x8a,0x75,0x8a,0x75,0xaa,0x7d,0xeb,0x85,0xcb,0x7d,0xaa,0x7d,0xaa,0x7d,0x4a,0x55,0x00,0x00,0xe0,0x7b,
    0x00,0x00,0xaa,0x7d,0xaa,0x7d,0x0b,0x86,0xcb,0x7d,0x8a,0x75,0x8a,0x75,0x8a,0x75,0x8a,0x75,0x8a,0x75,0x8a,0x75,0x8a,0x75,0x8a,0x75,0x8a,0x75,0x8a,0x75,0x8a,0x75,0x8a,0x75,0xcb,0x7d,0x0b,0x86,0xaa,0x7d,0xaa,0x7d,0x00,0x00,
    0x6a,0x75,0x8a,0x75,0xeb,0x85,0x8a,0x75,0x8a,0x75,0x8a,0x75,0x8a,0x75,0x8a,0x75,0x8a,0x75,0x8a,0x75,0xaa,0x7d,0x8a,0x75,0x8a,0x75,0x8a,0x75,0x8a,0x75,0x8a,0x75,0x8a,0x75,0x8a,0x75,0x8a,0x75,0xeb,0x85,0x8a,0x75,0x6a,0x75,
    0x8a,0x75,0x0b,0x86,0x8a,0x75,0x8a,0x75,0x8a,0x75,0x8a,0x75,0x8a,0x75,0x8a,0x75,0x8a,0x75,0x8a,0x7d,0x8a,0x75,0x8a,0x75,0x8a,0x75,0x8a,0x75,0x8a,0x75,0x8a,0x75,0x8a,0x75,0x8a,0x75,0x8a,0x75,0x8a,0x75,0x0b,0x86,0x8a,0x75,
    0x8a,0x75,0xaa,0x7d,0xeb,0x85,0xaa,0x7d,0x8a,0x75,0x8a,0x75,0x8a,0x75,0x8a,0x75,0xaa,0x7d,0x8a,0x75,0x8a,0x7d,0x8a,0x75,0x8a,0x75,0xaa,0x7d,0x8a,0x75,0x8a,0x75,0x8a,0x75,0x8a,0x75,0xaa,0x7d,0xeb,0x85,0xaa,0x7d,0xab,0x7d,
    0x00,0x00,0x4a,0x75,0xaa,0x7d,0xaa,0x7d,0xaa,0x7d,0x8a,0x75,0x8a,0x75,0x8a,0x75,0x2b,0x86,0x8a,0x75,0x6a,0x75,0x8a,0x75,0x8a,0x75,0xeb,0x7d,0x8a,0x75,0x8a,0x75,0x8a,0x75,0xaa,0x7d,0xaa,0x7d,0xaa,0x7d,0x4a,0x75,0x00,0x00,
    0xe0,0xff,0x00,0x00,0x00,0x00,0x8a,0x75,0xcb,0x7d,0x8a,0x75,0x8a,0x75,0x0b,0x86,0xaa,0x75,0x2a,0x76,0x8b,0x7d,0xeb,0x85,0x6a,0x75,0x8a,0x75,0x0b,0x86,0x8a,0x75,0x8a,0x75,0xcb,0x7d,0x8a,0x75,0x00,0x00,0x00,0x00,0xe0,0xff,
    0x00,0x00,0xef,0x7b,0x6c,0x9e,0x00,0x00,0x8a,0x75,0x2b,0x86,0xeb,0x7d,0xaa,0x7d,0x4a,0x75,0x00,0x00,0x69,0x6d,0xaa,0x7d,0xaa,0x7d,0x8a,0x75,0xaa,0x7d,0xeb,0x7d,0x2b,0x86,0x8a,0x75,0x00,0x00,0x6c,0x9e,0xef,0x7b,0x00,0x00,
    0x00,0x00,0x00,0x00,0xe0,0xff,0xe0,0xff,0x2a,0x8e,0xaa,0x7d,0xaa,0x7d,0x00,0x00,0x00,0x00,0xe7,0x7b,0x00,0x00,0x8a,0x75,0x4c,0x86,0x8a,0x75,0x00,0x00,0xab,0x7d,0xaa,0x75,0x4a,0x75,0xe0,0xff,0xe0,0xff,0x00,0x00,0x00,0x00,
    0x00,0x00,0x00,0x00,0x00,0x00,0x00,0x00,0x00,0x00,0x00,0x00,0x00,0x00,0x00,0x00,0xe0,0xff,0xe7,0x7d,0x00,0x00,0x8a,0x75,0xcb,0x7d,0xeb,0x7d,0x8a,0x75,0x00,0x00,0x00,0x00,0x00,0x00,0x00,0x00,0x00,0x00,0x00,0x00,0x00,0x00,
    0x00,0x00,0x00,0x00,0x00,0x00,0x00,0x00,0xe0,0x07,0xe7,0x7d,0x4a,0x55,0x00,0x00,0x00,0x00,0x00,0x00,0xef,0x7b,0x4a,0x55,0x8a,0x75,0xcb,0x7d,0x0b,0x86,0x8a,0x75,0x4a,0xad,0xe7,0x7b,0x00,0x00,0x00,0x00,0x00,0x00,0x00,0x00,
    0x00,0x00,0x00,0x00,0x00,0x00,0x00,0x00,0x00,0x00,0x00,0x00,0x00,0x00,0x00,0x00,0x00,0x00,0x00,0x00,0xe0,0x7b,0x00,0x00,0xaa,0x7d,0xaa,0x7d,0x8a,0x75,0x8a,0x7d,0xe0,0xff,0xe0,0xff,0x00,0x00,0x00,0x00,0x00,0x00,0x00,0x00,
    0x00,0x00,0x05,0x00,0x6f,0xfa,0xed,0x73,0x00,0x02,0x00,0x00,0x02,0x00,0x73,0xed,0xfa,0x6f,0x00,0x05,0x00,0x00,0x01,0x03,0x00,0x19,0xf3,0xff,0xff,0xff,0x8a,0x00,0x03,0x03,0x00,0x8a,0xff,0xff,0xff,0xf3,0x19,0x00,0x03,0x01,
    0x00,0x00,0x2f,0xc4,0xff,0xfd,0xfe,0xfb,0xff,0x5e,0x00,0x00,0x5e,0xff,0xfb,0xfe,0xfd,0xff,0xc4,0x2f,0x00,0x00,0x15,0xa9,0xfb,0xff,0xfe,0xff,0xff,0xfd,0xfd,0xe2,0x08,0x08,0xe2,0xfd,0xfd,0xff,0xff,0xfe,0xff,0xfc,0xa9,0x15,
    0x6d,0xff,0xfd,0xfd,0xff,0xff,0xff,0xff,0xfc,0xff,0x4b,0x4b,0xff,0xfc,0xff,0xff,0xff,0xff,0xfd,0xfc,0xff,0x6d,0x36,0xf8,0xff,0xfb,0xff,0xff,0xff,0xff,0xfb,0xfe,0xa6,0xa6,0xfe,0xfb,0xff,0xff,0xff,0xff,0xfb,0xff,0xf8,0x36,
    0x00,0x5b,0xfa,0xff,0xfe,0xfb,0xfd,0xfe,0xff,0xff,0xf5,0xf5,0xff,0xff,0xfe,0xfd,0xfb,0xfe,0xff,0xfa,0x5b,0x00,0x03,0x00,0x3a,0xbd,0xff,0xff,0xff,0xff,0xff,0xff,0xff,0xff,0xff,0xff,0xff,0xff,0xff,0xff,0xbb,0x39,0x00,0x03,
    0x00,0x03,0x00,0x00,0x37,0x7d,0xb9,0xea,0xfe,0xff,0xfe,0xfe,0xff,0xfe,0xea,0xb9,0x7d,0x37,0x00,0x00,0x03,0x00,0x00,0x02,0x01,0x00,0x00,0x27,0x76,0xd3,0xfe,0xfe,0xff,0xff,0xfe,0xfe,0xd3,0x76,0x27,0x00,0x00,0x01,0x02,0x00,
    0x02,0x00,0x06,0x6a,0xd0,0xff,0xff,0xff,0xff,0xff,0xff,0xff,0xff,0xff,0xff,0xff,0xff,0xd0,0x6a,0x06,0x00,0x02,0x00,0x1f,0xc8,0xff,0xff,0xfe,0xfc,0xfe,0xff,0xff,0xfe,0xff,0xff,0xff,0xfe,0xfc,0xfe,0xff,0xff,0xc8,0x1f,0x00,
    0x16,0xd6,0xff,0xfa,0xfd,0xff,0xff,0xff,0xff,0xff,0xff,0xff,0xff,0xff,0xff,0xff,0xff,0xfd,0xfa,0xff,0xd6,0x16,0x6d,0xff,0xf6,0xfe,0xff,0xff,0xff,0xff,0xff,0xff,0xde,0xfa,0xff,0xff,0xff,0xff,0xff,0xff,0xfe,0xf6,0xff,0x6d,
    0x36,0xeb,0xff,0xff,0xff,0xff,0xff,0xfe,0xfd,0xe7,0x88,0xe1,0xec,0xfd,0xff,0xff,0xff,0xff,0xff,0xff,0xec,0x37,0x00,0x1e,0x7e,0xf2,0xfd,0xfe,0xff,0xf9,0xff,0x7f,0x47,0xf2,0xa6,0xff,0xfa,0xff,0xfe,0xfd,0xf2,0x7e,0x1e,0x00,
    0x01,0x00,0x00,0x4b,0xff,0xfa,0xfb,0xff,0xd3,0x09,0x2e,0xff,0x81,0xc0,0xff,0xfb,0xfa,0xff,0x4b,0x00,0x00,0x01,0x00,0x02,0x05,0x00,0xaa,0xff,0xff,0xb9,0x18,0x00,0x10,0xee,0xe5,0x27,0xb3,0xff,0xff,0xa9,0x00,0x05,0x02,0x00,
    0x00,0x00,0x01,0x01,0x09,0x52,0x46,0x00,0x00,0x04,0x00,0xaf,0xff,0xaa,0x00,0x47,0x53,0x09,0x01,0x01,0x00,0x00,0x00,0x00,0x00,0x00,0x00,0x00,0x00,0x00,0x01,0x04,0x00,0x50,0xff,0xff,0x8f,0x00,0x00,0x00,0x00,0x00,0x00,0x00,
    0x00,0x00,0x00,0x00,0x01,0x04,0x03,0x00,0x00,0x01,0x02,0x03,0xbe,0xff,0xff,0x42,0x03,0x04,0x00,0x00,0x00,0x00,0x00,0x00,0x00,0x00,0x00,0x00,0x00,0x00,0x00,0x00,0x02,0x00,0x23,0xe6,0xd7,0x1b,0x01,0x01,0x00,0x00,0x00,0x00,

};

const lv_image_dsc_t emoji_four_leaf_clover_22 = {
  .header.magic = LV_IMAGE_HEADER_MAGIC,
  .header.cf = LV_COLOR_FORMAT_RGB565A8,
  .header.flags = 0,
  .header.w = 22,
  .header.h = 22,
  .header.stride = 44,
  .data_size = sizeof(emoji_four_leaf_clover_22_map),
  .data = emoji_four_leaf_clover_22_map,
};




#ifndef LV_ATTRIBUTE_MEM_ALIGN
#define LV_ATTRIBUTE_MEM_ALIGN
#endif

#ifndef LV_ATTRIBUTE_EMOJI_CLOUD_22
#define LV_ATTRIBUTE_EMOJI_CLOUD_22
#endif

static const
LV_ATTRIBUTE_MEM_ALIGN LV_ATTRIBUTE_LARGE_CONST LV_ATTRIBUTE_EMOJI_CLOUD_22
uint8_t emoji_cloud_22_map[] = {

    0x00,0x00,0x00,0x00,0x00,0x00,0x00,0x00,0x00,0x00,0x00,0x00,0x00,0x00,0x00,0x00,0xff,0xff,0x00,0x00,0x00,0x00,0x00,0x00,0x00,0x00,0x00,0x00,0xef,0x7b,0x00,0x00,0x00,0x00,0x00,0x00,0x00,0x00,0x00,0x00,0x00,0x00,0x00,0x00,
    0x00,0x00,0x00,0x00,0x00,0x00,0x00,0x00,0x00,0x00,0xff,0xff,0xff,0xff,0xff,0xff,0x00,0x00,0x9a,0xc6,0xfc,0xd6,0xfc,0xd6,0xfc,0xd6,0x9b,0xce,0x00,0x00,0xff,0xff,0x00,0x00,0x00,0x00,0x00,0x00,0x00,0x00,0x00,0x00,0x00,0x00,
    0x00,0x00,0x00,0x00,0x00,0x00,0x00,0x00,0xef,0x7b,0x00,0x00,0x00,0x00,0x00,0x00,0xbb,0xce,0xfc,0xd6,0x3d,0xdf,0x1c,0xd7,0x1d,0xdf,0x3d,0xdf,0xbb,0xce,0x00,0x00,0x79,0xce,0xff,0xff,0x00,0x00,0x00,0x00,0x00,0x00,0x00,0x00,
    0x00,0x00,0x00,0x00,0x00,0x00,0x00,0x00,0x00,0x00,0x9b,0xc6,0xfc,0xd6,0xbb,0xce,0xbb,0xce,0x1d,0xd7,0xbb,0xce,0xbb,0xce,0xbb,0xce,0xdc,0xce,0xbb,0xce,0xba,0xce,0x00,0x00,0x00,0x00,0x55,0xad,0xff,0xff,0x00,0x00,0x00,0x00,
    0x00,0x00,0xff,0xff,0xef,0x7b,0xff,0xbd,0xbb,0xce,0xfc,0xd6,0x3d,0xdf,0xfc,0xd6,0xdb,0xce,0xbb,0xce,0xbb,0xce,0xbb,0xce,0xbb,0xce,0xbb,0xce,0xfc,0xd6,0xbb,0xce,0x1d,0xd7,0x1c,0xd7,0x00,0x00,0x00,0x00,0xff,0xff,0x00,0x00,
    0x00,0x00,0xff,0xff,0x00,0x00,0xbb,0xce,0x5e,0xe7,0xbb,0xce,0xbb,0xce,0xbb,0xce,0xbb,0xce,0xbb,0xce,0xbb,0xce,0xbb,0xce,0xbb,0xce,0xbb,0xce,0xbb,0xce,0xbb,0xce,0xbb,0xce,0xdc,0xd6,0xdc,0xd6,0x7a,0xc6,0x00,0x00,0xef,0x7b,
    0xff,0xff,0x00,0x00,0xf7,0xbd,0xbb,0xce,0xfc,0xd6,0xbb,0xce,0xbb,0xce,0xbb,0xce,0xbb,0xce,0xbb,0xce,0xbb,0xce,0xbb,0xce,0xbb,0xce,0xbb,0xce,0xbb,0xce,0xbb,0xce,0xbb,0xce,0xbb,0xce,0x5e,0xdf,0xdb,0xce,0xfb,0xce,0xff,0xff,
    0xff,0xff,0x00,0x00,0x1c,0xc7,0xbb,0xce,0xdc,0xd6,0xbb,0xce,0xbb,0xce,0xbb,0xce,0xfc,0xd6,0x1c,0xdf,0x1d,0xdf,0xfc,0xd6,0xbb,0xce,0xbb,0xce,0xbb,0xce,0xbb,0xce,0xbb,0xce,0xbb,0xce,0xbb,0xce,0x5e,0xdf,0xbb,0xce,0x00,0x00,
    0x00,0x00,0x55,0xad,0xff,0xff,0xbb,0xce,0x1c,0xd7,0xbb,0xce,0xbb,0xce,0x1d,0xdf,0x5d,0xe7,0x5d,0xe7,0x5d,0xe7,0x5d,0xe7,0x3d,0xdf,0xbb,0xce,0xbb,0xce,0xbb,0xce,0xbb,0xce,0xbb,0xce,0xbb,0xce,0x1d,0xdf,0xbb,0xce,0x00,0x00,
    0xff,0xff,0x00,0x00,0x00,0x00,0xfc,0xd6,0x3d,0xdf,0xdb,0xd6,0xfc,0xde,0x5d,0xe7,0x5d,0xe7,0x5d,0xe7,0x5d,0xe7,0x5d,0xe7,0x5d,0xe7,0x1c,0xdf,0xbb,0xce,0xdc,0xd6,0xdb,0xce,0xbb,0xce,0xbb,0xce,0x1d,0xd7,0xbb,0xce,0x00,0x00,
    0x00,0x00,0x3c,0xd7,0x7e,0xe7,0x7e,0xe7,0x5d,0xe7,0x5d,0xe7,0x5d,0xe7,0x5d,0xe7,0x5d,0xe7,0x5d,0xe7,0x5d,0xe7,0x5d,0xe7,0x5d,0xe7,0x5d,0xe7,0x3d,0xe7,0x5d,0xe7,0x5d,0xe7,0xfc,0xd6,0xbb,0xce,0x3d,0xdf,0xbb,0xce,0x00,0x00,
    0x7d,0xdf,0x5d,0xe7,0xff,0xf7,0x5d,0xe7,0x5d,0xe7,0x5d,0xe7,0x5d,0xe7,0x5d,0xe7,0x5d,0xe7,0x5d,0xe7,0x5d,0xe7,0x5d,0xe7,0x5d,0xe7,0x5d,0xe7,0x5d,0xe7,0x5d,0xe7,0x5d,0xe7,0x3d,0xe7,0x3d,0xdf,0xdc,0xd6,0xdb,0xd6,0x00,0x00,
    0x5d,0xe7,0xdf,0xf7,0x3d,0xe7,0x3d,0xe7,0x5d,0xe7,0x5d,0xe7,0x5d,0xe7,0x5d,0xe7,0x5d,0xe7,0x5d,0xe7,0x5d,0xe7,0x5d,0xe7,0x5d,0xe7,0x5d,0xe7,0x5d,0xe7,0x5d,0xe7,0x3d,0xe7,0x7e,0xe7,0x1d,0xdf,0x39,0xbe,0x00,0x00,0xff,0xbd,
    0x5d,0xe7,0x5e,0xe7,0x3d,0xe7,0x5d,0xe7,0x5d,0xe7,0x5d,0xe7,0x5d,0xe7,0x5d,0xe7,0x5d,0xe7,0x5d,0xe7,0x5d,0xe7,0x5d,0xe7,0x5d,0xe7,0x5d,0xe7,0x5d,0xe7,0x5d,0xe7,0x3d,0xe7,0x7e,0xe7,0x3d,0xdf,0x9e,0xef,0x1c,0xdf,0x00,0x00,
    0x5d,0xe7,0x3d,0xe7,0x5d,0xe7,0x5d,0xe7,0x5d,0xe7,0x5d,0xe7,0x5d,0xe7,0x5d,0xe7,0x5d,0xe7,0x5d,0xe7,0x5d,0xe7,0x5d,0xe7,0x5d,0xe7,0x5d,0xe7,0x5d,0xe7,0x5d,0xe7,0x5d,0xe7,0x3d,0xe7,0x9f,0xef,0xff,0xf7,0x7e,0xe7,0x3d,0xe7,
    0x5d,0xe7,0x5d,0xe7,0x5d,0xe7,0x5d,0xe7,0x5d,0xe7,0x5d,0xe7,0x5d,0xe7,0x5d,0xe7,0x5d,0xe7,0x5d,0xe7,0x5d,0xe7,0x5d,0xe7,0x5d,0xe7,0x5d,0xe7,0x5d,0xe7,0x5d,0xe7,0x5d,0xe7,0x5d,0xe7,0x3d,0xe7,0x3d,0xe7,0x7e,0xe7,0x3d,0xe7,
    0x3d,0xe7,0x9f,0xef,0x3d,0xe7,0x5d,0xe7,0x5d,0xe7,0x5d,0xe7,0x5d,0xe7,0x5d,0xe7,0x5d,0xe7,0x5d,0xe7,0x5d,0xe7,0x5d,0xe7,0x5d,0xe7,0x5d,0xe7,0x5d,0xe7,0x5d,0xe7,0x5d,0xe7,0x5d,0xe7,0x5d,0xe7,0x5d,0xe7,0x3d,0xdf,0x5e,0xe7,
    0x3d,0xe7,0x7e,0xe7,0x9e,0xef,0x3d,0xe7,0x3d,0xe7,0x3d,0xe7,0x3d,0xe7,0x3d,0xe7,0x3d,0xe7,0x3d,0xe7,0x3d,0xe7,0x3d,0xe7,0x3d,0xe7,0x3d,0xe7,0x3d,0xe7,0x3d,0xe7,0x3d,0xe7,0x3d,0xe7,0x3d,0xe7,0x3d,0xe7,0x7e,0xe7,0x3d,0xe7,
    0x00,0x00,0x1d,0xdf,0x7e,0xef,0xdf,0xf7,0xdf,0xf7,0xdf,0xf7,0xdf,0xf7,0xdf,0xf7,0xdf,0xf7,0xdf,0xf7,0xdf,0xf7,0xdf,0xf7,0xdf,0xf7,0xdf,0xf7,0xdf,0xf7,0xdf,0xf7,0xdf,0xf7,0xdf,0xf7,0xdf,0xf7,0xdf,0xf7,0x7e,0xef,0x3d,0xe7,
    0xff,0xff,0x00,0x00,0x9b,0xd6,0x9e,0xe7,0x5e,0xe7,0x3d,0xe7,0x5d,0xe7,0x5d,0xe7,0x5d,0xe7,0x5d,0xe7,0x5d,0xe7,0x5d,0xe7,0x5d,0xe7,0x5d,0xe7,0x5d,0xe7,0x5d,0xe7,0x5d,0xe7,0x3d,0xe7,0x5e,0xe7,0x7e,0xef,0x1c,0xdf,0x00,0x00,
    0x00,0x00,0xff,0xff,0x00,0x00,0x00,0x00,0x00,0x00,0x00,0x00,0x00,0x00,0x00,0x00,0x00,0x00,0x00,0x00,0x00,0x00,0x00,0x00,0x00,0x00,0x00,0x00,0x00,0x00,0x00,0x00,0x00,0x00,0x00,0x00,0x00,0x00,0x00,0x00,0x00,0x00,0xff,0xff,
    0x00,0x00,0x00,0x00,0xff,0xff,0xff,0xff,0x79,0xce,0x79,0xce,0x79,0xce,0x79,0xce,0x79,0xce,0x79,0xce,0x79,0xce,0x79,0xce,0x79,0xce,0x79,0xce,0x79,0xce,0x79,0xce,0x79,0xce,0x79,0xce,0x79,0xce,0x79,0xce,0xff,0xff,0x00,0x00,
    0x00,0x00,0x00,0x00,0x00,0x00,0x00,0x00,0x02,0x00,0x00,0x00,0x00,0x00,0x02,0x00,0x00,0x00,0x00,0x00,0x00,0x00,0x00,0x00,0x00,0x00,0x00,0x02,0x03,0x04,0x00,0x32,0x9f,0xbf,0xac,0x4c,0x00,0x02,0x00,0x00,0x00,0x00,0x00,0x00,
    0x00,0x00,0x00,0x00,0x02,0x00,0x00,0x00,0x3f,0xf6,0xff,0xff,0xff,0xff,0x6d,0x00,0x05,0x01,0x00,0x00,0x00,0x00,0x00,0x00,0x00,0x00,0x00,0x32,0x56,0x49,0xd2,0xff,0xf9,0xfc,0xfa,0xfe,0xf7,0x18,0x00,0x00,0x03,0x01,0x00,0x00,
    0x00,0x01,0x02,0x04,0x99,0xff,0xff,0xff,0xff,0xfe,0xff,0xff,0xff,0xfc,0xff,0x5c,0x23,0x1a,0x00,0x00,0x01,0x00,0x00,0x03,0x00,0x7c,0xff,0xfc,0xfb,0xfd,0xfe,0xff,0xff,0xff,0xff,0xff,0xfe,0xf8,0xfd,0xef,0xa4,0x19,0x00,0x02,
    0x01,0x00,0x04,0xdc,0xfc,0xfd,0xff,0xff,0xff,0xff,0xff,0xff,0xff,0xff,0xff,0xff,0xff,0xff,0xff,0xd3,0x0f,0x01,0x01,0x00,0x09,0xe9,0xff,0xfe,0xff,0xff,0xff,0xff,0xff,0xff,0xff,0xff,0xff,0xfe,0xfe,0xfe,0xf8,0xff,0x7a,0x00,
    0x00,0x03,0x03,0xc3,0xff,0xfc,0xff,0xff,0xff,0xff,0xff,0xff,0xff,0xff,0xff,0xff,0xff,0xff,0xfc,0xfd,0xbd,0x00,0x01,0x00,0x00,0x67,0xff,0xfc,0xff,0xff,0xff,0xff,0xff,0xff,0xff,0xff,0xff,0xff,0xff,0xff,0xfc,0xfe,0xc2,0x00,
    0x00,0x13,0xa3,0xec,0xfe,0xff,0xff,0xff,0xff,0xff,0xff,0xff,0xff,0xff,0xff,0xff,0xff,0xff,0xfa,0xff,0x9b,0x00,0x10,0xcc,0xff,0xff,0xff,0xff,0xff,0xff,0xff,0xff,0xff,0xff,0xff,0xff,0xff,0xff,0xff,0xfe,0xff,0xfe,0x2e,0x00,
    0x93,0xff,0xf9,0xfe,0xff,0xff,0xff,0xff,0xff,0xff,0xff,0xff,0xff,0xff,0xff,0xff,0xfe,0xfd,0xd8,0x3e,0x00,0x04,0xed,0xfd,0xfe,0xff,0xff,0xff,0xff,0xff,0xff,0xff,0xff,0xff,0xff,0xff,0xff,0xff,0xfe,0xfe,0xb4,0x7c,0x36,0x00,
    0xff,0xff,0xff,0xff,0xff,0xff,0xff,0xff,0xff,0xff,0xff,0xff,0xff,0xff,0xff,0xff,0xff,0xff,0xff,0xff,0xf9,0x58,0xf8,0xfe,0xff,0xff,0xff,0xff,0xff,0xff,0xff,0xff,0xff,0xff,0xff,0xff,0xff,0xff,0xff,0xff,0xfd,0xfa,0xff,0xe9,
    0xbc,0xff,0xfb,0xff,0xff,0xff,0xff,0xff,0xff,0xff,0xff,0xff,0xff,0xff,0xff,0xff,0xff,0xff,0xff,0xff,0xfe,0xff,0x34,0xf6,0xff,0xfa,0xfb,0xfb,0xfb,0xfb,0xfb,0xfb,0xfb,0xfb,0xfb,0xfb,0xfb,0xfb,0xfb,0xfb,0xfb,0xfa,0xff,0xe9,
    0x00,0x48,0xe5,0xff,0xff,0xff,0xff,0xff,0xff,0xff,0xff,0xff,0xff,0xff,0xff,0xff,0xff,0xff,0xff,0xff,0xf9,0x58,0x02,0x00,0x16,0x66,0x8e,0x8e,0x8e,0x8e,0x8e,0x8e,0x8e,0x8e,0x8e,0x8e,0x8e,0x8e,0x8e,0x8e,0x8d,0x87,0x34,0x00,
    0x00,0x02,0x00,0x00,0x00,0x00,0x00,0x00,0x00,0x00,0x00,0x00,0x00,0x00,0x00,0x00,0x00,0x00,0x00,0x00,0x00,0x02,0x00,0x00,0x01,0x04,0x05,0x05,0x05,0x05,0x05,0x05,0x05,0x05,0x05,0x05,0x05,0x05,0x05,0x05,0x05,0x05,0x02,0x00,

};

const lv_image_dsc_t emoji_cloud_22 = {
  .header.magic = LV_IMAGE_HEADER_MAGIC,
  .header.cf = LV_COLOR_FORMAT_RGB565A8,
  .header.flags = 0,
  .header.w = 22,
  .header.h = 22,
  .header.stride = 44,
  .data_size = sizeof(emoji_cloud_22_map),
  .data = emoji_cloud_22_map,
};




#ifndef LV_ATTRIBUTE_MEM_ALIGN
#define LV_ATTRIBUTE_MEM_ALIGN
#endif

#ifndef LV_ATTRIBUTE_EMOJI_ROCKET_22
#define LV_ATTRIBUTE_EMOJI_ROCKET_22
#endif

static const
LV_ATTRIBUTE_MEM_ALIGN LV_ATTRIBUTE_LARGE_CONST LV_ATTRIBUTE_EMOJI_ROCKET_22
uint8_t emoji_rocket_22_map[] = {

    0x00,0x00,0x00,0x00,0x00,0x00,0x00,0x00,0x00,0x00,0x00,0x00,0x00,0x00,0x00,0x00,0x00,0x00,0x00,0x00,0x00,0x00,0x00,0x00,0x00,0x00,0x5f,0x55,0x00,0x00,0x00,0x00,0x00,0x00,0x5d,0x55,0x7d,0x55,0x7d,0x55,0x7d,0x55,0x5d,0x55,
    0x00,0x00,0x00,0x00,0x00,0x00,0x00,0x00,0x00,0x00,0x00,0x00,0x00,0x00,0x00,0x00,0x00,0x00,0x00,0x00,0x00,0x00,0xff,0x7b,0xff,0x07,0x00,0x00,0x8c,0x31,0x5d,0x55,0x9e,0x55,0x7e,0x55,0x9f,0x5d,0x9f,0x5d,0x9e,0x5d,0x7d,0x55,
    0x00,0x00,0x00,0x00,0x00,0x00,0x00,0x00,0x00,0x00,0x00,0x00,0x00,0x00,0x00,0x00,0x00,0x00,0x00,0x00,0x5f,0x55,0x00,0x00,0x00,0x00,0x5d,0x55,0xdf,0x5d,0xff,0x5d,0x9e,0x5d,0x9e,0x5d,0x9e,0x55,0x5d,0x55,0x9f,0x5d,0x5d,0x55,
    0x00,0x00,0x00,0x00,0x00,0x00,0x00,0x00,0x00,0x00,0x00,0x00,0x00,0x00,0x00,0x00,0xff,0x07,0xff,0x7b,0x00,0x00,0x5d,0x55,0x7e,0x55,0xdf,0x5d,0x99,0x4c,0x05,0x11,0x21,0x00,0x68,0x11,0xb9,0x4c,0x9e,0x55,0x9f,0x5d,0x7d,0x55,
    0x00,0x00,0x00,0x00,0x00,0x00,0x00,0x00,0x00,0x78,0x00,0x00,0x00,0x00,0xff,0x07,0x00,0x00,0x00,0x00,0x7d,0x55,0x9e,0x55,0xbf,0x5d,0x7e,0x55,0xd5,0x3b,0x31,0x33,0xa9,0x19,0x00,0x00,0x47,0x11,0x9e,0x5d,0x5d,0x55,0x3d,0x55,
    0x00,0x00,0x00,0x00,0x00,0x00,0x00,0xf8,0x00,0x00,0x00,0x00,0xff,0x07,0x00,0x00,0x9a,0x5c,0x7e,0x55,0xdf,0x5d,0x7e,0x55,0x7d,0x55,0x5d,0x55,0x9e,0x5d,0xdf,0x5d,0xdf,0x5d,0xa9,0x19,0x00,0x00,0x9e,0x55,0x7e,0x55,0x00,0x00,
    0x00,0x00,0x00,0x00,0x00,0x78,0x00,0x00,0x23,0x98,0x24,0xa0,0x02,0xa0,0xc6,0x90,0x3c,0x55,0xdf,0x5d,0x5d,0x55,0x5d,0x55,0x5d,0x55,0x9e,0x55,0x7d,0x55,0x3c,0x55,0xdf,0x5d,0x11,0x33,0xe5,0x08,0xff,0x5d,0x5d,0x55,0x00,0x00,
    0x00,0x00,0x00,0x78,0x00,0x00,0x03,0x98,0x23,0xa0,0x23,0xa8,0x23,0xa0,0x38,0x6c,0xdf,0x55,0x5d,0x55,0x5d,0x55,0x7d,0x55,0xbf,0x55,0xfb,0x5c,0x3c,0x5d,0x7d,0x55,0x9e,0x5d,0xd5,0x3b,0x99,0x4c,0xbe,0x5d,0x33,0x33,0xff,0x07,
    0x00,0x00,0x00,0x00,0x23,0x98,0x23,0xa0,0x24,0xa0,0x01,0xa0,0x8f,0x7a,0xdf,0x4d,0x5d,0x55,0x5d,0x55,0x9e,0x55,0x7e,0x55,0xf1,0x7a,0xa6,0x90,0xfb,0x5c,0x9e,0x55,0x5d,0x55,0x7e,0x55,0xdf,0x5d,0x5d,0x55,0x00,0x00,0xff,0x3d,
    0x03,0x98,0x03,0x98,0x24,0xa8,0x23,0xa0,0x03,0x98,0x44,0x98,0xda,0x5c,0x7e,0x55,0x5d,0x55,0xbf,0x55,0xba,0x5c,0x6a,0x89,0x00,0xa8,0xd1,0x7a,0xbf,0x55,0x5d,0x55,0x7d,0x55,0xbf,0x5d,0x5d,0x55,0x1f,0x00,0xff,0x7f,0x1f,0x00,
    0x04,0xa0,0x23,0xa0,0x03,0xa0,0x24,0x98,0x02,0xa8,0xab,0x89,0x9e,0x55,0x5d,0x55,0xdf,0x55,0xb5,0x6b,0x65,0x98,0x01,0xa8,0x6a,0x89,0x7e,0x55,0x7d,0x55,0x5d,0x55,0x7e,0x55,0x9e,0x55,0x5d,0x55,0x00,0x00,0xff,0x7f,0x00,0x00,
    0x00,0x00,0x00,0x00,0x00,0x00,0xc6,0xa0,0x21,0xa8,0xf1,0x7a,0xdf,0x4d,0x7e,0x55,0xb0,0x7a,0x02,0xa0,0x02,0xa0,0x65,0x98,0xba,0x5c,0x9e,0x55,0x5d,0x55,0x5d,0x55,0xdf,0x5d,0x5d,0x55,0x00,0x00,0x5f,0x55,0x00,0x00,0x00,0x00,
    0x00,0x00,0x00,0xa8,0x4a,0xfd,0x00,0x00,0x00,0x00,0x7e,0x4d,0x9e,0x5d,0xab,0x89,0x01,0xa0,0x24,0x98,0x02,0xa0,0xb5,0x6b,0xbf,0x55,0x5d,0x55,0x5d,0x55,0xdf,0x5d,0x7d,0x55,0x00,0x00,0xf7,0x3b,0x00,0x00,0x00,0x00,0x00,0x00,
    0x00,0x00,0xe0,0xfb,0x00,0x00,0x85,0xec,0x86,0xfd,0xd4,0x94,0x29,0x89,0x01,0xa0,0x44,0x98,0x01,0xa0,0xb0,0x7a,0xdf,0x55,0x5d,0x55,0x5d,0x55,0xdf,0x55,0x3d,0x5d,0x5d,0x55,0xff,0x07,0xff,0xff,0x00,0x00,0x00,0x00,0x00,0x00,
    0xe0,0xfb,0x00,0x00,0x26,0xfd,0xa6,0xfd,0xa9,0xfe,0xa5,0xb9,0x02,0x98,0x64,0xa0,0x01,0xa0,0xab,0x89,0x9e,0x55,0x5d,0x55,0x7e,0x55,0xdf,0x4d,0x58,0x6c,0xc6,0x90,0x00,0x00,0xff,0x07,0x00,0x00,0x00,0x00,0x00,0x00,0x00,0x00,
    0x00,0x00,0x66,0xfd,0xa6,0xfd,0x49,0xfe,0xc9,0xf5,0x43,0xa0,0x04,0x98,0x02,0x98,0x29,0x89,0x9e,0x5d,0xdf,0x4d,0x9e,0x55,0xdb,0x5c,0x8f,0x7a,0x23,0xa0,0x03,0xa0,0xff,0x7b,0x00,0x00,0x00,0x00,0x00,0x00,0x00,0x00,0x00,0x00,
    0x00,0x00,0x46,0xfd,0xa6,0xfd,0x89,0xfe,0x88,0xf5,0x23,0xa0,0x63,0xa0,0xa5,0xb9,0xd3,0x94,0x9e,0x55,0xd1,0x7a,0xab,0x89,0x44,0x98,0x02,0xa0,0x03,0xa8,0x24,0x98,0x00,0x00,0x00,0xf8,0x00,0x00,0x00,0x00,0x00,0x00,0x00,0x00,
    0xc5,0xfd,0x66,0xfd,0x66,0xfd,0x28,0xfe,0x69,0xfe,0x88,0xf5,0xc9,0xf5,0xa9,0xfe,0x64,0xfd,0x00,0x00,0x00,0xa8,0x02,0xa8,0x03,0xa0,0x24,0xa0,0x23,0xa0,0x23,0x98,0x00,0x00,0x00,0x78,0x00,0x00,0x00,0x00,0x00,0x00,0x00,0x00,
    0x66,0xfd,0x66,0xfd,0x46,0xfd,0x66,0xfd,0x28,0xfe,0x89,0xfe,0x49,0xfe,0x86,0xfd,0xc6,0xf4,0x5f,0x55,0xe6,0x98,0x24,0xa0,0x23,0xa0,0x23,0xa0,0x03,0x98,0x00,0x00,0x00,0xf8,0x00,0x00,0x00,0x00,0x00,0x00,0x00,0x00,0x00,0x00,
    0x46,0xfd,0x86,0xfd,0x66,0xfd,0x66,0xfd,0x66,0xfd,0xa6,0xfd,0x86,0xfd,0x45,0xfd,0x00,0x00,0xe7,0xbb,0x00,0x00,0x23,0x98,0x24,0xb0,0x23,0x98,0x00,0x00,0x00,0x78,0x00,0x00,0x00,0x00,0x00,0x00,0x00,0x00,0x00,0x00,0x00,0x00,
    0x46,0xfd,0xe7,0xfd,0x66,0xfd,0x66,0xfd,0x66,0xfd,0x86,0xfd,0x66,0xfd,0x00,0x00,0xe0,0xfb,0x00,0x78,0x00,0x00,0x23,0xa0,0x03,0x98,0x00,0x00,0x00,0xb8,0x00,0x00,0x00,0x00,0x00,0x00,0x00,0x00,0x00,0x00,0x00,0x00,0x00,0x00,
    0x46,0xfd,0xa6,0xfd,0x66,0xfd,0x86,0xfd,0x46,0xfd,0x00,0x00,0x00,0x00,0xe0,0xff,0x00,0x00,0x00,0x00,0x00,0x00,0x44,0x98,0x00,0x00,0x00,0x78,0x00,0x00,0x00,0x00,0x00,0x00,0x00,0x00,0x00,0x00,0x00,0x00,0x00,0x00,0x00,0x00,
    0x00,0x00,0x00,0x00,0x00,0x00,0x00,0x00,0x00,0x00,0x00,0x00,0x00,0x03,0x00,0x00,0x00,0x2d,0x74,0xb6,0xe6,0xfe,0x00,0x00,0x00,0x00,0x00,0x00,0x00,0x00,0x00,0x00,0x00,0x02,0x01,0x00,0x05,0x56,0xb7,0xf5,0xff,0xff,0xff,0xe8,
    0x00,0x00,0x00,0x00,0x00,0x00,0x00,0x00,0x00,0x00,0x03,0x00,0x00,0x5a,0xcf,0xff,0xff,0xff,0xfc,0xfa,0xfe,0xb7,0x00,0x00,0x00,0x00,0x00,0x00,0x01,0x00,0x01,0x02,0x00,0x31,0xbb,0xff,0xff,0xfc,0xfc,0xfe,0xff,0xfc,0xff,0x73,
    0x00,0x00,0x00,0x00,0x02,0x00,0x00,0x01,0x00,0x00,0x75,0xf6,0xff,0xfc,0xfd,0xff,0xff,0xff,0xfe,0xff,0xf7,0x29,0x00,0x00,0x00,0x02,0x00,0x00,0x02,0x00,0x13,0xad,0xff,0xff,0xfc,0xff,0xff,0xff,0xff,0xff,0xfc,0xfe,0xbb,0x00,
    0x00,0x00,0x04,0x00,0x2b,0xc9,0xda,0xc3,0xdd,0xff,0xfb,0xfe,0xff,0xff,0xff,0xff,0xff,0xff,0xfd,0xff,0x54,0x00,0x00,0x04,0x00,0x42,0xeb,0xff,0xff,0xff,0xff,0xfc,0xff,0xff,0xff,0xff,0xff,0xff,0xff,0xfd,0xfe,0xd5,0x05,0x01,
    0x00,0x00,0x58,0xf8,0xff,0xfc,0xfd,0xfc,0xfd,0xff,0xff,0xff,0xff,0xff,0xff,0xff,0xff,0xfc,0xff,0x57,0x00,0x04,0x0a,0x85,0xff,0xff,0xfa,0xff,0xff,0xff,0xff,0xff,0xff,0xff,0xff,0xff,0xff,0xff,0xfc,0xff,0xc0,0x01,0x02,0x01,
    0x1e,0x92,0xc3,0xfc,0xff,0xff,0xff,0xff,0xff,0xff,0xff,0xff,0xff,0xff,0xff,0xfe,0xfc,0xf8,0x2d,0x00,0x02,0x00,0x00,0x00,0x00,0x2f,0x96,0xf5,0xfe,0xfe,0xff,0xff,0xff,0xff,0xff,0xff,0xff,0xfb,0xff,0x74,0x00,0x03,0x00,0x00,
    0x01,0x03,0x03,0x00,0x00,0xa4,0xff,0xfb,0xff,0xff,0xff,0xff,0xff,0xff,0xfc,0xff,0xb0,0x00,0x04,0x00,0x00,0x00,0x00,0x02,0x00,0x2c,0x83,0xe1,0xfe,0xfe,0xff,0xff,0xff,0xff,0xff,0xfd,0xfe,0xdb,0x0f,0x01,0x01,0x00,0x00,0x00,
    0x02,0x00,0x77,0xf9,0xff,0xff,0xff,0xff,0xfe,0xfb,0xfe,0xff,0xff,0xfd,0xff,0xc1,0x00,0x02,0x00,0x00,0x00,0x00,0x00,0x42,0xff,0xfe,0xfb,0xfe,0xff,0xff,0xff,0xff,0xff,0xff,0xff,0xfd,0xfe,0xdb,0x02,0x00,0x01,0x00,0x00,0x00,
    0x00,0xac,0xfe,0xfb,0xff,0xff,0xfe,0xfe,0xe5,0xa5,0xf9,0xff,0xff,0xfc,0xff,0xcd,0x00,0x01,0x01,0x00,0x00,0x00,0x12,0xe8,0xff,0xfe,0xff,0xff,0xfa,0xff,0x87,0x00,0x98,0xff,0xfa,0xff,0xeb,0x2c,0x01,0x02,0x00,0x00,0x00,0x00,
    0x3b,0xfe,0xff,0xfe,0xfe,0xfa,0xfe,0xfc,0x2b,0x03,0x29,0xf7,0xfc,0xf9,0x41,0x00,0x02,0x00,0x00,0x00,0x00,0x00,0x59,0xfc,0xfc,0xff,0xff,0xff,0xff,0x6b,0x00,0x04,0x00,0xc4,0xff,0x57,0x00,0x04,0x00,0x00,0x00,0x00,0x00,0x00,
    0x77,0xff,0xff,0xfb,0xdf,0xa3,0x3e,0x00,0x02,0x04,0x01,0x91,0x85,0x00,0x04,0x00,0x00,0x00,0x00,0x00,0x00,0x00,0x34,0x6a,0x55,0x31,0x0f,0x00,0x00,0x02,0x00,0x01,0x00,0x1d,0x00,0x02,0x00,0x00,0x00,0x00,0x00,0x00,0x00,0x00,

};

const lv_image_dsc_t emoji_rocket_22 = {
  .header.magic = LV_IMAGE_HEADER_MAGIC,
  .header.cf = LV_COLOR_FORMAT_RGB565A8,
  .header.flags = 0,
  .header.w = 22,
  .header.h = 22,
  .header.stride = 44,
  .data_size = sizeof(emoji_rocket_22_map),
  .data = emoji_rocket_22_map,
};




#ifndef LV_ATTRIBUTE_MEM_ALIGN
#define LV_ATTRIBUTE_MEM_ALIGN
#endif

#ifndef LV_ATTRIBUTE_EMOJI_PASSPORT_CONTROL_22
#define LV_ATTRIBUTE_EMOJI_PASSPORT_CONTROL_22
#endif

static const
LV_ATTRIBUTE_MEM_ALIGN LV_ATTRIBUTE_LARGE_CONST LV_ATTRIBUTE_EMOJI_PASSPORT_CONTROL_22
uint8_t emoji_passport_control_22_map[] = {

    0x33,0x23,0x53,0x23,0x53,0x23,0x33,0x23,0x53,0x23,0x33,0x23,0x12,0x1b,0x12,0x1b,0x33,0x23,0x33,0x23,0x33,0x23,0x33,0x23,0x33,0x23,0x33,0x23,0x33,0x23,0x33,0x23,0x33,0x23,0x33,0x23,0x33,0x23,0x53,0x23,0x53,0x23,0x33,0x23,
    0x33,0x23,0x54,0x23,0x53,0x23,0x33,0x1b,0xf2,0x12,0xf2,0x12,0x94,0x33,0xf5,0x43,0x33,0x23,0x33,0x23,0x33,0x23,0x33,0x23,0x33,0x23,0x33,0x23,0x33,0x23,0x33,0x23,0x33,0x23,0x33,0x23,0x33,0x23,0x33,0x23,0x54,0x23,0x33,0x23,
    0x53,0x23,0x32,0x23,0xd2,0x12,0xb4,0x3b,0xb9,0x95,0xfd,0xce,0xdf,0xff,0x7e,0xe7,0x53,0x2b,0x33,0x23,0x33,0x23,0x53,0x23,0x53,0x2b,0x53,0x2b,0x53,0x2b,0x53,0x2b,0x53,0x2b,0x53,0x2b,0x53,0x2b,0x33,0x23,0x33,0x23,0x53,0x23,
    0x12,0x1b,0x73,0x2b,0x96,0x64,0x15,0x4c,0x55,0x54,0xf7,0x74,0x7b,0xb6,0x3d,0xdf,0x73,0x2b,0x12,0x1b,0x12,0x1b,0xdc,0xce,0x5e,0xe7,0x3d,0xdf,0x3d,0xdf,0x3d,0xdf,0x3d,0xdf,0x3d,0xdf,0x7e,0xe7,0x58,0x85,0xf2,0x12,0x53,0x23,
    0xf2,0x1a,0x15,0x4c,0xff,0xff,0x7e,0xef,0x7b,0xb6,0xd7,0x6c,0xf2,0x12,0x1a,0xa6,0x94,0x33,0x94,0x33,0xbc,0xc6,0xff,0xff,0xff,0xff,0xff,0xff,0xff,0xff,0xff,0xff,0xff,0xff,0xff,0xff,0xff,0xff,0x99,0x8d,0xd2,0x12,0x53,0x23,
    0xf2,0x1a,0x15,0x4c,0xdf,0xf7,0xdf,0xf7,0xff,0xff,0xff,0xff,0xb4,0x3b,0x99,0x95,0x94,0x33,0x73,0x2b,0x99,0x95,0x78,0x85,0x38,0x7d,0x38,0x7d,0x38,0x7d,0x38,0x7d,0x38,0x7d,0x38,0x7d,0x58,0x85,0xb4,0x3b,0x12,0x1b,0x33,0x23,
    0xf2,0x1a,0x15,0x4c,0xff,0xff,0xbf,0xf7,0xbf,0xf7,0xbf,0xf7,0xb4,0x33,0xb9,0x9d,0xb4,0x3b,0x12,0x1b,0xb1,0x0a,0x73,0x2b,0x35,0x4c,0x15,0x4c,0x35,0x4c,0x35,0x4c,0x35,0x4c,0x35,0x4c,0x15,0x44,0x33,0x23,0x33,0x23,0x33,0x23,
    0xf2,0x1a,0x15,0x44,0xdf,0xff,0xbf,0xf7,0xdf,0xf7,0xdf,0xf7,0xb4,0x3b,0x38,0x7d,0x94,0x33,0x33,0x23,0xf2,0x1a,0xf7,0x74,0xff,0xff,0xff,0xff,0xff,0xff,0xff,0xff,0xff,0xff,0xff,0xff,0x7e,0xef,0x53,0x23,0x33,0x23,0x33,0x23,
    0xf2,0x1a,0x15,0x4c,0xff,0xff,0xbf,0xf7,0xbf,0xf7,0xbf,0xf7,0xd4,0x3b,0x12,0x1b,0x33,0x23,0x33,0x23,0x33,0x1b,0x73,0x2b,0x5e,0xe7,0xff,0xff,0x9e,0xef,0xbe,0xef,0xbf,0xef,0xff,0xff,0x99,0x8d,0xf2,0x12,0x53,0x23,0x33,0x23,
    0x12,0x1b,0x94,0x33,0xfc,0xce,0xdf,0xf7,0xff,0xff,0xff,0xff,0xf5,0x43,0x12,0x1b,0x33,0x23,0x33,0x23,0x53,0x23,0x12,0x1b,0x56,0x54,0x7e,0xe7,0xff,0xff,0xff,0xff,0xff,0xff,0x3b,0xae,0x33,0x23,0x33,0x23,0x33,0x23,0x33,0x23,
    0x33,0x23,0x33,0x1b,0x33,0x23,0x15,0x4c,0x38,0x7d,0xfa,0xa5,0x94,0x33,0x33,0x23,0x33,0x23,0x33,0x23,0x33,0x23,0x53,0x23,0xb1,0x0a,0x33,0x23,0x76,0x5c,0xb7,0x64,0xf5,0x43,0x12,0x1b,0x33,0x23,0x33,0x23,0x33,0x23,0x33,0x23,
    0x33,0x23,0x33,0x23,0x33,0x23,0xf2,0x12,0x53,0x2b,0xd7,0x6c,0x94,0x33,0xf2,0x12,0x53,0x23,0x53,0x23,0x12,0x1b,0x12,0x1b,0xd7,0x6c,0xf7,0x74,0x96,0x64,0xb7,0x6c,0xb7,0x64,0x53,0x23,0x12,0x1b,0x33,0x23,0x33,0x23,0x33,0x23,
    0x33,0x23,0x33,0x23,0x53,0x23,0xf2,0x12,0x7b,0xb6,0xff,0xff,0xfd,0xce,0xb4,0x3b,0xf2,0x12,0xf2,0x12,0x33,0x23,0xda,0x9d,0xff,0xff,0xff,0xff,0xff,0xff,0xff,0xff,0xf7,0x74,0xd2,0x12,0x96,0x64,0x73,0x2b,0x33,0x1b,0x33,0x23,
    0x33,0x23,0x33,0x23,0x53,0x23,0xf2,0x12,0xb9,0x95,0xff,0xff,0xdf,0xff,0x7e,0xef,0x3b,0xae,0xfa,0xa5,0x1d,0xd7,0xff,0xff,0xbf,0xf7,0xbf,0xf7,0xbf,0xf7,0x96,0x64,0x71,0x02,0x38,0x7d,0x9e,0xef,0x53,0x2b,0x33,0x1b,0x33,0x23,
    0x33,0x23,0x33,0x23,0x33,0x23,0x33,0x23,0x33,0x23,0x1a,0xa6,0xff,0xff,0xff,0xff,0xff,0xff,0xff,0xff,0xff,0xff,0xdf,0xff,0xdf,0xf7,0xdf,0xf7,0xb6,0x64,0x91,0x02,0x18,0x75,0xff,0xff,0x5e,0xe7,0x53,0x2b,0x33,0x23,0x33,0x23,
    0x33,0x23,0x33,0x23,0x33,0x23,0x33,0x23,0x33,0x23,0xf2,0x1a,0x96,0x5c,0x5b,0xb6,0x1d,0xd7,0x3d,0xdf,0x7b,0xbe,0x9c,0xbe,0xff,0xff,0x96,0x64,0x91,0x02,0x18,0x7d,0xff,0xff,0xdf,0xff,0x5d,0xdf,0x53,0x2b,0x33,0x23,0x33,0x23,
    0x33,0x23,0x33,0x23,0x33,0x23,0x33,0x23,0x33,0x23,0x33,0x23,0xf2,0x12,0xf2,0x1a,0x33,0x23,0x53,0x23,0xd2,0x0a,0xb7,0x64,0x17,0x75,0x71,0x02,0x18,0x7d,0xff,0xff,0xdf,0xf7,0xdf,0xff,0x5e,0xe7,0x53,0x2b,0x33,0x23,0x33,0x23,
    0x33,0x23,0x33,0x23,0x33,0x23,0x33,0x23,0x33,0x23,0x33,0x23,0x53,0x23,0x33,0x23,0x33,0x23,0x33,0x23,0x33,0x23,0x53,0x2b,0xb1,0x0a,0x18,0x75,0xff,0xff,0xdf,0xf7,0xbf,0xf7,0xff,0xff,0x5e,0xe7,0x53,0x2b,0x33,0x23,0x33,0x23,
    0x33,0x23,0x33,0x23,0x33,0x23,0x33,0x23,0x33,0x23,0x33,0x23,0x33,0x23,0x33,0x23,0x33,0x23,0x33,0x23,0x53,0x23,0xf2,0x12,0xf7,0x74,0xff,0xff,0xbf,0xf7,0xbf,0xf7,0xbf,0xf7,0xdf,0xf7,0x5d,0xdf,0x53,0x2b,0x33,0x23,0x33,0x23,
    0x53,0x23,0x33,0x23,0x33,0x23,0x33,0x23,0x33,0x23,0x33,0x23,0x33,0x23,0x33,0x23,0x33,0x23,0x53,0x23,0xf2,0x12,0x96,0x5c,0xff,0xff,0xff,0xff,0xff,0xff,0xff,0xff,0xff,0xff,0xff,0xff,0x9e,0xef,0x53,0x2b,0x32,0x23,0x53,0x23,
    0x33,0x23,0x54,0x23,0x33,0x23,0x33,0x23,0x33,0x23,0x33,0x23,0x33,0x23,0x33,0x23,0x33,0x23,0x33,0x23,0x12,0x1b,0xd4,0x43,0x7b,0xbe,0xbc,0xc6,0xbc,0xc6,0xbc,0xc6,0x9c,0xc6,0xdc,0xce,0x78,0x85,0x12,0x1b,0x74,0x23,0x33,0x23,
    0x33,0x23,0x53,0x23,0x53,0x23,0x33,0x23,0x33,0x23,0x33,0x23,0x33,0x23,0x33,0x23,0x33,0x23,0x33,0x23,0x33,0x23,0x12,0x1b,0xf2,0x12,0x12,0x1b,0x12,0x1b,0x12,0x1b,0x12,0x1b,0x12,0x1b,0xf2,0x1a,0x33,0x23,0x53,0x23,0x33,0x23,
    0x3c,0xd9,0xfe,0xfe,0xff,0xff,0xff,0xff,0xff,0xff,0xff,0xff,0xff,0xff,0xff,0xff,0xff,0xff,0xfe,0xfe,0xd9,0x3c,0xde,0xff,0xfd,0xff,0xff,0xff,0xff,0xff,0xff,0xff,0xff,0xff,0xff,0xff,0xff,0xff,0xff,0xff,0xff,0xfd,0xff,0xde,
    0xff,0xfe,0xff,0xff,0xff,0xff,0xff,0xff,0xff,0xff,0xff,0xff,0xff,0xff,0xff,0xff,0xff,0xff,0xff,0xff,0xfe,0xff,0xfe,0xff,0xff,0xff,0xff,0xff,0xff,0xff,0xff,0xff,0xff,0xff,0xff,0xff,0xff,0xff,0xff,0xff,0xff,0xff,0xff,0xfe,
    0xff,0xff,0xff,0xff,0xff,0xff,0xff,0xff,0xff,0xff,0xff,0xff,0xff,0xff,0xff,0xff,0xff,0xff,0xff,0xff,0xff,0xff,0xff,0xff,0xff,0xff,0xff,0xff,0xff,0xff,0xff,0xff,0xff,0xff,0xff,0xff,0xff,0xff,0xff,0xff,0xff,0xff,0xff,0xff,
    0xff,0xff,0xff,0xff,0xff,0xff,0xff,0xff,0xff,0xff,0xff,0xff,0xff,0xff,0xff,0xff,0xff,0xff,0xff,0xff,0xff,0xff,0xff,0xff,0xff,0xff,0xff,0xff,0xff,0xff,0xff,0xff,0xff,0xff,0xff,0xff,0xff,0xff,0xff,0xff,0xff,0xff,0xff,0xff,
    0xff,0xff,0xff,0xff,0xff,0xff,0xff,0xff,0xff,0xff,0xff,0xff,0xff,0xff,0xff,0xff,0xff,0xff,0xff,0xff,0xff,0xff,0xff,0xff,0xff,0xff,0xff,0xff,0xff,0xff,0xff,0xff,0xff,0xff,0xff,0xff,0xff,0xff,0xff,0xff,0xff,0xff,0xff,0xff,
    0xff,0xff,0xff,0xff,0xff,0xff,0xff,0xff,0xff,0xff,0xff,0xff,0xff,0xff,0xff,0xff,0xff,0xff,0xff,0xff,0xff,0xff,0xff,0xff,0xff,0xff,0xff,0xff,0xff,0xff,0xff,0xff,0xff,0xff,0xff,0xff,0xff,0xff,0xff,0xff,0xff,0xff,0xff,0xff,
    0xff,0xff,0xff,0xff,0xff,0xff,0xff,0xff,0xff,0xff,0xff,0xff,0xff,0xff,0xff,0xff,0xff,0xff,0xff,0xff,0xff,0xff,0xff,0xff,0xff,0xff,0xff,0xff,0xff,0xff,0xff,0xff,0xff,0xff,0xff,0xff,0xff,0xff,0xff,0xff,0xff,0xff,0xff,0xff,
    0xff,0xff,0xff,0xff,0xff,0xff,0xff,0xff,0xff,0xff,0xff,0xff,0xff,0xff,0xff,0xff,0xff,0xff,0xff,0xff,0xff,0xff,0xff,0xff,0xff,0xff,0xff,0xff,0xff,0xff,0xff,0xff,0xff,0xff,0xff,0xff,0xff,0xff,0xff,0xff,0xff,0xff,0xff,0xff,
    0xff,0xff,0xff,0xff,0xff,0xff,0xff,0xff,0xff,0xff,0xff,0xff,0xff,0xff,0xff,0xff,0xff,0xff,0xff,0xff,0xff,0xff,0xff,0xff,0xff,0xff,0xff,0xff,0xff,0xff,0xff,0xff,0xff,0xff,0xff,0xff,0xff,0xff,0xff,0xff,0xff,0xff,0xff,0xff,
    0xfe,0xff,0xff,0xff,0xff,0xff,0xff,0xff,0xff,0xff,0xff,0xff,0xff,0xff,0xff,0xff,0xff,0xff,0xff,0xff,0xff,0xfe,0xff,0xfe,0xff,0xff,0xff,0xff,0xff,0xff,0xff,0xff,0xff,0xff,0xff,0xff,0xff,0xff,0xff,0xff,0xff,0xff,0xfe,0xff,
    0xde,0xff,0xfd,0xff,0xff,0xff,0xff,0xff,0xff,0xff,0xff,0xff,0xff,0xff,0xff,0xff,0xff,0xff,0xff,0xfd,0xff,0xde,0x3c,0xd9,0xfe,0xfe,0xff,0xff,0xff,0xff,0xff,0xff,0xff,0xff,0xff,0xff,0xff,0xff,0xff,0xff,0xfe,0xfe,0xd9,0x3c,

};

const lv_image_dsc_t emoji_passport_control_22 = {
  .header.magic = LV_IMAGE_HEADER_MAGIC,
  .header.cf = LV_COLOR_FORMAT_RGB565A8,
  .header.flags = 0,
  .header.w = 22,
  .header.h = 22,
  .header.stride = 44,
  .data_size = sizeof(emoji_passport_control_22_map),
  .data = emoji_passport_control_22_map,
};




#ifndef LV_ATTRIBUTE_MEM_ALIGN
#define LV_ATTRIBUTE_MEM_ALIGN
#endif

#ifndef LV_ATTRIBUTE_EMOJI_EIGHT_SPOKED_ASTERISK_22
#define LV_ATTRIBUTE_EMOJI_EIGHT_SPOKED_ASTERISK_22
#endif

static const
LV_ATTRIBUTE_MEM_ALIGN LV_ATTRIBUTE_LARGE_CONST LV_ATTRIBUTE_EMOJI_EIGHT_SPOKED_ASTERISK_22
uint8_t emoji_eight_spoked_asterisk_22_map[] = {

    0x8a,0x75,0xaa,0x7d,0xaa,0x7d,0x8a,0x75,0x8a,0x75,0x8a,0x75,0x8a,0x75,0x8a,0x75,0x8a,0x75,0x8a,0x75,0x69,0x75,0x69,0x75,0x8a,0x75,0x8a,0x75,0x8a,0x75,0x8a,0x75,0x8a,0x75,0x8a,0x75,0x8a,0x75,0xaa,0x7d,0xaa,0x7d,0x8a,0x75,
    0x8a,0x75,0xcb,0x7d,0x8a,0x75,0x8a,0x7d,0x8b,0x7d,0x8a,0x7d,0x8a,0x75,0x8a,0x75,0x8a,0x75,0xab,0x7d,0x38,0xd7,0x38,0xd7,0xab,0x7d,0x8a,0x75,0x8a,0x75,0x8a,0x75,0x8a,0x7d,0x8b,0x7d,0x8a,0x7d,0x8a,0x75,0xcb,0x7d,0x8a,0x75,
    0xaa,0x7d,0x8a,0x75,0x8a,0x7d,0x8a,0x75,0x69,0x6d,0x69,0x75,0x8a,0x7d,0x8a,0x7d,0x69,0x75,0x2f,0x9e,0xff,0xff,0xff,0xff,0x2f,0x96,0x69,0x75,0x8a,0x7d,0x8a,0x7d,0x69,0x75,0x69,0x6d,0x8a,0x75,0x8a,0x7d,0x8a,0x75,0xaa,0x7d,
    0x8a,0x75,0x8a,0x75,0x8a,0x75,0xcc,0x85,0xd5,0xbe,0x50,0x9e,0x69,0x6d,0xab,0x7d,0x69,0x75,0x2f,0x96,0xff,0xff,0xff,0xff,0x2f,0x96,0x69,0x75,0xab,0x7d,0x69,0x6d,0x50,0x9e,0xd5,0xbe,0xcc,0x85,0x8a,0x75,0x8a,0x75,0x8a,0x75,
    0x8a,0x75,0x8b,0x7d,0x69,0x6d,0xf6,0xc6,0xff,0xff,0xff,0xff,0x51,0xa6,0x69,0x6d,0x6a,0x75,0x2f,0x96,0xff,0xff,0xff,0xff,0x2f,0x96,0x6a,0x75,0x69,0x6d,0x51,0xa6,0xff,0xff,0xff,0xff,0xf6,0xc6,0x69,0x6d,0x8b,0x7d,0x8a,0x75,
    0x8a,0x75,0x8a,0x7d,0x69,0x75,0x50,0x9e,0xff,0xff,0xff,0xff,0xff,0xff,0x71,0xa6,0x48,0x65,0x2f,0x9e,0xff,0xff,0xff,0xff,0x2f,0x9e,0x48,0x65,0x71,0xa6,0xff,0xff,0xff,0xff,0xff,0xff,0x50,0x9e,0x69,0x75,0x8a,0x7d,0x8a,0x75,
    0x8a,0x75,0x8a,0x75,0x8a,0x7d,0x69,0x6d,0x51,0xa6,0xff,0xff,0xff,0xff,0xff,0xff,0x30,0x9e,0xee,0x8d,0xff,0xff,0xff,0xff,0xee,0x8d,0x30,0x9e,0xff,0xff,0xff,0xff,0xff,0xff,0x51,0xa6,0x69,0x6d,0x8a,0x7d,0x8a,0x75,0x8a,0x75,
    0x8a,0x75,0x8a,0x75,0x8a,0x7d,0xab,0x7d,0x69,0x6d,0x71,0xa6,0xff,0xff,0xff,0xff,0xff,0xff,0xf6,0xc6,0xff,0xff,0xff,0xff,0xf6,0xc6,0xff,0xff,0xff,0xff,0xff,0xff,0x71,0xa6,0x69,0x6d,0xab,0x7d,0x8a,0x7d,0x8a,0x75,0x8a,0x75,
    0x8a,0x75,0x8a,0x75,0x69,0x75,0x69,0x75,0x89,0x75,0x48,0x65,0x30,0x9e,0xde,0xf7,0xff,0xff,0xff,0xff,0xff,0xff,0xff,0xff,0xff,0xff,0xff,0xff,0xde,0xf7,0x30,0x9e,0x48,0x65,0x89,0x75,0x69,0x75,0x69,0x75,0x8a,0x75,0x8a,0x75,
    0x8a,0x75,0xab,0x7d,0x2f,0x96,0x2f,0x96,0x2f,0x96,0x2f,0x9e,0xee,0x8d,0xf6,0xc6,0xff,0xff,0xff,0xff,0xff,0xff,0xff,0xff,0xff,0xff,0xff,0xff,0xf6,0xc6,0xee,0x8d,0x2f,0x9e,0x2f,0x96,0x2f,0x96,0x2f,0x96,0xab,0x7d,0x8a,0x75,
    0x69,0x75,0x38,0xd7,0xff,0xff,0xff,0xff,0xff,0xff,0xff,0xff,0xff,0xff,0xff,0xff,0xff,0xff,0xff,0xff,0xff,0xff,0xff,0xff,0xff,0xff,0xff,0xff,0xff,0xff,0xff,0xff,0xff,0xff,0xff,0xff,0xff,0xff,0xff,0xff,0x38,0xd7,0x69,0x75,
    0x69,0x75,0x38,0xd7,0xff,0xff,0xff,0xff,0xff,0xff,0xff,0xff,0xff,0xff,0xff,0xff,0xff,0xff,0xff,0xff,0xff,0xff,0xff,0xff,0xff,0xff,0xff,0xff,0xff,0xff,0xff,0xff,0xff,0xff,0xff,0xff,0xff,0xff,0xff,0xff,0x38,0xd7,0x69,0x75,
    0x8a,0x75,0xab,0x7d,0x2f,0x96,0x2f,0x96,0x2f,0x96,0x2f,0x9e,0xee,0x8d,0xf6,0xc6,0xff,0xff,0xff,0xff,0xff,0xff,0xff,0xff,0xff,0xff,0xff,0xff,0xf6,0xc6,0xee,0x8d,0x2f,0x9e,0x2f,0x96,0x2f,0x96,0x2f,0x96,0xab,0x7d,0x8a,0x75,
    0x8a,0x75,0x8a,0x75,0x69,0x75,0x69,0x75,0x89,0x75,0x48,0x65,0x30,0x9e,0xde,0xf7,0xff,0xff,0xff,0xff,0xff,0xff,0xff,0xff,0xff,0xff,0xff,0xff,0xde,0xf7,0x30,0x9e,0x48,0x65,0x89,0x75,0x69,0x75,0x69,0x75,0x8a,0x75,0x8a,0x75,
    0x8a,0x75,0x8a,0x75,0x8a,0x7d,0xab,0x7d,0x69,0x6d,0x71,0xa6,0xff,0xff,0xff,0xff,0xff,0xff,0xf6,0xc6,0xff,0xff,0xff,0xff,0xf6,0xc6,0xff,0xff,0xff,0xff,0xff,0xff,0x71,0xa6,0x69,0x6d,0xab,0x7d,0x8a,0x7d,0x8a,0x75,0x8a,0x75,
    0x8a,0x75,0x8a,0x75,0x8a,0x7d,0x69,0x6d,0x51,0xa6,0xff,0xff,0xff,0xff,0xff,0xff,0x30,0x9e,0xee,0x8d,0xff,0xff,0xff,0xff,0xee,0x8d,0x30,0x9e,0xff,0xff,0xff,0xff,0xff,0xff,0x51,0xa6,0x69,0x6d,0x8a,0x7d,0x8a,0x75,0x8a,0x75,
    0x8a,0x75,0x8a,0x7d,0x69,0x75,0x50,0x9e,0xff,0xff,0xff,0xff,0xff,0xff,0x71,0xa6,0x48,0x65,0x2f,0x9e,0xff,0xff,0xff,0xff,0x2f,0x9e,0x48,0x65,0x71,0xa6,0xff,0xff,0xff,0xff,0xff,0xff,0x50,0x9e,0x69,0x75,0x8a,0x7d,0x8a,0x75,
    0x8a,0x75,0x8b,0x7d,0x69,0x6d,0xf6,0xc6,0xff,0xff,0xff,0xff,0x51,0xa6,0x69,0x6d,0x6a,0x75,0x2f,0x96,0xff,0xff,0xff,0xff,0x2f,0x96,0x6a,0x75,0x69,0x6d,0x51,0xa6,0xff,0xff,0xff,0xff,0xf6,0xc6,0x69,0x6d,0x8b,0x7d,0x8a,0x75,
    0x8a,0x75,0x8a,0x75,0x8a,0x75,0xcc,0x85,0xd5,0xbe,0x50,0x9e,0x69,0x6d,0xab,0x7d,0x69,0x75,0x2f,0x96,0xff,0xff,0xff,0xff,0x2f,0x96,0x69,0x75,0xab,0x7d,0x69,0x6d,0x50,0x9e,0xd5,0xbe,0xcc,0x85,0x8a,0x75,0x8a,0x75,0x8a,0x75,
    0xaa,0x7d,0x8a,0x75,0x8a,0x7d,0x8a,0x75,0x69,0x6d,0x69,0x75,0x8a,0x7d,0x8a,0x7d,0x69,0x75,0x2f,0x96,0xff,0xff,0xff,0xff,0x2f,0x96,0x69,0x75,0x8a,0x7d,0x8a,0x7d,0x69,0x75,0x69,0x6d,0x8a,0x75,0x8a,0x7d,0x8a,0x75,0xaa,0x7d,
    0x8a,0x75,0xcb,0x7d,0x8a,0x75,0x8a,0x7d,0x8b,0x7d,0x8a,0x7d,0x8a,0x75,0x8a,0x75,0x8a,0x75,0xab,0x7d,0x38,0xd7,0x38,0xd7,0xab,0x7d,0x8a,0x75,0x8a,0x75,0x8a,0x75,0x8a,0x7d,0x8b,0x7d,0x8a,0x7d,0x8a,0x75,0xcb,0x7d,0x8a,0x75,
    0x8a,0x75,0xaa,0x7d,0xaa,0x7d,0x8a,0x75,0x8a,0x75,0x8a,0x75,0x8a,0x75,0x8a,0x75,0x8a,0x75,0x8a,0x75,0x69,0x75,0x69,0x75,0x8a,0x75,0x8a,0x75,0x8a,0x75,0x8a,0x75,0x8a,0x75,0x8a,0x75,0x8a,0x75,0xaa,0x7d,0xaa,0x7d,0x8a,0x75,
    0x3c,0xd9,0xfe,0xfe,0xff,0xff,0xff,0xff,0xff,0xff,0xff,0xff,0xff,0xff,0xff,0xff,0xff,0xff,0xfe,0xfe,0xd9,0x3c,0xde,0xff,0xfd,0xff,0xff,0xff,0xff,0xff,0xff,0xff,0xff,0xff,0xff,0xff,0xff,0xff,0xff,0xff,0xff,0xfd,0xff,0xde,
    0xff,0xfe,0xff,0xff,0xff,0xff,0xff,0xff,0xff,0xff,0xff,0xff,0xff,0xff,0xff,0xff,0xff,0xff,0xff,0xff,0xfe,0xff,0xfe,0xff,0xff,0xff,0xff,0xff,0xff,0xff,0xff,0xff,0xff,0xff,0xff,0xff,0xff,0xff,0xff,0xff,0xff,0xff,0xff,0xfe,
    0xff,0xff,0xff,0xff,0xff,0xff,0xff,0xff,0xff,0xff,0xff,0xff,0xff,0xff,0xff,0xff,0xff,0xff,0xff,0xff,0xff,0xff,0xff,0xff,0xff,0xff,0xff,0xff,0xff,0xff,0xff,0xff,0xff,0xff,0xff,0xff,0xff,0xff,0xff,0xff,0xff,0xff,0xff,0xff,
    0xff,0xff,0xff,0xff,0xff,0xff,0xff,0xff,0xff,0xff,0xff,0xff,0xff,0xff,0xff,0xff,0xff,0xff,0xff,0xff,0xff,0xff,0xff,0xff,0xff,0xff,0xff,0xff,0xff,0xff,0xff,0xff,0xff,0xff,0xff,0xff,0xff,0xff,0xff,0xff,0xff,0xff,0xff,0xff,
    0xff,0xff,0xff,0xff,0xff,0xff,0xff,0xff,0xff,0xff,0xff,0xff,0xff,0xff,0xff,0xff,0xff,0xff,0xff,0xff,0xff,0xff,0xff,0xff,0xff,0xff,0xff,0xff,0xff,0xff,0xff,0xff,0xff,0xff,0xff,0xff,0xff,0xff,0xff,0xff,0xff,0xff,0xff,0xff,
    0xff,0xff,0xff,0xff,0xff,0xff,0xff,0xff,0xff,0xff,0xff,0xff,0xff,0xff,0xff,0xff,0xff,0xff,0xff,0xff,0xff,0xff,0xff,0xff,0xff,0xff,0xff,0xff,0xff,0xff,0xff,0xff,0xff,0xff,0xff,0xff,0xff,0xff,0xff,0xff,0xff,0xff,0xff,0xff,
    0xff,0xff,0xff,0xff,0xff,0xff,0xff,0xff,0xff,0xff,0xff,0xff,0xff,0xff,0xff,0xff,0xff,0xff,0xff,0xff,0xff,0xff,0xff,0xff,0xff,0xff,0xff,0xff,0xff,0xff,0xff,0xff,0xff,0xff,0xff,0xff,0xff,0xff,0xff,0xff,0xff,0xff,0xff,0xff,
    0xff,0xff,0xff,0xff,0xff,0xff,0xff,0xff,0xff,0xff,0xff,0xff,0xff,0xff,0xff,0xff,0xff,0xff,0xff,0xff,0xff,0xff,0xff,0xff,0xff,0xff,0xff,0xff,0xff,0xff,0xff,0xff,0xff,0xff,0xff,0xff,0xff,0xff,0xff,0xff,0xff,0xff,0xff,0xff,
    0xff,0xff,0xff,0xff,0xff,0xff,0xff,0xff,0xff,0xff,0xff,0xff,0xff,0xff,0xff,0xff,0xff,0xff,0xff,0xff,0xff,0xff,0xff,0xff,0xff,0xff,0xff,0xff,0xff,0xff,0xff,0xff,0xff,0xff,0xff,0xff,0xff,0xff,0xff,0xff,0xff,0xff,0xff,0xff,
    0xfe,0xff,0xff,0xff,0xff,0xff,0xff,0xff,0xff,0xff,0xff,0xff,0xff,0xff,0xff,0xff,0xff,0xff,0xff,0xff,0xff,0xfe,0xff,0xfe,0xff,0xff,0xff,0xff,0xff,0xff,0xff,0xff,0xff,0xff,0xff,0xff,0xff,0xff,0xff,0xff,0xff,0xff,0xfe,0xff,
    0xde,0xff,0xfd,0xff,0xff,0xff,0xff,0xff,0xff,0xff,0xff,0xff,0xff,0xff,0xff,0xff,0xff,0xff,0xff,0xfd,0xff,0xde,0x3c,0xd9,0xfe,0xfe,0xff,0xff,0xff,0xff,0xff,0xff,0xff,0xff,0xff,0xff,0xff,0xff,0xff,0xff,0xfe,0xfe,0xd9,0x3c,

};

const lv_image_dsc_t emoji_eight_spoked_asterisk_22 = {
  .header.magic = LV_IMAGE_HEADER_MAGIC,
  .header.cf = LV_COLOR_FORMAT_RGB565A8,
  .header.flags = 0,
  .header.w = 22,
  .header.h = 22,
  .header.stride = 44,
  .data_size = sizeof(emoji_eight_spoked_asterisk_22_map),
  .data = emoji_eight_spoked_asterisk_22_map,
};




#ifndef LV_ATTRIBUTE_MEM_ALIGN
#define LV_ATTRIBUTE_MEM_ALIGN
#endif

#ifndef LV_ATTRIBUTE_EMOJI_SIGNAL_STRENGTH_22
#define LV_ATTRIBUTE_EMOJI_SIGNAL_STRENGTH_22
#endif

static const
LV_ATTRIBUTE_MEM_ALIGN LV_ATTRIBUTE_LARGE_CONST LV_ATTRIBUTE_EMOJI_SIGNAL_STRENGTH_22
uint8_t emoji_signal_strength_22_map[] = {

    0x58,0x3c,0x59,0x3c,0x58,0x3c,0x38,0x3c,0x58,0x3c,0x58,0x3c,0x58,0x3c,0x58,0x3c,0x58,0x3c,0x58,0x3c,0x58,0x3c,0x58,0x3c,0x58,0x3c,0x58,0x3c,0x58,0x3c,0x58,0x3c,0x58,0x3c,0x58,0x3c,0x58,0x3c,0x58,0x3c,0x58,0x3c,0x58,0x3c,
    0x38,0x3c,0x79,0x3c,0x38,0x3c,0x58,0x3c,0x58,0x3c,0x58,0x3c,0x58,0x3c,0x58,0x3c,0x58,0x3c,0x58,0x3c,0x58,0x3c,0x58,0x3c,0x58,0x3c,0x58,0x3c,0x58,0x3c,0x58,0x3c,0x58,0x3c,0x58,0x3c,0x58,0x3c,0x38,0x3c,0x79,0x3c,0x38,0x3c,
    0x58,0x3c,0x38,0x3c,0x58,0x3c,0x58,0x3c,0x58,0x3c,0x58,0x3c,0x58,0x3c,0x58,0x3c,0x58,0x3c,0x58,0x3c,0x58,0x3c,0x58,0x3c,0x58,0x3c,0x58,0x3c,0x58,0x3c,0x58,0x3c,0x58,0x3c,0x58,0x3c,0x58,0x3c,0x58,0x3c,0x38,0x3c,0x58,0x3c,
    0x38,0x3c,0x58,0x3c,0x58,0x3c,0x58,0x3c,0x58,0x3c,0x58,0x3c,0x58,0x3c,0x58,0x3c,0x58,0x3c,0x58,0x3c,0x58,0x3c,0x58,0x3c,0x58,0x3c,0x58,0x3c,0x58,0x3c,0x58,0x3c,0x58,0x3c,0x38,0x34,0x38,0x34,0x38,0x34,0x58,0x3c,0x38,0x3c,
    0x58,0x3c,0x58,0x3c,0x58,0x3c,0x58,0x3c,0x58,0x3c,0x58,0x3c,0x58,0x3c,0x58,0x3c,0x58,0x3c,0x58,0x3c,0x58,0x3c,0x58,0x3c,0x58,0x3c,0x58,0x3c,0x58,0x3c,0x58,0x3c,0x58,0x3c,0xb9,0x54,0xd9,0x54,0x99,0x4c,0x38,0x3c,0x58,0x3c,
    0x58,0x3c,0x58,0x3c,0x58,0x3c,0x58,0x3c,0x58,0x3c,0x58,0x3c,0x58,0x3c,0x58,0x3c,0x58,0x3c,0x58,0x3c,0x58,0x3c,0x58,0x3c,0x58,0x3c,0x58,0x3c,0x58,0x3c,0x58,0x3c,0x58,0x3c,0x7e,0xdf,0xff,0xff,0x5c,0xa6,0xf7,0x2b,0x58,0x3c,
    0x58,0x3c,0x58,0x3c,0x58,0x3c,0x58,0x3c,0x58,0x3c,0x58,0x3c,0x58,0x3c,0x58,0x3c,0x58,0x3c,0x58,0x3c,0x58,0x3c,0x58,0x3c,0x58,0x3c,0x38,0x34,0x17,0x2c,0x18,0x2c,0x58,0x3c,0x7e,0xe7,0xff,0xff,0x5c,0xa6,0xf7,0x2b,0x58,0x3c,
    0x58,0x3c,0x58,0x3c,0x58,0x3c,0x58,0x3c,0x58,0x3c,0x58,0x3c,0x58,0x3c,0x58,0x3c,0x58,0x3c,0x58,0x3c,0x58,0x3c,0x58,0x3c,0x18,0x34,0x9b,0x85,0xbd,0xbe,0x5c,0xae,0x58,0x3c,0x7e,0xe7,0xff,0xff,0x5c,0xa6,0xf7,0x2b,0x58,0x3c,
    0x58,0x3c,0x58,0x3c,0x58,0x3c,0x58,0x3c,0x58,0x3c,0x58,0x3c,0x58,0x3c,0x58,0x3c,0x58,0x3c,0x38,0x3c,0x18,0x34,0x38,0x34,0xf7,0x2b,0x7c,0xae,0xff,0xff,0x9f,0xef,0x58,0x3c,0x7e,0xe7,0xff,0xff,0x5c,0xa6,0xf7,0x2b,0x58,0x3c,
    0x58,0x3c,0x58,0x3c,0x58,0x3c,0x58,0x3c,0x58,0x3c,0x58,0x3c,0x58,0x3c,0x58,0x3c,0x38,0x3c,0x78,0x44,0x1a,0x6d,0x3a,0x6d,0x38,0x34,0x3c,0xa6,0xff,0xff,0x5e,0xdf,0x58,0x3c,0x7e,0xe7,0xff,0xff,0x5c,0xa6,0xf7,0x2b,0x58,0x3c,
    0x58,0x3c,0x58,0x3c,0x58,0x3c,0x58,0x3c,0x58,0x3c,0x58,0x3c,0x58,0x3c,0x58,0x3c,0x18,0x34,0x3a,0x6d,0xff,0xff,0xff,0xff,0xd9,0x5c,0x1c,0x9e,0xff,0xff,0x7e,0xe7,0x58,0x3c,0x7e,0xe7,0xff,0xff,0x5c,0xa6,0xf7,0x2b,0x58,0x3c,
    0x58,0x3c,0x58,0x3c,0x58,0x3c,0x58,0x3c,0x58,0x3c,0x58,0x3c,0x38,0x34,0x38,0x34,0x17,0x2c,0x1a,0x6d,0xff,0xff,0xff,0xff,0xd9,0x5c,0x1c,0x9e,0xff,0xff,0x7e,0xe7,0x58,0x3c,0x7e,0xe7,0xff,0xff,0x5c,0xa6,0xf7,0x2b,0x58,0x3c,
    0x58,0x3c,0x58,0x3c,0x58,0x3c,0x58,0x3c,0x58,0x3c,0x58,0x3c,0xbd,0xbe,0x3e,0xd7,0xbb,0x85,0xf9,0x5c,0xff,0xff,0xff,0xff,0xd9,0x5c,0x1c,0x9e,0xff,0xff,0x7e,0xe7,0x58,0x3c,0x7e,0xe7,0xff,0xff,0x5c,0xa6,0xf7,0x2b,0x58,0x3c,
    0x58,0x3c,0x58,0x3c,0x38,0x34,0x17,0x2c,0x18,0x2c,0x58,0x3c,0x9f,0xef,0xff,0xff,0x3c,0xa6,0xd9,0x5c,0xff,0xff,0xff,0xff,0xd9,0x5c,0x1c,0x9e,0xff,0xff,0x7e,0xe7,0x58,0x3c,0x7e,0xe7,0xff,0xff,0x5c,0xa6,0xf7,0x2b,0x58,0x3c,
    0x58,0x3c,0x38,0x34,0xf9,0x5c,0x7a,0x7d,0x5a,0x75,0x58,0x3c,0x5e,0xdf,0xff,0xff,0x1c,0x9e,0xd9,0x5c,0xff,0xff,0xff,0xff,0xd9,0x5c,0x1c,0x9e,0xff,0xff,0x7e,0xe7,0x58,0x3c,0x7e,0xe7,0xff,0xff,0x5c,0xa6,0xf7,0x2b,0x58,0x3c,
    0x58,0x3c,0xf7,0x2b,0x7c,0xae,0xff,0xff,0x9f,0xef,0x58,0x3c,0x7e,0xe7,0xff,0xff,0x1c,0x9e,0xd9,0x5c,0xff,0xff,0xff,0xff,0xd9,0x5c,0x1c,0x9e,0xff,0xff,0x7e,0xe7,0x58,0x3c,0x7e,0xe7,0xff,0xff,0x5c,0xa6,0xf7,0x2b,0x58,0x3c,
    0x58,0x3c,0xf7,0x2b,0x5c,0xa6,0xff,0xff,0x5e,0xdf,0x58,0x3c,0x7e,0xdf,0xff,0xff,0x1c,0x9e,0xd9,0x5c,0xff,0xff,0xff,0xff,0xd9,0x5c,0x1c,0x9e,0xff,0xff,0x7e,0xdf,0x58,0x3c,0x7e,0xdf,0xff,0xff,0x5c,0xa6,0xf7,0x2b,0x58,0x3c,
    0x58,0x3c,0x38,0x3c,0x99,0x4c,0xd9,0x54,0xb9,0x54,0x58,0x3c,0xb9,0x54,0xd9,0x54,0x98,0x4c,0x58,0x3c,0xd9,0x54,0xd9,0x54,0x58,0x3c,0x98,0x4c,0xd9,0x54,0xb9,0x54,0x58,0x3c,0xb9,0x54,0xd9,0x54,0x99,0x4c,0x38,0x3c,0x58,0x3c,
    0x38,0x3c,0x58,0x3c,0x38,0x34,0x38,0x34,0x38,0x34,0x58,0x3c,0x38,0x34,0x38,0x34,0x38,0x3c,0x38,0x3c,0x38,0x34,0x38,0x34,0x38,0x3c,0x38,0x3c,0x38,0x34,0x38,0x34,0x58,0x3c,0x38,0x34,0x38,0x34,0x38,0x34,0x58,0x3c,0x38,0x3c,
    0x58,0x3c,0x38,0x3c,0x58,0x3c,0x58,0x3c,0x58,0x3c,0x58,0x3c,0x58,0x3c,0x58,0x3c,0x58,0x3c,0x58,0x3c,0x58,0x3c,0x58,0x3c,0x58,0x3c,0x58,0x3c,0x58,0x3c,0x58,0x3c,0x58,0x3c,0x58,0x3c,0x58,0x3c,0x58,0x3c,0x38,0x3c,0x58,0x3c,
    0x38,0x3c,0x79,0x3c,0x38,0x3c,0x58,0x3c,0x58,0x3c,0x58,0x3c,0x58,0x3c,0x58,0x3c,0x58,0x3c,0x58,0x3c,0x58,0x3c,0x58,0x3c,0x58,0x3c,0x58,0x3c,0x58,0x3c,0x58,0x3c,0x58,0x3c,0x58,0x3c,0x58,0x3c,0x58,0x3c,0x79,0x3c,0x38,0x3c,
    0x58,0x3c,0x59,0x3c,0x58,0x3c,0x38,0x3c,0x58,0x3c,0x58,0x3c,0x58,0x3c,0x58,0x3c,0x58,0x3c,0x58,0x3c,0x58,0x3c,0x58,0x3c,0x58,0x3c,0x58,0x3c,0x58,0x3c,0x58,0x3c,0x58,0x3c,0x58,0x3c,0x38,0x3c,0x58,0x3c,0x58,0x3c,0x38,0x3c,
    0x49,0xdb,0xfe,0xfe,0xff,0xff,0xff,0xff,0xff,0xff,0xff,0xff,0xff,0xff,0xff,0xff,0xff,0xff,0xfe,0xfe,0xdc,0x49,0xe8,0xff,0xfe,0xff,0xff,0xff,0xff,0xff,0xff,0xff,0xff,0xff,0xff,0xff,0xff,0xff,0xff,0xff,0xff,0xfe,0xff,0xe8,
    0xff,0xfe,0xff,0xff,0xff,0xff,0xff,0xff,0xff,0xff,0xff,0xff,0xff,0xff,0xff,0xff,0xff,0xff,0xff,0xff,0xfe,0xff,0xfe,0xff,0xff,0xff,0xff,0xff,0xff,0xff,0xff,0xff,0xff,0xff,0xff,0xff,0xff,0xff,0xff,0xff,0xff,0xff,0xff,0xfe,
    0xff,0xff,0xff,0xff,0xff,0xff,0xff,0xff,0xff,0xff,0xff,0xff,0xff,0xff,0xff,0xff,0xff,0xff,0xff,0xff,0xff,0xff,0xff,0xff,0xff,0xff,0xff,0xff,0xff,0xff,0xff,0xff,0xff,0xff,0xff,0xff,0xff,0xff,0xff,0xff,0xff,0xff,0xff,0xff,
    0xff,0xff,0xff,0xff,0xff,0xff,0xff,0xff,0xff,0xff,0xff,0xff,0xff,0xff,0xff,0xff,0xff,0xff,0xff,0xff,0xff,0xff,0xff,0xff,0xff,0xff,0xff,0xff,0xff,0xff,0xff,0xff,0xff,0xff,0xff,0xff,0xff,0xff,0xff,0xff,0xff,0xff,0xff,0xff,
    0xff,0xff,0xff,0xff,0xff,0xff,0xff,0xff,0xff,0xff,0xff,0xff,0xff,0xff,0xff,0xff,0xff,0xff,0xff,0xff,0xff,0xff,0xff,0xff,0xff,0xff,0xff,0xff,0xff,0xff,0xff,0xff,0xff,0xff,0xff,0xff,0xff,0xff,0xff,0xff,0xff,0xff,0xff,0xff,
    0xff,0xff,0xff,0xff,0xff,0xff,0xff,0xff,0xff,0xff,0xff,0xff,0xff,0xff,0xff,0xff,0xff,0xff,0xff,0xff,0xff,0xff,0xff,0xff,0xff,0xff,0xff,0xff,0xff,0xff,0xff,0xff,0xff,0xff,0xff,0xff,0xff,0xff,0xff,0xff,0xff,0xff,0xff,0xff,
    0xff,0xff,0xff,0xff,0xff,0xff,0xff,0xff,0xff,0xff,0xff,0xff,0xff,0xff,0xff,0xff,0xff,0xff,0xff,0xff,0xff,0xff,0xff,0xff,0xff,0xff,0xff,0xff,0xff,0xff,0xff,0xff,0xff,0xff,0xff,0xff,0xff,0xff,0xff,0xff,0xff,0xff,0xff,0xff,
    0xff,0xff,0xff,0xff,0xff,0xff,0xff,0xff,0xff,0xff,0xff,0xff,0xff,0xff,0xff,0xff,0xff,0xff,0xff,0xff,0xff,0xff,0xff,0xff,0xff,0xff,0xff,0xff,0xff,0xff,0xff,0xff,0xff,0xff,0xff,0xff,0xff,0xff,0xff,0xff,0xff,0xff,0xff,0xff,
    0xff,0xff,0xff,0xff,0xff,0xff,0xff,0xff,0xff,0xff,0xff,0xff,0xff,0xff,0xff,0xff,0xff,0xff,0xff,0xff,0xff,0xff,0xff,0xff,0xff,0xff,0xff,0xff,0xff,0xff,0xff,0xff,0xff,0xff,0xff,0xff,0xff,0xff,0xff,0xff,0xff,0xff,0xff,0xff,
    0xfe,0xff,0xff,0xff,0xff,0xff,0xff,0xff,0xff,0xff,0xff,0xff,0xff,0xff,0xff,0xff,0xff,0xff,0xff,0xff,0xff,0xfe,0xff,0xfe,0xff,0xff,0xff,0xff,0xff,0xff,0xff,0xff,0xff,0xff,0xff,0xff,0xff,0xff,0xff,0xff,0xff,0xff,0xfe,0xff,
    0xe8,0xff,0xfe,0xff,0xff,0xff,0xff,0xff,0xff,0xff,0xff,0xff,0xff,0xff,0xff,0xff,0xff,0xff,0xff,0xfd,0xff,0xe0,0x49,0xdb,0xfe,0xfe,0xff,0xff,0xff,0xff,0xff,0xff,0xff,0xff,0xff,0xff,0xff,0xff,0xff,0xff,0xfe,0xfe,0xe2,0x48,

};

const lv_image_dsc_t emoji_signal_strength_22 = {
  .header.magic = LV_IMAGE_HEADER_MAGIC,
  .header.cf = LV_COLOR_FORMAT_RGB565A8,
  .header.flags = 0,
  .header.w = 22,
  .header.h = 22,
  .header.stride = 44,
  .data_size = sizeof(emoji_signal_strength_22_map),
  .data = emoji_signal_strength_22_map,
};




#ifndef LV_ATTRIBUTE_MEM_ALIGN
#define LV_ATTRIBUTE_MEM_ALIGN
#endif

#ifndef LV_ATTRIBUTE_EMOJI_BEER_22
#define LV_ATTRIBUTE_EMOJI_BEER_22
#endif

static const
LV_ATTRIBUTE_MEM_ALIGN LV_ATTRIBUTE_LARGE_CONST LV_ATTRIBUTE_EMOJI_BEER_22
uint8_t emoji_beer_22_map[] = {

    0x9e,0xf7,0x7d,0xef,0xbe,0xf7,0x7d,0xef,0x7d,0xef,0x7d,0xef,0x7d,0xef,0x7d,0xef,0x7d,0xef,0x7d,0xef,0x7d,0xef,0x7d,0xef,0x7d,0xef,0x7d,0xef,0x9e,0xf7,0x9e,0xf7,0x7d,0xef,0xff,0xff,0xff,0xff,0x00,0x00,0x00,0x00,0x00,0x00,
    0x7d,0xef,0xff,0xff,0x7d,0xef,0x7d,0xef,0x7d,0xef,0x7d,0xef,0x7d,0xef,0x7d,0xef,0x7d,0xef,0x7d,0xef,0x7d,0xef,0x7d,0xef,0x7d,0xef,0x7d,0xef,0x7d,0xef,0xff,0xff,0x7d,0xef,0xe0,0xfb,0xf3,0xfd,0xe7,0xfd,0xe0,0xff,0x00,0x00,
    0x7d,0xef,0xdf,0xff,0x7d,0xef,0x7d,0xef,0x7d,0xef,0x7d,0xef,0x7d,0xef,0x7d,0xef,0x7d,0xef,0x7d,0xef,0x7d,0xef,0x7d,0xef,0x7d,0xef,0x7d,0xef,0x7d,0xef,0xff,0xff,0x9f,0xef,0x00,0x00,0x00,0x00,0x00,0x00,0x00,0x00,0xe0,0xff,
    0x7d,0xef,0xdf,0xff,0x7d,0xef,0x7d,0xef,0x7d,0xef,0x7d,0xef,0x7d,0xef,0x7d,0xef,0x7d,0xef,0x7d,0xef,0x7d,0xef,0x7d,0xef,0x7d,0xef,0x7d,0xef,0x5d,0xef,0xdf,0xf7,0xd6,0xf6,0x24,0xfd,0x66,0xfd,0x86,0xfd,0x06,0xfd,0x00,0x00,
    0x7d,0xef,0xff,0xff,0x5d,0xef,0x7d,0xef,0x7d,0xef,0x9f,0xef,0x9f,0xef,0x9e,0xef,0x7e,0xef,0x7d,0xef,0x9f,0xef,0x9e,0xef,0x7d,0xef,0x9e,0xef,0xbf,0xef,0x9f,0xef,0x4e,0xfe,0xc5,0xfd,0xa7,0xfd,0xe7,0xfd,0x66,0xfd,0x66,0xfd,
    0x7d,0xef,0x9e,0xef,0xbf,0xf7,0x9f,0xef,0x7d,0xef,0x72,0xf6,0x0f,0xfe,0x71,0xf6,0x7d,0xef,0x9e,0xef,0xd6,0xf6,0xd6,0xf6,0x9e,0xef,0xf7,0xf6,0x51,0xf6,0x0d,0xfe,0x45,0xfd,0x66,0xfd,0x66,0xfd,0x46,0xfd,0xa6,0xfd,0x46,0xfd,
    0x00,0x00,0xb6,0xee,0x16,0xff,0xd7,0xf6,0xed,0xfd,0x65,0xfd,0xa6,0xfd,0x86,0xfd,0x88,0xfd,0x89,0xfd,0x66,0xfd,0x86,0xfd,0x89,0xfd,0x86,0xfd,0x85,0xfd,0x27,0xfe,0x28,0xfe,0x06,0xfd,0x66,0xfd,0x66,0xfd,0xa6,0xfd,0x66,0xfd,
    0xff,0xff,0x41,0xfd,0x85,0xfd,0x45,0xfd,0xc7,0xfd,0x8a,0xfe,0x6a,0xfe,0x69,0xfe,0x28,0xfe,0x08,0xfe,0x49,0xfe,0x49,0xfe,0x07,0xfe,0x69,0xfe,0x6a,0xfe,0xea,0xfe,0x69,0xfe,0x00,0x00,0x86,0xfd,0x46,0xfd,0xa6,0xfd,0x66,0xfd,
    0x00,0x00,0x6a,0xfe,0x8a,0xfe,0x6a,0xfe,0x28,0xfe,0xc7,0xfd,0x69,0xfe,0x69,0xfe,0x08,0xfe,0xc7,0xfd,0x69,0xfe,0x6a,0xfe,0x08,0xfe,0xc7,0xfd,0x69,0xfe,0xca,0xfe,0x49,0xfe,0xe0,0xff,0x65,0xfd,0x66,0xfd,0xa6,0xfd,0x66,0xfd,
    0x00,0x00,0x69,0xfe,0x89,0xfe,0x8a,0xfe,0x65,0xfd,0xa2,0xf4,0x69,0xfe,0x8a,0xfe,0x65,0xfd,0xa2,0xf4,0x6a,0xfe,0x8a,0xfe,0x45,0xfd,0xc2,0xf4,0x6a,0xfe,0xca,0xfe,0x49,0xfe,0x00,0x00,0x86,0xfd,0x66,0xfd,0xa6,0xfd,0x66,0xfd,
    0x00,0x00,0x69,0xfe,0x89,0xfe,0x8a,0xfe,0x85,0xfd,0xc2,0xf4,0x69,0xfe,0x8a,0xfe,0x65,0xfd,0xc2,0xf4,0x6a,0xfe,0x8a,0xfe,0x65,0xfd,0xe3,0xf4,0x6a,0xfe,0xca,0xfe,0x49,0xfe,0x00,0x00,0x86,0xfd,0x66,0xfd,0xa6,0xfd,0x66,0xfd,
    0x00,0x00,0x69,0xfe,0x89,0xfe,0x8a,0xfe,0x85,0xfd,0xc2,0xf4,0x69,0xfe,0x8a,0xfe,0x65,0xfd,0xc2,0xf4,0x6a,0xfe,0x8a,0xfe,0x65,0xfd,0xc3,0xf4,0x6a,0xfe,0xca,0xfe,0x49,0xfe,0x00,0x00,0x86,0xfd,0x66,0xfd,0xa6,0xfd,0x66,0xfd,
    0x00,0x00,0x69,0xfe,0x89,0xfe,0x8a,0xfe,0x85,0xfd,0xc2,0xf4,0x69,0xfe,0x8a,0xfe,0x65,0xfd,0xc2,0xf4,0x6a,0xfe,0x8a,0xfe,0x65,0xfd,0xc3,0xf4,0x6a,0xfe,0xca,0xfe,0x49,0xfe,0x00,0x00,0x86,0xfd,0x66,0xfd,0xa6,0xfd,0x66,0xfd,
    0x00,0x00,0x69,0xfe,0x89,0xfe,0x8a,0xfe,0x85,0xfd,0xc2,0xf4,0x69,0xfe,0x8a,0xfe,0x65,0xfd,0xc2,0xf4,0x6a,0xfe,0x8a,0xfe,0x65,0xfd,0xc3,0xf4,0x6a,0xfe,0xca,0xfe,0x49,0xfe,0xe7,0xfb,0x66,0xfd,0x66,0xfd,0xa6,0xfd,0x66,0xfd,
    0x00,0x00,0x69,0xfe,0x89,0xfe,0x8a,0xfe,0x85,0xfd,0xc2,0xf4,0x69,0xfe,0x8a,0xfe,0x65,0xfd,0xc2,0xf4,0x6a,0xfe,0x8a,0xfe,0x65,0xfd,0xc3,0xf4,0x6a,0xfe,0xea,0xfe,0x69,0xfe,0x00,0x00,0xa7,0xfd,0x66,0xfd,0xa6,0xfd,0x46,0xfd,
    0x00,0x00,0x69,0xfe,0x89,0xfe,0x8a,0xfe,0x85,0xfd,0xc2,0xf4,0x69,0xfe,0x8a,0xfe,0x65,0xfd,0xc2,0xf4,0x6a,0xfe,0x8a,0xfe,0x65,0xfd,0xc3,0xf4,0x6a,0xfe,0xaa,0xfe,0x28,0xfe,0x46,0xfd,0x66,0xfd,0x66,0xfd,0xa6,0xfd,0x46,0xfd,
    0x00,0x00,0x69,0xfe,0x89,0xfe,0x8a,0xfe,0x85,0xfd,0xc2,0xf4,0x69,0xfe,0x8a,0xfe,0x65,0xfd,0xc2,0xf4,0x6a,0xfe,0x8a,0xfe,0x65,0xfd,0xc3,0xf4,0x6a,0xfe,0x69,0xfe,0x08,0xfe,0x86,0xfd,0xa6,0xfd,0x66,0xfd,0xa6,0xfd,0x66,0xfd,
    0x00,0x00,0x69,0xfe,0x89,0xfe,0x8a,0xfe,0x85,0xfd,0xc2,0xf4,0x69,0xfe,0x8a,0xfe,0x65,0xfd,0xc2,0xf4,0x6a,0xfe,0x8a,0xfe,0x65,0xfd,0xe3,0xf4,0x6a,0xfe,0x69,0xfe,0xe8,0xfd,0x46,0xfd,0x46,0xfd,0x86,0xfd,0x46,0xfd,0xe7,0xfd,
    0x00,0x00,0x89,0xfe,0x69,0xfe,0x8a,0xfe,0x65,0xfd,0xa2,0xf4,0x69,0xfe,0x8a,0xfe,0x65,0xfd,0xa2,0xf4,0x6a,0xfe,0x8a,0xfe,0x45,0xfd,0xc2,0xf4,0x6a,0xfe,0xca,0xfe,0x29,0xfe,0x45,0xfd,0x66,0xfd,0x26,0xfd,0x00,0x00,0x00,0x00,
    0x00,0x00,0x49,0xfe,0x89,0xfe,0x69,0xfe,0xe7,0xfd,0x86,0xfd,0x69,0xfe,0x69,0xfe,0xe7,0xfd,0x86,0xfd,0x69,0xfe,0x69,0xfe,0xe7,0xfd,0xa6,0xfd,0x69,0xfe,0xea,0xfe,0x69,0xfe,0x00,0x00,0x00,0x00,0x00,0x00,0xe0,0xff,0x00,0x00,
    0x00,0xf8,0x29,0xfe,0x69,0xfe,0x8a,0xfe,0x69,0xfe,0x8a,0xfe,0x69,0xfe,0x69,0xfe,0x69,0xfe,0x8a,0xfe,0x69,0xfe,0x69,0xfe,0x69,0xfe,0x6a,0xfe,0x69,0xfe,0xea,0xfe,0x69,0xfe,0xe0,0xfb,0xa5,0xfe,0xe0,0xfb,0x00,0x00,0x00,0x00,
    0xef,0xff,0x00,0x00,0x49,0xfe,0xa9,0xfe,0x69,0xfe,0x49,0xfe,0x69,0xfe,0x69,0xfe,0x49,0xfe,0x49,0xfe,0x69,0xfe,0x69,0xfe,0x49,0xfe,0x69,0xfe,0x89,0xfe,0x49,0xfe,0x4a,0xfd,0xe0,0xff,0x00,0x00,0x00,0x00,0x00,0x00,0x00,0x00,
    0x13,0xc1,0xff,0xfd,0xff,0xff,0xff,0xff,0xff,0xff,0xff,0xff,0xff,0xfe,0xfe,0xd3,0x1f,0x01,0x02,0x00,0x00,0x00,0x65,0xff,0xfd,0xff,0xff,0xff,0xff,0xff,0xff,0xff,0xff,0xff,0xff,0xff,0xfb,0xff,0x7b,0x04,0x08,0x04,0x01,0x00,
    0x6d,0xfe,0xfc,0xff,0xff,0xff,0xff,0xff,0xff,0xff,0xff,0xff,0xff,0xff,0xfb,0xfe,0x78,0x00,0x00,0x00,0x00,0x01,0x69,0xfe,0xfc,0xff,0xff,0xff,0xff,0xff,0xff,0xff,0xff,0xff,0xff,0xff,0xfd,0xff,0xc6,0x8c,0x93,0x78,0x19,0x00,
    0x6c,0xff,0xfc,0xff,0xff,0xff,0xff,0xff,0xff,0xff,0xff,0xff,0xff,0xff,0xff,0xff,0xff,0xff,0xff,0xff,0xd9,0x19,0x2b,0xf2,0xff,0xfe,0xff,0xff,0xff,0xff,0xff,0xff,0xff,0xff,0xff,0xff,0xff,0xff,0xef,0xe1,0xfe,0xfa,0xff,0x66,
    0x00,0x53,0xff,0xfd,0xff,0xff,0xff,0xff,0xff,0xff,0xff,0xff,0xff,0xff,0xfb,0xff,0x88,0x0e,0x68,0xfe,0xfd,0x6a,0x01,0x27,0xff,0xfe,0xff,0xff,0xff,0xff,0xff,0xff,0xff,0xff,0xff,0xff,0xfb,0xff,0x7f,0x00,0x17,0xf5,0xff,0x69,
    0x00,0x30,0xff,0xfe,0xff,0xff,0xff,0xff,0xff,0xff,0xff,0xff,0xff,0xff,0xfb,0xff,0x81,0x01,0x20,0xf4,0xff,0x69,0x00,0x2e,0xff,0xfe,0xff,0xff,0xff,0xff,0xff,0xff,0xff,0xff,0xff,0xff,0xfb,0xff,0x81,0x00,0x1e,0xf4,0xff,0x69,
    0x00,0x2e,0xff,0xfe,0xff,0xff,0xff,0xff,0xff,0xff,0xff,0xff,0xff,0xff,0xfb,0xff,0x81,0x00,0x1e,0xf4,0xff,0x69,0x00,0x2e,0xff,0xfe,0xff,0xff,0xff,0xff,0xff,0xff,0xff,0xff,0xff,0xff,0xfb,0xff,0x81,0x00,0x1e,0xf4,0xff,0x69,
    0x00,0x2e,0xff,0xfe,0xff,0xff,0xff,0xff,0xff,0xff,0xff,0xff,0xff,0xff,0xfb,0xff,0x81,0x00,0x1e,0xf4,0xff,0x69,0x00,0x2e,0xff,0xfe,0xff,0xff,0xff,0xff,0xff,0xff,0xff,0xff,0xff,0xff,0xfb,0xff,0x83,0x04,0x1f,0xf3,0xff,0x69,
    0x00,0x2e,0xff,0xfe,0xff,0xff,0xff,0xff,0xff,0xff,0xff,0xff,0xff,0xff,0xfb,0xff,0x7a,0x00,0x1f,0xf9,0xff,0x68,0x00,0x2e,0xff,0xfe,0xff,0xff,0xff,0xff,0xff,0xff,0xff,0xff,0xff,0xff,0xfc,0xff,0xad,0x57,0xab,0xfe,0xfd,0x6d,
    0x00,0x2e,0xff,0xfe,0xff,0xff,0xff,0xff,0xff,0xff,0xff,0xff,0xff,0xff,0xff,0xff,0xff,0xff,0xff,0xfe,0xff,0x50,0x00,0x2e,0xff,0xfe,0xff,0xff,0xff,0xff,0xff,0xff,0xff,0xff,0xff,0xff,0xff,0xff,0xff,0xfd,0xfe,0xfc,0x96,0x04,
    0x00,0x2d,0xfe,0xfe,0xff,0xff,0xff,0xff,0xff,0xff,0xff,0xff,0xff,0xff,0xfc,0xff,0x98,0x32,0x3a,0x29,0x00,0x00,0x00,0x31,0xff,0xfd,0xff,0xff,0xff,0xff,0xff,0xff,0xff,0xff,0xff,0xff,0xfa,0xfd,0x7f,0x00,0x00,0x00,0x01,0x00,
    0x01,0x17,0xef,0xff,0xfd,0xff,0xff,0xff,0xff,0xff,0xff,0xff,0xff,0xff,0xfd,0xff,0x58,0x02,0x06,0x02,0x00,0x00,0x02,0x00,0x56,0xe9,0xfd,0xfe,0xff,0xff,0xff,0xff,0xff,0xff,0xff,0xfd,0xf9,0x95,0x03,0x01,0x00,0x00,0x00,0x00,

};

const lv_image_dsc_t emoji_beer_22 = {
  .header.magic = LV_IMAGE_HEADER_MAGIC,
  .header.cf = LV_COLOR_FORMAT_RGB565A8,
  .header.flags = 0,
  .header.w = 22,
  .header.h = 22,
  .header.stride = 44,
  .data_size = sizeof(emoji_beer_22_map),
  .data = emoji_beer_22_map,
};




#ifndef LV_ATTRIBUTE_MEM_ALIGN
#define LV_ATTRIBUTE_MEM_ALIGN
#endif

#ifndef LV_ATTRIBUTE_EMOJI_SUN_22
#define LV_ATTRIBUTE_EMOJI_SUN_22
#endif

static const
LV_ATTRIBUTE_MEM_ALIGN LV_ATTRIBUTE_LARGE_CONST LV_ATTRIBUTE_EMOJI_SUN_22
uint8_t emoji_sun_22_map[] = {

    0x00,0x00,0x00,0x00,0x00,0x00,0x00,0x00,0x00,0x00,0x00,0x00,0x00,0x00,0xe0,0xfb,0x00,0xf8,0x46,0xfd,0x66,0xfd,0x66,0xfd,0x66,0xfd,0x00,0xf8,0xe0,0xfb,0x00,0x00,0x00,0x00,0x00,0x00,0x00,0x00,0x00,0x00,0x00,0x00,0x00,0x00,
    0x00,0x00,0x00,0x00,0xe0,0xff,0xe0,0xff,0xe0,0xff,0x00,0xf8,0x00,0x00,0x4a,0xfd,0x00,0x00,0x66,0xfd,0x86,0xfd,0x86,0xfd,0x46,0xfd,0x00,0x00,0x4a,0xfd,0x00,0x00,0x00,0xf8,0xe0,0xff,0xe0,0xff,0xe0,0xff,0x00,0x00,0x00,0x00,
    0x00,0x00,0x00,0x00,0x00,0x00,0x00,0x00,0x00,0x00,0x00,0x00,0x00,0x00,0x4a,0xfd,0x00,0x00,0x66,0xfd,0xe7,0xfd,0xe7,0xfd,0x46,0xfd,0x00,0x00,0x4a,0xfd,0x00,0x00,0x00,0x00,0x00,0x00,0x00,0x00,0x00,0x00,0x00,0x00,0x00,0x00,
    0xe0,0xff,0x00,0x00,0x26,0xfd,0x86,0xfd,0x66,0xfd,0x40,0xfd,0x00,0x00,0x4a,0xfd,0xe7,0xfb,0xa4,0xfd,0x46,0xfd,0x46,0xfd,0xe3,0xfc,0xe7,0xfb,0x4a,0xfd,0x00,0x00,0x40,0xfd,0x66,0xfd,0x86,0xfd,0x26,0xfd,0x00,0x00,0xe0,0xff,
    0xe7,0xfd,0x00,0x00,0x66,0xfd,0x07,0xfe,0xa6,0xfd,0x66,0xfd,0x66,0xfe,0x00,0x00,0x00,0x00,0x47,0xfd,0x66,0xfd,0x66,0xfd,0x47,0xfd,0x00,0x00,0x00,0x00,0x66,0xfe,0x66,0xfd,0xa6,0xfd,0x07,0xfe,0x46,0xfd,0x00,0x00,0xe7,0xfd,
    0xe0,0xff,0xe0,0xfb,0x46,0xfd,0x66,0xfd,0x07,0xfe,0x66,0xfd,0xe0,0xff,0x26,0xfd,0x86,0xfd,0x66,0xfd,0x66,0xfd,0x66,0xfd,0x66,0xfd,0x86,0xfd,0x26,0xfd,0x00,0x00,0x46,0xfd,0x07,0xfe,0x66,0xfd,0x46,0xfd,0xe0,0xfb,0xe0,0xff,
    0x00,0x00,0xe0,0xff,0x00,0x00,0x26,0xfd,0xa6,0xfd,0x46,0xfd,0x46,0xfd,0x86,0xfd,0xc6,0xfd,0x66,0xfd,0x66,0xfd,0x66,0xfd,0x66,0xfd,0xc6,0xfd,0x86,0xfd,0x46,0xfd,0x46,0xfd,0xc6,0xfd,0x26,0xfd,0x00,0x00,0xe0,0xff,0x00,0x00,
    0xe0,0xfb,0x4a,0xfd,0xe7,0xfd,0x00,0x00,0x00,0x00,0x65,0xfd,0x66,0xfd,0x86,0xfd,0x46,0xfd,0x46,0xfd,0x66,0xfd,0x66,0xfd,0x46,0xfd,0x46,0xfd,0x86,0xfd,0x66,0xfd,0x65,0xfd,0x00,0x00,0x00,0x00,0xe7,0xfd,0x4a,0xfd,0xe0,0xfb,
    0x00,0x00,0x00,0x00,0x00,0x00,0xef,0xff,0x4a,0xfd,0x66,0xfd,0xc6,0xfd,0x46,0xfd,0x66,0xfd,0x66,0xfd,0x66,0xfd,0x66,0xfd,0x66,0xfd,0x66,0xfd,0x46,0xfd,0xc6,0xfd,0x66,0xfd,0x4a,0xfd,0xef,0xff,0x00,0x00,0x00,0x00,0x00,0x00,
    0x45,0xfd,0xa6,0xfd,0x46,0xfd,0x45,0xfd,0x47,0xfd,0x46,0xfd,0x66,0xfd,0x46,0xfd,0x66,0xfd,0x66,0xfd,0x66,0xfd,0x66,0xfd,0x66,0xfd,0x66,0xfd,0x46,0xfd,0x66,0xfd,0x46,0xfd,0x47,0xfd,0x45,0xfd,0x46,0xfd,0xa6,0xfd,0x45,0xfd,
    0x46,0xfd,0x86,0xfd,0xe7,0xfd,0x66,0xfd,0x65,0xfd,0x66,0xfd,0x66,0xfd,0x66,0xfd,0x66,0xfd,0x66,0xfd,0x66,0xfd,0x66,0xfd,0x66,0xfd,0x66,0xfd,0x66,0xfd,0x66,0xfd,0x66,0xfd,0x26,0xfd,0x46,0xfd,0xe7,0xfd,0x86,0xfd,0x46,0xfd,
    0x46,0xfd,0x86,0xfd,0xe7,0xfd,0x66,0xfd,0x46,0xfd,0x66,0xfd,0x66,0xfd,0x66,0xfd,0x66,0xfd,0x66,0xfd,0x66,0xfd,0x66,0xfd,0x66,0xfd,0x66,0xfd,0x66,0xfd,0x66,0xfd,0x66,0xfd,0x26,0xfd,0x46,0xfd,0xe7,0xfd,0x86,0xfd,0x46,0xfd,
    0x45,0xfd,0xa6,0xfd,0x46,0xfd,0x45,0xfd,0x47,0xfd,0x46,0xfd,0x66,0xfd,0x46,0xfd,0x66,0xfd,0x66,0xfd,0x66,0xfd,0x66,0xfd,0x66,0xfd,0x66,0xfd,0x46,0xfd,0x66,0xfd,0x46,0xfd,0x47,0xfd,0x45,0xfd,0x46,0xfd,0xa6,0xfd,0x45,0xfd,
    0x00,0x00,0x00,0x00,0x00,0x00,0xe0,0xff,0x00,0x00,0x46,0xfd,0xc6,0xfd,0x46,0xfd,0x66,0xfd,0x66,0xfd,0x66,0xfd,0x66,0xfd,0x66,0xfd,0x66,0xfd,0x46,0xfd,0xc6,0xfd,0x46,0xfd,0x00,0x00,0xe0,0xff,0x00,0x00,0x00,0x00,0x00,0x00,
    0xe0,0xfb,0x4a,0xfd,0x4a,0xfd,0xe7,0xfb,0xe0,0xfb,0x66,0xfd,0x66,0xfd,0x86,0xfd,0x46,0xfd,0x46,0xfd,0x66,0xfd,0x66,0xfd,0x46,0xfd,0x46,0xfd,0x86,0xfd,0x66,0xfd,0x66,0xfd,0xe0,0xfb,0x4a,0xfd,0x4a,0xfd,0x4a,0xfd,0xe0,0xfb,
    0x00,0x00,0x00,0x00,0x00,0x00,0x00,0x00,0x00,0x00,0xe3,0xfc,0x46,0xfd,0x86,0xfd,0xc6,0xfd,0x66,0xfd,0x66,0xfd,0x66,0xfd,0x66,0xfd,0xc6,0xfd,0x86,0xfd,0x46,0xfd,0x84,0xfc,0x00,0x00,0x00,0x00,0x00,0x00,0x00,0x00,0x00,0x00,
    0x00,0x00,0x00,0xf8,0xe0,0xff,0x4a,0xfd,0x66,0xfd,0xc6,0xfd,0x66,0xfd,0x46,0xfd,0x86,0xfd,0x66,0xfd,0x66,0xfd,0x66,0xfd,0x66,0xfd,0x86,0xfd,0x46,0xfd,0x66,0xfd,0xc6,0xfd,0x66,0xfd,0x4a,0xfd,0xe0,0xff,0x00,0xf8,0x00,0x00,
    0x00,0x00,0xef,0xff,0x00,0x00,0x66,0xfd,0xa6,0xfd,0x07,0xfe,0x66,0xfd,0x00,0x00,0x00,0x00,0x47,0xfd,0x66,0xfd,0x66,0xfd,0x47,0xfd,0x00,0x00,0x00,0x00,0x46,0xfd,0x07,0xfe,0xa6,0xfd,0x46,0xfd,0x00,0x00,0xef,0xff,0x00,0x00,
    0x00,0x00,0xe0,0xfb,0x00,0x00,0x66,0xfd,0x07,0xfe,0x66,0xfd,0x46,0xfd,0xe7,0xfb,0x66,0xfe,0xa4,0xfd,0x46,0xfd,0x46,0xfd,0xa4,0xfd,0x66,0xfe,0xe7,0xfb,0x46,0xfd,0x66,0xfd,0x07,0xfe,0x46,0xfd,0x00,0x00,0xe0,0xfb,0x00,0x00,
    0x00,0x00,0xe0,0xff,0x00,0x00,0x26,0xfd,0xc6,0xfd,0x25,0xfd,0x00,0x00,0xe7,0xfd,0x00,0x00,0x66,0xfd,0xe7,0xfd,0xe7,0xfd,0x46,0xfd,0x00,0x00,0xe7,0xfd,0x00,0x00,0xc5,0xfc,0xe7,0xfd,0x66,0xfd,0x00,0x00,0xe0,0xfb,0x00,0x00,
    0x00,0x00,0x00,0x00,0x00,0x00,0x00,0x00,0x00,0x00,0x00,0x00,0xe0,0xff,0x4a,0xfd,0x00,0x00,0x66,0xfd,0x86,0xfd,0x86,0xfd,0x66,0xfd,0x00,0x00,0x4a,0xfd,0xe0,0xff,0x00,0x00,0x00,0x00,0x00,0x00,0x00,0x00,0x00,0x00,0x00,0x00,
    0x00,0x00,0x00,0x00,0x00,0x00,0xe0,0xfb,0xe7,0xfd,0xe0,0xff,0x00,0x00,0xe0,0xfb,0x00,0xf8,0x46,0xfd,0x66,0xfd,0x66,0xfd,0x46,0xfd,0x00,0xf8,0xe0,0xfb,0x00,0x00,0xe0,0xff,0xe7,0xfd,0xe0,0xfb,0x00,0x00,0x00,0x00,0x00,0x00,
    0x00,0x00,0x00,0x00,0x00,0x00,0x00,0x02,0x01,0x1e,0xec,0xec,0x1f,0x01,0x02,0x00,0x00,0x00,0x00,0x00,0x00,0x00,0x00,0x00,0x01,0x01,0x02,0x01,0x00,0x03,0x00,0x3e,0xfe,0xfe,0x40,0x00,0x03,0x00,0x01,0x02,0x01,0x01,0x00,0x00,
    0x00,0x00,0x00,0x00,0x00,0x00,0x00,0x03,0x00,0x3b,0xff,0xff,0x3a,0x00,0x03,0x00,0x00,0x00,0x00,0x00,0x00,0x00,0x01,0x00,0x1f,0xb8,0x95,0x03,0x00,0x03,0x04,0x07,0x8c,0x8c,0x08,0x04,0x03,0x00,0x03,0x95,0xb9,0x1f,0x00,0x01,
    0x04,0x00,0x6d,0xff,0xff,0x9d,0x05,0x00,0x00,0x0c,0x13,0x13,0x0c,0x00,0x00,0x05,0x9d,0xff,0xff,0x6b,0x00,0x04,0x01,0x02,0x18,0xca,0xff,0xf3,0x01,0x23,0x9c,0xe4,0xff,0xff,0xe4,0x9c,0x23,0x00,0xf2,0xff,0xca,0x18,0x02,0x01,
    0x00,0x01,0x00,0x14,0x8c,0x43,0x3f,0xed,0xff,0xff,0xff,0xff,0xff,0xff,0xed,0x3f,0x43,0x8d,0x14,0x00,0x01,0x00,0x02,0x03,0x04,0x00,0x00,0x16,0xf1,0xff,0xfa,0xfe,0xfe,0xfe,0xfe,0xfa,0xff,0xf1,0x16,0x00,0x00,0x04,0x03,0x02,
    0x00,0x00,0x00,0x02,0x03,0xa0,0xff,0xfa,0xff,0xff,0xff,0xff,0xff,0xff,0xfa,0xff,0xa0,0x03,0x02,0x00,0x00,0x00,0x1b,0x3b,0x3a,0x06,0x0c,0xe9,0xfe,0xfe,0xff,0xff,0xff,0xff,0xff,0xff,0xfe,0xfe,0xe9,0x0c,0x06,0x3a,0x3b,0x1b,
    0xee,0xff,0xff,0x8c,0x16,0xff,0xff,0xfe,0xff,0xff,0xff,0xff,0xff,0xff,0xfe,0xff,0xff,0x14,0x8d,0xff,0xff,0xee,0xee,0xff,0xff,0x8c,0x15,0xff,0xff,0xfe,0xff,0xff,0xff,0xff,0xff,0xff,0xfe,0xff,0xff,0x14,0x8d,0xff,0xff,0xee,
    0x1b,0x3b,0x3a,0x06,0x0c,0xe9,0xfe,0xfe,0xff,0xff,0xff,0xff,0xff,0xff,0xfe,0xfe,0xe9,0x0c,0x06,0x3a,0x3b,0x1b,0x00,0x00,0x00,0x01,0x00,0x9f,0xff,0xfa,0xff,0xff,0xff,0xff,0xff,0xff,0xfa,0xff,0x9f,0x00,0x01,0x00,0x00,0x00,
    0x02,0x03,0x03,0x04,0x02,0x1f,0xf2,0xff,0xfa,0xfe,0xfe,0xfe,0xfe,0xfa,0xff,0xf2,0x1f,0x02,0x03,0x03,0x03,0x02,0x00,0x00,0x00,0x00,0x00,0x08,0x3c,0xec,0xff,0xff,0xff,0xff,0xff,0xff,0xec,0x3c,0x07,0x00,0x00,0x00,0x00,0x00,
    0x00,0x01,0x01,0x03,0x9d,0xe2,0x41,0x21,0x9d,0xe4,0xff,0xff,0xe4,0x9d,0x21,0x42,0xe1,0x9d,0x03,0x01,0x01,0x00,0x00,0x02,0x00,0x95,0xff,0xff,0x95,0x00,0x00,0x0c,0x13,0x13,0x0c,0x00,0x00,0x96,0xff,0xff,0x96,0x00,0x02,0x00,
    0x00,0x02,0x00,0xbd,0xff,0xca,0x18,0x04,0x05,0x07,0x8c,0x8c,0x07,0x05,0x04,0x18,0xca,0xff,0xbe,0x00,0x02,0x00,0x00,0x01,0x00,0x1d,0x65,0x11,0x00,0x04,0x00,0x3b,0xff,0xff,0x3d,0x00,0x04,0x00,0x12,0x63,0x1c,0x00,0x02,0x00,
    0x00,0x00,0x00,0x00,0x00,0x00,0x01,0x03,0x00,0x3e,0xfe,0xfe,0x3e,0x00,0x03,0x01,0x00,0x00,0x00,0x00,0x00,0x00,0x00,0x00,0x00,0x02,0x04,0x01,0x00,0x02,0x01,0x1e,0xec,0xec,0x1e,0x01,0x02,0x00,0x01,0x04,0x02,0x00,0x00,0x00,

};

const lv_image_dsc_t emoji_sun_22 = {
  .header.magic = LV_IMAGE_HEADER_MAGIC,
  .header.cf = LV_COLOR_FORMAT_RGB565A8,
  .header.flags = 0,
  .header.w = 22,
  .header.h = 22,
  .header.stride = 44,
  .data_size = sizeof(emoji_sun_22_map),
  .data = emoji_sun_22_map,
};




#ifndef LV_ATTRIBUTE_MEM_ALIGN
#define LV_ATTRIBUTE_MEM_ALIGN
#endif

#ifndef LV_ATTRIBUTE_EMOJI_SUNGLASSES_22
#define LV_ATTRIBUTE_EMOJI_SUNGLASSES_22
#endif

static const
LV_ATTRIBUTE_MEM_ALIGN LV_ATTRIBUTE_LARGE_CONST LV_ATTRIBUTE_EMOJI_SUNGLASSES_22
uint8_t emoji_sunglasses_22_map[] = {

    0x00,0x00,0x00,0x00,0x00,0x00,0x4a,0xfd,0x00,0x00,0x00,0x00,0x89,0xfe,0x69,0xfe,0x49,0xfe,0x49,0xfe,0x69,0xfe,0x69,0xfe,0x49,0xfe,0x49,0xfe,0x69,0xfe,0x89,0xfe,0x00,0x00,0x00,0x00,0x4a,0xfd,0x00,0x00,0x00,0x00,0x00,0x00,
    0x00,0x00,0x00,0x00,0x4a,0xfd,0x00,0x00,0x09,0xfe,0x89,0xfe,0x89,0xfe,0xaa,0xfe,0x89,0xfe,0x69,0xfe,0x69,0xfe,0x69,0xfe,0x69,0xfe,0x89,0xfe,0xaa,0xfe,0x89,0xfe,0x89,0xfe,0x09,0xfe,0x00,0x00,0x4a,0xfd,0x00,0x00,0x00,0x00,
    0x00,0x00,0xef,0xff,0x00,0x00,0x29,0xfe,0x89,0xfe,0xea,0xfe,0x69,0xfe,0x49,0xfe,0x69,0xfe,0x69,0xfe,0x69,0xfe,0x69,0xfe,0x69,0xfe,0x69,0xfe,0x49,0xfe,0x69,0xfe,0xea,0xfe,0x89,0xfe,0x29,0xfe,0x00,0x00,0xef,0xff,0x00,0x00,
    0x4a,0xad,0x00,0x00,0xe9,0xed,0x69,0xfe,0x8a,0xfe,0x49,0xfe,0x49,0xfe,0x49,0xfe,0x49,0xfe,0x49,0xfe,0x49,0xfe,0x49,0xfe,0x49,0xfe,0x49,0xfe,0x49,0xfe,0x49,0xfe,0x49,0xfe,0x8a,0xfe,0x69,0xfe,0xe9,0xed,0x00,0x00,0x4a,0xad,
    0x00,0x00,0xec,0xff,0xea,0xfe,0x0a,0xff,0xa9,0xfe,0xc9,0xfe,0xc9,0xfe,0xa9,0xfe,0xa9,0xfe,0x89,0xfe,0x89,0xfe,0x89,0xfe,0x89,0xfe,0xa9,0xfe,0xa9,0xfe,0xc9,0xfe,0xc9,0xfe,0xa9,0xfe,0x0a,0xff,0xea,0xfe,0xec,0xff,0x00,0x00,
    0xe6,0x10,0x87,0x83,0x68,0x9c,0xc7,0x93,0xe8,0x93,0xe8,0x93,0x08,0x9c,0x68,0xac,0xe8,0xbc,0xa9,0xdd,0xe9,0xed,0xe9,0xed,0xa9,0xdd,0xe8,0xbc,0x68,0xac,0x08,0x9c,0xe8,0x93,0xe8,0x93,0xc7,0x93,0x68,0x9c,0x87,0x83,0x25,0x11,
    0xc6,0x31,0x66,0x21,0x06,0x11,0x06,0x19,0x06,0x19,0x06,0x19,0x06,0x19,0x26,0x19,0x46,0x19,0x86,0x29,0x86,0x29,0x86,0x29,0x86,0x29,0x46,0x19,0x26,0x19,0x06,0x19,0x06,0x19,0x06,0x19,0x06,0x19,0x06,0x11,0x66,0x21,0xa6,0x31,
    0xca,0xfe,0x48,0xa4,0x26,0x19,0x86,0x29,0x86,0x29,0x86,0x29,0x86,0x29,0x86,0x29,0x86,0x29,0x66,0x29,0x68,0xac,0x68,0xac,0x66,0x29,0x86,0x29,0x86,0x29,0x86,0x29,0x86,0x29,0x86,0x29,0x86,0x29,0x26,0x19,0x48,0xa4,0xc9,0xfe,
    0x89,0xfe,0x09,0xf6,0x86,0x29,0x66,0x29,0x66,0x29,0x66,0x29,0x66,0x29,0x86,0x29,0x46,0x21,0x46,0x4a,0x89,0xfe,0xa9,0xfe,0x47,0x4a,0x46,0x21,0x86,0x29,0x66,0x29,0x66,0x29,0x66,0x29,0x66,0x29,0x66,0x21,0xe9,0xed,0xa9,0xfe,
    0x49,0xfe,0x49,0xfe,0x26,0x4a,0x46,0x21,0x86,0x29,0x86,0x29,0x86,0x29,0xa6,0x29,0x26,0x19,0x47,0x7b,0x89,0xfe,0x89,0xfe,0x67,0x7b,0x26,0x19,0xa6,0x29,0x86,0x29,0x86,0x29,0x86,0x29,0x46,0x21,0x26,0x42,0x49,0xfe,0x49,0xfe,
    0x49,0xfe,0xa9,0xfe,0xa7,0x8b,0xe6,0x08,0x66,0x21,0x46,0x21,0x46,0x21,0x26,0x19,0x46,0x21,0x49,0xcd,0x89,0xfe,0x89,0xfe,0x69,0xd5,0x46,0x21,0x26,0x19,0x46,0x21,0x46,0x21,0x66,0x21,0xe6,0x08,0xa7,0x83,0xa9,0xfe,0x49,0xfe,
    0x69,0xfe,0x69,0xfe,0x09,0xf6,0x47,0x73,0x26,0x42,0x06,0x42,0x26,0x42,0x87,0x5a,0xa8,0xb4,0x89,0xfe,0x49,0xfe,0x49,0xfe,0x89,0xfe,0xc8,0xbc,0xa7,0x5a,0x26,0x4a,0x06,0x42,0x26,0x42,0x27,0x73,0x09,0xee,0x69,0xfe,0x49,0xfe,
    0x49,0xfe,0x69,0xfe,0x69,0xfe,0xa9,0xfe,0x49,0xfe,0x49,0xfe,0x49,0xfe,0x89,0xfe,0xa9,0xfe,0x49,0xfe,0x69,0xfe,0x69,0xfe,0x49,0xfe,0xa9,0xfe,0x89,0xfe,0x49,0xfe,0x49,0xfe,0x49,0xfe,0xa9,0xfe,0x69,0xfe,0x69,0xfe,0x49,0xfe,
    0x69,0xfe,0x8a,0xfe,0x49,0xfe,0x49,0xfe,0x69,0xfe,0xaa,0xfe,0x8a,0xfe,0x49,0xfe,0x49,0xfe,0x49,0xfe,0x69,0xfe,0x69,0xfe,0x49,0xfe,0x49,0xfe,0x49,0xfe,0x8a,0xfe,0xaa,0xfe,0x69,0xfe,0x49,0xfe,0x49,0xfe,0x8a,0xfe,0x69,0xfe,
    0x69,0xfe,0xaa,0xfe,0x69,0xfe,0x69,0xfe,0x69,0xfe,0x44,0xb4,0x67,0xdd,0xaa,0xfe,0x8a,0xfe,0x69,0xfe,0x69,0xfe,0x69,0xfe,0x69,0xfe,0x8a,0xfe,0xaa,0xfe,0x67,0xdd,0x44,0xb4,0x69,0xfe,0x49,0xfe,0x69,0xfe,0xaa,0xfe,0x69,0xfe,
    0x69,0xfe,0x69,0xfe,0x69,0xfe,0x49,0xfe,0x8a,0xfe,0xa5,0xc4,0xe0,0x61,0xa3,0x9b,0x47,0xd5,0x09,0xf6,0x49,0xfe,0x49,0xfe,0x09,0xf6,0x47,0xd5,0xa3,0x9b,0xe0,0x61,0xa5,0xc4,0x8a,0xfe,0x49,0xfe,0x69,0xfe,0x69,0xfe,0x69,0xfe,
    0x00,0x00,0x69,0xfe,0xea,0xfe,0x49,0xfe,0x49,0xfe,0xaa,0xfe,0xc6,0xc4,0xe0,0x61,0xa0,0x51,0x60,0x6a,0xc1,0x7a,0xc1,0x7a,0x60,0x6a,0xa0,0x51,0xe0,0x61,0xc6,0xc4,0xaa,0xfe,0x49,0xfe,0x49,0xfe,0xea,0xfe,0x69,0xfe,0x00,0x00,
    0xef,0xff,0x69,0xfe,0x69,0xfe,0xaa,0xfe,0x49,0xfe,0x49,0xfe,0xaa,0xfe,0xe8,0xed,0xe4,0xa3,0xa1,0x7a,0x20,0x6a,0x20,0x6a,0xa1,0x7a,0xe4,0xa3,0xe8,0xed,0xaa,0xfe,0x49,0xfe,0x49,0xfe,0xaa,0xfe,0x69,0xfe,0x69,0xfe,0xef,0xff,
    0xef,0xff,0x00,0x00,0x49,0xfe,0x89,0xfe,0xaa,0xfe,0x69,0xfe,0x49,0xfe,0x89,0xfe,0xaa,0xfe,0x49,0xfe,0x08,0xf6,0x08,0xf6,0x49,0xfe,0xaa,0xfe,0x89,0xfe,0x49,0xfe,0x69,0xfe,0xaa,0xfe,0x89,0xfe,0x49,0xfe,0x00,0x00,0xef,0xff,
    0x00,0x00,0xef,0xff,0x00,0x00,0x29,0xfe,0x89,0xfe,0xea,0xfe,0x69,0xfe,0x49,0xfe,0x49,0xfe,0x69,0xfe,0x69,0xfe,0x69,0xfe,0x69,0xfe,0x49,0xfe,0x49,0xfe,0x69,0xfe,0xea,0xfe,0x89,0xfe,0x29,0xfe,0x00,0x00,0xef,0xff,0x00,0x00,
    0x00,0x00,0x00,0x00,0x4a,0xfd,0x00,0x00,0x09,0xfe,0x89,0xfe,0x89,0xfe,0xaa,0xfe,0x89,0xfe,0x69,0xfe,0x49,0xfe,0x49,0xfe,0x69,0xfe,0x89,0xfe,0xaa,0xfe,0x89,0xfe,0x89,0xfe,0x09,0xfe,0x00,0x00,0x4a,0xfd,0x00,0x00,0x00,0x00,
    0x00,0x00,0x00,0x00,0x00,0x00,0x4a,0xfd,0x00,0x00,0x00,0x00,0x89,0xfe,0x69,0xfe,0x49,0xfe,0x49,0xfe,0x69,0xfe,0x69,0xfe,0x49,0xfe,0x49,0xfe,0x69,0xfe,0x89,0xfe,0x00,0x00,0x00,0x00,0x4a,0xfd,0x00,0x00,0x00,0x00,0x00,0x00,
    0x00,0x00,0x00,0x03,0x00,0x00,0x28,0x84,0xcb,0xf4,0xff,0xff,0xf4,0xcb,0x84,0x28,0x00,0x00,0x03,0x00,0x00,0x00,0x00,0x00,0x03,0x00,0x11,0x8f,0xf0,0xff,0xff,0xff,0xff,0xff,0xff,0xff,0xff,0xf0,0x8f,0x11,0x00,0x03,0x00,0x00,
    0x00,0x02,0x00,0x31,0xda,0xff,0xff,0xfc,0xfd,0xff,0xff,0xff,0xff,0xfd,0xfc,0xff,0xff,0xda,0x31,0x00,0x02,0x00,0x03,0x00,0x2f,0xed,0xff,0xfa,0xfe,0xff,0xff,0xff,0xff,0xff,0xff,0xff,0xff,0xfe,0xfa,0xff,0xed,0x2f,0x00,0x03,
    0x00,0x0d,0xdd,0xff,0xfb,0xff,0xff,0xff,0xff,0xff,0xff,0xff,0xff,0xff,0xff,0xff,0xff,0xfb,0xff,0xdd,0x0d,0x00,0x19,0xa6,0xff,0xfb,0xff,0xff,0xff,0xff,0xff,0xff,0xff,0xff,0xff,0xff,0xff,0xff,0xff,0xff,0xfb,0xff,0xa7,0x1b,
    0x60,0xff,0xfb,0xff,0xff,0xff,0xff,0xff,0xff,0xff,0xff,0xff,0xff,0xff,0xff,0xff,0xff,0xff,0xff,0xfb,0xff,0x63,0x7f,0xfd,0xfc,0xff,0xff,0xff,0xff,0xff,0xff,0xff,0xff,0xff,0xff,0xff,0xff,0xff,0xff,0xff,0xff,0xfc,0xfd,0x7f,
    0xcc,0xff,0xfd,0xff,0xff,0xff,0xff,0xff,0xff,0xff,0xff,0xff,0xff,0xff,0xff,0xff,0xff,0xff,0xff,0xfd,0xff,0xcc,0xf4,0xff,0xff,0xff,0xff,0xff,0xff,0xff,0xff,0xff,0xff,0xff,0xff,0xff,0xff,0xff,0xff,0xff,0xff,0xff,0xff,0xf4,
    0xff,0xff,0xff,0xff,0xff,0xff,0xff,0xff,0xff,0xff,0xff,0xff,0xff,0xff,0xff,0xff,0xff,0xff,0xff,0xff,0xff,0xff,0xff,0xff,0xff,0xff,0xff,0xff,0xff,0xff,0xff,0xff,0xff,0xff,0xff,0xff,0xff,0xff,0xff,0xff,0xff,0xff,0xff,0xff,
    0xf4,0xff,0xff,0xff,0xff,0xff,0xff,0xff,0xff,0xff,0xff,0xff,0xff,0xff,0xff,0xff,0xff,0xff,0xff,0xff,0xff,0xf4,0xcb,0xfe,0xfd,0xff,0xff,0xff,0xff,0xff,0xff,0xff,0xff,0xff,0xff,0xff,0xff,0xff,0xff,0xff,0xff,0xfd,0xfe,0xcb,
    0x84,0xff,0xfc,0xff,0xff,0xff,0xff,0xff,0xff,0xff,0xff,0xff,0xff,0xff,0xff,0xff,0xff,0xff,0xff,0xfc,0xff,0x84,0x24,0xf5,0xfd,0xfe,0xff,0xff,0xff,0xff,0xff,0xff,0xff,0xff,0xff,0xff,0xff,0xff,0xff,0xff,0xfe,0xfd,0xf5,0x24,
    0x00,0x91,0xff,0xfb,0xff,0xff,0xff,0xff,0xff,0xff,0xff,0xff,0xff,0xff,0xff,0xff,0xff,0xff,0xfb,0xff,0x91,0x00,0x02,0x10,0xdd,0xff,0xfb,0xff,0xff,0xff,0xff,0xff,0xff,0xff,0xff,0xff,0xff,0xff,0xff,0xfb,0xff,0xdd,0x10,0x02,
    0x02,0x00,0x2f,0xed,0xff,0xfa,0xfe,0xff,0xff,0xff,0xff,0xff,0xff,0xff,0xff,0xfe,0xfa,0xff,0xed,0x2f,0x00,0x02,0x00,0x02,0x00,0x31,0xda,0xff,0xff,0xfc,0xfd,0xff,0xff,0xff,0xff,0xfd,0xfc,0xff,0xff,0xda,0x31,0x00,0x02,0x00,
    0x00,0x00,0x03,0x00,0x11,0x8f,0xf0,0xff,0xff,0xff,0xff,0xff,0xff,0xff,0xff,0xf0,0x8f,0x11,0x00,0x03,0x00,0x00,0x00,0x00,0x00,0x03,0x00,0x00,0x28,0x84,0xcb,0xf4,0xff,0xff,0xf4,0xcb,0x84,0x28,0x00,0x00,0x03,0x00,0x00,0x00,

};

const lv_image_dsc_t emoji_sunglasses_22 = {
  .header.magic = LV_IMAGE_HEADER_MAGIC,
  .header.cf = LV_COLOR_FORMAT_RGB565A8,
  .header.flags = 0,
  .header.w = 22,
  .header.h = 22,
  .header.stride = 44,
  .data_size = sizeof(emoji_sunglasses_22_map),
  .data = emoji_sunglasses_22_map,
};




#ifndef LV_ATTRIBUTE_MEM_ALIGN
#define LV_ATTRIBUTE_MEM_ALIGN
#endif

#ifndef LV_ATTRIBUTE_EMOJI_BEACH_22
#define LV_ATTRIBUTE_EMOJI_BEACH_22
#endif

static const
LV_ATTRIBUTE_MEM_ALIGN LV_ATTRIBUTE_LARGE_CONST LV_ATTRIBUTE_EMOJI_BEACH_22
uint8_t emoji_beach_22_map[] = {

    0x00,0x00,0x00,0x00,0x00,0x00,0x00,0x00,0x00,0x00,0x00,0x00,0x00,0xf8,0x00,0xf8,0x00,0x00,0x00,0x00,0x00,0xc8,0x03,0xd8,0xce,0xe3,0x37,0xff,0xaf,0x73,0xb0,0x5b,0x00,0x00,0x00,0x00,0xaa,0xfa,0x00,0x00,0x00,0x00,0x00,0x00,
    0x00,0x00,0x00,0x00,0x00,0x00,0x00,0x00,0x00,0x00,0x00,0xf8,0x00,0x00,0x00,0x00,0x68,0xd9,0x27,0xe1,0x6d,0xeb,0xd3,0xf5,0xb5,0xfe,0xad,0xeb,0xa9,0xd9,0xcc,0xca,0x33,0xfe,0xa6,0xd0,0x00,0x00,0xef,0xfb,0x00,0xf8,0x00,0x00,
    0x00,0x00,0x00,0x00,0x00,0x00,0x00,0x00,0x00,0xf8,0x00,0x00,0xc8,0xe1,0x68,0xe1,0x68,0xe9,0x31,0xfd,0x97,0xff,0xf8,0xff,0xee,0xeb,0xe7,0xd8,0x68,0xd9,0x27,0xe1,0xd3,0xfd,0x13,0xf6,0x88,0xd9,0x00,0x00,0x00,0xf8,0x00,0xf8,
    0x00,0x00,0x00,0x00,0x00,0x00,0x00,0xf8,0x00,0xf8,0xca,0xe1,0x88,0xd9,0x48,0xe9,0x11,0xf5,0xd8,0xff,0x77,0xff,0xf3,0xf5,0x48,0xd9,0x68,0xd9,0x88,0xd9,0x07,0xd9,0xae,0xeb,0xf9,0xff,0x32,0xfd,0x07,0xd9,0xe7,0xf9,0x0a,0xa8,
    0x00,0x00,0x00,0x00,0x00,0x00,0xaa,0xfa,0x00,0x00,0x88,0xd9,0x28,0xe9,0x4d,0xe3,0xb7,0xff,0x16,0xff,0x97,0xff,0xad,0xeb,0x07,0xd9,0x88,0xd9,0x88,0xd9,0x27,0xd9,0x2c,0xe3,0x77,0xff,0xb7,0xff,0x4d,0xfb,0xe7,0xd8,0x00,0x00,
    0x00,0x00,0x00,0x00,0x00,0xf8,0x00,0x00,0x68,0xe1,0x68,0xd9,0x48,0xe9,0xd3,0xf5,0x77,0xff,0x56,0xff,0xf6,0xfe,0xe9,0xe1,0x48,0xd9,0x68,0xd9,0x88,0xd9,0x27,0xd9,0x4d,0xeb,0x77,0xff,0x97,0xff,0x92,0xf5,0x28,0xe1,0xa8,0xd9,
    0x00,0x00,0x00,0x00,0x00,0xf8,0x00,0x00,0xc9,0xe1,0x48,0xd9,0xc9,0xd9,0x36,0xff,0xd8,0xff,0xf9,0xff,0xf3,0xfd,0x28,0xe1,0x88,0xd9,0x68,0xd9,0x88,0xd9,0x07,0xd9,0xae,0xeb,0x97,0xff,0x56,0xff,0xb5,0xfe,0xa9,0xe1,0x68,0xd9,
    0x00,0x00,0x00,0x00,0x00,0x00,0x00,0x00,0x1f,0xf8,0x68,0xd9,0x00,0x00,0x56,0xff,0xb8,0xff,0x97,0xff,0x4f,0xec,0x48,0xd9,0x89,0xe9,0x48,0xe1,0x88,0xe1,0x08,0xe9,0xd0,0xfc,0xb7,0xff,0x36,0xff,0xf5,0xfe,0xe9,0xe1,0x48,0xd9,
    0x00,0x00,0x00,0x00,0x00,0x00,0x00,0x00,0x00,0x00,0x00,0x00,0x00,0x00,0x00,0x00,0x00,0x00,0x00,0x00,0x00,0x00,0xe9,0xd9,0xea,0xc9,0xea,0xd1,0x88,0xd9,0x07,0xd9,0xf3,0xf5,0xf8,0xff,0x97,0xff,0xf6,0xfe,0xc9,0xe1,0x48,0xd9,
    0x00,0x00,0x00,0x00,0x00,0x00,0x00,0x00,0x00,0x00,0x00,0xf8,0x00,0x00,0xf5,0xff,0x55,0xfd,0xf7,0xff,0x92,0xb4,0x00,0x00,0xf0,0x5b,0xd0,0x6b,0x8f,0x7b,0x00,0x00,0x00,0x00,0x56,0xff,0xb8,0xff,0xb5,0xfe,0x27,0xd9,0x88,0xe1,
    0x00,0x00,0x00,0x00,0x00,0x00,0x00,0x00,0x00,0x00,0x00,0x00,0x00,0x00,0x00,0x00,0x00,0x00,0x00,0x00,0xff,0x07,0x00,0xf8,0x8f,0x6b,0xaf,0x63,0xef,0x3b,0xaa,0xfa,0x00,0x00,0x00,0x00,0x75,0xee,0x00,0x00,0x28,0xd9,0x68,0xd9,
    0x00,0x00,0x00,0x00,0x00,0x00,0x00,0x00,0x00,0x00,0x00,0x00,0x00,0x00,0x00,0x00,0x00,0x00,0xff,0xff,0x00,0x00,0xb1,0x63,0xaf,0x63,0xaf,0x63,0x00,0x00,0xaa,0x52,0x00,0x00,0xf5,0xff,0x00,0x00,0x00,0x00,0x00,0x00,0x00,0x00,
    0x00,0x00,0x00,0x00,0x00,0x00,0x00,0x00,0x00,0x00,0x00,0x00,0xe0,0xfb,0xe0,0xfb,0x40,0xfd,0x4a,0xad,0xe0,0xff,0xb0,0x63,0xf1,0x6b,0xaf,0x6b,0xe0,0xfb,0xe7,0xbb,0x40,0xfd,0x00,0xf8,0xff,0xff,0x00,0x00,0x00,0xf8,0xaa,0xfa,
    0x00,0x00,0x00,0x00,0x00,0x00,0x00,0x00,0xef,0x7b,0xe0,0xfb,0x00,0x00,0x00,0x00,0x00,0x00,0x00,0x00,0x00,0x00,0xb0,0x63,0x11,0x74,0x91,0x53,0x00,0x00,0x00,0x00,0x00,0x00,0x00,0x00,0x40,0xfd,0x00,0xf8,0x00,0x00,0x00,0x00,
    0x00,0x00,0xff,0x07,0xf7,0x3b,0xef,0x7b,0x00,0x00,0x00,0x00,0x61,0xf4,0xa1,0xfc,0x81,0xf4,0x82,0xf4,0x80,0xfc,0xea,0x9b,0xb0,0x63,0x64,0xdc,0x81,0xfc,0x82,0xf4,0x81,0xfc,0xe0,0xd3,0x00,0x00,0x00,0x00,0xef,0x7b,0x00,0x00,
    0xb5,0x52,0x00,0x00,0x00,0x00,0x00,0x00,0xcf,0x6b,0x82,0xf4,0x81,0xf4,0xc1,0xfc,0xc1,0xfc,0xa1,0xfc,0xa0,0xfc,0xcd,0x83,0x8f,0x6b,0xa1,0xfc,0xc1,0xfc,0xc1,0xfc,0xa1,0xfc,0x81,0xfc,0x81,0xf4,0x26,0x9b,0x00,0x00,0x55,0xad,
    0x00,0x00,0xd6,0x3b,0x57,0x44,0x9b,0x3c,0x8b,0xac,0xa0,0xfc,0x82,0xf4,0x81,0xf4,0x81,0xf4,0x82,0xf4,0xa3,0xec,0x8b,0xb4,0xa9,0xc4,0xa2,0xf4,0x81,0xf4,0x81,0xf4,0x81,0xf4,0xa1,0xfc,0xe1,0xfc,0x81,0xf4,0x2e,0xc5,0x00,0x00,
    0x38,0x3c,0x79,0x3c,0x79,0x3c,0x9e,0x5d,0x8d,0xdd,0x60,0xfc,0x60,0xfc,0x60,0xfc,0x60,0xfc,0x80,0xfc,0xe2,0xfc,0xe1,0xfc,0xe1,0xfc,0xa1,0xfc,0x60,0xfc,0x60,0xfc,0x60,0xfc,0x60,0xfc,0x80,0xfc,0x04,0xfd,0x79,0x85,0x19,0x24,
    0x79,0x3c,0x58,0x3c,0x38,0x3c,0x78,0x3c,0x3a,0x65,0x56,0x8d,0x53,0xa5,0x51,0xad,0x50,0xb5,0x50,0xb5,0x2f,0xb5,0x30,0xb5,0x30,0xb5,0x50,0xb5,0x50,0xbd,0x50,0xb5,0x52,0xad,0x53,0xa5,0x55,0x8d,0x39,0x6d,0x99,0x44,0x79,0x3c,
    0x58,0x3c,0x9a,0x3c,0x79,0x3c,0x58,0x3c,0x38,0x34,0x39,0x34,0x7a,0x34,0x7a,0x34,0x9a,0x3c,0x9b,0x3c,0x9b,0x3c,0x9b,0x3c,0x9b,0x3c,0x9a,0x3c,0x9a,0x3c,0x9a,0x3c,0x7a,0x34,0x7a,0x34,0x59,0x34,0x59,0x34,0x79,0x3c,0x58,0x3c,
    0x00,0x00,0x38,0x3c,0x78,0x3c,0x58,0x3c,0x79,0x3c,0x79,0x44,0x79,0x3c,0x58,0x3c,0x58,0x3c,0x38,0x3c,0x37,0x3c,0x37,0x3c,0x38,0x3c,0x58,0x3c,0x58,0x3c,0x78,0x3c,0x79,0x3c,0x79,0x3c,0x58,0x3c,0x78,0x3c,0x38,0x3c,0x00,0x00,
    0x00,0x00,0x00,0x00,0x00,0x00,0x38,0x3c,0x58,0x3c,0x58,0x3c,0x38,0x3c,0x58,0x3c,0x58,0x3c,0x38,0x3c,0x58,0x3c,0x58,0x3c,0x38,0x3c,0x58,0x3c,0x58,0x3c,0x38,0x3c,0x58,0x3c,0x58,0x3c,0x38,0x3c,0x00,0x00,0x00,0x00,0x00,0x00,
    0x00,0x00,0x00,0x00,0x00,0x00,0x01,0x01,0x00,0x00,0x0e,0x28,0x33,0x2c,0xc8,0xa1,0x00,0x00,0x03,0x00,0x00,0x00,0x00,0x00,0x00,0x00,0x00,0x01,0x00,0x00,0x4b,0xaa,0xdf,0xf8,0xfc,0xf9,0xff,0xe8,0x6f,0x17,0x00,0x02,0x01,0x00,
    0x00,0x00,0x00,0x00,0x01,0x00,0x12,0xae,0xff,0xff,0xff,0xff,0xff,0xff,0xfe,0xff,0xff,0xeb,0x6f,0x00,0x01,0x01,0x00,0x00,0x00,0x01,0x02,0x09,0xc4,0xff,0xfb,0xfc,0xfe,0xfe,0xff,0xfe,0xff,0xfe,0xfb,0xff,0xff,0xa2,0x04,0x03,
    0x00,0x00,0x00,0x03,0x00,0x81,0xff,0xf8,0xff,0xff,0xff,0xff,0xff,0xff,0xff,0xff,0xff,0xfe,0xfa,0xff,0x91,0x00,0x00,0x00,0x01,0x00,0x0b,0xe4,0xff,0xfc,0xfc,0xfb,0xfc,0xfd,0xff,0xff,0xff,0xff,0xff,0xff,0xff,0xfb,0xff,0x4c,
    0x00,0x00,0x02,0x00,0x1b,0xf0,0xc1,0xfc,0xff,0xff,0xff,0xff,0xfd,0xff,0xfd,0xfb,0xfc,0xff,0xff,0xfd,0xfe,0xbf,0x00,0x00,0x00,0x00,0x01,0x1b,0x00,0x74,0xb1,0x85,0x5e,0xde,0xff,0xfd,0xff,0xff,0xff,0xfc,0xfe,0xfc,0xfd,0xf6,
    0x00,0x00,0x00,0x00,0x00,0x00,0x00,0x00,0x00,0x00,0x00,0x18,0xb6,0xfe,0xe1,0x9e,0xae,0xff,0xff,0xff,0xff,0xfe,0x00,0x00,0x00,0x00,0x00,0x01,0x00,0x03,0x03,0x04,0x07,0x00,0x8d,0xff,0x21,0x00,0x00,0x7a,0xe4,0xae,0xde,0xff,
    0x00,0x00,0x00,0x00,0x00,0x00,0x00,0x00,0x00,0x00,0x01,0x01,0xd0,0xe9,0x04,0x03,0x01,0x00,0x0f,0x00,0x2f,0x65,0x00,0x00,0x00,0x00,0x00,0x00,0x00,0x00,0x00,0x01,0x00,0x0d,0xf8,0xb6,0x00,0x03,0x00,0x03,0x00,0x01,0x00,0x00,
    0x00,0x00,0x00,0x00,0x00,0x00,0x02,0x04,0x03,0x03,0x01,0x2f,0xff,0x84,0x04,0x08,0x03,0x01,0x01,0x00,0x02,0x03,0x00,0x00,0x00,0x00,0x02,0x02,0x00,0x00,0x00,0x00,0x00,0x5e,0xff,0x44,0x00,0x00,0x00,0x00,0x03,0x01,0x00,0x00,
    0x00,0x01,0x04,0x02,0x00,0x00,0x30,0x7a,0xa8,0xc2,0xc3,0xe0,0xff,0xc1,0x9a,0x71,0x3b,0x06,0x00,0x00,0x02,0x00,0x03,0x00,0x00,0x00,0x1f,0x9f,0xfe,0xff,0xff,0xff,0xff,0xff,0xff,0xff,0xff,0xff,0xff,0xd9,0x73,0x05,0x00,0x03,
    0x00,0x19,0x74,0xbe,0xf1,0xff,0xff,0xfb,0xfb,0xfc,0xfc,0xfd,0xff,0xfc,0xfb,0xfb,0xfe,0xff,0xff,0xba,0x1a,0x00,0x61,0xea,0xff,0xff,0xff,0xfc,0xff,0xff,0xff,0xff,0xff,0xff,0xff,0xff,0xff,0xff,0xff,0xfd,0xfb,0xff,0xeb,0x61,
    0xff,0xff,0xf8,0xfc,0xfe,0xff,0xff,0xff,0xff,0xff,0xff,0xff,0xff,0xff,0xff,0xff,0xff,0xff,0xfe,0xfa,0xff,0xff,0xae,0xff,0xff,0xff,0xfd,0xfc,0xfd,0xfe,0xfe,0xff,0xff,0xff,0xff,0xfe,0xfe,0xfd,0xfc,0xfd,0xff,0xff,0xff,0xae,
    0x00,0x5e,0xc1,0xf6,0xff,0xff,0xff,0xff,0xff,0xff,0xff,0xff,0xff,0xff,0xff,0xff,0xff,0xff,0xf6,0xc1,0x5e,0x00,0x00,0x00,0x00,0x2a,0x5f,0x91,0xbc,0xd7,0xe8,0xf2,0xff,0xff,0xf2,0xe8,0xd7,0xbc,0x91,0x5f,0x2a,0x00,0x00,0x00,

};

const lv_image_dsc_t emoji_beach_22 = {
  .header.magic = LV_IMAGE_HEADER_MAGIC,
  .header.cf = LV_COLOR_FORMAT_RGB565A8,
  .header.flags = 0,
  .header.w = 22,
  .header.h = 22,
  .header.stride = 44,
  .data_size = sizeof(emoji_beach_22_map),
  .data = emoji_beach_22_map,
};




#ifndef LV_ATTRIBUTE_MEM_ALIGN
#define LV_ATTRIBUTE_MEM_ALIGN
#endif

#ifndef LV_ATTRIBUTE_EMOJI_POTATO_22
#define LV_ATTRIBUTE_EMOJI_POTATO_22
#endif

static const
LV_ATTRIBUTE_MEM_ALIGN LV_ATTRIBUTE_LARGE_CONST LV_ATTRIBUTE_EMOJI_POTATO_22
uint8_t emoji_potato_22_map[] = {

    0x00,0x00,0x00,0x00,0xff,0xff,0x4a,0xad,0x00,0x00,0x00,0x00,0x00,0x00,0x00,0x00,0x00,0x00,0x00,0x00,0x55,0xfd,0x00,0x00,0x00,0x00,0x00,0x00,0x00,0x00,0x00,0x00,0x00,0x00,0x00,0x00,0x00,0x00,0x00,0x00,0x00,0x00,0x00,0x00,
    0x00,0x00,0xff,0xff,0x00,0x00,0x00,0x00,0xf0,0xdc,0x10,0xdd,0xf0,0xdc,0x10,0xdd,0x10,0xdd,0xcf,0xd4,0x00,0x00,0x00,0x00,0xff,0xff,0x00,0x00,0x00,0x00,0x00,0x00,0x00,0x00,0x00,0x00,0x00,0x00,0x00,0x00,0x00,0x00,0x00,0x00,
    0xff,0xff,0x00,0x00,0xaf,0xd4,0x10,0xdd,0x10,0xdd,0x51,0xed,0x51,0xed,0x51,0xed,0x51,0xed,0x10,0xdd,0xf0,0xdc,0x00,0x00,0x00,0x00,0xef,0x7b,0x00,0x00,0x00,0x00,0x00,0x00,0x00,0x00,0x00,0x00,0x00,0x00,0x00,0x00,0x00,0x00,
    0xff,0xff,0xcf,0xd4,0x10,0xdd,0x51,0xed,0xf0,0xdc,0xf0,0xdc,0xf0,0xdc,0xf0,0xdc,0xf0,0xdc,0xf0,0xdc,0x51,0xed,0xf0,0xdc,0x0e,0xd5,0x00,0x00,0xff,0xff,0x00,0x00,0x00,0x00,0x00,0x00,0x00,0x00,0x00,0x00,0x00,0x00,0x00,0x00,
    0x00,0x00,0xf0,0xd4,0x51,0xed,0xf0,0xdc,0xf0,0xdc,0xf0,0xdc,0xf0,0xdc,0xf0,0xdc,0xf0,0xdc,0xf0,0xdc,0xf0,0xdc,0x51,0xed,0xf0,0xdc,0x30,0xd5,0xff,0xff,0xef,0xfb,0x00,0x00,0x00,0x00,0x00,0x00,0x00,0x00,0x00,0x00,0x00,0x00,
    0xf0,0xdc,0x30,0xe5,0xf0,0xdc,0xf0,0xdc,0xf0,0xdc,0xf0,0xdc,0xf0,0xdc,0xf0,0xdc,0xf0,0xdc,0xf0,0xdc,0xf0,0xdc,0xf0,0xdc,0x72,0xed,0xcf,0xd4,0x00,0x78,0xef,0xfb,0x00,0x00,0x4a,0xad,0x55,0xfd,0x00,0xf8,0x00,0x00,0x00,0x00,
    0xf0,0xdc,0x30,0xe5,0xf0,0xdc,0xf0,0xdc,0xf0,0xdc,0xf0,0xdc,0xf0,0xdc,0xf0,0xdc,0xf0,0xdc,0xf0,0xdc,0xf0,0xdc,0x10,0xdd,0x4d,0xcc,0x6a,0xc3,0x08,0xc3,0x00,0x00,0x00,0x00,0x00,0x00,0x00,0x00,0x00,0x00,0xff,0xff,0x00,0x00,
    0xf0,0xdc,0x10,0xdd,0xf0,0xdc,0xf0,0xdc,0xf0,0xdc,0xf0,0xdc,0xf0,0xdc,0xf0,0xdc,0xf0,0xdc,0xf0,0xdc,0x10,0xdd,0x0d,0xcc,0x4a,0xc3,0x0c,0xcc,0xaf,0xd4,0xf0,0xdc,0xf0,0xdc,0xf0,0xdc,0x10,0xdd,0x4a,0xad,0x00,0x00,0xe0,0xff,
    0xf0,0xdc,0x10,0xdd,0xf0,0xdc,0xf0,0xdc,0xf0,0xdc,0xf0,0xdc,0x10,0xdd,0xf0,0xdc,0xf0,0xdc,0xf0,0xdc,0xcf,0xd4,0x0c,0xcc,0xf0,0xdc,0x10,0xdd,0x31,0xe5,0x31,0xe5,0x30,0xe5,0x31,0xe5,0x51,0xed,0x10,0xdd,0x11,0xdd,0x00,0x00,
    0xf0,0xdc,0x10,0xe5,0xf0,0xdc,0xf0,0xdc,0x10,0xdd,0x6e,0xd4,0xab,0xcb,0xf0,0xdc,0xf0,0xdc,0xf0,0xdc,0xf0,0xdc,0x10,0xdd,0xf0,0xdc,0xf0,0xdc,0xf0,0xdc,0xf0,0xdc,0xf0,0xdc,0xf0,0xdc,0xf0,0xdc,0x71,0xed,0xf0,0xd4,0x4a,0xad,
    0xf0,0xdc,0x31,0xe5,0xf0,0xdc,0xcf,0xdc,0x10,0xdd,0xaf,0xd4,0x6e,0xd4,0xf0,0xdc,0xf0,0xdc,0xf0,0xdc,0xf0,0xdc,0xf0,0xdc,0xf0,0xdc,0xf0,0xdc,0xf0,0xdc,0xf0,0xdc,0xf0,0xdc,0xf0,0xdc,0xf0,0xdc,0xf0,0xdc,0x31,0xe5,0xf0,0xdc,
    0xef,0xd4,0x31,0xdd,0x6e,0xd4,0x29,0xc3,0x6e,0xd4,0x10,0xdd,0x10,0xdd,0xf0,0xdc,0xf0,0xdc,0xf0,0xdc,0xf0,0xdc,0xf0,0xdc,0xf0,0xdc,0xf0,0xdc,0xf0,0xdc,0xf0,0xdc,0xf0,0xdc,0xf0,0xdc,0xf0,0xdc,0xf0,0xdc,0x31,0xe5,0xf0,0xdc,
    0xef,0xbb,0xf0,0xdc,0xcf,0xdc,0x6a,0xc3,0x8e,0xd4,0x10,0xdd,0xf0,0xdc,0xf0,0xdc,0xf0,0xdc,0xf0,0xdc,0xf0,0xdc,0xf0,0xdc,0xf0,0xdc,0xf0,0xdc,0xf0,0xdc,0xf0,0xdc,0xf0,0xdc,0xf0,0xdc,0xf0,0xdc,0xf0,0xdc,0x10,0xdd,0xf0,0xdc,
    0x00,0x00,0xef,0xdc,0x51,0xe5,0x10,0xdd,0xf0,0xdc,0xf0,0xdc,0xf0,0xdc,0xf0,0xdc,0x10,0xdd,0x10,0xdd,0xf0,0xdc,0xf0,0xdc,0xf0,0xdc,0xf0,0xdc,0xf0,0xdc,0xf0,0xdc,0xf0,0xdc,0xf0,0xdc,0xf0,0xdc,0xf0,0xdc,0x10,0xdd,0xf0,0xdc,
    0x55,0xfd,0x00,0x00,0xd0,0xd4,0x51,0xed,0xf0,0xdc,0xf0,0xdc,0xf0,0xdc,0xf0,0xdc,0x8e,0xd4,0x8e,0xd4,0xf0,0xdc,0xf0,0xdc,0xf0,0xdc,0xf0,0xdc,0xf0,0xdc,0xf0,0xdc,0xf0,0xdc,0xf0,0xdc,0x10,0xdd,0xf0,0xdc,0x10,0xdd,0xf0,0xdc,
    0x00,0xf8,0x55,0xfd,0x00,0x00,0xf0,0xdc,0x51,0xed,0x10,0xdd,0xf0,0xdc,0xf0,0xdc,0x6a,0xc3,0x4a,0xc3,0xf0,0xdc,0xf0,0xdc,0xf0,0xdc,0xf0,0xdc,0xf0,0xdc,0xf0,0xdc,0xf0,0xdc,0xcf,0xd4,0xcb,0xcb,0xcf,0xd4,0x31,0xe5,0xf0,0xdc,
    0x00,0x00,0x00,0xf8,0xef,0xfb,0x00,0x00,0x10,0xdd,0x10,0xdd,0x51,0xed,0x10,0xdd,0x4d,0xd4,0x4d,0xcc,0xf0,0xdc,0xf0,0xdc,0xf0,0xdc,0xf0,0xdc,0xf0,0xdc,0xf0,0xdc,0xf0,0xdc,0xcf,0xd4,0x2d,0xcc,0xcf,0xdc,0x31,0xe5,0xf0,0xdc,
    0x00,0x00,0x00,0x00,0x00,0x00,0xef,0xfb,0x00,0x00,0xaf,0xd4,0x10,0xdd,0x10,0xdd,0x71,0xed,0x51,0xe5,0xf0,0xdc,0xf0,0xdc,0xf0,0xdc,0xf0,0xdc,0xf0,0xdc,0xf0,0xdc,0xf0,0xdc,0xf0,0xdc,0x10,0xdd,0x71,0xed,0xf0,0xd4,0x4a,0xad,
    0x00,0x00,0x00,0x00,0x00,0x00,0x00,0x00,0x4a,0xfd,0x00,0x00,0x00,0x00,0x0f,0xdd,0xf0,0xdc,0xf0,0xdc,0x10,0xdd,0x51,0xe5,0x51,0xe5,0x31,0xe5,0x30,0xe5,0x30,0xe5,0x31,0xe5,0x51,0xe5,0x30,0xe5,0x10,0xdd,0xaf,0xd4,0xff,0xff,
    0x00,0x00,0x00,0x00,0x00,0x00,0x00,0x00,0x00,0x00,0xef,0x7b,0x55,0xfd,0x00,0x00,0x00,0x00,0x00,0x00,0x10,0xe5,0x10,0xdd,0xf0,0xdc,0xf0,0xdc,0xf0,0xdc,0xf0,0xdc,0xf0,0xdc,0xf0,0xdc,0x10,0xdd,0x00,0x00,0x00,0x00,0x00,0xf8,
    0x00,0x00,0x00,0x00,0x00,0x00,0x00,0x00,0x00,0x00,0x00,0x00,0x00,0x00,0xef,0x7b,0xef,0xbb,0x00,0x00,0x00,0x00,0x00,0x00,0x00,0x00,0x00,0x00,0x00,0x00,0x00,0x00,0x00,0x00,0x00,0x00,0x00,0x00,0xef,0xfb,0xe0,0xff,0x00,0x00,
    0x00,0x00,0x00,0x00,0x00,0x00,0x00,0x00,0x00,0x00,0x00,0x00,0x00,0x00,0x00,0x00,0x00,0x00,0x00,0x00,0xef,0xfb,0xef,0xbd,0xef,0xbb,0xff,0xff,0x00,0x00,0x00,0x00,0xff,0xff,0xef,0xbb,0x55,0xfd,0x00,0x00,0x00,0x00,0x00,0x00,
    0x00,0x00,0x01,0x03,0x00,0x00,0x00,0x00,0x00,0x00,0x03,0x01,0x00,0x00,0x00,0x00,0x00,0x00,0x00,0x00,0x00,0x00,0x00,0x01,0x00,0x00,0x2a,0x74,0x9a,0x99,0x73,0x24,0x00,0x00,0x01,0x00,0x00,0x00,0x00,0x00,0x00,0x00,0x00,0x00,
    0x01,0x00,0x0c,0x98,0xfb,0xff,0xff,0xff,0xff,0xf7,0x84,0x01,0x00,0x02,0x00,0x00,0x00,0x00,0x00,0x00,0x00,0x00,0x01,0x12,0xc9,0xff,0xff,0xfb,0xfb,0xfb,0xfb,0xff,0xff,0xaf,0x0b,0x00,0x01,0x00,0x00,0x00,0x00,0x00,0x00,0x00,
    0x00,0xaf,0xff,0xf9,0xfe,0xff,0xff,0xff,0xff,0xfe,0xfa,0xff,0xc5,0x11,0x01,0x02,0x00,0x00,0x00,0x00,0x00,0x00,0x52,0xff,0xfb,0xff,0xff,0xff,0xff,0xff,0xff,0xff,0xff,0xfa,0xff,0xac,0x02,0x02,0x00,0x03,0x03,0x01,0x00,0x00,
    0xba,0xfe,0xfc,0xff,0xff,0xff,0xff,0xff,0xff,0xff,0xff,0xff,0xfd,0xff,0x25,0x00,0x00,0x00,0x00,0x00,0x01,0x00,0xe0,0xff,0xfe,0xff,0xff,0xff,0xff,0xff,0xff,0xff,0xff,0xff,0xff,0xfe,0xd2,0xc9,0xcb,0xae,0x60,0x03,0x00,0x01,
    0xdf,0xff,0xfe,0xff,0xff,0xff,0xff,0xff,0xff,0xff,0xff,0xff,0xff,0xff,0xff,0xff,0xff,0xff,0xff,0xc4,0x16,0x01,0xcd,0xff,0xfd,0xff,0xff,0xff,0xff,0xff,0xff,0xff,0xff,0xff,0xff,0xff,0xfd,0xfc,0xfd,0xfc,0xfa,0xff,0xba,0x03,
    0x98,0xff,0xfc,0xff,0xff,0xff,0xff,0xff,0xff,0xff,0xff,0xff,0xff,0xff,0xff,0xff,0xff,0xff,0xff,0xfb,0xff,0x56,0x46,0xff,0xfd,0xff,0xff,0xff,0xff,0xff,0xff,0xff,0xff,0xff,0xff,0xff,0xff,0xff,0xff,0xff,0xff,0xfc,0xfe,0xb4,
    0x04,0xcb,0xff,0xfc,0xff,0xff,0xff,0xff,0xff,0xff,0xff,0xff,0xff,0xff,0xff,0xff,0xff,0xff,0xff,0xfe,0xff,0xe0,0x00,0x44,0xff,0xfb,0xfe,0xff,0xff,0xff,0xff,0xff,0xff,0xff,0xff,0xff,0xff,0xff,0xff,0xff,0xff,0xfe,0xff,0xef,
    0x03,0x00,0x88,0xff,0xfa,0xfe,0xff,0xff,0xff,0xff,0xff,0xff,0xff,0xff,0xff,0xff,0xff,0xff,0xff,0xfe,0xff,0xe5,0x01,0x03,0x00,0x94,0xff,0xff,0xfb,0xfe,0xff,0xff,0xff,0xff,0xff,0xff,0xff,0xff,0xff,0xff,0xff,0xfc,0xfe,0xbd,
    0x00,0x01,0x02,0x00,0x6c,0xf1,0xff,0xff,0xfb,0xfd,0xfe,0xff,0xff,0xff,0xff,0xff,0xff,0xff,0xfe,0xfa,0xff,0x5d,0x00,0x00,0x00,0x02,0x00,0x25,0x99,0xef,0xff,0xff,0xff,0xfc,0xfb,0xfc,0xfd,0xfd,0xfd,0xfb,0xfc,0xff,0xae,0x03,
    0x00,0x00,0x00,0x00,0x03,0x00,0x00,0x1e,0x73,0xc8,0xfb,0xff,0xff,0xff,0xff,0xff,0xff,0xff,0xff,0xa4,0x0c,0x01,0x00,0x00,0x00,0x00,0x00,0x02,0x03,0x00,0x00,0x00,0x2a,0x68,0x9e,0xc6,0xd7,0xd7,0xc7,0x96,0x41,0x00,0x00,0x01,
    0x00,0x00,0x00,0x00,0x00,0x00,0x00,0x02,0x04,0x00,0x00,0x00,0x00,0x00,0x00,0x00,0x00,0x00,0x00,0x02,0x01,0x00,0x00,0x00,0x00,0x00,0x00,0x00,0x00,0x00,0x00,0x00,0x02,0x04,0x04,0x01,0x00,0x00,0x01,0x04,0x03,0x00,0x00,0x00,

};

const lv_image_dsc_t emoji_potato_22 = {
  .header.magic = LV_IMAGE_HEADER_MAGIC,
  .header.cf = LV_COLOR_FORMAT_RGB565A8,
  .header.flags = 0,
  .header.w = 22,
  .header.h = 22,
  .header.stride = 44,
  .data_size = sizeof(emoji_potato_22_map),
  .data = emoji_potato_22_map,
};




#ifndef LV_ATTRIBUTE_MEM_ALIGN
#define LV_ATTRIBUTE_MEM_ALIGN
#endif

#ifndef LV_ATTRIBUTE_EMOJI_HAMMER_PICK_22
#define LV_ATTRIBUTE_EMOJI_HAMMER_PICK_22
#endif

static const
LV_ATTRIBUTE_MEM_ALIGN LV_ATTRIBUTE_LARGE_CONST LV_ATTRIBUTE_EMOJI_HAMMER_PICK_22
uint8_t emoji_hammer_pick_22_map[] = {

    0x00,0x00,0x00,0x00,0xef,0x7b,0x00,0x00,0x00,0x00,0xaf,0x63,0xf0,0x6b,0xaf,0x63,0x00,0x00,0xef,0x7b,0x00,0x00,0x00,0x00,0xef,0x7b,0x00,0x00,0xaf,0x63,0xf0,0x6b,0xaf,0x63,0x00,0x00,0x00,0x00,0xef,0x7b,0x00,0x00,0x00,0x00,
    0x00,0x00,0x00,0x00,0x00,0x00,0xa1,0xfc,0xaf,0x6b,0xd0,0x6b,0xaf,0x63,0xd0,0x6b,0xaf,0x63,0x00,0x00,0xef,0x7b,0xef,0x7b,0x00,0x00,0xaf,0x63,0xd0,0x6b,0xaf,0x63,0xd0,0x6b,0xaf,0x6b,0xc0,0xdb,0x00,0x00,0x00,0x00,0x00,0x00,
    0x4a,0xad,0xe0,0xfd,0x80,0xfc,0x4a,0xac,0xd1,0x63,0xaf,0x63,0xaf,0x63,0xaf,0x63,0xf1,0x6b,0xaf,0x63,0x00,0x00,0x00,0x00,0xaf,0x63,0xf1,0x6b,0xaf,0x63,0xaf,0x63,0xaf,0x63,0xd1,0x63,0xea,0x9b,0xc0,0xdb,0xe0,0xfb,0xa0,0xaa,
    0x00,0x00,0xa0,0xfc,0x4a,0xac,0x91,0x5b,0xaf,0x63,0xaf,0x63,0xaf,0x63,0xaf,0x63,0xf0,0x6b,0xaf,0x63,0x00,0x00,0x00,0x00,0xaf,0x63,0xf0,0x6b,0xaf,0x63,0xaf,0x63,0xaf,0x63,0xaf,0x63,0xb1,0x5b,0xea,0x9b,0xc0,0xe3,0x00,0x00,
    0x00,0x00,0xaf,0x6b,0xd1,0x63,0xaf,0x63,0xaf,0x63,0xaf,0x63,0xaf,0x63,0xb0,0x63,0xd0,0x63,0xaf,0x6b,0x00,0x00,0x00,0x00,0x8f,0x6b,0xd0,0x63,0xb0,0x63,0xaf,0x63,0xaf,0x63,0xaf,0x63,0xaf,0x63,0xd1,0x6b,0xae,0x6b,0x00,0x00,
    0xaf,0x63,0xd0,0x6b,0xaf,0x63,0xaf,0x63,0xaf,0x63,0xaf,0x63,0xb0,0x63,0xf0,0x73,0xac,0x83,0x00,0x00,0x26,0x9b,0x26,0x9b,0x00,0x00,0xac,0x7b,0xf0,0x73,0xb0,0x63,0xaf,0x63,0xaf,0x63,0xaf,0x63,0xaf,0x63,0xb0,0x63,0x8f,0x63,
    0xf0,0x6b,0xaf,0x63,0xaf,0x63,0xaf,0x63,0xaf,0x63,0xb0,0x63,0xb0,0x63,0x46,0xcc,0xa0,0xfc,0x22,0xe4,0x00,0x00,0x00,0x00,0x82,0xc3,0xe0,0xe3,0xc5,0xb3,0xb0,0x63,0xb0,0x63,0xaf,0x63,0xaf,0x63,0xaf,0x63,0xd0,0x6b,0xaf,0x63,
    0xaf,0x63,0xd0,0x6b,0xaf,0x63,0xaf,0x63,0xb0,0x63,0xf0,0x73,0x46,0xcc,0x80,0xfc,0xc1,0xfc,0xa1,0xfc,0xc1,0xf4,0x81,0xc3,0xe1,0xdb,0x01,0xe4,0xc0,0xdb,0xc5,0xb3,0xf0,0x73,0xb0,0x63,0xaf,0x63,0xaf,0x63,0xd0,0x6b,0xaf,0x63,
    0x00,0x00,0xaf,0x63,0xf1,0x6b,0xf0,0x6b,0xb0,0x63,0xcb,0x8b,0x80,0xfc,0xa1,0xfc,0x61,0xf4,0xc1,0xfc,0x81,0xf4,0xc1,0xdb,0xe1,0xe3,0xa1,0xd3,0xe1,0xdb,0xc0,0xdb,0xab,0x83,0xb0,0x63,0xb0,0x6b,0xaf,0x63,0xb0,0x63,0xaf,0x63,
    0x55,0x55,0x00,0x00,0xaf,0x63,0xf0,0x6b,0xaf,0x6b,0x00,0x00,0x62,0xe4,0x81,0xfc,0xa1,0xfc,0x61,0xf4,0xa1,0xfc,0x81,0xf4,0xc1,0xd3,0xe1,0xdb,0xe1,0xdb,0xa2,0xcb,0x00,0x00,0xaf,0x6b,0xb0,0x6b,0xb0,0x6b,0x8f,0x63,0xaf,0x63,
    0x00,0x00,0xef,0x7b,0x00,0x00,0x00,0x00,0x00,0x00,0xc6,0x9c,0x00,0x00,0x81,0xf4,0xa1,0xfc,0x81,0xfc,0x61,0xf4,0x81,0xf4,0x81,0xf4,0xe1,0xdb,0x80,0xd3,0x00,0x00,0x69,0x6b,0x00,0x00,0x8f,0x63,0xd0,0x6b,0xf1,0x6b,0xaf,0x63,
    0x00,0x00,0x00,0x00,0xaa,0x52,0xff,0xff,0xef,0x7b,0xa0,0xaa,0x00,0x00,0x81,0xc3,0xe1,0xdb,0x81,0xf4,0x81,0xf4,0x81,0xf4,0xa1,0xfc,0x81,0xf4,0x61,0xf4,0x00,0x00,0x40,0xfd,0xef,0x3b,0x00,0x00,0x8f,0x63,0xd0,0x6b,0xaf,0x63,
    0x00,0x00,0x00,0x00,0x00,0x00,0x00,0x00,0xa0,0xfa,0x00,0x00,0x81,0xcb,0xc1,0xdb,0xe1,0xe3,0xc1,0xdb,0x81,0xf4,0xa1,0xfc,0x61,0xf4,0xc1,0xfc,0x81,0xf4,0x41,0xec,0x00,0x00,0x40,0xfd,0xef,0x7b,0x00,0x00,0x00,0x00,0x00,0x00,
    0x00,0x00,0x00,0x00,0x00,0x00,0x40,0xfd,0x00,0x00,0xa0,0xcb,0xc1,0xdb,0xe1,0xe3,0xc1,0xd3,0xe1,0xdb,0xe1,0xdb,0x81,0xf4,0xa1,0xfc,0x61,0xf4,0xa1,0xfc,0x81,0xfc,0x20,0xec,0x00,0x00,0x40,0xfd,0xef,0x7b,0xef,0x7b,0xef,0x7b,
    0x00,0x00,0x00,0x00,0x40,0xfd,0x00,0x00,0xa0,0xcb,0xc1,0xdb,0xe1,0xe3,0xa1,0xd3,0xe1,0xdb,0xe1,0xdb,0x40,0xc3,0xa1,0xf4,0xa1,0xfc,0xa1,0xfc,0x61,0xf4,0xa1,0xfc,0x81,0xfc,0x61,0xec,0x00,0x00,0x40,0xfd,0x00,0x00,0x00,0x00,
    0x00,0x00,0xa0,0xfa,0x00,0x00,0xa0,0xcb,0xc1,0xdb,0xe1,0xe3,0xa1,0xd3,0xe1,0xdb,0xc1,0xdb,0xa1,0xcb,0x00,0x00,0x00,0x00,0x41,0xec,0xa1,0xfc,0xa1,0xfc,0x61,0xf4,0xa1,0xfc,0x81,0xfc,0x20,0xe4,0x00,0x00,0x40,0xfd,0x00,0x00,
    0xe0,0x7b,0x00,0x00,0xc1,0xd3,0xc1,0xdb,0xe1,0xe3,0xa1,0xd3,0xe1,0xdb,0xc1,0xdb,0xa0,0xcb,0x00,0x00,0xe0,0xb9,0xe0,0xfb,0x00,0x00,0x61,0xec,0xa1,0xfc,0xa1,0xfc,0x61,0xf4,0xa1,0xfc,0x81,0xfc,0x41,0xf4,0x00,0x00,0xe0,0xfb,
    0xe0,0xff,0xa0,0xcb,0xc1,0xdb,0xe1,0xe3,0xa1,0xd3,0xe1,0xdb,0xc1,0xdb,0xa1,0xcb,0x00,0x00,0xe0,0xbb,0x00,0x00,0x00,0x00,0xe0,0xbb,0x00,0x00,0x61,0xec,0x81,0xfc,0xa1,0xfc,0x61,0xf4,0xa1,0xfc,0x81,0xfc,0x60,0xec,0xe0,0xff,
    0x00,0x00,0xc1,0xd3,0x01,0xe4,0xc1,0xd3,0xe1,0xdb,0xe1,0xdb,0xa0,0xcb,0x00,0x00,0xe0,0xbb,0x00,0x00,0x00,0x00,0x00,0x00,0x00,0x00,0xe0,0xfb,0x00,0x00,0x61,0xec,0xa1,0xfc,0xa1,0xfc,0x61,0xf4,0xc1,0xfc,0x81,0xf4,0x00,0x00,
    0x00,0x00,0xc1,0xd3,0x01,0xe4,0x01,0xe4,0xc1,0xdb,0xa1,0xcb,0x00,0x00,0xe0,0xbb,0x00,0x00,0x00,0x00,0x00,0x00,0x00,0x00,0x00,0x00,0x00,0x00,0xe0,0xfb,0x00,0x00,0x41,0xec,0x81,0xf4,0xc1,0xfc,0xc1,0xfc,0x81,0xf4,0x00,0x00,
    0x00,0x00,0xa1,0xd3,0xe1,0xe3,0xe1,0xdb,0xa0,0xd3,0x00,0x00,0xe0,0xbb,0x00,0x00,0x00,0x00,0x00,0x00,0x00,0x00,0x00,0x00,0x00,0x00,0x00,0x00,0x00,0x00,0xe0,0xfb,0x00,0x00,0x61,0xec,0x81,0xfc,0xc1,0xfc,0x81,0xf4,0x00,0x00,
    0x00,0x00,0x00,0x00,0xa0,0xaa,0x00,0x00,0x00,0x00,0xe0,0xfb,0x00,0x00,0x00,0x00,0x00,0x00,0x00,0x00,0x00,0x00,0x00,0x00,0x00,0x00,0x00,0x00,0x00,0x00,0x00,0x00,0xe0,0xfb,0x00,0x00,0x00,0x00,0xe0,0xd3,0x00,0x00,0x00,0x00,
    0x00,0x00,0x02,0x00,0x00,0xa4,0xfe,0x81,0x00,0x04,0x00,0x00,0x04,0x00,0x81,0xfe,0xa4,0x00,0x00,0x02,0x00,0x00,0x01,0x00,0x00,0x3e,0xa5,0xff,0xfc,0xff,0x7b,0x00,0x02,0x02,0x00,0x7b,0xff,0xfc,0xff,0xa5,0x3e,0x00,0x00,0x01,
    0x03,0x04,0x8e,0xff,0xff,0xfe,0xff,0xfc,0xff,0x74,0x00,0x00,0x74,0xff,0xfc,0xff,0xfe,0xff,0xff,0x8e,0x04,0x03,0x00,0x37,0xff,0xfc,0xfc,0xff,0xff,0xfc,0xff,0xd7,0x00,0x00,0xd7,0xff,0xfc,0xff,0xff,0xfc,0xfc,0xff,0x39,0x00,
    0x00,0xa6,0xfd,0xfc,0xff,0xff,0xfe,0xfd,0xf7,0x50,0x00,0x00,0x50,0xf7,0xfd,0xfe,0xff,0xff,0xfb,0xfd,0x95,0x00,0xa4,0xff,0xfd,0xff,0xff,0xff,0xfc,0xff,0x6b,0x00,0x05,0x05,0x00,0x6b,0xff,0xfc,0xff,0xff,0xff,0xfe,0xfe,0x40,
    0xff,0xfc,0xfe,0xff,0xfe,0xfc,0xfc,0xfe,0xcf,0x22,0x00,0x00,0x22,0xcf,0xfe,0xfc,0xfc,0xfe,0xff,0xfc,0xff,0xa6,0x81,0xff,0xfc,0xfc,0xff,0xff,0xff,0xfc,0xff,0xda,0x19,0x19,0xda,0xff,0xfc,0xff,0xff,0xff,0xfe,0xfe,0xff,0xd8,
    0x00,0x7b,0xff,0xff,0xfc,0x76,0xdf,0xff,0xf9,0xff,0xd7,0xd7,0xff,0xf9,0xff,0xdf,0x76,0xfd,0xff,0xfc,0xff,0xf4,0x03,0x00,0x74,0xc9,0x4f,0x00,0x2d,0xe6,0xff,0xfc,0xff,0xff,0xfc,0xff,0xe6,0x2d,0x00,0x55,0xfd,0xff,0xfb,0xff,
    0x00,0x02,0x00,0x00,0x00,0x05,0x00,0x26,0xdc,0xfe,0xfc,0xfc,0xfe,0xdc,0x26,0x00,0x07,0x00,0x52,0xf5,0xff,0xfc,0x00,0x00,0x03,0x01,0x02,0x03,0x00,0x19,0xd6,0xfe,0xfb,0xfb,0xfe,0xd6,0x19,0x00,0x03,0x04,0x00,0x35,0xb3,0x7b,
    0x00,0x00,0x00,0x00,0x03,0x00,0x1f,0xdd,0xff,0xfc,0xff,0xff,0xfc,0xff,0xdd,0x1f,0x00,0x03,0x02,0x00,0x00,0x00,0x00,0x00,0x00,0x03,0x00,0x20,0xda,0xff,0xf9,0xff,0xe2,0xe2,0xff,0xf9,0xff,0xda,0x20,0x00,0x03,0x02,0x02,0x02,
    0x00,0x00,0x03,0x00,0x20,0xda,0xff,0xf9,0xff,0xe5,0x24,0x24,0xe5,0xff,0xf9,0xff,0xda,0x20,0x00,0x03,0x00,0x00,0x00,0x03,0x00,0x20,0xda,0xff,0xf9,0xff,0xe5,0x2b,0x00,0x00,0x2b,0xe5,0xff,0xf9,0xff,0xda,0x20,0x00,0x03,0x00,
    0x02,0x00,0x1f,0xdb,0xff,0xf9,0xff,0xe5,0x2b,0x00,0x04,0x04,0x00,0x2b,0xe5,0xff,0xf9,0xff,0xdb,0x1f,0x00,0x02,0x01,0x20,0xdb,0xff,0xf9,0xff,0xe5,0x2b,0x00,0x04,0x00,0x00,0x04,0x00,0x2b,0xe5,0xff,0xf9,0xff,0xdb,0x20,0x01,
    0x00,0xb2,0xff,0xf6,0xff,0xe5,0x2b,0x00,0x04,0x00,0x00,0x00,0x00,0x04,0x00,0x2b,0xe5,0xff,0xf6,0xff,0xb2,0x00,0x00,0xd5,0xff,0xff,0xe7,0x2b,0x00,0x04,0x00,0x00,0x00,0x00,0x00,0x00,0x04,0x00,0x2b,0xe7,0xff,0xff,0xd5,0x00,
    0x00,0x51,0xd5,0xc1,0x29,0x00,0x04,0x00,0x00,0x00,0x00,0x00,0x00,0x00,0x00,0x04,0x00,0x29,0xc1,0xd5,0x51,0x00,0x00,0x00,0x06,0x00,0x00,0x02,0x00,0x00,0x00,0x00,0x00,0x00,0x00,0x00,0x00,0x00,0x02,0x00,0x00,0x06,0x00,0x00,

};

const lv_image_dsc_t emoji_hammer_pick_22 = {
  .header.magic = LV_IMAGE_HEADER_MAGIC,
  .header.cf = LV_COLOR_FORMAT_RGB565A8,
  .header.flags = 0,
  .header.w = 22,
  .header.h = 22,
  .header.stride = 44,
  .data_size = sizeof(emoji_hammer_pick_22_map),
  .data = emoji_hammer_pick_22_map,
};




#ifndef LV_ATTRIBUTE_MEM_ALIGN
#define LV_ATTRIBUTE_MEM_ALIGN
#endif

#ifndef LV_ATTRIBUTE_EMOJI_PENGUIN_22
#define LV_ATTRIBUTE_EMOJI_PENGUIN_22
#endif

static const
LV_ATTRIBUTE_MEM_ALIGN LV_ATTRIBUTE_LARGE_CONST LV_ATTRIBUTE_EMOJI_PENGUIN_22
uint8_t emoji_penguin_22_map[] = {

    0x00,0x00,0x00,0x00,0x00,0x00,0x00,0x00,0x00,0x00,0x00,0x00,0x00,0x00,0x00,0x00,0x00,0x00,0x83,0x08,0x45,0x21,0x46,0x19,0xe6,0x08,0x06,0x00,0x00,0x00,0x00,0x00,0xe0,0xfb,0xe0,0xff,0x00,0x00,0x00,0x00,0x00,0x00,0x00,0x00,
    0x00,0x00,0x00,0x00,0x00,0x00,0x00,0x00,0x00,0x00,0x00,0x00,0xef,0x7b,0x00,0x00,0x08,0x3a,0x55,0xa5,0x6a,0x4a,0x85,0x62,0x67,0x8b,0xe6,0xab,0x46,0xf5,0x06,0xed,0x00,0x00,0x00,0x00,0x00,0x00,0x00,0x00,0x00,0x00,0x00,0x00,
    0x00,0x00,0x00,0x00,0x00,0x00,0x00,0x00,0x00,0x00,0xaa,0x02,0x00,0x00,0x45,0x21,0x49,0x42,0x1c,0xdf,0x4c,0x6b,0x45,0xfd,0x26,0xfe,0x07,0xfe,0x06,0xfe,0xc6,0xfd,0x66,0xfd,0x86,0xfd,0xe0,0xff,0xe0,0xff,0x00,0x00,0x00,0x00,
    0x00,0x00,0x00,0x00,0x00,0x00,0x00,0x00,0xaa,0x52,0x00,0x00,0x86,0x29,0x86,0x29,0x04,0x19,0xe4,0x10,0x05,0x19,0xa5,0x6a,0x84,0xa3,0xa5,0xab,0x06,0xb4,0x86,0xd4,0xa6,0xfd,0x46,0xfd,0x00,0x00,0x4a,0xfd,0x00,0x00,0x00,0x00,
    0x00,0x00,0x00,0x00,0x00,0x00,0x00,0x00,0x00,0x00,0x55,0xad,0x65,0x21,0x86,0x29,0x35,0xa5,0x71,0x84,0x49,0x42,0x09,0x3a,0x11,0x7c,0xf5,0x94,0x46,0x19,0x05,0x11,0x00,0x00,0x00,0x00,0x00,0x00,0x00,0x00,0x00,0x00,0x00,0x00,
    0x00,0x00,0x00,0x00,0x00,0x00,0xe7,0x39,0x00,0x00,0x86,0x29,0x45,0x21,0x96,0xad,0xff,0xff,0xff,0xff,0xbf,0xf7,0xdf,0xf7,0xff,0xff,0xff,0xff,0xb6,0xb5,0x65,0x21,0xa6,0x31,0x00,0x00,0xe7,0x39,0x00,0x00,0x00,0x00,0x00,0x00,
    0x00,0x00,0x00,0x00,0xaa,0x52,0x00,0x00,0xa7,0x31,0x25,0x19,0xaf,0x73,0xff,0xff,0xbe,0xf7,0xbe,0xf7,0xdf,0xf7,0xdf,0xf7,0xbe,0xf7,0xbe,0xf7,0xff,0xff,0xaf,0x73,0x25,0x19,0xa7,0x31,0x00,0x00,0xaa,0x52,0x00,0x00,0x00,0x00,
    0x00,0x00,0x00,0x00,0x00,0x00,0x66,0x29,0x86,0x29,0x66,0x29,0xba,0xd6,0xff,0xff,0xbf,0xf7,0xdf,0xf7,0xdf,0xf7,0xdf,0xf7,0xdf,0xf7,0xbf,0xf7,0xff,0xff,0xba,0xd6,0x66,0x29,0x86,0x29,0x66,0x29,0x00,0x00,0x00,0x00,0x00,0x00,
    0x00,0x00,0x00,0x00,0x00,0x00,0x86,0x29,0x45,0x21,0xec,0x52,0xff,0xff,0xbf,0xf7,0xdf,0xf7,0xdf,0xf7,0xdf,0xf7,0xdf,0xf7,0xdf,0xf7,0xdf,0xf7,0xbf,0xf7,0xff,0xff,0xec,0x52,0x45,0x21,0x86,0x29,0x00,0x00,0x00,0x00,0x00,0x00,
    0xe7,0x39,0x00,0x00,0x66,0x29,0xa7,0x29,0x04,0x19,0x72,0x8c,0xff,0xff,0xbe,0xf7,0xdf,0xf7,0xdf,0xf7,0xdf,0xf7,0xdf,0xf7,0xdf,0xf7,0xdf,0xf7,0xbe,0xf7,0xff,0xff,0x72,0x8c,0x04,0x19,0xa7,0x29,0x66,0x29,0x00,0x00,0xe7,0x39,
    0x00,0x00,0x0f,0x00,0x66,0x29,0xa7,0x29,0x04,0x19,0x55,0xa5,0xff,0xff,0xbe,0xf7,0xdf,0xf7,0xdf,0xf7,0xdf,0xf7,0xdf,0xf7,0xdf,0xf7,0xdf,0xf7,0xbe,0xf7,0xff,0xff,0x55,0xa5,0x04,0x19,0xa7,0x29,0x66,0x29,0x0f,0x00,0x00,0x00,
    0x00,0x00,0x86,0x29,0x86,0x29,0x86,0x29,0x25,0x21,0xf7,0xbd,0xff,0xff,0xbf,0xf7,0xdf,0xf7,0xdf,0xf7,0xdf,0xf7,0xdf,0xf7,0xdf,0xf7,0xdf,0xf7,0xbf,0xf7,0xff,0xff,0xf7,0xbd,0x25,0x21,0x86,0x29,0x86,0x29,0x86,0x29,0x00,0x00,
    0x00,0x00,0x66,0x21,0x86,0x29,0x86,0x29,0x25,0x21,0xf8,0xbd,0xff,0xff,0xbf,0xf7,0xdf,0xf7,0xdf,0xf7,0xdf,0xf7,0xdf,0xf7,0xdf,0xf7,0xdf,0xf7,0xbf,0xf7,0xff,0xff,0xf8,0xbd,0x25,0x21,0x86,0x29,0x86,0x29,0x66,0x21,0x00,0x00,
    0x00,0x00,0x66,0x29,0x86,0x29,0x86,0x29,0x25,0x19,0x76,0xad,0xff,0xff,0xbe,0xf7,0xdf,0xf7,0xdf,0xf7,0xdf,0xf7,0xdf,0xf7,0xdf,0xf7,0xdf,0xf7,0xbe,0xf7,0xff,0xff,0x76,0xad,0x25,0x19,0x86,0x29,0x86,0x29,0x66,0x29,0x00,0x00,
    0x86,0x31,0x66,0x29,0x86,0x29,0x86,0x29,0xe4,0x18,0x92,0x8c,0xff,0xff,0xbe,0xf7,0xdf,0xf7,0xdf,0xf7,0xdf,0xf7,0xdf,0xf7,0xdf,0xf7,0xdf,0xf7,0xbe,0xf7,0xff,0xff,0x92,0x8c,0xe4,0x18,0x86,0x29,0x86,0x29,0x66,0x29,0x86,0x31,
    0xa6,0x29,0x66,0x29,0x86,0x29,0xc7,0x31,0x04,0x19,0x2c,0x5b,0xff,0xff,0xbf,0xf7,0xdf,0xf7,0xdf,0xf7,0xdf,0xf7,0xdf,0xf7,0xdf,0xf7,0xdf,0xf7,0xbf,0xf7,0xff,0xff,0x2d,0x5b,0x04,0x19,0xc7,0x31,0x86,0x29,0x66,0x29,0xa6,0x29,
    0xc7,0x19,0x66,0x29,0x66,0x29,0x00,0x00,0x66,0x29,0xa7,0x31,0xfc,0xde,0xff,0xff,0xbf,0xf7,0xdf,0xf7,0xdf,0xf7,0xdf,0xf7,0xdf,0xf7,0xbf,0xf7,0xff,0xff,0xfc,0xde,0xa7,0x31,0x66,0x29,0x00,0x00,0x66,0x29,0x66,0x29,0xc7,0x19,
    0x00,0x00,0x65,0x29,0x00,0x00,0x00,0x00,0xa7,0x29,0x25,0x19,0x30,0x84,0xff,0xff,0x9e,0xf7,0xdf,0xf7,0xdf,0xf7,0xdf,0xf7,0xdf,0xf7,0x9e,0xf7,0xff,0xff,0x30,0x84,0x25,0x19,0xa7,0x29,0x00,0xf8,0x00,0x00,0x65,0x29,0x00,0x00,
    0x00,0x00,0x00,0x00,0x00,0x00,0x00,0x00,0x46,0x5a,0x66,0x21,0x26,0x19,0x39,0xc6,0xff,0xff,0xbe,0xf7,0xbe,0xf7,0xbe,0xf7,0xbe,0xf7,0xff,0xff,0x39,0xc6,0x26,0x19,0x66,0x21,0x46,0x5a,0x00,0x00,0x00,0x00,0x00,0x00,0x00,0x00,
    0x00,0x00,0xe0,0x7b,0x00,0x00,0x46,0xf5,0x86,0xfd,0xe6,0xe4,0x46,0x52,0x87,0x21,0xd8,0xad,0xff,0xf7,0xff,0xf7,0xff,0xf7,0xff,0xf7,0xd8,0xad,0x87,0x21,0x46,0x52,0xe6,0xe4,0x86,0xfd,0x06,0xf5,0x00,0x00,0xe0,0x7b,0x00,0x00,
    0x00,0x00,0xe0,0xff,0x00,0x00,0xa6,0xfd,0x46,0xfd,0xa6,0xfd,0x86,0xfd,0x66,0xcc,0xa6,0xa3,0x6e,0xd5,0xb5,0xf6,0xb5,0xf6,0x6e,0xd5,0xa6,0xa3,0x66,0xcc,0x86,0xfd,0xa6,0xfd,0x46,0xfd,0x65,0xfd,0x00,0x00,0xe0,0xff,0x00,0x00,
    0x00,0x00,0xe0,0xfb,0x00,0x00,0x47,0xfd,0x66,0xfd,0x66,0xfd,0x46,0xfd,0xa6,0xfd,0xc6,0xfd,0x23,0xfd,0x40,0xfc,0x40,0xfc,0x23,0xfd,0xc6,0xfd,0xa6,0xfd,0x46,0xfd,0x66,0xfd,0x66,0xfd,0x45,0xfd,0x00,0x00,0xe0,0xfb,0x00,0x00,
    0x00,0x00,0x00,0x00,0x00,0x00,0x01,0x00,0x06,0x90,0xf6,0xf6,0x90,0x05,0x00,0x00,0x02,0x01,0x00,0x00,0x00,0x00,0x00,0x00,0x00,0x00,0x00,0x01,0x02,0x07,0xb1,0xff,0xfe,0xff,0xff,0xb8,0x62,0x2a,0x00,0x00,0x00,0x00,0x00,0x00,
    0x00,0x00,0x00,0x00,0x00,0x03,0x00,0x9e,0xff,0xfa,0xff,0xff,0xfd,0xff,0xff,0xff,0xbb,0x21,0x01,0x01,0x00,0x00,0x00,0x00,0x00,0x00,0x03,0x00,0x51,0xff,0xfa,0xfe,0xff,0xff,0xff,0xfb,0xfc,0xd3,0xb7,0x5c,0x00,0x03,0x00,0x00,
    0x00,0x00,0x00,0x01,0x03,0x03,0xdb,0xfe,0xfd,0xff,0xff,0xff,0xff,0xfd,0xff,0xcc,0x00,0x00,0x01,0x00,0x00,0x00,0x00,0x00,0x00,0x04,0x00,0x75,0xff,0xfc,0xff,0xff,0xff,0xff,0xff,0xff,0xfc,0xff,0x79,0x00,0x04,0x00,0x00,0x00,
    0x00,0x00,0x03,0x00,0x52,0xfe,0xfc,0xfe,0xff,0xff,0xff,0xff,0xff,0xff,0xfe,0xfc,0xfe,0x52,0x00,0x03,0x00,0x00,0x00,0x02,0x00,0x26,0xf2,0xfe,0xfe,0xff,0xff,0xff,0xff,0xff,0xff,0xff,0xff,0xfe,0xfe,0xf2,0x26,0x00,0x02,0x00,
    0x00,0x02,0x03,0xc1,0xff,0xfc,0xff,0xff,0xff,0xff,0xff,0xff,0xff,0xff,0xff,0xff,0xfc,0xff,0xc1,0x03,0x02,0x00,0x04,0x00,0x58,0xff,0xfc,0xff,0xff,0xff,0xff,0xff,0xff,0xff,0xff,0xff,0xff,0xff,0xff,0xfc,0xff,0x58,0x00,0x04,
    0x01,0x02,0xcc,0xfe,0xfc,0xff,0xff,0xff,0xff,0xff,0xff,0xff,0xff,0xff,0xff,0xff,0xff,0xfc,0xfe,0xcc,0x02,0x01,0x00,0x33,0xfe,0xfe,0xff,0xff,0xff,0xff,0xff,0xff,0xff,0xff,0xff,0xff,0xff,0xff,0xff,0xff,0xfe,0xfe,0x33,0x00,
    0x00,0x7a,0xff,0xfa,0xff,0xff,0xff,0xff,0xff,0xff,0xff,0xff,0xff,0xff,0xff,0xff,0xff,0xff,0xfa,0xff,0x7a,0x00,0x00,0xb3,0xfe,0xff,0xff,0xff,0xff,0xff,0xff,0xff,0xff,0xff,0xff,0xff,0xff,0xff,0xff,0xff,0xff,0xfe,0xb3,0x00,
    0x05,0xd1,0xff,0xc4,0xee,0xff,0xfe,0xff,0xff,0xff,0xff,0xff,0xff,0xff,0xff,0xfe,0xff,0xee,0xc4,0xff,0xd1,0x05,0x13,0xf2,0xf2,0x2c,0xe6,0xff,0xfe,0xff,0xff,0xff,0xff,0xff,0xff,0xff,0xff,0xfe,0xff,0xe6,0x2c,0xf2,0xf2,0x13,
    0x09,0xd4,0x5d,0x00,0xcc,0xfe,0xfc,0xff,0xff,0xff,0xff,0xff,0xff,0xff,0xff,0xfc,0xfe,0xcc,0x00,0x5d,0xd4,0x09,0x00,0x0b,0x00,0x01,0x74,0xff,0xfc,0xff,0xff,0xff,0xff,0xff,0xff,0xff,0xff,0xfc,0xff,0x74,0x01,0x00,0x0b,0x00,
    0x00,0x00,0x03,0x00,0x0e,0xd4,0xff,0xfd,0xff,0xff,0xfe,0xfe,0xff,0xff,0xfd,0xff,0xd4,0x0e,0x00,0x03,0x00,0x00,0x00,0x02,0x00,0x18,0xc6,0xe5,0xfe,0xfd,0xfd,0xfc,0xff,0xff,0xfc,0xfd,0xfd,0xfe,0xe5,0xc7,0x19,0x00,0x02,0x00,
    0x00,0x01,0x00,0x0e,0xef,0xff,0xff,0xff,0xff,0xff,0xf8,0xf8,0xff,0xff,0xff,0xff,0xff,0xf0,0x10,0x00,0x01,0x00,0x00,0x02,0x00,0x1b,0xf1,0xfe,0xef,0xd4,0xb1,0x7a,0x30,0x30,0x7a,0xb1,0xd4,0xef,0xfe,0xf0,0x1b,0x00,0x02,0x00,

};

const lv_image_dsc_t emoji_penguin_22 = {
  .header.magic = LV_IMAGE_HEADER_MAGIC,
  .header.cf = LV_COLOR_FORMAT_RGB565A8,
  .header.flags = 0,
  .header.w = 22,
  .header.h = 22,
  .header.stride = 44,
  .data_size = sizeof(emoji_penguin_22_map),
  .data = emoji_penguin_22_map,
};




#ifndef LV_ATTRIBUTE_MEM_ALIGN
#define LV_ATTRIBUTE_MEM_ALIGN
#endif

#ifndef LV_ATTRIBUTE_EMOJI_FOX_22
#define LV_ATTRIBUTE_EMOJI_FOX_22
#endif

static const
LV_ATTRIBUTE_MEM_ALIGN LV_ATTRIBUTE_LARGE_CONST LV_ATTRIBUTE_EMOJI_FOX_22
uint8_t emoji_fox_22_map[] = {

    0x00,0x00,0x00,0x00,0x00,0x00,0xe0,0xfb,0xe0,0xfb,0x00,0x00,0x00,0x00,0x00,0x00,0x00,0x00,0x00,0x00,0x00,0x00,0x00,0x00,0x00,0x00,0x00,0x00,0x00,0x00,0x00,0x00,0x00,0x00,0xe0,0xfb,0xe0,0xfb,0x00,0x00,0x00,0x00,0x00,0x00,
    0x81,0xf4,0xa1,0xfc,0x81,0xfc,0x00,0x00,0x00,0x00,0x40,0xfd,0x00,0xf8,0x00,0x00,0x00,0x00,0x00,0x00,0x00,0x00,0x00,0x00,0x00,0x00,0x00,0x00,0x00,0x00,0x00,0xf8,0x40,0xfd,0x00,0x00,0x00,0x00,0x81,0xf4,0xa1,0xfc,0x61,0xf4,
    0x81,0xf4,0x81,0xfc,0x81,0xfc,0xe1,0xfc,0x21,0xf4,0x00,0x00,0x00,0x00,0xe0,0xfb,0x00,0x00,0xe0,0xff,0xe0,0xff,0xe0,0xff,0xe0,0xff,0x00,0x00,0xe0,0xfb,0x00,0x00,0x00,0x00,0x21,0xec,0xe1,0xfc,0x81,0xfc,0x81,0xfc,0x81,0xf4,
    0xe1,0xfc,0x42,0xca,0x03,0xa9,0xa2,0xeb,0xc1,0xfc,0xc1,0xfc,0x42,0xd3,0x00,0x00,0xa0,0xaa,0x00,0x00,0x00,0x00,0x00,0x00,0x00,0x00,0xa0,0xaa,0x00,0x00,0x42,0xd3,0xc1,0xfc,0xc1,0xfc,0xa2,0xeb,0xe3,0xa8,0x42,0xca,0xe1,0xfc,
    0xe1,0xfc,0xa2,0xd2,0x04,0x90,0x03,0x98,0xa3,0xb9,0x61,0xfc,0xc1,0xfc,0x40,0xf4,0x00,0x00,0x45,0xfc,0x84,0xfc,0x84,0xfc,0x05,0xfd,0x00,0x00,0x40,0xf4,0xc1,0xfc,0x61,0xfc,0xa3,0xb9,0x03,0x98,0x04,0x90,0xa2,0xda,0xe1,0xfc,
    0xe1,0xfc,0x82,0xeb,0x03,0x98,0x23,0xa0,0x03,0x98,0x23,0xa0,0xe2,0xf3,0xa3,0xf4,0x64,0xec,0x64,0xf4,0x64,0xf4,0x64,0xf4,0x64,0xf4,0x64,0xec,0xa3,0xf4,0xe2,0xeb,0x23,0xa0,0x03,0x98,0x23,0xa0,0x03,0x98,0xa2,0xeb,0xe1,0xfc,
    0xa1,0xf4,0x61,0xf4,0x63,0xa0,0x03,0x98,0x23,0xa0,0x64,0xca,0x44,0xec,0x85,0xf4,0xa5,0xfc,0x84,0xfc,0x84,0xf4,0x84,0xf4,0x84,0xfc,0xa5,0xfc,0x85,0xf4,0x44,0xec,0x64,0xca,0x23,0xa0,0x03,0x98,0x63,0xa0,0x61,0xfc,0xa1,0xf4,
    0x02,0xec,0xc1,0xfc,0xc3,0xc1,0x03,0x90,0x04,0xd3,0xe4,0xfc,0x84,0xf4,0x64,0xec,0x64,0xec,0x64,0xf4,0x64,0xf4,0x64,0xf4,0x64,0xf4,0x64,0xec,0x64,0xec,0x84,0xf4,0xe4,0xfc,0x04,0xd3,0x03,0x90,0xc2,0xc1,0xc1,0xfc,0x02,0xec,
    0x00,0x00,0xc1,0xfc,0xe2,0xf3,0x64,0xca,0xc4,0xfc,0x64,0xec,0x84,0xf4,0xa4,0xfc,0x84,0xfc,0x64,0xf4,0x64,0xf4,0x64,0xf4,0x64,0xf4,0x84,0xfc,0xa4,0xfc,0x84,0xf4,0x64,0xec,0xc4,0xfc,0x64,0xca,0x01,0xfc,0xc1,0xfc,0x00,0x00,
    0xe0,0xff,0x60,0xf4,0xa2,0xfc,0xc4,0xfc,0x64,0xec,0x84,0xf4,0x44,0xe4,0xc5,0x82,0xc4,0xcb,0x84,0xfc,0x64,0xf4,0x64,0xf4,0x84,0xfc,0xc4,0xcb,0xc5,0x82,0x44,0xe4,0x84,0xf4,0x64,0xec,0xc4,0xfc,0xa2,0xfc,0x20,0xf4,0xe0,0xff,
    0xe0,0xff,0x89,0xfc,0x65,0xf4,0x84,0xfc,0x64,0xec,0xa4,0xfc,0xa5,0xbb,0xa5,0x00,0xa5,0x7a,0xa4,0xfc,0x64,0xec,0x64,0xec,0xa4,0xfc,0xa5,0x7a,0xa5,0x00,0xa5,0xbb,0xa4,0xfc,0x64,0xec,0x84,0xfc,0x65,0xf4,0x89,0xfc,0xe0,0xff,
    0x00,0x00,0x64,0xf4,0xa4,0xf4,0x84,0xf4,0x64,0xec,0x84,0xfc,0xa4,0xc3,0xe5,0x08,0xe5,0x8a,0xa4,0xfc,0x64,0xec,0x64,0xec,0xa4,0xfc,0xe5,0x8a,0xe5,0x08,0xa4,0xc3,0x84,0xfc,0x64,0xec,0x84,0xf4,0xa4,0xf4,0x64,0xf4,0x00,0x00,
    0xe0,0xfb,0xe0,0xd3,0x23,0xf4,0x84,0xfc,0x85,0xf4,0xc6,0xf4,0xa6,0xf4,0xc4,0xc3,0x44,0xe4,0x84,0xf4,0x64,0xf4,0x64,0xf4,0x84,0xf4,0x44,0xe4,0xc4,0xc3,0xa6,0xf4,0xc6,0xf4,0x85,0xf4,0x84,0xfc,0x23,0xf4,0xe0,0xd3,0xe0,0xfb,
    0x00,0x00,0x85,0xf4,0xc9,0xfd,0x2d,0xfe,0x8f,0xfe,0xaf,0xfe,0xb0,0xfe,0x27,0xfd,0x64,0xf4,0x84,0xf4,0x64,0xf4,0x64,0xf4,0x84,0xf4,0x64,0xf4,0x27,0xfd,0xb0,0xfe,0xaf,0xfe,0x8f,0xfe,0x2d,0xfe,0xc9,0xfd,0x85,0xf4,0x00,0x00,
    0xed,0xed,0x8a,0xf5,0x6d,0xfe,0x11,0xff,0x11,0xff,0xf1,0xfe,0x11,0xff,0xcb,0xf5,0x44,0xec,0x84,0xf4,0x64,0xec,0x64,0xec,0x84,0xf4,0x44,0xec,0xcb,0xf5,0x11,0xff,0xf1,0xfe,0x11,0xff,0x11,0xff,0x6d,0xfe,0x8a,0xf5,0xed,0xfd,
    0xc6,0xf4,0x64,0xec,0x0c,0xfe,0xef,0xfe,0x0b,0xfe,0x2c,0xfe,0xaf,0xfe,0x8f,0xfe,0x85,0xf4,0x84,0xfc,0x84,0xfc,0x84,0xfc,0x84,0xfc,0x85,0xf4,0x8f,0xfe,0xaf,0xfe,0x2c,0xfe,0x0b,0xfe,0xef,0xfe,0xec,0xfd,0x64,0xf4,0xc6,0xf4,
    0x20,0xcb,0x00,0x00,0x28,0xf5,0xa5,0xfc,0x23,0xec,0x03,0xec,0x27,0xf5,0x11,0xff,0x8a,0xf5,0xe4,0xd3,0x05,0xd4,0x05,0xd4,0xe4,0xd3,0x8a,0xf5,0x11,0xff,0x07,0xf5,0x02,0xec,0x02,0xf4,0xc5,0xfc,0x48,0xf5,0x00,0x00,0x20,0xcb,
    0x00,0x00,0xc6,0xfc,0x40,0xf3,0x00,0x00,0x00,0x00,0x00,0x00,0x44,0xec,0x8e,0xfe,0xd1,0xf6,0x06,0x42,0x25,0x21,0x25,0x21,0x06,0x42,0xf1,0xfe,0xae,0xfe,0x43,0xec,0x00,0x00,0x00,0x00,0x00,0x00,0x20,0xe3,0xc6,0xcc,0x00,0x00,
    0x00,0x00,0x00,0x00,0x00,0x00,0xef,0xff,0x84,0xdc,0xe0,0xfb,0x22,0xec,0xe6,0xf4,0xf0,0xfe,0x6e,0xc5,0x45,0x19,0x45,0x19,0x6e,0xc5,0xef,0xfe,0xe6,0xf4,0xe1,0xeb,0xe7,0xfb,0xe5,0xfb,0x4a,0xfd,0x00,0x00,0x00,0x00,0x00,0x00,
    0x00,0x00,0x00,0x00,0xe0,0xff,0x00,0x00,0x00,0x00,0xe0,0xfb,0x00,0x00,0x23,0xf4,0xc5,0xfc,0x4b,0xfe,0xea,0xcc,0xea,0xd4,0x4b,0xfe,0xa5,0xf4,0x23,0xec,0x00,0x00,0xe0,0xfb,0x00,0x00,0x00,0x00,0xe0,0xff,0x00,0x00,0x00,0x00,
    0x00,0x00,0x00,0x00,0x00,0x00,0x00,0x00,0x00,0x00,0x00,0x00,0xe0,0xfb,0x00,0x00,0x23,0xec,0x23,0xf4,0xa4,0xfc,0xa4,0xfc,0x22,0xf4,0x22,0xec,0x00,0x00,0xe0,0xfb,0x00,0x00,0x00,0x00,0x00,0x00,0x00,0x00,0x00,0x00,0x00,0x00,
    0x00,0x00,0x00,0x00,0x00,0x00,0x00,0x00,0x00,0x00,0x00,0x00,0x00,0x00,0xa0,0xaa,0x00,0x00,0x00,0x00,0x00,0x00,0x00,0x00,0x00,0x00,0x00,0x00,0xa0,0xaa,0x00,0x00,0x00,0x00,0x00,0x00,0x00,0x00,0x00,0x00,0x00,0x00,0x00,0x00,
    0x00,0x00,0x00,0x02,0x02,0x00,0x00,0x00,0x00,0x00,0x00,0x00,0x00,0x00,0x00,0x00,0x00,0x02,0x02,0x00,0x00,0x00,0x9f,0x99,0x34,0x00,0x00,0x03,0x01,0x00,0x00,0x00,0x00,0x00,0x00,0x00,0x00,0x01,0x03,0x00,0x00,0x36,0x99,0x9d,
    0xf8,0xff,0xfe,0xaf,0x33,0x00,0x00,0x02,0x00,0x01,0x01,0x01,0x01,0x00,0x02,0x00,0x00,0x35,0xb1,0xff,0xff,0xf5,0xde,0xfb,0xfe,0xff,0xfb,0x8e,0x0c,0x00,0x03,0x00,0x00,0x00,0x00,0x03,0x00,0x0c,0x8e,0xfc,0xff,0xfd,0xfb,0xdc,
    0xc5,0xff,0xfd,0xfc,0xfe,0xff,0xd0,0x29,0x00,0x0b,0x0e,0x0e,0x0b,0x00,0x2a,0xd1,0xff,0xfe,0xfc,0xfd,0xff,0xc4,0x97,0xff,0xfc,0xff,0xff,0xfb,0xff,0xea,0xc6,0xe0,0xe5,0xe5,0xe0,0xc6,0xea,0xff,0xfb,0xff,0xff,0xfc,0xff,0x98,
    0x5c,0xff,0xfd,0xff,0xff,0xff,0xfd,0xff,0xff,0xff,0xff,0xff,0xff,0xff,0xff,0xfd,0xff,0xff,0xff,0xfd,0xff,0x5c,0x1d,0xf2,0xfe,0xfe,0xff,0xff,0xff,0xfe,0xfc,0xfd,0xfd,0xfd,0xfd,0xfc,0xfe,0xff,0xff,0xff,0xfe,0xfe,0xf2,0x1d,
    0x00,0xb1,0xff,0xfc,0xff,0xff,0xff,0xff,0xff,0xff,0xff,0xff,0xff,0xff,0xff,0xff,0xff,0xff,0xfc,0xff,0xb0,0x00,0x01,0x24,0xd6,0xfe,0xfd,0xff,0xff,0xff,0xff,0xff,0xff,0xff,0xff,0xff,0xff,0xff,0xff,0xfd,0xfe,0xd5,0x22,0x01,
    0x01,0x07,0xd1,0xff,0xfd,0xff,0xff,0xff,0xff,0xff,0xff,0xff,0xff,0xff,0xff,0xff,0xff,0xfd,0xff,0xd1,0x07,0x01,0x00,0x3b,0xd8,0xfe,0xfe,0xff,0xff,0xff,0xff,0xff,0xff,0xff,0xff,0xff,0xff,0xff,0xff,0xfe,0xfe,0xd8,0x3b,0x00,
    0x02,0x06,0xbb,0xff,0xfc,0xff,0xff,0xff,0xff,0xff,0xff,0xff,0xff,0xff,0xff,0xff,0xff,0xfc,0xff,0xbb,0x06,0x02,0x00,0x6b,0xff,0xfc,0xff,0xff,0xff,0xff,0xff,0xff,0xff,0xff,0xff,0xff,0xff,0xff,0xff,0xff,0xfc,0xff,0x6b,0x00,
    0x10,0xf1,0xff,0xfa,0xfb,0xfc,0xff,0xff,0xff,0xff,0xff,0xff,0xff,0xff,0xff,0xff,0xfb,0xfb,0xf9,0xff,0xf1,0x10,0x40,0xa8,0xd3,0xff,0xff,0xff,0xff,0xff,0xff,0xff,0xff,0xff,0xff,0xff,0xff,0xff,0xff,0xff,0xff,0xd5,0xa7,0x3b,
    0x05,0x00,0xbb,0xb4,0x81,0xb4,0xfd,0xfd,0xff,0xff,0xff,0xff,0xff,0xff,0xfe,0xfb,0x91,0x6f,0xa9,0xb6,0x00,0x05,0x00,0x05,0x16,0x00,0x00,0x00,0xb7,0xff,0xfb,0xff,0xff,0xff,0xff,0xfa,0xff,0xa8,0x00,0x00,0x00,0x14,0x05,0x00,
    0x00,0x00,0x00,0x02,0x07,0x02,0x30,0xfa,0xff,0xfa,0xfc,0xfc,0xfa,0xff,0xf6,0x28,0x04,0x06,0x03,0x00,0x00,0x00,0x00,0x00,0x01,0x00,0x00,0x02,0x00,0x55,0xf5,0xff,0xff,0xff,0xff,0xf2,0x4f,0x00,0x02,0x00,0x00,0x01,0x00,0x00,
    0x00,0x00,0x00,0x00,0x00,0x00,0x02,0x00,0x2a,0x90,0xc0,0xc0,0x8d,0x26,0x00,0x02,0x00,0x00,0x00,0x00,0x00,0x00,0x00,0x00,0x00,0x00,0x00,0x00,0x00,0x03,0x00,0x00,0x00,0x00,0x00,0x00,0x03,0x00,0x00,0x00,0x00,0x00,0x00,0x00,

};

const lv_image_dsc_t emoji_fox_22 = {
  .header.magic = LV_IMAGE_HEADER_MAGIC,
  .header.cf = LV_COLOR_FORMAT_RGB565A8,
  .header.flags = 0,
  .header.w = 22,
  .header.h = 22,
  .header.stride = 44,
  .data_size = sizeof(emoji_fox_22_map),
  .data = emoji_fox_22_map,
};




#ifndef LV_ATTRIBUTE_MEM_ALIGN
#define LV_ATTRIBUTE_MEM_ALIGN
#endif

#ifndef LV_ATTRIBUTE_EMOJI_BAT_22
#define LV_ATTRIBUTE_EMOJI_BAT_22
#endif

static const
LV_ATTRIBUTE_MEM_ALIGN LV_ATTRIBUTE_LARGE_CONST LV_ATTRIBUTE_EMOJI_BAT_22
uint8_t emoji_bat_22_map[] = {

    0x00,0x00,0x00,0x00,0x00,0x00,0x00,0x00,0x00,0x00,0x00,0x00,0x00,0x00,0x00,0x00,0xef,0x7b,0xef,0x3b,0x00,0x00,0x00,0x00,0xef,0x3b,0xef,0x7b,0x00,0x00,0x00,0x00,0x00,0x00,0x00,0x00,0x00,0x00,0x00,0x00,0x00,0x00,0x00,0x00,
    0x00,0x00,0x00,0x00,0x00,0x00,0x00,0x00,0x00,0x00,0x00,0x00,0x00,0x00,0x00,0x00,0x00,0x00,0x00,0x00,0x00,0x00,0x00,0x00,0x00,0x00,0x00,0x00,0x00,0x00,0x00,0x00,0x00,0x00,0x00,0x00,0x00,0x00,0x00,0x00,0x00,0x00,0x00,0x00,
    0x00,0x00,0x00,0x00,0x00,0x00,0x00,0x00,0x00,0x00,0x00,0x00,0xef,0x7b,0x00,0x00,0xcf,0x63,0xaf,0x63,0x00,0x00,0x00,0x00,0xaf,0x63,0xcf,0x63,0x00,0x00,0xef,0x7b,0x00,0x00,0x00,0x00,0x00,0x00,0x00,0x00,0x00,0x00,0x00,0x00,
    0x00,0x00,0x00,0x00,0xef,0x7b,0x00,0x00,0x00,0x00,0x00,0x00,0xaa,0x52,0x00,0x00,0x8f,0x63,0xd0,0x6b,0xd2,0x6b,0xd2,0x6b,0xd0,0x6b,0x8f,0x63,0x00,0x00,0xaa,0x52,0x00,0x00,0x00,0x00,0x00,0x00,0xef,0x7b,0x00,0x00,0x00,0x00,
    0x00,0x00,0x00,0x00,0x00,0x00,0x00,0x00,0xef,0x53,0x00,0x00,0x00,0x00,0x79,0x9e,0x4e,0x5b,0x4e,0x5b,0xb0,0x63,0xb0,0x63,0x4e,0x5b,0x6e,0x5b,0x79,0x9e,0x00,0x00,0x00,0x00,0xef,0x53,0x00,0x00,0x00,0x00,0x00,0x00,0x00,0x00,
    0xef,0x7b,0x00,0x00,0x4e,0x63,0xf0,0x6b,0x8f,0x63,0x00,0x00,0xaa,0x52,0xff,0xff,0x6e,0x63,0x6e,0x5b,0xd0,0x6b,0xd0,0x6b,0x6e,0x5b,0x6e,0x63,0xff,0xff,0xaa,0x52,0x00,0x00,0xaf,0x6b,0xf0,0x6b,0x4e,0x63,0x00,0x00,0xef,0x7b,
    0xef,0x7b,0x28,0x2a,0x11,0x74,0x15,0x8d,0x4e,0x5b,0xaa,0x52,0xef,0x63,0x00,0x00,0xd0,0x6b,0x49,0x3a,0x0d,0x53,0x0d,0x53,0x49,0x3a,0xd0,0x6b,0x00,0x00,0xef,0x63,0xaa,0x52,0x4e,0x5b,0x15,0x8d,0x11,0x74,0x89,0x31,0xef,0x7b,
    0x00,0x00,0x8f,0x63,0x76,0x9d,0xf5,0x8c,0x6e,0x5b,0x00,0x00,0x00,0x00,0x00,0x00,0xd0,0x6b,0x4e,0x5b,0x93,0x84,0x93,0x84,0x4e,0x5b,0xd0,0x6b,0x00,0x00,0x00,0x00,0x00,0x00,0x6e,0x5b,0xf5,0x8c,0x77,0x9d,0x8f,0x63,0x00,0x00,
    0x8b,0x42,0x52,0x7c,0x97,0xa5,0xf5,0x8c,0x32,0x74,0x8f,0x63,0xaf,0x6b,0x8f,0x63,0xaf,0x63,0xd0,0x6b,0xf1,0x6b,0xf1,0x6b,0xd0,0x6b,0xaf,0x63,0x8f,0x63,0xaf,0x6b,0x8f,0x63,0x32,0x74,0xf5,0x8c,0x97,0xa5,0x52,0x7c,0x8b,0x42,
    0x4e,0x5b,0xf5,0x8c,0x77,0x9d,0x15,0x95,0xd4,0x8c,0x93,0x84,0x8f,0x63,0xb0,0x63,0xaf,0x63,0xaf,0x63,0x8f,0x63,0x8f,0x63,0xaf,0x63,0xaf,0x63,0xb0,0x63,0x8f,0x63,0x93,0x84,0xd4,0x8c,0x15,0x95,0x77,0x9d,0xf5,0x8c,0x6f,0x5b,
    0xd0,0x6b,0x56,0x9d,0x76,0x9d,0x56,0x9d,0x93,0x84,0x36,0x95,0x31,0x74,0xaf,0x63,0xb0,0x6b,0xaf,0x63,0xaf,0x63,0xaf,0x63,0xaf,0x63,0xb0,0x6b,0xaf,0x63,0x31,0x74,0x36,0x95,0x93,0x84,0x56,0x9d,0x76,0x9d,0x56,0x9d,0xd0,0x6b,
    0xf1,0x6b,0x77,0x9d,0x56,0x9d,0x77,0x9d,0xd4,0x8c,0xd4,0x8c,0x76,0x9d,0xf0,0x6b,0x8f,0x63,0xb0,0x63,0xaf,0x63,0xaf,0x63,0xb0,0x63,0x8f,0x63,0xf0,0x6b,0x76,0x9d,0xd4,0x8c,0xd4,0x8c,0x77,0x9d,0x56,0x9d,0x77,0x9d,0x11,0x74,
    0x11,0x74,0x77,0x9d,0x56,0x9d,0x76,0x9d,0x15,0x95,0x93,0x84,0x97,0x9d,0xf5,0x8c,0xaf,0x63,0xaf,0x63,0xaf,0x63,0xaf,0x63,0xaf,0x63,0xaf,0x63,0xf5,0x8c,0x97,0x9d,0x93,0x84,0x15,0x95,0x76,0x9d,0x56,0x9d,0x77,0x9d,0x11,0x74,
    0x31,0x74,0x77,0x9d,0x56,0x9d,0x56,0x9d,0x36,0x95,0x93,0x84,0x56,0x9d,0x77,0x9d,0x52,0x7c,0x8f,0x63,0xb0,0x63,0xb0,0x63,0x8f,0x63,0x52,0x7c,0x77,0x9d,0x56,0x9d,0x93,0x84,0x36,0x95,0x56,0x9d,0x56,0x9d,0x77,0x9d,0x32,0x74,
    0x11,0x74,0x77,0x9d,0x77,0x9d,0x77,0x9d,0x56,0x9d,0x73,0x7c,0x56,0x95,0x56,0x9d,0x15,0x8d,0xaf,0x63,0xaf,0x63,0xaf,0x63,0xaf,0x63,0x15,0x8d,0x56,0x9d,0x56,0x95,0x73,0x7c,0x56,0x9d,0x77,0x9d,0x77,0x9d,0x77,0x9d,0x11,0x74,
    0x11,0x74,0x36,0x95,0x11,0x74,0x31,0x74,0x15,0x95,0x93,0x84,0x77,0x9d,0x77,0x9d,0x77,0x9d,0xf1,0x73,0x8f,0x63,0x8f,0x63,0xf1,0x73,0x77,0x9d,0x77,0x9d,0x77,0x9d,0x93,0x84,0x15,0x95,0x31,0x74,0x31,0x74,0x36,0x95,0x11,0x74,
    0xb0,0x63,0xb0,0x6b,0x00,0x00,0xa6,0x21,0xd0,0x6b,0x93,0x84,0x93,0x84,0x32,0x7c,0x15,0x95,0x73,0x7c,0x8f,0x63,0x8f,0x63,0x73,0x7c,0x15,0x95,0x32,0x7c,0x93,0x84,0xb3,0x84,0xd0,0x6b,0x47,0x11,0x00,0x00,0xb0,0x6b,0xb0,0x63,
    0xaf,0x63,0x4f,0x6b,0x00,0x00,0x00,0x00,0x8f,0x63,0xd0,0x6b,0xed,0x52,0x4a,0x3a,0x8f,0x63,0xf1,0x6b,0xd0,0x6b,0xd0,0x6b,0xf0,0x6b,0x8f,0x63,0x2a,0x3a,0xec,0x52,0xd0,0x6b,0x8f,0x63,0x00,0x00,0x00,0x00,0x2e,0x53,0xaf,0x63,
    0x00,0x00,0x00,0x00,0xef,0x7b,0x00,0x00,0xd0,0x6b,0x8e,0x53,0x00,0x00,0x00,0x00,0x00,0x00,0x6f,0x63,0xb0,0x63,0xb0,0x63,0x6f,0x63,0x00,0x00,0x00,0x00,0x00,0x00,0x8e,0x53,0xef,0x6b,0x00,0x00,0xef,0x7b,0x00,0x00,0x00,0x00,
    0xef,0x7b,0x00,0x00,0x00,0x00,0x00,0x00,0x00,0x00,0x00,0x00,0xef,0x7b,0x00,0x00,0x55,0xad,0x00,0x00,0x00,0x00,0x00,0x00,0x00,0x00,0x55,0x55,0x00,0x00,0xef,0x7b,0x00,0x00,0x00,0x00,0x00,0x00,0x00,0x00,0x00,0x00,0xef,0x7b,
    0x00,0x00,0x00,0x00,0x00,0x00,0x00,0x00,0x00,0x00,0x00,0x00,0x00,0x00,0x00,0x00,0x00,0x00,0xef,0x7b,0x00,0x00,0x00,0x00,0xef,0x7b,0x00,0x00,0x00,0x00,0x00,0x00,0x00,0x00,0x00,0x00,0x00,0x00,0x00,0x00,0x00,0x00,0x00,0x00,
    0x00,0x00,0x00,0x00,0x00,0x00,0x00,0x00,0x00,0x00,0x00,0x00,0x00,0x00,0x00,0x00,0x00,0x00,0x00,0x00,0x00,0x00,0x00,0x00,0x00,0x00,0x00,0x00,0x00,0x00,0x00,0x00,0x00,0x00,0x00,0x00,0x00,0x00,0x00,0x00,0x00,0x00,0x00,0x00,
    0x00,0x00,0x00,0x00,0x00,0x00,0x00,0x00,0x02,0x04,0x00,0x00,0x04,0x02,0x00,0x00,0x00,0x00,0x00,0x00,0x00,0x00,0x00,0x00,0x00,0x00,0x00,0x00,0x00,0x00,0x00,0x00,0x01,0x01,0x00,0x00,0x00,0x00,0x00,0x00,0x00,0x00,0x00,0x00,
    0x00,0x00,0x00,0x01,0x00,0x00,0x02,0x00,0x28,0x5c,0x00,0x00,0x5c,0x28,0x00,0x02,0x00,0x00,0x01,0x00,0x00,0x00,0x00,0x00,0x02,0x00,0x00,0x00,0x03,0x00,0xaa,0xff,0x17,0x17,0xff,0xaa,0x00,0x03,0x00,0x00,0x00,0x02,0x00,0x00,
    0x00,0x01,0x00,0x02,0x06,0x01,0x00,0x05,0xda,0xfd,0xcd,0xcd,0xfd,0xda,0x05,0x00,0x01,0x06,0x02,0x00,0x01,0x00,0x02,0x00,0x1d,0xcd,0x49,0x00,0x03,0x02,0xd1,0xff,0xff,0xff,0xff,0xd1,0x02,0x03,0x00,0x4e,0xce,0x1d,0x00,0x02,
    0x02,0x0b,0xcf,0xff,0x47,0x03,0x0a,0x01,0x93,0xff,0xf9,0xf9,0xff,0x93,0x01,0x0a,0x03,0x4c,0xff,0xcd,0x0a,0x02,0x00,0x83,0xff,0xfd,0x9b,0x00,0x00,0x00,0x67,0xff,0xfb,0xfb,0xff,0x67,0x00,0x00,0x00,0x9e,0xfd,0xff,0x7e,0x00,
    0x16,0xec,0xfd,0xfd,0xfe,0x8c,0x2e,0x14,0x55,0xfb,0xfd,0xfd,0xfb,0x55,0x14,0x2e,0x8f,0xfe,0xfd,0xfd,0xe9,0x13,0x61,0xff,0xfd,0xff,0xff,0xff,0xff,0xeb,0xf3,0xfe,0xff,0xff,0xfe,0xf3,0xeb,0xff,0xff,0xff,0xff,0xfd,0xff,0x5b,
    0x9c,0xfe,0xfc,0xff,0xff,0xfc,0xff,0xff,0xff,0xff,0xff,0xff,0xff,0xff,0xff,0xff,0xfc,0xff,0xff,0xfc,0xfe,0x98,0xc3,0xff,0xfd,0xff,0xff,0xff,0xfe,0xfe,0xfe,0xff,0xff,0xff,0xff,0xfe,0xfe,0xfe,0xff,0xff,0xff,0xfd,0xff,0xbf,
    0xd1,0xff,0xfd,0xff,0xff,0xff,0xff,0xff,0xff,0xff,0xff,0xff,0xff,0xff,0xff,0xff,0xff,0xff,0xff,0xfd,0xff,0xcd,0xda,0xff,0xfc,0xfd,0xff,0xff,0xff,0xff,0xff,0xff,0xff,0xff,0xff,0xff,0xff,0xff,0xff,0xff,0xfd,0xfb,0xff,0xcd,
    0xce,0xfd,0xff,0xff,0xfe,0xff,0xfe,0xfe,0xff,0xff,0xff,0xff,0xff,0xff,0xfe,0xfe,0xff,0xfe,0xff,0xff,0xfd,0xcc,0xbf,0xff,0xd1,0xd9,0xff,0xfc,0xff,0xff,0xfc,0xfe,0xff,0xff,0xfe,0xfd,0xff,0xff,0xfc,0xff,0xd8,0xd2,0xff,0xba,
    0xb3,0xa8,0x03,0x0e,0xd0,0xff,0xf6,0xeb,0xff,0xff,0xfd,0xfd,0xff,0xff,0xeb,0xf6,0xff,0xcb,0x0c,0x04,0xae,0xaf,0x44,0x0c,0x00,0x00,0x69,0xc1,0x26,0x15,0x66,0xf3,0xff,0xff,0xf1,0x63,0x16,0x28,0xc1,0x63,0x00,0x00,0x0f,0x41,
    0x00,0x00,0x02,0x01,0x11,0x09,0x00,0x00,0x00,0x37,0xd3,0xd3,0x35,0x00,0x00,0x00,0x09,0x10,0x01,0x02,0x00,0x00,0x02,0x01,0x00,0x00,0x00,0x00,0x02,0x01,0x03,0x00,0x01,0x01,0x00,0x03,0x01,0x02,0x00,0x00,0x00,0x00,0x01,0x02,
    0x00,0x00,0x00,0x00,0x01,0x01,0x00,0x00,0x00,0x02,0x00,0x00,0x02,0x00,0x00,0x00,0x01,0x01,0x00,0x00,0x00,0x00,0x00,0x00,0x00,0x00,0x00,0x00,0x00,0x00,0x00,0x00,0x01,0x01,0x00,0x00,0x00,0x00,0x00,0x00,0x00,0x00,0x00,0x00,

};

const lv_image_dsc_t emoji_bat_22 = {
  .header.magic = LV_IMAGE_HEADER_MAGIC,
  .header.cf = LV_COLOR_FORMAT_RGB565A8,
  .header.flags = 0,
  .header.w = 22,
  .header.h = 22,
  .header.stride = 44,
  .data_size = sizeof(emoji_bat_22_map),
  .data = emoji_bat_22_map,
};




#ifndef LV_ATTRIBUTE_MEM_ALIGN
#define LV_ATTRIBUTE_MEM_ALIGN
#endif

#ifndef LV_ATTRIBUTE_EMOJI_FLOPPY_22
#define LV_ATTRIBUTE_EMOJI_FLOPPY_22
#endif

static const
LV_ATTRIBUTE_MEM_ALIGN LV_ATTRIBUTE_LARGE_CONST LV_ATTRIBUTE_EMOJI_FLOPPY_22
uint8_t emoji_floppy_22_map[] = {

    0xa7,0x31,0xc7,0x31,0xa7,0x31,0xa7,0x31,0xa7,0x31,0xa7,0x31,0x86,0x29,0x86,0x29,0x86,0x29,0x86,0x29,0x86,0x29,0x86,0x29,0x66,0x29,0xa7,0x29,0xc7,0x31,0xc7,0x31,0xa7,0x29,0x66,0x29,0xa7,0x29,0xa7,0x31,0x00,0x00,0xe7,0x39,
    0xa7,0x31,0xc8,0x31,0xa7,0x31,0xa7,0x31,0xa7,0x31,0xa7,0x31,0x35,0x9d,0x19,0xbe,0xf8,0xb5,0xf8,0xb5,0xf8,0xb5,0xf8,0xb5,0xf8,0xbd,0x56,0xa5,0xd4,0x94,0xd4,0x94,0x56,0xa5,0x39,0xbe,0x0c,0x5b,0x87,0x29,0xc8,0x31,0x00,0x00,
    0xc7,0x31,0xa7,0x31,0xa7,0x31,0xa7,0x31,0xa7,0x31,0xc7,0x31,0xdb,0xd6,0xdf,0xf7,0x9e,0xef,0x9e,0xef,0x9e,0xef,0x7e,0xef,0xff,0xff,0x72,0x84,0x87,0x29,0x87,0x29,0xb3,0x8c,0xff,0xff,0x8f,0x6b,0x46,0x21,0xe8,0x31,0xa7,0x31,
    0xa7,0x31,0xa7,0x31,0xa7,0x31,0xa7,0x31,0xa7,0x31,0xc7,0x31,0x7a,0xc6,0x7e,0xe7,0x3d,0xdf,0x3d,0xdf,0x3d,0xdf,0x1d,0xdf,0x9f,0xef,0x31,0x7c,0x66,0x21,0x46,0x21,0x52,0x84,0xff,0xff,0x6e,0x6b,0x46,0x21,0xc8,0x31,0xc7,0x31,
    0xa7,0x31,0xa7,0x31,0xa7,0x31,0xa7,0x31,0xa7,0x31,0xc7,0x31,0x7a,0xce,0x7e,0xe7,0x3d,0xe7,0x5d,0xe7,0x5d,0xe7,0x3d,0xdf,0xbf,0xef,0x31,0x7c,0x66,0x21,0x66,0x21,0x72,0x84,0xff,0xff,0x6e,0x6b,0x46,0x21,0xc8,0x31,0xa7,0x31,
    0xa7,0x31,0xa7,0x31,0xa7,0x31,0xa7,0x31,0xa7,0x31,0xc7,0x31,0x7a,0xce,0x7e,0xe7,0x3d,0xe7,0x5d,0xe7,0x5d,0xe7,0x3d,0xdf,0xbf,0xef,0x31,0x84,0x66,0x29,0x66,0x29,0x72,0x84,0xff,0xff,0x6e,0x6b,0x46,0x21,0xc8,0x31,0xa7,0x31,
    0xa7,0x31,0xa7,0x31,0xa7,0x31,0xa7,0x31,0xa7,0x31,0xc7,0x31,0x7a,0xc6,0x5e,0xe7,0x3d,0xdf,0x3d,0xdf,0x3d,0xdf,0x1c,0xdf,0x9e,0xef,0x10,0x7c,0x25,0x19,0x25,0x19,0x51,0x84,0xff,0xf7,0x6e,0x6b,0x46,0x21,0xc8,0x31,0xa7,0x31,
    0xa7,0x31,0xa7,0x31,0xa7,0x31,0xc7,0x31,0xc7,0x31,0xc8,0x31,0xdc,0xd6,0xff,0xf7,0xbf,0xef,0xbf,0xef,0xbf,0xef,0xbf,0xef,0xff,0xff,0xf4,0x94,0x6a,0x42,0x6a,0x42,0x35,0x9d,0xff,0xff,0x8f,0x6b,0x46,0x21,0xc8,0x31,0xa7,0x31,
    0xa7,0x31,0xa7,0x31,0xc7,0x31,0xa7,0x31,0x86,0x29,0x86,0x29,0xf0,0x7b,0xd3,0x94,0x92,0x94,0xb2,0x94,0xb2,0x94,0xb2,0x94,0xb2,0x94,0x92,0x8c,0x72,0x8c,0x72,0x8c,0x92,0x8c,0xd3,0x94,0x8b,0x4a,0x87,0x29,0xc7,0x31,0xa7,0x31,
    0xa7,0x31,0xc7,0x31,0xa7,0x31,0x09,0x32,0xad,0x3a,0x8c,0x3a,0x4b,0x32,0x2b,0x2a,0x2b,0x2a,0x2b,0x2a,0x2b,0x2a,0x2b,0x2a,0x2b,0x2a,0x2b,0x2a,0x2b,0x32,0x2b,0x32,0x4b,0x2a,0xe9,0x29,0x87,0x29,0xc7,0x31,0xa7,0x31,0xa7,0x31,
    0xa7,0x31,0xa7,0x31,0xa7,0x31,0x99,0x44,0x9f,0x4d,0x5e,0x4d,0x7e,0x4d,0x7f,0x55,0x7f,0x55,0x7f,0x55,0x7f,0x55,0x7f,0x55,0x7f,0x55,0x7f,0x4d,0x7e,0x4d,0x7e,0x4d,0x7e,0x4d,0x9f,0x4d,0xad,0x3a,0x86,0x31,0xc7,0x31,0xa7,0x31,
    0xa7,0x31,0xa7,0x31,0xe8,0x31,0xbb,0x85,0x3e,0x8e,0x1d,0x8e,0x1d,0x8e,0x1d,0x8e,0x1d,0x8e,0x1d,0x8e,0x1d,0x8e,0x1d,0x8e,0x1d,0x8e,0x1d,0x8e,0x1d,0x8e,0x1d,0x8e,0x1d,0x8e,0x7f,0x96,0x4f,0x53,0x66,0x29,0xc8,0x31,0xa7,0x31,
    0xc7,0x31,0xa7,0x29,0xe8,0x31,0xdb,0xde,0x9e,0xef,0x5d,0xef,0x7d,0xef,0x7d,0xef,0x7d,0xef,0x7d,0xef,0x7d,0xef,0x7d,0xef,0x7d,0xef,0x7d,0xef,0x7d,0xef,0x7d,0xef,0x5d,0xef,0xbe,0xf7,0x8e,0x6b,0x46,0x21,0xc8,0x31,0xa7,0x31,
    0xc7,0x31,0xa7,0x29,0xe8,0x31,0xbb,0xce,0x5e,0xe7,0x3d,0xdf,0x3d,0xdf,0x3d,0xdf,0x3d,0xdf,0x3d,0xdf,0x3d,0xdf,0x3d,0xdf,0x3d,0xdf,0x3d,0xdf,0x3d,0xdf,0x3d,0xdf,0x3d,0xdf,0x9f,0xef,0x8f,0x6b,0x46,0x21,0xc8,0x31,0xa7,0x31,
    0xc7,0x31,0xa7,0x29,0xe8,0x31,0xbb,0xd6,0x7e,0xe7,0x3d,0xe7,0x5d,0xe7,0x5d,0xe7,0x5d,0xe7,0x5d,0xe7,0x5d,0xe7,0x5d,0xe7,0x5d,0xe7,0x5d,0xe7,0x5d,0xe7,0x5d,0xe7,0x3d,0xdf,0x9f,0xef,0x8f,0x6b,0x46,0x21,0xc8,0x31,0xa7,0x31,
    0xc7,0x31,0xa7,0x29,0xe8,0x31,0xbb,0xd6,0x7e,0xe7,0x3d,0xe7,0x5d,0xe7,0x5d,0xe7,0x5d,0xe7,0x5d,0xe7,0x5d,0xe7,0x5d,0xe7,0x5d,0xe7,0x5d,0xe7,0x5d,0xe7,0x5d,0xe7,0x3d,0xdf,0x9f,0xef,0x8f,0x6b,0x46,0x21,0xc8,0x31,0xa7,0x31,
    0xc7,0x31,0xa7,0x29,0xe8,0x31,0xbb,0xd6,0x7e,0xe7,0x3d,0xe7,0x5d,0xe7,0x5d,0xe7,0x5d,0xe7,0x5d,0xe7,0x5d,0xe7,0x5d,0xe7,0x5d,0xe7,0x5d,0xe7,0x5d,0xe7,0x5d,0xe7,0x3d,0xdf,0x9f,0xef,0x8f,0x6b,0x46,0x21,0xc8,0x31,0xa7,0x31,
    0xc7,0x31,0xa7,0x29,0xe8,0x31,0xbb,0xd6,0x7e,0xe7,0x3d,0xe7,0x5d,0xe7,0x5d,0xe7,0x5d,0xe7,0x5d,0xe7,0x5d,0xe7,0x5d,0xe7,0x5d,0xe7,0x5d,0xe7,0x5d,0xe7,0x5d,0xe7,0x3d,0xdf,0x9f,0xef,0x8f,0x6b,0x46,0x21,0xc8,0x31,0xa7,0x31,
    0xc7,0x31,0xa7,0x29,0xe8,0x31,0xbb,0xce,0x5d,0xe7,0x3d,0xdf,0x3d,0xdf,0x3d,0xdf,0x3d,0xdf,0x3d,0xdf,0x3d,0xdf,0x3d,0xdf,0x3d,0xdf,0x3d,0xdf,0x3d,0xdf,0x3d,0xdf,0x1d,0xdf,0x9e,0xef,0x8f,0x6b,0x46,0x21,0xc8,0x31,0xa7,0x31,
    0xc7,0x31,0xa7,0x29,0xe8,0x31,0xfc,0xde,0xbf,0xef,0x9e,0xef,0x9e,0xef,0x9e,0xef,0x9e,0xef,0x9e,0xef,0x9e,0xef,0x9e,0xef,0x9e,0xef,0x9e,0xef,0x9e,0xef,0x9e,0xef,0x7e,0xef,0xff,0xf7,0xaf,0x6b,0x46,0x21,0xc8,0x31,0xc7,0x31,
    0xa7,0x31,0xc8,0x31,0x87,0x29,0x92,0x8c,0x19,0xbe,0xf8,0xb5,0xf8,0xb5,0xf8,0xb5,0xf8,0xb5,0xf8,0xb5,0xf8,0xb5,0xf8,0xb5,0xf8,0xb5,0xf8,0xb5,0xf8,0xb5,0xf8,0xb5,0xf8,0xbd,0xb7,0xad,0x4a,0x42,0x87,0x29,0xc8,0x31,0xa7,0x31,
    0xa7,0x31,0xc7,0x31,0xa7,0x31,0x66,0x29,0x86,0x29,0x86,0x29,0x86,0x29,0x86,0x29,0x86,0x29,0x86,0x29,0x86,0x29,0x86,0x29,0x86,0x29,0x86,0x29,0x86,0x29,0x86,0x29,0x86,0x29,0x66,0x29,0x87,0x29,0xc7,0x31,0xc7,0x31,0xa7,0x31,
    0x48,0xe2,0xfe,0xfe,0xff,0xff,0xff,0xff,0xff,0xff,0xff,0xff,0xff,0xff,0xff,0xff,0xff,0xfd,0xfa,0x82,0x00,0x04,0xe0,0xff,0xfd,0xff,0xff,0xff,0xff,0xff,0xff,0xff,0xff,0xff,0xff,0xff,0xff,0xff,0xff,0xff,0xfe,0xff,0x78,0x00,
    0xff,0xfe,0xff,0xff,0xff,0xff,0xff,0xff,0xff,0xff,0xff,0xff,0xff,0xff,0xff,0xff,0xff,0xff,0xff,0xfd,0xff,0x7f,0xfe,0xff,0xff,0xff,0xff,0xff,0xff,0xff,0xff,0xff,0xff,0xff,0xff,0xff,0xff,0xff,0xff,0xff,0xff,0xfe,0xfe,0xff,
    0xff,0xff,0xff,0xff,0xff,0xff,0xff,0xff,0xff,0xff,0xff,0xff,0xff,0xff,0xff,0xff,0xff,0xff,0xff,0xff,0xff,0xfe,0xff,0xff,0xff,0xff,0xff,0xff,0xff,0xff,0xff,0xff,0xff,0xff,0xff,0xff,0xff,0xff,0xff,0xff,0xff,0xff,0xff,0xff,
    0xff,0xff,0xff,0xff,0xff,0xff,0xff,0xff,0xff,0xff,0xff,0xff,0xff,0xff,0xff,0xff,0xff,0xff,0xff,0xff,0xff,0xff,0xff,0xff,0xff,0xff,0xff,0xff,0xff,0xff,0xff,0xff,0xff,0xff,0xff,0xff,0xff,0xff,0xff,0xff,0xff,0xff,0xff,0xff,
    0xff,0xff,0xff,0xff,0xff,0xff,0xff,0xff,0xff,0xff,0xff,0xff,0xff,0xff,0xff,0xff,0xff,0xff,0xff,0xff,0xff,0xff,0xff,0xff,0xff,0xff,0xff,0xff,0xff,0xff,0xff,0xff,0xff,0xff,0xff,0xff,0xff,0xff,0xff,0xff,0xff,0xff,0xff,0xff,
    0xff,0xff,0xff,0xff,0xff,0xff,0xff,0xff,0xff,0xff,0xff,0xff,0xff,0xff,0xff,0xff,0xff,0xff,0xff,0xff,0xff,0xff,0xff,0xff,0xff,0xff,0xff,0xff,0xff,0xff,0xff,0xff,0xff,0xff,0xff,0xff,0xff,0xff,0xff,0xff,0xff,0xff,0xff,0xff,
    0xff,0xff,0xff,0xff,0xff,0xff,0xff,0xff,0xff,0xff,0xff,0xff,0xff,0xff,0xff,0xff,0xff,0xff,0xff,0xff,0xff,0xff,0xff,0xff,0xff,0xff,0xff,0xff,0xff,0xff,0xff,0xff,0xff,0xff,0xff,0xff,0xff,0xff,0xff,0xff,0xff,0xff,0xff,0xff,
    0xff,0xff,0xff,0xff,0xff,0xff,0xff,0xff,0xff,0xff,0xff,0xff,0xff,0xff,0xff,0xff,0xff,0xff,0xff,0xff,0xff,0xff,0xff,0xff,0xff,0xff,0xff,0xff,0xff,0xff,0xff,0xff,0xff,0xff,0xff,0xff,0xff,0xff,0xff,0xff,0xff,0xff,0xff,0xff,
    0xff,0xff,0xff,0xff,0xff,0xff,0xff,0xff,0xff,0xff,0xff,0xff,0xff,0xff,0xff,0xff,0xff,0xff,0xff,0xff,0xff,0xff,0xff,0xff,0xff,0xff,0xff,0xff,0xff,0xff,0xff,0xff,0xff,0xff,0xff,0xff,0xff,0xff,0xff,0xff,0xff,0xff,0xff,0xff,
    0xfe,0xff,0xff,0xff,0xff,0xff,0xff,0xff,0xff,0xff,0xff,0xff,0xff,0xff,0xff,0xff,0xff,0xff,0xff,0xff,0xff,0xfe,0xff,0xfe,0xff,0xff,0xff,0xff,0xff,0xff,0xff,0xff,0xff,0xff,0xff,0xff,0xff,0xff,0xff,0xff,0xff,0xff,0xfe,0xff,
    0xe8,0xff,0xfe,0xff,0xff,0xff,0xff,0xff,0xff,0xff,0xff,0xff,0xff,0xff,0xff,0xff,0xff,0xff,0xff,0xfd,0xff,0xe0,0x49,0xdb,0xfe,0xfe,0xff,0xff,0xff,0xff,0xff,0xff,0xff,0xff,0xff,0xff,0xff,0xff,0xff,0xff,0xfe,0xfe,0xe2,0x48,

};

const lv_image_dsc_t emoji_floppy_22 = {
  .header.magic = LV_IMAGE_HEADER_MAGIC,
  .header.cf = LV_COLOR_FORMAT_RGB565A8,
  .header.flags = 0,
  .header.w = 22,
  .header.h = 22,
  .header.stride = 44,
  .data_size = sizeof(emoji_floppy_22_map),
  .data = emoji_floppy_22_map,
};




#ifndef LV_ATTRIBUTE_MEM_ALIGN
#define LV_ATTRIBUTE_MEM_ALIGN
#endif

#ifndef LV_ATTRIBUTE_EMOJI_ELEVATOR_22
#define LV_ATTRIBUTE_EMOJI_ELEVATOR_22
#endif

static const
LV_ATTRIBUTE_MEM_ALIGN LV_ATTRIBUTE_LARGE_CONST LV_ATTRIBUTE_EMOJI_ELEVATOR_22
uint8_t emoji_elevator_22_map[] = {

    0x33,0x23,0x53,0x23,0x53,0x23,0x33,0x23,0x33,0x23,0x33,0x23,0x53,0x23,0xf2,0x12,0x12,0x1b,0x53,0x23,0x33,0x23,0x33,0x23,0x33,0x23,0xf2,0x1a,0xf2,0x12,0x33,0x23,0x33,0x23,0x33,0x23,0x33,0x23,0x53,0x23,0x53,0x23,0x33,0x23,
    0x33,0x23,0x54,0x23,0x33,0x23,0x33,0x23,0x33,0x23,0x33,0x23,0xd2,0x0a,0xd7,0x6c,0x96,0x5c,0xd2,0x0a,0x53,0x23,0x33,0x23,0x12,0x1b,0x1a,0xa6,0x5b,0xb6,0x53,0x23,0x33,0x1b,0x33,0x23,0x33,0x23,0x33,0x23,0x54,0x23,0x33,0x23,
    0x53,0x23,0x33,0x23,0x33,0x23,0x33,0x23,0x33,0x23,0x12,0x1b,0x18,0x75,0xff,0xff,0xff,0xff,0xb7,0x64,0x12,0x1b,0x53,0x2b,0x53,0x23,0x9e,0xef,0xff,0xff,0x94,0x33,0x53,0x23,0x33,0x23,0x33,0x23,0x33,0x23,0x33,0x23,0x53,0x23,
    0x33,0x23,0x33,0x23,0x33,0x23,0x33,0x23,0x12,0x1b,0xb4,0x3b,0x7b,0xb6,0xdf,0xf7,0xbf,0xf7,0x3b,0xae,0x73,0x2b,0x53,0x2b,0x9c,0xbe,0xff,0xff,0xff,0xff,0xfd,0xce,0xb4,0x33,0x32,0x1b,0x33,0x23,0x33,0x23,0x33,0x23,0x33,0x23,
    0x33,0x23,0x33,0x23,0x33,0x23,0x33,0x23,0x33,0x23,0x13,0x1b,0x12,0x1b,0xff,0xff,0x9e,0xef,0xd2,0x12,0x33,0x23,0x12,0x1b,0xd4,0x3b,0x7e,0xe7,0xbf,0xf7,0x35,0x4c,0x12,0x1b,0x33,0x23,0x33,0x23,0x33,0x23,0x33,0x23,0x33,0x23,
    0x33,0x23,0x33,0x23,0xf2,0x1a,0x33,0x23,0x33,0x23,0x12,0x1b,0x53,0x23,0x79,0x8d,0x38,0x7d,0x33,0x23,0x33,0x1b,0x33,0x23,0xd2,0x12,0xd4,0x43,0x15,0x4c,0xd2,0x12,0x33,0x23,0x33,0x1b,0x33,0x23,0xf2,0x1a,0x33,0x23,0x33,0x23,
    0x33,0x23,0x12,0x1b,0x79,0x8d,0x9e,0xef,0x9e,0xef,0xbf,0xef,0xbf,0xef,0x5e,0xdf,0x5e,0xe7,0xbe,0xef,0xbf,0xf7,0xbf,0xef,0xbf,0xf7,0x7e,0xef,0x7e,0xe7,0xbf,0xf7,0xbf,0xef,0x9e,0xef,0x9e,0xef,0x79,0x8d,0x12,0x1b,0x33,0x23,
    0x12,0x1b,0xf5,0x43,0xff,0xff,0xda,0x9d,0xd7,0x6c,0xf7,0x74,0xd7,0x6c,0x18,0x7d,0x18,0x75,0xf7,0x74,0xd7,0x6c,0xd7,0x6c,0xf7,0x74,0xf7,0x74,0x18,0x75,0xd7,0x6c,0xf7,0x74,0xd7,0x6c,0xda,0x9d,0xff,0xff,0xf5,0x43,0x12,0x1b,
    0xf2,0x12,0x35,0x4c,0xff,0xff,0x73,0x2b,0x91,0x02,0x53,0x23,0x73,0x2b,0xb1,0x0a,0xf2,0x12,0xb1,0x0a,0x53,0x2b,0x53,0x2b,0xb1,0x0a,0xf2,0x12,0xb1,0x0a,0x73,0x2b,0x53,0x23,0x91,0x02,0x73,0x2b,0xff,0xff,0x35,0x4c,0xf2,0x12,
    0xf2,0x12,0x15,0x4c,0xff,0xff,0xb4,0x33,0x73,0x2b,0x7e,0xe7,0xff,0xff,0x56,0x54,0xf2,0x12,0xf5,0x43,0xbf,0xf7,0xbf,0xf7,0xf5,0x43,0xf2,0x12,0x56,0x54,0xff,0xff,0x7e,0xe7,0x73,0x2b,0xb4,0x33,0xff,0xff,0x15,0x4c,0xf2,0x12,
    0xf2,0x12,0x15,0x4c,0xff,0xff,0x94,0x33,0x94,0x33,0xff,0xff,0xff,0xff,0xb7,0x64,0xb1,0x0a,0x35,0x54,0xff,0xff,0xff,0xff,0x35,0x4c,0xb1,0x0a,0xb7,0x64,0xff,0xff,0xdf,0xff,0x94,0x33,0x94,0x33,0xff,0xff,0x15,0x4c,0xf2,0x12,
    0xf2,0x12,0x15,0x4c,0xff,0xff,0x94,0x33,0xf5,0x43,0x7e,0xe7,0xff,0xff,0xd7,0x6c,0xd2,0x12,0x76,0x5c,0xbf,0xf7,0xbf,0xf7,0x76,0x5c,0xd2,0x12,0xd7,0x6c,0xff,0xff,0x7e,0xe7,0xf5,0x43,0x94,0x33,0xff,0xff,0x15,0x4c,0xf2,0x12,
    0xf2,0x12,0x15,0x4c,0xff,0xff,0x73,0x2b,0x9c,0xbe,0xff,0xff,0xff,0xff,0x9e,0xef,0x33,0x23,0x1d,0xd7,0xff,0xff,0xff,0xff,0x1d,0xd7,0x33,0x23,0x9e,0xef,0xff,0xff,0xff,0xff,0x7b,0xbe,0x73,0x2b,0xff,0xff,0x15,0x4c,0xf2,0x12,
    0xf2,0x12,0x15,0x4c,0xff,0xff,0x73,0x2b,0x9c,0xbe,0xff,0xff,0xff,0xff,0x7e,0xef,0x53,0x23,0x1d,0xd7,0xff,0xff,0xff,0xff,0x1d,0xd7,0x53,0x23,0x9e,0xef,0xff,0xff,0xff,0xff,0x9c,0xbe,0x73,0x2b,0xff,0xff,0x15,0x4c,0xf2,0x12,
    0xf2,0x12,0x15,0x4c,0xff,0xff,0x73,0x2b,0x9c,0xbe,0xff,0xff,0xff,0xff,0x9e,0xef,0x33,0x23,0x1d,0xd7,0xff,0xff,0xff,0xff,0x1d,0xd7,0x33,0x23,0x9e,0xef,0xff,0xff,0xff,0xff,0x9c,0xbe,0x73,0x2b,0xff,0xff,0x15,0x4c,0xf2,0x12,
    0xf2,0x12,0x15,0x4c,0xff,0xff,0x73,0x2b,0x76,0x5c,0x9e,0xef,0x9e,0xef,0x99,0x8d,0xb1,0x0a,0x18,0x7d,0x9e,0xef,0x9e,0xef,0x18,0x7d,0xb1,0x0a,0x99,0x8d,0x9e,0xef,0x9e,0xef,0x76,0x5c,0x73,0x2b,0xff,0xff,0x15,0x4c,0xf2,0x12,
    0xf2,0x12,0x15,0x4c,0xff,0xff,0x73,0x2b,0xf5,0x43,0x7b,0xbe,0x1a,0xa6,0x18,0x7d,0x71,0x02,0x96,0x64,0x5b,0xb6,0x5b,0xb6,0x96,0x64,0x71,0x02,0x18,0x7d,0x1a,0xa6,0x7b,0xbe,0xf5,0x43,0x73,0x2b,0xff,0xff,0x15,0x4c,0xf2,0x12,
    0xf2,0x12,0x15,0x4c,0xff,0xff,0x73,0x33,0x35,0x54,0xdc,0xce,0x7b,0xb6,0x79,0x8d,0x91,0x02,0xf7,0x74,0xbc,0xc6,0xbc,0xc6,0xf7,0x74,0x91,0x02,0x79,0x8d,0x7b,0xb6,0xdc,0xce,0x35,0x54,0x73,0x33,0xff,0xff,0x15,0x4c,0xf2,0x12,
    0xf2,0x12,0x35,0x4c,0xff,0xff,0x53,0x23,0xf2,0x12,0xd4,0x43,0xb4,0x3b,0x73,0x2b,0x91,0x02,0x53,0x23,0xd4,0x3b,0xd4,0x3b,0x53,0x23,0x91,0x02,0x73,0x2b,0xb4,0x3b,0xd4,0x43,0xf2,0x12,0x53,0x23,0xff,0xff,0x35,0x4c,0xf2,0x12,
    0x13,0x1b,0xd4,0x3b,0xff,0xff,0x7b,0xb6,0x79,0x85,0x79,0x8d,0x79,0x85,0x79,0x8d,0x99,0x95,0x79,0x8d,0x79,0x85,0x79,0x85,0x79,0x8d,0x99,0x95,0x79,0x8d,0x79,0x85,0x79,0x8d,0x58,0x85,0x7b,0xb6,0xff,0xff,0xd4,0x3b,0x13,0x1b,
    0x33,0x23,0x33,0x1b,0x17,0x75,0x1d,0xd7,0x3d,0xdf,0x3d,0xdf,0x3d,0xdf,0x3d,0xdf,0x3d,0xdf,0x3d,0xdf,0x3d,0xdf,0x3d,0xdf,0x3d,0xdf,0x3d,0xdf,0x3d,0xdf,0x3d,0xdf,0x3d,0xdf,0x3d,0xdf,0x1d,0xd7,0x17,0x75,0x33,0x1b,0x33,0x23,
    0x33,0x23,0x53,0x23,0x12,0x1b,0xf2,0x12,0xf2,0x12,0xf2,0x12,0xf2,0x12,0xf2,0x12,0xf2,0x12,0xf2,0x12,0xf2,0x12,0xf2,0x12,0xf2,0x12,0xf2,0x12,0xf2,0x12,0xf2,0x12,0xf2,0x12,0xf2,0x12,0xf2,0x12,0x12,0x1b,0x53,0x23,0x33,0x23,
    0x3c,0xd9,0xfe,0xfe,0xff,0xff,0xff,0xff,0xff,0xff,0xff,0xff,0xff,0xff,0xff,0xff,0xff,0xff,0xfe,0xfe,0xd9,0x3c,0xde,0xff,0xfd,0xff,0xff,0xff,0xff,0xff,0xff,0xff,0xff,0xff,0xff,0xff,0xff,0xff,0xff,0xff,0xff,0xfd,0xff,0xde,
    0xff,0xfe,0xff,0xff,0xff,0xff,0xff,0xff,0xff,0xff,0xff,0xff,0xff,0xff,0xff,0xff,0xff,0xff,0xff,0xff,0xfe,0xff,0xfe,0xff,0xff,0xff,0xff,0xff,0xff,0xff,0xff,0xff,0xff,0xff,0xff,0xff,0xff,0xff,0xff,0xff,0xff,0xff,0xff,0xfe,
    0xff,0xff,0xff,0xff,0xff,0xff,0xff,0xff,0xff,0xff,0xff,0xff,0xff,0xff,0xff,0xff,0xff,0xff,0xff,0xff,0xff,0xff,0xff,0xff,0xff,0xff,0xff,0xff,0xff,0xff,0xff,0xff,0xff,0xff,0xff,0xff,0xff,0xff,0xff,0xff,0xff,0xff,0xff,0xff,
    0xff,0xff,0xff,0xff,0xff,0xff,0xff,0xff,0xff,0xff,0xff,0xff,0xff,0xff,0xff,0xff,0xff,0xff,0xff,0xff,0xff,0xff,0xff,0xff,0xff,0xff,0xff,0xff,0xff,0xff,0xff,0xff,0xff,0xff,0xff,0xff,0xff,0xff,0xff,0xff,0xff,0xff,0xff,0xff,
    0xff,0xff,0xff,0xff,0xff,0xff,0xff,0xff,0xff,0xff,0xff,0xff,0xff,0xff,0xff,0xff,0xff,0xff,0xff,0xff,0xff,0xff,0xff,0xff,0xff,0xff,0xff,0xff,0xff,0xff,0xff,0xff,0xff,0xff,0xff,0xff,0xff,0xff,0xff,0xff,0xff,0xff,0xff,0xff,
    0xff,0xff,0xff,0xff,0xff,0xff,0xff,0xff,0xff,0xff,0xff,0xff,0xff,0xff,0xff,0xff,0xff,0xff,0xff,0xff,0xff,0xff,0xff,0xff,0xff,0xff,0xff,0xff,0xff,0xff,0xff,0xff,0xff,0xff,0xff,0xff,0xff,0xff,0xff,0xff,0xff,0xff,0xff,0xff,
    0xff,0xff,0xff,0xff,0xff,0xff,0xff,0xff,0xff,0xff,0xff,0xff,0xff,0xff,0xff,0xff,0xff,0xff,0xff,0xff,0xff,0xff,0xff,0xff,0xff,0xff,0xff,0xff,0xff,0xff,0xff,0xff,0xff,0xff,0xff,0xff,0xff,0xff,0xff,0xff,0xff,0xff,0xff,0xff,
    0xff,0xff,0xff,0xff,0xff,0xff,0xff,0xff,0xff,0xff,0xff,0xff,0xff,0xff,0xff,0xff,0xff,0xff,0xff,0xff,0xff,0xff,0xff,0xff,0xff,0xff,0xff,0xff,0xff,0xff,0xff,0xff,0xff,0xff,0xff,0xff,0xff,0xff,0xff,0xff,0xff,0xff,0xff,0xff,
    0xff,0xff,0xff,0xff,0xff,0xff,0xff,0xff,0xff,0xff,0xff,0xff,0xff,0xff,0xff,0xff,0xff,0xff,0xff,0xff,0xff,0xff,0xff,0xff,0xff,0xff,0xff,0xff,0xff,0xff,0xff,0xff,0xff,0xff,0xff,0xff,0xff,0xff,0xff,0xff,0xff,0xff,0xff,0xff,
    0xfe,0xff,0xff,0xff,0xff,0xff,0xff,0xff,0xff,0xff,0xff,0xff,0xff,0xff,0xff,0xff,0xff,0xff,0xff,0xff,0xff,0xfe,0xff,0xfe,0xff,0xff,0xff,0xff,0xff,0xff,0xff,0xff,0xff,0xff,0xff,0xff,0xff,0xff,0xff,0xff,0xff,0xff,0xfe,0xff,
    0xde,0xff,0xfd,0xff,0xff,0xff,0xff,0xff,0xff,0xff,0xff,0xff,0xff,0xff,0xff,0xff,0xff,0xff,0xff,0xfd,0xff,0xde,0x3c,0xd9,0xfe,0xfe,0xff,0xff,0xff,0xff,0xff,0xff,0xff,0xff,0xff,0xff,0xff,0xff,0xff,0xff,0xfe,0xfe,0xd9,0x3c,

};

const lv_image_dsc_t emoji_elevator_22 = {
  .header.magic = LV_IMAGE_HEADER_MAGIC,
  .header.cf = LV_COLOR_FORMAT_RGB565A8,
  .header.flags = 0,
  .header.w = 22,
  .header.h = 22,
  .header.stride = 44,
  .data_size = sizeof(emoji_elevator_22_map),
  .data = emoji_elevator_22_map,
};




#ifndef LV_ATTRIBUTE_MEM_ALIGN
#define LV_ATTRIBUTE_MEM_ALIGN
#endif

#ifndef LV_ATTRIBUTE_EMOJI_CUCUMBER_22
#define LV_ATTRIBUTE_EMOJI_CUCUMBER_22
#endif

static const
LV_ATTRIBUTE_MEM_ALIGN LV_ATTRIBUTE_LARGE_CONST LV_ATTRIBUTE_EMOJI_CUCUMBER_22
uint8_t emoji_cucumber_22_map[] = {

    0x00,0x00,0x00,0x00,0x00,0x00,0x00,0x00,0x00,0x00,0x00,0x00,0x00,0x00,0x00,0x00,0x00,0x00,0x00,0x00,0x00,0x00,0x00,0x00,0x00,0x00,0x00,0x00,0x4a,0x55,0x00,0x00,0x08,0x5d,0xcb,0x7d,0xaa,0x7d,0xaa,0x7d,0x49,0x75,0x00,0x00,
    0x00,0x00,0x00,0x00,0x00,0x00,0x00,0x00,0x00,0x00,0x00,0x00,0x00,0x00,0x00,0x00,0x00,0x00,0x00,0x00,0x00,0x00,0x00,0x00,0x00,0x00,0xea,0xaf,0x00,0x00,0x4a,0x75,0xcb,0x7d,0xab,0x7d,0xcb,0x7d,0x0b,0x86,0x09,0x6d,0x26,0x4c,
    0x00,0x00,0x00,0x00,0x00,0x00,0x00,0x00,0x00,0x00,0x00,0x00,0x00,0x00,0x00,0x00,0x00,0x00,0x00,0x00,0x00,0x00,0x00,0x00,0x4a,0x55,0x00,0x00,0x4a,0x75,0xaa,0x7d,0xeb,0x7d,0x6a,0x75,0x49,0x6d,0xaa,0x7d,0x49,0x6d,0x46,0x54,
    0x00,0x00,0x00,0x00,0x00,0x00,0x00,0x00,0x00,0x00,0x00,0x00,0x00,0x00,0x00,0x00,0x00,0x00,0x00,0x00,0x00,0x00,0xe0,0x7b,0x00,0x00,0xec,0x7d,0x69,0x75,0x6a,0x75,0x8a,0x75,0x8a,0x75,0x49,0x75,0xaa,0x7d,0x29,0x6d,0x66,0x5c,
    0x00,0x00,0x00,0x00,0x00,0x00,0x00,0x00,0x00,0x00,0x00,0x00,0x00,0x00,0x00,0x00,0x00,0x00,0x00,0x00,0xe0,0x07,0x4a,0xad,0xe7,0x7d,0x8a,0x75,0xca,0x7d,0xe8,0x64,0x6a,0x75,0x8a,0x7d,0x8a,0x7d,0xaa,0x7d,0x08,0x65,0x66,0x5c,
    0x00,0x00,0x00,0x00,0x00,0x00,0x00,0x00,0x00,0x00,0x00,0x00,0x00,0x00,0x00,0x00,0x00,0x00,0x00,0x00,0xc6,0x64,0x00,0x00,0x6a,0x75,0xeb,0x7d,0x8a,0x75,0x8a,0x7d,0x8a,0x75,0xaa,0x7d,0x8a,0x75,0x6a,0x75,0x87,0x5c,0x87,0x5c,
    0x00,0x00,0x00,0x00,0x00,0x00,0x00,0x00,0x00,0x00,0x00,0x00,0x00,0x00,0x00,0x00,0x00,0x00,0xe7,0x7d,0x00,0x00,0x6a,0x75,0xcb,0x7d,0xaa,0x7d,0x29,0x6d,0x6a,0x75,0x8a,0x75,0x49,0x6d,0x8a,0x7d,0x29,0x6d,0x67,0x5c,0x88,0x5c,
    0x00,0x00,0x00,0x00,0x00,0x00,0x00,0x00,0x00,0x00,0x00,0x00,0x00,0x00,0x00,0x00,0xe7,0x3d,0x00,0x00,0x4a,0x75,0xaa,0x7d,0xaa,0x7d,0x8a,0x75,0x6a,0x75,0x8a,0x75,0x8a,0x75,0x49,0x75,0x8a,0x75,0x08,0x65,0x67,0x5c,0x00,0x00,
    0x00,0x00,0x00,0x00,0x00,0x00,0x00,0x00,0x00,0x00,0x00,0x00,0x00,0x00,0xe7,0x7d,0x00,0x00,0x6a,0x75,0xaa,0x7d,0xaa,0x7d,0x08,0x6d,0x49,0x75,0xaa,0x7d,0x8a,0x75,0x8a,0x75,0xab,0x7d,0x29,0x6d,0x87,0x5c,0xa7,0x64,0x00,0x00,
    0x00,0x00,0x00,0x00,0x00,0x00,0x00,0x00,0x00,0x00,0x00,0x00,0x4a,0xad,0x00,0x00,0x8a,0x75,0xaa,0x7d,0xcb,0x7d,0x8a,0x7d,0x8a,0x75,0x8a,0x75,0x49,0x75,0x8a,0x75,0xaa,0x7d,0x6a,0x75,0xc7,0x64,0x67,0x5c,0x00,0x00,0x4a,0x55,
    0x00,0x00,0x00,0x00,0x00,0x00,0x00,0x00,0xef,0x7b,0xef,0x7b,0x00,0x00,0x8a,0x75,0xaa,0x7d,0xcb,0x7d,0x8a,0x75,0x4a,0x75,0x6a,0x75,0xaa,0x7d,0x08,0x6d,0x49,0x75,0x8a,0x7d,0xe8,0x64,0x67,0x5c,0x09,0x5d,0xe0,0x07,0xe0,0x03,
    0x00,0x00,0x00,0x00,0x00,0x00,0xe7,0x7d,0x00,0x00,0xe0,0x03,0x8a,0x7d,0xab,0x7d,0x49,0x75,0x49,0x75,0xaa,0x7d,0x6a,0x75,0x6a,0x75,0x8a,0x7d,0x8a,0x75,0x8a,0x75,0x08,0x6d,0x87,0x5c,0x87,0x5c,0x00,0x00,0xe0,0x7b,0x00,0x00,
    0x00,0x00,0x00,0x00,0xef,0x7b,0x00,0x00,0x6a,0x75,0xaa,0x7d,0xeb,0x85,0x8a,0x7d,0x49,0x75,0x08,0x6d,0x8a,0x75,0xaa,0x7d,0xaa,0x7d,0x8a,0x75,0xaa,0x7d,0x49,0x75,0xe8,0x64,0x67,0x5c,0x00,0x00,0xe7,0x3b,0x00,0x00,0x00,0x00,
    0x00,0x00,0x4a,0x55,0x00,0x00,0x8a,0x75,0xaa,0x7d,0xaa,0x7d,0x6a,0x75,0x8a,0x75,0xaa,0x7d,0x8a,0x75,0x8a,0x7d,0x49,0x75,0x49,0x75,0xaa,0x7d,0x4a,0x75,0xc7,0x64,0x87,0x5c,0x00,0x00,0xe7,0x3b,0x00,0x00,0x00,0x00,0x00,0x00,
    0x4a,0x55,0x00,0x00,0x6a,0x75,0x0b,0x86,0xab,0x7d,0x29,0x6d,0x49,0x75,0xaa,0x7d,0x6a,0x75,0x8a,0x75,0xaa,0x7d,0x4a,0x75,0x49,0x75,0x8a,0x75,0xc8,0x64,0x87,0x5c,0x67,0x5c,0xe0,0x03,0xe0,0x03,0x00,0x00,0x00,0x00,0x00,0x00,
    0x00,0x00,0x8a,0x75,0xcb,0x7d,0xaa,0x7d,0x8a,0x75,0x8a,0x7d,0x8a,0x75,0xaa,0x7d,0x49,0x6d,0x09,0x6d,0x8a,0x75,0xaa,0x7d,0xaa,0x7d,0xe8,0x64,0x87,0x5c,0x87,0x5c,0x00,0x00,0x4a,0x55,0x00,0x00,0x00,0x00,0x00,0x00,0x00,0x00,
    0x8a,0x75,0xaa,0x7d,0x8a,0x75,0x29,0x6d,0xaa,0x7d,0x8a,0x75,0x8a,0x7d,0x8a,0x7d,0x8a,0x75,0x6a,0x75,0x8a,0x75,0x8a,0x75,0xe8,0x64,0xa7,0x5c,0x67,0x5c,0x00,0x00,0x4a,0x55,0x00,0x00,0x00,0x00,0x00,0x00,0x00,0x00,0x00,0x00,
    0x8a,0x75,0xcb,0x7d,0x6a,0x75,0xe8,0x64,0x4a,0x75,0xaa,0x7d,0x29,0x6d,0x49,0x75,0x8a,0x75,0xab,0x7d,0x8a,0x75,0xc8,0x64,0xa7,0x5c,0x87,0x5c,0x00,0x00,0xe7,0x3b,0x00,0x00,0x00,0x00,0x00,0x00,0x00,0x00,0x00,0x00,0x00,0x00,
    0x8a,0x75,0xcb,0x7d,0x8a,0x75,0x8a,0x75,0x8a,0x75,0x8a,0x75,0x6a,0x75,0x6a,0x75,0xaa,0x7d,0x49,0x6d,0xe8,0x64,0x87,0x5c,0xa7,0x5c,0x00,0x00,0xe7,0x3b,0x00,0x00,0x00,0x00,0x00,0x00,0x00,0x00,0x00,0x00,0x00,0x00,0x00,0x00,
    0x8a,0x75,0xcb,0x7d,0xaa,0x7d,0xaa,0x7d,0x8a,0x75,0x8a,0x7d,0xab,0x7d,0x8a,0x75,0x29,0x6d,0xc7,0x64,0xa7,0x5c,0x67,0x5c,0x00,0x00,0x4a,0x55,0x00,0x00,0x00,0x00,0x00,0x00,0x00,0x00,0x00,0x00,0x00,0x00,0x00,0x00,0x00,0x00,
    0x00,0x00,0x6a,0x75,0xca,0x7d,0x8a,0x75,0x8a,0x75,0x6a,0x75,0x29,0x6d,0xc7,0x64,0x87,0x5c,0x87,0x5c,0x00,0x00,0x00,0x00,0x4a,0x55,0x00,0x00,0x00,0x00,0x00,0x00,0x00,0x00,0x00,0x00,0x00,0x00,0x00,0x00,0x00,0x00,0x00,0x00,
    0xe0,0x07,0x00,0x00,0xa7,0x5c,0xa7,0x64,0x87,0x5c,0x67,0x5c,0x67,0x5c,0x87,0x5c,0x4a,0x7d,0x00,0x00,0xe0,0x07,0xe0,0x7b,0x00,0x00,0x00,0x00,0x00,0x00,0x00,0x00,0x00,0x00,0x00,0x00,0x00,0x00,0x00,0x00,0x00,0x00,0x00,0x00,
    0x00,0x00,0x00,0x00,0x00,0x00,0x00,0x00,0x00,0x00,0x00,0x00,0x00,0x00,0x03,0x00,0x0b,0x45,0x82,0x8a,0x1b,0x00,0x00,0x00,0x00,0x00,0x00,0x00,0x00,0x00,0x00,0x00,0x00,0x00,0x00,0x03,0x00,0x34,0xd0,0xff,0xff,0xff,0xd4,0x15,
    0x00,0x00,0x00,0x00,0x00,0x00,0x00,0x00,0x00,0x00,0x00,0x00,0x03,0x00,0x31,0xe9,0xff,0xfd,0xfd,0xfa,0xff,0x71,0x00,0x00,0x00,0x00,0x00,0x00,0x00,0x00,0x00,0x00,0x00,0x02,0x01,0x1c,0xe3,0xff,0xfb,0xff,0xff,0xfc,0xfd,0x7f,
    0x00,0x00,0x00,0x00,0x00,0x00,0x00,0x00,0x00,0x00,0x01,0x03,0x04,0xc6,0xff,0xfb,0xff,0xff,0xff,0xfc,0xff,0x6a,0x00,0x00,0x00,0x00,0x00,0x00,0x00,0x00,0x00,0x00,0x05,0x00,0x74,0xff,0xfb,0xff,0xff,0xff,0xff,0xff,0xfd,0x3c,
    0x00,0x00,0x00,0x00,0x00,0x00,0x00,0x00,0x00,0x04,0x00,0x57,0xfa,0xfb,0xfe,0xff,0xff,0xff,0xfe,0xfe,0xea,0x13,0x00,0x00,0x00,0x00,0x00,0x00,0x00,0x00,0x04,0x00,0x1e,0xec,0xff,0xfd,0xff,0xff,0xff,0xff,0xfb,0xff,0x95,0x01,
    0x00,0x00,0x00,0x00,0x00,0x00,0x00,0x04,0x00,0x26,0xe0,0xff,0xfd,0xff,0xff,0xff,0xff,0xfe,0xfd,0xf9,0x25,0x00,0x00,0x00,0x00,0x00,0x00,0x01,0x03,0x00,0x28,0xd4,0xff,0xfc,0xff,0xff,0xff,0xff,0xff,0xfb,0xff,0x8f,0x00,0x03,
    0x00,0x00,0x00,0x00,0x02,0x02,0x00,0x4c,0xf3,0xff,0xfd,0xff,0xff,0xff,0xff,0xff,0xfd,0xff,0xea,0x0e,0x01,0x02,0x00,0x00,0x00,0x04,0x00,0x02,0x9c,0xfb,0xff,0xfc,0xff,0xff,0xff,0xff,0xff,0xfe,0xfc,0xfe,0x56,0x00,0x02,0x00,
    0x00,0x00,0x02,0x00,0x20,0xba,0xff,0xfe,0xfe,0xff,0xff,0xff,0xff,0xff,0xff,0xfb,0xff,0x7d,0x00,0x04,0x00,0x00,0x01,0x03,0x00,0x62,0xe7,0xff,0xfb,0xfe,0xff,0xff,0xff,0xff,0xff,0xff,0xfb,0xff,0xb0,0x00,0x04,0x01,0x00,0x00,
    0x03,0x00,0x73,0xff,0xff,0xfc,0xff,0xff,0xff,0xff,0xff,0xff,0xff,0xfc,0xff,0xd6,0x10,0x02,0x02,0x00,0x00,0x00,0x00,0x62,0xff,0xfa,0xfd,0xff,0xff,0xff,0xff,0xff,0xff,0xff,0xfd,0xff,0xf6,0x2c,0x00,0x03,0x00,0x00,0x00,0x00,
    0x32,0xff,0xff,0xfe,0xff,0xff,0xff,0xff,0xff,0xff,0xff,0xfc,0xfe,0xf4,0x40,0x00,0x03,0x00,0x00,0x00,0x00,0x00,0x68,0xff,0xfc,0xff,0xff,0xff,0xff,0xff,0xff,0xff,0xfc,0xff,0xfc,0x56,0x00,0x04,0x00,0x00,0x00,0x00,0x00,0x00,
    0x7c,0xfe,0xfb,0xff,0xff,0xff,0xff,0xff,0xfd,0xfb,0xff,0xe8,0x3c,0x00,0x04,0x00,0x00,0x00,0x00,0x00,0x00,0x00,0x4a,0xff,0xfc,0xfc,0xfd,0xfd,0xfc,0xfe,0xff,0xff,0xb7,0x2b,0x00,0x03,0x00,0x00,0x00,0x00,0x00,0x00,0x00,0x00,
    0x00,0x90,0xff,0xff,0xff,0xff,0xff,0xff,0xd1,0x5e,0x00,0x00,0x03,0x00,0x00,0x00,0x00,0x00,0x00,0x00,0x00,0x00,0x01,0x00,0x58,0xa7,0xbc,0xbc,0x97,0x50,0x06,0x00,0x01,0x02,0x00,0x00,0x00,0x00,0x00,0x00,0x00,0x00,0x00,0x00,

};

const lv_image_dsc_t emoji_cucumber_22 = {
  .header.magic = LV_IMAGE_HEADER_MAGIC,
  .header.cf = LV_COLOR_FORMAT_RGB565A8,
  .header.flags = 0,
  .header.w = 22,
  .header.h = 22,
  .header.stride = 44,
  .data_size = sizeof(emoji_cucumber_22_map),
  .data = emoji_cucumber_22_map,
};




#ifndef LV_ATTRIBUTE_MEM_ALIGN
#define LV_ATTRIBUTE_MEM_ALIGN
#endif

#ifndef LV_ATTRIBUTE_EMOJI_PREGNANT_MAN_22
#define LV_ATTRIBUTE_EMOJI_PREGNANT_MAN_22
#endif

static const
LV_ATTRIBUTE_MEM_ALIGN LV_ATTRIBUTE_LARGE_CONST LV_ATTRIBUTE_EMOJI_PREGNANT_MAN_22
uint8_t emoji_pregnant_man_22_map[] = {

    0x00,0x00,0x00,0x00,0x00,0x00,0x00,0x00,0x00,0x00,0x00,0x00,0x4a,0xfd,0x00,0x00,0x46,0xfd,0x86,0xfd,0x66,0xfd,0x86,0xfd,0x46,0xfd,0x00,0x00,0xe0,0xfb,0x00,0x00,0x00,0x00,0x00,0x00,0x00,0x00,0x00,0x00,0x00,0x00,0x00,0x00,
    0x00,0x00,0x00,0x00,0x00,0x00,0x00,0x00,0x00,0x00,0xe0,0xfb,0x00,0x00,0x66,0xfd,0x86,0xfd,0xa6,0xfd,0x86,0xfd,0xa6,0xfd,0xa6,0xfd,0x46,0xfd,0x00,0x00,0xef,0xfb,0x00,0x00,0x00,0x00,0x00,0x00,0x00,0x00,0x00,0x00,0x00,0x00,
    0x00,0x00,0x00,0x00,0x00,0x00,0x00,0x00,0x00,0xf8,0xe0,0xff,0x66,0xfd,0xa6,0xfd,0x86,0xfd,0x46,0xfd,0x66,0xfd,0x46,0xfd,0x86,0xfd,0x66,0xfd,0x45,0xfd,0x00,0x00,0xe0,0xfb,0x00,0x00,0x00,0x00,0x00,0x00,0x00,0x00,0x00,0x00,
    0x00,0x00,0x00,0x00,0x00,0x00,0x00,0x00,0xe0,0xff,0x00,0x00,0x66,0xfd,0xa6,0xfd,0x87,0xfd,0xa7,0xfd,0x46,0xfd,0xc7,0xfd,0x66,0xfd,0xa6,0xfd,0x46,0xfd,0x00,0x00,0xe7,0xfd,0x00,0x00,0x00,0x00,0x00,0x00,0x00,0x00,0x00,0x00,
    0x00,0x00,0x00,0x00,0x00,0x00,0x00,0x00,0xe0,0xff,0xe0,0xff,0x46,0xfd,0x08,0xfe,0x8b,0xfe,0xeb,0xfe,0xc8,0xfd,0xab,0xfe,0xe8,0xfd,0xa6,0xfd,0x66,0xfd,0x00,0x00,0xe7,0xfd,0x00,0x00,0x00,0x00,0x00,0x00,0x00,0x00,0x00,0x00,
    0x00,0x00,0x00,0x00,0x00,0x00,0x00,0x00,0x00,0x00,0xea,0xff,0x00,0x00,0xad,0xff,0x27,0xbc,0x0a,0xee,0xeb,0xfe,0xcb,0xfe,0xa7,0xfd,0x86,0xfd,0x66,0xfd,0x00,0x00,0x40,0xfd,0x00,0x00,0x00,0x00,0x00,0x00,0x00,0x00,0x00,0x00,
    0x00,0x00,0x00,0x00,0x00,0x00,0x00,0x00,0x00,0x00,0x00,0x00,0x4a,0xfd,0xe7,0xff,0x2a,0xee,0x4c,0xff,0xeb,0xfe,0xeb,0xfe,0x8a,0xfe,0x66,0xfd,0x6c,0x9e,0xef,0x7b,0x00,0x00,0x00,0x00,0x00,0x00,0x00,0x00,0x00,0x00,0x00,0x00,
    0x00,0x00,0x00,0x00,0x00,0x00,0x00,0x00,0x00,0x00,0x00,0x00,0x4a,0xfd,0x00,0x00,0xca,0xed,0xab,0xf5,0x4b,0xfe,0x2c,0xff,0xeb,0xfe,0x00,0x00,0x00,0x00,0x4a,0xad,0x00,0x00,0x00,0x00,0x00,0x00,0x00,0x00,0x00,0x00,0x00,0x00,
    0x00,0x00,0x00,0x00,0x00,0x00,0x00,0x00,0x00,0x00,0x00,0x00,0x00,0x00,0xef,0xff,0x00,0x00,0x0a,0xb5,0x8b,0xd6,0xcb,0xfe,0xeb,0xfe,0xeb,0x95,0x6a,0x75,0x00,0x00,0x4a,0x55,0x00,0x00,0x00,0x00,0x00,0x00,0x00,0x00,0x00,0x00,
    0x00,0x00,0x00,0x00,0x00,0x00,0x00,0x00,0x00,0x00,0x00,0x00,0x4a,0x55,0x00,0x00,0x8a,0x7d,0xeb,0x7d,0x8a,0x6d,0x0b,0xb6,0x2b,0xb6,0xcb,0x7d,0x0b,0x86,0x8a,0x75,0x00,0x00,0xe7,0x7d,0x00,0x00,0x00,0x00,0x00,0x00,0x00,0x00,
    0x00,0x00,0x00,0x00,0x00,0x00,0x00,0x00,0x00,0x00,0x00,0x00,0xe7,0x7d,0x00,0x00,0x6a,0x75,0x8a,0x75,0x8a,0x75,0x8a,0x75,0x8a,0x75,0x8a,0x75,0x8a,0x7d,0xeb,0x7d,0x8a,0x75,0x00,0x00,0xe7,0x7d,0x00,0x00,0x00,0x00,0x00,0x00,
    0x00,0x00,0x00,0x00,0x00,0x00,0x00,0x00,0x00,0x00,0x00,0x00,0x4a,0x55,0x00,0x00,0x49,0x75,0x28,0x6d,0x8a,0x75,0x8a,0x7d,0xaa,0x7d,0x49,0x75,0x49,0x75,0xab,0x7d,0xcb,0x7d,0x8a,0x75,0x00,0x00,0x4a,0x55,0x00,0x00,0x00,0x00,
    0x00,0x00,0x00,0x00,0x00,0x00,0x00,0x00,0x00,0x00,0x00,0x00,0xe0,0x03,0xff,0xff,0x49,0x75,0x49,0x6d,0xaa,0x7d,0x8a,0x75,0x8a,0x7d,0x6a,0x75,0xe8,0x64,0x49,0x75,0xaa,0x7d,0xcb,0x7d,0x8a,0x75,0x00,0x00,0x4a,0x55,0x00,0x00,
    0x00,0x00,0x00,0x00,0x00,0x00,0x00,0x00,0x00,0x00,0xe0,0x07,0x00,0x00,0xf3,0xcf,0x08,0x6d,0xc7,0x64,0x49,0x75,0x8a,0x7d,0x8a,0x75,0x8a,0x7d,0xc7,0x64,0x29,0x6d,0x8a,0x75,0xeb,0x7d,0x8a,0x75,0x00,0x00,0xe0,0x7b,0x00,0x00,
    0x00,0x00,0x00,0x00,0x00,0x00,0x00,0x00,0xe0,0x07,0xe0,0x7b,0xe7,0x3b,0x87,0x5c,0x29,0x6d,0x6a,0x75,0x8a,0x75,0xaa,0x7d,0x8a,0x7d,0xc8,0x64,0x29,0x6d,0xaa,0x7d,0xab,0x7d,0xcb,0x7d,0x6a,0x75,0x00,0x00,0xef,0x7b,0x00,0x00,
    0x00,0x00,0x00,0x00,0x00,0x00,0x00,0x00,0xaa,0x52,0x00,0x00,0x87,0x5c,0xaa,0x75,0xab,0x7d,0x8a,0x7d,0x8a,0x75,0x6a,0x6d,0xc8,0x5c,0x29,0x6d,0xaa,0x7d,0xeb,0x7d,0xaa,0x7d,0x6a,0x75,0x00,0x00,0xff,0xff,0x00,0x00,0x00,0x00,
    0x00,0x00,0x00,0x00,0x00,0x00,0xe0,0x03,0x00,0x00,0x46,0x54,0xe8,0x64,0xab,0x7d,0x8a,0x75,0x8a,0x75,0xca,0x95,0xc9,0xad,0x89,0x95,0xab,0x75,0xaa,0x7d,0x8a,0x75,0x29,0x6d,0x00,0x00,0x4a,0x55,0x00,0x00,0x00,0x00,0x00,0x00,
    0x00,0x00,0x00,0x00,0x00,0x00,0xe7,0x3b,0x00,0x00,0x66,0x54,0x69,0x75,0xaa,0x7d,0x8a,0x75,0x8a,0x7d,0x8b,0xee,0x4a,0xfe,0xeb,0xfe,0xca,0x9d,0x08,0x65,0x87,0x64,0x00,0x00,0x4a,0x55,0x00,0x00,0x00,0x00,0x00,0x00,0x00,0x00,
    0x00,0x00,0x00,0x00,0x00,0x00,0xe7,0x3b,0x00,0x00,0x66,0x5c,0x8a,0x75,0xaa,0x7d,0x8a,0x75,0xaa,0x8d,0xea,0xfd,0xaa,0xf5,0x4a,0xfe,0x89,0x95,0x8a,0x6d,0xcb,0x85,0xe0,0xff,0x4a,0xad,0x00,0x00,0x00,0x00,0x00,0x00,0x00,0x00,
    0x00,0x00,0x00,0x00,0x00,0x00,0x4a,0x55,0x00,0x00,0x46,0x54,0x69,0x75,0xaa,0x7d,0x8a,0x75,0x8a,0x75,0xca,0xcd,0x0a,0xf6,0x0a,0xbe,0x8a,0x75,0xeb,0x7d,0x8a,0x75,0x00,0x00,0x4a,0xad,0x00,0x00,0x00,0x00,0x00,0x00,0x00,0x00,
    0x00,0x00,0x00,0x00,0x00,0x00,0x00,0x00,0x00,0x00,0x45,0x44,0xc7,0x64,0xca,0x7d,0x8a,0x75,0x8a,0x75,0x8a,0x7d,0xaa,0x7d,0x8a,0x75,0x8a,0x75,0xeb,0x7d,0x8a,0x75,0x00,0x00,0x4a,0xad,0x00,0x00,0x00,0x00,0x00,0x00,0x00,0x00,
    0x00,0x00,0x00,0x00,0x00,0x00,0x00,0x00,0x4a,0x55,0x00,0x00,0x66,0x5c,0x28,0x6d,0xaa,0x7d,0x8a,0x75,0x8a,0x75,0x8a,0x75,0x8a,0x7d,0x8a,0x75,0xeb,0x7d,0x8a,0x75,0x00,0x00,0x4a,0xad,0x00,0x00,0x00,0x00,0x00,0x00,0x00,0x00,
    0x00,0x00,0x00,0x00,0x00,0x00,0x03,0x00,0x18,0x75,0xa5,0x85,0x31,0x00,0x02,0x00,0x00,0x00,0x00,0x00,0x00,0x00,0x00,0x00,0x00,0x00,0x00,0x02,0x00,0x52,0xe1,0xff,0xff,0xff,0xf5,0x67,0x00,0x02,0x00,0x00,0x00,0x00,0x00,0x00,
    0x00,0x00,0x00,0x00,0x01,0x01,0x9c,0xff,0xff,0xfc,0xfd,0xfb,0xff,0xfb,0x21,0x00,0x02,0x00,0x00,0x00,0x00,0x00,0x00,0x00,0x00,0x00,0x01,0x00,0xd5,0xff,0xfb,0xff,0xff,0xff,0xfb,0xff,0x61,0x00,0x04,0x00,0x00,0x00,0x00,0x00,
    0x00,0x00,0x00,0x00,0x02,0x01,0x2d,0xd7,0xfd,0xfd,0xff,0xff,0xfb,0xfd,0x6b,0x00,0x04,0x00,0x00,0x00,0x00,0x00,0x00,0x00,0x00,0x00,0x00,0x03,0x00,0x3f,0xff,0xfd,0xff,0xfe,0xff,0xff,0x36,0x00,0x03,0x00,0x00,0x00,0x00,0x00,
    0x00,0x00,0x00,0x00,0x00,0x00,0x03,0x04,0xd7,0xff,0xfc,0xfd,0xfc,0x9d,0x05,0x02,0x00,0x00,0x00,0x00,0x00,0x00,0x00,0x00,0x00,0x00,0x00,0x00,0x03,0x00,0x5f,0xfc,0xfb,0xff,0xea,0x00,0x00,0x03,0x00,0x00,0x00,0x00,0x00,0x00,
    0x00,0x00,0x00,0x00,0x00,0x00,0x00,0x02,0x00,0xb1,0xff,0xfc,0xfd,0xaa,0x5b,0x00,0x03,0x00,0x00,0x00,0x00,0x00,0x00,0x00,0x00,0x00,0x00,0x00,0x03,0x00,0x48,0xf6,0xfd,0xfe,0xff,0xff,0xff,0x7d,0x00,0x04,0x00,0x00,0x00,0x00,
    0x00,0x00,0x00,0x00,0x00,0x00,0x04,0x00,0x91,0xff,0xfb,0xff,0xff,0xfb,0xfb,0xff,0x6d,0x00,0x04,0x00,0x00,0x00,0x00,0x00,0x00,0x00,0x00,0x00,0x03,0x00,0xad,0xff,0xfc,0xff,0xff,0xff,0xfe,0xfc,0xff,0x6b,0x00,0x03,0x00,0x00,
    0x00,0x00,0x00,0x00,0x00,0x00,0x02,0x01,0xca,0xff,0xfc,0xff,0xff,0xff,0xff,0xfe,0xfc,0xff,0x5a,0x00,0x03,0x00,0x00,0x00,0x00,0x00,0x00,0x01,0x00,0x05,0xe5,0xff,0xfe,0xff,0xff,0xff,0xff,0xff,0xf9,0xff,0xd3,0x00,0x02,0x00,
    0x00,0x00,0x00,0x00,0x01,0x02,0x04,0xa2,0xfe,0xfd,0xff,0xff,0xff,0xff,0xff,0xfc,0xff,0xfb,0x5d,0x00,0x02,0x00,0x00,0x00,0x00,0x00,0x03,0x00,0x8c,0xff,0xfc,0xff,0xff,0xff,0xff,0xff,0xfe,0xff,0xda,0x3f,0x00,0x01,0x00,0x00,
    0x00,0x00,0x00,0x02,0x00,0x1e,0xf9,0xfc,0xfe,0xff,0xff,0xff,0xff,0xfd,0xfe,0xa6,0x11,0x00,0x03,0x00,0x00,0x00,0x00,0x00,0x00,0x04,0x00,0x58,0xff,0xfc,0xff,0xff,0xff,0xff,0xff,0xfc,0xff,0x3d,0x00,0x06,0x00,0x00,0x00,0x00,
    0x00,0x00,0x00,0x04,0x00,0x69,0xfe,0xfb,0xff,0xff,0xff,0xff,0xff,0xfc,0xff,0x4a,0x01,0x03,0x00,0x00,0x00,0x00,0x00,0x00,0x00,0x03,0x00,0x46,0xff,0xfd,0xff,0xff,0xff,0xff,0xff,0xfc,0xff,0x48,0x00,0x03,0x00,0x00,0x00,0x00,
    0x00,0x00,0x00,0x01,0x01,0x0b,0xdc,0xff,0xfd,0xff,0xff,0xff,0xff,0xfc,0xff,0x48,0x00,0x03,0x00,0x00,0x00,0x00,0x00,0x00,0x00,0x00,0x03,0x00,0x55,0xfa,0xfc,0xff,0xff,0xff,0xff,0xfc,0xff,0x48,0x00,0x03,0x00,0x00,0x00,0x00,

};

const lv_image_dsc_t emoji_pregnant_man_22 = {
  .header.magic = LV_IMAGE_HEADER_MAGIC,
  .header.cf = LV_COLOR_FORMAT_RGB565A8,
  .header.flags = 0,
  .header.w = 22,
  .header.h = 22,
  .header.stride = 44,
  .data_size = sizeof(emoji_pregnant_man_22_map),
  .data = emoji_pregnant_man_22_map,
};




#ifndef LV_ATTRIBUTE_MEM_ALIGN
#define LV_ATTRIBUTE_MEM_ALIGN
#endif

#ifndef LV_ATTRIBUTE_EMOJI_SPEAKING_HEAD_22
#define LV_ATTRIBUTE_EMOJI_SPEAKING_HEAD_22
#endif

static const
LV_ATTRIBUTE_MEM_ALIGN LV_ATTRIBUTE_LARGE_CONST LV_ATTRIBUTE_EMOJI_SPEAKING_HEAD_22
uint8_t emoji_speaking_head_22_map[] = {

    0x00,0x00,0x00,0x00,0x00,0x00,0xef,0x03,0x00,0x00,0x00,0x00,0x53,0x23,0x33,0x23,0x33,0x23,0x33,0x23,0x53,0x23,0xb2,0x12,0x00,0x00,0x00,0x00,0xff,0x07,0x00,0x00,0x00,0x00,0x00,0x00,0x00,0x00,0x00,0x00,0x00,0x00,0x00,0x00,
    0x00,0x00,0x1f,0x00,0x00,0x00,0x00,0x00,0x53,0x23,0x53,0x23,0x33,0x23,0x54,0x23,0x54,0x23,0x54,0x23,0x53,0x23,0x53,0x23,0x33,0x23,0xaf,0x2a,0x00,0x00,0x1f,0x00,0x00,0x00,0x00,0x00,0x00,0x00,0x00,0x00,0x00,0x00,0x00,0x00,
    0x00,0x00,0x0f,0x00,0x33,0x33,0x33,0x23,0x74,0x23,0x54,0x23,0x33,0x23,0x33,0x23,0x33,0x23,0x33,0x23,0x33,0x23,0x53,0x23,0x74,0x23,0x53,0x23,0x13,0x23,0x1f,0x00,0xff,0x07,0x00,0x00,0x00,0x00,0x00,0x00,0x00,0x00,0x00,0x00,
    0xb5,0x02,0x00,0x00,0x33,0x23,0x94,0x23,0x33,0x23,0x33,0x23,0x33,0x23,0x33,0x23,0x33,0x23,0x33,0x23,0x33,0x23,0x33,0x23,0x33,0x23,0x74,0x23,0x33,0x23,0x1f,0x00,0xef,0x03,0x00,0x00,0x00,0x00,0x00,0x00,0x00,0x00,0x00,0x00,
    0x00,0x00,0x33,0x23,0x74,0x23,0x33,0x23,0x33,0x23,0x33,0x23,0x33,0x23,0x33,0x23,0x33,0x23,0x33,0x23,0x33,0x23,0x33,0x23,0x33,0x23,0x33,0x23,0x33,0x23,0x33,0x23,0x00,0x00,0xef,0x03,0x00,0x00,0x00,0x00,0x00,0x00,0x00,0x00,
    0xf3,0x1a,0x33,0x23,0x53,0x23,0x33,0x23,0x33,0x23,0x33,0x23,0x33,0x23,0x33,0x23,0x33,0x23,0x33,0x23,0x33,0x23,0x33,0x23,0x33,0x23,0x33,0x23,0x33,0x23,0x33,0x23,0x00,0x00,0xb5,0x02,0x00,0x00,0x00,0x00,0x00,0x00,0x00,0x00,
    0x13,0x23,0x33,0x23,0x33,0x23,0x33,0x23,0x33,0x23,0x33,0x23,0x33,0x23,0x33,0x23,0x33,0x23,0x33,0x23,0x33,0x23,0x33,0x23,0x33,0x23,0x33,0x23,0x33,0x23,0x33,0x23,0xb5,0x02,0xef,0x03,0x00,0x00,0x00,0x00,0x00,0x00,0x00,0x00,
    0x32,0x23,0x54,0x23,0x33,0x23,0x33,0x23,0x33,0x23,0x33,0x23,0x33,0x23,0x33,0x23,0x33,0x23,0x33,0x23,0x33,0x23,0x33,0x23,0x33,0x23,0x33,0x23,0x53,0x23,0x32,0x23,0x00,0x00,0xef,0x03,0x00,0x00,0x00,0x00,0x00,0x00,0x00,0x00,
    0x32,0x23,0x54,0x23,0x33,0x23,0x33,0x23,0x33,0x23,0x33,0x23,0x33,0x23,0x33,0x23,0x33,0x23,0x33,0x23,0x33,0x23,0x33,0x23,0x33,0x23,0x33,0x23,0x53,0x23,0x53,0x23,0x32,0x23,0xef,0x03,0x0f,0x00,0x4a,0xfd,0xe7,0xfb,0x00,0x00,
    0x32,0x23,0x33,0x23,0x33,0x23,0x33,0x23,0x33,0x23,0x33,0x23,0x33,0x23,0x33,0x23,0x33,0x23,0x33,0x23,0x33,0x23,0x33,0x23,0x33,0x23,0x33,0x23,0x33,0x23,0x33,0x23,0x95,0x23,0x32,0x2b,0x00,0xf8,0x00,0x00,0x00,0x00,0x00,0x00,
    0xf4,0x12,0x33,0x23,0x53,0x23,0x33,0x23,0x33,0x23,0x33,0x23,0x33,0x23,0x33,0x23,0x33,0x23,0x33,0x23,0x33,0x23,0x33,0x23,0x33,0x23,0x33,0x23,0x33,0x23,0x33,0x23,0x53,0x23,0x18,0x03,0x00,0x00,0xa8,0xf3,0xa7,0xfb,0x69,0xfb,
    0x00,0x00,0x32,0x23,0x74,0x23,0x32,0x23,0x33,0x23,0x33,0x23,0x33,0x23,0x33,0x23,0x33,0x23,0x33,0x23,0x33,0x23,0x33,0x23,0x33,0x23,0x33,0x23,0x33,0x23,0x33,0x23,0x13,0x43,0x85,0xfb,0xc8,0xfb,0xe8,0xfb,0x87,0xfb,0xa7,0xeb,
    0xef,0x03,0x33,0x23,0x33,0x23,0x53,0x23,0x33,0x23,0x33,0x23,0x33,0x23,0x33,0x23,0x33,0x23,0x33,0x23,0x33,0x23,0x33,0x23,0x33,0x23,0x53,0x23,0x95,0x23,0x33,0x1b,0x8e,0x83,0xa7,0xfb,0xc8,0xfb,0xa8,0xfb,0x00,0x00,0x00,0x00,
    0xb5,0x02,0x00,0x00,0x32,0x23,0x54,0x23,0x33,0x23,0x33,0x23,0x33,0x23,0x33,0x23,0x33,0x23,0x33,0x23,0x33,0x23,0x33,0x23,0x53,0x23,0x32,0x23,0x53,0x23,0x33,0x23,0x00,0x00,0xa7,0xf3,0xa7,0xfb,0x87,0xfb,0xa7,0xfb,0x87,0xfb,
    0x00,0x00,0xef,0x03,0x1f,0x00,0x33,0x23,0x53,0x23,0x33,0x23,0x33,0x23,0x33,0x23,0x33,0x23,0x33,0x23,0x33,0x23,0x33,0x23,0x54,0x23,0x33,0x23,0x0a,0x00,0x00,0x00,0x00,0x00,0x87,0xfb,0xc8,0xfb,0xa7,0xfb,0xa7,0xfb,0xa7,0xfb,
    0x00,0x00,0xef,0x3b,0x00,0x00,0x33,0x23,0x74,0x23,0x33,0x23,0x33,0x23,0x33,0x23,0x33,0x23,0x33,0x23,0x33,0x23,0x33,0x23,0x33,0x23,0x53,0x23,0x54,0x23,0x33,0x1b,0xe0,0xff,0x88,0xf3,0xa7,0xfb,0x00,0x00,0x00,0x00,0x00,0x00,
    0x00,0x00,0xef,0x3b,0x00,0x00,0x33,0x23,0x74,0x23,0x33,0x23,0x33,0x23,0x33,0x23,0x33,0x23,0x33,0x23,0x33,0x23,0x33,0x23,0x33,0x23,0x33,0x23,0x74,0x23,0x33,0x23,0xe0,0xff,0x88,0xf3,0xc8,0xfb,0xa8,0xfb,0xa7,0xfb,0xea,0xfb,
    0x00,0x00,0x1f,0x00,0x13,0x23,0x33,0x23,0x53,0x23,0x33,0x23,0x33,0x23,0x33,0x23,0x33,0x23,0x53,0x23,0x74,0x23,0x74,0x23,0x74,0x23,0x74,0x23,0x95,0x23,0x33,0x23,0x00,0x00,0x00,0x00,0xa7,0xf3,0xa8,0xfb,0x87,0xfb,0xa7,0xeb,
    0xf7,0x3b,0x00,0x00,0x33,0x23,0x95,0x23,0x33,0x23,0x33,0x23,0x33,0x23,0x33,0x23,0x54,0x23,0x33,0x23,0x32,0x23,0x33,0x23,0x33,0x23,0x33,0x23,0x33,0x23,0x95,0x1b,0x00,0x00,0xaa,0xfa,0x00,0x00,0x00,0x00,0x00,0x00,0x00,0x00,
    0xff,0x07,0x1f,0x00,0x33,0x1b,0x33,0x23,0x74,0x23,0x53,0x23,0x33,0x23,0x74,0x23,0x33,0x23,0x72,0x23,0x00,0x00,0x00,0x00,0x00,0x00,0x00,0x00,0x00,0x00,0x00,0x00,0x00,0x00,0x00,0x00,0xe0,0xfb,0xaa,0xfa,0x00,0x00,0x00,0x00,
    0x00,0x00,0x1f,0x00,0x00,0x00,0xd2,0x1a,0x53,0x23,0x53,0x23,0x33,0x23,0x53,0x23,0x33,0x23,0x00,0x00,0xaf,0x2a,0xef,0x39,0xef,0x3b,0xef,0x3b,0xb5,0x02,0x00,0x00,0x00,0x00,0x00,0x00,0x00,0x00,0x00,0x00,0x00,0x00,0x00,0x00,
    0x00,0x00,0x00,0x00,0xff,0x07,0x00,0x00,0x00,0x00,0x55,0x2b,0x33,0x1b,0x72,0x23,0x00,0x00,0xff,0x07,0x00,0x00,0x00,0x00,0x00,0x00,0x00,0x00,0x00,0x00,0x00,0x00,0x00,0x00,0x00,0x00,0x00,0x00,0x00,0x00,0x00,0x00,0x00,0x00,
    0x00,0x00,0x01,0x02,0x00,0x00,0x2e,0x63,0x7c,0x6e,0x44,0x0c,0x00,0x00,0x01,0x00,0x00,0x00,0x00,0x00,0x00,0x00,0x00,0x01,0x00,0x00,0x4c,0xbf,0xf8,0xff,0xff,0xff,0xff,0xdc,0x79,0x06,0x00,0x01,0x00,0x00,0x00,0x00,0x00,0x00,
    0x01,0x02,0x05,0x9a,0xff,0xff,0xff,0xfd,0xfc,0xfc,0xff,0xff,0xff,0xc4,0x15,0x01,0x01,0x00,0x00,0x00,0x00,0x00,0x03,0x00,0xa7,0xff,0xfb,0xfc,0xff,0xff,0xff,0xff,0xff,0xfd,0xf9,0xff,0xad,0x01,0x02,0x00,0x00,0x00,0x00,0x00,
    0x00,0x63,0xff,0xfa,0xff,0xff,0xff,0xff,0xff,0xff,0xff,0xff,0xfe,0xfd,0xfc,0x20,0x00,0x02,0x00,0x00,0x00,0x00,0x08,0xd9,0xfd,0xfd,0xff,0xff,0xff,0xff,0xff,0xff,0xff,0xff,0xff,0xff,0xfe,0x35,0x00,0x03,0x00,0x00,0x00,0x00,
    0x3b,0xfe,0xff,0xff,0xff,0xff,0xff,0xff,0xff,0xff,0xff,0xff,0xfe,0xff,0xf8,0x21,0x03,0x02,0x00,0x00,0x00,0x00,0x63,0xff,0xfd,0xff,0xff,0xff,0xff,0xff,0xff,0xff,0xff,0xff,0xfe,0xfe,0xfa,0x32,0x00,0x02,0x00,0x00,0x00,0x00,
    0x63,0xff,0xfc,0xff,0xff,0xff,0xff,0xff,0xff,0xff,0xff,0xff,0xff,0xfd,0xff,0xda,0x40,0x02,0x02,0x03,0x04,0x00,0x3d,0xff,0xff,0xff,0xff,0xff,0xff,0xff,0xff,0xff,0xff,0xff,0xff,0xff,0xff,0xff,0xff,0x6c,0x01,0x00,0x00,0x00,
    0x0b,0xdf,0xfe,0xfd,0xff,0xff,0xff,0xff,0xff,0xff,0xff,0xff,0xff,0xff,0xfe,0xfb,0xd4,0x1d,0x00,0x4d,0x88,0x07,0x00,0x7e,0xff,0xfc,0xff,0xff,0xff,0xff,0xff,0xff,0xff,0xff,0xff,0xfc,0xfb,0xef,0x17,0x4b,0xd2,0xff,0xbb,0x0d,
    0x02,0x0f,0xde,0xff,0xfd,0xff,0xff,0xff,0xff,0xff,0xff,0xff,0xff,0xff,0xff,0xe4,0x1d,0xd4,0xa7,0x27,0x00,0x00,0x03,0x00,0x51,0xff,0xfc,0xff,0xff,0xff,0xff,0xff,0xff,0xfd,0xff,0xb9,0x83,0x34,0x00,0x39,0x7e,0x79,0x89,0x71,
    0x01,0x02,0x01,0xd0,0xff,0xfd,0xff,0xff,0xff,0xff,0xff,0xfc,0xff,0xae,0x03,0x00,0x00,0x31,0xcc,0xd9,0xe1,0xbc,0x00,0x04,0x01,0x8d,0xff,0xfb,0xff,0xff,0xff,0xff,0xff,0xff,0xfe,0xff,0xea,0x64,0x01,0xa3,0x61,0x00,0x00,0x00,
    0x00,0x04,0x00,0x8a,0xff,0xfb,0xff,0xff,0xff,0xfd,0xfb,0xfb,0xfb,0xf5,0xff,0x85,0x01,0xa6,0xff,0xe7,0x70,0x06,0x01,0x01,0x0d,0xd4,0xff,0xfd,0xff,0xff,0xfd,0xff,0xff,0xff,0xff,0xff,0xff,0x75,0x00,0x00,0x23,0x9f,0xcb,0x0d,
    0x04,0x00,0x76,0xff,0xf8,0xfe,0xfe,0xfc,0xff,0xd3,0x97,0xa2,0xa3,0x90,0x57,0x09,0x01,0x03,0x00,0x00,0x00,0x00,0x01,0x01,0x20,0xd3,0xff,0xff,0xff,0xff,0xb4,0x07,0x00,0x00,0x00,0x00,0x00,0x00,0x00,0x00,0x02,0x03,0x00,0x00,
    0x00,0x01,0x00,0x11,0x94,0xdd,0xeb,0xd5,0x1e,0x00,0x06,0x04,0x04,0x04,0x03,0x01,0x00,0x00,0x00,0x00,0x00,0x00,0x00,0x00,0x01,0x00,0x00,0x0c,0x19,0x07,0x00,0x01,0x00,0x00,0x00,0x00,0x00,0x00,0x00,0x00,0x00,0x00,0x00,0x00,

};

const lv_image_dsc_t emoji_speaking_head_22 = {
  .header.magic = LV_IMAGE_HEADER_MAGIC,
  .header.cf = LV_COLOR_FORMAT_RGB565A8,
  .header.flags = 0,
  .header.w = 22,
  .header.h = 22,
  .header.stride = 44,
  .data_size = sizeof(emoji_speaking_head_22_map),
  .data = emoji_speaking_head_22_map,
};




#ifndef LV_ATTRIBUTE_MEM_ALIGN
#define LV_ATTRIBUTE_MEM_ALIGN
#endif

#ifndef LV_ATTRIBUTE_EMOJI_PHONE_22
#define LV_ATTRIBUTE_EMOJI_PHONE_22
#endif

static const
LV_ATTRIBUTE_MEM_ALIGN LV_ATTRIBUTE_LARGE_CONST LV_ATTRIBUTE_EMOJI_PHONE_22
uint8_t emoji_phone_22_map[] = {

    0x00,0x00,0x00,0x00,0x00,0x00,0x00,0x00,0x00,0xf8,0x00,0xa8,0x07,0xb8,0x07,0xb8,0x06,0x98,0x06,0xc8,0x06,0x98,0x06,0x98,0x06,0xc8,0x06,0x98,0x07,0xb8,0x07,0xb8,0x00,0xa8,0x00,0xf8,0x00,0x00,0x00,0x00,0x00,0x00,0x00,0x00,
    0x00,0x00,0x00,0x00,0x0a,0xa8,0x0a,0xa8,0x00,0x00,0x00,0x00,0x00,0x00,0x00,0x00,0x00,0x00,0x00,0x00,0x00,0x00,0x00,0x00,0x00,0x00,0x00,0x00,0x00,0x00,0x00,0x00,0x00,0x00,0x00,0x00,0x0a,0xa8,0x0a,0xa8,0x00,0x00,0x00,0x00,
    0x00,0x00,0x00,0x78,0x00,0x00,0x00,0x00,0xa5,0xb8,0xc5,0xc0,0xc6,0xc0,0xc6,0xb8,0xc6,0xb8,0xc6,0xc0,0xc6,0xb8,0xc6,0xb8,0xc6,0xc0,0xc6,0xb8,0xc6,0xb8,0xc6,0xc0,0xc5,0xc0,0xa5,0xb8,0x00,0x00,0x00,0x00,0x00,0x78,0x00,0x00,
    0x00,0x00,0x00,0x00,0xc6,0xb8,0xc6,0xc0,0xc6,0xb8,0xc6,0xb8,0xc6,0xc8,0xc6,0xc8,0xc6,0xc8,0xc6,0xc8,0xc6,0xc8,0xc6,0xc8,0xc6,0xc8,0xc6,0xc8,0xc6,0xc8,0xc6,0xc8,0xc6,0xb8,0xc6,0xb8,0xc6,0xc0,0xc6,0xb8,0x00,0x00,0x00,0x00,
    0xe7,0xc0,0xc6,0xc0,0xc6,0xc8,0xc6,0xc8,0xc6,0xc0,0xc6,0xb8,0xc6,0xc0,0x27,0xd1,0x27,0xd1,0xc6,0xb8,0xc6,0xb8,0xc6,0xb8,0xc6,0xb8,0x27,0xd1,0x27,0xd1,0xc6,0xc0,0xc6,0xb8,0xc6,0xc0,0xc6,0xc8,0xc6,0xc8,0xc6,0xc0,0xe7,0xc0,
    0xc6,0xb8,0xc6,0xc8,0xc6,0xb8,0xc6,0xb8,0xc6,0xb8,0xc6,0xb8,0xe6,0xc0,0x88,0xe1,0x68,0xd9,0xe6,0xc0,0xa5,0xb8,0xa5,0xb8,0xe6,0xc0,0x68,0xd9,0x88,0xe1,0xe6,0xc0,0xc6,0xb8,0xc6,0xb8,0xc6,0xb8,0xc6,0xb8,0xc6,0xc8,0xc6,0xb8,
    0xc6,0xb8,0xc6,0xb8,0xc6,0xb8,0xc6,0xb8,0xc6,0xb8,0xc6,0xb8,0x27,0xc9,0x88,0xd9,0x88,0xd9,0x07,0xc9,0x07,0xc1,0x07,0xc1,0x07,0xc9,0x88,0xd9,0x88,0xd9,0x27,0xc9,0xc6,0xb8,0xc6,0xb8,0xc6,0xb8,0xc6,0xb8,0xc6,0xb8,0xc6,0xb8,
    0xc6,0xc0,0xc6,0xb8,0xc6,0xb8,0xc6,0xb8,0xe6,0xc0,0x68,0xd9,0x68,0xd9,0xe6,0xd8,0xe6,0xd8,0x47,0xd9,0xe6,0xd8,0xe6,0xd8,0x47,0xd9,0xe6,0xd8,0xe6,0xd8,0x68,0xd9,0x68,0xd9,0xe6,0xc0,0xc6,0xb8,0xc6,0xb8,0xc6,0xb8,0xc6,0xc0,
    0xc6,0xb8,0xc6,0xc8,0xc6,0xc0,0xe6,0xc0,0x68,0xd9,0x68,0xd9,0xea,0xe1,0x93,0xec,0x93,0xec,0x8c,0xe2,0x93,0xec,0x93,0xec,0x8c,0xe2,0x93,0xec,0x93,0xec,0xea,0xe1,0x68,0xd9,0x68,0xd9,0xe6,0xc0,0xc6,0xc0,0xc6,0xc8,0xc6,0xb8,
    0xe5,0xb8,0xc6,0xc0,0xc6,0xb8,0x47,0xd1,0x88,0xd9,0x27,0xd9,0xea,0xe1,0xd8,0xf5,0x36,0xf5,0x6c,0xe2,0xb7,0xf5,0x97,0xf5,0x6c,0xe2,0x36,0xf5,0xd8,0xf5,0xea,0xe1,0x27,0xd9,0x88,0xd9,0x47,0xd1,0xc6,0xb8,0xc6,0xc0,0xe5,0xb8,
    0x00,0x00,0x00,0x00,0x88,0xd9,0x89,0xe9,0x68,0xd9,0xa9,0xd9,0x39,0xf6,0x5d,0xff,0x97,0xf5,0xb0,0xeb,0x1c,0xff,0x1c,0xff,0xb0,0xeb,0x97,0xf5,0x5d,0xff,0x39,0xf6,0xa9,0xd9,0x68,0xd9,0x89,0xe9,0x88,0xd9,0x00,0x00,0x00,0x00,
    0x0a,0xa8,0x47,0xd1,0x68,0xd9,0x88,0xe1,0x27,0xd9,0x68,0xd9,0xb4,0xec,0xb7,0xf5,0xb0,0xeb,0x4b,0xe2,0xb7,0xf5,0xb7,0xf5,0x4b,0xe2,0xb0,0xeb,0xb7,0xf5,0xb4,0xec,0x68,0xd9,0x27,0xd9,0x88,0xe1,0x68,0xd9,0x47,0xd1,0x0a,0xa8,
    0x00,0x00,0x68,0xd9,0x89,0xe9,0x27,0xd9,0x4f,0xe3,0xfb,0xfe,0x1c,0xff,0x7a,0xf6,0x0e,0xe3,0x15,0xf5,0xdb,0xfe,0xdb,0xfe,0x15,0xf5,0xee,0xe2,0x7a,0xf6,0x1c,0xff,0xfb,0xfe,0x4f,0xe3,0x27,0xd9,0x89,0xe9,0x68,0xd9,0x00,0x00,
    0x67,0xd9,0x68,0xd9,0x88,0xe1,0x27,0xd9,0xb0,0xeb,0x9e,0xff,0xdf,0xff,0xbe,0xff,0xf1,0xeb,0xf8,0xf5,0xff,0xff,0xff,0xff,0xf8,0xf5,0xd1,0xeb,0xbe,0xff,0xdf,0xff,0x9e,0xff,0x90,0xeb,0x07,0xd9,0x88,0xe1,0x68,0xd9,0x67,0xd9,
    0x68,0xd9,0x88,0xe9,0x68,0xd9,0x68,0xd9,0x27,0xd9,0xa9,0xd9,0x0a,0xe2,0xa9,0xd9,0x07,0xd9,0x48,0xd9,0x0a,0xe2,0x0a,0xe2,0x48,0xd9,0x07,0xd9,0xa9,0xd9,0x0a,0xe2,0xa9,0xd9,0x27,0xd9,0x68,0xd9,0x68,0xd9,0x88,0xe9,0x68,0xd9,
    0x68,0xd9,0x68,0xd9,0x68,0xd9,0x68,0xd9,0x88,0xd9,0x68,0xd9,0x47,0xd9,0x48,0xd9,0x88,0xd9,0x68,0xd9,0x48,0xd9,0x48,0xd9,0x68,0xd9,0x88,0xd9,0x48,0xd9,0x47,0xd9,0x68,0xd9,0x88,0xd9,0x68,0xd9,0x68,0xd9,0x68,0xd9,0x68,0xd9,
    0x68,0xd9,0x68,0xd9,0x68,0xd9,0x68,0xd9,0x68,0xd9,0x68,0xd9,0x68,0xd9,0x68,0xd9,0x68,0xd9,0x68,0xd9,0x68,0xd9,0x68,0xd9,0x68,0xd9,0x68,0xd9,0x68,0xd9,0x68,0xd9,0x68,0xd9,0x68,0xd9,0x68,0xd9,0x68,0xd9,0x68,0xd9,0x68,0xd9,
    0x68,0xd9,0x68,0xe1,0x68,0xd9,0x68,0xd9,0x68,0xd9,0x68,0xd9,0x68,0xd9,0x68,0xd9,0x68,0xd9,0x68,0xd9,0x68,0xd9,0x68,0xd9,0x68,0xd9,0x68,0xd9,0x68,0xd9,0x68,0xd9,0x68,0xd9,0x68,0xd9,0x68,0xd9,0x68,0xd9,0x68,0xe1,0x68,0xd9,
    0x68,0xd9,0x88,0xe1,0x89,0xe9,0x89,0xe9,0x89,0xe9,0x89,0xe9,0x89,0xe9,0x89,0xe9,0x89,0xe9,0x89,0xe9,0x89,0xe9,0x89,0xe9,0x89,0xe9,0x89,0xe9,0x89,0xe9,0x89,0xe9,0x89,0xe9,0x89,0xe9,0x89,0xe9,0x89,0xe9,0x88,0xe1,0x68,0xd9,
    0x00,0x00,0x68,0xd9,0x88,0xe1,0x68,0xd9,0x68,0xd9,0x68,0xd9,0x68,0xd9,0x68,0xd9,0x68,0xd9,0x68,0xd9,0x68,0xd9,0x68,0xd9,0x68,0xd9,0x68,0xd9,0x68,0xd9,0x68,0xd9,0x68,0xd9,0x68,0xd9,0x68,0xd9,0x88,0xe1,0x68,0xd9,0x00,0x00,
    0x00,0xf8,0x00,0x00,0x00,0x00,0x00,0x00,0x00,0x00,0x00,0x00,0x00,0x00,0x00,0x00,0x00,0x00,0x00,0x00,0x00,0x00,0x00,0x00,0x00,0x00,0x00,0x00,0x00,0x00,0x00,0x00,0x00,0x00,0x00,0x00,0x00,0x00,0x00,0x00,0x00,0x00,0x00,0xf8,
    0x00,0x00,0xaa,0xfa,0x86,0xc9,0x86,0xc9,0x86,0xc9,0x86,0xc9,0x86,0xc9,0x86,0xc9,0x86,0xc9,0x86,0xc9,0x86,0xc9,0x86,0xc9,0x86,0xc9,0x86,0xc9,0x86,0xc9,0x86,0xc9,0x86,0xc9,0x86,0xc9,0x86,0xc9,0x86,0xc9,0xaa,0xfa,0x00,0x00,
    0x00,0x00,0x00,0x00,0x01,0x03,0x04,0x04,0x05,0x05,0x05,0x05,0x05,0x05,0x04,0x04,0x03,0x01,0x00,0x00,0x00,0x00,0x00,0x00,0x03,0x03,0x00,0x00,0x00,0x00,0x00,0x00,0x00,0x00,0x00,0x00,0x00,0x00,0x00,0x00,0x03,0x03,0x00,0x00,
    0x01,0x02,0x00,0x00,0x0b,0x31,0x53,0x72,0x86,0x8e,0x8e,0x8e,0x8e,0x86,0x72,0x53,0x31,0x0b,0x00,0x00,0x02,0x01,0x00,0x00,0x43,0xa3,0xe2,0xff,0xff,0xff,0xff,0xff,0xff,0xff,0xff,0xff,0xff,0xff,0xff,0xe2,0xa3,0x43,0x00,0x00,
    0x09,0x9e,0xff,0xff,0xff,0xff,0xfc,0xfb,0xfb,0xfb,0xfb,0xfb,0xfb,0xfb,0xfb,0xfc,0xff,0xff,0xff,0xff,0x9e,0x09,0x9e,0xff,0xfc,0xfc,0xfe,0xff,0xff,0xff,0xff,0xff,0xff,0xff,0xff,0xff,0xff,0xff,0xff,0xfe,0xfc,0xfc,0xff,0x9e,
    0xfc,0xfc,0xfe,0xff,0xff,0xff,0xff,0xff,0xff,0xff,0xff,0xff,0xff,0xff,0xff,0xff,0xff,0xff,0xff,0xfe,0xfc,0xfc,0xff,0xfb,0xfd,0xff,0xff,0xff,0xff,0xff,0xff,0xff,0xff,0xff,0xff,0xff,0xff,0xff,0xff,0xff,0xff,0xfd,0xfb,0xff,
    0xd2,0xff,0xff,0xff,0xff,0xff,0xff,0xff,0xff,0xff,0xff,0xff,0xff,0xff,0xff,0xff,0xff,0xff,0xff,0xff,0xff,0xd2,0x1b,0x8f,0xc6,0xfc,0xff,0xff,0xff,0xff,0xff,0xff,0xff,0xff,0xff,0xff,0xff,0xff,0xff,0xff,0xfc,0xc6,0x8f,0x1b,
    0x00,0x00,0x5f,0xfe,0xfc,0xff,0xff,0xff,0xff,0xff,0xff,0xff,0xff,0xff,0xff,0xff,0xff,0xfc,0xfe,0x5f,0x00,0x00,0x03,0x18,0xec,0xff,0xfd,0xff,0xff,0xff,0xff,0xff,0xff,0xff,0xff,0xff,0xff,0xff,0xff,0xfd,0xff,0xec,0x18,0x03,
    0x00,0x8d,0xff,0xfc,0xff,0xff,0xff,0xff,0xff,0xff,0xff,0xff,0xff,0xff,0xff,0xff,0xff,0xff,0xfc,0xff,0x8d,0x00,0x28,0xf6,0xfd,0xfe,0xff,0xff,0xff,0xff,0xff,0xff,0xff,0xff,0xff,0xff,0xff,0xff,0xff,0xff,0xfe,0xfd,0xf6,0x28,
    0xa5,0xff,0xfc,0xff,0xff,0xff,0xff,0xff,0xff,0xff,0xff,0xff,0xff,0xff,0xff,0xff,0xff,0xff,0xff,0xfc,0xff,0xa5,0xf6,0xfe,0xff,0xff,0xff,0xff,0xff,0xff,0xff,0xff,0xff,0xff,0xff,0xff,0xff,0xff,0xff,0xff,0xff,0xff,0xfe,0xf6,
    0xff,0xff,0xff,0xff,0xff,0xff,0xff,0xff,0xff,0xff,0xff,0xff,0xff,0xff,0xff,0xff,0xff,0xff,0xff,0xff,0xff,0xff,0xe2,0xfe,0xf9,0xfb,0xfb,0xfb,0xfb,0xfb,0xfb,0xfb,0xfb,0xfb,0xfb,0xfb,0xfb,0xfb,0xfb,0xfb,0xfb,0xf9,0xfe,0xe2,
    0x5a,0xff,0xff,0xff,0xff,0xff,0xff,0xff,0xff,0xff,0xff,0xff,0xff,0xff,0xff,0xff,0xff,0xff,0xff,0xff,0xff,0x5a,0x00,0x4c,0x8f,0x8d,0x8e,0x8e,0x8e,0x8e,0x8e,0x8e,0x8e,0x8e,0x8e,0x8e,0x8e,0x8e,0x8e,0x8e,0x8d,0x8f,0x4c,0x00,
    0x01,0x00,0x00,0x00,0x00,0x00,0x00,0x00,0x00,0x00,0x00,0x00,0x00,0x00,0x00,0x00,0x00,0x00,0x00,0x00,0x00,0x01,0x00,0x03,0x05,0x05,0x05,0x05,0x05,0x05,0x05,0x05,0x05,0x05,0x05,0x05,0x05,0x05,0x05,0x05,0x05,0x05,0x03,0x00,

};

const lv_image_dsc_t emoji_phone_22 = {
  .header.magic = LV_IMAGE_HEADER_MAGIC,
  .header.cf = LV_COLOR_FORMAT_RGB565A8,
  .header.flags = 0,
  .header.w = 22,
  .header.h = 22,
  .header.stride = 44,
  .data_size = sizeof(emoji_phone_22_map),
  .data = emoji_phone_22_map,
};




#ifndef LV_ATTRIBUTE_MEM_ALIGN
#define LV_ATTRIBUTE_MEM_ALIGN
#endif

#ifndef LV_ATTRIBUTE_EMOJI_DOG_22
#define LV_ATTRIBUTE_EMOJI_DOG_22
#endif

static const
LV_ATTRIBUTE_MEM_ALIGN LV_ATTRIBUTE_LARGE_CONST LV_ATTRIBUTE_EMOJI_DOG_22
uint8_t emoji_dog_22_map[] = {

    0x00,0x00,0x00,0x00,0x00,0x00,0x00,0x00,0x00,0xf8,0x00,0x00,0x00,0x00,0x00,0x00,0x00,0x78,0x00,0x00,0x00,0x00,0x00,0x00,0x00,0x00,0x00,0x00,0x00,0x00,0x00,0x00,0x00,0x00,0x00,0x00,0x00,0x00,0x00,0x00,0x00,0x00,0x00,0x00,
    0x00,0x00,0x00,0x00,0xff,0xff,0xff,0xff,0x00,0x00,0xaf,0xd4,0x51,0xe5,0x11,0xd5,0x00,0x00,0x00,0x00,0x00,0x00,0x00,0x00,0x00,0x00,0x00,0x00,0x00,0x00,0x00,0x00,0x00,0x00,0x4a,0xad,0xff,0xff,0x00,0x00,0x55,0xfd,0x00,0x00,
    0x00,0x00,0x00,0x00,0x00,0x00,0x00,0x00,0x30,0xe5,0x71,0xed,0x4d,0xc4,0x22,0x69,0x02,0x69,0x00,0x00,0x00,0x78,0x00,0x00,0x00,0x00,0x00,0x00,0x00,0x00,0x00,0x00,0xe0,0xff,0x00,0x00,0x00,0x00,0x00,0x00,0x00,0x00,0x00,0x00,
    0x86,0x31,0xb4,0xdd,0x12,0xed,0x10,0xe5,0xed,0xa3,0x2e,0xac,0xe8,0x9a,0xc1,0x60,0x02,0x61,0x00,0x00,0x00,0xf8,0x00,0x00,0x00,0x00,0x00,0x00,0x00,0x00,0xff,0xff,0x00,0x00,0xf0,0xd4,0x10,0xdd,0x10,0xdd,0xd0,0xdc,0x00,0x00,
    0xc3,0x10,0x4c,0x7b,0x97,0xfe,0xb3,0xf5,0x2b,0x83,0xac,0x9b,0xe5,0x81,0xc1,0x58,0x02,0x61,0x43,0x69,0x00,0x00,0x00,0x78,0x00,0x00,0x00,0x00,0xef,0x7b,0x00,0x00,0x10,0xe5,0x10,0xdd,0x10,0xdd,0x10,0xdd,0x72,0xf5,0xf0,0xd4,
    0xc7,0x39,0x70,0xac,0x97,0xfe,0x36,0xf6,0x72,0xed,0x10,0xdd,0x63,0x71,0xe2,0x60,0x02,0x69,0xa1,0x58,0x55,0xfd,0x86,0x99,0xe7,0xb9,0xe7,0xbb,0x69,0xb3,0xe7,0xb9,0x10,0xdd,0x10,0xdd,0xcf,0xd4,0xf0,0xd4,0x10,0xdd,0x10,0xdd,
    0x5a,0xff,0x76,0xfe,0xb4,0xed,0x77,0xfe,0xd4,0xed,0xf0,0xdc,0xc8,0x9a,0xa0,0x58,0x22,0x69,0xa8,0x92,0x00,0x00,0x00,0x00,0x00,0x00,0x00,0x00,0x00,0x00,0x00,0x00,0x00,0x00,0x4e,0xbc,0x00,0x00,0x00,0x00,0xf0,0xdc,0x51,0xed,
    0xf1,0xcc,0x36,0xf6,0x77,0xfe,0x57,0xf6,0xb3,0xed,0x10,0xdd,0xf0,0xdc,0xcc,0xb3,0x2d,0xc4,0x10,0xdd,0x10,0xdd,0x2d,0xcc,0x49,0xc3,0x4a,0xc3,0x29,0xbb,0x29,0xbb,0x8e,0xd4,0x71,0xed,0x8d,0xdc,0x00,0x00,0xf0,0xdc,0xf0,0xdc,
    0x00,0x00,0x00,0x00,0x97,0xfe,0x57,0xf6,0xd4,0xed,0x72,0xe5,0x10,0xdd,0x31,0xdd,0x10,0xdd,0x10,0xdd,0x31,0xe5,0x8e,0xd4,0x4a,0xcb,0x8a,0xcb,0x8a,0xcb,0x6a,0xcb,0xef,0xe4,0x51,0xe5,0xf0,0xd4,0x10,0xdd,0x31,0xe5,0xd0,0xd4,
    0xe0,0xff,0x00,0x00,0x00,0x00,0x00,0x00,0x00,0x00,0x36,0xf6,0x93,0xed,0xcf,0xd4,0xf0,0xdc,0xf0,0xdc,0xf0,0xdc,0xf0,0xdc,0xec,0xcb,0x29,0xc3,0x29,0xc3,0xcb,0xcb,0xf0,0xdc,0xf0,0xdc,0x31,0xe5,0x10,0xdd,0xf0,0xdc,0x00,0x00,
    0x00,0x00,0x00,0xf8,0xff,0xff,0x55,0xd5,0xef,0xfb,0x77,0xfe,0x15,0xfe,0xcf,0xd4,0xf0,0xdc,0xf0,0xdc,0xf0,0xdc,0xf0,0xdc,0xf0,0xdc,0xaf,0xd4,0x8e,0xd4,0xf0,0xdc,0xf0,0xdc,0xf0,0xdc,0x10,0xe5,0xf0,0xdc,0x00,0x00,0xff,0xff,
    0x00,0x00,0x00,0x00,0x00,0x00,0xf5,0xff,0x00,0x00,0x56,0xf6,0x56,0xfe,0xf0,0xdc,0xf0,0xdc,0xf0,0xdc,0xf0,0xdc,0xf0,0xdc,0xf0,0xdc,0x10,0xdd,0x10,0xdd,0xf0,0xdc,0xf0,0xdc,0xf0,0xdc,0x10,0xdd,0xf0,0xdc,0x10,0xe5,0x00,0x00,
    0x00,0x00,0x00,0x00,0x00,0x00,0xef,0xfb,0x00,0x00,0x16,0xf6,0x56,0xf6,0x51,0xe5,0xef,0xd4,0xf0,0xdc,0xf0,0xdc,0xf0,0xdc,0xf0,0xdc,0xf0,0xdc,0xf0,0xdc,0xf0,0xdc,0xf0,0xdc,0xf0,0xdc,0x10,0xdd,0xf0,0xdc,0x51,0xed,0x00,0x00,
    0x00,0x00,0x00,0x00,0x00,0x00,0x00,0x00,0xef,0xfb,0x00,0x00,0x57,0xf6,0xd4,0xf5,0xcf,0xd4,0xf0,0xdc,0xf0,0xd4,0xcf,0xd4,0xcf,0xd4,0xcf,0xd4,0x31,0xdd,0x31,0xdd,0xf0,0xdc,0xf0,0xdc,0x10,0xe5,0xf0,0xdc,0xef,0xbb,0x00,0x00,
    0x00,0x00,0x00,0x00,0x00,0x00,0x00,0x00,0xef,0xfd,0x00,0x00,0xd0,0xdc,0xf4,0xf5,0xf0,0xdc,0xf0,0xdc,0x52,0xe5,0x72,0xed,0xd4,0xf5,0x56,0xfe,0x57,0xfe,0x52,0xe5,0xf0,0xdc,0xf0,0xdc,0x31,0xe5,0xf0,0xdc,0x00,0x00,0xff,0xff,
    0x00,0x00,0x00,0x00,0x00,0x00,0x00,0x00,0xe7,0xb9,0x00,0x00,0xc8,0xba,0x2d,0xd4,0xf0,0xdc,0x10,0xdd,0x15,0xf6,0x36,0xf6,0x56,0xfe,0xb8,0xfe,0x0d,0xcc,0xeb,0xd3,0xf0,0xdc,0xf0,0xdc,0x30,0xe5,0xf0,0xdc,0x00,0x00,0xff,0xff,
    0x00,0x00,0x00,0x00,0x00,0x00,0x00,0x00,0xaa,0xaa,0x00,0x00,0x29,0xbb,0x6a,0xcb,0xcf,0xd4,0x31,0xe5,0xcf,0xd4,0x00,0x00,0x00,0x00,0x00,0x00,0x00,0x78,0x29,0xc3,0xcb,0xcb,0xcf,0xd4,0x30,0xe5,0xf0,0xdc,0xf0,0xd4,0x00,0x00,
    0x00,0x00,0x00,0x00,0x00,0x00,0x00,0x00,0xaa,0xaa,0x00,0x00,0x4a,0xc3,0x6a,0xcb,0x6e,0xd4,0x71,0xed,0xf0,0xdc,0xff,0xff,0xb2,0xdd,0x92,0xdc,0x00,0x00,0x6a,0xc3,0x6a,0xcb,0x6a,0xc3,0xf0,0xdc,0x92,0xf5,0xf0,0xdc,0x00,0x00,
    0x00,0x00,0x00,0x00,0x00,0x00,0x00,0x00,0xaa,0xfa,0xe0,0xff,0x4a,0xc3,0x4a,0xcb,0xec,0xcb,0x71,0xed,0xf0,0xd4,0x00,0x00,0xef,0xff,0xe0,0xff,0x00,0xf8,0x2a,0xcb,0x4a,0xc3,0x29,0xbb,0x8e,0xd4,0x51,0xe5,0xf0,0xd4,0xef,0xfb,
    0x00,0x00,0x00,0x00,0x00,0x00,0x00,0x00,0xe7,0xbb,0x00,0x00,0x49,0xbb,0x8a,0xd3,0x8b,0xc3,0x10,0xdd,0xf0,0xd4,0x1f,0xf8,0x00,0x00,0x00,0xf8,0xe0,0xff,0x00,0x00,0x29,0xbb,0x6a,0xcb,0xe3,0xa9,0xf0,0xd4,0x30,0xe5,0xf0,0xd4,
    0x00,0x00,0x00,0x00,0x00,0x00,0xef,0xfb,0x00,0xf8,0x2a,0xbb,0x6a,0xcb,0x6a,0xcb,0x2d,0xcc,0x30,0xdd,0xf0,0xdc,0xef,0xdc,0x00,0x00,0xe7,0xbb,0x00,0x00,0x4a,0xc3,0x6a,0xcb,0x4a,0xc3,0x08,0xc3,0x10,0xdd,0x92,0xf5,0xf0,0xd4,
    0x00,0x00,0x00,0x00,0x00,0x00,0xaa,0xaa,0x00,0x00,0x6a,0xc3,0x6a,0xcb,0x29,0xbb,0xf0,0xdc,0x31,0xe5,0xf0,0xdc,0xcc,0xcc,0x00,0x00,0xaa,0xfa,0x00,0x00,0x49,0xc3,0x8a,0xcb,0x29,0xc3,0xf0,0xdc,0xf0,0xdc,0x31,0xe5,0xf0,0xdc,
    0x00,0x00,0x00,0x00,0x01,0x00,0x00,0x00,0x02,0x00,0x00,0x00,0x00,0x00,0x00,0x00,0x00,0x00,0x00,0x00,0x00,0x00,0x01,0x01,0x01,0x01,0x00,0x2a,0x34,0x0b,0x00,0x01,0x00,0x00,0x00,0x00,0x00,0x00,0x00,0x03,0x01,0x00,0x03,0x00,
    0x00,0x00,0x00,0x00,0xa2,0xff,0xff,0xdf,0x42,0x00,0x02,0x00,0x00,0x00,0x00,0x00,0x01,0x00,0x00,0x00,0x00,0x00,0x05,0x0e,0x0e,0x7c,0xff,0xfd,0xfb,0xff,0xd0,0x03,0x01,0x00,0x00,0x00,0x00,0x01,0x00,0x43,0xc2,0xc9,0x69,0x00,
    0xcb,0xe4,0xe7,0xff,0xfd,0xfe,0xfe,0xfd,0xfb,0x2a,0x00,0x02,0x00,0x00,0x02,0x00,0x19,0xfb,0xff,0xff,0xff,0x7c,0xa8,0xff,0xff,0xfc,0xfe,0xff,0xff,0xfc,0xff,0x4e,0x03,0x05,0x04,0x04,0x07,0x04,0x44,0xc8,0x1c,0x27,0xd4,0xf5,
    0x4a,0xff,0xfd,0xff,0xff,0xfe,0xff,0xfc,0xff,0x63,0x00,0x00,0x00,0x00,0x00,0x00,0x00,0x0b,0x00,0x00,0x74,0xff,0x10,0xbb,0xfd,0xf1,0xf4,0xff,0xff,0xfe,0xfe,0xe0,0x49,0x38,0x55,0x68,0x71,0x71,0x62,0x38,0x07,0x00,0xa7,0xf1,
    0x00,0x00,0x2c,0x1d,0x24,0xe1,0xfe,0xfe,0xff,0xff,0xff,0xff,0xff,0xff,0xff,0xff,0xff,0xff,0xc2,0x85,0xff,0x64,0x01,0x00,0x00,0x00,0x00,0x92,0xff,0xfb,0xff,0xfe,0xfe,0xff,0xfc,0xfb,0xfb,0xfb,0xfb,0xfd,0xff,0xfa,0x53,0x00,
    0x00,0x01,0x02,0x06,0x02,0x6a,0xff,0xfb,0xff,0xff,0xff,0xff,0xff,0xff,0xff,0xff,0xff,0xfd,0xfd,0xd8,0x00,0x01,0x00,0x00,0x00,0x03,0x00,0x4e,0xff,0xfc,0xff,0xff,0xff,0xff,0xff,0xff,0xff,0xff,0xff,0xfe,0xff,0xef,0x19,0x00,
    0x00,0x00,0x00,0x02,0x00,0x21,0xf9,0xff,0xfe,0xff,0xff,0xff,0xff,0xff,0xff,0xff,0xff,0xfe,0xff,0xe8,0x0f,0x00,0x00,0x00,0x00,0x00,0x02,0x00,0xbd,0xff,0xfc,0xff,0xfd,0xfc,0xfb,0xfb,0xfd,0xff,0xff,0xfd,0xff,0xdd,0x04,0x00,
    0x00,0x00,0x00,0x00,0x04,0x00,0x75,0xff,0xfb,0xff,0xff,0xff,0xff,0xff,0xff,0xfd,0xff,0xfc,0xff,0xca,0x00,0x01,0x00,0x00,0x00,0x00,0x04,0x00,0x57,0xff,0xfc,0xff,0xd5,0xc1,0xa6,0x6c,0x9c,0xff,0xfc,0xfc,0xfe,0xc9,0x00,0x01,
    0x00,0x00,0x00,0x00,0x03,0x00,0x48,0xff,0xf9,0xff,0x52,0x00,0x00,0x00,0x08,0xc8,0xfe,0xfe,0xff,0xf3,0x1f,0x00,0x00,0x00,0x00,0x00,0x03,0x00,0x47,0xff,0xf7,0xff,0x8d,0x01,0x07,0x07,0x00,0x2e,0xff,0xd8,0xc3,0xff,0x78,0x00,
    0x00,0x00,0x00,0x00,0x03,0x01,0x54,0xff,0xfd,0xff,0xb7,0x00,0x02,0x01,0x01,0x0f,0xf1,0xe2,0x41,0xff,0xcd,0x02,0x00,0x00,0x00,0x00,0x04,0x00,0x5d,0xfe,0xa7,0xf1,0xd6,0x01,0x00,0x01,0x01,0x00,0xc4,0xff,0x10,0xa1,0xfc,0x27,
    0x00,0x00,0x00,0x02,0x01,0x2f,0xde,0xff,0x94,0xf2,0xeb,0x08,0x00,0x04,0x00,0x41,0xf5,0xfe,0x17,0xa2,0xff,0x68,0x00,0x00,0x00,0x03,0x00,0x42,0xb7,0x87,0xb8,0xe4,0xb3,0x05,0x00,0x03,0x00,0x42,0xb2,0x83,0x15,0xc9,0xcf,0x64,

};

const lv_image_dsc_t emoji_dog_22 = {
  .header.magic = LV_IMAGE_HEADER_MAGIC,
  .header.cf = LV_COLOR_FORMAT_RGB565A8,
  .header.flags = 0,
  .header.w = 22,
  .header.h = 22,
  .header.stride = 44,
  .data_size = sizeof(emoji_dog_22_map),
  .data = emoji_dog_22_map,
};




#ifndef LV_ATTRIBUTE_MEM_ALIGN
#define LV_ATTRIBUTE_MEM_ALIGN
#endif

#ifndef LV_ATTRIBUTE_EMOJI_LADYBUG_22
#define LV_ATTRIBUTE_EMOJI_LADYBUG_22
#endif

static const
LV_ATTRIBUTE_MEM_ALIGN LV_ATTRIBUTE_LARGE_CONST LV_ATTRIBUTE_EMOJI_LADYBUG_22
uint8_t emoji_ladybug_22_map[] = {

    0x00,0x00,0x00,0x00,0x00,0x00,0x00,0x00,0x00,0x00,0x00,0x00,0xaa,0x52,0x00,0x00,0xa7,0x31,0xe8,0x31,0xc7,0x31,0xc7,0x31,0xe8,0x31,0xa7,0x31,0x00,0x00,0xaa,0x52,0x00,0x00,0x00,0x00,0x00,0x00,0x00,0x00,0x00,0x00,0x00,0x00,
    0x00,0x00,0x00,0x00,0x00,0x00,0x00,0x00,0x00,0x00,0x00,0x00,0xe7,0x39,0x00,0x00,0xa7,0x31,0xe8,0x31,0xa7,0x31,0xa7,0x31,0xe8,0x31,0xa7,0x31,0x00,0x00,0xe7,0x39,0x00,0x00,0x00,0x00,0x00,0x00,0x00,0x00,0x00,0x00,0x00,0x00,
    0x00,0x00,0x00,0x00,0x00,0x00,0x00,0x00,0x00,0x00,0xef,0x7b,0x00,0x00,0xa7,0x31,0xc8,0x31,0xa7,0x31,0xc7,0x31,0xc7,0x31,0xa7,0x31,0xc8,0x31,0xa7,0x31,0x00,0x00,0xef,0x7b,0x00,0x00,0x00,0x00,0x00,0x00,0x00,0x00,0x00,0x00,
    0x00,0x00,0x00,0x00,0x00,0x00,0x00,0x00,0x00,0x00,0xef,0x03,0xa7,0x29,0xa7,0x31,0xa7,0x31,0xa7,0x31,0xa7,0x31,0xa7,0x31,0xa7,0x31,0xa7,0x31,0xa7,0x31,0xa7,0x29,0xef,0x03,0x00,0x00,0x00,0x00,0x00,0x00,0x00,0x00,0x00,0x00,
    0x00,0x00,0x00,0x00,0x00,0x00,0x00,0x00,0xe7,0x39,0x00,0x00,0xa7,0x31,0xc8,0x29,0xa7,0x21,0xc7,0x21,0xa7,0x29,0xa7,0x29,0xc7,0x21,0xa7,0x21,0xc8,0x29,0xa7,0x31,0x00,0x00,0xe7,0x39,0x00,0x00,0x00,0x00,0x00,0x00,0x00,0x00,
    0x00,0x00,0xc7,0x31,0xa9,0x31,0xaa,0x52,0x00,0x00,0xc7,0x19,0xc7,0x29,0xa7,0x49,0xa7,0x69,0x88,0x89,0xa7,0x41,0xa7,0x41,0x88,0x89,0xa7,0x69,0xa7,0x49,0xc7,0x29,0xc7,0x19,0x00,0x00,0xaa,0x52,0xa9,0x31,0xc7,0x31,0x00,0x00,
    0x00,0x00,0xa7,0x31,0xa7,0x31,0x00,0x00,0xc7,0x09,0xa8,0x59,0x88,0xb1,0x68,0xd9,0x68,0xe1,0x68,0xf9,0xa7,0x69,0xa7,0x69,0x68,0xf9,0x68,0xe1,0x68,0xe9,0x88,0xb9,0xa8,0x61,0xc7,0x09,0x00,0x00,0xa7,0x31,0xa7,0x31,0x00,0x00,
    0x00,0x00,0xa7,0x31,0xa7,0x31,0x86,0x01,0x88,0x91,0x89,0xe1,0x68,0xe9,0x68,0xd1,0x68,0xd1,0x68,0xe9,0xa7,0x61,0xa7,0x69,0x68,0xe9,0x68,0xc9,0x88,0x71,0x88,0x81,0x88,0xd9,0x88,0x91,0xc4,0x01,0xc7,0x31,0xa7,0x31,0x00,0x00,
    0x00,0x00,0xc8,0x41,0xc7,0x29,0xa8,0x69,0x68,0xe9,0x68,0xe1,0x68,0xc1,0xa7,0x39,0xa7,0x41,0x68,0xd9,0xa7,0x69,0xa7,0x61,0x68,0xf9,0x88,0x79,0xc7,0x19,0xc7,0x19,0x88,0x89,0x68,0xf9,0xa8,0x69,0xc7,0x29,0xc7,0x41,0x00,0x00,
    0x4a,0x51,0x00,0x00,0xa7,0x19,0x88,0xb1,0x68,0xe1,0x68,0xe1,0x88,0xb1,0xc7,0x19,0xa7,0x21,0x68,0xd1,0xa7,0x69,0xa7,0x61,0x68,0xf1,0x88,0x89,0xc7,0x21,0xc7,0x21,0x88,0x99,0x68,0xf1,0x88,0xb1,0xa7,0x19,0x00,0x00,0x45,0x51,
    0x00,0x00,0x00,0x00,0xcc,0xf8,0x68,0xe1,0x68,0xd9,0x68,0xe1,0x68,0xe9,0x88,0xa9,0x88,0xa9,0x68,0xf1,0xa7,0x61,0xa7,0x61,0x68,0xe9,0x68,0xe1,0x88,0xa9,0x88,0xa1,0x68,0xd9,0x68,0xd9,0x68,0xe1,0xcc,0xf8,0x00,0x00,0x00,0x00,
    0xa7,0x31,0xa7,0x21,0x87,0x79,0x68,0xe1,0x68,0xd9,0x88,0xa9,0x88,0x99,0x68,0xe1,0x68,0xe1,0x68,0xe9,0xa7,0x69,0xa7,0x69,0x68,0xe9,0x88,0xa1,0x68,0xc9,0x68,0xe9,0x68,0xe1,0x68,0xe1,0x68,0xe1,0xa8,0x79,0xa7,0x21,0xa7,0x31,
    0xa7,0x31,0xc7,0x29,0xa7,0x59,0x68,0xe9,0x88,0x89,0xa7,0x21,0xc7,0x21,0xa7,0x69,0x68,0xd9,0x68,0xe9,0xa7,0x61,0xa8,0x69,0x68,0xd1,0xc7,0x09,0xa7,0x61,0x68,0xe9,0x68,0xc9,0x68,0xc1,0x68,0xe9,0xa7,0x61,0xc7,0x29,0xa7,0x31,
    0x00,0x00,0x00,0x00,0x68,0xe9,0x89,0xf1,0xa7,0x51,0xa7,0x29,0xa7,0x31,0xa7,0x39,0x68,0xd1,0x68,0xe9,0xa7,0x61,0xa7,0x69,0x68,0xe9,0x88,0x91,0x88,0xb9,0x68,0xd1,0xa7,0x41,0xa7,0x29,0x88,0xb9,0x68,0xf9,0x00,0x00,0x00,0x00,
    0x0a,0xa8,0x00,0x00,0x68,0xd9,0x68,0xe9,0x88,0x99,0xa7,0x29,0xc7,0x21,0x87,0x71,0x68,0xd9,0x68,0xe9,0xa7,0x61,0xa7,0x69,0x68,0xe9,0x68,0xe1,0x68,0xe9,0x68,0xc9,0xa7,0x31,0xc7,0x21,0x68,0xa9,0x28,0xf9,0x00,0x00,0x0a,0xa8,
    0x00,0x78,0x00,0x00,0x86,0x11,0x68,0xc9,0x68,0xe9,0x88,0xb1,0x88,0xb1,0x68,0xe9,0x68,0xe1,0x68,0xe9,0xa7,0x69,0xa7,0x61,0x68,0xe9,0x68,0xd9,0x68,0xc1,0x68,0xd9,0x68,0xc1,0x88,0xb9,0x68,0xd1,0x86,0x11,0x00,0x00,0x00,0x78,
    0x0f,0x78,0x0a,0xa8,0xc7,0x21,0xa8,0x81,0x68,0xe9,0x68,0xe1,0x68,0xe1,0x88,0x91,0x88,0x99,0x68,0xe9,0xa7,0x61,0xa7,0x61,0x68,0xe9,0xa7,0x69,0xa7,0x29,0xa7,0x41,0x68,0xc9,0x68,0xf1,0xa8,0x81,0xc7,0x21,0x0a,0xa8,0x0f,0x78,
    0x00,0x00,0xa7,0x31,0xc8,0x31,0x87,0x59,0x68,0xe1,0x68,0xe9,0x88,0xa9,0xc7,0x19,0xc7,0x21,0x68,0xd1,0xa7,0x69,0xa7,0x69,0x68,0xc9,0xa7,0x21,0xa7,0x39,0xa7,0x19,0xa8,0x89,0x68,0xf1,0x87,0x51,0xc8,0x31,0xa7,0x31,0x00,0x00,
    0x00,0x00,0xa7,0x31,0xa7,0x31,0x00,0x00,0x68,0xd1,0x88,0xe9,0x68,0xc9,0xa7,0x49,0xa7,0x51,0x68,0xe1,0xa7,0x69,0xa7,0x69,0x68,0xd9,0xa7,0x39,0xa7,0x19,0xc7,0x21,0x88,0xa9,0x68,0xf1,0x00,0x00,0xa7,0x31,0xa7,0x31,0x00,0x00,
    0x00,0x00,0x00,0x00,0x00,0x00,0x86,0x99,0x00,0x00,0x68,0xd1,0x68,0xe1,0x89,0xe9,0x68,0xd9,0x68,0xe9,0xa8,0x69,0xa8,0x69,0x68,0xf1,0x88,0xb9,0xa8,0x81,0x88,0xa1,0x68,0xe1,0x00,0x00,0x86,0x99,0x00,0x00,0x00,0x00,0x00,0x00,
    0x00,0x00,0x00,0x00,0x00,0x00,0x00,0x00,0xaa,0xfa,0x00,0x00,0x48,0xd1,0x68,0xe1,0x68,0xd9,0x89,0xf1,0x87,0x71,0x87,0x71,0x89,0xf1,0x68,0xe1,0x68,0xf1,0x48,0xf9,0x00,0x00,0xaa,0xfa,0x00,0x00,0x00,0x00,0x00,0x00,0x00,0x00,
    0x00,0x00,0x00,0x00,0x00,0x00,0x00,0x00,0x00,0x00,0x0a,0xa8,0x00,0x00,0x00,0x00,0x68,0xd9,0x68,0xe1,0x27,0xf9,0x27,0xf9,0x68,0xe1,0x68,0xd1,0x00,0x00,0x00,0x00,0x0a,0xa8,0x00,0x00,0x00,0x00,0x00,0x00,0x00,0x00,0x00,0x00,
    0x00,0x00,0x00,0x00,0x00,0x00,0x03,0x01,0x46,0xf5,0x2b,0x2c,0xf5,0x45,0x01,0x03,0x00,0x00,0x00,0x00,0x00,0x00,0x00,0x00,0x00,0x00,0x00,0x01,0x04,0x00,0x95,0xff,0xd4,0xd5,0xff,0x92,0x00,0x04,0x01,0x00,0x00,0x00,0x00,0x00,
    0x00,0x00,0x00,0x00,0x00,0x02,0x00,0x89,0xff,0xfc,0xff,0xff,0xfc,0xff,0x89,0x00,0x02,0x00,0x00,0x00,0x00,0x00,0x00,0x02,0x01,0x00,0x02,0x02,0x20,0xfe,0xfe,0xfe,0xfd,0xfd,0xfe,0xfe,0xfe,0x20,0x02,0x02,0x00,0x01,0x02,0x00,
    0x00,0x00,0x00,0x00,0x04,0x00,0x61,0xff,0xfc,0xff,0xff,0xff,0xff,0xfc,0xff,0x61,0x00,0x04,0x00,0x00,0x00,0x00,0x00,0x1e,0x0e,0x03,0x00,0x64,0xf5,0xfd,0xfe,0xff,0xff,0xff,0xff,0xfe,0xfd,0xf5,0x64,0x00,0x03,0x0e,0x1f,0x00,
    0x00,0xcf,0x91,0x00,0x46,0xff,0xff,0xfe,0xff,0xff,0xff,0xff,0xff,0xff,0xfe,0xff,0xff,0x46,0x00,0x90,0xd2,0x00,0x00,0x94,0xee,0x0a,0xc6,0xff,0xfb,0xff,0xff,0xff,0xff,0xff,0xff,0xff,0xff,0xfb,0xff,0xc6,0x0d,0xef,0x94,0x00,
    0x01,0x1b,0xf4,0xc8,0xf6,0xff,0xff,0xff,0xff,0xff,0xff,0xff,0xff,0xff,0xff,0xff,0xff,0xf6,0xcf,0xf2,0x1b,0x01,0x06,0x01,0x4b,0xff,0xfe,0xfe,0xff,0xff,0xff,0xff,0xff,0xff,0xff,0xff,0xff,0xff,0xfe,0xfe,0xfd,0x42,0x01,0x06,
    0x00,0x00,0x0a,0xf1,0xff,0xfe,0xff,0xff,0xff,0xff,0xff,0xff,0xff,0xff,0xff,0xff,0xfe,0xff,0xf1,0x0a,0x00,0x00,0x68,0x6e,0x94,0xff,0xfe,0xff,0xff,0xff,0xff,0xff,0xff,0xff,0xff,0xff,0xff,0xff,0xff,0xfe,0xff,0x93,0x6e,0x68,
    0xd6,0xe3,0xea,0xfe,0xfe,0xff,0xff,0xff,0xff,0xff,0xff,0xff,0xff,0xff,0xff,0xff,0xff,0xfe,0xfe,0xea,0xe3,0xd6,0x00,0x00,0x39,0xff,0xfd,0xff,0xff,0xff,0xff,0xff,0xff,0xff,0xff,0xff,0xff,0xff,0xff,0xfd,0xff,0x39,0x00,0x00,
    0x03,0x01,0x21,0xf4,0xff,0xfe,0xff,0xff,0xff,0xff,0xff,0xff,0xff,0xff,0xff,0xff,0xfe,0xff,0xf5,0x21,0x01,0x03,0x02,0x00,0x0f,0xe8,0xfe,0xfe,0xff,0xff,0xff,0xff,0xff,0xff,0xff,0xff,0xff,0xff,0xfe,0xfe,0xe7,0x0f,0x00,0x02,
    0x02,0x03,0xbe,0xff,0xfd,0xff,0xff,0xff,0xff,0xff,0xff,0xff,0xff,0xff,0xff,0xff,0xff,0xfd,0xff,0xbc,0x03,0x02,0x00,0x81,0xff,0x47,0xe1,0xff,0xfc,0xff,0xff,0xff,0xff,0xff,0xff,0xff,0xff,0xfc,0xff,0xe1,0x4a,0xff,0x81,0x00,
    0x00,0xb7,0x81,0x00,0x54,0xff,0xfd,0xfb,0xff,0xff,0xfd,0xfd,0xff,0xff,0xfb,0xfe,0xff,0x53,0x00,0x82,0xb5,0x00,0x00,0x01,0x00,0x05,0x00,0x64,0xfe,0xff,0xff,0xfc,0xff,0xff,0xfc,0xff,0xff,0xfe,0x64,0x00,0x05,0x00,0x01,0x00,
    0x00,0x00,0x01,0x00,0x03,0x00,0x3b,0xbd,0xfa,0xff,0xd6,0xd6,0xff,0xfa,0xbd,0x3b,0x00,0x03,0x00,0x01,0x00,0x00,0x00,0x01,0x00,0x00,0x00,0x03,0x00,0x00,0x33,0x69,0x14,0x14,0x69,0x33,0x00,0x00,0x03,0x00,0x00,0x00,0x01,0x00,

};

const lv_image_dsc_t emoji_ladybug_22 = {
  .header.magic = LV_IMAGE_HEADER_MAGIC,
  .header.cf = LV_COLOR_FORMAT_RGB565A8,
  .header.flags = 0,
  .header.w = 22,
  .header.h = 22,
  .header.stride = 44,
  .data_size = sizeof(emoji_ladybug_22_map),
  .data = emoji_ladybug_22_map,
};




#ifndef LV_ATTRIBUTE_MEM_ALIGN
#define LV_ATTRIBUTE_MEM_ALIGN
#endif

#ifndef LV_ATTRIBUTE_EMOJI_PUSHPIN_22
#define LV_ATTRIBUTE_EMOJI_PUSHPIN_22
#endif

static const
LV_ATTRIBUTE_MEM_ALIGN LV_ATTRIBUTE_LARGE_CONST LV_ATTRIBUTE_EMOJI_PUSHPIN_22
uint8_t emoji_pushpin_22_map[] = {

    0x00,0x00,0x00,0x00,0x00,0x00,0x00,0x00,0x00,0x00,0x00,0x00,0x00,0xf8,0x00,0x00,0x68,0xd9,0x68,0xe1,0x68,0xd9,0x68,0xd9,0x68,0xe1,0x68,0xd9,0x00,0x00,0x00,0xf8,0x00,0x00,0x00,0x00,0x00,0x00,0x00,0x00,0x00,0x00,0x00,0x00,
    0x00,0x00,0x00,0x00,0x00,0x00,0x00,0x00,0x00,0x00,0x0f,0xf8,0x00,0x00,0x68,0xd9,0x89,0xe9,0x68,0xe1,0x68,0xd9,0x68,0xd9,0x68,0xe1,0x89,0xe9,0x68,0xd9,0x00,0x00,0x0f,0xf8,0x00,0x00,0x00,0x00,0x00,0x00,0x00,0x00,0x00,0x00,
    0x00,0x00,0x00,0x00,0x00,0x00,0x00,0x00,0xaa,0xfa,0x00,0x00,0x68,0xd9,0x89,0xe9,0x68,0xd9,0x68,0xd9,0x68,0xd9,0x68,0xd9,0x68,0xd9,0x68,0xd9,0x89,0xe9,0x68,0xd9,0x00,0x00,0xaa,0xfa,0x00,0x00,0x00,0x00,0x00,0x00,0x00,0x00,
    0x00,0x00,0x00,0x00,0x00,0x00,0x00,0x00,0x00,0xf8,0x00,0x00,0x68,0xd9,0x89,0xe9,0x68,0xd9,0x68,0xd9,0x68,0xd9,0x68,0xd9,0x68,0xd9,0x68,0xd9,0x89,0xe9,0x68,0xd9,0x00,0x00,0x00,0xf8,0x00,0x00,0x00,0x00,0x00,0x00,0x00,0x00,
    0x00,0x00,0x00,0x00,0x00,0x00,0x00,0x00,0x00,0x00,0x00,0xf8,0x68,0xd9,0x88,0xe1,0x68,0xd9,0x68,0xd9,0x68,0xd9,0x68,0xd9,0x68,0xd9,0x68,0xd9,0x88,0xe1,0x68,0xd9,0x00,0xf8,0x00,0x00,0x00,0x00,0x00,0x00,0x00,0x00,0x00,0x00,
    0x00,0x00,0x00,0x00,0x00,0x00,0x00,0x00,0x00,0x00,0x00,0xf8,0x68,0xd9,0x88,0xe1,0x68,0xd9,0x68,0xd9,0x68,0xd9,0x68,0xd9,0x68,0xd9,0x68,0xd9,0x88,0xe1,0x68,0xd9,0x00,0xf8,0x00,0x00,0x00,0x00,0x00,0x00,0x00,0x00,0x00,0x00,
    0x00,0x00,0x00,0x00,0x00,0x00,0x00,0x00,0xaa,0xfa,0x00,0x00,0x68,0xd9,0x89,0xe9,0x68,0xd9,0x68,0xd9,0x68,0xd9,0x68,0xd9,0x68,0xd9,0x68,0xd9,0x89,0xe9,0x68,0xd9,0x00,0x00,0xaa,0xfa,0x00,0x00,0x00,0x00,0x00,0x00,0x00,0x00,
    0x00,0x00,0x00,0x00,0x00,0x00,0x00,0x00,0x0a,0xa8,0x00,0x00,0x68,0xd9,0x68,0xe1,0x68,0xe1,0x68,0xd9,0x68,0xd9,0x68,0xd9,0x68,0xd9,0x68,0xe1,0x68,0xe1,0x48,0xd9,0x00,0x00,0x0a,0xa8,0x00,0x00,0x00,0x00,0x00,0x00,0x00,0x00,
    0x00,0x00,0x00,0x00,0x00,0x00,0x00,0x00,0x00,0x00,0x0f,0xf8,0x00,0x00,0x68,0xd9,0x68,0xe1,0x27,0xe1,0x27,0xd9,0x27,0xd9,0x27,0xe1,0x68,0xe1,0x68,0xd9,0x00,0x00,0x0f,0xf8,0x00,0x00,0x00,0x00,0x00,0x00,0x00,0x00,0x00,0x00,
    0x00,0x00,0x00,0x00,0x00,0x00,0x00,0x00,0x00,0x00,0x00,0x00,0xaa,0xaa,0x00,0x00,0xea,0xc9,0xee,0xc2,0x6c,0xca,0x6c,0xca,0xee,0xc2,0xea,0xc9,0x00,0x00,0xaa,0xaa,0x00,0x00,0x00,0x00,0x00,0x00,0x00,0x00,0x00,0x00,0x00,0x00,
    0x00,0x00,0x00,0x00,0x00,0x00,0x00,0x00,0x00,0x00,0x00,0x00,0x00,0x00,0xaa,0xaa,0x00,0x00,0x97,0x95,0xb7,0x9d,0xb7,0x9d,0x97,0x95,0x00,0x00,0xaa,0xaa,0x00,0x00,0x00,0x00,0x00,0x00,0x00,0x00,0x00,0x00,0x00,0x00,0x00,0x00,
    0x00,0x00,0x00,0x00,0x00,0x00,0x00,0x00,0x00,0x00,0x00,0x00,0x00,0x00,0xef,0x7b,0x00,0xf8,0x36,0x9d,0x97,0xa5,0x97,0xa5,0x36,0x9d,0x00,0xf8,0xef,0x7b,0x00,0x00,0x00,0x00,0x00,0x00,0x00,0x00,0x00,0x00,0x00,0x00,0x00,0x00,
    0x00,0x00,0x00,0x00,0x00,0x00,0x00,0x00,0x00,0x00,0x00,0x00,0x00,0x00,0xf7,0x7d,0x00,0x00,0x56,0x9d,0x97,0xa5,0x97,0xa5,0x56,0x9d,0x00,0x00,0xf7,0x7d,0x00,0x00,0x00,0x00,0x00,0x00,0x00,0x00,0x00,0x00,0x00,0x00,0x00,0x00,
    0x00,0x00,0x00,0x00,0x00,0x00,0x00,0x00,0x00,0x00,0x00,0x00,0x00,0x00,0xf7,0x7d,0x00,0x00,0x56,0x9d,0x97,0xa5,0x97,0xa5,0x56,0x9d,0x00,0x00,0xf7,0x7d,0x00,0x00,0x00,0x00,0x00,0x00,0x00,0x00,0x00,0x00,0x00,0x00,0x00,0x00,
    0x00,0x00,0x00,0x00,0x00,0x00,0x00,0x00,0x00,0x00,0x00,0x00,0x00,0x00,0xf7,0x7b,0x00,0x00,0x56,0x9d,0x97,0xa5,0x97,0xa5,0x56,0x9d,0x00,0x00,0xf7,0x7b,0x00,0x00,0x00,0x00,0x00,0x00,0x00,0x00,0x00,0x00,0x00,0x00,0x00,0x00,
    0x00,0x00,0x00,0x00,0x00,0x00,0x00,0x00,0x00,0x00,0x00,0x00,0x00,0x00,0x55,0xad,0x00,0x00,0x36,0x9d,0x77,0x9d,0x77,0x9d,0x36,0x9d,0x00,0x00,0x55,0xad,0x00,0x00,0x00,0x00,0x00,0x00,0x00,0x00,0x00,0x00,0x00,0x00,0x00,0x00,
    0x00,0x00,0x00,0x00,0x00,0x00,0x00,0x00,0x00,0x00,0x00,0x00,0x00,0x00,0xef,0x7b,0x00,0x00,0x36,0x95,0x56,0x9d,0x56,0x9d,0x36,0x95,0x00,0x00,0xef,0x7b,0x00,0x00,0x00,0x00,0x00,0x00,0x00,0x00,0x00,0x00,0x00,0x00,0x00,0x00,
    0x00,0x00,0x00,0x00,0x00,0x00,0x00,0x00,0x00,0x00,0x00,0x00,0x00,0x00,0x00,0x00,0x00,0x00,0x55,0xad,0x56,0x9d,0x56,0x9d,0x55,0xad,0x00,0x00,0x00,0x00,0x00,0x00,0x00,0x00,0x00,0x00,0x00,0x00,0x00,0x00,0x00,0x00,0x00,0x00,
    0x00,0x00,0x00,0x00,0x00,0x00,0x00,0x00,0x00,0x00,0x00,0x00,0x00,0x00,0x00,0x00,0xaa,0x52,0x00,0x00,0x56,0x9d,0x56,0x9d,0x00,0x00,0xaa,0x52,0x00,0x00,0x00,0x00,0x00,0x00,0x00,0x00,0x00,0x00,0x00,0x00,0x00,0x00,0x00,0x00,
    0x00,0x00,0x00,0x00,0x00,0x00,0x00,0x00,0x00,0x00,0x00,0x00,0x00,0x00,0x00,0x00,0x00,0x00,0x00,0x00,0x77,0x9d,0x77,0x9d,0x00,0x00,0x00,0x00,0x00,0x00,0x00,0x00,0x00,0x00,0x00,0x00,0x00,0x00,0x00,0x00,0x00,0x00,0x00,0x00,
    0x00,0x00,0x00,0x00,0x00,0x00,0x00,0x00,0x00,0x00,0x00,0x00,0x0f,0x00,0x00,0x00,0x87,0x29,0x25,0x19,0x6e,0x63,0x6e,0x63,0x25,0x19,0x87,0x29,0x00,0x00,0x0f,0x00,0x00,0x00,0x00,0x00,0x00,0x00,0x00,0x00,0x00,0x00,0x00,0x00,
    0x00,0x00,0x00,0x00,0x00,0x00,0x00,0x00,0x00,0x00,0x00,0x00,0x0a,0x00,0x00,0x00,0x86,0x29,0x66,0x21,0xe8,0x31,0xe8,0x31,0x66,0x21,0x86,0x29,0x00,0x00,0x0a,0x00,0x00,0x00,0x00,0x00,0x00,0x00,0x00,0x00,0x00,0x00,0x00,0x00,
    0x00,0x00,0x00,0x00,0x00,0x00,0x02,0x00,0x66,0xd6,0xfe,0xfe,0xd6,0x66,0x00,0x02,0x00,0x00,0x00,0x00,0x00,0x00,0x00,0x00,0x00,0x00,0x00,0x02,0x00,0x8d,0xff,0xff,0xff,0xff,0xff,0xff,0x8d,0x00,0x02,0x00,0x00,0x00,0x00,0x00,
    0x00,0x00,0x00,0x00,0x03,0x00,0x52,0xff,0xfc,0xfd,0xff,0xff,0xfd,0xfc,0xff,0x52,0x00,0x03,0x00,0x00,0x00,0x00,0x00,0x00,0x00,0x00,0x02,0x00,0xbb,0xfd,0xfc,0xff,0xff,0xff,0xff,0xfc,0xfd,0xbb,0x00,0x02,0x00,0x00,0x00,0x00,
    0x00,0x00,0x00,0x01,0x00,0x01,0xdc,0xff,0xfd,0xff,0xff,0xff,0xff,0xfd,0xff,0xdc,0x01,0x00,0x01,0x00,0x00,0x00,0x00,0x00,0x00,0x01,0x00,0x01,0xd9,0xfe,0xfd,0xff,0xff,0xff,0xff,0xfd,0xfe,0xd9,0x01,0x00,0x01,0x00,0x00,0x00,
    0x00,0x00,0x00,0x00,0x03,0x00,0xaa,0xff,0xfb,0xff,0xff,0xff,0xff,0xfb,0xff,0xa9,0x00,0x03,0x00,0x00,0x00,0x00,0x00,0x00,0x00,0x00,0x03,0x00,0x37,0xfe,0xff,0xfe,0xff,0xff,0xfe,0xff,0xfe,0x36,0x00,0x03,0x00,0x00,0x00,0x00,
    0x00,0x00,0x00,0x00,0x00,0x02,0x00,0x61,0xf8,0xff,0xfe,0xfe,0xff,0xf8,0x61,0x00,0x02,0x00,0x00,0x00,0x00,0x00,0x00,0x00,0x00,0x00,0x00,0x00,0x03,0x00,0x36,0xef,0xfe,0xfe,0xef,0x36,0x00,0x03,0x00,0x00,0x00,0x00,0x00,0x00,
    0x00,0x00,0x00,0x00,0x00,0x00,0x00,0x03,0x00,0xce,0xff,0xff,0xce,0x00,0x03,0x00,0x00,0x00,0x00,0x00,0x00,0x00,0x00,0x00,0x00,0x00,0x00,0x00,0x00,0x02,0x02,0xb6,0xff,0xff,0xb6,0x02,0x02,0x00,0x00,0x00,0x00,0x00,0x00,0x00,
    0x00,0x00,0x00,0x00,0x00,0x00,0x00,0x04,0x00,0x98,0xff,0xff,0x98,0x00,0x04,0x00,0x00,0x00,0x00,0x00,0x00,0x00,0x00,0x00,0x00,0x00,0x00,0x00,0x00,0x04,0x00,0x79,0xff,0xff,0x79,0x00,0x04,0x00,0x00,0x00,0x00,0x00,0x00,0x00,
    0x00,0x00,0x00,0x00,0x00,0x00,0x00,0x04,0x00,0x59,0xff,0xff,0x59,0x00,0x04,0x00,0x00,0x00,0x00,0x00,0x00,0x00,0x00,0x00,0x00,0x00,0x00,0x00,0x00,0x03,0x00,0x3a,0xff,0xff,0x3a,0x00,0x03,0x00,0x00,0x00,0x00,0x00,0x00,0x00,
    0x00,0x00,0x00,0x00,0x00,0x00,0x00,0x02,0x00,0x20,0xf9,0xf9,0x20,0x00,0x02,0x00,0x00,0x00,0x00,0x00,0x00,0x00,0x00,0x00,0x00,0x00,0x00,0x00,0x00,0x01,0x00,0x06,0xe9,0xe9,0x06,0x00,0x01,0x00,0x00,0x00,0x00,0x00,0x00,0x00,
    0x00,0x00,0x00,0x00,0x00,0x00,0x00,0x00,0x03,0x02,0xcf,0xcf,0x02,0x03,0x00,0x00,0x00,0x00,0x00,0x00,0x00,0x00,0x00,0x00,0x00,0x00,0x00,0x00,0x00,0x00,0x00,0x00,0xa6,0xa6,0x00,0x00,0x00,0x00,0x00,0x00,0x00,0x00,0x00,0x00,
    0x00,0x00,0x00,0x00,0x00,0x00,0x02,0x00,0x32,0xb1,0xe9,0xe9,0xb1,0x32,0x00,0x02,0x00,0x00,0x00,0x00,0x00,0x00,0x00,0x00,0x00,0x00,0x00,0x00,0x03,0x00,0x47,0xed,0xff,0xff,0xed,0x47,0x00,0x03,0x00,0x00,0x00,0x00,0x00,0x00,

};

const lv_image_dsc_t emoji_pushpin_22 = {
  .header.magic = LV_IMAGE_HEADER_MAGIC,
  .header.cf = LV_COLOR_FORMAT_RGB565A8,
  .header.flags = 0,
  .header.w = 22,
  .header.h = 22,
  .header.stride = 44,
  .data_size = sizeof(emoji_pushpin_22_map),
  .data = emoji_pushpin_22_map,
};




#ifndef LV_ATTRIBUTE_MEM_ALIGN
#define LV_ATTRIBUTE_MEM_ALIGN
#endif

#ifndef LV_ATTRIBUTE_EMOJI_OWL_22
#define LV_ATTRIBUTE_EMOJI_OWL_22
#endif

static const
LV_ATTRIBUTE_MEM_ALIGN LV_ATTRIBUTE_LARGE_CONST LV_ATTRIBUTE_EMOJI_OWL_22
uint8_t emoji_owl_22_map[] = {

    0x00,0x00,0x00,0x00,0xe0,0xfb,0x00,0x00,0x09,0xbb,0x25,0x92,0x40,0x40,0x00,0x00,0x00,0x00,0x00,0x00,0x00,0x00,0x00,0x00,0x00,0x00,0x00,0x00,0x00,0x00,0x40,0x40,0x25,0x92,0x09,0xbb,0x00,0x00,0xe0,0xfb,0x00,0x00,0x00,0x00,
    0x00,0x00,0x00,0x00,0xef,0x7b,0x00,0x00,0x49,0xbb,0x6a,0xcb,0x26,0x92,0x02,0x69,0xa1,0x58,0xe2,0x60,0x02,0x61,0x02,0x61,0xe2,0x60,0xa1,0x58,0x02,0x69,0x26,0x92,0x6a,0xcb,0x49,0xbb,0x00,0x00,0xef,0x7b,0x00,0x00,0x00,0x00,
    0x00,0x00,0xe0,0xff,0x00,0x00,0xa9,0xb2,0x49,0xc3,0x29,0xc3,0xaa,0xcb,0x4b,0xdc,0xc7,0xaa,0x63,0x79,0x02,0x69,0x02,0x69,0x63,0x79,0xc7,0xaa,0x4b,0xdc,0xaa,0xcb,0x29,0xc3,0x49,0xc3,0xa9,0xb2,0x00,0x00,0xe0,0xff,0x00,0x00,
    0x00,0x00,0xef,0x7b,0x00,0x00,0x49,0xbb,0x09,0xbb,0x2b,0xd4,0x90,0xfe,0xb0,0xf6,0xd0,0xfe,0x4c,0xd4,0xa4,0x81,0xa4,0x81,0x4c,0xd4,0xd0,0xfe,0xb0,0xf6,0x90,0xfe,0x2b,0xd4,0x09,0xbb,0x49,0xbb,0x00,0x00,0xef,0x7b,0x00,0x00,
    0x00,0x00,0xe0,0xff,0x00,0x00,0x8a,0xc3,0x29,0xbb,0x6f,0xfe,0x6c,0x9c,0x25,0x19,0x8c,0xa4,0x6f,0xfe,0xc8,0xb2,0xc8,0xb2,0x6f,0xfe,0x8c,0xa4,0x25,0x19,0x6c,0x9c,0x6f,0xfe,0x29,0xbb,0x8a,0xc3,0x00,0x00,0xe0,0xff,0x00,0x00,
    0x00,0x00,0x00,0xf8,0x00,0x00,0xa2,0x58,0x09,0xbb,0xb0,0xfe,0x6a,0x73,0x44,0x00,0xaa,0x7b,0x4f,0xfe,0xa9,0xc3,0xa9,0xc3,0x4f,0xfe,0xaa,0x7b,0x44,0x00,0x6a,0x73,0xb0,0xfe,0x09,0xbb,0xa2,0x58,0x00,0x00,0x00,0xf8,0x00,0x00,
    0x00,0x00,0x00,0x78,0x00,0x00,0x40,0x38,0xc5,0x89,0x2d,0xed,0xb0,0xf6,0x4d,0xbd,0xb0,0xf6,0xcd,0xed,0x29,0xfe,0x29,0xfe,0xcd,0xed,0xb0,0xf6,0x4d,0xbd,0xb0,0xf6,0x2d,0xed,0xc5,0x89,0x40,0x38,0x00,0x00,0x00,0xf8,0x00,0x00,
    0x00,0x00,0x00,0x78,0x00,0x00,0xe2,0x60,0x02,0x61,0x46,0x9a,0x6c,0xdc,0x6d,0xed,0x2b,0xd4,0x68,0xed,0xaa,0xfe,0xaa,0xfe,0x68,0xed,0x2b,0xd4,0x6d,0xed,0x6c,0xdc,0x46,0x9a,0x02,0x61,0xe2,0x60,0x00,0x00,0x00,0x78,0x00,0x00,
    0x00,0x00,0x00,0x78,0x00,0x00,0x22,0x61,0xe2,0x60,0xa4,0x79,0x29,0xc3,0xe9,0xba,0x09,0xbb,0x25,0xe4,0x84,0xfd,0x84,0xfd,0x25,0xe4,0x09,0xbb,0xe9,0xba,0x29,0xc3,0xa4,0x79,0xe2,0x60,0x22,0x69,0x00,0x00,0x00,0x78,0x00,0x00,
    0x00,0x00,0x00,0x78,0x00,0x00,0x02,0x61,0x02,0x69,0xc8,0xaa,0x6a,0xc3,0x49,0xc3,0x4a,0xc3,0x49,0xc3,0xe3,0xe3,0xe3,0xe3,0x49,0xc3,0x4a,0xc3,0x49,0xc3,0x6a,0xc3,0xc8,0xaa,0x02,0x69,0x02,0x61,0x00,0x00,0x00,0x78,0x00,0x00,
    0x00,0x00,0x00,0x00,0x86,0x99,0xe2,0x60,0x22,0x69,0x09,0xb3,0x4a,0xc3,0x49,0xc3,0x49,0xc3,0x4a,0xc3,0x4a,0xbb,0x4a,0xbb,0x4a,0xc3,0x49,0xc3,0x49,0xc3,0x4a,0xc3,0x09,0xb3,0x22,0x69,0x02,0x61,0xe7,0x79,0x00,0x00,0x00,0x00,
    0x00,0x00,0x00,0x00,0xe3,0x70,0x02,0x61,0x22,0x69,0x09,0xb3,0x4a,0xc3,0x49,0xc3,0x49,0xc3,0x49,0xc3,0x49,0xc3,0x49,0xc3,0x49,0xc3,0x49,0xc3,0x49,0xc3,0x4a,0xc3,0x09,0xb3,0x22,0x69,0x02,0x61,0xe3,0x70,0x00,0x00,0x00,0x00,
    0x00,0x00,0x00,0x00,0x45,0x79,0x02,0x61,0x02,0x61,0xc8,0xaa,0x6a,0xc3,0x49,0xc3,0x49,0xc3,0x49,0xc3,0x49,0xc3,0x49,0xc3,0x49,0xc3,0x49,0xc3,0x49,0xc3,0x6a,0xc3,0xc8,0xaa,0x02,0x61,0x02,0x61,0x45,0x51,0x00,0x00,0x00,0x00,
    0x00,0x00,0x00,0xf8,0x00,0x00,0x02,0x69,0xe2,0x60,0x67,0xa2,0x6a,0xc3,0x49,0xc3,0x49,0xc3,0x49,0xc3,0x49,0xc3,0x49,0xc3,0x49,0xc3,0x49,0xc3,0x49,0xc3,0x6a,0xc3,0x67,0xa2,0xe2,0x60,0x02,0x61,0x00,0x00,0x00,0xf8,0x00,0x00,
    0x00,0x00,0x00,0x78,0x00,0x00,0x02,0x69,0xe2,0x60,0xc4,0x81,0x6a,0xc3,0x49,0xc3,0x49,0xc3,0x49,0xc3,0x49,0xc3,0x49,0xc3,0x49,0xc3,0x49,0xc3,0x49,0xc3,0x6a,0xc3,0xc4,0x81,0xe2,0x60,0x02,0x61,0x00,0x00,0x00,0x78,0x00,0x00,
    0x00,0x00,0x00,0x50,0x00,0x00,0x02,0x69,0x02,0x61,0x02,0x69,0x09,0xb3,0x4a,0xc3,0x49,0xc3,0x49,0xc3,0x49,0xc3,0x49,0xc3,0x49,0xc3,0x49,0xc3,0x4a,0xc3,0x09,0xb3,0x02,0x69,0x02,0x61,0x22,0x61,0x00,0x00,0x00,0x50,0x00,0x00,
    0x00,0x00,0x00,0x00,0x00,0x78,0x00,0x00,0x02,0x69,0x02,0x71,0xe5,0x89,0x6a,0xcb,0x49,0xc3,0x49,0xc3,0x49,0xc3,0x49,0xc3,0x49,0xc3,0x49,0xc3,0x6a,0xcb,0xe5,0x89,0x02,0x71,0x02,0x69,0x00,0x00,0x00,0x78,0x00,0x00,0x00,0x00,
    0x00,0x00,0x00,0x00,0x00,0x78,0x00,0x00,0xa2,0x50,0x82,0x58,0x81,0x50,0x46,0x9a,0x8a,0xcb,0x49,0xc3,0x49,0xc3,0x49,0xc3,0x49,0xc3,0x8a,0xcb,0x46,0x9a,0x81,0x50,0x82,0x58,0x81,0x50,0x00,0x00,0x00,0x78,0x00,0x00,0x00,0x00,
    0x00,0x00,0x00,0x00,0xe0,0xff,0x00,0x00,0xc6,0xfd,0x27,0xfe,0x25,0xd4,0x02,0x69,0xe6,0x89,0x6a,0xc3,0x6a,0xc3,0x6a,0xc3,0x6a,0xc3,0xe6,0x89,0x02,0x69,0x25,0xd4,0x07,0xfe,0xc6,0xfd,0x00,0x00,0xe0,0xff,0x00,0x00,0x00,0x00,
    0x00,0x00,0x00,0x00,0xef,0xff,0x00,0x00,0x46,0xfd,0x66,0xfd,0xa6,0xfd,0x65,0xdc,0x03,0x8a,0xa4,0x81,0xa7,0xaa,0xa7,0xaa,0xa4,0x81,0x03,0x8a,0x65,0xdc,0xa6,0xfd,0x66,0xfd,0x46,0xfd,0x00,0x00,0xef,0xff,0x00,0x00,0x00,0x00,
    0x00,0x00,0x00,0x00,0x00,0x00,0xef,0xfb,0x00,0x00,0x46,0xfd,0xa6,0xfd,0xa6,0xfd,0x66,0xfd,0x21,0x69,0xa1,0x58,0xa1,0x58,0x21,0x69,0x66,0xfd,0xa6,0xfd,0xa6,0xfd,0x46,0xfd,0x00,0x00,0xef,0xfb,0x00,0x00,0x00,0x00,0x00,0x00,
    0x00,0x00,0x00,0x00,0x00,0x00,0xe0,0xff,0x00,0xf8,0x66,0xfd,0x86,0xfd,0x06,0xf5,0x00,0x00,0x00,0x00,0x00,0x00,0x00,0x00,0x00,0x00,0x00,0x00,0x06,0xf5,0x86,0xfd,0x66,0xfd,0x00,0xf8,0xe0,0xff,0x00,0x00,0x00,0x00,0x00,0x00,
    0x00,0x00,0x02,0x00,0x47,0x7b,0x34,0x00,0x00,0x00,0x00,0x00,0x00,0x00,0x00,0x34,0x7b,0x47,0x00,0x02,0x00,0x00,0x00,0x00,0x02,0x01,0xc6,0xff,0xfa,0xc4,0xa3,0xba,0xc1,0xc1,0xba,0xa3,0xc4,0xfa,0xff,0xc6,0x01,0x02,0x00,0x00,
    0x00,0x01,0x00,0x15,0xf2,0xfc,0xff,0xff,0xff,0xff,0xff,0xff,0xff,0xff,0xff,0xff,0xfc,0xf2,0x15,0x00,0x01,0x00,0x00,0x02,0x00,0x27,0xfb,0xff,0xfe,0xfc,0xfc,0xfc,0xfc,0xfc,0xfc,0xfc,0xfc,0xfe,0xff,0xfb,0x27,0x00,0x02,0x00,
    0x00,0x01,0x00,0x19,0xf3,0xff,0xfe,0xff,0xff,0xff,0xff,0xff,0xff,0xff,0xff,0xfe,0xff,0xf3,0x19,0x00,0x01,0x00,0x00,0x01,0x00,0x0b,0xe4,0xff,0xfd,0xff,0xff,0xff,0xff,0xff,0xff,0xff,0xff,0xfd,0xff,0xe4,0x0b,0x00,0x01,0x00,
    0x00,0x02,0x00,0x1b,0xf6,0xff,0xfe,0xff,0xff,0xff,0xff,0xff,0xff,0xff,0xff,0xfe,0xff,0xf6,0x1a,0x00,0x01,0x00,0x00,0x02,0x00,0x2b,0xfd,0xff,0xfe,0xff,0xff,0xff,0xff,0xff,0xff,0xff,0xff,0xfe,0xff,0xfd,0x28,0x00,0x02,0x00,
    0x00,0x04,0x00,0x71,0xff,0xfb,0xff,0xff,0xff,0xff,0xff,0xff,0xff,0xff,0xff,0xff,0xfb,0xff,0x70,0x00,0x04,0x00,0x00,0x02,0x00,0xc0,0xff,0xfc,0xff,0xff,0xff,0xff,0xff,0xff,0xff,0xff,0xff,0xff,0xfc,0xff,0xbb,0x00,0x02,0x00,
    0x01,0x00,0x05,0xe1,0xff,0xfe,0xff,0xff,0xff,0xff,0xff,0xff,0xff,0xff,0xff,0xff,0xfd,0xff,0xde,0x04,0x00,0x01,0x01,0x00,0x09,0xe7,0xff,0xfe,0xff,0xff,0xff,0xff,0xff,0xff,0xff,0xff,0xff,0xff,0xfe,0xff,0xe7,0x09,0x00,0x01,
    0x01,0x00,0x06,0xe3,0xff,0xfe,0xff,0xff,0xff,0xff,0xff,0xff,0xff,0xff,0xff,0xff,0xfe,0xff,0xe1,0x06,0x00,0x01,0x00,0x01,0x00,0xc4,0xff,0xfc,0xff,0xff,0xff,0xff,0xff,0xff,0xff,0xff,0xff,0xff,0xfc,0xff,0xc0,0x00,0x01,0x00,
    0x00,0x04,0x00,0x8a,0xff,0xfb,0xff,0xff,0xff,0xff,0xff,0xff,0xff,0xff,0xff,0xff,0xfb,0xff,0x85,0x00,0x04,0x00,0x00,0x03,0x00,0x34,0xfe,0xfa,0xfd,0xff,0xff,0xff,0xff,0xff,0xff,0xff,0xff,0xfd,0xfb,0xfe,0x2f,0x00,0x03,0x00,
    0x00,0x00,0x02,0x00,0xb9,0xff,0xff,0xff,0xff,0xff,0xff,0xff,0xff,0xff,0xff,0xff,0xff,0xb7,0x00,0x02,0x00,0x00,0x00,0x00,0x02,0x00,0x2d,0x88,0xcc,0xff,0xfd,0xff,0xff,0xff,0xff,0xfd,0xff,0xcd,0x8b,0x2a,0x00,0x02,0x00,0x00,
    0x00,0x00,0x01,0x00,0x1a,0x84,0xc4,0xfe,0xfa,0xfd,0xfc,0xfc,0xfd,0xfa,0xfe,0xc4,0x85,0x1a,0x00,0x01,0x00,0x00,0x00,0x00,0x02,0x00,0x3f,0xfc,0xff,0xff,0xff,0xff,0xff,0xff,0xff,0xff,0xff,0xff,0xfc,0x3f,0x00,0x02,0x00,0x00,
    0x00,0x00,0x00,0x02,0x00,0x3f,0xff,0xfb,0xa0,0x47,0x63,0x63,0x47,0xa0,0xfb,0xff,0x3f,0x00,0x02,0x00,0x00,0x00,0x00,0x00,0x00,0x01,0x01,0x13,0x8d,0x42,0x00,0x00,0x00,0x00,0x00,0x00,0x42,0x8d,0x13,0x01,0x01,0x00,0x00,0x00,

};

const lv_image_dsc_t emoji_owl_22 = {
  .header.magic = LV_IMAGE_HEADER_MAGIC,
  .header.cf = LV_COLOR_FORMAT_RGB565A8,
  .header.flags = 0,
  .header.w = 22,
  .header.h = 22,
  .header.stride = 44,
  .data_size = sizeof(emoji_owl_22_map),
  .data = emoji_owl_22_map,
};




#ifndef LV_ATTRIBUTE_MEM_ALIGN
#define LV_ATTRIBUTE_MEM_ALIGN
#endif

#ifndef LV_ATTRIBUTE_EMOJI_SNAKE_22
#define LV_ATTRIBUTE_EMOJI_SNAKE_22
#endif

static const
LV_ATTRIBUTE_MEM_ALIGN LV_ATTRIBUTE_LARGE_CONST LV_ATTRIBUTE_EMOJI_SNAKE_22
uint8_t emoji_snake_22_map[] = {

    0x00,0x00,0x00,0x00,0x00,0x00,0x00,0x00,0x00,0xf8,0xaa,0xfa,0xe0,0x7b,0x00,0x00,0x4a,0x55,0xab,0x7d,0xaa,0x7d,0xeb,0x7d,0xaa,0x7d,0x8a,0x75,0x8a,0x75,0x8a,0x75,0xaa,0x7d,0xaa,0x7d,0x8a,0x75,0x00,0x00,0xef,0x7b,0x00,0x00,
    0x00,0x00,0x00,0x00,0x00,0x00,0x00,0x00,0x00,0x00,0x00,0x00,0x00,0x00,0xaa,0x7c,0x8a,0x75,0xeb,0x7d,0xab,0x7d,0xa7,0x42,0xea,0x6c,0xaa,0x7d,0x8a,0x75,0x8a,0x75,0xaa,0x7d,0xcb,0x7d,0xaa,0x7d,0x8a,0x75,0x00,0x00,0x4a,0x55,
    0x00,0x00,0x00,0x00,0x00,0xf8,0x00,0x00,0x48,0xd1,0x88,0xd9,0x68,0xe1,0xef,0x07,0xaa,0x75,0xaa,0x7d,0x6a,0x75,0xa8,0x53,0x2a,0x6d,0xaa,0x7d,0x8a,0x75,0x8a,0x75,0x8a,0x75,0x8a,0x75,0x8a,0x7d,0x0b,0x86,0x6a,0x75,0x00,0x00,
    0x00,0x00,0x00,0x00,0x00,0xf8,0x1f,0xf8,0x88,0xd9,0x68,0xd9,0x68,0xe1,0x28,0xe1,0x0a,0xa4,0x2b,0x7e,0xcb,0x7d,0x2b,0x86,0x0b,0x86,0xeb,0x7d,0x8a,0x7d,0x8a,0x75,0xeb,0x7d,0xaa,0x7d,0x8a,0x75,0xaa,0x7d,0xaa,0x7d,0x8a,0x75,
    0x00,0x00,0x00,0x00,0x00,0x00,0x0f,0xf8,0x00,0x00,0x68,0xd9,0x68,0xd9,0x48,0xe1,0xa8,0xd1,0x6a,0x7d,0xaa,0x7d,0x6a,0x75,0x8a,0x75,0xaa,0x75,0x8a,0x75,0x8a,0x75,0x8a,0x75,0xaa,0x7d,0xaa,0x7d,0x8a,0x75,0xcb,0x7d,0x8a,0x75,
    0x00,0x00,0x00,0x00,0x00,0xf8,0x00,0x00,0x86,0xf9,0x68,0xd9,0x68,0xd9,0x00,0x00,0x00,0x00,0x00,0x00,0x00,0x00,0x00,0x00,0x00,0x00,0x00,0x00,0x00,0x00,0x00,0x00,0x00,0x00,0x8a,0x75,0xcb,0x7d,0x8a,0x75,0x8a,0x7d,0x8a,0x75,
    0x00,0x00,0x00,0x00,0x00,0x00,0x00,0x00,0x00,0x00,0x00,0x00,0x00,0x00,0xcc,0xcc,0xea,0xab,0xe7,0x7b,0xe0,0xff,0xef,0x7b,0xe7,0x7b,0xe7,0x7d,0xef,0x7f,0xef,0x7d,0x4a,0xad,0x6a,0x7d,0x8a,0x75,0xaa,0x7d,0x8a,0x75,0x8a,0x75,
    0x00,0x00,0x00,0x00,0x00,0x00,0xef,0x7f,0xe0,0xff,0x00,0x00,0x00,0x00,0x00,0x00,0x00,0x00,0x00,0x00,0x00,0x00,0x00,0x00,0x00,0x00,0x00,0x00,0x00,0x00,0xef,0x7b,0x00,0x00,0xaa,0x75,0x8a,0x75,0xaa,0x7d,0x8a,0x75,0x8a,0x75,
    0x00,0x00,0x00,0x00,0x4a,0x55,0x00,0x00,0x00,0x00,0x8a,0x75,0x8a,0x75,0xcb,0x7d,0x8a,0x75,0x00,0x00,0xef,0x7b,0x00,0x00,0x00,0x00,0x00,0x00,0x00,0x00,0xef,0x7b,0x00,0x00,0x8a,0x7d,0x8a,0x75,0xaa,0x7d,0x8a,0x75,0x8a,0x75,
    0x00,0x00,0x4a,0x55,0x00,0x00,0x8a,0x75,0xaa,0x7d,0xeb,0x7d,0x8a,0x75,0xaa,0x7d,0x8a,0x7d,0xef,0x7b,0x4a,0xad,0xef,0x7f,0xe0,0xff,0x00,0x00,0x00,0x00,0xef,0x7b,0x00,0x00,0x8a,0x7d,0x8a,0x75,0xaa,0x7d,0x8a,0x75,0x8a,0x75,
    0x4a,0xad,0x00,0x00,0x6a,0x75,0xaa,0x7d,0x2b,0x86,0x8a,0x75,0x4a,0xad,0x00,0x00,0x00,0x00,0x00,0x00,0x00,0x00,0x00,0x00,0x00,0x00,0x4a,0xad,0xe0,0x07,0xef,0x7b,0x00,0x00,0x8a,0x7d,0x8a,0x75,0xaa,0x7d,0x8a,0x75,0x8a,0x75,
    0x00,0x00,0x8a,0x75,0xcb,0x7d,0xcb,0x7d,0x8a,0x75,0x0b,0x75,0x00,0x00,0xe7,0x7d,0x00,0x00,0xab,0x7d,0xaa,0x7d,0xaa,0x75,0x4a,0x75,0x00,0x00,0x00,0x00,0x4a,0x55,0x00,0x00,0x8a,0x7d,0x8a,0x75,0xaa,0x7d,0x8a,0x75,0x8a,0x75,
    0x8b,0x7d,0x8a,0x75,0xaa,0x7d,0xeb,0x7d,0x8a,0x75,0x00,0x00,0xef,0x7b,0x89,0x65,0xaa,0x7d,0xaa,0x7d,0x8a,0x75,0x8a,0x75,0xaa,0x7d,0xaa,0x7d,0x89,0x65,0x00,0x00,0x00,0x00,0x8a,0x7d,0x8a,0x75,0xaa,0x7d,0x8a,0x75,0x8a,0x75,
    0x8a,0x75,0xeb,0x7d,0x8a,0x75,0xcb,0x7d,0x8a,0x75,0xe0,0x07,0x4a,0x6d,0x8a,0x75,0x0b,0x86,0xaa,0x7d,0x8a,0x75,0x8a,0x75,0xaa,0x7d,0x0b,0x86,0x8a,0x75,0xcb,0x75,0x00,0x00,0x6a,0x75,0x8a,0x75,0xaa,0x7d,0x8a,0x75,0x8a,0x75,
    0x8a,0x75,0xab,0x7d,0x8a,0x75,0x8a,0x75,0x8a,0x75,0x00,0x00,0x8a,0x75,0x0b,0x86,0x8a,0x75,0x8a,0x75,0xaa,0x7d,0xaa,0x7d,0x8a,0x75,0x8a,0x75,0x0b,0x86,0x8a,0x75,0x00,0x00,0x8a,0x75,0x8a,0x75,0xaa,0x7d,0x8a,0x75,0x8a,0x75,
    0x8a,0x75,0x8a,0x7d,0xaa,0x7d,0x8a,0x75,0xaa,0x75,0x4a,0xad,0x8a,0x75,0xca,0x7d,0x8a,0x75,0xaa,0x7d,0x8a,0x75,0x8a,0x75,0xaa,0x7d,0x8a,0x75,0xca,0x7d,0x8a,0x75,0x4a,0xad,0x69,0x7d,0x8a,0x75,0xaa,0x7d,0x8a,0x75,0x8a,0x75,
    0x8a,0x75,0x8a,0x75,0xaa,0x7d,0x8a,0x75,0xab,0x7d,0xea,0x7b,0x8a,0x75,0xaa,0x7d,0x8a,0x75,0xaa,0x7d,0x8a,0x7d,0x8a,0x7d,0xaa,0x7d,0x8a,0x75,0xaa,0x7d,0x8a,0x75,0x4a,0x7d,0x0b,0x75,0x8a,0x75,0xaa,0x7d,0x8a,0x75,0x8a,0x75,
    0x8a,0x75,0x8a,0x75,0x8a,0x75,0xcb,0x7d,0x8a,0x75,0x8a,0x75,0xaa,0x7d,0x8a,0x75,0xaa,0x7d,0x8a,0x75,0xcd,0x6e,0xcd,0x6e,0x8a,0x75,0xaa,0x7d,0x8a,0x75,0xaa,0x7d,0x8a,0x75,0x8a,0x75,0xaa,0x7d,0x8a,0x75,0x8a,0x75,0x8a,0x75,
    0x8a,0x75,0xaa,0x7d,0x8a,0x75,0x8a,0x7d,0xaa,0x7d,0xaa,0x7d,0x8a,0x7d,0x8a,0x75,0xcb,0x7d,0x8a,0x75,0xe7,0x7d,0xe7,0x7d,0x8a,0x75,0xcb,0x7d,0x8a,0x75,0xaa,0x7d,0xaa,0x7d,0xaa,0x7d,0x8a,0x7d,0x8a,0x75,0xaa,0x7d,0x8a,0x75,
    0x8a,0x75,0x0b,0x86,0x8a,0x75,0x8a,0x75,0x8a,0x75,0x8a,0x75,0x8a,0x75,0x8a,0x75,0x0b,0x86,0x8a,0x7d,0x00,0x00,0x00,0x00,0x8a,0x7d,0x0b,0x86,0x8a,0x75,0x8a,0x75,0x8a,0x75,0x8a,0x75,0x8a,0x75,0x8a,0x75,0x0b,0x86,0x8a,0x75,
    0xe7,0x7d,0x8a,0x75,0xeb,0x85,0xaa,0x7d,0x8a,0x75,0x8a,0x75,0xaa,0x7d,0xeb,0x7d,0x8a,0x75,0xe0,0x07,0xef,0x7b,0xef,0x7b,0xe0,0x07,0x8a,0x75,0xeb,0x7d,0xaa,0x7d,0x8a,0x75,0x8a,0x75,0xaa,0x7d,0xeb,0x7d,0x8a,0x75,0xef,0x7b,
    0x00,0x00,0x00,0x00,0xaa,0x7d,0xaa,0x7d,0x8a,0x75,0x8a,0x75,0xaa,0x7d,0x8a,0x7d,0x00,0x00,0xe0,0x07,0x00,0x00,0x00,0x00,0xe0,0x07,0x00,0x00,0x8a,0x7d,0xaa,0x7d,0x8a,0x75,0x8a,0x75,0xaa,0x7d,0xaa,0x7d,0x00,0x00,0xe0,0x07,
    0x00,0x00,0x00,0x00,0x01,0x03,0x02,0x00,0x03,0x59,0xa8,0xd7,0xf4,0xff,0xff,0xfe,0xdc,0x95,0x2c,0x00,0x02,0x00,0x00,0x00,0x00,0x00,0x00,0x00,0x00,0x0c,0xb8,0xff,0xff,0xff,0xff,0xff,0xff,0xff,0xff,0xff,0xf2,0x75,0x00,0x03,
    0x00,0x00,0x01,0x00,0x12,0x5e,0x0b,0x04,0xf2,0xfa,0xf8,0xfb,0xfb,0xfb,0xff,0xff,0xfa,0xfb,0xff,0xff,0x81,0x00,0x00,0x00,0x01,0x01,0x0f,0x97,0xda,0xc3,0xff,0xff,0xff,0xff,0xff,0xff,0xff,0xff,0xff,0xff,0xfd,0xfc,0xff,0x3f,
    0x00,0x00,0x00,0x02,0x00,0x61,0xfe,0xc1,0x92,0x8f,0xbf,0xba,0x9f,0x6d,0x34,0x32,0x75,0xf0,0xfe,0xfb,0xff,0xb6,0x00,0x00,0x01,0x00,0x05,0x87,0x39,0x00,0x00,0x00,0x00,0x00,0x00,0x00,0x00,0x00,0x00,0x5a,0xff,0xfc,0xfe,0xf2,
    0x00,0x00,0x00,0x00,0x00,0x00,0x00,0x05,0x06,0x04,0x01,0x02,0x04,0x04,0x02,0x04,0x03,0x19,0xf5,0xff,0xfe,0xff,0x00,0x00,0x00,0x02,0x01,0x00,0x00,0x00,0x00,0x00,0x00,0x00,0x00,0x00,0x00,0x02,0x00,0x1c,0xf3,0xff,0xfe,0xff,
    0x00,0x00,0x03,0x00,0x00,0x32,0x7e,0xaa,0x5f,0x00,0x02,0x00,0x00,0x00,0x00,0x02,0x00,0x1b,0xf3,0xff,0xfe,0xff,0x00,0x03,0x00,0x34,0xb8,0xff,0xe4,0x87,0x35,0x02,0x03,0x02,0x01,0x00,0x00,0x02,0x00,0x1b,0xf3,0xff,0xfe,0xff,
    0x03,0x00,0x63,0xf7,0xff,0xa7,0x03,0x00,0x00,0x00,0x00,0x00,0x00,0x03,0x01,0x02,0x00,0x1b,0xf3,0xff,0xfe,0xff,0x00,0x4b,0xff,0xff,0xdf,0x0b,0x00,0x04,0x00,0x0e,0x2d,0x2d,0x0f,0x00,0x00,0x03,0x00,0x1b,0xf3,0xff,0xfe,0xff,
    0x14,0xe3,0xfd,0xfe,0x86,0x00,0x02,0x0a,0x8b,0xe5,0xfe,0xfe,0xe5,0x8b,0x0a,0x00,0x00,0x1b,0xf3,0xff,0xfe,0xff,0x78,0xff,0xfa,0xff,0x49,0x01,0x0c,0xc0,0xff,0xff,0xfe,0xfe,0xff,0xff,0xbf,0x0b,0x00,0x1c,0xf3,0xff,0xfe,0xff,
    0xca,0xfe,0xfe,0xfc,0x2e,0x00,0x7f,0xff,0xf8,0xfd,0xff,0xff,0xfd,0xf8,0xff,0x7f,0x00,0x1e,0xf3,0xff,0xfe,0xff,0xf4,0xff,0xff,0xf3,0x1c,0x03,0xd9,0xfd,0xfc,0xff,0xf4,0xf4,0xff,0xfc,0xfd,0xd9,0x03,0x1d,0xf3,0xff,0xfe,0xff,
    0xff,0xfe,0xff,0xf6,0x0e,0x06,0xf1,0xff,0xfe,0xfa,0x35,0x35,0xfa,0xfe,0xff,0xf0,0x06,0x0b,0xf4,0xff,0xfe,0xff,0xfe,0xff,0xfd,0xff,0x69,0x50,0xfc,0xfd,0xff,0xec,0x07,0x07,0xec,0xff,0xfd,0xfb,0x53,0x51,0xfc,0xfe,0xfe,0xff,
    0xe1,0xfd,0xfd,0xff,0xff,0xff,0xff,0xfc,0xfd,0xd1,0x04,0x04,0xd1,0xfd,0xfc,0xff,0xff,0xff,0xff,0xfd,0xfd,0xdd,0x75,0xff,0xfb,0xfd,0xfe,0xfe,0xfd,0xfb,0xff,0x68,0x00,0x00,0x68,0xff,0xfb,0xfd,0xfe,0xff,0xfd,0xfb,0xff,0x6f,
    0x04,0xa2,0xff,0xff,0xff,0xfe,0xff,0xff,0xa0,0x01,0x02,0x02,0x01,0xa0,0xff,0xff,0xfe,0xfe,0xff,0xff,0x9d,0x02,0x00,0x00,0x71,0xd9,0xfe,0xfd,0xd8,0x6f,0x00,0x01,0x01,0x01,0x01,0x00,0x6f,0xd8,0xfe,0xfe,0xd7,0x6e,0x00,0x01,

};

const lv_image_dsc_t emoji_snake_22 = {
  .header.magic = LV_IMAGE_HEADER_MAGIC,
  .header.cf = LV_COLOR_FORMAT_RGB565A8,
  .header.flags = 0,
  .header.w = 22,
  .header.h = 22,
  .header.stride = 44,
  .data_size = sizeof(emoji_snake_22_map),
  .data = emoji_snake_22_map,
};




#ifndef LV_ATTRIBUTE_MEM_ALIGN
#define LV_ATTRIBUTE_MEM_ALIGN
#endif

#ifndef LV_ATTRIBUTE_EMOJI_RADIO_22
#define LV_ATTRIBUTE_EMOJI_RADIO_22
#endif

static const
LV_ATTRIBUTE_MEM_ALIGN LV_ATTRIBUTE_LARGE_CONST LV_ATTRIBUTE_EMOJI_RADIO_22
uint8_t emoji_radio_22_map[] = {

    0x00,0x00,0x00,0x00,0x00,0x00,0x00,0x00,0x00,0x00,0x00,0x00,0x00,0x00,0x00,0x00,0x66,0x29,0x86,0x29,0x00,0x00,0x00,0x00,0x00,0x00,0x00,0x00,0x00,0x00,0x00,0x00,0x00,0x00,0x00,0x00,0x00,0x00,0x00,0x00,0x00,0x00,0x00,0x00,
    0x00,0x00,0x00,0x00,0x00,0x00,0x00,0x00,0x00,0x00,0x00,0x00,0x00,0x00,0x65,0x29,0x66,0x29,0x66,0x29,0x00,0x00,0xaa,0x02,0x00,0x00,0x00,0x00,0x00,0x00,0x00,0x00,0x00,0x00,0x00,0x00,0x00,0x00,0x00,0x00,0x00,0x00,0x00,0x00,
    0x00,0x00,0x00,0x00,0x00,0x00,0x00,0x00,0xe7,0x39,0x00,0x00,0x66,0x29,0x86,0x29,0x66,0x21,0x45,0x29,0xef,0x7b,0x00,0x00,0x00,0x00,0x00,0x00,0x00,0x00,0x00,0x00,0x00,0x00,0x00,0x00,0x00,0x00,0x00,0x00,0x00,0x00,0x00,0x00,
    0x00,0x00,0x00,0x00,0x00,0x00,0x86,0x31,0x00,0x00,0x86,0x29,0xa7,0x29,0x86,0x29,0x00,0x00,0x00,0x00,0x00,0x00,0x00,0x00,0x00,0x00,0x00,0x00,0x00,0x00,0x00,0x00,0x00,0x00,0x00,0x00,0x00,0x00,0x00,0x00,0x00,0x00,0x00,0x00,
    0xef,0x7b,0xef,0x7b,0x00,0x00,0x00,0x00,0x66,0x29,0xa7,0x29,0x66,0x29,0x00,0x00,0x00,0x00,0x00,0x00,0x00,0x00,0x00,0x00,0x00,0x00,0x00,0x00,0x00,0x00,0x00,0x00,0x00,0x00,0x00,0x00,0x00,0x00,0x00,0x00,0xff,0xff,0xef,0x7b,
    0x00,0x00,0x00,0x00,0xff,0xff,0x86,0x29,0x86,0x29,0x86,0x29,0x00,0x00,0x86,0x31,0xff,0xff,0xff,0xff,0xff,0xff,0xff,0xff,0xff,0xff,0xff,0xff,0xff,0xff,0x00,0x00,0x00,0x00,0x00,0x00,0x00,0x00,0xff,0xff,0x00,0x00,0x00,0x00,
    0x56,0x9d,0x77,0x9d,0x76,0x9d,0xb4,0x84,0xd4,0x8c,0x77,0x9d,0x36,0x95,0x56,0x9d,0x56,0x9d,0x36,0x95,0x56,0x9d,0x56,0x9d,0x56,0x9d,0x56,0x9d,0x56,0x95,0x56,0x9d,0x77,0x9d,0x76,0x9d,0x56,0x9d,0x77,0x9d,0x77,0x9d,0x56,0x9d,
    0x56,0x9d,0xb8,0xa5,0x97,0xa5,0xb8,0xa5,0x77,0x9d,0x97,0xa5,0xd8,0xa5,0x97,0x9d,0x97,0xa5,0xd8,0xa5,0x97,0xa5,0x77,0x9d,0x97,0x9d,0x77,0x9d,0xb8,0xa5,0x97,0x9d,0x15,0x95,0x36,0x95,0xb8,0xa5,0x97,0x9d,0xb8,0xa5,0x56,0x9d,
    0x56,0x9d,0x77,0x9d,0xd4,0x8c,0xaf,0x6b,0x36,0x95,0xf4,0x8c,0xaf,0x6b,0x35,0x95,0xf5,0x8c,0xaf,0x6b,0x15,0x95,0x76,0x9d,0x56,0x95,0x77,0x9d,0x72,0x7c,0x08,0x3a,0x86,0x29,0x86,0x29,0xcb,0x4a,0x36,0x95,0x76,0x9d,0x56,0x9d,
    0x36,0x95,0xb8,0xa5,0x2d,0x5b,0x62,0x08,0xb3,0x84,0xaf,0x6b,0x41,0x08,0x72,0x7c,0xf0,0x73,0x41,0x08,0xf0,0x6b,0x97,0xa5,0x56,0x9d,0xd4,0x8c,0x86,0x29,0x29,0x3a,0x4e,0x5b,0x0d,0x53,0x66,0x21,0xab,0x4a,0x77,0x9d,0x56,0x95,
    0x56,0x9d,0x76,0x9d,0xf5,0x8c,0x32,0x7c,0x56,0x9d,0x15,0x95,0x31,0x7c,0x36,0x95,0x15,0x95,0x31,0x7c,0x35,0x95,0x56,0x9d,0x97,0xa5,0x4e,0x5b,0xa7,0x29,0xf0,0x6b,0xd0,0x6b,0xf0,0x6b,0x4e,0x5b,0x66,0x29,0xd4,0x8c,0x77,0x9d,
    0x56,0x9d,0x76,0x9d,0xf5,0x8c,0x32,0x7c,0x56,0x9d,0x15,0x95,0x31,0x7c,0x36,0x95,0x15,0x95,0x31,0x7c,0x35,0x95,0x56,0x9d,0xb8,0xa5,0xec,0x52,0x08,0x3a,0xf0,0x6b,0x8f,0x63,0xaf,0x63,0x8f,0x63,0x66,0x29,0x93,0x84,0x97,0x9d,
    0x56,0x95,0xb8,0xa5,0x2d,0x5b,0x61,0x08,0xb3,0x84,0xaf,0x6b,0x41,0x00,0x72,0x7c,0xf0,0x73,0x41,0x00,0xf0,0x6b,0x97,0x9d,0x97,0x9d,0xd0,0x6b,0x45,0x21,0x8f,0x63,0xf1,0x6b,0xf1,0x6b,0xab,0x4a,0x86,0x29,0x15,0x95,0x76,0x9d,
    0x56,0x9d,0x77,0x9d,0xd4,0x8c,0xf0,0x73,0x56,0x95,0xf5,0x8c,0xf0,0x73,0x36,0x95,0x15,0x95,0xf0,0x73,0x15,0x95,0x76,0x9d,0x56,0x9d,0x56,0x9d,0x6a,0x42,0x46,0x21,0x29,0x3a,0xe8,0x31,0x45,0x21,0xd0,0x6b,0x97,0x9d,0x56,0x95,
    0x56,0x9d,0x76,0x9d,0x15,0x95,0x73,0x84,0x56,0x9d,0x35,0x95,0x73,0x84,0x56,0x9d,0x36,0x95,0x73,0x84,0x36,0x95,0x56,0x9d,0x56,0x9d,0x76,0x9d,0x56,0x95,0x8e,0x63,0xab,0x4a,0xcc,0x52,0x52,0x7c,0x97,0x9d,0x56,0x9d,0x56,0x9d,
    0x56,0x95,0xb8,0xa5,0x2d,0x5b,0x61,0x08,0xb3,0x84,0xaf,0x6b,0x41,0x00,0x72,0x7c,0xf0,0x73,0x41,0x08,0xf0,0x6b,0x97,0xa5,0x56,0x95,0x56,0x9d,0x77,0x9d,0xb8,0xa5,0x15,0x95,0x56,0x9d,0xb8,0xa5,0x56,0x9d,0x56,0x9d,0x56,0x9d,
    0x56,0x9d,0x77,0x9d,0xb4,0x84,0xaf,0x6b,0x36,0x95,0xd4,0x8c,0xaf,0x6b,0x35,0x95,0xf5,0x8c,0xaf,0x6b,0xf5,0x8c,0x76,0x9d,0x56,0x9d,0x56,0x9d,0x56,0x9d,0xab,0x4a,0x45,0x21,0x66,0x29,0xf0,0x73,0x77,0x9d,0x56,0x9d,0x56,0x9d,
    0x56,0x9d,0x56,0x9d,0x36,0x95,0xb4,0x84,0x56,0x9d,0x36,0x95,0xb4,0x84,0x56,0x9d,0x56,0x95,0xb4,0x84,0x56,0x95,0x56,0x9d,0x56,0x95,0x97,0xa5,0x31,0x74,0x45,0x21,0x6e,0x5b,0x8b,0x42,0xc7,0x31,0x56,0x95,0x56,0x9d,0x56,0x9d,
    0x36,0x95,0xb8,0xa5,0x2d,0x5b,0x82,0x08,0xb3,0x84,0xaf,0x6b,0x61,0x08,0x72,0x7c,0xf0,0x73,0x62,0x08,0xf0,0x73,0x97,0xa5,0x36,0x95,0x97,0xa5,0x11,0x74,0x45,0x21,0x8f,0x63,0xab,0x4a,0xa7,0x31,0x56,0x95,0x56,0x9d,0x56,0x9d,
    0x56,0x9d,0x77,0x9d,0x93,0x84,0x2d,0x5b,0x36,0x95,0xb4,0x84,0x2d,0x5b,0x15,0x95,0xd4,0x8c,0x2d,0x5b,0xd4,0x8c,0x77,0x9d,0x56,0x9d,0x56,0x9d,0x56,0x95,0x8b,0x4a,0x45,0x21,0x66,0x29,0xd0,0x6b,0x97,0x9d,0x36,0x95,0x76,0x9d,
    0x56,0x9d,0x97,0x9d,0x77,0x9d,0xb7,0xa5,0x56,0x9d,0x77,0x9d,0xb8,0xa5,0x76,0x9d,0x77,0x9d,0xb8,0xa5,0x77,0x9d,0x56,0x9d,0x56,0x9d,0x56,0x9d,0x76,0x9d,0x56,0x9d,0x93,0x84,0xd4,0x8c,0x77,0x9d,0x56,0x9d,0x97,0xa5,0x56,0x9d,
    0x36,0x9d,0x77,0x9d,0x56,0x9d,0x36,0x95,0x56,0x9d,0x56,0x9d,0x56,0x95,0x56,0x9d,0x56,0x9d,0x56,0x95,0x56,0x9d,0x56,0x9d,0x56,0x9d,0x56,0x9d,0x56,0x9d,0x56,0x9d,0x97,0x9d,0x77,0x9d,0x56,0x95,0x76,0x9d,0x77,0x9d,0x36,0x9d,
    0x00,0x00,0x00,0x00,0x00,0x01,0x03,0x00,0x96,0x3f,0x00,0x02,0x00,0x00,0x00,0x00,0x00,0x00,0x00,0x00,0x00,0x00,0x00,0x00,0x00,0x00,0x00,0x03,0x00,0x2b,0xe0,0xa6,0x00,0x03,0x00,0x00,0x00,0x00,0x00,0x00,0x00,0x00,0x00,0x00,
    0x00,0x00,0x00,0x00,0x04,0x00,0x63,0xff,0x48,0x0c,0x02,0x00,0x00,0x00,0x00,0x00,0x00,0x00,0x00,0x00,0x00,0x00,0x00,0x00,0x01,0x05,0x00,0x63,0xff,0x88,0x01,0x00,0x01,0x00,0x01,0x01,0x01,0x01,0x01,0x01,0x01,0x01,0x00,0x00,
    0x02,0x02,0x01,0x00,0x64,0xff,0x85,0x00,0x01,0x01,0x00,0x00,0x00,0x00,0x00,0x00,0x00,0x00,0x00,0x00,0x01,0x02,0x00,0x00,0x01,0x63,0xff,0x88,0x00,0x05,0x01,0x01,0x01,0x01,0x01,0x01,0x01,0x01,0x01,0x01,0x01,0x01,0x00,0x00,
    0x32,0xbd,0xda,0xff,0xfe,0xd4,0xdd,0xdc,0xdb,0xdc,0xdb,0xdb,0xdb,0xdb,0xdb,0xdb,0xdb,0xdb,0xda,0xda,0xbd,0x32,0xd8,0xff,0xff,0xfe,0xff,0xff,0xff,0xff,0xff,0xff,0xff,0xff,0xff,0xff,0xff,0xff,0xff,0xff,0xff,0xff,0xff,0xd8,
    0xff,0xfc,0xfd,0xff,0xff,0xfd,0xfd,0xfd,0xfd,0xfd,0xfd,0xfd,0xfd,0xfd,0xfd,0xfd,0xfd,0xfd,0xfd,0xfd,0xfc,0xff,0xfe,0xff,0xff,0xff,0xff,0xff,0xff,0xff,0xff,0xff,0xff,0xff,0xff,0xff,0xff,0xff,0xff,0xff,0xff,0xff,0xff,0xfe,
    0xff,0xff,0xff,0xff,0xff,0xff,0xff,0xff,0xff,0xff,0xff,0xff,0xff,0xff,0xff,0xff,0xff,0xff,0xff,0xff,0xff,0xff,0xff,0xff,0xff,0xff,0xff,0xff,0xff,0xff,0xff,0xff,0xff,0xff,0xff,0xff,0xff,0xff,0xff,0xff,0xff,0xff,0xff,0xff,
    0xff,0xff,0xff,0xff,0xff,0xff,0xff,0xff,0xff,0xff,0xff,0xff,0xff,0xff,0xff,0xff,0xff,0xff,0xff,0xff,0xff,0xff,0xff,0xff,0xff,0xff,0xff,0xff,0xff,0xff,0xff,0xff,0xff,0xff,0xff,0xff,0xff,0xff,0xff,0xff,0xff,0xff,0xff,0xff,
    0xff,0xff,0xff,0xff,0xff,0xff,0xff,0xff,0xff,0xff,0xff,0xff,0xff,0xff,0xff,0xff,0xff,0xff,0xff,0xff,0xff,0xff,0xff,0xff,0xff,0xff,0xff,0xff,0xff,0xff,0xff,0xff,0xff,0xff,0xff,0xff,0xff,0xff,0xff,0xff,0xff,0xff,0xff,0xff,
    0xff,0xff,0xff,0xff,0xff,0xff,0xff,0xff,0xff,0xff,0xff,0xff,0xff,0xff,0xff,0xff,0xff,0xff,0xff,0xff,0xff,0xff,0xff,0xff,0xff,0xff,0xff,0xff,0xff,0xff,0xff,0xff,0xff,0xff,0xff,0xff,0xff,0xff,0xff,0xff,0xff,0xff,0xff,0xff,
    0xfe,0xff,0xff,0xff,0xff,0xff,0xff,0xff,0xff,0xff,0xff,0xff,0xff,0xff,0xff,0xff,0xff,0xff,0xff,0xff,0xff,0xfe,0xff,0xfe,0xff,0xff,0xff,0xff,0xff,0xff,0xff,0xff,0xff,0xff,0xff,0xff,0xff,0xff,0xff,0xff,0xff,0xff,0xfe,0xff,
    0xe8,0xff,0xfe,0xff,0xff,0xff,0xff,0xff,0xff,0xff,0xff,0xff,0xff,0xff,0xff,0xff,0xff,0xff,0xff,0xfe,0xff,0xe8,0x49,0xdb,0xfe,0xfe,0xff,0xff,0xff,0xff,0xff,0xff,0xff,0xff,0xff,0xff,0xff,0xff,0xff,0xff,0xfe,0xfe,0xdb,0x49,

};

const lv_image_dsc_t emoji_radio_22 = {
  .header.magic = LV_IMAGE_HEADER_MAGIC,
  .header.cf = LV_COLOR_FORMAT_RGB565A8,
  .header.flags = 0,
  .header.w = 22,
  .header.h = 22,
  .header.stride = 44,
  .data_size = sizeof(emoji_radio_22_map),
  .data = emoji_radio_22_map,
};




#ifndef LV_ATTRIBUTE_MEM_ALIGN
#define LV_ATTRIBUTE_MEM_ALIGN
#endif

#ifndef LV_ATTRIBUTE_EMOJI_BADGER_22
#define LV_ATTRIBUTE_EMOJI_BADGER_22
#endif

static const
LV_ATTRIBUTE_MEM_ALIGN LV_ATTRIBUTE_LARGE_CONST LV_ATTRIBUTE_EMOJI_BADGER_22
uint8_t emoji_badger_22_map[] = {

    0x00,0x00,0x00,0x00,0x00,0x00,0x00,0x00,0x00,0x00,0x00,0x00,0x00,0x00,0x00,0x00,0x00,0x00,0x00,0x00,0x00,0x00,0x00,0x00,0x00,0x00,0x00,0x00,0x00,0x00,0x00,0x00,0x00,0x00,0x00,0x00,0x00,0x00,0x00,0x00,0x00,0x00,0x00,0x00,
    0x00,0x00,0x00,0x00,0x00,0x00,0x00,0x00,0x00,0x00,0x00,0x00,0x00,0x00,0x00,0x00,0x00,0x00,0x00,0x00,0x00,0x00,0x00,0x00,0x00,0x00,0x00,0x00,0x00,0x00,0x00,0x00,0x00,0x00,0x00,0x00,0x00,0x00,0x00,0x00,0x00,0x00,0x00,0x00,
    0x00,0x00,0x00,0x00,0x00,0x00,0x00,0x00,0x00,0x00,0x00,0x00,0x00,0x00,0x00,0x00,0x00,0x00,0x00,0x00,0x00,0x00,0x00,0x00,0x00,0x00,0x00,0x00,0x00,0x00,0x00,0x00,0x00,0x00,0x00,0x00,0x00,0x00,0x00,0x00,0x00,0x00,0x00,0x00,
    0x00,0x00,0x00,0x00,0x00,0x00,0x00,0x00,0x00,0x00,0x00,0x00,0x00,0x00,0x00,0x00,0x00,0x00,0x00,0x00,0x00,0x00,0x00,0x00,0x00,0x00,0x00,0x00,0x00,0x00,0x00,0x00,0x00,0x00,0x00,0x00,0x00,0x00,0x00,0x00,0x00,0x00,0x00,0x00,
    0x00,0x00,0x00,0x00,0x00,0x00,0x00,0x00,0x00,0x00,0x00,0x00,0x00,0x00,0x00,0x00,0x00,0x00,0x00,0x00,0x00,0x00,0x00,0x00,0x00,0x00,0x00,0x00,0x00,0x00,0x00,0x00,0x00,0x00,0x00,0x00,0x00,0x00,0x00,0x00,0x00,0x00,0x00,0x00,
    0x00,0x00,0x00,0x00,0x00,0x00,0x00,0x00,0x00,0x00,0x00,0x00,0x00,0x00,0x00,0x00,0x00,0x00,0x00,0x00,0x00,0x00,0x00,0x00,0x00,0x00,0x00,0x00,0x00,0x00,0x00,0x00,0x00,0x00,0x00,0x00,0x00,0x00,0x00,0x00,0x00,0x00,0x00,0x00,
    0x00,0x00,0x00,0x00,0x00,0x00,0x00,0x00,0x00,0x00,0x00,0x00,0x00,0x00,0x00,0x00,0x00,0x00,0x00,0x00,0x00,0x00,0x00,0x00,0x00,0x00,0x00,0x00,0x00,0x00,0x00,0x00,0x00,0x00,0x00,0x00,0x00,0x00,0x00,0x00,0x00,0x00,0x00,0x00,
    0x00,0x00,0x00,0x00,0x00,0x00,0x00,0x00,0x00,0x00,0x00,0x00,0xe7,0x39,0x00,0x00,0x00,0x00,0x00,0x00,0x00,0x00,0x00,0x00,0xaa,0x52,0xef,0x7b,0xf7,0xbd,0xf7,0xbd,0xf7,0x7d,0xef,0x7b,0x00,0x00,0x00,0x00,0x00,0x00,0x00,0x00,
    0x00,0x00,0x00,0x00,0x00,0x00,0x00,0x00,0x00,0x00,0x00,0x00,0x00,0x00,0x00,0x00,0xe7,0x39,0xe7,0x39,0xff,0xff,0x00,0x00,0x00,0x00,0x00,0x00,0x00,0x00,0x00,0x00,0x00,0x00,0x00,0x00,0xff,0x7f,0xff,0x07,0x00,0x00,0x00,0x00,
    0x00,0x00,0x00,0x00,0xff,0xff,0x41,0x00,0x00,0x00,0x00,0x00,0xc7,0x31,0xa7,0x29,0x00,0x00,0x00,0x00,0x00,0x00,0x00,0x00,0xc3,0x10,0xab,0x4a,0x11,0x7c,0x55,0xa5,0xf8,0xbd,0xf4,0x84,0x00,0x00,0x00,0x00,0x00,0x00,0x00,0x00,
    0x00,0x00,0xef,0x7b,0x00,0x00,0x0c,0x5b,0x92,0x8c,0x6a,0x4a,0xc8,0x31,0xc8,0x31,0x25,0x21,0x04,0x19,0xab,0x52,0x31,0x7c,0xd7,0xb5,0xfc,0xd6,0x9e,0xef,0x9e,0xef,0xb3,0x8c,0x77,0x9d,0x56,0x95,0x29,0x3a,0x00,0x00,0xef,0x7b,
    0xff,0xff,0x00,0x00,0xbf,0xf7,0x3d,0xdf,0x0d,0x5b,0xa7,0x31,0xa7,0x29,0x66,0x29,0x0d,0x5b,0x97,0xad,0x3d,0xdf,0xbf,0xef,0x7e,0xef,0x7e,0xe7,0xbf,0xef,0xaf,0x73,0xaf,0x6b,0x97,0xa5,0xd8,0xa5,0xaf,0x6b,0xc3,0x18,0x00,0x00,
    0xff,0xff,0x1c,0xe7,0x5d,0xe7,0x5a,0xc6,0x35,0x9d,0x66,0x21,0x08,0x3a,0x15,0x9d,0x7e,0xe7,0x9e,0xef,0x5d,0xe7,0x3d,0xdf,0x7e,0xe7,0x9e,0xef,0xf0,0x73,0x29,0x3a,0x77,0x9d,0x56,0x9d,0x77,0x9d,0x15,0x95,0xc8,0x31,0xe3,0x18,
    0x00,0x00,0x9f,0xef,0x7e,0xe7,0x0d,0x5b,0x6e,0x63,0x0c,0x5b,0xdb,0xd6,0xff,0xf7,0x9f,0xef,0x9e,0xef,0x9f,0xef,0x5d,0xe7,0x39,0xbe,0xec,0x5a,0x87,0x29,0xd4,0x8c,0x77,0x9d,0x56,0x9d,0x56,0x9d,0x76,0x9d,0x6a,0x42,0x45,0x21,
    0x41,0x08,0xdf,0xf7,0x72,0x84,0x05,0x19,0x31,0x84,0xdf,0xf7,0x5d,0xe7,0xb7,0xb5,0x92,0x8c,0x10,0x7c,0xaf,0x73,0xec,0x52,0x66,0x21,0xa7,0x29,0xb3,0x84,0x97,0x9d,0x56,0x95,0x56,0x9d,0x56,0x9d,0x97,0xa5,0x8b,0x4a,0x66,0x29,
    0xec,0x52,0x6e,0x63,0xcf,0x73,0x9b,0xce,0xdb,0xd6,0xb3,0x94,0x4a,0x42,0x87,0x29,0x46,0x21,0x46,0x21,0x66,0x21,0x45,0x21,0x8b,0x4a,0xf5,0x94,0x97,0x9d,0x56,0x95,0x56,0x9d,0x56,0x9d,0x76,0x9d,0x97,0xa5,0x6a,0x42,0x87,0x29,
    0x66,0x21,0xc7,0x31,0x35,0xa5,0x35,0x9d,0x45,0x21,0x00,0x00,0x00,0x00,0xc7,0x31,0xe8,0x31,0xc7,0x31,0xc7,0x31,0xf0,0x73,0x77,0x9d,0x56,0x9d,0x36,0x95,0x56,0x9d,0x56,0x9d,0x56,0x9d,0x77,0x9d,0xb8,0xa5,0xc8,0x31,0xc8,0x31,
    0x00,0x00,0x00,0x00,0x00,0x00,0x00,0x00,0x00,0x00,0xff,0xff,0x00,0x00,0x87,0x31,0xc7,0x31,0xc7,0x31,0x87,0x29,0xaf,0x6b,0x97,0xa5,0x97,0x9d,0x97,0x9d,0x77,0x9d,0x76,0x9d,0x77,0x9d,0xd9,0xad,0x56,0x9d,0x25,0x19,0xe8,0x31,
    0x0a,0x00,0xff,0xff,0xff,0xff,0xf7,0xbd,0xef,0x7b,0x00,0x00,0xef,0x03,0x00,0x00,0xa7,0x31,0xc8,0x31,0xa7,0x31,0x86,0x29,0xab,0x4a,0x11,0x74,0xd4,0x8c,0x35,0x95,0x15,0x95,0xf4,0x8c,0xb0,0x6b,0xe8,0x31,0xc3,0x00,0xc7,0x31,
    0x00,0x00,0x00,0x00,0x00,0x00,0x00,0x00,0x00,0x00,0x00,0x00,0xaa,0x52,0x00,0x00,0xa7,0x31,0xc8,0x31,0xa7,0x31,0xe7,0x39,0x62,0x08,0xa3,0x10,0xa7,0x31,0x09,0x3a,0x08,0x3a,0xc8,0x31,0x66,0x29,0x24,0x21,0x00,0x00,0x00,0x00,
    0x00,0x00,0x00,0x00,0x00,0x00,0x00,0x00,0x00,0x00,0x00,0x00,0xe7,0x39,0x00,0x00,0xc7,0x31,0xe8,0x39,0xa7,0x31,0x00,0x00,0x00,0x00,0x00,0x00,0x00,0x00,0x00,0x00,0xa7,0x29,0xe8,0x31,0xc8,0x31,0x00,0x00,0xe7,0x39,0xaa,0x52,
    0x00,0x00,0x00,0x00,0x00,0x00,0x00,0x00,0x00,0x00,0x00,0x00,0xaa,0x52,0x00,0x00,0xa7,0x31,0xc8,0x31,0xa7,0x31,0x00,0x00,0xe7,0x39,0xaa,0x52,0x49,0x4a,0xaa,0x52,0xa7,0x31,0xa7,0x31,0x00,0x00,0xef,0x03,0x00,0x00,0x00,0x00,
    0x00,0x00,0x00,0x00,0x00,0x00,0x00,0x00,0x00,0x00,0x00,0x00,0x00,0x00,0x00,0x00,0x00,0x00,0x00,0x00,0x00,0x00,0x00,0x00,0x00,0x00,0x00,0x00,0x00,0x00,0x00,0x00,0x00,0x00,0x00,0x00,0x00,0x00,0x00,0x00,0x00,0x00,0x00,0x00,
    0x00,0x00,0x00,0x00,0x00,0x00,0x00,0x00,0x00,0x00,0x00,0x00,0x00,0x00,0x00,0x00,0x00,0x00,0x00,0x00,0x00,0x00,0x00,0x00,0x00,0x00,0x00,0x00,0x00,0x00,0x00,0x00,0x00,0x00,0x00,0x00,0x00,0x00,0x00,0x00,0x00,0x00,0x00,0x00,
    0x00,0x00,0x00,0x00,0x00,0x00,0x00,0x00,0x00,0x00,0x00,0x00,0x00,0x00,0x00,0x00,0x00,0x00,0x00,0x00,0x00,0x00,0x00,0x00,0x00,0x00,0x00,0x00,0x00,0x00,0x00,0x00,0x00,0x00,0x00,0x00,0x00,0x00,0x00,0x00,0x00,0x00,0x00,0x00,
    0x00,0x00,0x00,0x00,0x00,0x00,0x00,0x00,0x00,0x00,0x00,0x00,0x00,0x00,0x00,0x00,0x00,0x00,0x00,0x00,0x00,0x00,0x00,0x00,0x00,0x01,0x01,0x01,0x04,0x01,0x00,0x00,0x00,0x01,0x03,0x04,0x04,0x04,0x04,0x02,0x00,0x00,0x00,0x00,
    0x00,0x00,0x00,0x00,0x00,0x00,0x00,0x00,0x04,0x04,0x02,0x00,0x00,0x00,0x00,0x00,0x00,0x00,0x02,0x01,0x00,0x00,0x00,0x01,0x02,0x17,0x11,0x00,0x85,0x18,0x00,0x00,0x00,0x14,0x3d,0x63,0x7b,0x7f,0x5c,0x22,0x00,0x00,0x02,0x00,
    0x00,0x04,0x00,0x62,0xd2,0xb6,0xff,0xc9,0x8d,0x73,0xae,0xec,0xff,0xff,0xff,0xff,0xff,0xf5,0xa2,0x1d,0x00,0x02,0x02,0x00,0x36,0xde,0xff,0xff,0xfb,0xff,0xff,0xff,0xff,0xff,0xfd,0xfc,0xfb,0xfb,0xfc,0xff,0xff,0xe4,0x29,0x00,
    0x02,0x09,0xda,0xff,0xfb,0xfc,0xff,0xfc,0xfb,0xfb,0xfc,0xfe,0xff,0xff,0xff,0xff,0xff,0xfe,0xf9,0xff,0xcb,0x08,0x00,0x39,0xff,0xfc,0xfe,0xfd,0xfd,0xff,0xff,0xff,0xff,0xff,0xff,0xff,0xff,0xff,0xff,0xff,0xff,0xfc,0xff,0x59,
    0x00,0xa9,0xfb,0xf8,0xff,0xff,0xff,0xfd,0xff,0xff,0xff,0xff,0xff,0xff,0xff,0xff,0xff,0xff,0xff,0xf7,0xe9,0xbb,0xaa,0xff,0xff,0xff,0xf9,0xcf,0xe1,0xff,0xfe,0xff,0xff,0xff,0xff,0xff,0xff,0xff,0xff,0xfe,0xff,0xe7,0xa1,0xf7,
    0x9e,0xc9,0xb7,0x74,0x26,0x00,0x0d,0xa6,0xff,0xfc,0xff,0xfe,0xfe,0xff,0xff,0xff,0xff,0xfd,0xff,0xca,0x7c,0xfe,0x00,0x00,0x00,0x00,0x00,0x02,0x00,0x19,0xf4,0xfe,0xfe,0xff,0xff,0xfe,0xfc,0xfc,0xff,0xfb,0xfe,0x90,0x59,0xff,
    0x03,0x01,0x02,0x04,0x02,0x01,0x02,0x00,0xc7,0xff,0xfb,0xf1,0xf8,0xff,0xff,0xff,0xff,0xfc,0xff,0x49,0x0a,0x48,0x00,0x00,0x00,0x00,0x00,0x00,0x03,0x01,0x9d,0xfe,0xed,0x24,0x24,0x3b,0x53,0x8b,0xfc,0xfe,0xda,0x07,0x00,0x00,
    0x00,0x00,0x00,0x00,0x00,0x00,0x04,0x00,0x7a,0xff,0xaf,0x00,0x00,0x00,0x00,0x00,0xcc,0xff,0x5c,0x00,0x04,0x03,0x00,0x00,0x00,0x00,0x00,0x00,0x03,0x00,0x53,0xe8,0x2a,0x02,0x04,0x03,0x07,0x03,0x7c,0xc7,0x00,0x02,0x00,0x00,

};

const lv_image_dsc_t emoji_badger_22 = {
  .header.magic = LV_IMAGE_HEADER_MAGIC,
  .header.cf = LV_COLOR_FORMAT_RGB565A8,
  .header.flags = 0,
  .header.w = 22,
  .header.h = 22,
  .header.stride = 44,
  .data_size = sizeof(emoji_badger_22_map),
  .data = emoji_badger_22_map,
};



/* Generated: Twemoji (jdecked) emoji at 22px, RGB565A8, LVGL 9.2. */
/* Graphics (c) Twitter/Twemoji contributors, CC BY 4.0. */

#include "lvgl.h"


#ifndef LV_ATTRIBUTE_MEM_ALIGN
#define LV_ATTRIBUTE_MEM_ALIGN
#endif

#ifndef LV_ATTRIBUTE_EMOJI_LIGHT_BLUE_HEART_22
#define LV_ATTRIBUTE_EMOJI_LIGHT_BLUE_HEART_22
#endif

static const
LV_ATTRIBUTE_MEM_ALIGN LV_ATTRIBUTE_LARGE_CONST LV_ATTRIBUTE_EMOJI_LIGHT_BLUE_HEART_22
uint8_t emoji_light_blue_heart_22_map[] = {

    0x00,0x00,0x1f,0x00,0xff,0x7f,0x00,0x00,0x00,0x00,0x00,0x00,0x00,0x00,0x00,0x00,0x00,0x00,0xff,0xff,0xff,0x07,0xff,0x07,0xff,0x07,0x00,0x00,0x00,0x00,0x00,0x00,0x00,0x00,0x00,0x00,0x00,0x00,0xff,0x7f,0x1f,0x00,0x00,0x00,0xff,0x07,0x00,0x00,0x00,0x00,0x5f,0x8e,0x5f,0x8e,0x5f,0x86,0x5f,0x8e,0x7f,0x8e,0x7f,0x8e,0x00,0x00,
    0x00,0x00,0x00,0x00,0x00,0x00,0x7f,0x8e,0x7f,0x8e,0x5f,0x8e,0x5f,0x86,0x7f,0x8e,0x5f,0x8e,0x00,0x00,0x00,0x00,0xff,0x07,0x55,0x55,0xff,0xaf,0x5f,0x8e,0x9f,0x8e,0xbf,0x96,0xbf,0x8e,0xbf,0x8e,0xbf,0x96,0xbf,0x96,0x7f,0x8e,0xff,0x95,0x3d,0x8e,0x7f,0x8e,0xbf,0x96,0xbf,0x96,0xbf,0x8e,0xbf,0x8e,0xbf,0x96,0x9f,0x8e,0x5f,0x8e,
    0x5f,0xad,0x5f,0x55,0x00,0x00,0x5f,0x86,0xff,0x96,0x5f,0x8e,0x5f,0x8e,0x5f,0x8e,0x5f,0x8e,0x5f,0x8e,0x5f,0x8e,0xdf,0x96,0x5f,0x86,0x5f,0x86,0xdf,0x96,0x5f,0x8e,0x5f,0x8e,0x5f,0x8e,0x5f,0x8e,0x5f,0x8e,0x5f,0x8e,0xff,0x96,0x3f,0x86,0x00,0x00,0x3f,0x86,0x9f,0x8e,0x5f,0x8e,0x5f,0x8e,0x5f,0x8e,0x5f,0x8e,0x5f,0x8e,0x5f,0x8e,
    0x5f,0x8e,0x5f,0x86,0x9f,0x8e,0x9f,0x8e,0x5f,0x86,0x5f,0x8e,0x5f,0x8e,0x5f,0x8e,0x5f,0x8e,0x5f,0x8e,0x5f,0x8e,0x5f,0x8e,0x9f,0x8e,0x3f,0x86,0x5f,0x8e,0x9f,0x8e,0x5f,0x8e,0x5f,0x8e,0x5f,0x8e,0x5f,0x8e,0x5f,0x8e,0x5f,0x8e,0x5f,0x8e,0x5f,0x8e,0x5f,0x8e,0x5f,0x8e,0x5f,0x8e,0x5f,0x8e,0x5f,0x8e,0x5f,0x8e,0x5f,0x8e,0x5f,0x8e,
    0x5f,0x8e,0x5f,0x8e,0x9f,0x8e,0x5f,0x8e,0x5f,0x86,0x7f,0x8e,0x5f,0x8e,0x5f,0x8e,0x5f,0x8e,0x5f,0x8e,0x5f,0x8e,0x5f,0x8e,0x5f,0x8e,0x5f,0x8e,0x5f,0x8e,0x5f,0x8e,0x5f,0x8e,0x5f,0x8e,0x5f,0x8e,0x5f,0x8e,0x5f,0x8e,0x5f,0x8e,0x5f,0x8e,0x5f,0x8e,0x7f,0x8e,0x5f,0x86,0x5f,0x8e,0x7f,0x8e,0x5f,0x8e,0x5f,0x8e,0x5f,0x8e,0x5f,0x8e,
    0x5f,0x8e,0x5f,0x8e,0x5f,0x8e,0x5f,0x8e,0x5f,0x8e,0x5f,0x8e,0x5f,0x8e,0x5f,0x8e,0x5f,0x8e,0x5f,0x8e,0x5f,0x8e,0x5f,0x8e,0x5f,0x8e,0x5f,0x8e,0x5f,0x8e,0x5f,0x8e,0x5f,0x86,0x7f,0x8e,0x5f,0x8e,0x5f,0x8e,0x5f,0x8e,0x5f,0x8e,0x5f,0x8e,0x5f,0x8e,0x5f,0x8e,0x5f,0x8e,0x5f,0x8e,0x5f,0x8e,0x5f,0x8e,0x5f,0x8e,0x5f,0x8e,0x5f,0x8e,
    0x5f,0x8e,0x5f,0x8e,0x5f,0x8e,0x5f,0x8e,0x7f,0x8e,0x5f,0x86,0x5f,0x86,0x9f,0x8e,0x5f,0x8e,0x5f,0x8e,0x5f,0x8e,0x5f,0x8e,0x5f,0x8e,0x5f,0x8e,0x5f,0x8e,0x5f,0x8e,0x5f,0x8e,0x5f,0x8e,0x5f,0x8e,0x5f,0x8e,0x5f,0x8e,0x5f,0x8e,0x5f,0x8e,0x5f,0x8e,0x5f,0x8e,0x5f,0x8e,0x9f,0x8e,0x5f,0x8e,0x5f,0x8e,0x7f,0x8e,0x5f,0x86,0x5f,0x8e,
    0x5f,0x8e,0x5f,0x8e,0x5f,0x8e,0x5f,0x8e,0x5f,0x8e,0x5f,0x8e,0x5f,0x8e,0x5f,0x8e,0x5f,0x8e,0x5f,0x8e,0x5f,0x8e,0x5f,0x8e,0x5f,0x8e,0x5f,0x8e,0x5f,0x8e,0x5f,0x86,0x7f,0x8e,0x5e,0x86,0xff,0xaf,0x3f,0x86,0x9f,0x8e,0x5e,0x86,0x5f,0x8e,0x5f,0x8e,0x5f,0x8e,0x5f,0x8e,0x5f,0x8e,0x5f,0x8e,0x5f,0x8e,0x5f,0x8e,0x5f,0x8e,0x5f,0x8e,
    0x5f,0x8e,0x5f,0x8e,0x5f,0x8e,0x5f,0x8e,0x5e,0x86,0x9f,0x8e,0x5f,0x86,0x5f,0xad,0x00,0x00,0x5f,0x8e,0xbf,0x96,0x5f,0x8e,0x5f,0x8e,0x5f,0x8e,0x5f,0x8e,0x5f,0x8e,0x5f,0x8e,0x5f,0x8e,0x5f,0x8e,0x5f,0x8e,0x5f,0x8e,0x5f,0x8e,0x5f,0x8e,0x5f,0x8e,0x5f,0x8e,0x5f,0x8e,0x5f,0x8e,0xbf,0x8e,0x7f,0x8e,0x00,0x00,0x5f,0x55,0x00,0x00,
    0x3f,0x86,0xbf,0x96,0x5f,0x86,0x5f,0x8e,0x5f,0x8e,0x5f,0x8e,0x5f,0x8e,0x5f,0x8e,0x5f,0x8e,0x5f,0x8e,0x5f,0x8e,0x5f,0x8e,0x5f,0x8e,0x5f,0x8e,0x5f,0x8e,0x5f,0x86,0xbf,0x96,0x3e,0x86,0x00,0x00,0x5f,0x55,0xff,0x7b,0xff,0x7b,0x7f,0x8e,0x5f,0x8e,0x9f,0x8e,0x5f,0x86,0x5f,0x8e,0x5f,0x8e,0x5f,0x8e,0x5f,0x8e,0x5f,0x8e,0x5f,0x8e,
    0x5f,0x8e,0x5f,0x8e,0x5f,0x8e,0x5f,0x8e,0x5f,0x86,0x9f,0x8e,0x5f,0x8e,0x7f,0x8e,0xff,0x7b,0xff,0x7b,0x00,0x00,0x5f,0x55,0x00,0x00,0x5f,0x86,0x7f,0x8e,0x7f,0x8e,0x3e,0x86,0x5f,0x8e,0x5f,0x8e,0x5f,0x8e,0x5f,0x8e,0x5f,0x8e,0x5f,0x8e,0x5f,0x8e,0x5f,0x8e,0x3e,0x86,0x7f,0x8e,0x7f,0x8e,0x3e,0x86,0x00,0x00,0x5f,0x55,0x00,0x00,
    0x00,0x00,0x00,0x00,0x5f,0xad,0x00,0x00,0x3e,0x86,0x7f,0x8e,0x7f,0x8e,0x3e,0x86,0x5f,0x8e,0x5f,0x8e,0x5f,0x8e,0x5f,0x8e,0x5f,0x8e,0x5f,0x8e,0x5e,0x86,0x7f,0x8e,0x7f,0x8e,0x1e,0x86,0x00,0x00,0x5f,0xad,0x00,0x00,0x00,0x00,0x00,0x00,0x00,0x00,0x00,0x00,0xff,0x7d,0x00,0x00,0x3e,0x86,0x7f,0x8e,0xbf,0x8e,0x5f,0x86,0x5f,0x8e,
    0x5f,0x8e,0x5f,0x8e,0x5f,0x8e,0x5e,0x86,0x9f,0x8e,0x7f,0x8e,0x3e,0x86,0x00,0x00,0xff,0x7d,0x00,0x00,0x00,0x00,0x00,0x00,0x00,0x00,0x00,0x00,0x00,0x00,0x00,0x00,0xf7,0x7d,0x00,0x00,0x3e,0x86,0x7f,0x8e,0xdf,0x96,0x5f,0x8e,0x5f,0x8e,0x5f,0x8e,0x5f,0x8e,0xdf,0x96,0x7f,0x8e,0x3f,0x86,0x00,0x00,0xf7,0x7d,0x00,0x00,0x00,0x00,
    0x00,0x00,0x00,0x00,0x00,0x00,0x00,0x00,0x00,0x00,0x00,0x00,0x00,0x00,0xff,0xaf,0x00,0x00,0xff,0x7d,0x5f,0x8e,0x7f,0x8e,0xbf,0x96,0xbf,0x96,0x7f,0x8e,0x5f,0x8e,0xff,0x7d,0x00,0x00,0xff,0xaf,0x00,0x00,0x00,0x00,0x00,0x00,0x00,0x00,0x00,0x00,0x00,0x00,0x00,0x00,0x00,0x00,0x00,0x00,0x00,0x00,0x00,0x00,0xff,0x7f,0x00,0x00,
    0x00,0x00,0x3f,0x86,0x5f,0x8e,0x7f,0x8e,0x7f,0x8e,0x00,0x00,0x00,0x00,0xff,0x7f,0x00,0x00,0x00,0x00,0x00,0x00,0x00,0x00,0x00,0x00,0x00,0x00,0x00,0x00,0x00,0x00,0x00,0x00,0x00,0x00,0x00,0x00,0x00,0x00,0x00,0x00,0xff,0x07,0xff,0xaf,0x00,0x00,0x00,0x00,0x00,0x00,0x00,0x00,0xff,0xaf,0xff,0x07,0x00,0x00,0x00,0x00,0x00,0x00,
    0x00,0x00,0x00,0x00,0x00,0x00,0x00,0x00,0x00,0x01,0x02,0x00,0x00,0x00,0x00,0x00,0x00,0x01,0x01,0x01,0x01,0x00,0x00,0x00,0x00,0x00,0x00,0x02,0x01,0x00,0x01,0x00,0x00,0x39,0x90,0xbe,0xc1,0x99,0x4b,0x00,0x00,0x00,0x00,0x4b,0x9a,0xc1,0xbe,0x8f,0x39,0x00,0x00,0x01,0x03,0x03,0x94,0xff,0xff,0xff,0xff,0xff,0xff,0xb3,0x0c,0x0d,
    0xb3,0xff,0xff,0xff,0xff,0xff,0xff,0x94,0x03,0x03,0x00,0x97,0xff,0xfc,0xfb,0xfc,0xfc,0xfb,0xfb,0xff,0xbe,0xbf,0xff,0xfb,0xfb,0xfc,0xfc,0xfb,0xfc,0xff,0x97,0x00,0x4a,0xff,0xfb,0xfe,0xff,0xff,0xff,0xff,0xff,0xfc,0xff,0xff,0xfc,0xff,0xff,0xff,0xff,0xff,0xfe,0xfb,0xff,0x4a,0xb7,0xfe,0xfc,0xff,0xff,0xff,0xff,0xff,0xff,0xff,
    0xfd,0xfd,0xff,0xff,0xff,0xff,0xff,0xff,0xff,0xfc,0xfe,0xb6,0xe6,0xff,0xfe,0xff,0xff,0xff,0xff,0xff,0xff,0xff,0xff,0xff,0xff,0xff,0xff,0xff,0xff,0xff,0xff,0xfe,0xff,0xe5,0xec,0xff,0xfe,0xff,0xff,0xff,0xff,0xff,0xff,0xff,0xff,0xff,0xff,0xff,0xff,0xff,0xff,0xff,0xff,0xfe,0xff,0xec,0xd1,0xff,0xfd,0xff,0xff,0xff,0xff,0xff,
    0xff,0xff,0xff,0xff,0xff,0xff,0xff,0xff,0xff,0xff,0xff,0xfd,0xff,0xd1,0x9a,0xff,0xfc,0xff,0xff,0xff,0xff,0xff,0xff,0xff,0xff,0xff,0xff,0xff,0xff,0xff,0xff,0xff,0xff,0xfc,0xff,0x99,0x45,0xff,0xfe,0xff,0xff,0xff,0xff,0xff,0xff,0xff,0xff,0xff,0xff,0xff,0xff,0xff,0xff,0xff,0xff,0xfe,0xff,0x44,0x03,0xca,0xfe,0xfd,0xff,0xff,
    0xff,0xff,0xff,0xff,0xff,0xff,0xff,0xff,0xff,0xff,0xff,0xff,0xfd,0xfe,0xc9,0x03,0x00,0x4b,0xff,0xfb,0xff,0xff,0xff,0xff,0xff,0xff,0xff,0xff,0xff,0xff,0xff,0xff,0xff,0xff,0xfb,0xff,0x4b,0x00,0x03,0x00,0xab,0xff,0xfb,0xff,0xff,0xff,0xff,0xff,0xff,0xff,0xff,0xff,0xff,0xff,0xff,0xfb,0xff,0xab,0x00,0x03,0x02,0x02,0x14,0xdf,
    0xff,0xfc,0xff,0xff,0xff,0xff,0xff,0xff,0xff,0xff,0xff,0xff,0xfc,0xff,0xdf,0x14,0x02,0x02,0x00,0x03,0x00,0x33,0xf3,0xff,0xfd,0xff,0xff,0xff,0xff,0xff,0xff,0xff,0xff,0xfd,0xff,0xf3,0x34,0x00,0x03,0x00,0x00,0x00,0x03,0x00,0x44,0xf6,0xff,0xfc,0xff,0xff,0xff,0xff,0xff,0xff,0xfc,0xff,0xf6,0x45,0x00,0x03,0x00,0x00,0x00,0x00,
    0x00,0x04,0x00,0x41,0xea,0xff,0xfa,0xfe,0xff,0xff,0xfe,0xfb,0xff,0xeb,0x40,0x00,0x04,0x00,0x00,0x00,0x00,0x00,0x00,0x00,0x04,0x00,0x28,0xc9,0xff,0xff,0xfb,0xfb,0xff,0xff,0xc9,0x28,0x00,0x04,0x00,0x00,0x00,0x00,0x00,0x00,0x00,0x00,0x00,0x03,0x00,0x08,0x85,0xf7,0xff,0xff,0xf8,0x88,0x08,0x00,0x03,0x00,0x00,0x00,0x00,0x00,
    0x00,0x00,0x00,0x00,0x00,0x00,0x02,0x00,0x00,0x28,0x95,0x98,0x29,0x00,0x00,0x02,0x00,0x00,0x00,0x00,0x00,0x00,0x00,0x00,0x00,0x00,0x00,0x00,0x00,0x01,0x03,0x00,0x00,0x00,0x00,0x03,0x01,0x00,0x00,0x00,0x00,0x00,0x00,0x00,

};

const lv_image_dsc_t emoji_light_blue_heart_22 = {
  .header.magic = LV_IMAGE_HEADER_MAGIC,
  .header.cf = LV_COLOR_FORMAT_RGB565A8,
  .header.flags = 0,
  .header.w = 22,
  .header.h = 22,
  .header.stride = 44,
  .data_size = sizeof(emoji_light_blue_heart_22_map),
  .data = emoji_light_blue_heart_22_map,
};

/* Generated: Twemoji (jdecked) emoji at 22px, RGB565A8, LVGL 9.2. */
/* Graphics (c) Twitter/Twemoji contributors, CC BY 4.0. */

#include "lvgl.h"


#ifndef LV_ATTRIBUTE_MEM_ALIGN
#define LV_ATTRIBUTE_MEM_ALIGN
#endif

#ifndef LV_ATTRIBUTE_EMOJI_LAUGHING_22
#define LV_ATTRIBUTE_EMOJI_LAUGHING_22
#endif

static const
LV_ATTRIBUTE_MEM_ALIGN LV_ATTRIBUTE_LARGE_CONST LV_ATTRIBUTE_EMOJI_LAUGHING_22
uint8_t emoji_laughing_22_map[] = {

    0x00,0x00,0x00,0x00,0x00,0x00,0x4a,0xfd,0x00,0x00,0x00,0x00,0x89,0xfe,0x69,0xfe,0x49,0xfe,0x49,0xfe,0x69,0xfe,0x69,0xfe,0x49,0xfe,0x49,0xfe,0x69,0xfe,0x89,0xfe,0x00,0x00,0x00,0x00,0x4a,0xfd,0x00,0x00,0x00,0x00,0x00,0x00,0x00,0x00,0x00,0x00,0x4a,0xfd,0x00,0x00,0x09,0xfe,0x89,0xfe,0x89,0xfe,0xaa,0xfe,0x89,0xfe,0x69,0xfe,
    0x69,0xfe,0x69,0xfe,0x69,0xfe,0x89,0xfe,0xaa,0xfe,0x89,0xfe,0x89,0xfe,0x09,0xfe,0x00,0x00,0x4a,0xfd,0x00,0x00,0x00,0x00,0x00,0x00,0xef,0xff,0x00,0x00,0x29,0xfe,0x89,0xfe,0xea,0xfe,0x69,0xfe,0x49,0xfe,0x69,0xfe,0x69,0xfe,0x69,0xfe,0x69,0xfe,0x69,0xfe,0x69,0xfe,0x49,0xfe,0x69,0xfe,0xea,0xfe,0x89,0xfe,0x29,0xfe,0x00,0x00,
    0xef,0xff,0x00,0x00,0xef,0xff,0x00,0x00,0x49,0xfe,0x89,0xfe,0xaa,0xfe,0x69,0xfe,0x49,0xfe,0x69,0xfe,0x69,0xfe,0x69,0xfe,0x69,0xfe,0x69,0xfe,0x69,0xfe,0x69,0xfe,0x69,0xfe,0x49,0xfe,0x69,0xfe,0xaa,0xfe,0x89,0xfe,0x49,0xfe,0x00,0x00,0xef,0xff,0xef,0xff,0x69,0xfe,0x69,0xfe,0xaa,0xfe,0x49,0xfe,0x69,0xfe,0x69,0xfe,0x69,0xfe,
    0x69,0xfe,0x69,0xfe,0x69,0xfe,0x69,0xfe,0x69,0xfe,0x69,0xfe,0x69,0xfe,0x69,0xfe,0x69,0xfe,0x49,0xfe,0xaa,0xfe,0x69,0xfe,0x69,0xfe,0xef,0xff,0x00,0x00,0x69,0xfe,0xea,0xfe,0x49,0xfe,0x49,0xfe,0x49,0xfe,0x49,0xfe,0x49,0xfe,0x69,0xfe,0x69,0xfe,0x69,0xfe,0x69,0xfe,0x69,0xfe,0x69,0xfe,0x49,0xfe,0x49,0xfe,0x49,0xfe,0x49,0xfe,
    0x49,0xfe,0xea,0xfe,0x69,0xfe,0x00,0x00,0x69,0xfe,0x69,0xfe,0x69,0xfe,0x69,0xfe,0xaa,0xfe,0xaa,0xfe,0xaa,0xfe,0x69,0xfe,0x49,0xfe,0x49,0xfe,0x69,0xfe,0x69,0xfe,0x49,0xfe,0x49,0xfe,0x69,0xfe,0xaa,0xfe,0xaa,0xfe,0xaa,0xfe,0x69,0xfe,0x69,0xfe,0x69,0xfe,0x69,0xfe,0x69,0xfe,0xaa,0xfe,0x89,0xfe,0x87,0xe5,0x22,0x8b,0x83,0x9b,
    0x85,0xbc,0xe8,0xed,0xaa,0xfe,0x69,0xfe,0x69,0xfe,0x69,0xfe,0x69,0xfe,0xaa,0xfe,0xe8,0xed,0x85,0xbc,0x83,0x9b,0x22,0x8b,0x87,0xe5,0x89,0xfe,0xaa,0xfe,0x69,0xfe,0x69,0xfe,0x89,0xfe,0x89,0xfe,0xa7,0xe5,0x63,0x93,0x22,0x8b,0x81,0x72,0x40,0x6a,0x04,0xac,0x49,0xfe,0x69,0xfe,0x69,0xfe,0x49,0xfe,0x04,0xac,0x40,0x6a,0x81,0x72,
    0x22,0x8b,0x63,0x93,0xa7,0xe5,0x89,0xfe,0x89,0xfe,0x69,0xfe,0x49,0xfe,0x69,0xfe,0x49,0xfe,0xaa,0xfe,0xeb,0xfe,0x08,0xee,0xe4,0xa3,0xe0,0x61,0x60,0x49,0x62,0x93,0x8a,0xfe,0x8a,0xfe,0x62,0x93,0x60,0x49,0xe0,0x61,0xe4,0xa3,0x08,0xee,0xeb,0xfe,0xaa,0xfe,0x49,0xfe,0x69,0xfe,0x49,0xfe,0x69,0xfe,0x49,0xfe,0x69,0xfe,0xc8,0xed,
    0x43,0x93,0xe0,0x59,0x60,0x72,0xc3,0xa3,0x45,0xb4,0x26,0xd5,0x69,0xfe,0x69,0xfe,0x26,0xd5,0x45,0xb4,0xc3,0xa3,0x60,0x72,0xe0,0x59,0x43,0x93,0xc8,0xed,0x69,0xfe,0x49,0xfe,0x69,0xfe,0x69,0xfe,0x69,0xfe,0x69,0xfe,0x81,0x72,0x81,0x72,0x47,0xd5,0x69,0xfe,0xaa,0xfe,0xaa,0xfe,0x8a,0xfe,0x49,0xfe,0x49,0xfe,0x8a,0xfe,0xaa,0xfe,
    0xaa,0xfe,0x69,0xfe,0x47,0xd5,0x81,0x72,0x81,0x72,0x69,0xfe,0x69,0xfe,0x69,0xfe,0x49,0xfe,0x69,0xfe,0x49,0xfe,0xa7,0xe5,0x08,0xf6,0xa8,0xe5,0x08,0xf6,0x6a,0xfe,0x8a,0xfe,0xaa,0xfe,0xaa,0xfe,0xaa,0xfe,0xaa,0xfe,0x8a,0xfe,0x6a,0xfe,0x08,0xf6,0xa8,0xe5,0x08,0xf6,0xa7,0xe5,0x49,0xfe,0x69,0xfe,0x49,0xfe,0x69,0xfe,0x8a,0xfe,
    0x49,0xfe,0xca,0xfe,0xa3,0x9b,0xe0,0x59,0x40,0x6a,0x60,0x72,0xe0,0x82,0x41,0x93,0x61,0x93,0x61,0x93,0x41,0x93,0xe0,0x82,0x60,0x72,0x40,0x6a,0xe0,0x59,0xa3,0x9b,0xca,0xfe,0x49,0xfe,0x8a,0xfe,0x69,0xfe,0x69,0xfe,0xaa,0xfe,0x49,0xfe,0x8a,0xfe,0x01,0x8b,0x26,0x7b,0x77,0xd6,0xb3,0xc5,0xae,0xa4,0x2c,0x9c,0x2b,0x94,0x2b,0x9c,
    0x2c,0x9c,0xae,0xa4,0xb3,0xbd,0x77,0xd6,0x26,0x7b,0x01,0x8b,0x8a,0xfe,0x49,0xfe,0xaa,0xfe,0x69,0xfe,0x69,0xfe,0x69,0xfe,0x69,0xfe,0xaa,0xfe,0x65,0xbc,0xa0,0x51,0xe9,0x93,0x3b,0xef,0xff,0xff,0xff,0xff,0xff,0xff,0xff,0xff,0xff,0xff,0xff,0xff,0x3b,0xef,0xea,0x93,0xa0,0x51,0x65,0xb4,0xaa,0xfe,0x69,0xfe,0x69,0xfe,0x69,0xfe,
    0x00,0x00,0x69,0xfe,0xea,0xfe,0x69,0xfe,0x29,0xf6,0xa1,0x7a,0xa0,0x51,0x20,0x62,0x66,0x83,0x8d,0xa4,0xef,0xb4,0xef,0xb4,0x8d,0xa4,0x66,0x83,0x20,0x62,0xa0,0x51,0xa1,0x7a,0x29,0xf6,0x69,0xfe,0xea,0xfe,0x69,0xfe,0x00,0x00,0xef,0xff,0x69,0xfe,0x69,0xfe,0xaa,0xfe,0x8a,0xfe,0x87,0xdd,0x61,0x72,0xe0,0x59,0xe0,0x61,0xc0,0x59,
    0xc0,0x59,0xc0,0x59,0xc0,0x59,0xe0,0x61,0xe0,0x59,0x61,0x72,0x87,0xdd,0x8a,0xfe,0xaa,0xfe,0x69,0xfe,0x69,0xfe,0xef,0xff,0xef,0xff,0x00,0x00,0x49,0xfe,0x89,0xfe,0x89,0xfe,0x8a,0xfe,0xc8,0xed,0x63,0x93,0x20,0x62,0xe0,0x59,0xe0,0x59,0xe0,0x59,0xe0,0x59,0x20,0x62,0x63,0x93,0xc8,0xed,0x8a,0xfe,0x89,0xfe,0x89,0xfe,0x49,0xfe,
    0x00,0x00,0xef,0xff,0x00,0x00,0xef,0xff,0x00,0x00,0x29,0xfe,0x89,0xfe,0xca,0xfe,0x8a,0xfe,0x89,0xfe,0x87,0xe5,0x65,0xbc,0x04,0xac,0x04,0xac,0x65,0xbc,0x87,0xe5,0x89,0xfe,0x8a,0xfe,0xca,0xfe,0x89,0xfe,0x29,0xfe,0x00,0x00,0xef,0xff,0x00,0x00,0x00,0x00,0x00,0x00,0x4a,0xfd,0x00,0x00,0x09,0xfe,0x89,0xfe,0x89,0xfe,0xaa,0xfe,
    0xca,0xfe,0xaa,0xfe,0xaa,0xfe,0xaa,0xfe,0xaa,0xfe,0xca,0xfe,0xaa,0xfe,0x89,0xfe,0x89,0xfe,0x09,0xfe,0x00,0x00,0x4a,0xfd,0x00,0x00,0x00,0x00,0x00,0x00,0x00,0x00,0x00,0x00,0x4a,0xfd,0x00,0x00,0x00,0x00,0x89,0xfe,0x69,0xfe,0x49,0xfe,0x49,0xfe,0x49,0xfe,0x49,0xfe,0x49,0xfe,0x49,0xfe,0x69,0xfe,0x89,0xfe,0x00,0x00,0x00,0x00,
    0x4a,0xfd,0x00,0x00,0x00,0x00,0x00,0x00,0x00,0x00,0x00,0x03,0x00,0x00,0x28,0x84,0xcb,0xf4,0xff,0xff,0xf4,0xcb,0x84,0x28,0x00,0x00,0x03,0x00,0x00,0x00,0x00,0x00,0x03,0x00,0x11,0x8f,0xf0,0xff,0xff,0xff,0xff,0xff,0xff,0xff,0xff,0xf0,0x8f,0x11,0x00,0x03,0x00,0x00,0x00,0x02,0x00,0x31,0xda,0xff,0xff,0xfc,0xfd,0xff,0xff,0xff,
    0xff,0xfd,0xfc,0xff,0xff,0xda,0x31,0x00,0x02,0x00,0x02,0x00,0x2f,0xed,0xff,0xfa,0xfe,0xff,0xff,0xff,0xff,0xff,0xff,0xff,0xff,0xfe,0xfa,0xff,0xed,0x2f,0x00,0x02,0x02,0x10,0xdd,0xff,0xfb,0xff,0xff,0xff,0xff,0xff,0xff,0xff,0xff,0xff,0xff,0xff,0xff,0xfb,0xff,0xdd,0x10,0x02,0x00,0x91,0xff,0xfb,0xff,0xff,0xff,0xff,0xff,0xff,
    0xff,0xff,0xff,0xff,0xff,0xff,0xff,0xff,0xfb,0xff,0x91,0x00,0x24,0xf5,0xfd,0xfe,0xff,0xff,0xff,0xff,0xff,0xff,0xff,0xff,0xff,0xff,0xff,0xff,0xff,0xff,0xfe,0xfd,0xf5,0x24,0x84,0xff,0xfc,0xff,0xff,0xff,0xff,0xff,0xff,0xff,0xff,0xff,0xff,0xff,0xff,0xff,0xff,0xff,0xff,0xfc,0xff,0x84,0xcb,0xfe,0xfd,0xff,0xff,0xff,0xff,0xff,
    0xff,0xff,0xff,0xff,0xff,0xff,0xff,0xff,0xff,0xff,0xff,0xfd,0xfe,0xcb,0xf4,0xff,0xff,0xff,0xff,0xff,0xff,0xff,0xff,0xff,0xff,0xff,0xff,0xff,0xff,0xff,0xff,0xff,0xff,0xff,0xff,0xf4,0xff,0xff,0xff,0xff,0xff,0xff,0xff,0xff,0xff,0xff,0xff,0xff,0xff,0xff,0xff,0xff,0xff,0xff,0xff,0xff,0xff,0xff,0xff,0xff,0xff,0xff,0xff,0xff,
    0xff,0xff,0xff,0xff,0xff,0xff,0xff,0xff,0xff,0xff,0xff,0xff,0xff,0xff,0xff,0xff,0xf4,0xff,0xff,0xff,0xff,0xff,0xff,0xff,0xff,0xff,0xff,0xff,0xff,0xff,0xff,0xff,0xff,0xff,0xff,0xff,0xff,0xf4,0xcb,0xfe,0xfd,0xff,0xff,0xff,0xff,0xff,0xff,0xff,0xff,0xff,0xff,0xff,0xff,0xff,0xff,0xff,0xff,0xfd,0xfe,0xcb,0x84,0xff,0xfc,0xff,
    0xff,0xff,0xff,0xff,0xff,0xff,0xff,0xff,0xff,0xff,0xff,0xff,0xff,0xff,0xff,0xfc,0xff,0x84,0x24,0xf5,0xfd,0xfe,0xff,0xff,0xff,0xff,0xff,0xff,0xff,0xff,0xff,0xff,0xff,0xff,0xff,0xff,0xfe,0xfd,0xf5,0x24,0x00,0x91,0xff,0xfb,0xff,0xff,0xff,0xff,0xff,0xff,0xff,0xff,0xff,0xff,0xff,0xff,0xff,0xff,0xfb,0xff,0x91,0x00,0x02,0x10,
    0xdd,0xff,0xfb,0xff,0xff,0xff,0xff,0xff,0xff,0xff,0xff,0xff,0xff,0xff,0xff,0xfb,0xff,0xdd,0x10,0x02,0x02,0x00,0x2f,0xed,0xff,0xfa,0xfe,0xff,0xff,0xff,0xff,0xff,0xff,0xff,0xff,0xfe,0xfa,0xff,0xed,0x2f,0x00,0x02,0x00,0x02,0x00,0x31,0xda,0xff,0xff,0xfc,0xfd,0xff,0xff,0xff,0xff,0xfd,0xfc,0xff,0xff,0xda,0x31,0x00,0x02,0x00,
    0x00,0x00,0x03,0x00,0x11,0x8f,0xf0,0xff,0xff,0xff,0xff,0xff,0xff,0xff,0xff,0xf0,0x8f,0x11,0x00,0x03,0x00,0x00,0x00,0x00,0x00,0x03,0x00,0x00,0x28,0x84,0xcb,0xf4,0xff,0xff,0xf4,0xcb,0x84,0x28,0x00,0x00,0x03,0x00,0x00,0x00,

};

const lv_image_dsc_t emoji_laughing_22 = {
  .header.magic = LV_IMAGE_HEADER_MAGIC,
  .header.cf = LV_COLOR_FORMAT_RGB565A8,
  .header.flags = 0,
  .header.w = 22,
  .header.h = 22,
  .header.stride = 44,
  .data_size = sizeof(emoji_laughing_22_map),
  .data = emoji_laughing_22_map,
};

/* Generated: Twemoji (jdecked) emoji at 22px, RGB565A8, LVGL 9.2. */
/* Graphics (c) Twitter/Twemoji contributors, CC BY 4.0. */

#include "lvgl.h"


#ifndef LV_ATTRIBUTE_MEM_ALIGN
#define LV_ATTRIBUTE_MEM_ALIGN
#endif

#ifndef LV_ATTRIBUTE_EMOJI_JEANS_22
#define LV_ATTRIBUTE_EMOJI_JEANS_22
#endif

static const
LV_ATTRIBUTE_MEM_ALIGN LV_ATTRIBUTE_LARGE_CONST LV_ATTRIBUTE_EMOJI_JEANS_22
uint8_t emoji_jeans_22_map[] = {

    0x00,0x00,0x00,0x00,0x00,0x00,0x00,0x00,0x00,0x00,0x00,0x00,0x79,0x3c,0xb5,0x2b,0x95,0x2b,0x79,0x3c,0x58,0x3c,0x58,0x3c,0x79,0x3c,0x95,0x2b,0xb5,0x2b,0x79,0x3c,0x00,0x00,0x00,0x00,0x00,0x00,0x00,0x00,0x00,0x00,0x00,0x00,0x00,0x00,0x00,0x00,0x00,0x00,0x00,0x00,0x00,0x00,0x00,0x00,0x74,0x23,0x53,0x23,0x33,0x23,0x74,0x23,
    0x74,0x2b,0x74,0x23,0x74,0x23,0x33,0x23,0x53,0x23,0x74,0x23,0x00,0x00,0x00,0x00,0x00,0x00,0x00,0x00,0x00,0x00,0x00,0x00,0x00,0x00,0x00,0x00,0x00,0x00,0x00,0x00,0x00,0x00,0xf7,0x39,0xb5,0x2b,0xf6,0x33,0xd6,0x33,0x95,0x2b,0x32,0x23,0xb5,0x2b,0xd5,0x2b,0xb5,0x2b,0xf6,0x33,0xb5,0x2b,0xf7,0x39,0x00,0x00,0x00,0x00,0x00,0x00,
    0x00,0x00,0x00,0x00,0x00,0x00,0x00,0x00,0x00,0x00,0xef,0x03,0x00,0x00,0x59,0x3c,0x58,0x3c,0x78,0x3c,0x79,0x3c,0x17,0x34,0x33,0x23,0x58,0x3c,0x79,0x3c,0x58,0x3c,0x79,0x3c,0x58,0x3c,0x59,0x3c,0x00,0x00,0xef,0x03,0x00,0x00,0x00,0x00,0x00,0x00,0x00,0x00,0x00,0x00,0x00,0x00,0x55,0x55,0x00,0x00,0x38,0x3c,0x79,0x3c,0x38,0x3c,
    0x58,0x3c,0x17,0x34,0x33,0x23,0x38,0x3c,0x58,0x3c,0x58,0x3c,0x38,0x3c,0x79,0x3c,0x38,0x3c,0x00,0x00,0x55,0x55,0x00,0x00,0x00,0x00,0x00,0x00,0x00,0x00,0x00,0x00,0x00,0x00,0xf7,0x3b,0x00,0x00,0x58,0x3c,0x9a,0x3c,0x38,0x3c,0x58,0x3c,0xf7,0x33,0x33,0x23,0x38,0x3c,0x58,0x3c,0x38,0x3c,0x58,0x3c,0x9a,0x3c,0x58,0x3c,0x00,0x00,
    0xf7,0x3b,0x00,0x00,0x00,0x00,0x00,0x00,0x00,0x00,0x00,0x00,0x00,0x00,0xff,0x7b,0x00,0x00,0x38,0x3c,0x79,0x3c,0x58,0x3c,0xf7,0x33,0x74,0x2b,0x12,0x23,0x53,0x23,0x74,0x2b,0xf6,0x33,0x58,0x3c,0x79,0x3c,0x38,0x3c,0x00,0x00,0xff,0x7b,0x00,0x00,0x00,0x00,0x00,0x00,0x00,0x00,0x00,0x00,0xff,0x07,0x00,0x00,0xf6,0x33,0x38,0x3c,
    0x79,0x3c,0x58,0x3c,0x58,0x3c,0x38,0x3c,0xf6,0x33,0xf6,0x33,0x37,0x3c,0x58,0x3c,0x58,0x3c,0x79,0x3c,0x38,0x3c,0xf6,0x33,0x00,0x00,0xff,0x07,0x00,0x00,0x00,0x00,0x00,0x00,0x00,0x00,0xff,0x03,0x00,0x00,0x58,0x3c,0x58,0x3c,0x58,0x3c,0x58,0x3c,0x58,0x3c,0x79,0x3c,0x58,0x3c,0x58,0x3c,0x79,0x3c,0x58,0x3c,0x58,0x3c,0x58,0x3c,
    0x58,0x3c,0x58,0x3c,0x00,0x00,0xff,0x03,0x00,0x00,0x00,0x00,0x00,0x00,0x00,0x00,0xf7,0x3b,0x00,0x00,0x58,0x3c,0x99,0x3c,0x38,0x3c,0x58,0x3c,0x58,0x3c,0x9a,0x44,0x38,0x3c,0x38,0x3c,0x9a,0x44,0x58,0x3c,0x58,0x3c,0x38,0x3c,0x99,0x3c,0x58,0x3c,0x00,0x00,0xf7,0x3b,0x00,0x00,0x00,0x00,0x00,0x00,0x00,0x00,0xf7,0x3b,0x00,0x00,
    0x38,0x3c,0x9a,0x3c,0x58,0x3c,0x58,0x3c,0x58,0x3c,0x99,0x3c,0x38,0x3c,0x38,0x3c,0x99,0x3c,0x58,0x3c,0x58,0x3c,0x58,0x3c,0x9a,0x3c,0x38,0x3c,0x00,0x00,0xf7,0x3b,0x00,0x00,0x00,0x00,0x00,0x00,0x00,0x00,0xff,0x07,0x00,0x00,0x58,0x3c,0x79,0x3c,0x38,0x3c,0x38,0x3c,0x58,0x3c,0x58,0x3c,0x57,0x34,0x57,0x34,0x58,0x3c,0x58,0x3c,
    0x38,0x3c,0x38,0x3c,0x79,0x3c,0x58,0x3c,0x00,0x00,0xff,0x07,0x00,0x00,0x00,0x00,0x00,0x00,0xff,0x07,0x00,0x00,0x38,0x3c,0x58,0x3c,0x58,0x3c,0x58,0x3c,0x38,0x3c,0x79,0x3c,0x58,0x3c,0x00,0x00,0x00,0x00,0x58,0x3c,0x79,0x3c,0x38,0x3c,0x58,0x3c,0x58,0x3c,0x58,0x3c,0x38,0x3c,0x00,0x00,0xff,0x07,0x00,0x00,0x00,0x00,0x55,0x55,
    0x00,0x00,0x38,0x3c,0x59,0x3c,0x38,0x3c,0x58,0x3c,0x58,0x3c,0x9a,0x3c,0x58,0x3c,0x00,0x00,0x00,0x00,0x58,0x3c,0x9a,0x3c,0x58,0x3c,0x58,0x3c,0x38,0x3c,0x59,0x3c,0x38,0x3c,0x00,0x00,0x55,0x55,0x00,0x00,0x00,0x00,0xf7,0x3b,0x00,0x00,0x58,0x3c,0x9a,0x3c,0x58,0x3c,0x58,0x3c,0x58,0x3c,0x58,0x3c,0x78,0x3c,0x00,0x00,0x00,0x00,
    0x78,0x3c,0x58,0x3c,0x58,0x3c,0x58,0x3c,0x58,0x3c,0x9a,0x3c,0x58,0x3c,0x00,0x00,0xf7,0x3b,0x00,0x00,0x00,0x00,0xef,0x3b,0x00,0x00,0x58,0x3c,0x99,0x3c,0x58,0x3c,0x58,0x3c,0x79,0x3c,0x38,0x3c,0xfa,0x2b,0x00,0x00,0x00,0x00,0xfa,0x2b,0x38,0x3c,0x79,0x3c,0x58,0x3c,0x58,0x3c,0x99,0x3c,0x58,0x3c,0x00,0x00,0xef,0x3b,0x00,0x00,
    0x00,0x00,0x00,0x00,0xff,0x07,0x58,0x3c,0x79,0x3c,0x58,0x3c,0x58,0x3c,0x9a,0x3c,0x58,0x3c,0x00,0x00,0x55,0x55,0x55,0x55,0x00,0x00,0x58,0x3c,0x9a,0x3c,0x58,0x3c,0x58,0x3c,0x79,0x3c,0x58,0x3c,0xff,0x07,0x00,0x00,0x00,0x00,0xef,0x03,0x00,0x00,0x18,0x3c,0x38,0x3c,0x58,0x3c,0x58,0x3c,0x38,0x3c,0x99,0x3c,0x58,0x3c,0x00,0x00,
    0xf7,0x3b,0xf7,0x3b,0x00,0x00,0x58,0x3c,0x99,0x3c,0x38,0x3c,0x58,0x3c,0x58,0x3c,0x38,0x3c,0x18,0x3c,0x00,0x00,0xef,0x03,0x5f,0x55,0x00,0x00,0x58,0x3c,0x79,0x3c,0x58,0x3c,0x58,0x3c,0x58,0x3c,0x38,0x3c,0x78,0x3c,0x00,0x00,0xef,0x03,0xef,0x03,0x00,0x00,0x78,0x3c,0x38,0x3c,0x58,0x3c,0x58,0x3c,0x58,0x3c,0x79,0x3c,0x58,0x3c,
    0x00,0x00,0x5f,0x55,0x33,0x33,0x00,0x00,0x38,0x3c,0xba,0x44,0x38,0x3c,0x38,0x3c,0x79,0x3c,0x38,0x3c,0x00,0x00,0xff,0x07,0x00,0x00,0x00,0x00,0xff,0x07,0x00,0x00,0x38,0x3c,0x79,0x3c,0x38,0x3c,0x38,0x3c,0xba,0x44,0x38,0x3c,0x00,0x00,0x33,0x33,0xff,0x7b,0x00,0x00,0x38,0x3c,0x79,0x3c,0x58,0x3c,0x79,0x3c,0xba,0x44,0x38,0x3c,
    0x00,0x00,0xf7,0x3b,0x00,0x00,0x00,0x00,0xf7,0x3b,0x00,0x00,0x58,0x3c,0xba,0x44,0x79,0x3c,0x58,0x3c,0x79,0x3c,0x38,0x3c,0x00,0x00,0xff,0x7b,0x00,0x00,0x00,0x00,0x00,0x00,0xd6,0x3b,0x78,0x3c,0x58,0x3c,0x79,0x3c,0x58,0x3c,0x00,0x00,0x55,0x55,0x00,0x00,0x00,0x00,0x55,0x55,0x00,0x00,0x58,0x3c,0x79,0x3c,0x58,0x3c,0x78,0x3c,
    0xd6,0x3b,0x00,0x00,0x00,0x00,0x00,0x00,0x00,0x00,0x00,0x01,0x00,0x01,0xdb,0xff,0xfd,0xff,0xff,0xff,0xff,0xfd,0xff,0xdb,0x01,0x00,0x01,0x00,0x00,0x00,0x00,0x00,0x00,0x01,0x00,0x01,0xdb,0xff,0xfd,0xff,0xff,0xff,0xff,0xfd,0xff,0xdb,0x01,0x00,0x01,0x00,0x00,0x00,0x00,0x00,0x00,0x01,0x00,0x04,0xdd,0xff,0xfd,0xff,0xff,0xff,
    0xff,0xfd,0xff,0xdd,0x04,0x00,0x01,0x00,0x00,0x00,0x00,0x00,0x00,0x02,0x00,0x21,0xf7,0xff,0xfe,0xff,0xff,0xff,0xff,0xfe,0xff,0xf7,0x21,0x00,0x02,0x00,0x00,0x00,0x00,0x00,0x00,0x03,0x00,0x4d,0xff,0xfd,0xff,0xff,0xff,0xff,0xff,0xff,0xfd,0xff,0x4d,0x00,0x03,0x00,0x00,0x00,0x00,0x00,0x00,0x04,0x00,0x83,0xff,0xfb,0xff,0xff,
    0xff,0xff,0xff,0xff,0xfb,0xff,0x83,0x00,0x04,0x00,0x00,0x00,0x00,0x00,0x00,0x02,0x00,0xb6,0xff,0xfc,0xff,0xff,0xff,0xff,0xff,0xff,0xfc,0xff,0xb6,0x00,0x02,0x00,0x00,0x00,0x00,0x00,0x01,0x00,0x0a,0xe2,0xff,0xfd,0xff,0xff,0xff,0xff,0xff,0xff,0xfd,0xff,0xe2,0x0a,0x00,0x01,0x00,0x00,0x00,0x00,0x02,0x00,0x2d,0xfd,0xfe,0xff,
    0xfd,0xff,0xd0,0xd0,0xff,0xfd,0xff,0xfe,0xfd,0x2d,0x00,0x02,0x00,0x00,0x00,0x00,0x04,0x00,0x5d,0xff,0xfc,0xff,0xfb,0xfe,0x7c,0x7c,0xfe,0xfb,0xff,0xfc,0xff,0x5d,0x00,0x04,0x00,0x00,0x00,0x00,0x04,0x00,0x91,0xff,0xfb,0xff,0xfd,0xff,0x3d,0x3d,0xff,0xfd,0xff,0xfb,0xff,0x91,0x00,0x04,0x00,0x00,0x00,0x00,0x01,0x00,0xc4,0xff,
    0xfc,0xfe,0xff,0xf0,0x0f,0x0f,0xf0,0xff,0xfe,0xfc,0xff,0xc4,0x00,0x01,0x00,0x00,0x00,0x01,0x00,0x11,0xec,0xff,0xfe,0xfc,0xff,0xb7,0x00,0x00,0xb7,0xff,0xfc,0xfe,0xff,0xec,0x11,0x00,0x01,0x00,0x00,0x03,0x00,0x3b,0xff,0xfe,0xff,0xfb,0xff,0x74,0x00,0x00,0x74,0xff,0xfb,0xff,0xfe,0xff,0x3b,0x00,0x03,0x00,0x00,0x04,0x00,0x6c,
    0xff,0xfb,0xff,0xfe,0xfd,0x33,0x00,0x00,0x33,0xfd,0xfe,0xff,0xfb,0xff,0x6c,0x00,0x04,0x00,0x00,0x04,0x00,0xa1,0xff,0xfb,0xfd,0xff,0xdc,0x06,0x00,0x00,0x06,0xdc,0xff,0xfd,0xfb,0xff,0xa1,0x00,0x04,0x00,0x00,0x00,0x01,0xd0,0xff,0xfd,0xfb,0xff,0x9e,0x00,0x03,0x03,0x00,0x9e,0xff,0xfb,0xfd,0xff,0xd0,0x01,0x00,0x00,0x02,0x00,
    0x1d,0xf6,0xff,0xfe,0xfc,0xff,0x5a,0x00,0x04,0x04,0x00,0x5a,0xff,0xfc,0xfe,0xff,0xf6,0x1d,0x00,0x02,0x03,0x00,0x45,0xfe,0xfd,0xfe,0xff,0xf6,0x1d,0x00,0x02,0x02,0x00,0x1d,0xf6,0xff,0xfe,0xfd,0xfe,0x45,0x00,0x03,0x05,0x00,0x88,0xff,0xfa,0xfa,0xfe,0xc8,0x00,0x01,0x00,0x00,0x01,0x00,0xc8,0xfe,0xfa,0xfa,0xff,0x88,0x00,0x05,
    0x02,0x00,0x77,0xe3,0xff,0xff,0xff,0x82,0x00,0x04,0x00,0x00,0x04,0x00,0x83,0xff,0xff,0xff,0xe3,0x77,0x00,0x02,0x00,0x00,0x00,0x11,0x4e,0x9b,0xe3,0x43,0x00,0x03,0x00,0x00,0x03,0x00,0x43,0xe3,0x9b,0x4e,0x11,0x00,0x00,0x00,

};

const lv_image_dsc_t emoji_jeans_22 = {
  .header.magic = LV_IMAGE_HEADER_MAGIC,
  .header.cf = LV_COLOR_FORMAT_RGB565A8,
  .header.flags = 0,
  .header.w = 22,
  .header.h = 22,
  .header.stride = 44,
  .data_size = sizeof(emoji_jeans_22_map),
  .data = emoji_jeans_22_map,
};

/* Generated: Twemoji (jdecked) emoji at 22px, RGB565A8, LVGL 9.2. */
/* Graphics (c) Twitter/Twemoji contributors, CC BY 4.0. */

#include "lvgl.h"


#ifndef LV_ATTRIBUTE_MEM_ALIGN
#define LV_ATTRIBUTE_MEM_ALIGN
#endif

#ifndef LV_ATTRIBUTE_EMOJI_FIRE_22
#define LV_ATTRIBUTE_EMOJI_FIRE_22
#endif

static const
LV_ATTRIBUTE_MEM_ALIGN LV_ATTRIBUTE_LARGE_CONST LV_ATTRIBUTE_EMOJI_FIRE_22
uint8_t emoji_fire_22_map[] = {

    0x00,0x00,0x00,0x00,0x00,0x00,0x00,0x00,0x00,0x00,0x00,0x00,0x00,0xf8,0x00,0x00,0x00,0x00,0x00,0x00,0xe0,0xfb,0x40,0xfd,0x81,0xf4,0x61,0xf4,0x00,0x00,0x40,0xfd,0x00,0x00,0x00,0x00,0x00,0x00,0x00,0x00,0x00,0x00,0x00,0x00,0x00,0x00,0x00,0x00,0x00,0x00,0x00,0x00,0x00,0x00,0xe0,0xff,0x00,0x00,0x61,0xf4,0x42,0xfc,0x00,0x00,
    0xe0,0xfb,0x00,0x00,0x81,0xf4,0xc1,0xfc,0x81,0xf4,0x00,0x00,0xa0,0xaa,0x00,0x00,0x00,0x00,0x00,0x00,0x00,0x00,0x00,0x00,0x00,0x00,0x00,0x00,0x00,0x00,0x00,0x00,0x40,0xfd,0x00,0x00,0x61,0xf4,0x61,0xf4,0xe0,0xff,0x00,0xf8,0xe0,0xfb,0x00,0x00,0xa2,0xf4,0x81,0xf4,0xc1,0xfc,0x81,0xf4,0x00,0x00,0x40,0xfd,0x00,0x00,0x00,0x00,
    0x00,0x00,0x00,0x00,0x00,0x00,0x00,0x00,0x00,0x00,0x00,0x00,0xe0,0xfb,0x00,0x00,0x61,0xf4,0x81,0xf4,0xe0,0xfb,0xe0,0xfb,0xe0,0xfc,0xe0,0xfb,0x61,0xf4,0x81,0xf4,0xa1,0xfc,0x81,0xf4,0x40,0xec,0x00,0xf8,0xe0,0xff,0x00,0x00,0x00,0x00,0x00,0x00,0x00,0x00,0xe0,0xff,0x00,0x00,0xe0,0xd3,0x00,0x00,0x00,0xf8,0x81,0xf4,0xe1,0xfc,
    0x81,0xf4,0x00,0x00,0x00,0x00,0x00,0x00,0x81,0xf4,0xc1,0xfc,0x61,0xf4,0xa1,0xfc,0x61,0xf4,0x00,0x00,0x40,0xfd,0x00,0x00,0x00,0x00,0x00,0x00,0xe0,0x7b,0x00,0x00,0x61,0xf4,0xa1,0xf4,0x00,0x00,0xe0,0xfb,0x61,0xf4,0xa1,0xfc,0x81,0xfc,0x81,0xf4,0x81,0xf4,0x81,0xf4,0xa1,0xfc,0x81,0xf4,0x81,0xf4,0xc1,0xfc,0x61,0xf4,0x00,0x00,
    0xe0,0xfb,0x00,0x00,0x00,0x00,0x00,0x00,0x00,0x00,0x61,0xf4,0x81,0xf4,0xe0,0xbb,0xa0,0xaa,0x00,0x00,0x61,0xf4,0xc1,0xfc,0x81,0xf4,0xc1,0xfc,0xc1,0xfc,0xc1,0xfc,0x61,0xf4,0x81,0xf4,0x61,0xf4,0xc1,0xfc,0x61,0xf4,0x00,0x00,0xe0,0xfd,0x00,0x00,0x00,0x00,0x00,0x00,0x00,0x00,0x61,0xf4,0x81,0xf4,0x00,0x00,0x80,0xfc,0x40,0xfd,
    0x81,0xf4,0xc1,0xfc,0x81,0xf4,0x61,0xf4,0x81,0xf4,0x61,0xf4,0x81,0xf4,0x81,0xf4,0x81,0xf4,0xc1,0xfc,0x61,0xf4,0x00,0x00,0xe0,0xfb,0x00,0x00,0x00,0x00,0x00,0x00,0x82,0xec,0x81,0xf4,0x81,0xf4,0xc0,0xe4,0x00,0x00,0x00,0x00,0x61,0xf4,0xc1,0xfc,0x81,0xf4,0x81,0xf4,0x81,0xf4,0x81,0xf4,0x81,0xf4,0x81,0xf4,0x81,0xf4,0xa1,0xfc,
    0x61,0xf4,0x00,0x00,0xc0,0xfc,0x00,0xf8,0x81,0xf4,0x81,0xf4,0x61,0xf4,0x81,0xf4,0xa1,0xfc,0x61,0xf4,0x81,0xf4,0x61,0xf4,0x81,0xf4,0x81,0xfc,0x61,0xf4,0x81,0xf4,0x81,0xf4,0x61,0xf4,0x81,0xf4,0x81,0xf4,0x81,0xf4,0x81,0xf4,0x81,0xf4,0x00,0x00,0xe0,0xd3,0x00,0x00,0x61,0xf4,0x61,0xf4,0x81,0xf4,0xa1,0xfc,0x61,0xf4,0xa1,0xfc,
    0x61,0xf4,0x81,0xfc,0xa1,0xfc,0x61,0xf4,0x81,0xf4,0x61,0xf4,0xa6,0xfd,0x65,0xfd,0x61,0xf4,0x61,0xf4,0x81,0xfc,0x61,0xf4,0xa2,0xec,0x40,0xfd,0x00,0xf8,0x00,0xf8,0x81,0xf4,0x61,0xf4,0x81,0xf4,0xc1,0xfc,0x61,0xf4,0x81,0xf4,0x81,0xf4,0x81,0xf4,0x61,0xf4,0x81,0xf4,0x81,0xf4,0x60,0xf4,0x86,0xfd,0xab,0xfe,0x86,0xfd,0x61,0xf4,
    0x81,0xf4,0xa1,0xfc,0x81,0xf4,0x00,0x00,0x00,0x00,0x81,0xf4,0xe1,0xfc,0x61,0xf4,0x81,0xf4,0xc1,0xfc,0x61,0xf4,0x81,0xf4,0x81,0xf4,0x61,0xf4,0x81,0xf4,0x81,0xf4,0x81,0xf4,0x61,0xf4,0x45,0xfd,0x6a,0xfe,0x6a,0xfe,0x03,0xf5,0x61,0xf4,0x81,0xfc,0x81,0xf4,0x81,0xf4,0x81,0xf4,0xa1,0xfc,0xa1,0xfc,0x61,0xf4,0x61,0xf4,0x81,0xfc,
    0x81,0xf4,0x81,0xf4,0x61,0xf4,0x44,0xfd,0xa2,0xf4,0x81,0xf4,0x81,0xf4,0x40,0xf4,0xa6,0xfd,0x6a,0xfe,0x6a,0xfe,0xa6,0xfd,0x61,0xf4,0x81,0xf4,0x81,0xf4,0xc1,0xfc,0xa1,0xfc,0x61,0xf4,0x81,0xfc,0x81,0xf4,0xa1,0xf4,0x81,0xf4,0x81,0xfc,0x61,0xf4,0x04,0xf5,0x6a,0xfe,0xc2,0xf4,0x40,0xf4,0x40,0xf4,0x03,0xf5,0x69,0xfe,0x69,0xfe,
    0x6a,0xfe,0xe7,0xfd,0x61,0xf4,0x81,0xf4,0x81,0xf4,0x81,0xf4,0x81,0xf4,0x81,0xfc,0x81,0xf4,0xa1,0xf4,0x00,0x00,0x61,0xf4,0xc1,0xfc,0x61,0xf4,0x07,0xfe,0x8a,0xfe,0x08,0xfe,0x24,0xfd,0x86,0xfd,0x49,0xfe,0x69,0xfe,0x69,0xfe,0x69,0xfe,0x08,0xfe,0x61,0xf4,0x61,0xf4,0x61,0xf4,0x86,0xfd,0x81,0xf4,0xc1,0xfc,0x61,0xf4,0x00,0x00,
    0x00,0x00,0xa2,0xf4,0xa1,0xfc,0xc3,0xf4,0x69,0xfe,0x69,0xfe,0x69,0xfe,0x8a,0xfe,0x8a,0xfe,0x69,0xfe,0x69,0xfe,0x69,0xfe,0x69,0xfe,0x69,0xfe,0x45,0xfd,0x81,0xf4,0x65,0xfd,0x69,0xfe,0xc2,0xf4,0xa1,0xfc,0xa2,0xf4,0x00,0x00,0xa0,0xfa,0x00,0x00,0x40,0xf4,0x64,0xfd,0x8a,0xfe,0x49,0xfe,0x49,0xfe,0x49,0xfe,0x49,0xfe,0x69,0xfe,
    0x69,0xfe,0x69,0xfe,0x69,0xfe,0x69,0xfe,0x69,0xfe,0x49,0xfe,0x69,0xfe,0x8a,0xfe,0x64,0xfd,0x40,0xf4,0x00,0x00,0xa0,0xfa,0xe0,0xff,0xef,0xff,0x80,0xfb,0x45,0xfd,0xea,0xfe,0x49,0xfe,0x49,0xfe,0x69,0xfe,0x69,0xfe,0x69,0xfe,0x69,0xfe,0x69,0xfe,0x69,0xfe,0x69,0xfe,0x69,0xfe,0x69,0xfe,0x49,0xfe,0xea,0xfe,0x45,0xfd,0x80,0xfb,
    0xef,0xff,0xe0,0xff,0x00,0x00,0xe0,0xff,0x00,0x00,0x6b,0xfe,0x89,0xfe,0xea,0xfe,0x69,0xfe,0x69,0xfe,0x49,0xfe,0x69,0xfe,0x69,0xfe,0x69,0xfe,0x69,0xfe,0x49,0xfe,0x49,0xfe,0x69,0xfe,0xea,0xfe,0x89,0xfe,0x6b,0xfe,0x00,0x00,0xe0,0xff,0x00,0x00,0x00,0x00,0x00,0x00,0xe0,0xfb,0x00,0x00,0xe0,0xfb,0x69,0xfe,0x89,0xfe,0xaa,0xfe,
    0x8a,0xfe,0x69,0xfe,0x69,0xfe,0x69,0xfe,0x69,0xfe,0x8a,0xfe,0xaa,0xfe,0x89,0xfe,0x69,0xfe,0xe0,0xfb,0x00,0x00,0xe0,0xfb,0x00,0x00,0x00,0x00,0x00,0x00,0x00,0x00,0x00,0x00,0xe0,0xff,0x00,0x00,0x00,0x00,0x49,0xfe,0x69,0xfe,0x69,0xfe,0x69,0xfe,0x69,0xfe,0x69,0xfe,0x69,0xfe,0x69,0xfe,0x69,0xfe,0x49,0xfe,0x00,0x00,0x00,0x00,
    0xe0,0xff,0x00,0x00,0x00,0x00,0x00,0x00,0x00,0x00,0x00,0x00,0x00,0x00,0x01,0x00,0x00,0x00,0x02,0x03,0x86,0x56,0x00,0x03,0x00,0x00,0x00,0x00,0x00,0x00,0x00,0x00,0x00,0x00,0x00,0x01,0x00,0x4b,0x0b,0x00,0x04,0x00,0x55,0xff,0x6c,0x00,0x03,0x00,0x00,0x00,0x00,0x00,0x00,0x00,0x00,0x00,0x03,0x00,0x52,0xd4,0x01,0x01,0x02,0x00,
    0x1f,0xf9,0xff,0x58,0x00,0x03,0x00,0x00,0x00,0x00,0x00,0x00,0x00,0x00,0x02,0x00,0xbb,0xf4,0x04,0x02,0x08,0x02,0x2d,0xfb,0xfd,0xe4,0x0d,0x01,0x01,0x00,0x00,0x00,0x00,0x01,0x00,0x06,0x00,0x01,0xd7,0xff,0x7d,0x00,0x00,0x00,0x99,0xff,0xfa,0xff,0x4b,0x00,0x03,0x00,0x00,0x00,0x02,0x00,0x5e,0x1d,0x00,0x02,0xda,0xff,0xff,0xad,
    0x72,0xad,0xff,0xfe,0xfb,0xfe,0x75,0x00,0x04,0x00,0x00,0x00,0x00,0x30,0xc7,0x04,0x03,0x00,0xac,0xff,0xfb,0xff,0xff,0xff,0xfe,0xff,0xfb,0xff,0x7e,0x00,0x04,0x00,0x00,0x00,0x00,0xa2,0xd8,0x00,0x07,0x03,0x61,0xff,0xfb,0xfc,0xfb,0xfc,0xff,0xff,0xfb,0xff,0x6b,0x00,0x04,0x00,0x00,0x00,0x0e,0xe9,0xf0,0x0a,0x00,0x00,0x66,0xff,
    0xfb,0xff,0xff,0xff,0xff,0xff,0xfd,0xff,0x42,0x00,0x05,0x01,0x3a,0x1c,0x40,0xfd,0xff,0x9c,0x23,0x43,0xdf,0xff,0xfe,0xff,0xff,0xff,0xff,0xfe,0xff,0xf4,0x1e,0x00,0x06,0x00,0x90,0x54,0x66,0xff,0xfc,0xff,0xf8,0xff,0xff,0xff,0xff,0xff,0xff,0xff,0xff,0xfe,0xff,0xe8,0x0c,0x03,0x01,0x01,0xe6,0x6e,0x6f,0xff,0xfc,0xfd,0xff,0xfe,
    0xfe,0xff,0xff,0xff,0xff,0xff,0xff,0xff,0xfd,0xfc,0x48,0x00,0x00,0x8b,0xff,0x67,0x69,0xff,0xfc,0xff,0xfe,0xff,0xff,0xff,0xff,0xff,0xff,0xff,0xff,0xff,0xfe,0xff,0xf1,0xa8,0xc6,0xff,0xfe,0x69,0x4b,0xff,0xfe,0xff,0xff,0xff,0xff,0xff,0xff,0xff,0xff,0xff,0xff,0xff,0xff,0xff,0xff,0xff,0xff,0xfc,0xff,0x4b,0x18,0xef,0xff,0xfe,
    0xff,0xff,0xff,0xff,0xff,0xff,0xff,0xff,0xff,0xff,0xff,0xff,0xfe,0xfc,0xfb,0xff,0xef,0x18,0x00,0xac,0xfe,0xfc,0xff,0xff,0xff,0xff,0xff,0xff,0xff,0xff,0xff,0xff,0xff,0xff,0xff,0xff,0xfc,0xfe,0xac,0x00,0x00,0x3c,0xff,0xfb,0xfe,0xff,0xff,0xff,0xff,0xff,0xff,0xff,0xff,0xff,0xff,0xff,0xff,0xfe,0xfb,0xff,0x3c,0x00,0x03,0x00,
    0x9c,0xff,0xfa,0xff,0xff,0xff,0xff,0xff,0xff,0xff,0xff,0xff,0xff,0xff,0xff,0xfa,0xff,0x9c,0x00,0x03,0x01,0x02,0x09,0xc8,0xff,0xfa,0xfe,0xff,0xff,0xff,0xff,0xff,0xff,0xff,0xff,0xfe,0xfa,0xff,0xc8,0x09,0x02,0x01,0x00,0x01,0x00,0x14,0xba,0xff,0xff,0xfc,0xfd,0xff,0xff,0xff,0xff,0xfd,0xfc,0xff,0xff,0xba,0x14,0x00,0x01,0x00,
    0x00,0x00,0x02,0x00,0x02,0x7a,0xe9,0xff,0xff,0xff,0xff,0xff,0xff,0xff,0xff,0xe9,0x7a,0x02,0x00,0x02,0x00,0x00,0x00,0x00,0x00,0x01,0x00,0x00,0x1d,0x7b,0xc6,0xf2,0xff,0xff,0xf2,0xc6,0x7b,0x1d,0x00,0x00,0x01,0x00,0x00,0x00,

};

const lv_image_dsc_t emoji_fire_22 = {
  .header.magic = LV_IMAGE_HEADER_MAGIC,
  .header.cf = LV_COLOR_FORMAT_RGB565A8,
  .header.flags = 0,
  .header.w = 22,
  .header.h = 22,
  .header.stride = 44,
  .data_size = sizeof(emoji_fire_22_map),
  .data = emoji_fire_22_map,
};
