/*******************************************************************************
 * Size: 28 px
 * Bpp: 4
 * Opts: --no-compress --bpp 4 --size 28 --font node_modules/@fontsource/montserrat/files/montserrat-latin-700-normal.woff -r 0x20-0x7F --font node_modules/@fontsource/montserrat/files/montserrat-latin-700-normal.woff -r 0xA0-0xFF --font node_modules/@fontsource/montserrat/files/montserrat-latin-ext-700-normal.woff -r 0x10C-0x10D,0x11A-0x11B,0x148,0x158-0x159,0x161,0x17D-0x17E --font node_modules/@fontsource/montserrat/files/montserrat-latin-700-normal.woff -r 0x2022 --font node_modules/@fontsource/montserrat/files/montserrat-cyrillic-700-normal.woff -r 0x400-0x45F,0x490-0x491 --format lvgl --lv-font-name meck_montserrat_bold_28 -o meck_montserrat_bold_28.c
 ******************************************************************************/

// Project uses LV_CONF_INCLUDE_SIMPLE; include lvgl.h directly.
#include "lvgl.h"

#ifndef MECK_MONTSERRAT_BOLD_28
#define MECK_MONTSERRAT_BOLD_28 1
#endif

#if MECK_MONTSERRAT_BOLD_28

/*-----------------
 *    BITMAPS
 *----------------*/

/*Store the image of the glyphs*/
static LV_ATTRIBUTE_LARGE_CONST const uint8_t glyph_bitmap[] = {
    /* U+0020 " " */

    /* U+0021 "!" */
    0x8f, 0xff, 0xf9, 0x7f, 0xff, 0xf8, 0x6f, 0xff,
    0xf7, 0x4f, 0xff, 0xf6, 0x3f, 0xff, 0xf5, 0x2f,
    0xff, 0xf4, 0x1f, 0xff, 0xf3, 0xf, 0xff, 0xf2,
    0xf, 0xff, 0xf1, 0xe, 0xff, 0xf0, 0xd, 0xff,
    0xe0, 0xb, 0xff, 0xd0, 0x6, 0x99, 0x70, 0x0,
    0x0, 0x0, 0x7, 0xde, 0x80, 0x5f, 0xff, 0xf7,
    0x9f, 0xff, 0xfb, 0x5f, 0xff, 0xf7, 0x7, 0xee,
    0x90,

    /* U+0022 "\"" */
    0x9f, 0xff, 0x10, 0xdf, 0xfd, 0x9f, 0xff, 0x0,
    0xcf, 0xfc, 0x8f, 0xff, 0x0, 0xcf, 0xfc, 0x8f,
    0xff, 0x0, 0xbf, 0xfb, 0x7f, 0xfe, 0x0, 0xbf,
    0xfb, 0x6f, 0xfd, 0x0, 0xaf, 0xfa, 0x6f, 0xfd,
    0x0, 0xaf, 0xf9, 0x4c, 0xca, 0x0, 0x7c, 0xc7,

    /* U+0023 "#" */
    0x0, 0x0, 0x0, 0xff, 0xf2, 0x0, 0xb, 0xff,
    0x60, 0x0, 0x0, 0x0, 0x1, 0xff, 0xf0, 0x0,
    0xd, 0xff, 0x40, 0x0, 0x0, 0x0, 0x3, 0xff,
    0xe0, 0x0, 0xf, 0xff, 0x20, 0x0, 0x0, 0x0,
    0x6, 0xff, 0xc0, 0x0, 0x2f, 0xff, 0x0, 0x0,
    0x7, 0xff, 0xff, 0xff, 0xff, 0xff, 0xff, 0xff,
    0xff, 0xf9, 0x7, 0xff, 0xff, 0xff, 0xff, 0xff,
    0xff, 0xff, 0xff, 0xf9, 0x7, 0xff, 0xff, 0xff,
    0xff, 0xff, 0xff, 0xff, 0xff, 0xf9, 0x0, 0x0,
    0xe, 0xff, 0x40, 0x0, 0xaf, 0xf8, 0x0, 0x0,
    0x0, 0x0, 0xf, 0xff, 0x20, 0x0, 0xbf, 0xf6,
    0x0, 0x0, 0x0, 0x0, 0x1f, 0xff, 0x0, 0x0,
    0xdf, 0xf4, 0x0, 0x0, 0x0, 0x0, 0x3f, 0xfe,
    0x0, 0x0, 0xff, 0xf2, 0x0, 0x0, 0x0, 0x0,
    0x5f, 0xfc, 0x0, 0x1, 0xff, 0xf1, 0x0, 0x0,
    0x7f, 0xff, 0xff, 0xff, 0xff, 0xff, 0xff, 0xff,
    0xff, 0xa0, 0x7f, 0xff, 0xff, 0xff, 0xff, 0xff,
    0xff, 0xff, 0xff, 0xa0, 0x7f, 0xff, 0xff, 0xff,
    0xff, 0xff, 0xff, 0xff, 0xff, 0xa0, 0x0, 0x0,
    0xdf, 0xf4, 0x0, 0x9, 0xff, 0x90, 0x0, 0x0,
    0x0, 0x0, 0xff, 0xf2, 0x0, 0xb, 0xff, 0x60,
    0x0, 0x0, 0x0, 0x1, 0xff, 0xf0, 0x0, 0xd,
    0xff, 0x40, 0x0, 0x0, 0x0, 0x4, 0xff, 0xd0,
    0x0, 0xf, 0xff, 0x20, 0x0, 0x0,

    /* U+0024 "$" */
    0x0, 0x0, 0x0, 0x3, 0xdd, 0x60, 0x0, 0x0,
    0x0, 0x0, 0x0, 0x0, 0x4, 0xff, 0x80, 0x0,
    0x0, 0x0, 0x0, 0x0, 0x0, 0x4, 0xff, 0x80,
    0x0, 0x0, 0x0, 0x0, 0x0, 0x0, 0x4, 0xff,
    0x80, 0x0, 0x0, 0x0, 0x0, 0x0, 0x28, 0xcf,
    0xff, 0xff, 0xc9, 0x40, 0x0, 0x0, 0x8, 0xff,
    0xff, 0xff, 0xff, 0xff, 0xfc, 0x10, 0x0, 0xaf,
    0xff, 0xff, 0xff, 0xff, 0xff, 0xfd, 0x0, 0x4,
    0xff, 0xff, 0xfb, 0xff, 0xb9, 0xdf, 0xf6, 0x0,
    0xa, 0xff, 0xfe, 0x14, 0xff, 0x80, 0x3, 0x90,
    0x0, 0xc, 0xff, 0xfb, 0x4, 0xff, 0x80, 0x0,
    0x0, 0x0, 0xb, 0xff, 0xff, 0x44, 0xff, 0x80,
    0x0, 0x0, 0x0, 0x7, 0xff, 0xff, 0xfe, 0xff,
    0x80, 0x0, 0x0, 0x0, 0x0, 0xdf, 0xff, 0xff,
    0xff, 0xfc, 0x82, 0x0, 0x0, 0x0, 0x1a, 0xff,
    0xff, 0xff, 0xff, 0xff, 0xb2, 0x0, 0x0, 0x0,
    0x28, 0xdf, 0xff, 0xff, 0xff, 0xfe, 0x20, 0x0,
    0x0, 0x0, 0x5, 0xff, 0xff, 0xff, 0xff, 0xb0,
    0x0, 0x0, 0x0, 0x4, 0xff, 0x83, 0xef, 0xff,
    0xf0, 0x0, 0x10, 0x0, 0x4, 0xff, 0x80, 0x7f,
    0xff, 0xf0, 0x1, 0xfa, 0x30, 0x4, 0xff, 0x80,
    0xbf, 0xff, 0xe0, 0x8, 0xff, 0xfd, 0x99, 0xff,
    0xcd, 0xff, 0xff, 0x80, 0xf, 0xff, 0xff, 0xff,
    0xff, 0xff, 0xff, 0xfc, 0x0, 0x5, 0xef, 0xff,
    0xff, 0xff, 0xff, 0xff, 0xa1, 0x0, 0x0, 0x4,
    0x9c, 0xef, 0xff, 0xfd, 0x93, 0x0, 0x0, 0x0,
    0x0, 0x0, 0x4, 0xff, 0x80, 0x0, 0x0, 0x0,
    0x0, 0x0, 0x0, 0x4, 0xff, 0x80, 0x0, 0x0,
    0x0, 0x0, 0x0, 0x0, 0x4, 0xff, 0x80, 0x0,
    0x0, 0x0,

    /* U+0025 "%" */
    0x0, 0x8, 0xdf, 0xe9, 0x20, 0x0, 0x0, 0x0,
    0x1f, 0xff, 0x40, 0x0, 0x1, 0xdf, 0xff, 0xff,
    0xf3, 0x0, 0x0, 0x0, 0xcf, 0xf9, 0x0, 0x0,
    0xa, 0xff, 0x81, 0x5f, 0xfd, 0x0, 0x0, 0x7,
    0xff, 0xd0, 0x0, 0x0, 0xf, 0xfd, 0x0, 0x9,
    0xff, 0x30, 0x0, 0x3f, 0xff, 0x30, 0x0, 0x0,
    0x2f, 0xfa, 0x0, 0x6, 0xff, 0x60, 0x0, 0xdf,
    0xf7, 0x0, 0x0, 0x0, 0x3f, 0xfa, 0x0, 0x6,
    0xff, 0x60, 0x9, 0xff, 0xc0, 0x0, 0x0, 0x0,
    0x1f, 0xfd, 0x0, 0x9, 0xff, 0x40, 0x4f, 0xff,
    0x10, 0x0, 0x0, 0x0, 0xc, 0xff, 0x70, 0x4f,
    0xff, 0x1, 0xef, 0xf5, 0x0, 0x0, 0x0, 0x0,
    0x2, 0xff, 0xff, 0xff, 0xf6, 0xa, 0xff, 0xa0,
    0x0, 0x32, 0x0, 0x0, 0x0, 0x3c, 0xff, 0xfe,
    0x50, 0x6f, 0xfe, 0x10, 0x9f, 0xff, 0xf8, 0x0,
    0x0, 0x0, 0x13, 0x20, 0x2, 0xff, 0xf3, 0xc,
    0xff, 0xff, 0xff, 0xa0, 0x0, 0x0, 0x0, 0x0,
    0xc, 0xff, 0x80, 0x6f, 0xfb, 0x12, 0xdf, 0xf4,
    0x0, 0x0, 0x0, 0x0, 0x8f, 0xfc, 0x0, 0xcf,
    0xf2, 0x0, 0x4f, 0xf9, 0x0, 0x0, 0x0, 0x3,
    0xff, 0xf2, 0x0, 0xef, 0xf0, 0x0, 0x1f, 0xfc,
    0x0, 0x0, 0x0, 0xd, 0xff, 0x60, 0x0, 0xdf,
    0xf0, 0x0, 0x1f, 0xfb, 0x0, 0x0, 0x0, 0x9f,
    0xfb, 0x0, 0x0, 0xbf, 0xf2, 0x0, 0x4f, 0xf9,
    0x0, 0x0, 0x5, 0xff, 0xe1, 0x0, 0x0, 0x5f,
    0xfb, 0x22, 0xdf, 0xf3, 0x0, 0x0, 0x1e, 0xff,
    0x40, 0x0, 0x0, 0x9, 0xff, 0xff, 0xff, 0x70,
    0x0, 0x0, 0xbf, 0xf9, 0x0, 0x0, 0x0, 0x0,
    0x5c, 0xfe, 0xb4, 0x0,

    /* U+0026 "&" */
    0x0, 0x0, 0x18, 0xce, 0xfe, 0xb6, 0x0, 0x0,
    0x0, 0x0, 0x0, 0x5f, 0xff, 0xff, 0xff, 0xfc,
    0x0, 0x0, 0x0, 0x0, 0x2f, 0xff, 0xff, 0xff,
    0xff, 0xf9, 0x0, 0x0, 0x0, 0x8, 0xff, 0xfc,
    0x10, 0x3e, 0xff, 0xe0, 0x0, 0x0, 0x0, 0xaf,
    0xff, 0x50, 0x0, 0xbf, 0xff, 0x0, 0x0, 0x0,
    0x9, 0xff, 0xf7, 0x0, 0x1e, 0xff, 0xc0, 0x0,
    0x0, 0x0, 0x3f, 0xff, 0xf4, 0x4e, 0xff, 0xf4,
    0x0, 0x0, 0x0, 0x0, 0x8f, 0xff, 0xff, 0xff,
    0xf6, 0x0, 0x0, 0x0, 0x0, 0x1, 0xef, 0xff,
    0xff, 0xc2, 0x0, 0x0, 0x0, 0x0, 0x6, 0xff,
    0xff, 0xff, 0xfc, 0x10, 0x4, 0x95, 0x0, 0x8,
    0xff, 0xff, 0xbf, 0xff, 0xfe, 0x20, 0x9f, 0xff,
    0x14, 0xff, 0xff, 0x40, 0x3e, 0xff, 0xff, 0x5f,
    0xff, 0xd0, 0xbf, 0xff, 0x80, 0x0, 0x2d, 0xff,
    0xff, 0xff, 0xf7, 0xe, 0xff, 0xf5, 0x0, 0x0,
    0x1b, 0xff, 0xff, 0xfe, 0x0, 0xef, 0xff, 0xb0,
    0x0, 0x0, 0xd, 0xff, 0xff, 0xc0, 0x9, 0xff,
    0xff, 0xd7, 0x56, 0x9e, 0xff, 0xff, 0xff, 0xc1,
    0x1e, 0xff, 0xff, 0xff, 0xff, 0xff, 0xff, 0xff,
    0xff, 0x70, 0x1c, 0xff, 0xff, 0xff, 0xff, 0xfc,
    0x34, 0xff, 0xb0, 0x0, 0x4, 0x9d, 0xef, 0xfd,
    0x94, 0x0, 0x3, 0xb0, 0x0,

    /* U+0027 "'" */
    0x9f, 0xff, 0x19, 0xff, 0xf0, 0x8f, 0xff, 0x8,
    0xff, 0xf0, 0x7f, 0xfe, 0x6, 0xff, 0xd0, 0x6f,
    0xfd, 0x4, 0xcc, 0xa0,

    /* U+0028 "(" */
    0x0, 0x7, 0xbb, 0xb6, 0x0, 0x2f, 0xff, 0xf2,
    0x0, 0xbf, 0xff, 0xa0, 0x2, 0xff, 0xff, 0x20,
    0x8, 0xff, 0xfd, 0x0, 0xd, 0xff, 0xf7, 0x0,
    0x2f, 0xff, 0xf2, 0x0, 0x5f, 0xff, 0xf0, 0x0,
    0x8f, 0xff, 0xc0, 0x0, 0xbf, 0xff, 0x90, 0x0,
    0xcf, 0xff, 0x70, 0x0, 0xdf, 0xff, 0x60, 0x0,
    0xef, 0xff, 0x50, 0x0, 0xef, 0xff, 0x50, 0x0,
    0xdf, 0xff, 0x60, 0x0, 0xcf, 0xff, 0x70, 0x0,
    0xbf, 0xff, 0x80, 0x0, 0x9f, 0xff, 0xb0, 0x0,
    0x6f, 0xff, 0xe0, 0x0, 0x3f, 0xff, 0xf1, 0x0,
    0xe, 0xff, 0xf6, 0x0, 0x9, 0xff, 0xfb, 0x0,
    0x3, 0xff, 0xff, 0x10, 0x0, 0xdf, 0xff, 0x70,
    0x0, 0x4f, 0xff, 0xe0, 0x0, 0xb, 0xff, 0xf7,

    /* U+0029 ")" */
    0x6b, 0xbb, 0x70, 0x0, 0x1f, 0xff, 0xf2, 0x0,
    0x9, 0xff, 0xfb, 0x0, 0x2, 0xff, 0xff, 0x20,
    0x0, 0xbf, 0xff, 0x80, 0x0, 0x6f, 0xff, 0xe0,
    0x0, 0x2f, 0xff, 0xf2, 0x0, 0xe, 0xff, 0xf5,
    0x0, 0xb, 0xff, 0xf9, 0x0, 0x8, 0xff, 0xfb,
    0x0, 0x7, 0xff, 0xfd, 0x0, 0x6, 0xff, 0xfe,
    0x0, 0x5, 0xff, 0xff, 0x0, 0x5, 0xff, 0xff,
    0x0, 0x6, 0xff, 0xfe, 0x0, 0x7, 0xff, 0xfd,
    0x0, 0x8, 0xff, 0xfc, 0x0, 0xa, 0xff, 0xf9,
    0x0, 0xe, 0xff, 0xf6, 0x0, 0x1f, 0xff, 0xf3,
    0x0, 0x5f, 0xff, 0xf0, 0x0, 0xaf, 0xff, 0x90,
    0x0, 0xff, 0xff, 0x40, 0x7, 0xff, 0xfd, 0x0,
    0xe, 0xff, 0xf4, 0x0, 0x7f, 0xff, 0xb0, 0x0,

    /* U+002A "*" */
    0x0, 0x0, 0x3d, 0xd5, 0x0, 0x0, 0x1, 0x0,
    0x3f, 0xf5, 0x0, 0x10, 0xc, 0xd4, 0x3f, 0xf5,
    0x3c, 0xd0, 0x6f, 0xff, 0xcf, 0xfc, 0xff, 0xf8,
    0x18, 0xff, 0xff, 0xff, 0xff, 0xa1, 0x0, 0x2e,
    0xff, 0xff, 0xf3, 0x0, 0x6, 0xef, 0xff, 0xff,
    0xff, 0x70, 0x6f, 0xff, 0xef, 0xfe, 0xff, 0xf8,
    0xd, 0xe6, 0x3f, 0xf5, 0x5e, 0xe1, 0x2, 0x10,
    0x3f, 0xf5, 0x0, 0x30, 0x0, 0x0, 0x3f, 0xf6,
    0x0, 0x0,

    /* U+002B "+" */
    0x0, 0x0, 0x4, 0xbb, 0xb2, 0x0, 0x0, 0x0,
    0x0, 0x0, 0x6f, 0xff, 0x30, 0x0, 0x0, 0x0,
    0x0, 0x6, 0xff, 0xf3, 0x0, 0x0, 0x0, 0x0,
    0x0, 0x6f, 0xff, 0x30, 0x0, 0x0, 0x0, 0x0,
    0x6, 0xff, 0xf3, 0x0, 0x0, 0x4, 0xff, 0xff,
    0xff, 0xff, 0xff, 0xff, 0xf1, 0x4f, 0xff, 0xff,
    0xff, 0xff, 0xff, 0xff, 0x14, 0xff, 0xff, 0xff,
    0xff, 0xff, 0xff, 0xf1, 0x15, 0x55, 0x5a, 0xff,
    0xf7, 0x55, 0x55, 0x0, 0x0, 0x0, 0x6f, 0xff,
    0x30, 0x0, 0x0, 0x0, 0x0, 0x6, 0xff, 0xf3,
    0x0, 0x0, 0x0, 0x0, 0x0, 0x6f, 0xff, 0x30,
    0x0, 0x0, 0x0, 0x0, 0x6, 0xff, 0xf3, 0x0,
    0x0, 0x0,

    /* U+002C "," */
    0x0, 0x14, 0x30, 0x0, 0x4f, 0xff, 0xa0, 0xd,
    0xff, 0xff, 0x30, 0xff, 0xff, 0xf5, 0xb, 0xff,
    0xff, 0x30, 0x1c, 0xff, 0xd0, 0x0, 0xcf, 0xf7,
    0x0, 0xf, 0xff, 0x10, 0x5, 0xff, 0xa0, 0x0,
    0x9f, 0xf3, 0x0,

    /* U+002D "-" */
    0x37, 0x77, 0x77, 0x77, 0x28, 0xff, 0xff, 0xff,
    0xf6, 0x8f, 0xff, 0xff, 0xff, 0x68, 0xff, 0xff,
    0xff, 0xf6,

    /* U+002E "." */
    0x0, 0x14, 0x20, 0x0, 0x4f, 0xff, 0x90, 0xe,
    0xff, 0xff, 0x30, 0xff, 0xff, 0xf5, 0xb, 0xff,
    0xff, 0x10, 0x1b, 0xfd, 0x40,

    /* U+002F "/" */
    0x0, 0x0, 0x0, 0x0, 0xd, 0xff, 0xf0, 0x0,
    0x0, 0x0, 0x0, 0x3f, 0xff, 0xa0, 0x0, 0x0,
    0x0, 0x0, 0x9f, 0xff, 0x50, 0x0, 0x0, 0x0,
    0x0, 0xef, 0xfe, 0x0, 0x0, 0x0, 0x0, 0x4,
    0xff, 0xf9, 0x0, 0x0, 0x0, 0x0, 0xa, 0xff,
    0xf3, 0x0, 0x0, 0x0, 0x0, 0xf, 0xff, 0xe0,
    0x0, 0x0, 0x0, 0x0, 0x5f, 0xff, 0x80, 0x0,
    0x0, 0x0, 0x0, 0xbf, 0xff, 0x20, 0x0, 0x0,
    0x0, 0x1, 0xff, 0xfd, 0x0, 0x0, 0x0, 0x0,
    0x6, 0xff, 0xf7, 0x0, 0x0, 0x0, 0x0, 0xc,
    0xff, 0xf1, 0x0, 0x0, 0x0, 0x0, 0x2f, 0xff,
    0xc0, 0x0, 0x0, 0x0, 0x0, 0x7f, 0xff, 0x60,
    0x0, 0x0, 0x0, 0x0, 0xdf, 0xff, 0x10, 0x0,
    0x0, 0x0, 0x3, 0xff, 0xfb, 0x0, 0x0, 0x0,
    0x0, 0x8, 0xff, 0xf5, 0x0, 0x0, 0x0, 0x0,
    0xe, 0xff, 0xf0, 0x0, 0x0, 0x0, 0x0, 0x4f,
    0xff, 0xa0, 0x0, 0x0, 0x0, 0x0, 0x9f, 0xff,
    0x40, 0x0, 0x0, 0x0, 0x0, 0xff, 0xfe, 0x0,
    0x0, 0x0, 0x0, 0x5, 0xff, 0xf9, 0x0, 0x0,
    0x0, 0x0, 0xa, 0xff, 0xf3, 0x0, 0x0, 0x0,
    0x0, 0x1f, 0xff, 0xd0, 0x0, 0x0, 0x0, 0x0,
    0x6f, 0xff, 0x70, 0x0, 0x0, 0x0, 0x0, 0xbf,
    0xff, 0x20, 0x0, 0x0, 0x0, 0x0,

    /* U+0030 "0" */
    0x0, 0x0, 0x17, 0xce, 0xfe, 0xc7, 0x10, 0x0,
    0x0, 0x0, 0x6f, 0xff, 0xff, 0xff, 0xff, 0x60,
    0x0, 0x0, 0x8f, 0xff, 0xff, 0xff, 0xff, 0xff,
    0x70, 0x0, 0x4f, 0xff, 0xff, 0xec, 0xef, 0xff,
    0xff, 0x40, 0xd, 0xff, 0xff, 0x60, 0x0, 0x6f,
    0xff, 0xfd, 0x4, 0xff, 0xff, 0x80, 0x0, 0x0,
    0x8f, 0xff, 0xf4, 0x9f, 0xff, 0xf1, 0x0, 0x0,
    0x1, 0xff, 0xff, 0x8c, 0xff, 0xfd, 0x0, 0x0,
    0x0, 0xd, 0xff, 0xfb, 0xdf, 0xff, 0xc0, 0x0,
    0x0, 0x0, 0xbf, 0xff, 0xde, 0xff, 0xfb, 0x0,
    0x0, 0x0, 0xb, 0xff, 0xfe, 0xdf, 0xff, 0xc0,
    0x0, 0x0, 0x0, 0xbf, 0xff, 0xdc, 0xff, 0xfd,
    0x0, 0x0, 0x0, 0xd, 0xff, 0xfb, 0x9f, 0xff,
    0xf1, 0x0, 0x0, 0x1, 0xff, 0xff, 0x84, 0xff,
    0xff, 0x80, 0x0, 0x0, 0x8f, 0xff, 0xf4, 0xd,
    0xff, 0xff, 0x60, 0x0, 0x6f, 0xff, 0xfd, 0x0,
    0x4f, 0xff, 0xff, 0xec, 0xef, 0xff, 0xff, 0x40,
    0x0, 0x8f, 0xff, 0xff, 0xff, 0xff, 0xff, 0x70,
    0x0, 0x0, 0x6f, 0xff, 0xff, 0xff, 0xff, 0x60,
    0x0, 0x0, 0x0, 0x17, 0xcf, 0xfe, 0xc7, 0x10,
    0x0, 0x0,

    /* U+0031 "1" */
    0xcf, 0xff, 0xff, 0xff, 0xac, 0xff, 0xff, 0xff,
    0xfa, 0xcf, 0xff, 0xff, 0xff, 0xa7, 0x99, 0x9f,
    0xff, 0xfa, 0x0, 0x0, 0xef, 0xff, 0xa0, 0x0,
    0xe, 0xff, 0xfa, 0x0, 0x0, 0xef, 0xff, 0xa0,
    0x0, 0xe, 0xff, 0xfa, 0x0, 0x0, 0xef, 0xff,
    0xa0, 0x0, 0xe, 0xff, 0xfa, 0x0, 0x0, 0xef,
    0xff, 0xa0, 0x0, 0xe, 0xff, 0xfa, 0x0, 0x0,
    0xef, 0xff, 0xa0, 0x0, 0xe, 0xff, 0xfa, 0x0,
    0x0, 0xef, 0xff, 0xa0, 0x0, 0xe, 0xff, 0xfa,
    0x0, 0x0, 0xef, 0xff, 0xa0, 0x0, 0xe, 0xff,
    0xfa, 0x0, 0x0, 0xef, 0xff, 0xa0,

    /* U+0032 "2" */
    0x0, 0x2, 0x7c, 0xdf, 0xfd, 0xa5, 0x0, 0x0,
    0x1, 0x9f, 0xff, 0xff, 0xff, 0xff, 0xd2, 0x0,
    0x1e, 0xff, 0xff, 0xff, 0xff, 0xff, 0xfe, 0x20,
    0xaf, 0xff, 0xff, 0xdc, 0xdf, 0xff, 0xff, 0xa0,
    0x7, 0xff, 0x81, 0x0, 0x3, 0xff, 0xff, 0xf0,
    0x0, 0x14, 0x0, 0x0, 0x0, 0x9f, 0xff, 0xf0,
    0x0, 0x0, 0x0, 0x0, 0x0, 0x8f, 0xff, 0xf0,
    0x0, 0x0, 0x0, 0x0, 0x0, 0xdf, 0xff, 0xb0,
    0x0, 0x0, 0x0, 0x0, 0x9, 0xff, 0xff, 0x40,
    0x0, 0x0, 0x0, 0x0, 0x9f, 0xff, 0xf9, 0x0,
    0x0, 0x0, 0x0, 0xb, 0xff, 0xff, 0xa0, 0x0,
    0x0, 0x0, 0x1, 0xcf, 0xff, 0xf9, 0x0, 0x0,
    0x0, 0x0, 0x2d, 0xff, 0xff, 0x80, 0x0, 0x0,
    0x0, 0x3, 0xef, 0xff, 0xf6, 0x0, 0x0, 0x0,
    0x0, 0x4f, 0xff, 0xff, 0x50, 0x0, 0x0, 0x0,
    0x6, 0xff, 0xff, 0xfd, 0xaa, 0xaa, 0xaa, 0xa7,
    0x1f, 0xff, 0xff, 0xff, 0xff, 0xff, 0xff, 0xfb,
    0x1f, 0xff, 0xff, 0xff, 0xff, 0xff, 0xff, 0xfb,
    0x1f, 0xff, 0xff, 0xff, 0xff, 0xff, 0xff, 0xfb,

    /* U+0033 "3" */
    0x0, 0xff, 0xff, 0xff, 0xff, 0xff, 0xff, 0xfa,
    0x0, 0xf, 0xff, 0xff, 0xff, 0xff, 0xff, 0xff,
    0xa0, 0x0, 0xff, 0xff, 0xff, 0xff, 0xff, 0xff,
    0xfa, 0x0, 0x9, 0x99, 0x99, 0x99, 0x9f, 0xff,
    0xfe, 0x20, 0x0, 0x0, 0x0, 0x0, 0x9, 0xff,
    0xff, 0x30, 0x0, 0x0, 0x0, 0x0, 0x8, 0xff,
    0xff, 0x40, 0x0, 0x0, 0x0, 0x0, 0x7, 0xff,
    0xff, 0x50, 0x0, 0x0, 0x0, 0x0, 0x6, 0xff,
    0xff, 0xa1, 0x0, 0x0, 0x0, 0x0, 0x0, 0xbf,
    0xff, 0xff, 0xfb, 0x20, 0x0, 0x0, 0x0, 0xb,
    0xff, 0xff, 0xff, 0xff, 0x30, 0x0, 0x0, 0x0,
    0x7a, 0xab, 0xef, 0xff, 0xfe, 0x0, 0x0, 0x0,
    0x0, 0x0, 0x0, 0xaf, 0xff, 0xf5, 0x0, 0x0,
    0x0, 0x0, 0x0, 0x1, 0xff, 0xff, 0x80, 0x1,
    0x0, 0x0, 0x0, 0x0, 0x2f, 0xff, 0xf7, 0x0,
    0xbe, 0x72, 0x0, 0x0, 0x2c, 0xff, 0xff, 0x40,
    0x4f, 0xff, 0xfe, 0xcc, 0xdf, 0xff, 0xff, 0xd0,
    0xc, 0xff, 0xff, 0xff, 0xff, 0xff, 0xff, 0xf3,
    0x0, 0x3c, 0xff, 0xff, 0xff, 0xff, 0xff, 0xd3,
    0x0, 0x0, 0x2, 0x7b, 0xdf, 0xff, 0xda, 0x50,
    0x0, 0x0,

    /* U+0034 "4" */
    0x0, 0x0, 0x0, 0x0, 0x4, 0xff, 0xff, 0x70,
    0x0, 0x0, 0x0, 0x0, 0x0, 0x0, 0x1e, 0xff,
    0xfb, 0x0, 0x0, 0x0, 0x0, 0x0, 0x0, 0x0,
    0xcf, 0xff, 0xe1, 0x0, 0x0, 0x0, 0x0, 0x0,
    0x0, 0x9, 0xff, 0xff, 0x30, 0x0, 0x0, 0x0,
    0x0, 0x0, 0x0, 0x5f, 0xff, 0xf7, 0x0, 0x0,
    0x0, 0x0, 0x0, 0x0, 0x2, 0xff, 0xff, 0xb0,
    0x0, 0x0, 0x0, 0x0, 0x0, 0x0, 0xd, 0xff,
    0xfe, 0x10, 0x0, 0x0, 0x0, 0x0, 0x0, 0x0,
    0xaf, 0xff, 0xf3, 0x1, 0x22, 0x22, 0x0, 0x0,
    0x0, 0x6, 0xff, 0xff, 0x70, 0x7, 0xff, 0xfd,
    0x0, 0x0, 0x0, 0x3f, 0xff, 0xfb, 0x0, 0x7,
    0xff, 0xfd, 0x0, 0x0, 0x1, 0xef, 0xff, 0xe1,
    0x0, 0x7, 0xff, 0xfd, 0x0, 0x0, 0xb, 0xff,
    0xff, 0xca, 0xaa, 0xac, 0xff, 0xff, 0xaa, 0xa0,
    0x2f, 0xff, 0xff, 0xff, 0xff, 0xff, 0xff, 0xff,
    0xff, 0xf0, 0x2f, 0xff, 0xff, 0xff, 0xff, 0xff,
    0xff, 0xff, 0xff, 0xf0, 0x2f, 0xff, 0xff, 0xff,
    0xff, 0xff, 0xff, 0xff, 0xff, 0xf0, 0x0, 0x0,
    0x0, 0x0, 0x0, 0x9, 0xff, 0xfd, 0x0, 0x0,
    0x0, 0x0, 0x0, 0x0, 0x0, 0x9, 0xff, 0xfd,
    0x0, 0x0, 0x0, 0x0, 0x0, 0x0, 0x0, 0x9,
    0xff, 0xfd, 0x0, 0x0, 0x0, 0x0, 0x0, 0x0,
    0x0, 0x9, 0xff, 0xfd, 0x0, 0x0,

    /* U+0035 "5" */
    0x0, 0x4f, 0xff, 0xff, 0xff, 0xff, 0xff, 0xb0,
    0x0, 0x6f, 0xff, 0xff, 0xff, 0xff, 0xff, 0xb0,
    0x0, 0x8f, 0xff, 0xff, 0xff, 0xff, 0xff, 0xb0,
    0x0, 0x9f, 0xff, 0xc9, 0x99, 0x99, 0x99, 0x60,
    0x0, 0xbf, 0xff, 0x60, 0x0, 0x0, 0x0, 0x0,
    0x0, 0xdf, 0xff, 0x50, 0x0, 0x0, 0x0, 0x0,
    0x0, 0xef, 0xff, 0xb9, 0x98, 0x62, 0x0, 0x0,
    0x0, 0xff, 0xff, 0xff, 0xff, 0xff, 0xc3, 0x0,
    0x1, 0xff, 0xff, 0xff, 0xff, 0xff, 0xff, 0x50,
    0x3, 0xff, 0xff, 0xff, 0xff, 0xff, 0xff, 0xf2,
    0x0, 0x0, 0x0, 0x0, 0x15, 0xcf, 0xff, 0xf8,
    0x0, 0x0, 0x0, 0x0, 0x0, 0xe, 0xff, 0xfc,
    0x0, 0x0, 0x0, 0x0, 0x0, 0xb, 0xff, 0xfd,
    0x0, 0x40, 0x0, 0x0, 0x0, 0xe, 0xff, 0xfc,
    0x7, 0xfb, 0x40, 0x0, 0x1, 0xaf, 0xff, 0xf8,
    0xe, 0xff, 0xff, 0xdc, 0xdf, 0xff, 0xff, 0xf2,
    0x7f, 0xff, 0xff, 0xff, 0xff, 0xff, 0xff, 0x60,
    0x19, 0xff, 0xff, 0xff, 0xff, 0xff, 0xe5, 0x0,
    0x0, 0x16, 0xad, 0xef, 0xfe, 0xb6, 0x10, 0x0,

    /* U+0036 "6" */
    0x0, 0x0, 0x1, 0x7b, 0xef, 0xfe, 0xc8, 0x30,
    0x0, 0x0, 0x19, 0xff, 0xff, 0xff, 0xff, 0xff,
    0x50, 0x0, 0x2d, 0xff, 0xff, 0xff, 0xff, 0xff,
    0xd0, 0x0, 0x1d, 0xff, 0xff, 0xfd, 0xaa, 0xbe,
    0xf5, 0x0, 0x9, 0xff, 0xff, 0xb2, 0x0, 0x0,
    0x3, 0x0, 0x1, 0xff, 0xff, 0xa0, 0x0, 0x0,
    0x0, 0x0, 0x0, 0x7f, 0xff, 0xf1, 0x1, 0x44,
    0x31, 0x0, 0x0, 0xa, 0xff, 0xfc, 0x3c, 0xff,
    0xff, 0xfb, 0x30, 0x0, 0xdf, 0xff, 0xef, 0xff,
    0xff, 0xff, 0xff, 0x70, 0xe, 0xff, 0xff, 0xff,
    0xff, 0xff, 0xff, 0xff, 0x40, 0xef, 0xff, 0xff,
    0x82, 0x2, 0x8f, 0xff, 0xfd, 0xc, 0xff, 0xff,
    0x80, 0x0, 0x0, 0x8f, 0xff, 0xf2, 0xaf, 0xff,
    0xf3, 0x0, 0x0, 0x3, 0xff, 0xff, 0x36, 0xff,
    0xff, 0x40, 0x0, 0x0, 0x3f, 0xff, 0xf2, 0xf,
    0xff, 0xfb, 0x0, 0x0, 0xb, 0xff, 0xff, 0x0,
    0x6f, 0xff, 0xfd, 0x75, 0x7c, 0xff, 0xff, 0x80,
    0x0, 0xaf, 0xff, 0xff, 0xff, 0xff, 0xff, 0xc0,
    0x0, 0x0, 0x7f, 0xff, 0xff, 0xff, 0xff, 0xa1,
    0x0, 0x0, 0x0, 0x17, 0xce, 0xff, 0xd9, 0x30,
    0x0, 0x0,

    /* U+0037 "7" */
    0x4f, 0xff, 0xff, 0xff, 0xff, 0xff, 0xff, 0xff,
    0x74, 0xff, 0xff, 0xff, 0xff, 0xff, 0xff, 0xff,
    0xf7, 0x4f, 0xff, 0xff, 0xff, 0xff, 0xff, 0xff,
    0xff, 0x64, 0xff, 0xfe, 0xaa, 0xaa, 0xaa, 0xff,
    0xff, 0xf2, 0x4f, 0xff, 0xc0, 0x0, 0x0, 0x2f,
    0xff, 0xfb, 0x4, 0xff, 0xfc, 0x0, 0x0, 0x9,
    0xff, 0xff, 0x40, 0x2b, 0xbb, 0x80, 0x0, 0x1,
    0xff, 0xff, 0xc0, 0x0, 0x0, 0x0, 0x0, 0x0,
    0x8f, 0xff, 0xf5, 0x0, 0x0, 0x0, 0x0, 0x0,
    0xe, 0xff, 0xfe, 0x0, 0x0, 0x0, 0x0, 0x0,
    0x6, 0xff, 0xff, 0x70, 0x0, 0x0, 0x0, 0x0,
    0x0, 0xdf, 0xff, 0xf0, 0x0, 0x0, 0x0, 0x0,
    0x0, 0x5f, 0xff, 0xf8, 0x0, 0x0, 0x0, 0x0,
    0x0, 0xc, 0xff, 0xff, 0x10, 0x0, 0x0, 0x0,
    0x0, 0x4, 0xff, 0xff, 0xa0, 0x0, 0x0, 0x0,
    0x0, 0x0, 0xbf, 0xff, 0xf3, 0x0, 0x0, 0x0,
    0x0, 0x0, 0x2f, 0xff, 0xfb, 0x0, 0x0, 0x0,
    0x0, 0x0, 0xa, 0xff, 0xff, 0x40, 0x0, 0x0,
    0x0, 0x0, 0x1, 0xff, 0xff, 0xd0, 0x0, 0x0,
    0x0, 0x0, 0x0, 0x8f, 0xff, 0xf6, 0x0, 0x0,
    0x0, 0x0,

    /* U+0038 "8" */
    0x0, 0x0, 0x17, 0xbe, 0xff, 0xec, 0x93, 0x0,
    0x0, 0x0, 0x7, 0xff, 0xff, 0xff, 0xff, 0xff,
    0xc1, 0x0, 0x0, 0x7f, 0xff, 0xff, 0xff, 0xff,
    0xff, 0xfe, 0x0, 0x1, 0xff, 0xff, 0xf9, 0x54,
    0x7d, 0xff, 0xff, 0x80, 0x3, 0xff, 0xff, 0x60,
    0x0, 0x0, 0xef, 0xff, 0xb0, 0x3, 0xff, 0xff,
    0x40, 0x0, 0x0, 0xcf, 0xff, 0xb0, 0x0, 0xdf,
    0xff, 0xd4, 0x10, 0x29, 0xff, 0xff, 0x60, 0x0,
    0x3f, 0xff, 0xff, 0xff, 0xff, 0xff, 0xfa, 0x0,
    0x0, 0x7, 0xff, 0xff, 0xff, 0xff, 0xff, 0xd1,
    0x0, 0x0, 0x8f, 0xff, 0xff, 0xff, 0xff, 0xff,
    0xfe, 0x20, 0x5, 0xff, 0xff, 0xd5, 0x21, 0x39,
    0xff, 0xff, 0xd0, 0xc, 0xff, 0xfe, 0x10, 0x0,
    0x0, 0x8f, 0xff, 0xf4, 0xf, 0xff, 0xfa, 0x0,
    0x0, 0x0, 0x2f, 0xff, 0xf7, 0xf, 0xff, 0xfb,
    0x0, 0x0, 0x0, 0x3f, 0xff, 0xf7, 0xc, 0xff,
    0xff, 0x30, 0x0, 0x0, 0xbf, 0xff, 0xf4, 0x6,
    0xff, 0xff, 0xf9, 0x54, 0x7d, 0xff, 0xff, 0xd0,
    0x0, 0xaf, 0xff, 0xff, 0xff, 0xff, 0xff, 0xfe,
    0x20, 0x0, 0x7, 0xff, 0xff, 0xff, 0xff, 0xff,
    0xc2, 0x0, 0x0, 0x0, 0x16, 0xbd, 0xff, 0xec,
    0x84, 0x0, 0x0,

    /* U+0039 "9" */
    0x0, 0x0, 0x5a, 0xdf, 0xfe, 0xb6, 0x10, 0x0,
    0x0, 0x3, 0xdf, 0xff, 0xff, 0xff, 0xfe, 0x50,
    0x0, 0x3, 0xff, 0xff, 0xff, 0xff, 0xff, 0xff,
    0x70, 0x0, 0xdf, 0xff, 0xfa, 0x65, 0x7d, 0xff,
    0xff, 0x30, 0x3f, 0xff, 0xf6, 0x0, 0x0, 0xb,
    0xff, 0xfd, 0x6, 0xff, 0xff, 0x0, 0x0, 0x0,
    0x5f, 0xff, 0xf3, 0x5f, 0xff, 0xf3, 0x0, 0x0,
    0x9, 0xff, 0xff, 0x72, 0xff, 0xff, 0xe5, 0x10,
    0x28, 0xff, 0xff, 0xfa, 0xa, 0xff, 0xff, 0xff,
    0xff, 0xff, 0xff, 0xff, 0xb0, 0xb, 0xff, 0xff,
    0xff, 0xff, 0xff, 0xff, 0xfb, 0x0, 0x6, 0xdf,
    0xff, 0xff, 0xa2, 0xef, 0xff, 0xa0, 0x0, 0x0,
    0x24, 0x43, 0x0, 0x1f, 0xff, 0xf8, 0x0, 0x0,
    0x0, 0x0, 0x0, 0x7, 0xff, 0xff, 0x40, 0x0,
    0x0, 0x0, 0x0, 0x2, 0xef, 0xff, 0xe0, 0x0,
    0x15, 0x0, 0x0, 0x4, 0xef, 0xff, 0xf6, 0x0,
    0x9, 0xfe, 0xba, 0xbe, 0xff, 0xff, 0xfc, 0x0,
    0x1, 0xff, 0xff, 0xff, 0xff, 0xff, 0xfc, 0x10,
    0x0, 0x7f, 0xff, 0xff, 0xff, 0xff, 0xf8, 0x0,
    0x0, 0x0, 0x49, 0xce, 0xff, 0xeb, 0x61, 0x0,
    0x0, 0x0,

    /* U+003A ":" */
    0x1, 0xbf, 0xd4, 0x0, 0xbf, 0xff, 0xf1, 0xf,
    0xff, 0xff, 0x50, 0xdf, 0xff, 0xf3, 0x4, 0xff,
    0xf9, 0x0, 0x1, 0x42, 0x0, 0x0, 0x0, 0x0,
    0x0, 0x0, 0x0, 0x0, 0x0, 0x0, 0x0, 0x0,
    0x1, 0x42, 0x0, 0x4, 0xff, 0xf9, 0x0, 0xef,
    0xff, 0xf3, 0xf, 0xff, 0xff, 0x50, 0xbf, 0xff,
    0xf1, 0x1, 0xbf, 0xd4, 0x0,

    /* U+003B ";" */
    0x1, 0xbf, 0xd4, 0x0, 0xbf, 0xff, 0xf1, 0xf,
    0xff, 0xff, 0x50, 0xdf, 0xff, 0xf3, 0x4, 0xff,
    0xf9, 0x0, 0x1, 0x42, 0x0, 0x0, 0x0, 0x0,
    0x0, 0x0, 0x0, 0x0, 0x0, 0x0, 0x0, 0x0,
    0x0, 0x0, 0x0, 0x1, 0xbf, 0xd5, 0x0, 0xbf,
    0xff, 0xf2, 0xf, 0xff, 0xff, 0x50, 0xdf, 0xff,
    0xf4, 0x3, 0xef, 0xff, 0x0, 0xa, 0xff, 0x90,
    0x0, 0xef, 0xf2, 0x0, 0x3f, 0xfc, 0x0, 0x8,
    0xff, 0x50, 0x0, 0x35, 0x50, 0x0,

    /* U+003C "<" */
    0x0, 0x0, 0x0, 0x0, 0x0, 0x0, 0x2, 0x0,
    0x0, 0x0, 0x0, 0x0, 0x1, 0x6c, 0xf1, 0x0,
    0x0, 0x0, 0x0, 0x4a, 0xff, 0xff, 0x10, 0x0,
    0x0, 0x28, 0xef, 0xff, 0xff, 0xf1, 0x0, 0x16,
    0xcf, 0xff, 0xff, 0xfe, 0x94, 0x1, 0xbf, 0xff,
    0xff, 0xff, 0xa5, 0x0, 0x0, 0x4f, 0xff, 0xff,
    0xb6, 0x0, 0x0, 0x0, 0x4, 0xff, 0xff, 0x70,
    0x0, 0x0, 0x0, 0x0, 0x4f, 0xff, 0xff, 0xfa,
    0x40, 0x0, 0x0, 0x0, 0x7d, 0xff, 0xff, 0xff,
    0xe9, 0x30, 0x0, 0x0, 0x3, 0x9e, 0xff, 0xff,
    0xff, 0xd7, 0x0, 0x0, 0x0, 0x5, 0xbf, 0xff,
    0xff, 0xf1, 0x0, 0x0, 0x0, 0x0, 0x17, 0xdf,
    0xff, 0x10, 0x0, 0x0, 0x0, 0x0, 0x0, 0x38,
    0xe1, 0x0, 0x0, 0x0, 0x0, 0x0, 0x0, 0x0,
    0x0,

    /* U+003D "=" */
    0x4f, 0xff, 0xff, 0xff, 0xff, 0xff, 0xff, 0x14,
    0xff, 0xff, 0xff, 0xff, 0xff, 0xff, 0xf1, 0x4f,
    0xff, 0xff, 0xff, 0xff, 0xff, 0xff, 0x11, 0x55,
    0x55, 0x55, 0x55, 0x55, 0x55, 0x50, 0x0, 0x0,
    0x0, 0x0, 0x0, 0x0, 0x0, 0x0, 0x0, 0x0,
    0x0, 0x0, 0x0, 0x0, 0x0, 0x15, 0x55, 0x55,
    0x55, 0x55, 0x55, 0x55, 0x4, 0xff, 0xff, 0xff,
    0xff, 0xff, 0xff, 0xf1, 0x4f, 0xff, 0xff, 0xff,
    0xff, 0xff, 0xff, 0x14, 0xff, 0xff, 0xff, 0xff,
    0xff, 0xff, 0xf1,

    /* U+003E ">" */
    0x11, 0x0, 0x0, 0x0, 0x0, 0x0, 0x0, 0x4,
    0xfb, 0x50, 0x0, 0x0, 0x0, 0x0, 0x0, 0x4f,
    0xff, 0xe9, 0x30, 0x0, 0x0, 0x0, 0x4, 0xff,
    0xff, 0xff, 0xd7, 0x10, 0x0, 0x0, 0x5, 0xaf,
    0xff, 0xff, 0xff, 0xb5, 0x0, 0x0, 0x0, 0x16,
    0xbf, 0xff, 0xff, 0xff, 0x90, 0x0, 0x0, 0x0,
    0x17, 0xdf, 0xff, 0xff, 0x10, 0x0, 0x0, 0x0,
    0x1, 0x9f, 0xff, 0xf1, 0x0, 0x0, 0x0, 0x5b,
    0xff, 0xff, 0xff, 0x10, 0x0, 0x4a, 0xff, 0xff,
    0xff, 0xfc, 0x60, 0x19, 0xef, 0xff, 0xff, 0xfd,
    0x82, 0x0, 0x4, 0xff, 0xff, 0xff, 0x93, 0x0,
    0x0, 0x0, 0x4f, 0xff, 0xb5, 0x0, 0x0, 0x0,
    0x0, 0x4, 0xd7, 0x10, 0x0, 0x0, 0x0, 0x0,
    0x0, 0x0, 0x0, 0x0, 0x0, 0x0, 0x0, 0x0,
    0x0,

    /* U+003F "?" */
    0x0, 0x0, 0x27, 0xcd, 0xff, 0xeb, 0x70, 0x0,
    0x0, 0x0, 0x9f, 0xff, 0xff, 0xff, 0xff, 0xf5,
    0x0, 0x1, 0xdf, 0xff, 0xff, 0xff, 0xff, 0xff,
    0xf4, 0x0, 0xbf, 0xff, 0xfe, 0xb9, 0xbf, 0xff,
    0xff, 0xc0, 0x0, 0x7f, 0xf7, 0x0, 0x0, 0x2e,
    0xff, 0xff, 0x0, 0x0, 0x14, 0x0, 0x0, 0x0,
    0x9f, 0xff, 0xf0, 0x0, 0x0, 0x0, 0x0, 0x0,
    0xd, 0xff, 0xfa, 0x0, 0x0, 0x0, 0x0, 0x0,
    0xa, 0xff, 0xff, 0x20, 0x0, 0x0, 0x0, 0x0,
    0xb, 0xff, 0xff, 0x40, 0x0, 0x0, 0x0, 0x0,
    0xc, 0xff, 0xfe, 0x30, 0x0, 0x0, 0x0, 0x0,
    0x7, 0xff, 0xfe, 0x20, 0x0, 0x0, 0x0, 0x0,
    0x0, 0xdf, 0xff, 0x70, 0x0, 0x0, 0x0, 0x0,
    0x0, 0x3, 0x44, 0x41, 0x0, 0x0, 0x0, 0x0,
    0x0, 0x0, 0x0, 0x0, 0x0, 0x0, 0x0, 0x0,
    0x0, 0x0, 0x5, 0xde, 0xa1, 0x0, 0x0, 0x0,
    0x0, 0x0, 0x3, 0xff, 0xff, 0x90, 0x0, 0x0,
    0x0, 0x0, 0x0, 0x6f, 0xff, 0xfd, 0x0, 0x0,
    0x0, 0x0, 0x0, 0x3, 0xff, 0xff, 0x90, 0x0,
    0x0, 0x0, 0x0, 0x0, 0x6, 0xef, 0xa1, 0x0,
    0x0, 0x0,

    /* U+0040 "@" */
    0x0, 0x0, 0x0, 0x0, 0x37, 0xbd, 0xef, 0xed,
    0xc8, 0x40, 0x0, 0x0, 0x0, 0x0, 0x0, 0x0,
    0x5, 0xdf, 0xff, 0xff, 0xff, 0xff, 0xff, 0xe7,
    0x0, 0x0, 0x0, 0x0, 0x0, 0x2c, 0xff, 0xff,
    0xfc, 0xba, 0xab, 0xef, 0xff, 0xfe, 0x30, 0x0,
    0x0, 0x0, 0x4f, 0xff, 0xfb, 0x40, 0x0, 0x0,
    0x0, 0x28, 0xef, 0xff, 0x60, 0x0, 0x0, 0x3f,
    0xff, 0xe3, 0x0, 0x0, 0x21, 0x0, 0x3, 0x33,
    0xbf, 0xff, 0x50, 0x0, 0xe, 0xff, 0xd1, 0x0,
    0x6d, 0xff, 0xfd, 0x62, 0xff, 0xfa, 0x7f, 0xff,
    0x10, 0x8, 0xff, 0xe1, 0x0, 0xbf, 0xff, 0xff,
    0xff, 0xcf, 0xff, 0xa0, 0x9f, 0xfa, 0x0, 0xff,
    0xf6, 0x0, 0x9f, 0xff, 0xff, 0xff, 0xff, 0xff,
    0xfa, 0x0, 0xef, 0xf1, 0x5f, 0xfe, 0x0, 0x3f,
    0xff, 0xf9, 0x20, 0x3b, 0xff, 0xff, 0xa0, 0x8,
    0xff, 0x6a, 0xff, 0x90, 0x9, 0xff, 0xf9, 0x0,
    0x0, 0xc, 0xff, 0xfa, 0x0, 0x3f, 0xfa, 0xcf,
    0xf5, 0x0, 0xcf, 0xff, 0x20, 0x0, 0x0, 0x5f,
    0xff, 0xa0, 0x0, 0xff, 0xcd, 0xff, 0x40, 0xe,
    0xff, 0xf0, 0x0, 0x0, 0x2, 0xff, 0xfa, 0x0,
    0xf, 0xfd, 0xdf, 0xf4, 0x0, 0xdf, 0xff, 0x0,
    0x0, 0x0, 0x2f, 0xff, 0xa0, 0x0, 0xff, 0xcc,
    0xff, 0x50, 0xc, 0xff, 0xf2, 0x0, 0x0, 0x5,
    0xff, 0xfa, 0x0, 0x1f, 0xfb, 0xaf, 0xf9, 0x0,
    0x7f, 0xff, 0xa0, 0x0, 0x0, 0xcf, 0xff, 0xa0,
    0x5, 0xff, 0x75, 0xff, 0xe0, 0x2, 0xff, 0xff,
    0xa2, 0x3, 0xbf, 0xff, 0xfe, 0x22, 0xdf, 0xf2,
    0xf, 0xff, 0x50, 0x7, 0xff, 0xff, 0xff, 0xff,
    0xfe, 0xff, 0xff, 0xff, 0xfa, 0x0, 0x8f, 0xfe,
    0x10, 0x8, 0xff, 0xff, 0xff, 0xf8, 0x3f, 0xff,
    0xff, 0xfc, 0x10, 0x0, 0xef, 0xfc, 0x0, 0x3,
    0xad, 0xfe, 0xb4, 0x0, 0x3b, 0xff, 0xc7, 0x0,
    0x0, 0x3, 0xff, 0xfd, 0x30, 0x0, 0x0, 0x0,
    0x0, 0x0, 0x0, 0x0, 0x0, 0x0, 0x0, 0x4,
    0xff, 0xff, 0xb4, 0x0, 0x0, 0x0, 0x2, 0x71,
    0x0, 0x0, 0x0, 0x0, 0x0, 0x2, 0xcf, 0xff,
    0xff, 0xcb, 0xab, 0xce, 0xff, 0x70, 0x0, 0x0,
    0x0, 0x0, 0x0, 0x0, 0x6d, 0xff, 0xff, 0xff,
    0xff, 0xff, 0xfb, 0x0, 0x0, 0x0, 0x0, 0x0,
    0x0, 0x0, 0x3, 0x7b, 0xde, 0xff, 0xdb, 0x83,
    0x0, 0x0, 0x0, 0x0,

    /* U+0041 "A" */
    0x0, 0x0, 0x0, 0x0, 0xb, 0xff, 0xff, 0x30,
    0x0, 0x0, 0x0, 0x0, 0x0, 0x0, 0x0, 0x3,
    0xff, 0xff, 0xfa, 0x0, 0x0, 0x0, 0x0, 0x0,
    0x0, 0x0, 0x0, 0xaf, 0xff, 0xff, 0xf2, 0x0,
    0x0, 0x0, 0x0, 0x0, 0x0, 0x0, 0x2f, 0xff,
    0xff, 0xff, 0x90, 0x0, 0x0, 0x0, 0x0, 0x0,
    0x0, 0x9, 0xff, 0xfc, 0xff, 0xff, 0x10, 0x0,
    0x0, 0x0, 0x0, 0x0, 0x1, 0xff, 0xff, 0x3c,
    0xff, 0xf8, 0x0, 0x0, 0x0, 0x0, 0x0, 0x0,
    0x8f, 0xff, 0xc0, 0x6f, 0xff, 0xe0, 0x0, 0x0,
    0x0, 0x0, 0x0, 0xe, 0xff, 0xf5, 0x0, 0xef,
    0xff, 0x60, 0x0, 0x0, 0x0, 0x0, 0x6, 0xff,
    0xfe, 0x0, 0x8, 0xff, 0xfd, 0x0, 0x0, 0x0,
    0x0, 0x0, 0xdf, 0xff, 0x70, 0x0, 0x1f, 0xff,
    0xf5, 0x0, 0x0, 0x0, 0x0, 0x5f, 0xff, 0xf1,
    0x0, 0x0, 0xaf, 0xff, 0xc0, 0x0, 0x0, 0x0,
    0xc, 0xff, 0xfd, 0x66, 0x66, 0x69, 0xff, 0xff,
    0x40, 0x0, 0x0, 0x4, 0xff, 0xff, 0xff, 0xff,
    0xff, 0xff, 0xff, 0xfb, 0x0, 0x0, 0x0, 0xbf,
    0xff, 0xff, 0xff, 0xff, 0xff, 0xff, 0xff, 0xf3,
    0x0, 0x0, 0x2f, 0xff, 0xff, 0xff, 0xff, 0xff,
    0xff, 0xff, 0xff, 0xa0, 0x0, 0xa, 0xff, 0xfe,
    0x0, 0x0, 0x0, 0x0, 0x8, 0xff, 0xff, 0x20,
    0x1, 0xff, 0xff, 0x70, 0x0, 0x0, 0x0, 0x0,
    0x2f, 0xff, 0xf9, 0x0, 0x9f, 0xff, 0xf1, 0x0,
    0x0, 0x0, 0x0, 0x0, 0xaf, 0xff, 0xf1, 0x1f,
    0xff, 0xf9, 0x0, 0x0, 0x0, 0x0, 0x0, 0x4,
    0xff, 0xff, 0x80,

    /* U+0042 "B" */
    0xaf, 0xff, 0xff, 0xff, 0xff, 0xfe, 0xc8, 0x20,
    0x0, 0xa, 0xff, 0xff, 0xff, 0xff, 0xff, 0xff,
    0xff, 0x90, 0x0, 0xaf, 0xff, 0xff, 0xff, 0xff,
    0xff, 0xff, 0xff, 0x80, 0xa, 0xff, 0xfe, 0x55,
    0x55, 0x57, 0xcf, 0xff, 0xff, 0x10, 0xaf, 0xff,
    0xd0, 0x0, 0x0, 0x0, 0x9f, 0xff, 0xf4, 0xa,
    0xff, 0xfd, 0x0, 0x0, 0x0, 0x4, 0xff, 0xff,
    0x30, 0xaf, 0xff, 0xd0, 0x0, 0x0, 0x0, 0x8f,
    0xff, 0xf1, 0xa, 0xff, 0xfd, 0x33, 0x33, 0x45,
    0xaf, 0xff, 0xf8, 0x0, 0xaf, 0xff, 0xff, 0xff,
    0xff, 0xff, 0xff, 0xf9, 0x0, 0xa, 0xff, 0xff,
    0xff, 0xff, 0xff, 0xff, 0xff, 0x91, 0x0, 0xaf,
    0xff, 0xff, 0xff, 0xff, 0xff, 0xff, 0xff, 0xe1,
    0xa, 0xff, 0xfd, 0x0, 0x0, 0x0, 0x27, 0xff,
    0xff, 0xb0, 0xaf, 0xff, 0xd0, 0x0, 0x0, 0x0,
    0x8, 0xff, 0xff, 0x1a, 0xff, 0xfd, 0x0, 0x0,
    0x0, 0x0, 0x5f, 0xff, 0xf4, 0xaf, 0xff, 0xd0,
    0x0, 0x0, 0x0, 0xa, 0xff, 0xff, 0x3a, 0xff,
    0xfe, 0x55, 0x55, 0x56, 0x7c, 0xff, 0xff, 0xf0,
    0xaf, 0xff, 0xff, 0xff, 0xff, 0xff, 0xff, 0xff,
    0xf6, 0xa, 0xff, 0xff, 0xff, 0xff, 0xff, 0xff,
    0xff, 0xf7, 0x0, 0xaf, 0xff, 0xff, 0xff, 0xff,
    0xff, 0xdb, 0x71, 0x0, 0x0,

    /* U+0043 "C" */
    0x0, 0x0, 0x0, 0x48, 0xce, 0xfe, 0xda, 0x61,
    0x0, 0x0, 0x0, 0x4, 0xdf, 0xff, 0xff, 0xff,
    0xff, 0xf7, 0x0, 0x0, 0x9, 0xff, 0xff, 0xff,
    0xff, 0xff, 0xff, 0xfc, 0x10, 0xa, 0xff, 0xff,
    0xff, 0xed, 0xdf, 0xff, 0xff, 0xf7, 0x6, 0xff,
    0xff, 0xfa, 0x30, 0x0, 0x4, 0xcf, 0xf8, 0x0,
    0xef, 0xff, 0xf5, 0x0, 0x0, 0x0, 0x0, 0x85,
    0x0, 0x6f, 0xff, 0xf8, 0x0, 0x0, 0x0, 0x0,
    0x0, 0x0, 0xa, 0xff, 0xff, 0x10, 0x0, 0x0,
    0x0, 0x0, 0x0, 0x0, 0xcf, 0xff, 0xc0, 0x0,
    0x0, 0x0, 0x0, 0x0, 0x0, 0xe, 0xff, 0xfb,
    0x0, 0x0, 0x0, 0x0, 0x0, 0x0, 0x0, 0xcf,
    0xff, 0xc0, 0x0, 0x0, 0x0, 0x0, 0x0, 0x0,
    0xa, 0xff, 0xff, 0x10, 0x0, 0x0, 0x0, 0x0,
    0x0, 0x0, 0x6f, 0xff, 0xf8, 0x0, 0x0, 0x0,
    0x0, 0x0, 0x0, 0x0, 0xef, 0xff, 0xf5, 0x0,
    0x0, 0x0, 0x0, 0x86, 0x0, 0x6, 0xff, 0xff,
    0xfa, 0x30, 0x0, 0x4, 0xcf, 0xf8, 0x0, 0xa,
    0xff, 0xff, 0xff, 0xed, 0xdf, 0xff, 0xff, 0xf8,
    0x0, 0x9, 0xff, 0xff, 0xff, 0xff, 0xff, 0xff,
    0xfc, 0x0, 0x0, 0x5, 0xdf, 0xff, 0xff, 0xff,
    0xff, 0xf7, 0x0, 0x0, 0x0, 0x0, 0x49, 0xce,
    0xfe, 0xda, 0x61, 0x0, 0x0,

    /* U+0044 "D" */
    0xaf, 0xff, 0xff, 0xff, 0xff, 0xed, 0xa5, 0x0,
    0x0, 0x0, 0xa, 0xff, 0xff, 0xff, 0xff, 0xff,
    0xff, 0xfe, 0x70, 0x0, 0x0, 0xaf, 0xff, 0xff,
    0xff, 0xff, 0xff, 0xff, 0xff, 0xc1, 0x0, 0xa,
    0xff, 0xff, 0xaa, 0xaa, 0xbc, 0xff, 0xff, 0xff,
    0xd0, 0x0, 0xaf, 0xff, 0xd0, 0x0, 0x0, 0x1,
    0x7f, 0xff, 0xff, 0xa0, 0xa, 0xff, 0xfd, 0x0,
    0x0, 0x0, 0x0, 0x2f, 0xff, 0xff, 0x30, 0xaf,
    0xff, 0xd0, 0x0, 0x0, 0x0, 0x0, 0x5f, 0xff,
    0xf9, 0xa, 0xff, 0xfd, 0x0, 0x0, 0x0, 0x0,
    0x0, 0xef, 0xff, 0xd0, 0xaf, 0xff, 0xd0, 0x0,
    0x0, 0x0, 0x0, 0xa, 0xff, 0xff, 0xa, 0xff,
    0xfd, 0x0, 0x0, 0x0, 0x0, 0x0, 0x9f, 0xff,
    0xf0, 0xaf, 0xff, 0xd0, 0x0, 0x0, 0x0, 0x0,
    0xa, 0xff, 0xff, 0xa, 0xff, 0xfd, 0x0, 0x0,
    0x0, 0x0, 0x0, 0xef, 0xff, 0xd0, 0xaf, 0xff,
    0xd0, 0x0, 0x0, 0x0, 0x0, 0x5f, 0xff, 0xf9,
    0xa, 0xff, 0xfd, 0x0, 0x0, 0x0, 0x0, 0x2f,
    0xff, 0xff, 0x30, 0xaf, 0xff, 0xd0, 0x0, 0x0,
    0x1, 0x7f, 0xff, 0xff, 0xa0, 0xa, 0xff, 0xff,
    0xaa, 0xaa, 0xbc, 0xff, 0xff, 0xff, 0xd0, 0x0,
    0xaf, 0xff, 0xff, 0xff, 0xff, 0xff, 0xff, 0xff,
    0xc1, 0x0, 0xa, 0xff, 0xff, 0xff, 0xff, 0xff,
    0xff, 0xfe, 0x70, 0x0, 0x0, 0xaf, 0xff, 0xff,
    0xff, 0xff, 0xfd, 0xa5, 0x0, 0x0, 0x0, 0x0,

    /* U+0045 "E" */
    0xaf, 0xff, 0xff, 0xff, 0xff, 0xff, 0xff, 0xf2,
    0xaf, 0xff, 0xff, 0xff, 0xff, 0xff, 0xff, 0xf2,
    0xaf, 0xff, 0xff, 0xff, 0xff, 0xff, 0xff, 0xf2,
    0xaf, 0xff, 0xe9, 0x99, 0x99, 0x99, 0x99, 0x91,
    0xaf, 0xff, 0xd0, 0x0, 0x0, 0x0, 0x0, 0x0,
    0xaf, 0xff, 0xd0, 0x0, 0x0, 0x0, 0x0, 0x0,
    0xaf, 0xff, 0xd0, 0x0, 0x0, 0x0, 0x0, 0x0,
    0xaf, 0xff, 0xe7, 0x77, 0x77, 0x77, 0x76, 0x0,
    0xaf, 0xff, 0xff, 0xff, 0xff, 0xff, 0xff, 0x0,
    0xaf, 0xff, 0xff, 0xff, 0xff, 0xff, 0xff, 0x0,
    0xaf, 0xff, 0xff, 0xff, 0xff, 0xff, 0xff, 0x0,
    0xaf, 0xff, 0xd0, 0x0, 0x0, 0x0, 0x0, 0x0,
    0xaf, 0xff, 0xd0, 0x0, 0x0, 0x0, 0x0, 0x0,
    0xaf, 0xff, 0xd0, 0x0, 0x0, 0x0, 0x0, 0x0,
    0xaf, 0xff, 0xd0, 0x0, 0x0, 0x0, 0x0, 0x0,
    0xaf, 0xff, 0xe9, 0x99, 0x99, 0x99, 0x99, 0x94,
    0xaf, 0xff, 0xff, 0xff, 0xff, 0xff, 0xff, 0xf8,
    0xaf, 0xff, 0xff, 0xff, 0xff, 0xff, 0xff, 0xf8,
    0xaf, 0xff, 0xff, 0xff, 0xff, 0xff, 0xff, 0xf8,

    /* U+0046 "F" */
    0xaf, 0xff, 0xff, 0xff, 0xff, 0xff, 0xff, 0xf2,
    0xaf, 0xff, 0xff, 0xff, 0xff, 0xff, 0xff, 0xf2,
    0xaf, 0xff, 0xff, 0xff, 0xff, 0xff, 0xff, 0xf2,
    0xaf, 0xff, 0xf9, 0x99, 0x99, 0x99, 0x99, 0x91,
    0xaf, 0xff, 0xd0, 0x0, 0x0, 0x0, 0x0, 0x0,
    0xaf, 0xff, 0xd0, 0x0, 0x0, 0x0, 0x0, 0x0,
    0xaf, 0xff, 0xd0, 0x0, 0x0, 0x0, 0x0, 0x0,
    0xaf, 0xff, 0xd0, 0x0, 0x0, 0x0, 0x0, 0x0,
    0xaf, 0xff, 0xf9, 0x99, 0x99, 0x99, 0x98, 0x0,
    0xaf, 0xff, 0xff, 0xff, 0xff, 0xff, 0xff, 0x0,
    0xaf, 0xff, 0xff, 0xff, 0xff, 0xff, 0xff, 0x0,
    0xaf, 0xff, 0xff, 0xff, 0xff, 0xff, 0xff, 0x0,
    0xaf, 0xff, 0xd0, 0x0, 0x0, 0x0, 0x0, 0x0,
    0xaf, 0xff, 0xd0, 0x0, 0x0, 0x0, 0x0, 0x0,
    0xaf, 0xff, 0xd0, 0x0, 0x0, 0x0, 0x0, 0x0,
    0xaf, 0xff, 0xd0, 0x0, 0x0, 0x0, 0x0, 0x0,
    0xaf, 0xff, 0xd0, 0x0, 0x0, 0x0, 0x0, 0x0,
    0xaf, 0xff, 0xd0, 0x0, 0x0, 0x0, 0x0, 0x0,
    0xaf, 0xff, 0xd0, 0x0, 0x0, 0x0, 0x0, 0x0,

    /* U+0047 "G" */
    0x0, 0x0, 0x0, 0x48, 0xce, 0xff, 0xdb, 0x72,
    0x0, 0x0, 0x0, 0x0, 0x4d, 0xff, 0xff, 0xff,
    0xff, 0xff, 0xa1, 0x0, 0x0, 0x9, 0xff, 0xff,
    0xff, 0xff, 0xff, 0xff, 0xfe, 0x30, 0x0, 0x9f,
    0xff, 0xff, 0xff, 0xdd, 0xef, 0xff, 0xff, 0xb0,
    0x6, 0xff, 0xff, 0xfa, 0x30, 0x0, 0x3, 0xaf,
    0xfa, 0x0, 0xe, 0xff, 0xff, 0x60, 0x0, 0x0,
    0x0, 0x4, 0x70, 0x0, 0x6f, 0xff, 0xf8, 0x0,
    0x0, 0x0, 0x0, 0x0, 0x0, 0x0, 0xaf, 0xff,
    0xf1, 0x0, 0x0, 0x0, 0x0, 0x0, 0x0, 0x0,
    0xcf, 0xff, 0xc0, 0x0, 0x0, 0x0, 0x0, 0x0,
    0x0, 0x0, 0xef, 0xff, 0xb0, 0x0, 0x0, 0x0,
    0x0, 0x5c, 0xcc, 0x80, 0xcf, 0xff, 0xc0, 0x0,
    0x0, 0x0, 0x0, 0x7f, 0xff, 0xb0, 0xaf, 0xff,
    0xf1, 0x0, 0x0, 0x0, 0x0, 0x7f, 0xff, 0xb0,
    0x6f, 0xff, 0xf8, 0x0, 0x0, 0x0, 0x0, 0x7f,
    0xff, 0xb0, 0xe, 0xff, 0xff, 0x60, 0x0, 0x0,
    0x0, 0x7f, 0xff, 0xb0, 0x6, 0xff, 0xff, 0xfa,
    0x30, 0x0, 0x2, 0xaf, 0xff, 0xb0, 0x0, 0x9f,
    0xff, 0xff, 0xff, 0xdd, 0xef, 0xff, 0xff, 0xb0,
    0x0, 0x9, 0xff, 0xff, 0xff, 0xff, 0xff, 0xff,
    0xff, 0x80, 0x0, 0x0, 0x4d, 0xff, 0xff, 0xff,
    0xff, 0xff, 0xc4, 0x0, 0x0, 0x0, 0x0, 0x49,
    0xce, 0xff, 0xdb, 0x72, 0x0, 0x0,

    /* U+0048 "H" */
    0xaf, 0xff, 0xd0, 0x0, 0x0, 0x0, 0x3, 0xff,
    0xff, 0x4a, 0xff, 0xfd, 0x0, 0x0, 0x0, 0x0,
    0x3f, 0xff, 0xf4, 0xaf, 0xff, 0xd0, 0x0, 0x0,
    0x0, 0x3, 0xff, 0xff, 0x4a, 0xff, 0xfd, 0x0,
    0x0, 0x0, 0x0, 0x3f, 0xff, 0xf4, 0xaf, 0xff,
    0xd0, 0x0, 0x0, 0x0, 0x3, 0xff, 0xff, 0x4a,
    0xff, 0xfd, 0x0, 0x0, 0x0, 0x0, 0x3f, 0xff,
    0xf4, 0xaf, 0xff, 0xd0, 0x0, 0x0, 0x0, 0x3,
    0xff, 0xff, 0x4a, 0xff, 0xff, 0xcc, 0xcc, 0xcc,
    0xcc, 0xdf, 0xff, 0xf4, 0xaf, 0xff, 0xff, 0xff,
    0xff, 0xff, 0xff, 0xff, 0xff, 0x4a, 0xff, 0xff,
    0xff, 0xff, 0xff, 0xff, 0xff, 0xff, 0xf4, 0xaf,
    0xff, 0xff, 0xff, 0xff, 0xff, 0xff, 0xff, 0xff,
    0x4a, 0xff, 0xfd, 0x0, 0x0, 0x0, 0x0, 0x3f,
    0xff, 0xf4, 0xaf, 0xff, 0xd0, 0x0, 0x0, 0x0,
    0x3, 0xff, 0xff, 0x4a, 0xff, 0xfd, 0x0, 0x0,
    0x0, 0x0, 0x3f, 0xff, 0xf4, 0xaf, 0xff, 0xd0,
    0x0, 0x0, 0x0, 0x3, 0xff, 0xff, 0x4a, 0xff,
    0xfd, 0x0, 0x0, 0x0, 0x0, 0x3f, 0xff, 0xf4,
    0xaf, 0xff, 0xd0, 0x0, 0x0, 0x0, 0x3, 0xff,
    0xff, 0x4a, 0xff, 0xfd, 0x0, 0x0, 0x0, 0x0,
    0x3f, 0xff, 0xf4, 0xaf, 0xff, 0xd0, 0x0, 0x0,
    0x0, 0x3, 0xff, 0xff, 0x40,

    /* U+0049 "I" */
    0xaf, 0xff, 0xda, 0xff, 0xfd, 0xaf, 0xff, 0xda,
    0xff, 0xfd, 0xaf, 0xff, 0xda, 0xff, 0xfd, 0xaf,
    0xff, 0xda, 0xff, 0xfd, 0xaf, 0xff, 0xda, 0xff,
    0xfd, 0xaf, 0xff, 0xda, 0xff, 0xfd, 0xaf, 0xff,
    0xda, 0xff, 0xfd, 0xaf, 0xff, 0xda, 0xff, 0xfd,
    0xaf, 0xff, 0xda, 0xff, 0xfd, 0xaf, 0xff, 0xd0,

    /* U+004A "J" */
    0x0, 0x6f, 0xff, 0xff, 0xff, 0xff, 0xff, 0x0,
    0x6f, 0xff, 0xff, 0xff, 0xff, 0xff, 0x0, 0x6f,
    0xff, 0xff, 0xff, 0xff, 0xff, 0x0, 0x39, 0x99,
    0x99, 0x9c, 0xff, 0xff, 0x0, 0x0, 0x0, 0x0,
    0x8, 0xff, 0xff, 0x0, 0x0, 0x0, 0x0, 0x8,
    0xff, 0xff, 0x0, 0x0, 0x0, 0x0, 0x8, 0xff,
    0xff, 0x0, 0x0, 0x0, 0x0, 0x8, 0xff, 0xff,
    0x0, 0x0, 0x0, 0x0, 0x8, 0xff, 0xff, 0x0,
    0x0, 0x0, 0x0, 0x8, 0xff, 0xff, 0x0, 0x0,
    0x0, 0x0, 0x8, 0xff, 0xff, 0x0, 0x0, 0x0,
    0x0, 0x8, 0xff, 0xff, 0x0, 0x0, 0x0, 0x0,
    0x8, 0xff, 0xff, 0x0, 0x24, 0x0, 0x0, 0xb,
    0xff, 0xfe, 0x1, 0xdf, 0x50, 0x0, 0x4f, 0xff,
    0xfa, 0xc, 0xff, 0xfd, 0xbc, 0xff, 0xff, 0xf5,
    0x2e, 0xff, 0xff, 0xff, 0xff, 0xff, 0xc0, 0x3,
    0xdf, 0xff, 0xff, 0xff, 0xfc, 0x10, 0x0, 0x5,
    0xad, 0xff, 0xea, 0x50, 0x0,

    /* U+004B "K" */
    0xaf, 0xff, 0xd0, 0x0, 0x0, 0x0, 0x1d, 0xff,
    0xfe, 0x20, 0xaf, 0xff, 0xd0, 0x0, 0x0, 0x1,
    0xdf, 0xff, 0xe2, 0x0, 0xaf, 0xff, 0xd0, 0x0,
    0x0, 0x1d, 0xff, 0xff, 0x30, 0x0, 0xaf, 0xff,
    0xd0, 0x0, 0x1, 0xdf, 0xff, 0xf3, 0x0, 0x0,
    0xaf, 0xff, 0xd0, 0x0, 0x1d, 0xff, 0xff, 0x40,
    0x0, 0x0, 0xaf, 0xff, 0xd0, 0x1, 0xcf, 0xff,
    0xf4, 0x0, 0x0, 0x0, 0xaf, 0xff, 0xd0, 0xc,
    0xff, 0xff, 0x50, 0x0, 0x0, 0x0, 0xaf, 0xff,
    0xd0, 0xcf, 0xff, 0xf5, 0x0, 0x0, 0x0, 0x0,
    0xaf, 0xff, 0xdc, 0xff, 0xff, 0xa0, 0x0, 0x0,
    0x0, 0x0, 0xaf, 0xff, 0xff, 0xff, 0xff, 0xf4,
    0x0, 0x0, 0x0, 0x0, 0xaf, 0xff, 0xff, 0xff,
    0xff, 0xff, 0x20, 0x0, 0x0, 0x0, 0xaf, 0xff,
    0xff, 0xfc, 0xff, 0xff, 0xd0, 0x0, 0x0, 0x0,
    0xaf, 0xff, 0xff, 0x80, 0xbf, 0xff, 0xfb, 0x0,
    0x0, 0x0, 0xaf, 0xff, 0xf8, 0x0, 0xd, 0xff,
    0xff, 0x80, 0x0, 0x0, 0xaf, 0xff, 0xd0, 0x0,
    0x2, 0xef, 0xff, 0xf5, 0x0, 0x0, 0xaf, 0xff,
    0xd0, 0x0, 0x0, 0x3f, 0xff, 0xff, 0x30, 0x0,
    0xaf, 0xff, 0xd0, 0x0, 0x0, 0x5, 0xff, 0xff,
    0xe1, 0x0, 0xaf, 0xff, 0xd0, 0x0, 0x0, 0x0,
    0x8f, 0xff, 0xfc, 0x0, 0xaf, 0xff, 0xd0, 0x0,
    0x0, 0x0, 0xa, 0xff, 0xff, 0x90,

    /* U+004C "L" */
    0xaf, 0xff, 0xd0, 0x0, 0x0, 0x0, 0x0, 0xa,
    0xff, 0xfd, 0x0, 0x0, 0x0, 0x0, 0x0, 0xaf,
    0xff, 0xd0, 0x0, 0x0, 0x0, 0x0, 0xa, 0xff,
    0xfd, 0x0, 0x0, 0x0, 0x0, 0x0, 0xaf, 0xff,
    0xd0, 0x0, 0x0, 0x0, 0x0, 0xa, 0xff, 0xfd,
    0x0, 0x0, 0x0, 0x0, 0x0, 0xaf, 0xff, 0xd0,
    0x0, 0x0, 0x0, 0x0, 0xa, 0xff, 0xfd, 0x0,
    0x0, 0x0, 0x0, 0x0, 0xaf, 0xff, 0xd0, 0x0,
    0x0, 0x0, 0x0, 0xa, 0xff, 0xfd, 0x0, 0x0,
    0x0, 0x0, 0x0, 0xaf, 0xff, 0xd0, 0x0, 0x0,
    0x0, 0x0, 0xa, 0xff, 0xfd, 0x0, 0x0, 0x0,
    0x0, 0x0, 0xaf, 0xff, 0xd0, 0x0, 0x0, 0x0,
    0x0, 0xa, 0xff, 0xfd, 0x0, 0x0, 0x0, 0x0,
    0x0, 0xaf, 0xff, 0xd0, 0x0, 0x0, 0x0, 0x0,
    0xa, 0xff, 0xff, 0xaa, 0xaa, 0xaa, 0xaa, 0xa6,
    0xaf, 0xff, 0xff, 0xff, 0xff, 0xff, 0xff, 0xba,
    0xff, 0xff, 0xff, 0xff, 0xff, 0xff, 0xfb, 0xaf,
    0xff, 0xff, 0xff, 0xff, 0xff, 0xff, 0xb0,

    /* U+004D "M" */
    0xaf, 0xff, 0x60, 0x0, 0x0, 0x0, 0x0, 0x0,
    0x0, 0xaf, 0xff, 0x5a, 0xff, 0xfe, 0x10, 0x0,
    0x0, 0x0, 0x0, 0x0, 0x4f, 0xff, 0xf5, 0xaf,
    0xff, 0xfa, 0x0, 0x0, 0x0, 0x0, 0x0, 0xd,
    0xff, 0xff, 0x5a, 0xff, 0xff, 0xf4, 0x0, 0x0,
    0x0, 0x0, 0x8, 0xff, 0xff, 0xf5, 0xaf, 0xff,
    0xff, 0xd0, 0x0, 0x0, 0x0, 0x2, 0xff, 0xff,
    0xff, 0x5a, 0xff, 0xff, 0xff, 0x70, 0x0, 0x0,
    0x0, 0xbf, 0xff, 0xff, 0xf6, 0xaf, 0xff, 0xff,
    0xff, 0x20, 0x0, 0x0, 0x5f, 0xff, 0xff, 0xff,
    0x6a, 0xff, 0xff, 0xff, 0xfb, 0x0, 0x0, 0xe,
    0xff, 0xff, 0xff, 0xf6, 0xaf, 0xff, 0xae, 0xff,
    0xf5, 0x0, 0x9, 0xff, 0xf9, 0xef, 0xff, 0x6a,
    0xff, 0xf9, 0x6f, 0xff, 0xe1, 0x3, 0xff, 0xfe,
    0xd, 0xff, 0xf6, 0xaf, 0xff, 0x90, 0xcf, 0xff,
    0x90, 0xcf, 0xff, 0x50, 0xdf, 0xff, 0x6a, 0xff,
    0xf9, 0x2, 0xff, 0xff, 0x9f, 0xff, 0xb0, 0xd,
    0xff, 0xf6, 0xaf, 0xff, 0x90, 0x8, 0xff, 0xff,
    0xff, 0xf2, 0x0, 0xdf, 0xff, 0x6a, 0xff, 0xf9,
    0x0, 0xd, 0xff, 0xff, 0xf8, 0x0, 0xd, 0xff,
    0xf6, 0xaf, 0xff, 0x90, 0x0, 0x4f, 0xff, 0xfd,
    0x0, 0x0, 0xdf, 0xff, 0x6a, 0xff, 0xf9, 0x0,
    0x0, 0xaf, 0xff, 0x40, 0x0, 0xd, 0xff, 0xf6,
    0xaf, 0xff, 0x90, 0x0, 0x1, 0xef, 0xa0, 0x0,
    0x0, 0xdf, 0xff, 0x6a, 0xff, 0xf9, 0x0, 0x0,
    0x0, 0x0, 0x0, 0x0, 0xd, 0xff, 0xf6, 0xaf,
    0xff, 0x90, 0x0, 0x0, 0x0, 0x0, 0x0, 0x0,
    0xdf, 0xff, 0x60,

    /* U+004E "N" */
    0xaf, 0xff, 0x70, 0x0, 0x0, 0x0, 0x3, 0xff,
    0xff, 0x4a, 0xff, 0xff, 0x50, 0x0, 0x0, 0x0,
    0x3f, 0xff, 0xf4, 0xaf, 0xff, 0xff, 0x30, 0x0,
    0x0, 0x3, 0xff, 0xff, 0x4a, 0xff, 0xff, 0xfe,
    0x10, 0x0, 0x0, 0x3f, 0xff, 0xf4, 0xaf, 0xff,
    0xff, 0xfd, 0x0, 0x0, 0x3, 0xff, 0xff, 0x4a,
    0xff, 0xff, 0xff, 0xfb, 0x0, 0x0, 0x3f, 0xff,
    0xf4, 0xaf, 0xff, 0xff, 0xff, 0xf9, 0x0, 0x3,
    0xff, 0xff, 0x4a, 0xff, 0xfe, 0xff, 0xff, 0xf6,
    0x0, 0x3f, 0xff, 0xf4, 0xaf, 0xff, 0xc5, 0xff,
    0xff, 0xf4, 0x3, 0xff, 0xff, 0x4a, 0xff, 0xfc,
    0x7, 0xff, 0xff, 0xe2, 0x3f, 0xff, 0xf4, 0xaf,
    0xff, 0xc0, 0xa, 0xff, 0xff, 0xd4, 0xff, 0xff,
    0x4a, 0xff, 0xfc, 0x0, 0xc, 0xff, 0xff, 0xef,
    0xff, 0xf4, 0xaf, 0xff, 0xc0, 0x0, 0x1d, 0xff,
    0xff, 0xff, 0xff, 0x4a, 0xff, 0xfc, 0x0, 0x0,
    0x2e, 0xff, 0xff, 0xff, 0xf4, 0xaf, 0xff, 0xc0,
    0x0, 0x0, 0x4f, 0xff, 0xff, 0xff, 0x4a, 0xff,
    0xfc, 0x0, 0x0, 0x0, 0x6f, 0xff, 0xff, 0xf4,
    0xaf, 0xff, 0xc0, 0x0, 0x0, 0x0, 0x8f, 0xff,
    0xff, 0x4a, 0xff, 0xfc, 0x0, 0x0, 0x0, 0x0,
    0xbf, 0xff, 0xf4, 0xaf, 0xff, 0xc0, 0x0, 0x0,
    0x0, 0x0, 0xcf, 0xff, 0x40,

    /* U+004F "O" */
    0x0, 0x0, 0x0, 0x38, 0xce, 0xff, 0xdb, 0x61,
    0x0, 0x0, 0x0, 0x0, 0x0, 0x4c, 0xff, 0xff,
    0xff, 0xff, 0xff, 0x91, 0x0, 0x0, 0x0, 0x8,
    0xff, 0xff, 0xff, 0xff, 0xff, 0xff, 0xfe, 0x40,
    0x0, 0x0, 0x9f, 0xff, 0xff, 0xfe, 0xcd, 0xff,
    0xff, 0xff, 0xf3, 0x0, 0x6, 0xff, 0xff, 0xfa,
    0x30, 0x0, 0x5, 0xdf, 0xff, 0xfe, 0x10, 0xe,
    0xff, 0xff, 0x50, 0x0, 0x0, 0x0, 0xa, 0xff,
    0xff, 0x90, 0x5f, 0xff, 0xf8, 0x0, 0x0, 0x0,
    0x0, 0x0, 0xdf, 0xff, 0xf0, 0xaf, 0xff, 0xf1,
    0x0, 0x0, 0x0, 0x0, 0x0, 0x6f, 0xff, 0xf4,
    0xcf, 0xff, 0xc0, 0x0, 0x0, 0x0, 0x0, 0x0,
    0x2f, 0xff, 0xf7, 0xef, 0xff, 0xb0, 0x0, 0x0,
    0x0, 0x0, 0x0, 0x1f, 0xff, 0xf8, 0xcf, 0xff,
    0xc0, 0x0, 0x0, 0x0, 0x0, 0x0, 0x2f, 0xff,
    0xf7, 0xaf, 0xff, 0xf1, 0x0, 0x0, 0x0, 0x0,
    0x0, 0x6f, 0xff, 0xf4, 0x5f, 0xff, 0xf8, 0x0,
    0x0, 0x0, 0x0, 0x0, 0xdf, 0xff, 0xf0, 0xe,
    0xff, 0xff, 0x50, 0x0, 0x0, 0x0, 0xa, 0xff,
    0xff, 0x90, 0x6, 0xff, 0xff, 0xfa, 0x20, 0x0,
    0x5, 0xdf, 0xff, 0xfe, 0x10, 0x0, 0x9f, 0xff,
    0xff, 0xfe, 0xdd, 0xff, 0xff, 0xff, 0xf4, 0x0,
    0x0, 0x9, 0xff, 0xff, 0xff, 0xff, 0xff, 0xff,
    0xfe, 0x40, 0x0, 0x0, 0x0, 0x4c, 0xff, 0xff,
    0xff, 0xff, 0xff, 0xa1, 0x0, 0x0, 0x0, 0x0,
    0x0, 0x48, 0xce, 0xff, 0xdb, 0x71, 0x0, 0x0,
    0x0,

    /* U+0050 "P" */
    0xaf, 0xff, 0xff, 0xff, 0xff, 0xdb, 0x61, 0x0,
    0x0, 0xaf, 0xff, 0xff, 0xff, 0xff, 0xff, 0xff,
    0x70, 0x0, 0xaf, 0xff, 0xff, 0xff, 0xff, 0xff,
    0xff, 0xfa, 0x0, 0xaf, 0xff, 0xfa, 0xaa, 0xab,
    0xef, 0xff, 0xff, 0x70, 0xaf, 0xff, 0xd0, 0x0,
    0x0, 0x5, 0xff, 0xff, 0xe0, 0xaf, 0xff, 0xd0,
    0x0, 0x0, 0x0, 0x8f, 0xff, 0xf2, 0xaf, 0xff,
    0xd0, 0x0, 0x0, 0x0, 0x4f, 0xff, 0xf4, 0xaf,
    0xff, 0xd0, 0x0, 0x0, 0x0, 0x5f, 0xff, 0xf4,
    0xaf, 0xff, 0xd0, 0x0, 0x0, 0x0, 0xbf, 0xff,
    0xf1, 0xaf, 0xff, 0xd0, 0x0, 0x0, 0x4b, 0xff,
    0xff, 0xc0, 0xaf, 0xff, 0xff, 0xff, 0xff, 0xff,
    0xff, 0xff, 0x30, 0xaf, 0xff, 0xff, 0xff, 0xff,
    0xff, 0xff, 0xf5, 0x0, 0xaf, 0xff, 0xff, 0xff,
    0xff, 0xff, 0xfb, 0x20, 0x0, 0xaf, 0xff, 0xfa,
    0xaa, 0xa9, 0x85, 0x10, 0x0, 0x0, 0xaf, 0xff,
    0xd0, 0x0, 0x0, 0x0, 0x0, 0x0, 0x0, 0xaf,
    0xff, 0xd0, 0x0, 0x0, 0x0, 0x0, 0x0, 0x0,
    0xaf, 0xff, 0xd0, 0x0, 0x0, 0x0, 0x0, 0x0,
    0x0, 0xaf, 0xff, 0xd0, 0x0, 0x0, 0x0, 0x0,
    0x0, 0x0, 0xaf, 0xff, 0xd0, 0x0, 0x0, 0x0,
    0x0, 0x0, 0x0,

    /* U+0051 "Q" */
    0x0, 0x0, 0x0, 0x38, 0xce, 0xff, 0xda, 0x61,
    0x0, 0x0, 0x0, 0x0, 0x0, 0x3, 0xbf, 0xff,
    0xff, 0xff, 0xff, 0xf8, 0x0, 0x0, 0x0, 0x0,
    0x7, 0xff, 0xff, 0xff, 0xff, 0xff, 0xff, 0xfd,
    0x20, 0x0, 0x0, 0x7, 0xff, 0xff, 0xff, 0xed,
    0xdf, 0xff, 0xff, 0xfe, 0x20, 0x0, 0x4, 0xff,
    0xff, 0xfb, 0x30, 0x0, 0x6, 0xef, 0xff, 0xfd,
    0x0, 0x0, 0xdf, 0xff, 0xf7, 0x0, 0x0, 0x0,
    0x1, 0xcf, 0xff, 0xf7, 0x0, 0x4f, 0xff, 0xfa,
    0x0, 0x0, 0x0, 0x0, 0x1, 0xff, 0xff, 0xe0,
    0x9, 0xff, 0xff, 0x20, 0x0, 0x0, 0x0, 0x0,
    0x8, 0xff, 0xff, 0x30, 0xcf, 0xff, 0xd0, 0x0,
    0x0, 0x0, 0x0, 0x0, 0x3f, 0xff, 0xf6, 0xd,
    0xff, 0xfb, 0x0, 0x0, 0x0, 0x0, 0x0, 0x1,
    0xff, 0xff, 0x80, 0xdf, 0xff, 0xb0, 0x0, 0x0,
    0x0, 0x0, 0x0, 0x1f, 0xff, 0xf7, 0xc, 0xff,
    0xfe, 0x0, 0x0, 0x0, 0x0, 0x0, 0x3, 0xff,
    0xff, 0x60, 0x8f, 0xff, 0xf3, 0x0, 0x0, 0x0,
    0x0, 0x0, 0x9f, 0xff, 0xf3, 0x3, 0xff, 0xff,
    0xb0, 0x0, 0x0, 0x0, 0x0, 0x2f, 0xff, 0xfd,
    0x0, 0xc, 0xff, 0xff, 0x90, 0x0, 0x0, 0x0,
    0x1d, 0xff, 0xff, 0x60, 0x0, 0x3f, 0xff, 0xff,
    0xc4, 0x0, 0x1, 0x7e, 0xff, 0xff, 0xc0, 0x0,
    0x0, 0x6f, 0xff, 0xff, 0xff, 0xef, 0xff, 0xff,
    0xff, 0xe1, 0x0, 0x0, 0x0, 0x5f, 0xff, 0xff,
    0xff, 0xff, 0xff, 0xff, 0xc2, 0x0, 0x0, 0x0,
    0x0, 0x2a, 0xff, 0xff, 0xff, 0xff, 0xfe, 0x70,
    0x0, 0x0, 0x0, 0x0, 0x0, 0x2, 0x7b, 0xef,
    0xff, 0xfd, 0x10, 0x0, 0x7, 0x0, 0x0, 0x0,
    0x0, 0x0, 0x2, 0xef, 0xff, 0xfd, 0x75, 0x7e,
    0xf8, 0x0, 0x0, 0x0, 0x0, 0x0, 0x1, 0xdf,
    0xff, 0xff, 0xff, 0xff, 0xf4, 0x0, 0x0, 0x0,
    0x0, 0x0, 0x0, 0x9f, 0xff, 0xff, 0xff, 0xf9,
    0x0, 0x0, 0x0, 0x0, 0x0, 0x0, 0x0, 0x39,
    0xde, 0xfe, 0xa3, 0x0,

    /* U+0052 "R" */
    0xaf, 0xff, 0xff, 0xff, 0xff, 0xeb, 0x71, 0x0,
    0x0, 0xaf, 0xff, 0xff, 0xff, 0xff, 0xff, 0xff,
    0x80, 0x0, 0xaf, 0xff, 0xff, 0xff, 0xff, 0xff,
    0xff, 0xfb, 0x0, 0xaf, 0xff, 0xfa, 0xaa, 0xab,
    0xef, 0xff, 0xff, 0x70, 0xaf, 0xff, 0xd0, 0x0,
    0x0, 0x5, 0xff, 0xff, 0xe0, 0xaf, 0xff, 0xd0,
    0x0, 0x0, 0x0, 0x8f, 0xff, 0xf2, 0xaf, 0xff,
    0xd0, 0x0, 0x0, 0x0, 0x4f, 0xff, 0xf4, 0xaf,
    0xff, 0xd0, 0x0, 0x0, 0x0, 0x5f, 0xff, 0xf4,
    0xaf, 0xff, 0xd0, 0x0, 0x0, 0x0, 0xbf, 0xff,
    0xf1, 0xaf, 0xff, 0xd0, 0x0, 0x0, 0x4b, 0xff,
    0xff, 0xc0, 0xaf, 0xff, 0xff, 0xff, 0xff, 0xff,
    0xff, 0xff, 0x30, 0xaf, 0xff, 0xff, 0xff, 0xff,
    0xff, 0xff, 0xf4, 0x0, 0xaf, 0xff, 0xff, 0xff,
    0xff, 0xff, 0xfb, 0x10, 0x0, 0xaf, 0xff, 0xe8,
    0x88, 0x8e, 0xff, 0xfc, 0x0, 0x0, 0xaf, 0xff,
    0xd0, 0x0, 0x5, 0xff, 0xff, 0x80, 0x0, 0xaf,
    0xff, 0xd0, 0x0, 0x0, 0xaf, 0xff, 0xf3, 0x0,
    0xaf, 0xff, 0xd0, 0x0, 0x0, 0xe, 0xff, 0xfe,
    0x0, 0xaf, 0xff, 0xd0, 0x0, 0x0, 0x4, 0xff,
    0xff, 0xa0, 0xaf, 0xff, 0xd0, 0x0, 0x0, 0x0,
    0x9f, 0xff, 0xf5,

    /* U+0053 "S" */
    0x0, 0x0, 0x16, 0xbd, 0xef, 0xed, 0xa7, 0x20,
    0x0, 0x0, 0x7, 0xff, 0xff, 0xff, 0xff, 0xff,
    0xfa, 0x10, 0x0, 0x9f, 0xff, 0xff, 0xff, 0xff,
    0xff, 0xfe, 0x0, 0x4, 0xff, 0xff, 0xfc, 0x99,
    0xac, 0xff, 0xf7, 0x0, 0xa, 0xff, 0xff, 0x40,
    0x0, 0x0, 0x16, 0xc1, 0x0, 0xc, 0xff, 0xfb,
    0x0, 0x0, 0x0, 0x0, 0x0, 0x0, 0xb, 0xff,
    0xfe, 0x20, 0x0, 0x0, 0x0, 0x0, 0x0, 0x7,
    0xff, 0xff, 0xfa, 0x62, 0x0, 0x0, 0x0, 0x0,
    0x0, 0xcf, 0xff, 0xff, 0xff, 0xea, 0x61, 0x0,
    0x0, 0x0, 0x8, 0xff, 0xff, 0xff, 0xff, 0xff,
    0x91, 0x0, 0x0, 0x0, 0x6, 0xbf, 0xff, 0xff,
    0xff, 0xfe, 0x10, 0x0, 0x0, 0x0, 0x0, 0x36,
    0xbf, 0xff, 0xff, 0xa0, 0x0, 0x0, 0x0, 0x0,
    0x0, 0x1, 0xdf, 0xff, 0xf0, 0x0, 0x30, 0x0,
    0x0, 0x0, 0x0, 0x7f, 0xff, 0xf0, 0x2, 0xfc,
    0x61, 0x0, 0x0, 0x1, 0xdf, 0xff, 0xe0, 0x9,
    0xff, 0xff, 0xda, 0x99, 0xbf, 0xff, 0xff, 0x80,
    0x1f, 0xff, 0xff, 0xff, 0xff, 0xff, 0xff, 0xfc,
    0x0, 0x3, 0xbf, 0xff, 0xff, 0xff, 0xff, 0xff,
    0x90, 0x0, 0x0, 0x1, 0x6a, 0xde, 0xff, 0xdb,
    0x72, 0x0, 0x0,

    /* U+0054 "T" */
    0xef, 0xff, 0xff, 0xff, 0xff, 0xff, 0xff, 0xff,
    0xf3, 0xef, 0xff, 0xff, 0xff, 0xff, 0xff, 0xff,
    0xff, 0xf3, 0xef, 0xff, 0xff, 0xff, 0xff, 0xff,
    0xff, 0xff, 0xf3, 0x8a, 0xaa, 0xaa, 0xdf, 0xff,
    0xfa, 0xaa, 0xaa, 0xa1, 0x0, 0x0, 0x0, 0x9f,
    0xff, 0xe0, 0x0, 0x0, 0x0, 0x0, 0x0, 0x0,
    0x9f, 0xff, 0xe0, 0x0, 0x0, 0x0, 0x0, 0x0,
    0x0, 0x9f, 0xff, 0xe0, 0x0, 0x0, 0x0, 0x0,
    0x0, 0x0, 0x9f, 0xff, 0xe0, 0x0, 0x0, 0x0,
    0x0, 0x0, 0x0, 0x9f, 0xff, 0xe0, 0x0, 0x0,
    0x0, 0x0, 0x0, 0x0, 0x9f, 0xff, 0xe0, 0x0,
    0x0, 0x0, 0x0, 0x0, 0x0, 0x9f, 0xff, 0xe0,
    0x0, 0x0, 0x0, 0x0, 0x0, 0x0, 0x9f, 0xff,
    0xe0, 0x0, 0x0, 0x0, 0x0, 0x0, 0x0, 0x9f,
    0xff, 0xe0, 0x0, 0x0, 0x0, 0x0, 0x0, 0x0,
    0x9f, 0xff, 0xe0, 0x0, 0x0, 0x0, 0x0, 0x0,
    0x0, 0x9f, 0xff, 0xe0, 0x0, 0x0, 0x0, 0x0,
    0x0, 0x0, 0x9f, 0xff, 0xe0, 0x0, 0x0, 0x0,
    0x0, 0x0, 0x0, 0x9f, 0xff, 0xe0, 0x0, 0x0,
    0x0, 0x0, 0x0, 0x0, 0x9f, 0xff, 0xe0, 0x0,
    0x0, 0x0, 0x0, 0x0, 0x0, 0x9f, 0xff, 0xe0,
    0x0, 0x0, 0x0,

    /* U+0055 "U" */
    0xdf, 0xff, 0xb0, 0x0, 0x0, 0x0, 0x9, 0xff,
    0xfe, 0xdf, 0xff, 0xb0, 0x0, 0x0, 0x0, 0x9,
    0xff, 0xfe, 0xdf, 0xff, 0xb0, 0x0, 0x0, 0x0,
    0x9, 0xff, 0xfe, 0xdf, 0xff, 0xb0, 0x0, 0x0,
    0x0, 0x9, 0xff, 0xfe, 0xdf, 0xff, 0xb0, 0x0,
    0x0, 0x0, 0x9, 0xff, 0xfe, 0xdf, 0xff, 0xb0,
    0x0, 0x0, 0x0, 0x9, 0xff, 0xfe, 0xdf, 0xff,
    0xb0, 0x0, 0x0, 0x0, 0x9, 0xff, 0xfe, 0xdf,
    0xff, 0xb0, 0x0, 0x0, 0x0, 0x9, 0xff, 0xfe,
    0xdf, 0xff, 0xb0, 0x0, 0x0, 0x0, 0x9, 0xff,
    0xfe, 0xdf, 0xff, 0xb0, 0x0, 0x0, 0x0, 0x9,
    0xff, 0xfe, 0xdf, 0xff, 0xb0, 0x0, 0x0, 0x0,
    0x9, 0xff, 0xfe, 0xcf, 0xff, 0xc0, 0x0, 0x0,
    0x0, 0xa, 0xff, 0xfd, 0xaf, 0xff, 0xf0, 0x0,
    0x0, 0x0, 0xe, 0xff, 0xfb, 0x6f, 0xff, 0xf7,
    0x0, 0x0, 0x0, 0x5f, 0xff, 0xf7, 0x1f, 0xff,
    0xff, 0x70, 0x0, 0x6, 0xff, 0xff, 0xf2, 0x8,
    0xff, 0xff, 0xff, 0xdd, 0xff, 0xff, 0xff, 0x90,
    0x0, 0xbf, 0xff, 0xff, 0xff, 0xff, 0xff, 0xfb,
    0x0, 0x0, 0x8, 0xff, 0xff, 0xff, 0xff, 0xff,
    0x80, 0x0, 0x0, 0x0, 0x17, 0xbe, 0xff, 0xeb,
    0x71, 0x0, 0x0,

    /* U+0056 "V" */
    0x1f, 0xff, 0xfd, 0x0, 0x0, 0x0, 0x0, 0x0,
    0x9, 0xff, 0xfe, 0x0, 0x9f, 0xff, 0xf4, 0x0,
    0x0, 0x0, 0x0, 0x0, 0xff, 0xff, 0x80, 0x2,
    0xff, 0xff, 0xb0, 0x0, 0x0, 0x0, 0x0, 0x7f,
    0xff, 0xf1, 0x0, 0xb, 0xff, 0xff, 0x20, 0x0,
    0x0, 0x0, 0xe, 0xff, 0xf9, 0x0, 0x0, 0x4f,
    0xff, 0xf9, 0x0, 0x0, 0x0, 0x5, 0xff, 0xff,
    0x20, 0x0, 0x0, 0xcf, 0xff, 0xf1, 0x0, 0x0,
    0x0, 0xcf, 0xff, 0xb0, 0x0, 0x0, 0x5, 0xff,
    0xff, 0x70, 0x0, 0x0, 0x3f, 0xff, 0xf4, 0x0,
    0x0, 0x0, 0xe, 0xff, 0xfe, 0x0, 0x0, 0xb,
    0xff, 0xfd, 0x0, 0x0, 0x0, 0x0, 0x7f, 0xff,
    0xf6, 0x0, 0x2, 0xff, 0xff, 0x60, 0x0, 0x0,
    0x0, 0x1, 0xff, 0xff, 0xd0, 0x0, 0x9f, 0xff,
    0xe0, 0x0, 0x0, 0x0, 0x0, 0x9, 0xff, 0xff,
    0x40, 0x1f, 0xff, 0xf7, 0x0, 0x0, 0x0, 0x0,
    0x0, 0x2f, 0xff, 0xfb, 0x7, 0xff, 0xff, 0x10,
    0x0, 0x0, 0x0, 0x0, 0x0, 0xbf, 0xff, 0xf2,
    0xef, 0xff, 0x90, 0x0, 0x0, 0x0, 0x0, 0x0,
    0x3, 0xff, 0xff, 0xdf, 0xff, 0xf2, 0x0, 0x0,
    0x0, 0x0, 0x0, 0x0, 0xc, 0xff, 0xff, 0xff,
    0xfb, 0x0, 0x0, 0x0, 0x0, 0x0, 0x0, 0x0,
    0x5f, 0xff, 0xff, 0xff, 0x30, 0x0, 0x0, 0x0,
    0x0, 0x0, 0x0, 0x0, 0xef, 0xff, 0xff, 0xc0,
    0x0, 0x0, 0x0, 0x0, 0x0, 0x0, 0x0, 0x7,
    0xff, 0xff, 0xf5, 0x0, 0x0, 0x0, 0x0, 0x0,
    0x0, 0x0, 0x0, 0x1f, 0xff, 0xfe, 0x0, 0x0,
    0x0, 0x0, 0x0,

    /* U+0057 "W" */
    0x3f, 0xff, 0xf7, 0x0, 0x0, 0x0, 0x0, 0xdf,
    0xff, 0xb0, 0x0, 0x0, 0x0, 0x9, 0xff, 0xfc,
    0xe, 0xff, 0xfc, 0x0, 0x0, 0x0, 0x2, 0xff,
    0xff, 0xf1, 0x0, 0x0, 0x0, 0xe, 0xff, 0xf7,
    0x8, 0xff, 0xff, 0x20, 0x0, 0x0, 0x8, 0xff,
    0xff, 0xf6, 0x0, 0x0, 0x0, 0x3f, 0xff, 0xf1,
    0x3, 0xff, 0xff, 0x70, 0x0, 0x0, 0xd, 0xff,
    0xff, 0xfb, 0x0, 0x0, 0x0, 0x9f, 0xff, 0xc0,
    0x0, 0xdf, 0xff, 0xc0, 0x0, 0x0, 0x3f, 0xff,
    0xff, 0xff, 0x10, 0x0, 0x0, 0xef, 0xff, 0x60,
    0x0, 0x8f, 0xff, 0xf2, 0x0, 0x0, 0x8f, 0xff,
    0xff, 0xff, 0x60, 0x0, 0x4, 0xff, 0xff, 0x10,
    0x0, 0x3f, 0xff, 0xf7, 0x0, 0x0, 0xef, 0xff,
    0xbf, 0xff, 0xb0, 0x0, 0x9, 0xff, 0xfc, 0x0,
    0x0, 0xd, 0xff, 0xfc, 0x0, 0x3, 0xff, 0xfe,
    0x3f, 0xff, 0xf1, 0x0, 0xe, 0xff, 0xf6, 0x0,
    0x0, 0x8, 0xff, 0xff, 0x20, 0x9, 0xff, 0xf8,
    0xd, 0xff, 0xf6, 0x0, 0x4f, 0xff, 0xf1, 0x0,
    0x0, 0x2, 0xff, 0xff, 0x70, 0xe, 0xff, 0xf3,
    0x8, 0xff, 0xfb, 0x0, 0x9f, 0xff, 0xb0, 0x0,
    0x0, 0x0, 0xdf, 0xff, 0xc0, 0x4f, 0xff, 0xd0,
    0x2, 0xff, 0xff, 0x10, 0xef, 0xff, 0x60, 0x0,
    0x0, 0x0, 0x8f, 0xff, 0xf2, 0x9f, 0xff, 0x80,
    0x0, 0xdf, 0xff, 0x64, 0xff, 0xff, 0x10, 0x0,
    0x0, 0x0, 0x2f, 0xff, 0xf7, 0xef, 0xff, 0x20,
    0x0, 0x8f, 0xff, 0xba, 0xff, 0xfb, 0x0, 0x0,
    0x0, 0x0, 0xd, 0xff, 0xff, 0xff, 0xfc, 0x0,
    0x0, 0x2f, 0xff, 0xff, 0xff, 0xf6, 0x0, 0x0,
    0x0, 0x0, 0x7, 0xff, 0xff, 0xff, 0xf7, 0x0,
    0x0, 0xd, 0xff, 0xff, 0xff, 0xf1, 0x0, 0x0,
    0x0, 0x0, 0x2, 0xff, 0xff, 0xff, 0xf1, 0x0,
    0x0, 0x8, 0xff, 0xff, 0xff, 0xb0, 0x0, 0x0,
    0x0, 0x0, 0x0, 0xdf, 0xff, 0xff, 0xc0, 0x0,
    0x0, 0x2, 0xff, 0xff, 0xff, 0x60, 0x0, 0x0,
    0x0, 0x0, 0x0, 0x7f, 0xff, 0xff, 0x60, 0x0,
    0x0, 0x0, 0xdf, 0xff, 0xff, 0x10, 0x0, 0x0,
    0x0, 0x0, 0x0, 0x2f, 0xff, 0xff, 0x10, 0x0,
    0x0, 0x0, 0x7f, 0xff, 0xfb, 0x0, 0x0, 0x0,

    /* U+0058 "X" */
    0x3f, 0xff, 0xfe, 0x10, 0x0, 0x0, 0x0, 0xdf,
    0xff, 0xe2, 0x7, 0xff, 0xff, 0xa0, 0x0, 0x0,
    0x9, 0xff, 0xff, 0x50, 0x0, 0xbf, 0xff, 0xf6,
    0x0, 0x0, 0x4f, 0xff, 0xf9, 0x0, 0x0, 0x1e,
    0xff, 0xff, 0x20, 0x1, 0xef, 0xff, 0xc0, 0x0,
    0x0, 0x3, 0xff, 0xff, 0xd0, 0xb, 0xff, 0xff,
    0x20, 0x0, 0x0, 0x0, 0x7f, 0xff, 0xf9, 0x7f,
    0xff, 0xf5, 0x0, 0x0, 0x0, 0x0, 0xb, 0xff,
    0xff, 0xff, 0xff, 0x90, 0x0, 0x0, 0x0, 0x0,
    0x1, 0xef, 0xff, 0xff, 0xfc, 0x0, 0x0, 0x0,
    0x0, 0x0, 0x0, 0x4f, 0xff, 0xff, 0xf2, 0x0,
    0x0, 0x0, 0x0, 0x0, 0x0, 0xd, 0xff, 0xff,
    0xd0, 0x0, 0x0, 0x0, 0x0, 0x0, 0x0, 0x8f,
    0xff, 0xff, 0xf9, 0x0, 0x0, 0x0, 0x0, 0x0,
    0x4, 0xff, 0xff, 0xff, 0xff, 0x50, 0x0, 0x0,
    0x0, 0x0, 0x1e, 0xff, 0xfd, 0xef, 0xff, 0xf2,
    0x0, 0x0, 0x0, 0x0, 0xcf, 0xff, 0xf3, 0x4f,
    0xff, 0xfc, 0x0, 0x0, 0x0, 0x8, 0xff, 0xff,
    0x70, 0x9, 0xff, 0xff, 0x80, 0x0, 0x0, 0x4f,
    0xff, 0xfc, 0x0, 0x0, 0xdf, 0xff, 0xf4, 0x0,
    0x1, 0xef, 0xff, 0xf1, 0x0, 0x0, 0x2f, 0xff,
    0xfe, 0x10, 0xc, 0xff, 0xff, 0x50, 0x0, 0x0,
    0x6, 0xff, 0xff, 0xc0, 0x8f, 0xff, 0xfa, 0x0,
    0x0, 0x0, 0x0, 0xaf, 0xff, 0xf8,

    /* U+0059 "Y" */
    0x1f, 0xff, 0xfb, 0x0, 0x0, 0x0, 0x0, 0x6,
    0xff, 0xff, 0x10, 0x7f, 0xff, 0xf5, 0x0, 0x0,
    0x0, 0x1, 0xff, 0xff, 0x60, 0x0, 0xdf, 0xff,
    0xe1, 0x0, 0x0, 0x0, 0xaf, 0xff, 0xc0, 0x0,
    0x3, 0xff, 0xff, 0x90, 0x0, 0x0, 0x4f, 0xff,
    0xf3, 0x0, 0x0, 0x9, 0xff, 0xff, 0x30, 0x0,
    0xd, 0xff, 0xf8, 0x0, 0x0, 0x0, 0x1e, 0xff,
    0xfd, 0x0, 0x8, 0xff, 0xfe, 0x0, 0x0, 0x0,
    0x0, 0x5f, 0xff, 0xf7, 0x2, 0xff, 0xff, 0x40,
    0x0, 0x0, 0x0, 0x0, 0xbf, 0xff, 0xf1, 0xcf,
    0xff, 0xb0, 0x0, 0x0, 0x0, 0x0, 0x2, 0xff,
    0xff, 0xef, 0xff, 0xf1, 0x0, 0x0, 0x0, 0x0,
    0x0, 0x7, 0xff, 0xff, 0xff, 0xf7, 0x0, 0x0,
    0x0, 0x0, 0x0, 0x0, 0xd, 0xff, 0xff, 0xfd,
    0x0, 0x0, 0x0, 0x0, 0x0, 0x0, 0x0, 0x3f,
    0xff, 0xff, 0x30, 0x0, 0x0, 0x0, 0x0, 0x0,
    0x0, 0x0, 0xcf, 0xff, 0xc0, 0x0, 0x0, 0x0,
    0x0, 0x0, 0x0, 0x0, 0xc, 0xff, 0xfb, 0x0,
    0x0, 0x0, 0x0, 0x0, 0x0, 0x0, 0x0, 0xcf,
    0xff, 0xb0, 0x0, 0x0, 0x0, 0x0, 0x0, 0x0,
    0x0, 0xc, 0xff, 0xfb, 0x0, 0x0, 0x0, 0x0,
    0x0, 0x0, 0x0, 0x0, 0xcf, 0xff, 0xb0, 0x0,
    0x0, 0x0, 0x0, 0x0, 0x0, 0x0, 0xc, 0xff,
    0xfb, 0x0, 0x0, 0x0, 0x0, 0x0, 0x0, 0x0,
    0x0, 0xcf, 0xff, 0xb0, 0x0, 0x0, 0x0, 0x0,

    /* U+005A "Z" */
    0xbf, 0xff, 0xff, 0xff, 0xff, 0xff, 0xff, 0xff,
    0xc0, 0xbf, 0xff, 0xff, 0xff, 0xff, 0xff, 0xff,
    0xff, 0xc0, 0xbf, 0xff, 0xff, 0xff, 0xff, 0xff,
    0xff, 0xff, 0xc0, 0x7a, 0xaa, 0xaa, 0xaa, 0xaa,
    0xcf, 0xff, 0xff, 0x40, 0x0, 0x0, 0x0, 0x0,
    0x1, 0xdf, 0xff, 0xf6, 0x0, 0x0, 0x0, 0x0,
    0x0, 0xc, 0xff, 0xff, 0x80, 0x0, 0x0, 0x0,
    0x0, 0x0, 0xaf, 0xff, 0xfa, 0x0, 0x0, 0x0,
    0x0, 0x0, 0x8, 0xff, 0xff, 0xc0, 0x0, 0x0,
    0x0, 0x0, 0x0, 0x6f, 0xff, 0xfd, 0x10, 0x0,
    0x0, 0x0, 0x0, 0x4, 0xff, 0xff, 0xf2, 0x0,
    0x0, 0x0, 0x0, 0x0, 0x2f, 0xff, 0xff, 0x40,
    0x0, 0x0, 0x0, 0x0, 0x1, 0xef, 0xff, 0xf6,
    0x0, 0x0, 0x0, 0x0, 0x0, 0xc, 0xff, 0xff,
    0x80, 0x0, 0x0, 0x0, 0x0, 0x0, 0xaf, 0xff,
    0xfa, 0x0, 0x0, 0x0, 0x0, 0x0, 0x8, 0xff,
    0xff, 0xc0, 0x0, 0x0, 0x0, 0x0, 0x0, 0x6f,
    0xff, 0xff, 0xba, 0xaa, 0xaa, 0xaa, 0xaa, 0xa2,
    0xef, 0xff, 0xff, 0xff, 0xff, 0xff, 0xff, 0xff,
    0xf3, 0xff, 0xff, 0xff, 0xff, 0xff, 0xff, 0xff,
    0xff, 0xf3, 0xff, 0xff, 0xff, 0xff, 0xff, 0xff,
    0xff, 0xff, 0xf3,

    /* U+005B "[" */
    0xaf, 0xff, 0xff, 0xfe, 0xaf, 0xff, 0xff, 0xfe,
    0xaf, 0xff, 0xff, 0xfe, 0xaf, 0xff, 0xc5, 0x54,
    0xaf, 0xff, 0xb0, 0x0, 0xaf, 0xff, 0xb0, 0x0,
    0xaf, 0xff, 0xb0, 0x0, 0xaf, 0xff, 0xb0, 0x0,
    0xaf, 0xff, 0xb0, 0x0, 0xaf, 0xff, 0xb0, 0x0,
    0xaf, 0xff, 0xb0, 0x0, 0xaf, 0xff, 0xb0, 0x0,
    0xaf, 0xff, 0xb0, 0x0, 0xaf, 0xff, 0xb0, 0x0,
    0xaf, 0xff, 0xb0, 0x0, 0xaf, 0xff, 0xb0, 0x0,
    0xaf, 0xff, 0xb0, 0x0, 0xaf, 0xff, 0xb0, 0x0,
    0xaf, 0xff, 0xb0, 0x0, 0xaf, 0xff, 0xb0, 0x0,
    0xaf, 0xff, 0xb0, 0x0, 0xaf, 0xff, 0xb0, 0x0,
    0xaf, 0xff, 0xc5, 0x54, 0xaf, 0xff, 0xff, 0xfe,
    0xaf, 0xff, 0xff, 0xfe, 0xaf, 0xff, 0xff, 0xfe,

    /* U+005C "\\" */
    0xf, 0xff, 0xd0, 0x0, 0x0, 0x0, 0x0, 0xa,
    0xff, 0xf3, 0x0, 0x0, 0x0, 0x0, 0x5, 0xff,
    0xf9, 0x0, 0x0, 0x0, 0x0, 0x0, 0xef, 0xfe,
    0x0, 0x0, 0x0, 0x0, 0x0, 0x9f, 0xff, 0x40,
    0x0, 0x0, 0x0, 0x0, 0x4f, 0xff, 0xa0, 0x0,
    0x0, 0x0, 0x0, 0xe, 0xff, 0xf0, 0x0, 0x0,
    0x0, 0x0, 0x8, 0xff, 0xf5, 0x0, 0x0, 0x0,
    0x0, 0x2, 0xff, 0xfb, 0x0, 0x0, 0x0, 0x0,
    0x0, 0xdf, 0xff, 0x10, 0x0, 0x0, 0x0, 0x0,
    0x7f, 0xff, 0x60, 0x0, 0x0, 0x0, 0x0, 0x1f,
    0xff, 0xc0, 0x0, 0x0, 0x0, 0x0, 0xc, 0xff,
    0xf2, 0x0, 0x0, 0x0, 0x0, 0x6, 0xff, 0xf7,
    0x0, 0x0, 0x0, 0x0, 0x1, 0xff, 0xfd, 0x0,
    0x0, 0x0, 0x0, 0x0, 0xbf, 0xff, 0x30, 0x0,
    0x0, 0x0, 0x0, 0x5f, 0xff, 0x80, 0x0, 0x0,
    0x0, 0x0, 0xf, 0xff, 0xe0, 0x0, 0x0, 0x0,
    0x0, 0xa, 0xff, 0xf4, 0x0, 0x0, 0x0, 0x0,
    0x4, 0xff, 0xf9, 0x0, 0x0, 0x0, 0x0, 0x0,
    0xef, 0xff, 0x0, 0x0, 0x0, 0x0, 0x0, 0x9f,
    0xff, 0x50, 0x0, 0x0, 0x0, 0x0, 0x3f, 0xff,
    0xa0, 0x0, 0x0, 0x0, 0x0, 0xd, 0xff, 0xf1,
    0x0, 0x0, 0x0, 0x0, 0x8, 0xff, 0xf6, 0x0,
    0x0, 0x0, 0x0, 0x2, 0xff, 0xfb,

    /* U+005D "]" */
    0x9f, 0xff, 0xff, 0xff, 0x9f, 0xff, 0xff, 0xff,
    0x9f, 0xff, 0xff, 0xff, 0x35, 0x59, 0xff, 0xff,
    0x0, 0x6, 0xff, 0xff, 0x0, 0x6, 0xff, 0xff,
    0x0, 0x6, 0xff, 0xff, 0x0, 0x6, 0xff, 0xff,
    0x0, 0x6, 0xff, 0xff, 0x0, 0x6, 0xff, 0xff,
    0x0, 0x6, 0xff, 0xff, 0x0, 0x6, 0xff, 0xff,
    0x0, 0x6, 0xff, 0xff, 0x0, 0x6, 0xff, 0xff,
    0x0, 0x6, 0xff, 0xff, 0x0, 0x6, 0xff, 0xff,
    0x0, 0x6, 0xff, 0xff, 0x0, 0x6, 0xff, 0xff,
    0x0, 0x6, 0xff, 0xff, 0x0, 0x6, 0xff, 0xff,
    0x0, 0x6, 0xff, 0xff, 0x0, 0x6, 0xff, 0xff,
    0x35, 0x59, 0xff, 0xff, 0x9f, 0xff, 0xff, 0xff,
    0x9f, 0xff, 0xff, 0xff, 0x9f, 0xff, 0xff, 0xff,

    /* U+005E "^" */
    0x0, 0x0, 0x3, 0x88, 0x82, 0x0, 0x0, 0x0,
    0x0, 0x0, 0xcf, 0xff, 0x90, 0x0, 0x0, 0x0,
    0x0, 0x3f, 0xff, 0xff, 0x10, 0x0, 0x0, 0x0,
    0xa, 0xff, 0xff, 0xf7, 0x0, 0x0, 0x0, 0x1,
    0xff, 0xf7, 0xff, 0xe0, 0x0, 0x0, 0x0, 0x8f,
    0xfb, 0xe, 0xff, 0x50, 0x0, 0x0, 0xe, 0xff,
    0x40, 0x7f, 0xfc, 0x0, 0x0, 0x6, 0xff, 0xd0,
    0x1, 0xff, 0xf3, 0x0, 0x0, 0xdf, 0xf7, 0x0,
    0xa, 0xff, 0xa0, 0x0, 0x4f, 0xff, 0x10, 0x0,
    0x3f, 0xff, 0x10, 0xb, 0xff, 0x90, 0x0, 0x0,
    0xcf, 0xf8, 0x2, 0xff, 0xf2, 0x0, 0x0, 0x5,
    0xff, 0xe0,

    /* U+005F "_" */
    0x77, 0x77, 0x77, 0x77, 0x77, 0x77, 0x77, 0xff,
    0xff, 0xff, 0xff, 0xff, 0xff, 0xff, 0xff, 0xff,
    0xff, 0xff, 0xff, 0xff, 0xff,

    /* U+0060 "`" */
    0x1c, 0xff, 0xfa, 0x0, 0x0, 0x9, 0xff, 0xf9,
    0x0, 0x0, 0x6, 0xff, 0xf8, 0x0, 0x0, 0x3,
    0xef, 0xf7,

    /* U+0061 "a" */
    0x0, 0x27, 0xbe, 0xff, 0xeb, 0x71, 0x0, 0x1,
    0xbf, 0xff, 0xff, 0xff, 0xff, 0xe5, 0x0, 0x1f,
    0xff, 0xff, 0xff, 0xff, 0xff, 0xf3, 0x0, 0x7f,
    0xea, 0x76, 0x8c, 0xff, 0xff, 0xc0, 0x0, 0x60,
    0x0, 0x0, 0x9, 0xff, 0xff, 0x10, 0x0, 0x0,
    0x0, 0x0, 0x2f, 0xff, 0xf4, 0x0, 0x49, 0xde,
    0xff, 0xff, 0xff, 0xff, 0x50, 0xaf, 0xff, 0xff,
    0xff, 0xff, 0xff, 0xf5, 0x7f, 0xff, 0xfb, 0x88,
    0x88, 0xff, 0xff, 0x5d, 0xff, 0xf8, 0x0, 0x0,
    0xf, 0xff, 0xf5, 0xef, 0xff, 0x50, 0x0, 0x4,
    0xff, 0xff, 0x5c, 0xff, 0xfc, 0x20, 0x5, 0xef,
    0xff, 0xf5, 0x6f, 0xff, 0xff, 0xef, 0xff, 0xff,
    0xff, 0x50, 0x9f, 0xff, 0xff, 0xff, 0xcc, 0xff,
    0xf5, 0x0, 0x4a, 0xef, 0xec, 0x60, 0xcf, 0xff,
    0x50,

    /* U+0062 "b" */
    0x99, 0x99, 0x30, 0x0, 0x0, 0x0, 0x0, 0x0,
    0xf, 0xff, 0xf6, 0x0, 0x0, 0x0, 0x0, 0x0,
    0x0, 0xff, 0xff, 0x60, 0x0, 0x0, 0x0, 0x0,
    0x0, 0xf, 0xff, 0xf6, 0x0, 0x0, 0x0, 0x0,
    0x0, 0x0, 0xff, 0xff, 0x60, 0x0, 0x0, 0x0,
    0x0, 0x0, 0xf, 0xff, 0xf6, 0x0, 0x0, 0x0,
    0x0, 0x0, 0x0, 0xff, 0xff, 0x62, 0x8d, 0xfe,
    0xd8, 0x20, 0x0, 0xf, 0xff, 0xfa, 0xff, 0xff,
    0xff, 0xff, 0x80, 0x0, 0xff, 0xff, 0xff, 0xff,
    0xff, 0xff, 0xff, 0xa0, 0xf, 0xff, 0xff, 0xfe,
    0x98, 0xcf, 0xff, 0xff, 0x50, 0xff, 0xff, 0xf9,
    0x0, 0x0, 0x4f, 0xff, 0xfd, 0xf, 0xff, 0xfc,
    0x0, 0x0, 0x0, 0x7f, 0xff, 0xf2, 0xff, 0xff,
    0x70, 0x0, 0x0, 0x2, 0xff, 0xff, 0x4f, 0xff,
    0xf5, 0x0, 0x0, 0x0, 0xf, 0xff, 0xf6, 0xff,
    0xff, 0x70, 0x0, 0x0, 0x2, 0xff, 0xff, 0x4f,
    0xff, 0xfc, 0x0, 0x0, 0x0, 0x7f, 0xff, 0xf2,
    0xff, 0xff, 0xf8, 0x0, 0x0, 0x4f, 0xff, 0xfd,
    0xf, 0xff, 0xff, 0xfd, 0x98, 0xcf, 0xff, 0xff,
    0x50, 0xff, 0xff, 0xff, 0xff, 0xff, 0xff, 0xff,
    0x90, 0xf, 0xff, 0xf8, 0xff, 0xff, 0xff, 0xff,
    0x80, 0x0, 0xff, 0xff, 0x32, 0x9d, 0xfe, 0xd8,
    0x20, 0x0, 0x0,

    /* U+0063 "c" */
    0x0, 0x0, 0x3, 0x9d, 0xef, 0xdb, 0x60, 0x0,
    0x0, 0x0, 0x1b, 0xff, 0xff, 0xff, 0xff, 0xe3,
    0x0, 0x0, 0x2e, 0xff, 0xff, 0xff, 0xff, 0xff,
    0xf3, 0x0, 0xd, 0xff, 0xff, 0xe9, 0x8b, 0xff,
    0xff, 0xc0, 0x7, 0xff, 0xff, 0x90, 0x0, 0x4,
    0xff, 0x81, 0x0, 0xdf, 0xff, 0xc0, 0x0, 0x0,
    0x3, 0x10, 0x0, 0xf, 0xff, 0xf7, 0x0, 0x0,
    0x0, 0x0, 0x0, 0x1, 0xff, 0xff, 0x50, 0x0,
    0x0, 0x0, 0x0, 0x0, 0xf, 0xff, 0xf7, 0x0,
    0x0, 0x0, 0x0, 0x0, 0x0, 0xdf, 0xff, 0xc0,
    0x0, 0x0, 0x3, 0x10, 0x0, 0x7, 0xff, 0xff,
    0x90, 0x0, 0x3, 0xff, 0x81, 0x0, 0xd, 0xff,
    0xff, 0xe9, 0x8b, 0xff, 0xff, 0xc0, 0x0, 0x2e,
    0xff, 0xff, 0xff, 0xff, 0xff, 0xf3, 0x0, 0x0,
    0x1b, 0xff, 0xff, 0xff, 0xff, 0xe3, 0x0, 0x0,
    0x0, 0x3, 0x9d, 0xef, 0xdb, 0x60, 0x0, 0x0,

    /* U+0064 "d" */
    0x0, 0x0, 0x0, 0x0, 0x0, 0x0, 0x9, 0x99,
    0x93, 0x0, 0x0, 0x0, 0x0, 0x0, 0x0, 0xf,
    0xff, 0xf5, 0x0, 0x0, 0x0, 0x0, 0x0, 0x0,
    0xf, 0xff, 0xf5, 0x0, 0x0, 0x0, 0x0, 0x0,
    0x0, 0xf, 0xff, 0xf5, 0x0, 0x0, 0x0, 0x0,
    0x0, 0x0, 0xf, 0xff, 0xf5, 0x0, 0x0, 0x0,
    0x0, 0x0, 0x0, 0xf, 0xff, 0xf5, 0x0, 0x0,
    0x6, 0xbe, 0xfe, 0xb4, 0xf, 0xff, 0xf5, 0x0,
    0x4, 0xef, 0xff, 0xff, 0xff, 0xaf, 0xff, 0xf5,
    0x0, 0x4f, 0xff, 0xff, 0xff, 0xff, 0xff, 0xff,
    0xf5, 0x1, 0xef, 0xff, 0xfe, 0x98, 0xbf, 0xff,
    0xff, 0xf5, 0x7, 0xff, 0xff, 0x90, 0x0, 0x4,
    0xff, 0xff, 0xf5, 0xc, 0xff, 0xfd, 0x0, 0x0,
    0x0, 0x6f, 0xff, 0xf5, 0xe, 0xff, 0xf8, 0x0,
    0x0, 0x0, 0xf, 0xff, 0xf5, 0xf, 0xff, 0xf6,
    0x0, 0x0, 0x0, 0xf, 0xff, 0xf5, 0xe, 0xff,
    0xf8, 0x0, 0x0, 0x0, 0xf, 0xff, 0xf5, 0xc,
    0xff, 0xfd, 0x0, 0x0, 0x0, 0x6f, 0xff, 0xf5,
    0x7, 0xff, 0xff, 0x90, 0x0, 0x3, 0xff, 0xff,
    0xf5, 0x1, 0xef, 0xff, 0xfe, 0x98, 0xbf, 0xff,
    0xff, 0xf5, 0x0, 0x4f, 0xff, 0xff, 0xff, 0xff,
    0xff, 0xff, 0xf5, 0x0, 0x4, 0xef, 0xff, 0xff,
    0xff, 0xad, 0xff, 0xf5, 0x0, 0x0, 0x6, 0xbe,
    0xfe, 0xb5, 0xd, 0xff, 0xf5,

    /* U+0065 "e" */
    0x0, 0x0, 0x4, 0xad, 0xff, 0xd9, 0x40, 0x0,
    0x0, 0x0, 0x2c, 0xff, 0xff, 0xff, 0xff, 0xb1,
    0x0, 0x0, 0x3f, 0xff, 0xff, 0xff, 0xff, 0xff,
    0xe1, 0x0, 0x1e, 0xff, 0xfe, 0x74, 0x48, 0xff,
    0xff, 0xb0, 0x8, 0xff, 0xfe, 0x10, 0x0, 0x2,
    0xef, 0xff, 0x30, 0xdf, 0xff, 0x60, 0x0, 0x0,
    0x8, 0xff, 0xf8, 0xf, 0xff, 0xff, 0xff, 0xff,
    0xff, 0xff, 0xff, 0xb1, 0xff, 0xff, 0xff, 0xff,
    0xff, 0xff, 0xff, 0xfc, 0xf, 0xff, 0xfb, 0x88,
    0x88, 0x88, 0x88, 0x88, 0x50, 0xdf, 0xff, 0xb0,
    0x0, 0x0, 0x0, 0x0, 0x0, 0x7, 0xff, 0xff,
    0x80, 0x0, 0x0, 0x3a, 0x0, 0x0, 0xd, 0xff,
    0xff, 0xd8, 0x78, 0xcf, 0xfa, 0x0, 0x0, 0x2e,
    0xff, 0xff, 0xff, 0xff, 0xff, 0xf7, 0x0, 0x0,
    0x1b, 0xff, 0xff, 0xff, 0xff, 0xf9, 0x0, 0x0,
    0x0, 0x3, 0x9c, 0xef, 0xec, 0x82, 0x0, 0x0,

    /* U+0066 "f" */
    0x0, 0x0, 0x0, 0x25, 0x54, 0x10, 0x0, 0x0,
    0x5d, 0xff, 0xff, 0xf7, 0x0, 0x7, 0xff, 0xff,
    0xff, 0xf4, 0x0, 0x1f, 0xff, 0xff, 0xff, 0xe0,
    0x0, 0x5f, 0xff, 0xf5, 0x1, 0x30, 0x0, 0x7f,
    0xff, 0xd0, 0x0, 0x0, 0xcf, 0xff, 0xff, 0xff,
    0xff, 0xa0, 0xcf, 0xff, 0xff, 0xff, 0xff, 0xa0,
    0xcf, 0xff, 0xff, 0xff, 0xff, 0xa0, 0x34, 0x9f,
    0xff, 0xf4, 0x44, 0x30, 0x0, 0x7f, 0xff, 0xe0,
    0x0, 0x0, 0x0, 0x7f, 0xff, 0xe0, 0x0, 0x0,
    0x0, 0x7f, 0xff, 0xe0, 0x0, 0x0, 0x0, 0x7f,
    0xff, 0xe0, 0x0, 0x0, 0x0, 0x7f, 0xff, 0xe0,
    0x0, 0x0, 0x0, 0x7f, 0xff, 0xe0, 0x0, 0x0,
    0x0, 0x7f, 0xff, 0xe0, 0x0, 0x0, 0x0, 0x7f,
    0xff, 0xe0, 0x0, 0x0, 0x0, 0x7f, 0xff, 0xe0,
    0x0, 0x0, 0x0, 0x7f, 0xff, 0xe0, 0x0, 0x0,
    0x0, 0x7f, 0xff, 0xe0, 0x0, 0x0,

    /* U+0067 "g" */
    0x0, 0x0, 0x17, 0xce, 0xfe, 0xb5, 0x9, 0xff,
    0xf9, 0x0, 0x6, 0xff, 0xff, 0xff, 0xff, 0xba,
    0xff, 0xf9, 0x0, 0x7f, 0xff, 0xff, 0xff, 0xff,
    0xff, 0xff, 0xf9, 0x4, 0xff, 0xff, 0xfd, 0x98,
    0xaf, 0xff, 0xff, 0xf9, 0xb, 0xff, 0xff, 0x60,
    0x0, 0x1, 0xcf, 0xff, 0xf9, 0xf, 0xff, 0xf9,
    0x0, 0x0, 0x0, 0x1f, 0xff, 0xf9, 0x1f, 0xff,
    0xf5, 0x0, 0x0, 0x0, 0xc, 0xff, 0xf9, 0xf,
    0xff, 0xf6, 0x0, 0x0, 0x0, 0xd, 0xff, 0xf9,
    0xe, 0xff, 0xfd, 0x10, 0x0, 0x0, 0x5f, 0xff,
    0xf9, 0x8, 0xff, 0xff, 0xd5, 0x10, 0x28, 0xff,
    0xff, 0xf9, 0x0, 0xdf, 0xff, 0xff, 0xff, 0xff,
    0xff, 0xff, 0xf9, 0x0, 0x2d, 0xff, 0xff, 0xff,
    0xff, 0xff, 0xff, 0xf9, 0x0, 0x0, 0x9f, 0xff,
    0xff, 0xfd, 0x4d, 0xff, 0xf8, 0x0, 0x0, 0x0,
    0x46, 0x76, 0x30, 0xe, 0xff, 0xf7, 0x0, 0x0,
    0x0, 0x0, 0x0, 0x0, 0x3f, 0xff, 0xf4, 0x0,
    0xe, 0x81, 0x0, 0x0, 0x1, 0xdf, 0xff, 0xf0,
    0x0, 0x8f, 0xff, 0xc8, 0x77, 0xaf, 0xff, 0xff,
    0x90, 0x1, 0xff, 0xff, 0xff, 0xff, 0xff, 0xff,
    0xfd, 0x10, 0x0, 0x7e, 0xff, 0xff, 0xff, 0xff,
    0xff, 0xb1, 0x0, 0x0, 0x0, 0x59, 0xce, 0xff,
    0xec, 0x83, 0x0, 0x0,

    /* U+0068 "h" */
    0x66, 0x66, 0x20, 0x0, 0x0, 0x0, 0x0, 0x0,
    0xff, 0xff, 0x60, 0x0, 0x0, 0x0, 0x0, 0x0,
    0xff, 0xff, 0x60, 0x0, 0x0, 0x0, 0x0, 0x0,
    0xff, 0xff, 0x60, 0x0, 0x0, 0x0, 0x0, 0x0,
    0xff, 0xff, 0x60, 0x0, 0x0, 0x0, 0x0, 0x0,
    0xff, 0xff, 0x60, 0x0, 0x0, 0x0, 0x0, 0x0,
    0xff, 0xff, 0x61, 0x7c, 0xef, 0xd9, 0x30, 0x0,
    0xff, 0xff, 0xae, 0xff, 0xff, 0xff, 0xf7, 0x0,
    0xff, 0xff, 0xff, 0xff, 0xff, 0xff, 0xff, 0x50,
    0xff, 0xff, 0xff, 0xfc, 0xcf, 0xff, 0xff, 0xd0,
    0xff, 0xff, 0xfa, 0x0, 0x1, 0xdf, 0xff, 0xf2,
    0xff, 0xff, 0xd0, 0x0, 0x0, 0x4f, 0xff, 0xf5,
    0xff, 0xff, 0x80, 0x0, 0x0, 0xf, 0xff, 0xf6,
    0xff, 0xff, 0x60, 0x0, 0x0, 0xf, 0xff, 0xf6,
    0xff, 0xff, 0x60, 0x0, 0x0, 0xf, 0xff, 0xf6,
    0xff, 0xff, 0x60, 0x0, 0x0, 0xf, 0xff, 0xf6,
    0xff, 0xff, 0x60, 0x0, 0x0, 0xf, 0xff, 0xf6,
    0xff, 0xff, 0x60, 0x0, 0x0, 0xf, 0xff, 0xf6,
    0xff, 0xff, 0x60, 0x0, 0x0, 0xf, 0xff, 0xf6,
    0xff, 0xff, 0x60, 0x0, 0x0, 0xf, 0xff, 0xf6,
    0xff, 0xff, 0x60, 0x0, 0x0, 0xf, 0xff, 0xf6,

    /* U+0069 "i" */
    0x3, 0xab, 0x70, 0x3f, 0xff, 0xf9, 0x7f, 0xff,
    0xfd, 0x4f, 0xff, 0xfa, 0x7, 0xef, 0xb1, 0x0,
    0x0, 0x0, 0x0, 0x0, 0x0, 0xf, 0xff, 0xf6,
    0xf, 0xff, 0xf6, 0xf, 0xff, 0xf6, 0xf, 0xff,
    0xf6, 0xf, 0xff, 0xf6, 0xf, 0xff, 0xf6, 0xf,
    0xff, 0xf6, 0xf, 0xff, 0xf6, 0xf, 0xff, 0xf6,
    0xf, 0xff, 0xf6, 0xf, 0xff, 0xf6, 0xf, 0xff,
    0xf6, 0xf, 0xff, 0xf6, 0xf, 0xff, 0xf6, 0xf,
    0xff, 0xf6,

    /* U+006A "j" */
    0x0, 0x0, 0x4, 0xdf, 0xc3, 0x0, 0x0, 0x1,
    0xff, 0xff, 0xe0, 0x0, 0x0, 0x4f, 0xff, 0xff,
    0x0, 0x0, 0x0, 0xef, 0xff, 0xb0, 0x0, 0x0,
    0x2, 0x9b, 0x81, 0x0, 0x0, 0x0, 0x0, 0x0,
    0x0, 0x0, 0x0, 0x0, 0x0, 0x0, 0x0, 0x0,
    0x0, 0xcf, 0xff, 0x90, 0x0, 0x0, 0xc, 0xff,
    0xf9, 0x0, 0x0, 0x0, 0xcf, 0xff, 0x90, 0x0,
    0x0, 0xc, 0xff, 0xf9, 0x0, 0x0, 0x0, 0xcf,
    0xff, 0x90, 0x0, 0x0, 0xc, 0xff, 0xf9, 0x0,
    0x0, 0x0, 0xcf, 0xff, 0x90, 0x0, 0x0, 0xc,
    0xff, 0xf9, 0x0, 0x0, 0x0, 0xcf, 0xff, 0x90,
    0x0, 0x0, 0xc, 0xff, 0xf9, 0x0, 0x0, 0x0,
    0xcf, 0xff, 0x90, 0x0, 0x0, 0xc, 0xff, 0xf9,
    0x0, 0x0, 0x0, 0xcf, 0xff, 0x90, 0x0, 0x0,
    0xc, 0xff, 0xf9, 0x0, 0x0, 0x0, 0xcf, 0xff,
    0x90, 0x0, 0x0, 0xf, 0xff, 0xf7, 0x0, 0x88,
    0x7c, 0xff, 0xff, 0x40, 0xe, 0xff, 0xff, 0xff,
    0xd0, 0x5, 0xff, 0xff, 0xff, 0xe2, 0x0, 0x3a,
    0xdf, 0xfd, 0x81, 0x0, 0x0,

    /* U+006B "k" */
    0x66, 0x66, 0x20, 0x0, 0x0, 0x0, 0x0, 0x0,
    0xf, 0xff, 0xf6, 0x0, 0x0, 0x0, 0x0, 0x0,
    0x0, 0xff, 0xff, 0x60, 0x0, 0x0, 0x0, 0x0,
    0x0, 0xf, 0xff, 0xf6, 0x0, 0x0, 0x0, 0x0,
    0x0, 0x0, 0xff, 0xff, 0x60, 0x0, 0x0, 0x0,
    0x0, 0x0, 0xf, 0xff, 0xf6, 0x0, 0x0, 0x0,
    0x0, 0x0, 0x0, 0xff, 0xff, 0x60, 0x0, 0x0,
    0xbf, 0xff, 0xf7, 0xf, 0xff, 0xf6, 0x0, 0x0,
    0xcf, 0xff, 0xf7, 0x0, 0xff, 0xff, 0x60, 0x1,
    0xcf, 0xff, 0xf8, 0x0, 0xf, 0xff, 0xf6, 0x1,
    0xdf, 0xff, 0xf8, 0x0, 0x0, 0xff, 0xff, 0x62,
    0xdf, 0xff, 0xf8, 0x0, 0x0, 0xf, 0xff, 0xf8,
    0xef, 0xff, 0xf8, 0x0, 0x0, 0x0, 0xff, 0xff,
    0xff, 0xff, 0xfe, 0x0, 0x0, 0x0, 0xf, 0xff,
    0xff, 0xff, 0xff, 0xf9, 0x0, 0x0, 0x0, 0xff,
    0xff, 0xff, 0xff, 0xff, 0xf6, 0x0, 0x0, 0xf,
    0xff, 0xff, 0xe6, 0xff, 0xff, 0xf3, 0x0, 0x0,
    0xff, 0xff, 0xe2, 0x6, 0xff, 0xff, 0xe1, 0x0,
    0xf, 0xff, 0xf6, 0x0, 0x9, 0xff, 0xff, 0xb0,
    0x0, 0xff, 0xff, 0x60, 0x0, 0xc, 0xff, 0xff,
    0x80, 0xf, 0xff, 0xf6, 0x0, 0x0, 0x1e, 0xff,
    0xff, 0x50, 0xff, 0xff, 0x60, 0x0, 0x0, 0x3f,
    0xff, 0xff, 0x20,

    /* U+006C "l" */
    0x66, 0x66, 0x2f, 0xff, 0xf6, 0xff, 0xff, 0x6f,
    0xff, 0xf6, 0xff, 0xff, 0x6f, 0xff, 0xf6, 0xff,
    0xff, 0x6f, 0xff, 0xf6, 0xff, 0xff, 0x6f, 0xff,
    0xf6, 0xff, 0xff, 0x6f, 0xff, 0xf6, 0xff, 0xff,
    0x6f, 0xff, 0xf6, 0xff, 0xff, 0x6f, 0xff, 0xf6,
    0xff, 0xff, 0x6f, 0xff, 0xf6, 0xff, 0xff, 0x6f,
    0xff, 0xf6, 0xff, 0xff, 0x60,

    /* U+006D "m" */
    0xff, 0xff, 0x33, 0x9d, 0xfe, 0xc8, 0x10, 0x1,
    0x7c, 0xef, 0xda, 0x30, 0x0, 0xff, 0xff, 0xaf,
    0xff, 0xff, 0xff, 0xf4, 0x5f, 0xff, 0xff, 0xff,
    0xf8, 0x0, 0xff, 0xff, 0xff, 0xff, 0xff, 0xff,
    0xff, 0xff, 0xff, 0xff, 0xff, 0xff, 0x60, 0xff,
    0xff, 0xff, 0xb8, 0xaf, 0xff, 0xff, 0xff, 0xe9,
    0x8c, 0xff, 0xff, 0xe0, 0xff, 0xff, 0xf5, 0x0,
    0x3, 0xff, 0xff, 0xfc, 0x10, 0x0, 0xaf, 0xff,
    0xf3, 0xff, 0xff, 0xb0, 0x0, 0x0, 0xaf, 0xff,
    0xf4, 0x0, 0x0, 0x2f, 0xff, 0xf5, 0xff, 0xff,
    0x70, 0x0, 0x0, 0x8f, 0xff, 0xf0, 0x0, 0x0,
    0xf, 0xff, 0xf7, 0xff, 0xff, 0x60, 0x0, 0x0,
    0x7f, 0xff, 0xe0, 0x0, 0x0, 0xe, 0xff, 0xf7,
    0xff, 0xff, 0x60, 0x0, 0x0, 0x7f, 0xff, 0xe0,
    0x0, 0x0, 0xe, 0xff, 0xf7, 0xff, 0xff, 0x60,
    0x0, 0x0, 0x7f, 0xff, 0xe0, 0x0, 0x0, 0xe,
    0xff, 0xf7, 0xff, 0xff, 0x60, 0x0, 0x0, 0x7f,
    0xff, 0xe0, 0x0, 0x0, 0xe, 0xff, 0xf7, 0xff,
    0xff, 0x60, 0x0, 0x0, 0x7f, 0xff, 0xe0, 0x0,
    0x0, 0xe, 0xff, 0xf7, 0xff, 0xff, 0x60, 0x0,
    0x0, 0x7f, 0xff, 0xe0, 0x0, 0x0, 0xe, 0xff,
    0xf7, 0xff, 0xff, 0x60, 0x0, 0x0, 0x7f, 0xff,
    0xe0, 0x0, 0x0, 0xe, 0xff, 0xf7, 0xff, 0xff,
    0x60, 0x0, 0x0, 0x7f, 0xff, 0xe0, 0x0, 0x0,
    0xe, 0xff, 0xf7,

    /* U+006E "n" */
    0xff, 0xff, 0x32, 0x8d, 0xef, 0xd9, 0x30, 0x0,
    0xff, 0xff, 0xaf, 0xff, 0xff, 0xff, 0xf7, 0x0,
    0xff, 0xff, 0xff, 0xff, 0xff, 0xff, 0xff, 0x50,
    0xff, 0xff, 0xff, 0xc8, 0x9d, 0xff, 0xff, 0xd0,
    0xff, 0xff, 0xf7, 0x0, 0x0, 0xbf, 0xff, 0xf2,
    0xff, 0xff, 0xc0, 0x0, 0x0, 0x3f, 0xff, 0xf5,
    0xff, 0xff, 0x70, 0x0, 0x0, 0xf, 0xff, 0xf6,
    0xff, 0xff, 0x60, 0x0, 0x0, 0xf, 0xff, 0xf6,
    0xff, 0xff, 0x60, 0x0, 0x0, 0xf, 0xff, 0xf6,
    0xff, 0xff, 0x60, 0x0, 0x0, 0xf, 0xff, 0xf6,
    0xff, 0xff, 0x60, 0x0, 0x0, 0xf, 0xff, 0xf6,
    0xff, 0xff, 0x60, 0x0, 0x0, 0xf, 0xff, 0xf6,
    0xff, 0xff, 0x60, 0x0, 0x0, 0xf, 0xff, 0xf6,
    0xff, 0xff, 0x60, 0x0, 0x0, 0xf, 0xff, 0xf6,
    0xff, 0xff, 0x60, 0x0, 0x0, 0xf, 0xff, 0xf6,

    /* U+006F "o" */
    0x0, 0x0, 0x4, 0x9d, 0xef, 0xdb, 0x60, 0x0,
    0x0, 0x0, 0x2, 0xcf, 0xff, 0xff, 0xff, 0xfe,
    0x50, 0x0, 0x0, 0x2e, 0xff, 0xff, 0xff, 0xff,
    0xff, 0xf7, 0x0, 0x0, 0xdf, 0xff, 0xfe, 0x98,
    0xcf, 0xff, 0xff, 0x40, 0x7, 0xff, 0xff, 0x90,
    0x0, 0x4, 0xff, 0xff, 0xd0, 0xd, 0xff, 0xfc,
    0x0, 0x0, 0x0, 0x7f, 0xff, 0xf2, 0xf, 0xff,
    0xf7, 0x0, 0x0, 0x0, 0x1f, 0xff, 0xf5, 0x1f,
    0xff, 0xf5, 0x0, 0x0, 0x0, 0xf, 0xff, 0xf6,
    0xf, 0xff, 0xf7, 0x0, 0x0, 0x0, 0x1f, 0xff,
    0xf5, 0xd, 0xff, 0xfc, 0x0, 0x0, 0x0, 0x7f,
    0xff, 0xf2, 0x7, 0xff, 0xff, 0x90, 0x0, 0x4,
    0xff, 0xff, 0xc0, 0x0, 0xdf, 0xff, 0xfd, 0x98,
    0xbf, 0xff, 0xff, 0x40, 0x0, 0x2e, 0xff, 0xff,
    0xff, 0xff, 0xff, 0xf6, 0x0, 0x0, 0x1, 0xbf,
    0xff, 0xff, 0xff, 0xfe, 0x40, 0x0, 0x0, 0x0,
    0x3, 0x9d, 0xef, 0xdb, 0x50, 0x0, 0x0,

    /* U+0070 "p" */
    0xff, 0xff, 0x33, 0x9d, 0xfe, 0xd8, 0x20, 0x0,
    0xf, 0xff, 0xfa, 0xff, 0xff, 0xff, 0xff, 0x80,
    0x0, 0xff, 0xff, 0xff, 0xff, 0xff, 0xff, 0xff,
    0x90, 0xf, 0xff, 0xff, 0xfa, 0x65, 0x8f, 0xff,
    0xff, 0x50, 0xff, 0xff, 0xf6, 0x0, 0x0, 0x2e,
    0xff, 0xfc, 0xf, 0xff, 0xfb, 0x0, 0x0, 0x0,
    0x6f, 0xff, 0xf2, 0xff, 0xff, 0x60, 0x0, 0x0,
    0x1, 0xff, 0xff, 0x4f, 0xff, 0xf5, 0x0, 0x0,
    0x0, 0xf, 0xff, 0xf6, 0xff, 0xff, 0x70, 0x0,
    0x0, 0x2, 0xff, 0xff, 0x4f, 0xff, 0xfd, 0x0,
    0x0, 0x0, 0x8f, 0xff, 0xf2, 0xff, 0xff, 0xf9,
    0x0, 0x0, 0x5f, 0xff, 0xfd, 0xf, 0xff, 0xff,
    0xfd, 0x98, 0xcf, 0xff, 0xff, 0x50, 0xff, 0xff,
    0xff, 0xff, 0xff, 0xff, 0xff, 0xa0, 0xf, 0xff,
    0xfa, 0xff, 0xff, 0xff, 0xff, 0x80, 0x0, 0xff,
    0xff, 0x61, 0x8d, 0xfe, 0xd8, 0x20, 0x0, 0xf,
    0xff, 0xf6, 0x0, 0x0, 0x0, 0x0, 0x0, 0x0,
    0xff, 0xff, 0x60, 0x0, 0x0, 0x0, 0x0, 0x0,
    0xf, 0xff, 0xf6, 0x0, 0x0, 0x0, 0x0, 0x0,
    0x0, 0xff, 0xff, 0x60, 0x0, 0x0, 0x0, 0x0,
    0x0, 0xf, 0xff, 0xf6, 0x0, 0x0, 0x0, 0x0,
    0x0, 0x0,

    /* U+0071 "q" */
    0x0, 0x0, 0x6, 0xce, 0xfe, 0xb5, 0xe, 0xff,
    0xf4, 0x0, 0x4, 0xef, 0xff, 0xff, 0xff, 0x9e,
    0xff, 0xf4, 0x0, 0x4f, 0xff, 0xff, 0xff, 0xff,
    0xff, 0xff, 0xf4, 0x1, 0xef, 0xff, 0xfe, 0x98,
    0xcf, 0xff, 0xff, 0xf4, 0x8, 0xff, 0xff, 0x90,
    0x0, 0x4, 0xff, 0xff, 0xf4, 0xd, 0xff, 0xfc,
    0x0, 0x0, 0x0, 0x7f, 0xff, 0xf4, 0xf, 0xff,
    0xf7, 0x0, 0x0, 0x0, 0x1f, 0xff, 0xf4, 0x1f,
    0xff, 0xf5, 0x0, 0x0, 0x0, 0xf, 0xff, 0xf4,
    0xf, 0xff, 0xf7, 0x0, 0x0, 0x0, 0x1f, 0xff,
    0xf4, 0xd, 0xff, 0xfc, 0x0, 0x0, 0x0, 0x7f,
    0xff, 0xf4, 0x8, 0xff, 0xff, 0x90, 0x0, 0x4,
    0xff, 0xff, 0xf4, 0x1, 0xff, 0xff, 0xfd, 0x98,
    0xcf, 0xff, 0xff, 0xf4, 0x0, 0x4f, 0xff, 0xff,
    0xff, 0xff, 0xff, 0xff, 0xf4, 0x0, 0x4, 0xef,
    0xff, 0xff, 0xff, 0xaf, 0xff, 0xf4, 0x0, 0x0,
    0x16, 0xce, 0xfe, 0xa4, 0x1f, 0xff, 0xf4, 0x0,
    0x0, 0x0, 0x0, 0x0, 0x0, 0x1f, 0xff, 0xf4,
    0x0, 0x0, 0x0, 0x0, 0x0, 0x0, 0x1f, 0xff,
    0xf4, 0x0, 0x0, 0x0, 0x0, 0x0, 0x0, 0x1f,
    0xff, 0xf4, 0x0, 0x0, 0x0, 0x0, 0x0, 0x0,
    0x1f, 0xff, 0xf4, 0x0, 0x0, 0x0, 0x0, 0x0,
    0x0, 0x1f, 0xff, 0xf4,

    /* U+0072 "r" */
    0xff, 0xff, 0x32, 0x8c, 0xe5, 0xff, 0xff, 0x8f,
    0xff, 0xf6, 0xff, 0xff, 0xff, 0xff, 0xf6, 0xff,
    0xff, 0xff, 0xfc, 0xb4, 0xff, 0xff, 0xfb, 0x10,
    0x0, 0xff, 0xff, 0xe0, 0x0, 0x0, 0xff, 0xff,
    0x80, 0x0, 0x0, 0xff, 0xff, 0x60, 0x0, 0x0,
    0xff, 0xff, 0x60, 0x0, 0x0, 0xff, 0xff, 0x60,
    0x0, 0x0, 0xff, 0xff, 0x60, 0x0, 0x0, 0xff,
    0xff, 0x60, 0x0, 0x0, 0xff, 0xff, 0x60, 0x0,
    0x0, 0xff, 0xff, 0x60, 0x0, 0x0, 0xff, 0xff,
    0x60, 0x0, 0x0,

    /* U+0073 "s" */
    0x0, 0x1, 0x7b, 0xef, 0xfe, 0xc8, 0x30, 0x0,
    0x6, 0xff, 0xff, 0xff, 0xff, 0xff, 0x70, 0x5,
    0xff, 0xff, 0xff, 0xff, 0xff, 0xf1, 0x0, 0xdf,
    0xff, 0xc6, 0x44, 0x69, 0xe9, 0x0, 0xf, 0xff,
    0xf2, 0x0, 0x0, 0x0, 0x10, 0x0, 0xff, 0xff,
    0xb4, 0x10, 0x0, 0x0, 0x0, 0xa, 0xff, 0xff,
    0xff, 0xeb, 0x82, 0x0, 0x0, 0x1c, 0xff, 0xff,
    0xff, 0xff, 0xfb, 0x10, 0x0, 0x4, 0x9d, 0xff,
    0xff, 0xff, 0xfb, 0x0, 0x0, 0x0, 0x0, 0x25,
    0xbf, 0xff, 0xf1, 0x1, 0x60, 0x0, 0x0, 0x0,
    0xff, 0xff, 0x20, 0x8f, 0xea, 0x64, 0x45, 0xbf,
    0xff, 0xf0, 0xf, 0xff, 0xff, 0xff, 0xff, 0xff,
    0xf8, 0x3, 0xdf, 0xff, 0xff, 0xff, 0xff, 0xf8,
    0x0, 0x0, 0x48, 0xce, 0xff, 0xec, 0x82, 0x0,
    0x0,

    /* U+0074 "t" */
    0x0, 0x38, 0x88, 0x70, 0x0, 0x0, 0x0, 0x7f,
    0xff, 0xe0, 0x0, 0x0, 0x0, 0x7f, 0xff, 0xe0,
    0x0, 0x0, 0x0, 0x7f, 0xff, 0xe0, 0x0, 0x0,
    0xcf, 0xff, 0xff, 0xff, 0xff, 0xa0, 0xcf, 0xff,
    0xff, 0xff, 0xff, 0xa0, 0xcf, 0xff, 0xff, 0xff,
    0xff, 0xa0, 0x34, 0x9f, 0xff, 0xf4, 0x44, 0x30,
    0x0, 0x7f, 0xff, 0xe0, 0x0, 0x0, 0x0, 0x7f,
    0xff, 0xe0, 0x0, 0x0, 0x0, 0x7f, 0xff, 0xe0,
    0x0, 0x0, 0x0, 0x7f, 0xff, 0xe0, 0x0, 0x0,
    0x0, 0x7f, 0xff, 0xe0, 0x0, 0x0, 0x0, 0x7f,
    0xff, 0xe0, 0x0, 0x0, 0x0, 0x6f, 0xff, 0xf1,
    0x0, 0x0, 0x0, 0x3f, 0xff, 0xfd, 0x78, 0xa0,
    0x0, 0xd, 0xff, 0xff, 0xff, 0xf2, 0x0, 0x2,
    0xef, 0xff, 0xff, 0xf8, 0x0, 0x0, 0x18, 0xdf,
    0xfd, 0xa3,

    /* U+0075 "u" */
    0x1f, 0xff, 0xf4, 0x0, 0x0, 0x2, 0xff, 0xff,
    0x31, 0xff, 0xff, 0x40, 0x0, 0x0, 0x2f, 0xff,
    0xf3, 0x1f, 0xff, 0xf4, 0x0, 0x0, 0x2, 0xff,
    0xff, 0x31, 0xff, 0xff, 0x40, 0x0, 0x0, 0x2f,
    0xff, 0xf3, 0x1f, 0xff, 0xf4, 0x0, 0x0, 0x2,
    0xff, 0xff, 0x31, 0xff, 0xff, 0x40, 0x0, 0x0,
    0x2f, 0xff, 0xf3, 0x1f, 0xff, 0xf4, 0x0, 0x0,
    0x2, 0xff, 0xff, 0x31, 0xff, 0xff, 0x40, 0x0,
    0x0, 0x3f, 0xff, 0xf3, 0xf, 0xff, 0xf6, 0x0,
    0x0, 0x4, 0xff, 0xff, 0x30, 0xff, 0xff, 0x90,
    0x0, 0x0, 0xaf, 0xff, 0xf3, 0xc, 0xff, 0xff,
    0x40, 0x0, 0x6f, 0xff, 0xff, 0x30, 0x7f, 0xff,
    0xff, 0xdb, 0xef, 0xff, 0xff, 0xf3, 0x1, 0xef,
    0xff, 0xff, 0xff, 0xff, 0xff, 0xff, 0x30, 0x3,
    0xdf, 0xff, 0xff, 0xff, 0x8f, 0xff, 0xf3, 0x0,
    0x0, 0x7c, 0xef, 0xda, 0x30, 0xff, 0xff, 0x30,

    /* U+0076 "v" */
    0xf, 0xff, 0xf7, 0x0, 0x0, 0x0, 0x7, 0xff,
    0xfc, 0x9, 0xff, 0xfe, 0x0, 0x0, 0x0, 0xd,
    0xff, 0xf5, 0x2, 0xff, 0xff, 0x40, 0x0, 0x0,
    0x4f, 0xff, 0xe0, 0x0, 0xbf, 0xff, 0xb0, 0x0,
    0x0, 0xbf, 0xff, 0x70, 0x0, 0x5f, 0xff, 0xf2,
    0x0, 0x2, 0xff, 0xff, 0x10, 0x0, 0xe, 0xff,
    0xf8, 0x0, 0x9, 0xff, 0xfa, 0x0, 0x0, 0x7,
    0xff, 0xfe, 0x0, 0xf, 0xff, 0xf3, 0x0, 0x0,
    0x1, 0xff, 0xff, 0x50, 0x6f, 0xff, 0xc0, 0x0,
    0x0, 0x0, 0xaf, 0xff, 0xc0, 0xdf, 0xff, 0x50,
    0x0, 0x0, 0x0, 0x3f, 0xff, 0xf6, 0xff, 0xfe,
    0x0, 0x0, 0x0, 0x0, 0xc, 0xff, 0xff, 0xff,
    0xf8, 0x0, 0x0, 0x0, 0x0, 0x5, 0xff, 0xff,
    0xff, 0xf1, 0x0, 0x0, 0x0, 0x0, 0x0, 0xef,
    0xff, 0xff, 0xa0, 0x0, 0x0, 0x0, 0x0, 0x0,
    0x8f, 0xff, 0xff, 0x30, 0x0, 0x0, 0x0, 0x0,
    0x0, 0x1f, 0xff, 0xfd, 0x0, 0x0, 0x0,

    /* U+0077 "w" */
    0xcf, 0xff, 0x50, 0x0, 0x0, 0xc, 0xff, 0xf4,
    0x0, 0x0, 0x0, 0xdf, 0xff, 0x6, 0xff, 0xfa,
    0x0, 0x0, 0x2, 0xff, 0xff, 0x90, 0x0, 0x0,
    0x3f, 0xff, 0xa0, 0x1f, 0xff, 0xf0, 0x0, 0x0,
    0x8f, 0xff, 0xff, 0x0, 0x0, 0x9, 0xff, 0xf4,
    0x0, 0xbf, 0xff, 0x50, 0x0, 0xd, 0xff, 0xff,
    0xf5, 0x0, 0x0, 0xef, 0xfe, 0x0, 0x5, 0xff,
    0xfb, 0x0, 0x3, 0xff, 0xff, 0xff, 0xa0, 0x0,
    0x4f, 0xff, 0x90, 0x0, 0xf, 0xff, 0xf1, 0x0,
    0x9f, 0xff, 0xff, 0xff, 0x0, 0xa, 0xff, 0xf3,
    0x0, 0x0, 0x9f, 0xff, 0x60, 0xf, 0xff, 0xd8,
    0xff, 0xf6, 0x0, 0xff, 0xfd, 0x0, 0x0, 0x4,
    0xff, 0xfc, 0x5, 0xff, 0xf7, 0x3f, 0xff, 0xb0,
    0x5f, 0xff, 0x70, 0x0, 0x0, 0xe, 0xff, 0xf2,
    0xbf, 0xff, 0x10, 0xdf, 0xff, 0x1b, 0xff, 0xf1,
    0x0, 0x0, 0x0, 0x8f, 0xff, 0x8f, 0xff, 0xb0,
    0x7, 0xff, 0xf8, 0xff, 0xfb, 0x0, 0x0, 0x0,
    0x2, 0xff, 0xff, 0xff, 0xf5, 0x0, 0x1f, 0xff,
    0xff, 0xff, 0x60, 0x0, 0x0, 0x0, 0xd, 0xff,
    0xff, 0xfe, 0x0, 0x0, 0xcf, 0xff, 0xff, 0xf0,
    0x0, 0x0, 0x0, 0x0, 0x7f, 0xff, 0xff, 0x90,
    0x0, 0x6, 0xff, 0xff, 0xfa, 0x0, 0x0, 0x0,
    0x0, 0x1, 0xff, 0xff, 0xf3, 0x0, 0x0, 0xf,
    0xff, 0xff, 0x40, 0x0, 0x0, 0x0, 0x0, 0xb,
    0xff, 0xfd, 0x0, 0x0, 0x0, 0xaf, 0xff, 0xe0,
    0x0, 0x0, 0x0,

    /* U+0078 "x" */
    0x5f, 0xff, 0xf9, 0x0, 0x0, 0xb, 0xff, 0xfe,
    0x10, 0x8f, 0xff, 0xf4, 0x0, 0x7, 0xff, 0xff,
    0x30, 0x0, 0xcf, 0xff, 0xe1, 0x3, 0xff, 0xff,
    0x60, 0x0, 0x1, 0xef, 0xff, 0xc1, 0xdf, 0xff,
    0xa0, 0x0, 0x0, 0x4, 0xff, 0xff, 0xef, 0xff,
    0xd0, 0x0, 0x0, 0x0, 0x8, 0xff, 0xff, 0xff,
    0xf2, 0x0, 0x0, 0x0, 0x0, 0xc, 0xff, 0xff,
    0xf5, 0x0, 0x0, 0x0, 0x0, 0x0, 0x4f, 0xff,
    0xfe, 0x0, 0x0, 0x0, 0x0, 0x0, 0xd, 0xff,
    0xff, 0xf9, 0x0, 0x0, 0x0, 0x0, 0xa, 0xff,
    0xff, 0xff, 0xf5, 0x0, 0x0, 0x0, 0x7, 0xff,
    0xff, 0xcf, 0xff, 0xf2, 0x0, 0x0, 0x3, 0xff,
    0xff, 0x70, 0xdf, 0xff, 0xd0, 0x0, 0x1, 0xef,
    0xff, 0xb0, 0x3, 0xff, 0xff, 0xa0, 0x0, 0xbf,
    0xff, 0xe1, 0x0, 0x7, 0xff, 0xff, 0x60, 0x8f,
    0xff, 0xf4, 0x0, 0x0, 0xc, 0xff, 0xff, 0x30,

    /* U+0079 "y" */
    0xf, 0xff, 0xf7, 0x0, 0x0, 0x0, 0x7, 0xff,
    0xfb, 0x8, 0xff, 0xfe, 0x0, 0x0, 0x0, 0xd,
    0xff, 0xf4, 0x1, 0xff, 0xff, 0x50, 0x0, 0x0,
    0x5f, 0xff, 0xd0, 0x0, 0xaf, 0xff, 0xc0, 0x0,
    0x0, 0xbf, 0xff, 0x60, 0x0, 0x3f, 0xff, 0xf3,
    0x0, 0x2, 0xff, 0xfe, 0x0, 0x0, 0xc, 0xff,
    0xfa, 0x0, 0x9, 0xff, 0xf8, 0x0, 0x0, 0x5,
    0xff, 0xff, 0x10, 0x1f, 0xff, 0xf1, 0x0, 0x0,
    0x0, 0xdf, 0xff, 0x80, 0x7f, 0xff, 0xa0, 0x0,
    0x0, 0x0, 0x6f, 0xff, 0xe0, 0xef, 0xff, 0x30,
    0x0, 0x0, 0x0, 0xe, 0xff, 0xfb, 0xff, 0xfc,
    0x0, 0x0, 0x0, 0x0, 0x8, 0xff, 0xff, 0xff,
    0xf5, 0x0, 0x0, 0x0, 0x0, 0x1, 0xff, 0xff,
    0xff, 0xe0, 0x0, 0x0, 0x0, 0x0, 0x0, 0xaf,
    0xff, 0xff, 0x70, 0x0, 0x0, 0x0, 0x0, 0x0,
    0x3f, 0xff, 0xff, 0x0, 0x0, 0x0, 0x0, 0x0,
    0x0, 0xd, 0xff, 0xf9, 0x0, 0x0, 0x0, 0x0,
    0x20, 0x0, 0x3f, 0xff, 0xf2, 0x0, 0x0, 0x0,
    0x2, 0xfb, 0x89, 0xff, 0xff, 0xa0, 0x0, 0x0,
    0x0, 0xa, 0xff, 0xff, 0xff, 0xfe, 0x10, 0x0,
    0x0, 0x0, 0x1f, 0xff, 0xff, 0xff, 0xe3, 0x0,
    0x0, 0x0, 0x0, 0x2, 0x9d, 0xff, 0xd8, 0x10,
    0x0, 0x0, 0x0, 0x0,

    /* U+007A "z" */
    0xd, 0xff, 0xff, 0xff, 0xff, 0xff, 0xff, 0x20,
    0xdf, 0xff, 0xff, 0xff, 0xff, 0xff, 0xf2, 0xd,
    0xff, 0xff, 0xff, 0xff, 0xff, 0xff, 0x10, 0x34,
    0x44, 0x44, 0x4b, 0xff, 0xff, 0x60, 0x0, 0x0,
    0x0, 0x5, 0xff, 0xff, 0x80, 0x0, 0x0, 0x0,
    0x3, 0xff, 0xff, 0xb0, 0x0, 0x0, 0x0, 0x2,
    0xef, 0xff, 0xd0, 0x0, 0x0, 0x0, 0x0, 0xdf,
    0xff, 0xe1, 0x0, 0x0, 0x0, 0x0, 0xbf, 0xff,
    0xf3, 0x0, 0x0, 0x0, 0x0, 0x8f, 0xff, 0xf5,
    0x0, 0x0, 0x0, 0x0, 0x6f, 0xff, 0xf8, 0x0,
    0x0, 0x0, 0x0, 0x4f, 0xff, 0xfd, 0x44, 0x44,
    0x44, 0x42, 0xe, 0xff, 0xff, 0xff, 0xff, 0xff,
    0xff, 0x60, 0xff, 0xff, 0xff, 0xff, 0xff, 0xff,
    0xf6, 0xf, 0xff, 0xff, 0xff, 0xff, 0xff, 0xff,
    0x60,

    /* U+007B "{" */
    0x0, 0x0, 0x29, 0xdf, 0xf8, 0x0, 0x3, 0xff,
    0xff, 0xf8, 0x0, 0xd, 0xff, 0xff, 0xf8, 0x0,
    0x3f, 0xff, 0xfd, 0x62, 0x0, 0x5f, 0xff, 0xf3,
    0x0, 0x0, 0x6f, 0xff, 0xf0, 0x0, 0x0, 0x6f,
    0xff, 0xf0, 0x0, 0x0, 0x6f, 0xff, 0xf0, 0x0,
    0x0, 0x6f, 0xff, 0xf0, 0x0, 0x0, 0x6f, 0xff,
    0xf0, 0x0, 0x0, 0x6f, 0xff, 0xf0, 0x0, 0x36,
    0xdf, 0xff, 0xc0, 0x0, 0x8f, 0xff, 0xff, 0x50,
    0x0, 0x8f, 0xff, 0xfa, 0x0, 0x0, 0x8f, 0xff,
    0xff, 0x90, 0x0, 0x0, 0xaf, 0xff, 0xe0, 0x0,
    0x0, 0x6f, 0xff, 0xf0, 0x0, 0x0, 0x6f, 0xff,
    0xf0, 0x0, 0x0, 0x6f, 0xff, 0xf0, 0x0, 0x0,
    0x6f, 0xff, 0xf0, 0x0, 0x0, 0x6f, 0xff, 0xf0,
    0x0, 0x0, 0x5f, 0xff, 0xf2, 0x0, 0x0, 0x3f,
    0xff, 0xfd, 0x62, 0x0, 0xe, 0xff, 0xff, 0xf8,
    0x0, 0x4, 0xff, 0xff, 0xf8, 0x0, 0x0, 0x29,
    0xef, 0xf8,

    /* U+007C "|" */
    0x7b, 0xbb, 0x3a, 0xff, 0xf5, 0xaf, 0xff, 0x5a,
    0xff, 0xf5, 0xaf, 0xff, 0x5a, 0xff, 0xf5, 0xaf,
    0xff, 0x5a, 0xff, 0xf5, 0xaf, 0xff, 0x5a, 0xff,
    0xf5, 0xaf, 0xff, 0x5a, 0xff, 0xf5, 0xaf, 0xff,
    0x5a, 0xff, 0xf5, 0xaf, 0xff, 0x5a, 0xff, 0xf5,
    0xaf, 0xff, 0x5a, 0xff, 0xf5, 0xaf, 0xff, 0x5a,
    0xff, 0xf5, 0xaf, 0xff, 0x5a, 0xff, 0xf5, 0xaf,
    0xff, 0x5a, 0xff, 0xf5, 0xaf, 0xff, 0x5a, 0xff,
    0xf5,

    /* U+007D "}" */
    0x9f, 0xfd, 0x91, 0x0, 0x0, 0x9f, 0xff, 0xfe,
    0x20, 0x0, 0x9f, 0xff, 0xff, 0xc0, 0x0, 0x37,
    0xef, 0xff, 0xf2, 0x0, 0x0, 0x3f, 0xff, 0xf4,
    0x0, 0x0, 0xf, 0xff, 0xf5, 0x0, 0x0, 0xf,
    0xff, 0xf5, 0x0, 0x0, 0xf, 0xff, 0xf5, 0x0,
    0x0, 0xf, 0xff, 0xf5, 0x0, 0x0, 0xf, 0xff,
    0xf5, 0x0, 0x0, 0xf, 0xff, 0xf6, 0x0, 0x0,
    0xd, 0xff, 0xfd, 0x52, 0x0, 0x5, 0xff, 0xff,
    0xf7, 0x0, 0x0, 0xaf, 0xff, 0xf7, 0x0, 0xa,
    0xff, 0xff, 0xf7, 0x0, 0xf, 0xff, 0xf9, 0x0,
    0x0, 0xf, 0xff, 0xf5, 0x0, 0x0, 0xf, 0xff,
    0xf5, 0x0, 0x0, 0xf, 0xff, 0xf5, 0x0, 0x0,
    0xf, 0xff, 0xf5, 0x0, 0x0, 0xf, 0xff, 0xf5,
    0x0, 0x0, 0x3f, 0xff, 0xf5, 0x0, 0x36, 0xdf,
    0xff, 0xf3, 0x0, 0x9f, 0xff, 0xff, 0xd0, 0x0,
    0x9f, 0xff, 0xff, 0x30, 0x0, 0x9f, 0xfd, 0x92,
    0x0, 0x0,

    /* U+007E "~" */
    0x0, 0x0, 0x10, 0x0, 0x0, 0x0, 0x0, 0x0,
    0x8, 0xef, 0xfa, 0x30, 0x0, 0x6e, 0xe5, 0xa,
    0xff, 0xff, 0xff, 0x92, 0x3d, 0xff, 0x32, 0xff,
    0xff, 0xff, 0xff, 0xff, 0xff, 0xe0, 0x7f, 0xfa,
    0x12, 0xaf, 0xff, 0xff, 0xf5, 0x7, 0xcc, 0x20,
    0x0, 0x3b, 0xef, 0xc4, 0x0,

    /* U+00A0 " " */

    /* U+00A1 "¡" */
    0x7, 0xee, 0x90, 0x5f, 0xff, 0xf7, 0x9f, 0xff,
    0xfb, 0x5f, 0xff, 0xf7, 0x7, 0xee, 0x90, 0x0,
    0x0, 0x0, 0x0, 0x0, 0x0, 0xb, 0xff, 0xd0,
    0xc, 0xff, 0xe0, 0xd, 0xff, 0xf0, 0xe, 0xff,
    0xf0, 0xf, 0xff, 0xf1, 0x1f, 0xff, 0xf2, 0x2f,
    0xff, 0xf3, 0x3f, 0xff, 0xf5, 0x4f, 0xff, 0xf6,
    0x5f, 0xff, 0xf7, 0x6f, 0xff, 0xf8, 0x7f, 0xff,
    0xf9, 0x25, 0x55, 0x53,

    /* U+00A2 "¢" */
    0x0, 0x0, 0x0, 0x2, 0x66, 0x20, 0x0, 0x0,
    0x0, 0x0, 0x0, 0x0, 0x5f, 0xf7, 0x0, 0x0,
    0x0, 0x0, 0x0, 0x0, 0x5, 0xff, 0x70, 0x0,
    0x0, 0x0, 0x0, 0x0, 0x0, 0x6f, 0xf8, 0x0,
    0x0, 0x0, 0x0, 0x0, 0x18, 0xef, 0xff, 0xff,
    0xb4, 0x0, 0x0, 0x0, 0x5e, 0xff, 0xff, 0xff,
    0xff, 0xf8, 0x0, 0x0, 0x5f, 0xff, 0xff, 0xff,
    0xff, 0xff, 0xf6, 0x0, 0x2f, 0xff, 0xff, 0xcf,
    0xfb, 0xef, 0xff, 0xb0, 0x9, 0xff, 0xff, 0x55,
    0xff, 0x71, 0xdc, 0x40, 0x0, 0xef, 0xff, 0xa0,
    0x5f, 0xf7, 0x1, 0x0, 0x0, 0xf, 0xff, 0xf6,
    0x5, 0xff, 0x70, 0x0, 0x0, 0x1, 0xff, 0xff,
    0x50, 0x5f, 0xf7, 0x0, 0x0, 0x0, 0xf, 0xff,
    0xf7, 0x5, 0xff, 0x70, 0x0, 0x0, 0x0, 0xcf,
    0xff, 0xd0, 0x5f, 0xf7, 0x5, 0x20, 0x0, 0x6,
    0xff, 0xff, 0xa6, 0xff, 0x75, 0xff, 0xa2, 0x0,
    0xc, 0xff, 0xff, 0xff, 0xfe, 0xff, 0xff, 0xc0,
    0x0, 0x1d, 0xff, 0xff, 0xff, 0xff, 0xff, 0xf2,
    0x0, 0x0, 0xa, 0xff, 0xff, 0xff, 0xff, 0xd2,
    0x0, 0x0, 0x0, 0x2, 0x8d, 0xff, 0xea, 0x50,
    0x0, 0x0, 0x0, 0x0, 0x0, 0x5f, 0xf7, 0x0,
    0x0, 0x0, 0x0, 0x0, 0x0, 0x5, 0xff, 0x70,
    0x0, 0x0, 0x0, 0x0, 0x0, 0x0, 0x5f, 0xf7,
    0x0, 0x0, 0x0,

    /* U+00A3 "£" */
    0x0, 0x0, 0x0, 0x0, 0x49, 0xce, 0xff, 0xeb,
    0x72, 0x0, 0x0, 0x0, 0x5, 0xdf, 0xff, 0xff,
    0xff, 0xff, 0xf3, 0x0, 0x0, 0x7, 0xff, 0xff,
    0xff, 0xff, 0xff, 0xfd, 0x0, 0x0, 0x4, 0xff,
    0xff, 0xff, 0xec, 0xde, 0xff, 0x70, 0x0, 0x0,
    0xdf, 0xff, 0xf9, 0x10, 0x0, 0x1, 0x61, 0x0,
    0x0, 0x2f, 0xff, 0xfa, 0x0, 0x0, 0x0, 0x0,
    0x0, 0x0, 0x4, 0xff, 0xff, 0x40, 0x0, 0x0,
    0x0, 0x0, 0x0, 0x0, 0x5f, 0xff, 0xf3, 0x0,
    0x0, 0x0, 0x0, 0x0, 0x2f, 0xff, 0xff, 0xff,
    0xff, 0xff, 0xff, 0xe0, 0x0, 0x2, 0xff, 0xff,
    0xff, 0xff, 0xff, 0xff, 0xfe, 0x0, 0x0, 0x1b,
    0xbc, 0xff, 0xff, 0xcb, 0xbb, 0xbb, 0xa0, 0x0,
    0x0, 0x0, 0x5f, 0xff, 0xf3, 0x0, 0x0, 0x0,
    0x0, 0x0, 0x0, 0x5, 0xff, 0xff, 0x30, 0x0,
    0x0, 0x0, 0x0, 0x0, 0x0, 0x5f, 0xff, 0xf3,
    0x0, 0x0, 0x0, 0x0, 0x0, 0x0, 0x5, 0xff,
    0xff, 0x30, 0x0, 0x0, 0x0, 0x0, 0x1, 0x99,
    0xbf, 0xff, 0xfa, 0x99, 0x99, 0x99, 0x99, 0x70,
    0x2f, 0xff, 0xff, 0xff, 0xff, 0xff, 0xff, 0xff,
    0xfd, 0x2, 0xff, 0xff, 0xff, 0xff, 0xff, 0xff,
    0xff, 0xff, 0xd0, 0x2f, 0xff, 0xff, 0xff, 0xff,
    0xff, 0xff, 0xff, 0xfd, 0x0,

    /* U+00A4 "¤" */
    0x0, 0x0, 0x0, 0x0, 0x0, 0x0, 0x0, 0x0,
    0x0, 0x0, 0x7, 0xb0, 0x0, 0x0, 0x0, 0x0,
    0x0, 0x3d, 0x20, 0x6, 0xff, 0xb0, 0x0, 0x45,
    0x53, 0x0, 0x4f, 0xfe, 0x11, 0xff, 0xff, 0xca,
    0xff, 0xff, 0xfe, 0x8f, 0xff, 0xf9, 0x3, 0xff,
    0xff, 0xff, 0xff, 0xff, 0xff, 0xff, 0xfb, 0x0,
    0x3, 0xff, 0xff, 0xff, 0xff, 0xff, 0xff, 0xfb,
    0x0, 0x0, 0xb, 0xff, 0xfb, 0x30, 0x16, 0xff,
    0xff, 0x50, 0x0, 0x2, 0xff, 0xfb, 0x0, 0x0,
    0x2, 0xff, 0xfc, 0x0, 0x0, 0x6f, 0xff, 0x20,
    0x0, 0x0, 0x8, 0xff, 0xf0, 0x0, 0x8, 0xff,
    0xe0, 0x0, 0x0, 0x0, 0x4f, 0xff, 0x20, 0x0,
    0x7f, 0xff, 0x0, 0x0, 0x0, 0x5, 0xff, 0xf1,
    0x0, 0x5, 0xff, 0xf5, 0x0, 0x0, 0x0, 0xbf,
    0xff, 0x0, 0x0, 0xf, 0xff, 0xe2, 0x0, 0x0,
    0x7f, 0xff, 0xa0, 0x0, 0x0, 0xaf, 0xff, 0xf9,
    0x67, 0xcf, 0xff, 0xf3, 0x0, 0x0, 0x5f, 0xff,
    0xff, 0xff, 0xff, 0xff, 0xff, 0xd1, 0x0, 0x5f,
    0xff, 0xff, 0xff, 0xff, 0xff, 0xff, 0xff, 0xd1,
    0x1f, 0xff, 0xfa, 0x4a, 0xdf, 0xfc, 0x73, 0xef,
    0xff, 0x90, 0x4f, 0xf9, 0x0, 0x0, 0x0, 0x0,
    0x2, 0xef, 0xc0, 0x0, 0x48, 0x0, 0x0, 0x0,
    0x0, 0x0, 0x2, 0xa0, 0x0,

    /* U+00A5 "¥" */
    0x1e, 0xff, 0xfc, 0x0, 0x0, 0x0, 0x0, 0x0,
    0xd, 0xff, 0xfa, 0x0, 0x5f, 0xff, 0xf7, 0x0,
    0x0, 0x0, 0x0, 0x9, 0xff, 0xfe, 0x10, 0x0,
    0xaf, 0xff, 0xf3, 0x0, 0x0, 0x0, 0x4, 0xff,
    0xff, 0x40, 0x0, 0x1, 0xef, 0xff, 0xd0, 0x0,
    0x0, 0x1, 0xef, 0xff, 0x90, 0x0, 0x0, 0x4,
    0xff, 0xff, 0x90, 0x0, 0x0, 0xaf, 0xff, 0xd0,
    0x0, 0x0, 0x0, 0x9, 0xff, 0xff, 0x40, 0x0,
    0x5f, 0xff, 0xf3, 0x0, 0x0, 0x0, 0x0, 0xd,
    0xff, 0xfe, 0x10, 0x2f, 0xff, 0xf8, 0x0, 0x0,
    0x0, 0x0, 0x0, 0x3f, 0xff, 0xfa, 0xc, 0xff,
    0xfd, 0x0, 0x0, 0x0, 0x0, 0x0, 0x0, 0x8f,
    0xff, 0xfb, 0xff, 0xff, 0x20, 0x0, 0x0, 0x0,
    0x0, 0x0, 0x0, 0xcf, 0xff, 0xff, 0xff, 0x70,
    0x0, 0x0, 0x0, 0x0, 0x0, 0x44, 0x47, 0xff,
    0xff, 0xff, 0xe4, 0x44, 0x30, 0x0, 0x0, 0x0,
    0x3f, 0xff, 0xff, 0xff, 0xff, 0xff, 0xff, 0xfd,
    0x0, 0x0, 0x0, 0x3, 0xff, 0xff, 0xff, 0xff,
    0xff, 0xff, 0xff, 0xd0, 0x0, 0x0, 0x0, 0x0,
    0x0, 0x0, 0xff, 0xff, 0x90, 0x0, 0x0, 0x0,
    0x0, 0x0, 0x3, 0xff, 0xff, 0xff, 0xff, 0xff,
    0xff, 0xff, 0xd0, 0x0, 0x0, 0x0, 0x3f, 0xff,
    0xff, 0xff, 0xff, 0xff, 0xff, 0xfd, 0x0, 0x0,
    0x0, 0x0, 0x44, 0x44, 0x4f, 0xff, 0xfb, 0x44,
    0x44, 0x30, 0x0, 0x0, 0x0, 0x0, 0x0, 0x0,
    0xff, 0xff, 0x90, 0x0, 0x0, 0x0, 0x0, 0x0,
    0x0, 0x0, 0x0, 0xf, 0xff, 0xf9, 0x0, 0x0,
    0x0, 0x0, 0x0,

    /* U+00A6 "¦" */
    0x69, 0x99, 0x3a, 0xff, 0xf5, 0xaf, 0xff, 0x5a,
    0xff, 0xf5, 0xaf, 0xff, 0x5a, 0xff, 0xf5, 0xaf,
    0xff, 0x5a, 0xff, 0xf5, 0xaf, 0xff, 0x5a, 0xff,
    0xf5, 0x0, 0x0, 0x0, 0x0, 0x0, 0x0, 0x0,
    0x0, 0x0, 0x0, 0x0, 0x0, 0x0, 0x0, 0x0,
    0x69, 0x99, 0x3a, 0xff, 0xf5, 0xaf, 0xff, 0x5a,
    0xff, 0xf5, 0xaf, 0xff, 0x5a, 0xff, 0xf5, 0xaf,
    0xff, 0x5a, 0xff, 0xf5, 0xaf, 0xff, 0x5a, 0xff,
    0xf5,

    /* U+00A7 "§" */
    0x0, 0x0, 0x59, 0xde, 0xfe, 0xc9, 0x50, 0x0,
    0x1, 0xcf, 0xff, 0xff, 0xff, 0xff, 0xd0, 0x0,
    0xdf, 0xff, 0xff, 0xff, 0xff, 0xf8, 0x0, 0x5f,
    0xff, 0xd5, 0x22, 0x36, 0xbf, 0x20, 0x9, 0xff,
    0xf5, 0x0, 0x0, 0x0, 0x10, 0x0, 0x8f, 0xff,
    0xa0, 0x0, 0x0, 0x0, 0x0, 0x4, 0xff, 0xff,
    0xfb, 0x73, 0x0, 0x0, 0x0, 0xa, 0xff, 0xff,
    0xff, 0xfe, 0x81, 0x0, 0x3, 0xff, 0xff, 0xff,
    0xff, 0xff, 0xd0, 0x0, 0xdf, 0xff, 0x53, 0x7b,
    0xff, 0xff, 0x80, 0x1f, 0xff, 0xa0, 0x0, 0x4,
    0xff, 0xfb, 0x2, 0xff, 0xfc, 0x0, 0x0, 0xf,
    0xff, 0xb0, 0xf, 0xff, 0xfd, 0x84, 0x19, 0xff,
    0xf7, 0x0, 0x7f, 0xff, 0xff, 0xff, 0xff, 0xfd,
    0x0, 0x0, 0x5c, 0xff, 0xff, 0xff, 0xff, 0x40,
    0x0, 0x0, 0x2, 0x6a, 0xef, 0xff, 0xfd, 0x0,
    0x0, 0x0, 0x0, 0x0, 0x3e, 0xff, 0xf2, 0x0,
    0x12, 0x0, 0x0, 0x0, 0xaf, 0xff, 0x30, 0x8,
    0xfa, 0x52, 0x0, 0x5f, 0xff, 0xf1, 0x0, 0xef,
    0xff, 0xff, 0xff, 0xff, 0xfa, 0x0, 0x3f, 0xff,
    0xff, 0xff, 0xff, 0xfc, 0x0, 0x0, 0x16, 0xae,
    0xff, 0xff, 0xb6, 0x0, 0x0, 0x0, 0x0, 0x0,
    0x11, 0x0, 0x0, 0x0, 0x0,

    /* U+00A8 "¨" */
    0x6, 0xb8, 0x0, 0x19, 0xb4, 0x3, 0xff, 0xf5,
    0x8, 0xff, 0xf1, 0x4f, 0xff, 0x60, 0xaf, 0xff,
    0x10, 0xaf, 0xb0, 0x2, 0xdf, 0x70,

    /* U+00A9 "©" */
    0x0, 0x0, 0x0, 0x27, 0xab, 0xca, 0x72, 0x0,
    0x0, 0x0, 0x0, 0x0, 0x2b, 0xff, 0xff, 0xff,
    0xff, 0xb3, 0x0, 0x0, 0x0, 0x6, 0xff, 0xc6,
    0x20, 0x2, 0x6c, 0xff, 0x60, 0x0, 0x0, 0x6f,
    0xf5, 0x0, 0x0, 0x0, 0x0, 0x5f, 0xf6, 0x0,
    0x3, 0xff, 0x30, 0x0, 0x0, 0x0, 0x0, 0x3,
    0xff, 0x30, 0xc, 0xf6, 0x0, 0x6, 0xce, 0xfd,
    0x92, 0x0, 0x6f, 0xc0, 0x3f, 0xd0, 0x1, 0xcf,
    0xff, 0xff, 0xff, 0x40, 0xd, 0xf3, 0x8f, 0x70,
    0xc, 0xff, 0xfe, 0xdf, 0xff, 0xd0, 0x7, 0xf8,
    0xcf, 0x30, 0x4f, 0xff, 0x70, 0x1, 0xc7, 0x0,
    0x3, 0xfb, 0xdf, 0x10, 0x8f, 0xfc, 0x0, 0x0,
    0x0, 0x0, 0x1, 0xfc, 0xdf, 0x10, 0x9f, 0xfa,
    0x0, 0x0, 0x0, 0x0, 0x1, 0xfd, 0xcf, 0x20,
    0x8f, 0xfd, 0x0, 0x0, 0x10, 0x0, 0x3, 0xfb,
    0x9f, 0x60, 0x3f, 0xff, 0xa2, 0x4, 0xeb, 0x20,
    0x6, 0xf8, 0x5f, 0xb0, 0x9, 0xff, 0xff, 0xff,
    0xff, 0xc0, 0xc, 0xf3, 0xd, 0xf3, 0x0, 0x9f,
    0xff, 0xff, 0xfd, 0x20, 0x4f, 0xc0, 0x5, 0xfe,
    0x10, 0x3, 0x8b, 0xba, 0x50, 0x2, 0xef, 0x40,
    0x0, 0x9f, 0xd2, 0x0, 0x0, 0x0, 0x0, 0x3e,
    0xf8, 0x0, 0x0, 0x9, 0xff, 0x82, 0x0, 0x0,
    0x39, 0xff, 0x80, 0x0, 0x0, 0x0, 0x6e, 0xff,
    0xed, 0xdf, 0xff, 0xd5, 0x0, 0x0, 0x0, 0x0,
    0x0, 0x6a, 0xdf, 0xfd, 0xa5, 0x0, 0x0, 0x0,

    /* U+00AA "ª" */
    0x1, 0x7c, 0xef, 0xeb, 0x40, 0x0, 0xaf, 0xff,
    0xff, 0xff, 0x50, 0x2, 0xe7, 0x44, 0xbf, 0xfe,
    0x0, 0x0, 0x0, 0x0, 0xff, 0xf1, 0x2, 0xae,
    0xff, 0xff, 0xff, 0x10, 0xef, 0xfb, 0x99, 0xff,
    0xf1, 0x2f, 0xfc, 0x0, 0x3f, 0xff, 0x10, 0xef,
    0xff, 0xef, 0xff, 0xf1, 0x2, 0xae, 0xfd, 0x79,
    0xdd, 0x10,

    /* U+00AB "«" */
    0x0, 0x3, 0xcc, 0xc7, 0x0, 0xbc, 0xca, 0x0,
    0x1, 0xef, 0xfe, 0x10, 0xaf, 0xff, 0x50, 0x0,
    0xbf, 0xff, 0x40, 0x5f, 0xff, 0x90, 0x0, 0x6f,
    0xff, 0x90, 0x2f, 0xff, 0xd0, 0x0, 0x2f, 0xff,
    0xd0, 0xc, 0xff, 0xf3, 0x0, 0xc, 0xff, 0xf3,
    0x7, 0xff, 0xf9, 0x0, 0x0, 0x5f, 0xff, 0xa0,
    0x1e, 0xff, 0xe1, 0x0, 0x0, 0x9f, 0xff, 0x50,
    0x4f, 0xff, 0xb0, 0x0, 0x0, 0xdf, 0xff, 0x20,
    0x8f, 0xff, 0x60, 0x0, 0x2, 0xff, 0xfc, 0x0,
    0xcf, 0xff, 0x20, 0x0, 0x6, 0xff, 0xf8, 0x2,
    0xff, 0xfd, 0x0,

    /* U+00AC "¬" */
    0x15, 0x55, 0x55, 0x55, 0x55, 0x55, 0x55, 0x4,
    0xff, 0xff, 0xff, 0xff, 0xff, 0xff, 0xf1, 0x4f,
    0xff, 0xff, 0xff, 0xff, 0xff, 0xff, 0x14, 0xff,
    0xff, 0xff, 0xff, 0xff, 0xff, 0xf1, 0x0, 0x0,
    0x0, 0x0, 0x0, 0x8f, 0xff, 0x10, 0x0, 0x0,
    0x0, 0x0, 0x8, 0xff, 0xf1, 0x0, 0x0, 0x0,
    0x0, 0x0, 0x8f, 0xff, 0x10, 0x0, 0x0, 0x0,
    0x0, 0x8, 0xff, 0xf1, 0x0, 0x0, 0x0, 0x0,
    0x0, 0x8f, 0xff, 0x10,

    /* U+00AE "®" */
    0x0, 0x0, 0x0, 0x27, 0xab, 0xca, 0x72, 0x0,
    0x0, 0x0, 0x0, 0x0, 0x2b, 0xff, 0xff, 0xff,
    0xff, 0xb3, 0x0, 0x0, 0x0, 0x6, 0xff, 0xc6,
    0x20, 0x2, 0x6c, 0xff, 0x60, 0x0, 0x0, 0x6f,
    0xf5, 0x0, 0x0, 0x0, 0x0, 0x5f, 0xf6, 0x0,
    0x3, 0xff, 0x30, 0x0, 0x0, 0x0, 0x0, 0x3,
    0xff, 0x30, 0xc, 0xf6, 0x5, 0xff, 0xff, 0xfd,
    0xa3, 0x0, 0x6f, 0xc0, 0x3f, 0xd0, 0x5, 0xff,
    0xff, 0xff, 0xff, 0x60, 0xd, 0xf3, 0x8f, 0x70,
    0x5, 0xff, 0xa2, 0x26, 0xff, 0xf0, 0x7, 0xf8,
    0xcf, 0x30, 0x5, 0xff, 0x90, 0x0, 0xcf, 0xf2,
    0x3, 0xfb, 0xdf, 0x10, 0x5, 0xff, 0x90, 0x4,
    0xff, 0xf0, 0x1, 0xfc, 0xdf, 0x10, 0x5, 0xff,
    0xff, 0xff, 0xff, 0x80, 0x1, 0xfd, 0xcf, 0x20,
    0x5, 0xff, 0xff, 0xff, 0xf7, 0x0, 0x3, 0xfb,
    0x9f, 0x60, 0x5, 0xff, 0xa2, 0x5f, 0xfa, 0x0,
    0x6, 0xf8, 0x5f, 0xb0, 0x5, 0xff, 0x90, 0xa,
    0xff, 0x40, 0xc, 0xf3, 0xd, 0xf3, 0x5, 0xff,
    0x90, 0x1, 0xef, 0xd0, 0x4f, 0xc0, 0x5, 0xfe,
    0x12, 0x77, 0x40, 0x0, 0x47, 0x74, 0xef, 0x40,
    0x0, 0x9f, 0xd2, 0x0, 0x0, 0x0, 0x0, 0x3e,
    0xf8, 0x0, 0x0, 0x9, 0xff, 0x82, 0x0, 0x0,
    0x39, 0xff, 0x80, 0x0, 0x0, 0x0, 0x6e, 0xff,
    0xed, 0xdf, 0xff, 0xd5, 0x0, 0x0, 0x0, 0x0,
    0x0, 0x6a, 0xdf, 0xfd, 0xa5, 0x0, 0x0, 0x0,

    /* U+00AF "¯" */
    0x56, 0x66, 0x66, 0x66, 0x66, 0x3c, 0xff, 0xff,
    0xff, 0xff, 0xf9, 0xcf, 0xff, 0xff, 0xff, 0xff,
    0x90,

    /* U+00B0 "°" */
    0x0, 0x0, 0x1, 0x0, 0x0, 0x0, 0x0, 0x8e,
    0xff, 0xd5, 0x0, 0x0, 0xdf, 0xff, 0xff, 0xf8,
    0x0, 0x9f, 0xf6, 0x1, 0x9f, 0xf4, 0xf, 0xf7,
    0x0, 0x0, 0xcf, 0x90, 0xff, 0x40, 0x0, 0x9,
    0xfb, 0xe, 0xf8, 0x0, 0x0, 0xdf, 0x90, 0x8f,
    0xf8, 0x23, 0xbf, 0xf3, 0x0, 0xcf, 0xff, 0xff,
    0xf7, 0x0, 0x0, 0x7c, 0xfe, 0xb4, 0x0,

    /* U+00B1 "±" */
    0x0, 0x0, 0x6, 0xff, 0xf3, 0x0, 0x0, 0x0,
    0x0, 0x0, 0x6f, 0xff, 0x30, 0x0, 0x0, 0x0,
    0x0, 0x6, 0xff, 0xf3, 0x0, 0x0, 0x0, 0x0,
    0x0, 0x6f, 0xff, 0x30, 0x0, 0x0, 0x14, 0x44,
    0x49, 0xff, 0xf6, 0x44, 0x44, 0x4, 0xff, 0xff,
    0xff, 0xff, 0xff, 0xff, 0xf1, 0x4f, 0xff, 0xff,
    0xff, 0xff, 0xff, 0xff, 0x14, 0xff, 0xff, 0xff,
    0xff, 0xff, 0xff, 0xf1, 0x0, 0x0, 0x6, 0xff,
    0xf3, 0x0, 0x0, 0x0, 0x0, 0x0, 0x6f, 0xff,
    0x30, 0x0, 0x0, 0x0, 0x0, 0x6, 0xff, 0xf3,
    0x0, 0x0, 0x0, 0x0, 0x0, 0x6f, 0xff, 0x30,
    0x0, 0x0, 0x0, 0x0, 0x1, 0x44, 0x40, 0x0,
    0x0, 0x0, 0x0, 0x0, 0x0, 0x0, 0x0, 0x0,
    0x0, 0x15, 0x55, 0x55, 0x55, 0x55, 0x55, 0x55,
    0x4, 0xff, 0xff, 0xff, 0xff, 0xff, 0xff, 0xf1,
    0x4f, 0xff, 0xff, 0xff, 0xff, 0xff, 0xff, 0x14,
    0xff, 0xff, 0xff, 0xff, 0xff, 0xff, 0xf1,

    /* U+00B2 "²" */
    0x0, 0x5b, 0xef, 0xfc, 0x60, 0x0, 0xbf, 0xff,
    0xff, 0xff, 0xa0, 0x2d, 0xfe, 0x87, 0xaf, 0xff,
    0x40, 0x7, 0x10, 0x0, 0xbf, 0xf7, 0x0, 0x0,
    0x0, 0xd, 0xff, 0x50, 0x0, 0x0, 0xa, 0xff,
    0xd0, 0x0, 0x0, 0xb, 0xff, 0xe2, 0x0, 0x0,
    0x1c, 0xff, 0xd2, 0x0, 0x0, 0x2d, 0xff, 0xc1,
    0x0, 0x0, 0x3e, 0xff, 0xe6, 0x55, 0x55, 0xd,
    0xff, 0xff, 0xff, 0xff, 0xe0, 0xdf, 0xff, 0xff,
    0xff, 0xfe,

    /* U+00B3 "³" */
    0xf, 0xff, 0xff, 0xff, 0xff, 0x70, 0xf, 0xff,
    0xff, 0xff, 0xff, 0x70, 0x5, 0x55, 0x55, 0xcf,
    0xfc, 0x0, 0x0, 0x0, 0x7, 0xff, 0xc0, 0x0,
    0x0, 0x0, 0x7f, 0xfe, 0x20, 0x0, 0x0, 0x0,
    0xdf, 0xff, 0xfa, 0x0, 0x0, 0x0, 0xbd, 0xef,
    0xff, 0xa0, 0x0, 0x0, 0x0, 0x4, 0xff, 0xf0,
    0x4, 0x10, 0x0, 0x1, 0xff, 0xf0, 0xe, 0xfb,
    0x87, 0x8d, 0xff, 0xc0, 0x4f, 0xff, 0xff, 0xff,
    0xfe, 0x20, 0x3, 0x8c, 0xef, 0xec, 0x81, 0x0,

    /* U+00B4 "´" */
    0x0, 0x0, 0xcf, 0xff, 0xa0, 0x0, 0xc, 0xff,
    0xf7, 0x0, 0x0, 0xbf, 0xfe, 0x40, 0x0, 0xa,
    0xff, 0xc1, 0x0, 0x0,

    /* U+00B5 "µ" */
    0xff, 0xff, 0x60, 0x0, 0x0, 0x1f, 0xff, 0xf4,
    0xff, 0xff, 0x60, 0x0, 0x0, 0x1f, 0xff, 0xf4,
    0xff, 0xff, 0x60, 0x0, 0x0, 0x1f, 0xff, 0xf4,
    0xff, 0xff, 0x60, 0x0, 0x0, 0x1f, 0xff, 0xf4,
    0xff, 0xff, 0x60, 0x0, 0x0, 0x1f, 0xff, 0xf4,
    0xff, 0xff, 0x60, 0x0, 0x0, 0x1f, 0xff, 0xf4,
    0xff, 0xff, 0x60, 0x0, 0x0, 0x1f, 0xff, 0xf4,
    0xff, 0xff, 0x60, 0x0, 0x0, 0x1f, 0xff, 0xf4,
    0xff, 0xff, 0x70, 0x0, 0x0, 0x2f, 0xff, 0xf4,
    0xff, 0xff, 0xa0, 0x0, 0x0, 0x7f, 0xff, 0xf4,
    0xff, 0xff, 0xf3, 0x0, 0x2, 0xef, 0xff, 0xf4,
    0xff, 0xff, 0xff, 0xa8, 0xaf, 0xff, 0xff, 0xf4,
    0xff, 0xff, 0xff, 0xff, 0xff, 0xff, 0xff, 0xf4,
    0xff, 0xff, 0xff, 0xff, 0xff, 0xec, 0xff, 0xf4,
    0xff, 0xff, 0xab, 0xef, 0xe9, 0x1a, 0xff, 0xf4,
    0xff, 0xff, 0x60, 0x0, 0x0, 0x0, 0x0, 0x0,
    0xff, 0xff, 0x60, 0x0, 0x0, 0x0, 0x0, 0x0,
    0xff, 0xff, 0x60, 0x0, 0x0, 0x0, 0x0, 0x0,
    0xff, 0xff, 0x60, 0x0, 0x0, 0x0, 0x0, 0x0,
    0xff, 0xff, 0x60, 0x0, 0x0, 0x0, 0x0, 0x0,

    /* U+00B6 "¶" */
    0x0, 0x0, 0x0, 0x1, 0x11, 0x11, 0x11, 0x11,
    0x10, 0x0, 0x6b, 0xff, 0xff, 0xff, 0xff, 0xff,
    0xfe, 0x1, 0xdf, 0xff, 0xff, 0xff, 0xff, 0xff,
    0xff, 0xe0, 0xcf, 0xff, 0xff, 0xff, 0xff, 0xff,
    0xff, 0xfe, 0x4f, 0xff, 0xff, 0xff, 0xff, 0x0,
    0xa, 0xff, 0xe8, 0xff, 0xff, 0xff, 0xff, 0xf0,
    0x0, 0xaf, 0xfe, 0x8f, 0xff, 0xff, 0xff, 0xff,
    0x0, 0xa, 0xff, 0xe6, 0xff, 0xff, 0xff, 0xff,
    0xf0, 0x0, 0xaf, 0xfe, 0x1f, 0xff, 0xff, 0xff,
    0xff, 0x0, 0xa, 0xff, 0xe0, 0x5f, 0xff, 0xff,
    0xff, 0xf0, 0x0, 0xaf, 0xfe, 0x0, 0x3c, 0xff,
    0xff, 0xff, 0x0, 0xa, 0xff, 0xe0, 0x0, 0x1,
    0x4b, 0xff, 0xf0, 0x0, 0xaf, 0xfe, 0x0, 0x0,
    0x0, 0x9f, 0xff, 0x0, 0xa, 0xff, 0xe0, 0x0,
    0x0, 0x9, 0xff, 0xf0, 0x0, 0xaf, 0xfe, 0x0,
    0x0, 0x0, 0x9f, 0xff, 0x0, 0xa, 0xff, 0xe0,
    0x0, 0x0, 0x9, 0xff, 0xf0, 0x0, 0xaf, 0xfe,
    0x0, 0x0, 0x0, 0x9f, 0xff, 0x0, 0xa, 0xff,
    0xe0, 0x0, 0x0, 0x9, 0xff, 0xf0, 0x0, 0xaf,
    0xfe, 0x0, 0x0, 0x0, 0x9f, 0xff, 0x0, 0xa,
    0xff, 0xe0, 0x0, 0x0, 0x9, 0xff, 0xf0, 0x0,
    0xaf, 0xfe, 0x0, 0x0, 0x0, 0x9f, 0xff, 0x0,
    0xa, 0xff, 0xe0, 0x0, 0x0, 0x9, 0xff, 0xf0,
    0x0, 0xaf, 0xfe, 0x0, 0x0, 0x0, 0x9f, 0xff,
    0x0, 0xa, 0xff, 0xe0, 0x0, 0x0, 0x9, 0xff,
    0xf0, 0x0, 0xaf, 0xfe,

    /* U+00B7 "·" */
    0x0, 0x34, 0x10, 0xb, 0xff, 0xf4, 0x5f, 0xff,
    0xfc, 0x6f, 0xff, 0xfe, 0x3f, 0xff, 0xfa, 0x5,
    0xdf, 0xa1,

    /* U+00B8 "¸" */
    0x0, 0xc, 0xe6, 0x0, 0x0, 0x2f, 0xf6, 0x0,
    0x0, 0x6f, 0xff, 0xc1, 0x0, 0x0, 0x6f, 0xf7,
    0x3, 0x20, 0x7f, 0xf8, 0xc, 0xff, 0xff, 0xf2,
    0xa, 0xef, 0xea, 0x20,

    /* U+00B9 "¹" */
    0xbf, 0xff, 0xff, 0x10, 0xb, 0xff, 0xff, 0xf1,
    0x0, 0x35, 0x6f, 0xff, 0x10, 0x0, 0x1, 0xff,
    0xf1, 0x0, 0x0, 0x1f, 0xff, 0x10, 0x0, 0x1,
    0xff, 0xf1, 0x0, 0x0, 0x1f, 0xff, 0x10, 0x0,
    0x1, 0xff, 0xf1, 0x0, 0x0, 0x1f, 0xff, 0x10,
    0x5, 0x56, 0xff, 0xf5, 0x53, 0xff, 0xff, 0xff,
    0xff, 0x9f, 0xff, 0xff, 0xff, 0xf9,

    /* U+00BA "º" */
    0x0, 0x7, 0xcf, 0xfc, 0x70, 0x0, 0x1, 0xdf,
    0xff, 0xff, 0xfd, 0x10, 0xb, 0xff, 0xc6, 0x6d,
    0xff, 0xb0, 0x2f, 0xfe, 0x0, 0x1, 0xef, 0xf1,
    0x4f, 0xfa, 0x0, 0x0, 0xbf, 0xf3, 0x3f, 0xfd,
    0x0, 0x0, 0xdf, 0xf2, 0xe, 0xff, 0x81, 0x18,
    0xff, 0xd0, 0x4, 0xff, 0xff, 0xff, 0xff, 0x30,
    0x0, 0x3c, 0xff, 0xff, 0xc3, 0x0, 0x0, 0x0,
    0x24, 0x42, 0x0, 0x0,

    /* U+00BB "»" */
    0x1b, 0xcc, 0xa0, 0x8, 0xcc, 0xb2, 0x0, 0x0,
    0x6f, 0xff, 0x80, 0x2f, 0xff, 0xd0, 0x0, 0x0,
    0xbf, 0xff, 0x40, 0x5f, 0xff, 0x90, 0x0, 0x1,
    0xef, 0xfe, 0x10, 0xaf, 0xff, 0x50, 0x0, 0x4,
    0xff, 0xfb, 0x1, 0xef, 0xfe, 0x10, 0x0, 0xa,
    0xff, 0xf5, 0x5, 0xff, 0xfb, 0x0, 0x2, 0xff,
    0xfd, 0x0, 0xbf, 0xff, 0x40, 0x0, 0xcf, 0xff,
    0x30, 0x7f, 0xff, 0x80, 0x0, 0x8f, 0xff, 0x70,
    0x3f, 0xff, 0xc0, 0x0, 0x3f, 0xff, 0xb0, 0xd,
    0xff, 0xe1, 0x0, 0xe, 0xff, 0xe1, 0x9, 0xff,
    0xf5, 0x0, 0x0,

    /* U+00BC "¼" */
    0x34, 0x44, 0x44, 0x0, 0x0, 0x0, 0x0, 0x0,
    0x1, 0x44, 0x30, 0x0, 0x0, 0xb, 0xff, 0xff,
    0xf1, 0x0, 0x0, 0x0, 0x0, 0x0, 0xdf, 0xf7,
    0x0, 0x0, 0x0, 0xbf, 0xff, 0xff, 0x10, 0x0,
    0x0, 0x0, 0x0, 0x9f, 0xfb, 0x0, 0x0, 0x0,
    0x0, 0x1, 0xff, 0xf1, 0x0, 0x0, 0x0, 0x0,
    0x4f, 0xff, 0x10, 0x0, 0x0, 0x0, 0x0, 0x1f,
    0xff, 0x10, 0x0, 0x0, 0x0, 0x1e, 0xff, 0x50,
    0x0, 0x0, 0x0, 0x0, 0x1, 0xff, 0xf1, 0x0,
    0x0, 0x0, 0xa, 0xff, 0xa0, 0x0, 0x0, 0x0,
    0x0, 0x0, 0x1f, 0xff, 0x10, 0x0, 0x0, 0x5,
    0xff, 0xe1, 0x0, 0x0, 0x0, 0x0, 0x0, 0x1,
    0xff, 0xf1, 0x0, 0x0, 0x1, 0xff, 0xf4, 0x0,
    0x0, 0x0, 0x0, 0x0, 0x0, 0x1f, 0xff, 0x10,
    0x0, 0x0, 0xbf, 0xf9, 0x0, 0x0, 0x15, 0x55,
    0x0, 0x0, 0x1, 0xff, 0xf1, 0x0, 0x0, 0x7f,
    0xfd, 0x0, 0x0, 0xc, 0xff, 0x80, 0x0, 0xff,
    0xff, 0xff, 0xff, 0x90, 0x2f, 0xff, 0x30, 0x0,
    0x7, 0xff, 0xd0, 0x0, 0xf, 0xff, 0xff, 0xff,
    0xf9, 0xc, 0xff, 0x80, 0x0, 0x3, 0xff, 0xf2,
    0x0, 0x0, 0x44, 0x44, 0x44, 0x44, 0x28, 0xff,
    0xc0, 0x0, 0x0, 0xdf, 0xf6, 0x0, 0x0, 0x0,
    0x0, 0x0, 0x0, 0x3, 0xff, 0xf2, 0x0, 0x0,
    0xaf, 0xfb, 0x7, 0x97, 0x0, 0x0, 0x0, 0x0,
    0x0, 0xdf, 0xf6, 0x0, 0x0, 0x5f, 0xfe, 0x10,
    0xdf, 0xd0, 0x0, 0x0, 0x0, 0x0, 0x9f, 0xfb,
    0x0, 0x0, 0x1e, 0xff, 0x95, 0x5e, 0xfe, 0x53,
    0x0, 0x0, 0x0, 0x4f, 0xfe, 0x10, 0x0, 0x7,
    0xff, 0xff, 0xff, 0xff, 0xff, 0xb0, 0x0, 0x0,
    0x1e, 0xff, 0x50, 0x0, 0x0, 0x7f, 0xff, 0xff,
    0xff, 0xff, 0xfb, 0x0, 0x0, 0xb, 0xff, 0xa0,
    0x0, 0x0, 0x0, 0x0, 0x0, 0x2, 0xff, 0xd0,
    0x0, 0x0, 0x6, 0xff, 0xe1, 0x0, 0x0, 0x0,
    0x0, 0x0, 0x0, 0x2f, 0xfd, 0x0,

    /* U+00BD "½" */
    0x34, 0x44, 0x44, 0x0, 0x0, 0x0, 0x0, 0x0,
    0x1, 0x44, 0x30, 0x0, 0x0, 0xb, 0xff, 0xff,
    0xf1, 0x0, 0x0, 0x0, 0x0, 0x0, 0xdf, 0xf7,
    0x0, 0x0, 0x0, 0xbf, 0xff, 0xff, 0x10, 0x0,
    0x0, 0x0, 0x0, 0x9f, 0xfb, 0x0, 0x0, 0x0,
    0x0, 0x1, 0xff, 0xf1, 0x0, 0x0, 0x0, 0x0,
    0x4f, 0xff, 0x10, 0x0, 0x0, 0x0, 0x0, 0x1f,
    0xff, 0x10, 0x0, 0x0, 0x0, 0x1e, 0xff, 0x50,
    0x0, 0x0, 0x0, 0x0, 0x1, 0xff, 0xf1, 0x0,
    0x0, 0x0, 0xa, 0xff, 0xa0, 0x0, 0x0, 0x0,
    0x0, 0x0, 0x1f, 0xff, 0x10, 0x0, 0x0, 0x5,
    0xff, 0xe1, 0x0, 0x0, 0x0, 0x0, 0x0, 0x1,
    0xff, 0xf1, 0x0, 0x0, 0x1, 0xff, 0xf4, 0x0,
    0x0, 0x0, 0x0, 0x0, 0x0, 0x1f, 0xff, 0x10,
    0x0, 0x0, 0xbf, 0xf9, 0x0, 0x14, 0x55, 0x30,
    0x0, 0x0, 0x1, 0xff, 0xf1, 0x0, 0x0, 0x7f,
    0xfd, 0x1, 0xaf, 0xff, 0xff, 0xe5, 0x0, 0xff,
    0xff, 0xff, 0xff, 0x90, 0x2f, 0xff, 0x31, 0xef,
    0xff, 0xff, 0xff, 0xf3, 0xf, 0xff, 0xff, 0xff,
    0xf9, 0xc, 0xff, 0x80, 0x4, 0xd9, 0x20, 0x2c,
    0xff, 0x90, 0x44, 0x44, 0x44, 0x44, 0x28, 0xff,
    0xc0, 0x0, 0x0, 0x0, 0x0, 0x8f, 0xf9, 0x0,
    0x0, 0x0, 0x0, 0x3, 0xff, 0xf2, 0x0, 0x0,
    0x0, 0x0, 0x2e, 0xff, 0x30, 0x0, 0x0, 0x0,
    0x0, 0xdf, 0xf6, 0x0, 0x0, 0x0, 0x0, 0x4f,
    0xff, 0x70, 0x0, 0x0, 0x0, 0x0, 0x9f, 0xfb,
    0x0, 0x0, 0x0, 0x0, 0x7f, 0xff, 0x60, 0x0,
    0x0, 0x0, 0x0, 0x4f, 0xfe, 0x10, 0x0, 0x0,
    0x0, 0x9f, 0xfe, 0x40, 0x0, 0x0, 0x0, 0x0,
    0x1e, 0xff, 0x50, 0x0, 0x0, 0x1, 0xcf, 0xff,
    0x75, 0x55, 0x50, 0x0, 0x0, 0xb, 0xff, 0xa0,
    0x0, 0x0, 0x0, 0xaf, 0xff, 0xff, 0xff, 0xff,
    0x10, 0x0, 0x6, 0xff, 0xe1, 0x0, 0x0, 0x0,
    0xa, 0xff, 0xff, 0xff, 0xff, 0xf1,

    /* U+00BE "¾" */
    0x4, 0x44, 0x44, 0x44, 0x44, 0x20, 0x0, 0x0,
    0x0, 0x1, 0x44, 0x30, 0x0, 0x0, 0x0, 0xff,
    0xff, 0xff, 0xff, 0xf7, 0x0, 0x0, 0x0, 0x0,
    0xdf, 0xf7, 0x0, 0x0, 0x0, 0xf, 0xff, 0xff,
    0xff, 0xff, 0x50, 0x0, 0x0, 0x0, 0x9f, 0xfb,
    0x0, 0x0, 0x0, 0x0, 0x0, 0x0, 0xc, 0xff,
    0x80, 0x0, 0x0, 0x0, 0x4f, 0xff, 0x10, 0x0,
    0x0, 0x0, 0x0, 0x0, 0x1c, 0xff, 0x70, 0x0,
    0x0, 0x0, 0x1e, 0xff, 0x50, 0x0, 0x0, 0x0,
    0x0, 0x0, 0xb, 0xff, 0xe7, 0x10, 0x0, 0x0,
    0xa, 0xff, 0xa0, 0x0, 0x0, 0x0, 0x0, 0x0,
    0x0, 0xdf, 0xff, 0xff, 0x40, 0x0, 0x5, 0xff,
    0xe1, 0x0, 0x0, 0x0, 0x0, 0x0, 0x0, 0x4,
    0x56, 0xcf, 0xfd, 0x0, 0x1, 0xff, 0xf4, 0x0,
    0x0, 0x0, 0x0, 0x0, 0x0, 0x0, 0x0, 0x0,
    0xff, 0xf1, 0x0, 0xbf, 0xf9, 0x0, 0x0, 0x26,
    0x66, 0x0, 0x0, 0xaa, 0x41, 0x1, 0x8f, 0xfe,
    0x0, 0x7f, 0xfd, 0x0, 0x0, 0xc, 0xff, 0x80,
    0x0, 0x3f, 0xff, 0xff, 0xff, 0xff, 0x60, 0x2f,
    0xff, 0x30, 0x0, 0x8, 0xff, 0xc0, 0x0, 0x1,
    0x9e, 0xff, 0xff, 0xfe, 0x60, 0xc, 0xff, 0x80,
    0x0, 0x4, 0xff, 0xf2, 0x0, 0x0, 0x0, 0x2,
    0x55, 0x53, 0x0, 0x8, 0xff, 0xc0, 0x0, 0x1,
    0xef, 0xf6, 0x0, 0x0, 0x0, 0x0, 0x0, 0x0,
    0x0, 0x3, 0xff, 0xf2, 0x0, 0x0, 0xaf, 0xfa,
    0x7, 0x97, 0x0, 0x0, 0x0, 0x0, 0x0, 0x0,
    0xdf, 0xf6, 0x0, 0x0, 0x5f, 0xfe, 0x10, 0xdf,
    0xd0, 0x0, 0x0, 0x0, 0x0, 0x0, 0x9f, 0xfb,
    0x0, 0x0, 0x1f, 0xff, 0x95, 0x5e, 0xfe, 0x53,
    0x0, 0x0, 0x0, 0x0, 0x4f, 0xfe, 0x10, 0x0,
    0x7, 0xff, 0xff, 0xff, 0xff, 0xff, 0xb0, 0x0,
    0x0, 0x0, 0x1e, 0xff, 0x50, 0x0, 0x0, 0x7f,
    0xff, 0xff, 0xff, 0xff, 0xfb, 0x0, 0x0, 0x0,
    0xb, 0xff, 0xa0, 0x0, 0x0, 0x0, 0x0, 0x0,
    0x2, 0xff, 0xd0, 0x0, 0x0, 0x0, 0x6, 0xff,
    0xe1, 0x0, 0x0, 0x0, 0x0, 0x0, 0x0, 0x2f,
    0xfd, 0x0,

    /* U+00BF "¿" */
    0x0, 0x0, 0x5, 0xdf, 0xa1, 0x0, 0x0, 0x0,
    0x0, 0x0, 0x2f, 0xff, 0xfa, 0x0, 0x0, 0x0,
    0x0, 0x0, 0x5f, 0xff, 0xfe, 0x0, 0x0, 0x0,
    0x0, 0x0, 0x2f, 0xff, 0xfa, 0x0, 0x0, 0x0,
    0x0, 0x0, 0x5, 0xde, 0xa1, 0x0, 0x0, 0x0,
    0x0, 0x0, 0x0, 0x0, 0x0, 0x0, 0x0, 0x0,
    0x0, 0x0, 0x1, 0x11, 0x10, 0x0, 0x0, 0x0,
    0x0, 0x0, 0xe, 0xff, 0xf5, 0x0, 0x0, 0x0,
    0x0, 0x0, 0x7f, 0xff, 0xf1, 0x0, 0x0, 0x0,
    0x0, 0x6, 0xff, 0xff, 0x80, 0x0, 0x0, 0x0,
    0x0, 0x7f, 0xff, 0xfa, 0x0, 0x0, 0x0, 0x0,
    0x6, 0xff, 0xff, 0x90, 0x0, 0x0, 0x0, 0x0,
    0x1f, 0xff, 0xfa, 0x0, 0x0, 0x0, 0x0, 0x0,
    0x6f, 0xff, 0xf2, 0x0, 0x0, 0x0, 0x0, 0x0,
    0x8f, 0xff, 0xf3, 0x0, 0x0, 0x6, 0xc3, 0x0,
    0x6f, 0xff, 0xfd, 0x41, 0x3, 0xaf, 0xff, 0xa1,
    0x1f, 0xff, 0xff, 0xff, 0xff, 0xff, 0xff, 0xe1,
    0x6, 0xff, 0xff, 0xff, 0xff, 0xff, 0xfd, 0x20,
    0x0, 0x4d, 0xff, 0xff, 0xff, 0xfe, 0x80, 0x0,
    0x0, 0x0, 0x26, 0x89, 0x86, 0x30, 0x0, 0x0,

    /* U+00C0 "À" */
    0x0, 0x0, 0x0, 0x9f, 0xff, 0xd1, 0x0, 0x0,
    0x0, 0x0, 0x0, 0x0, 0x0, 0x0, 0x0, 0x5f,
    0xff, 0xd1, 0x0, 0x0, 0x0, 0x0, 0x0, 0x0,
    0x0, 0x0, 0x0, 0x2d, 0xff, 0xc0, 0x0, 0x0,
    0x0, 0x0, 0x0, 0x0, 0x0, 0x0, 0x0, 0x1b,
    0xff, 0xc0, 0x0, 0x0, 0x0, 0x0, 0x0, 0x0,
    0x0, 0x0, 0x0, 0x0, 0x0, 0x0, 0x0, 0x0,
    0x0, 0x0, 0x0, 0x0, 0x0, 0x0, 0x0, 0x0,
    0x0, 0x0, 0x0, 0x0, 0x0, 0x0, 0x0, 0x0,
    0x0, 0xb, 0xff, 0xff, 0x30, 0x0, 0x0, 0x0,
    0x0, 0x0, 0x0, 0x0, 0x3, 0xff, 0xff, 0xfa,
    0x0, 0x0, 0x0, 0x0, 0x0, 0x0, 0x0, 0x0,
    0xaf, 0xff, 0xff, 0xf2, 0x0, 0x0, 0x0, 0x0,
    0x0, 0x0, 0x0, 0x2f, 0xff, 0xff, 0xff, 0x90,
    0x0, 0x0, 0x0, 0x0, 0x0, 0x0, 0x9, 0xff,
    0xfc, 0xff, 0xff, 0x10, 0x0, 0x0, 0x0, 0x0,
    0x0, 0x1, 0xff, 0xff, 0x3c, 0xff, 0xf8, 0x0,
    0x0, 0x0, 0x0, 0x0, 0x0, 0x8f, 0xff, 0xc0,
    0x6f, 0xff, 0xe0, 0x0, 0x0, 0x0, 0x0, 0x0,
    0xe, 0xff, 0xf5, 0x0, 0xef, 0xff, 0x60, 0x0,
    0x0, 0x0, 0x0, 0x6, 0xff, 0xfe, 0x0, 0x8,
    0xff, 0xfd, 0x0, 0x0, 0x0, 0x0, 0x0, 0xdf,
    0xff, 0x70, 0x0, 0x1f, 0xff, 0xf5, 0x0, 0x0,
    0x0, 0x0, 0x5f, 0xff, 0xf1, 0x0, 0x0, 0xaf,
    0xff, 0xc0, 0x0, 0x0, 0x0, 0xc, 0xff, 0xfd,
    0x66, 0x66, 0x69, 0xff, 0xff, 0x40, 0x0, 0x0,
    0x4, 0xff, 0xff, 0xff, 0xff, 0xff, 0xff, 0xff,
    0xfb, 0x0, 0x0, 0x0, 0xbf, 0xff, 0xff, 0xff,
    0xff, 0xff, 0xff, 0xff, 0xf3, 0x0, 0x0, 0x2f,
    0xff, 0xff, 0xff, 0xff, 0xff, 0xff, 0xff, 0xff,
    0xa0, 0x0, 0xa, 0xff, 0xfe, 0x0, 0x0, 0x0,
    0x0, 0x8, 0xff, 0xff, 0x20, 0x1, 0xff, 0xff,
    0x70, 0x0, 0x0, 0x0, 0x0, 0x2f, 0xff, 0xf9,
    0x0, 0x9f, 0xff, 0xf1, 0x0, 0x0, 0x0, 0x0,
    0x0, 0xaf, 0xff, 0xf1, 0x1f, 0xff, 0xf9, 0x0,
    0x0, 0x0, 0x0, 0x0, 0x4, 0xff, 0xff, 0x80,

    /* U+00C1 "Á" */
    0x0, 0x0, 0x0, 0x0, 0x0, 0x0, 0x8f, 0xff,
    0xd2, 0x0, 0x0, 0x0, 0x0, 0x0, 0x0, 0x0,
    0x0, 0x7f, 0xff, 0xb0, 0x0, 0x0, 0x0, 0x0,
    0x0, 0x0, 0x0, 0x0, 0x6f, 0xff, 0x70, 0x0,
    0x0, 0x0, 0x0, 0x0, 0x0, 0x0, 0x0, 0x5f,
    0xfe, 0x40, 0x0, 0x0, 0x0, 0x0, 0x0, 0x0,
    0x0, 0x0, 0x0, 0x0, 0x0, 0x0, 0x0, 0x0,
    0x0, 0x0, 0x0, 0x0, 0x0, 0x0, 0x0, 0x0,
    0x0, 0x0, 0x0, 0x0, 0x0, 0x0, 0x0, 0x0,
    0x0, 0xb, 0xff, 0xff, 0x30, 0x0, 0x0, 0x0,
    0x0, 0x0, 0x0, 0x0, 0x3, 0xff, 0xff, 0xfa,
    0x0, 0x0, 0x0, 0x0, 0x0, 0x0, 0x0, 0x0,
    0xaf, 0xff, 0xff, 0xf2, 0x0, 0x0, 0x0, 0x0,
    0x0, 0x0, 0x0, 0x2f, 0xff, 0xff, 0xff, 0x90,
    0x0, 0x0, 0x0, 0x0, 0x0, 0x0, 0x9, 0xff,
    0xfc, 0xff, 0xff, 0x10, 0x0, 0x0, 0x0, 0x0,
    0x0, 0x1, 0xff, 0xff, 0x3c, 0xff, 0xf8, 0x0,
    0x0, 0x0, 0x0, 0x0, 0x0, 0x8f, 0xff, 0xc0,
    0x6f, 0xff, 0xe0, 0x0, 0x0, 0x0, 0x0, 0x0,
    0xe, 0xff, 0xf5, 0x0, 0xef, 0xff, 0x60, 0x0,
    0x0, 0x0, 0x0, 0x6, 0xff, 0xfe, 0x0, 0x8,
    0xff, 0xfd, 0x0, 0x0, 0x0, 0x0, 0x0, 0xdf,
    0xff, 0x70, 0x0, 0x1f, 0xff, 0xf5, 0x0, 0x0,
    0x0, 0x0, 0x5f, 0xff, 0xf1, 0x0, 0x0, 0xaf,
    0xff, 0xc0, 0x0, 0x0, 0x0, 0xc, 0xff, 0xfd,
    0x66, 0x66, 0x69, 0xff, 0xff, 0x40, 0x0, 0x0,
    0x4, 0xff, 0xff, 0xff, 0xff, 0xff, 0xff, 0xff,
    0xfb, 0x0, 0x0, 0x0, 0xbf, 0xff, 0xff, 0xff,
    0xff, 0xff, 0xff, 0xff, 0xf3, 0x0, 0x0, 0x2f,
    0xff, 0xff, 0xff, 0xff, 0xff, 0xff, 0xff, 0xff,
    0xa0, 0x0, 0xa, 0xff, 0xfe, 0x0, 0x0, 0x0,
    0x0, 0x8, 0xff, 0xff, 0x20, 0x1, 0xff, 0xff,
    0x70, 0x0, 0x0, 0x0, 0x0, 0x2f, 0xff, 0xf9,
    0x0, 0x9f, 0xff, 0xf1, 0x0, 0x0, 0x0, 0x0,
    0x0, 0xaf, 0xff, 0xf1, 0x1f, 0xff, 0xf9, 0x0,
    0x0, 0x0, 0x0, 0x0, 0x4, 0xff, 0xff, 0x80,

    /* U+00C2 "Â" */
    0x0, 0x0, 0x0, 0x0, 0xa, 0xff, 0xfe, 0x20,
    0x0, 0x0, 0x0, 0x0, 0x0, 0x0, 0x0, 0x9,
    0xff, 0xff, 0xfe, 0x20, 0x0, 0x0, 0x0, 0x0,
    0x0, 0x0, 0x8, 0xff, 0xd2, 0x9f, 0xfd, 0x10,
    0x0, 0x0, 0x0, 0x0, 0x0, 0x7, 0xff, 0xc1,
    0x0, 0x6f, 0xfd, 0x10, 0x0, 0x0, 0x0, 0x0,
    0x0, 0x0, 0x0, 0x0, 0x0, 0x0, 0x0, 0x0,
    0x0, 0x0, 0x0, 0x0, 0x0, 0x0, 0x0, 0x0,
    0x0, 0x0, 0x0, 0x0, 0x0, 0x0, 0x0, 0x0,
    0x0, 0xb, 0xff, 0xff, 0x30, 0x0, 0x0, 0x0,
    0x0, 0x0, 0x0, 0x0, 0x3, 0xff, 0xff, 0xfa,
    0x0, 0x0, 0x0, 0x0, 0x0, 0x0, 0x0, 0x0,
    0xaf, 0xff, 0xff, 0xf2, 0x0, 0x0, 0x0, 0x0,
    0x0, 0x0, 0x0, 0x2f, 0xff, 0xff, 0xff, 0x90,
    0x0, 0x0, 0x0, 0x0, 0x0, 0x0, 0x9, 0xff,
    0xfc, 0xff, 0xff, 0x10, 0x0, 0x0, 0x0, 0x0,
    0x0, 0x1, 0xff, 0xff, 0x3c, 0xff, 0xf8, 0x0,
    0x0, 0x0, 0x0, 0x0, 0x0, 0x8f, 0xff, 0xc0,
    0x6f, 0xff, 0xe0, 0x0, 0x0, 0x0, 0x0, 0x0,
    0xe, 0xff, 0xf5, 0x0, 0xef, 0xff, 0x60, 0x0,
    0x0, 0x0, 0x0, 0x6, 0xff, 0xfe, 0x0, 0x8,
    0xff, 0xfd, 0x0, 0x0, 0x0, 0x0, 0x0, 0xdf,
    0xff, 0x70, 0x0, 0x1f, 0xff, 0xf5, 0x0, 0x0,
    0x0, 0x0, 0x5f, 0xff, 0xf1, 0x0, 0x0, 0xaf,
    0xff, 0xc0, 0x0, 0x0, 0x0, 0xc, 0xff, 0xfd,
    0x66, 0x66, 0x69, 0xff, 0xff, 0x40, 0x0, 0x0,
    0x4, 0xff, 0xff, 0xff, 0xff, 0xff, 0xff, 0xff,
    0xfb, 0x0, 0x0, 0x0, 0xbf, 0xff, 0xff, 0xff,
    0xff, 0xff, 0xff, 0xff, 0xf3, 0x0, 0x0, 0x2f,
    0xff, 0xff, 0xff, 0xff, 0xff, 0xff, 0xff, 0xff,
    0xa0, 0x0, 0xa, 0xff, 0xfe, 0x0, 0x0, 0x0,
    0x0, 0x8, 0xff, 0xff, 0x20, 0x1, 0xff, 0xff,
    0x70, 0x0, 0x0, 0x0, 0x0, 0x2f, 0xff, 0xf9,
    0x0, 0x9f, 0xff, 0xf1, 0x0, 0x0, 0x0, 0x0,
    0x0, 0xaf, 0xff, 0xf1, 0x1f, 0xff, 0xf9, 0x0,
    0x0, 0x0, 0x0, 0x0, 0x4, 0xff, 0xff, 0x80,

    /* U+00C3 "Ã" */
    0x0, 0x0, 0x0, 0x4, 0xdf, 0xd4, 0x0, 0xb,
    0xb3, 0x0, 0x0, 0x0, 0x0, 0x0, 0x1, 0xff,
    0xff, 0xf9, 0x17, 0xff, 0x20, 0x0, 0x0, 0x0,
    0x0, 0x0, 0x8f, 0xfa, 0xcf, 0xff, 0xff, 0xc0,
    0x0, 0x0, 0x0, 0x0, 0x0, 0xc, 0xfa, 0x0,
    0x8f, 0xff, 0xf3, 0x0, 0x0, 0x0, 0x0, 0x0,
    0x0, 0x78, 0x40, 0x0, 0x27, 0x72, 0x0, 0x0,
    0x0, 0x0, 0x0, 0x0, 0x0, 0x0, 0x0, 0x0,
    0x0, 0x0, 0x0, 0x0, 0x0, 0x0, 0x0, 0x0,
    0x0, 0xb, 0xff, 0xff, 0x30, 0x0, 0x0, 0x0,
    0x0, 0x0, 0x0, 0x0, 0x3, 0xff, 0xff, 0xfa,
    0x0, 0x0, 0x0, 0x0, 0x0, 0x0, 0x0, 0x0,
    0xaf, 0xff, 0xff, 0xf2, 0x0, 0x0, 0x0, 0x0,
    0x0, 0x0, 0x0, 0x2f, 0xff, 0xff, 0xff, 0x90,
    0x0, 0x0, 0x0, 0x0, 0x0, 0x0, 0x9, 0xff,
    0xfc, 0xff, 0xff, 0x10, 0x0, 0x0, 0x0, 0x0,
    0x0, 0x1, 0xff, 0xff, 0x3c, 0xff, 0xf8, 0x0,
    0x0, 0x0, 0x0, 0x0, 0x0, 0x8f, 0xff, 0xc0,
    0x6f, 0xff, 0xe0, 0x0, 0x0, 0x0, 0x0, 0x0,
    0xe, 0xff, 0xf5, 0x0, 0xef, 0xff, 0x60, 0x0,
    0x0, 0x0, 0x0, 0x6, 0xff, 0xfe, 0x0, 0x8,
    0xff, 0xfd, 0x0, 0x0, 0x0, 0x0, 0x0, 0xdf,
    0xff, 0x70, 0x0, 0x1f, 0xff, 0xf5, 0x0, 0x0,
    0x0, 0x0, 0x5f, 0xff, 0xf1, 0x0, 0x0, 0xaf,
    0xff, 0xc0, 0x0, 0x0, 0x0, 0xc, 0xff, 0xfd,
    0x66, 0x66, 0x69, 0xff, 0xff, 0x40, 0x0, 0x0,
    0x4, 0xff, 0xff, 0xff, 0xff, 0xff, 0xff, 0xff,
    0xfb, 0x0, 0x0, 0x0, 0xbf, 0xff, 0xff, 0xff,
    0xff, 0xff, 0xff, 0xff, 0xf3, 0x0, 0x0, 0x2f,
    0xff, 0xff, 0xff, 0xff, 0xff, 0xff, 0xff, 0xff,
    0xa0, 0x0, 0xa, 0xff, 0xfe, 0x0, 0x0, 0x0,
    0x0, 0x8, 0xff, 0xff, 0x20, 0x1, 0xff, 0xff,
    0x70, 0x0, 0x0, 0x0, 0x0, 0x2f, 0xff, 0xf9,
    0x0, 0x9f, 0xff, 0xf1, 0x0, 0x0, 0x0, 0x0,
    0x0, 0xaf, 0xff, 0xf1, 0x1f, 0xff, 0xf9, 0x0,
    0x0, 0x0, 0x0, 0x0, 0x4, 0xff, 0xff, 0x80,

    /* U+00C4 "Ä" */
    0x0, 0x0, 0x0, 0x3, 0xba, 0x10, 0x7, 0xc8,
    0x0, 0x0, 0x0, 0x0, 0x0, 0x0, 0x0, 0xef,
    0xfb, 0x3, 0xff, 0xf5, 0x0, 0x0, 0x0, 0x0,
    0x0, 0x0, 0xf, 0xff, 0xb0, 0x4f, 0xff, 0x60,
    0x0, 0x0, 0x0, 0x0, 0x0, 0x0, 0x6e, 0xd3,
    0x0, 0xaf, 0xb0, 0x0, 0x0, 0x0, 0x0, 0x0,
    0x0, 0x0, 0x0, 0x0, 0x0, 0x0, 0x0, 0x0,
    0x0, 0x0, 0x0, 0x0, 0x0, 0x0, 0x0, 0x0,
    0x0, 0x0, 0x0, 0x0, 0x0, 0x0, 0x0, 0x0,
    0x0, 0xb, 0xff, 0xff, 0x30, 0x0, 0x0, 0x0,
    0x0, 0x0, 0x0, 0x0, 0x3, 0xff, 0xff, 0xfa,
    0x0, 0x0, 0x0, 0x0, 0x0, 0x0, 0x0, 0x0,
    0xaf, 0xff, 0xff, 0xf2, 0x0, 0x0, 0x0, 0x0,
    0x0, 0x0, 0x0, 0x2f, 0xff, 0xff, 0xff, 0x90,
    0x0, 0x0, 0x0, 0x0, 0x0, 0x0, 0x9, 0xff,
    0xfc, 0xff, 0xff, 0x10, 0x0, 0x0, 0x0, 0x0,
    0x0, 0x1, 0xff, 0xff, 0x3c, 0xff, 0xf8, 0x0,
    0x0, 0x0, 0x0, 0x0, 0x0, 0x8f, 0xff, 0xc0,
    0x6f, 0xff, 0xe0, 0x0, 0x0, 0x0, 0x0, 0x0,
    0xe, 0xff, 0xf5, 0x0, 0xef, 0xff, 0x60, 0x0,
    0x0, 0x0, 0x0, 0x6, 0xff, 0xfe, 0x0, 0x8,
    0xff, 0xfd, 0x0, 0x0, 0x0, 0x0, 0x0, 0xdf,
    0xff, 0x70, 0x0, 0x1f, 0xff, 0xf5, 0x0, 0x0,
    0x0, 0x0, 0x5f, 0xff, 0xf1, 0x0, 0x0, 0xaf,
    0xff, 0xc0, 0x0, 0x0, 0x0, 0xc, 0xff, 0xfd,
    0x66, 0x66, 0x69, 0xff, 0xff, 0x40, 0x0, 0x0,
    0x4, 0xff, 0xff, 0xff, 0xff, 0xff, 0xff, 0xff,
    0xfb, 0x0, 0x0, 0x0, 0xbf, 0xff, 0xff, 0xff,
    0xff, 0xff, 0xff, 0xff, 0xf3, 0x0, 0x0, 0x2f,
    0xff, 0xff, 0xff, 0xff, 0xff, 0xff, 0xff, 0xff,
    0xa0, 0x0, 0xa, 0xff, 0xfe, 0x0, 0x0, 0x0,
    0x0, 0x8, 0xff, 0xff, 0x20, 0x1, 0xff, 0xff,
    0x70, 0x0, 0x0, 0x0, 0x0, 0x2f, 0xff, 0xf9,
    0x0, 0x9f, 0xff, 0xf1, 0x0, 0x0, 0x0, 0x0,
    0x0, 0xaf, 0xff, 0xf1, 0x1f, 0xff, 0xf9, 0x0,
    0x0, 0x0, 0x0, 0x0, 0x4, 0xff, 0xff, 0x80,

    /* U+00C5 "Å" */
    0x0, 0x0, 0x0, 0x0, 0x3, 0xcf, 0xe7, 0x0,
    0x0, 0x0, 0x0, 0x0, 0x0, 0x0, 0x0, 0x2,
    0xff, 0xbd, 0xf9, 0x0, 0x0, 0x0, 0x0, 0x0,
    0x0, 0x0, 0x0, 0x9f, 0x40, 0xd, 0xf1, 0x0,
    0x0, 0x0, 0x0, 0x0, 0x0, 0x0, 0xb, 0xf1,
    0x0, 0xaf, 0x20, 0x0, 0x0, 0x0, 0x0, 0x0,
    0x0, 0x0, 0x8f, 0x80, 0x3f, 0xe0, 0x0, 0x0,
    0x0, 0x0, 0x0, 0x0, 0x0, 0x0, 0xdf, 0xff,
    0xf5, 0x0, 0x0, 0x0, 0x0, 0x0, 0x0, 0x0,
    0x0, 0x0, 0x69, 0x82, 0x0, 0x0, 0x0, 0x0,
    0x0, 0x0, 0x0, 0x0, 0x0, 0x0, 0x0, 0x0,
    0x0, 0x0, 0x0, 0x0, 0x0, 0x0, 0x0, 0x0,
    0xb, 0xff, 0xff, 0x30, 0x0, 0x0, 0x0, 0x0,
    0x0, 0x0, 0x0, 0x3, 0xff, 0xff, 0xfa, 0x0,
    0x0, 0x0, 0x0, 0x0, 0x0, 0x0, 0x0, 0xaf,
    0xff, 0xff, 0xf2, 0x0, 0x0, 0x0, 0x0, 0x0,
    0x0, 0x0, 0x2f, 0xff, 0xff, 0xff, 0x90, 0x0,
    0x0, 0x0, 0x0, 0x0, 0x0, 0x9, 0xff, 0xfc,
    0xff, 0xff, 0x10, 0x0, 0x0, 0x0, 0x0, 0x0,
    0x1, 0xff, 0xff, 0x3c, 0xff, 0xf8, 0x0, 0x0,
    0x0, 0x0, 0x0, 0x0, 0x8f, 0xff, 0xc0, 0x6f,
    0xff, 0xe0, 0x0, 0x0, 0x0, 0x0, 0x0, 0xe,
    0xff, 0xf5, 0x0, 0xef, 0xff, 0x60, 0x0, 0x0,
    0x0, 0x0, 0x6, 0xff, 0xfe, 0x0, 0x8, 0xff,
    0xfd, 0x0, 0x0, 0x0, 0x0, 0x0, 0xdf, 0xff,
    0x70, 0x0, 0x1f, 0xff, 0xf5, 0x0, 0x0, 0x0,
    0x0, 0x5f, 0xff, 0xf1, 0x0, 0x0, 0xaf, 0xff,
    0xc0, 0x0, 0x0, 0x0, 0xc, 0xff, 0xfd, 0x66,
    0x66, 0x69, 0xff, 0xff, 0x40, 0x0, 0x0, 0x4,
    0xff, 0xff, 0xff, 0xff, 0xff, 0xff, 0xff, 0xfb,
    0x0, 0x0, 0x0, 0xbf, 0xff, 0xff, 0xff, 0xff,
    0xff, 0xff, 0xff, 0xf3, 0x0, 0x0, 0x2f, 0xff,
    0xff, 0xff, 0xff, 0xff, 0xff, 0xff, 0xff, 0xa0,
    0x0, 0xa, 0xff, 0xfe, 0x0, 0x0, 0x0, 0x0,
    0x8, 0xff, 0xff, 0x20, 0x1, 0xff, 0xff, 0x70,
    0x0, 0x0, 0x0, 0x0, 0x2f, 0xff, 0xf9, 0x0,
    0x9f, 0xff, 0xf1, 0x0, 0x0, 0x0, 0x0, 0x0,
    0xaf, 0xff, 0xf1, 0x1f, 0xff, 0xf9, 0x0, 0x0,
    0x0, 0x0, 0x0, 0x4, 0xff, 0xff, 0x80,

    /* U+00C6 "Æ" */
    0x0, 0x0, 0x0, 0x0, 0x0, 0x7, 0xff, 0xff,
    0xff, 0xff, 0xff, 0xff, 0xff, 0xff, 0xf9, 0x0,
    0x0, 0x0, 0x0, 0x0, 0x1f, 0xff, 0xff, 0xff,
    0xff, 0xff, 0xff, 0xff, 0xff, 0xf9, 0x0, 0x0,
    0x0, 0x0, 0x0, 0xaf, 0xff, 0xff, 0xff, 0xff,
    0xff, 0xff, 0xff, 0xff, 0xf9, 0x0, 0x0, 0x0,
    0x0, 0x3, 0xff, 0xff, 0xaf, 0xff, 0xfa, 0x99,
    0x99, 0x99, 0x99, 0x95, 0x0, 0x0, 0x0, 0x0,
    0xc, 0xff, 0xf9, 0x3f, 0xff, 0xf4, 0x0, 0x0,
    0x0, 0x0, 0x0, 0x0, 0x0, 0x0, 0x0, 0x6f,
    0xff, 0xf1, 0x3f, 0xff, 0xf4, 0x0, 0x0, 0x0,
    0x0, 0x0, 0x0, 0x0, 0x0, 0x0, 0xef, 0xff,
    0x70, 0x3f, 0xff, 0xf4, 0x0, 0x0, 0x0, 0x0,
    0x0, 0x0, 0x0, 0x0, 0x8, 0xff, 0xfd, 0x0,
    0x3f, 0xff, 0xf9, 0x77, 0x77, 0x77, 0x77, 0x20,
    0x0, 0x0, 0x0, 0x2f, 0xff, 0xf5, 0x0, 0x3f,
    0xff, 0xff, 0xff, 0xff, 0xff, 0xff, 0x60, 0x0,
    0x0, 0x0, 0xbf, 0xff, 0xc0, 0x0, 0x3f, 0xff,
    0xff, 0xff, 0xff, 0xff, 0xff, 0x60, 0x0, 0x0,
    0x4, 0xff, 0xff, 0x30, 0x0, 0x3f, 0xff, 0xff,
    0xff, 0xff, 0xff, 0xff, 0x60, 0x0, 0x0, 0xd,
    0xff, 0xfd, 0x66, 0x66, 0x8f, 0xff, 0xf4, 0x0,
    0x0, 0x0, 0x0, 0x0, 0x0, 0x0, 0x7f, 0xff,
    0xff, 0xff, 0xff, 0xff, 0xff, 0xf4, 0x0, 0x0,
    0x0, 0x0, 0x0, 0x0, 0x1, 0xff, 0xff, 0xff,
    0xff, 0xff, 0xff, 0xff, 0xf4, 0x0, 0x0, 0x0,
    0x0, 0x0, 0x0, 0xa, 0xff, 0xff, 0xff, 0xff,
    0xff, 0xff, 0xff, 0xf4, 0x0, 0x0, 0x0, 0x0,
    0x0, 0x0, 0x3f, 0xff, 0xf6, 0x0, 0x0, 0x0,
    0x3f, 0xff, 0xfb, 0x99, 0x99, 0x99, 0x99, 0x98,
    0x0, 0xcf, 0xff, 0xd0, 0x0, 0x0, 0x0, 0x3f,
    0xff, 0xff, 0xff, 0xff, 0xff, 0xff, 0xff, 0x6,
    0xff, 0xff, 0x40, 0x0, 0x0, 0x0, 0x3f, 0xff,
    0xff, 0xff, 0xff, 0xff, 0xff, 0xff, 0xe, 0xff,
    0xfa, 0x0, 0x0, 0x0, 0x0, 0x3f, 0xff, 0xff,
    0xff, 0xff, 0xff, 0xff, 0xff,

    /* U+00C7 "Ç" */
    0x0, 0x0, 0x0, 0x48, 0xce, 0xfe, 0xda, 0x61,
    0x0, 0x0, 0x0, 0x4, 0xdf, 0xff, 0xff, 0xff,
    0xff, 0xf7, 0x0, 0x0, 0x9, 0xff, 0xff, 0xff,
    0xff, 0xff, 0xff, 0xfc, 0x10, 0x9, 0xff, 0xff,
    0xff, 0xed, 0xdf, 0xff, 0xff, 0xf7, 0x6, 0xff,
    0xff, 0xfa, 0x30, 0x0, 0x4, 0xcf, 0xf8, 0x0,
    0xef, 0xff, 0xf5, 0x0, 0x0, 0x0, 0x0, 0x85,
    0x0, 0x5f, 0xff, 0xf8, 0x0, 0x0, 0x0, 0x0,
    0x0, 0x0, 0xa, 0xff, 0xff, 0x10, 0x0, 0x0,
    0x0, 0x0, 0x0, 0x0, 0xcf, 0xff, 0xc0, 0x0,
    0x0, 0x0, 0x0, 0x0, 0x0, 0xe, 0xff, 0xfb,
    0x0, 0x0, 0x0, 0x0, 0x0, 0x0, 0x0, 0xdf,
    0xff, 0xc0, 0x0, 0x0, 0x0, 0x0, 0x0, 0x0,
    0xa, 0xff, 0xff, 0x0, 0x0, 0x0, 0x0, 0x0,
    0x0, 0x0, 0x6f, 0xff, 0xf7, 0x0, 0x0, 0x0,
    0x0, 0x0, 0x0, 0x1, 0xff, 0xff, 0xf4, 0x0,
    0x0, 0x0, 0x0, 0x75, 0x0, 0x7, 0xff, 0xff,
    0xf9, 0x10, 0x0, 0x3, 0xbf, 0xf7, 0x0, 0xa,
    0xff, 0xff, 0xff, 0xdc, 0xce, 0xff, 0xff, 0xf7,
    0x0, 0xa, 0xff, 0xff, 0xff, 0xff, 0xff, 0xff,
    0xfd, 0x10, 0x0, 0x6, 0xef, 0xff, 0xff, 0xff,
    0xff, 0xf9, 0x10, 0x0, 0x0, 0x0, 0x5a, 0xdf,
    0xff, 0xec, 0x82, 0x0, 0x0, 0x0, 0x0, 0x0,
    0x0, 0xdf, 0x70, 0x0, 0x0, 0x0, 0x0, 0x0,
    0x0, 0x0, 0x1f, 0xfe, 0x80, 0x0, 0x0, 0x0,
    0x0, 0x0, 0x0, 0x1, 0x59, 0xff, 0x80, 0x0,
    0x0, 0x0, 0x0, 0x0, 0x2, 0x20, 0x3f, 0xfb,
    0x0, 0x0, 0x0, 0x0, 0x0, 0x0, 0xaf, 0xff,
    0xff, 0x60, 0x0, 0x0, 0x0, 0x0, 0x0, 0x8,
    0xdf, 0xeb, 0x40, 0x0, 0x0, 0x0,

    /* U+00C8 "È" */
    0x0, 0x9f, 0xff, 0xd1, 0x0, 0x0, 0x0, 0x0,
    0x0, 0x5, 0xff, 0xfd, 0x10, 0x0, 0x0, 0x0,
    0x0, 0x0, 0x3d, 0xff, 0xc0, 0x0, 0x0, 0x0,
    0x0, 0x0, 0x1, 0xbf, 0xfc, 0x0, 0x0, 0x0,
    0x0, 0x0, 0x0, 0x0, 0x0, 0x0, 0x0, 0x0,
    0x0, 0x0, 0x0, 0x0, 0x0, 0x0, 0x0, 0x0,
    0xaf, 0xff, 0xff, 0xff, 0xff, 0xff, 0xff, 0xf2,
    0xaf, 0xff, 0xff, 0xff, 0xff, 0xff, 0xff, 0xf2,
    0xaf, 0xff, 0xff, 0xff, 0xff, 0xff, 0xff, 0xf2,
    0xaf, 0xff, 0xe9, 0x99, 0x99, 0x99, 0x99, 0x91,
    0xaf, 0xff, 0xd0, 0x0, 0x0, 0x0, 0x0, 0x0,
    0xaf, 0xff, 0xd0, 0x0, 0x0, 0x0, 0x0, 0x0,
    0xaf, 0xff, 0xd0, 0x0, 0x0, 0x0, 0x0, 0x0,
    0xaf, 0xff, 0xe7, 0x77, 0x77, 0x77, 0x76, 0x0,
    0xaf, 0xff, 0xff, 0xff, 0xff, 0xff, 0xff, 0x0,
    0xaf, 0xff, 0xff, 0xff, 0xff, 0xff, 0xff, 0x0,
    0xaf, 0xff, 0xff, 0xff, 0xff, 0xff, 0xff, 0x0,
    0xaf, 0xff, 0xd0, 0x0, 0x0, 0x0, 0x0, 0x0,
    0xaf, 0xff, 0xd0, 0x0, 0x0, 0x0, 0x0, 0x0,
    0xaf, 0xff, 0xd0, 0x0, 0x0, 0x0, 0x0, 0x0,
    0xaf, 0xff, 0xd0, 0x0, 0x0, 0x0, 0x0, 0x0,
    0xaf, 0xff, 0xe9, 0x99, 0x99, 0x99, 0x99, 0x94,
    0xaf, 0xff, 0xff, 0xff, 0xff, 0xff, 0xff, 0xf8,
    0xaf, 0xff, 0xff, 0xff, 0xff, 0xff, 0xff, 0xf8,
    0xaf, 0xff, 0xff, 0xff, 0xff, 0xff, 0xff, 0xf8,

    /* U+00C9 "É" */
    0x0, 0x0, 0x0, 0x0, 0x8f, 0xff, 0xd2, 0x0,
    0x0, 0x0, 0x0, 0x7, 0xff, 0xfb, 0x0, 0x0,
    0x0, 0x0, 0x0, 0x6f, 0xff, 0x70, 0x0, 0x0,
    0x0, 0x0, 0x5, 0xff, 0xe4, 0x0, 0x0, 0x0,
    0x0, 0x0, 0x0, 0x0, 0x0, 0x0, 0x0, 0x0,
    0x0, 0x0, 0x0, 0x0, 0x0, 0x0, 0x0, 0x0,
    0xaf, 0xff, 0xff, 0xff, 0xff, 0xff, 0xff, 0xf2,
    0xaf, 0xff, 0xff, 0xff, 0xff, 0xff, 0xff, 0xf2,
    0xaf, 0xff, 0xff, 0xff, 0xff, 0xff, 0xff, 0xf2,
    0xaf, 0xff, 0xe9, 0x99, 0x99, 0x99, 0x99, 0x91,
    0xaf, 0xff, 0xd0, 0x0, 0x0, 0x0, 0x0, 0x0,
    0xaf, 0xff, 0xd0, 0x0, 0x0, 0x0, 0x0, 0x0,
    0xaf, 0xff, 0xd0, 0x0, 0x0, 0x0, 0x0, 0x0,
    0xaf, 0xff, 0xe7, 0x77, 0x77, 0x77, 0x76, 0x0,
    0xaf, 0xff, 0xff, 0xff, 0xff, 0xff, 0xff, 0x0,
    0xaf, 0xff, 0xff, 0xff, 0xff, 0xff, 0xff, 0x0,
    0xaf, 0xff, 0xff, 0xff, 0xff, 0xff, 0xff, 0x0,
    0xaf, 0xff, 0xd0, 0x0, 0x0, 0x0, 0x0, 0x0,
    0xaf, 0xff, 0xd0, 0x0, 0x0, 0x0, 0x0, 0x0,
    0xaf, 0xff, 0xd0, 0x0, 0x0, 0x0, 0x0, 0x0,
    0xaf, 0xff, 0xd0, 0x0, 0x0, 0x0, 0x0, 0x0,
    0xaf, 0xff, 0xe9, 0x99, 0x99, 0x99, 0x99, 0x94,
    0xaf, 0xff, 0xff, 0xff, 0xff, 0xff, 0xff, 0xf8,
    0xaf, 0xff, 0xff, 0xff, 0xff, 0xff, 0xff, 0xf8,
    0xaf, 0xff, 0xff, 0xff, 0xff, 0xff, 0xff, 0xf8,

    /* U+00CA "Ê" */
    0x0, 0x0, 0xa, 0xff, 0xfe, 0x20, 0x0, 0x0,
    0x0, 0x0, 0x9f, 0xff, 0xff, 0xe2, 0x0, 0x0,
    0x0, 0x8, 0xff, 0xd2, 0x9f, 0xfd, 0x10, 0x0,
    0x0, 0x7f, 0xfc, 0x10, 0x6, 0xff, 0xd1, 0x0,
    0x0, 0x0, 0x0, 0x0, 0x0, 0x0, 0x0, 0x0,
    0x0, 0x0, 0x0, 0x0, 0x0, 0x0, 0x0, 0x0,
    0xaf, 0xff, 0xff, 0xff, 0xff, 0xff, 0xff, 0xf2,
    0xaf, 0xff, 0xff, 0xff, 0xff, 0xff, 0xff, 0xf2,
    0xaf, 0xff, 0xff, 0xff, 0xff, 0xff, 0xff, 0xf2,
    0xaf, 0xff, 0xe9, 0x99, 0x99, 0x99, 0x99, 0x91,
    0xaf, 0xff, 0xd0, 0x0, 0x0, 0x0, 0x0, 0x0,
    0xaf, 0xff, 0xd0, 0x0, 0x0, 0x0, 0x0, 0x0,
    0xaf, 0xff, 0xd0, 0x0, 0x0, 0x0, 0x0, 0x0,
    0xaf, 0xff, 0xe7, 0x77, 0x77, 0x77, 0x76, 0x0,
    0xaf, 0xff, 0xff, 0xff, 0xff, 0xff, 0xff, 0x0,
    0xaf, 0xff, 0xff, 0xff, 0xff, 0xff, 0xff, 0x0,
    0xaf, 0xff, 0xff, 0xff, 0xff, 0xff, 0xff, 0x0,
    0xaf, 0xff, 0xd0, 0x0, 0x0, 0x0, 0x0, 0x0,
    0xaf, 0xff, 0xd0, 0x0, 0x0, 0x0, 0x0, 0x0,
    0xaf, 0xff, 0xd0, 0x0, 0x0, 0x0, 0x0, 0x0,
    0xaf, 0xff, 0xd0, 0x0, 0x0, 0x0, 0x0, 0x0,
    0xaf, 0xff, 0xe9, 0x99, 0x99, 0x99, 0x99, 0x94,
    0xaf, 0xff, 0xff, 0xff, 0xff, 0xff, 0xff, 0xf8,
    0xaf, 0xff, 0xff, 0xff, 0xff, 0xff, 0xff, 0xf8,
    0xaf, 0xff, 0xff, 0xff, 0xff, 0xff, 0xff, 0xf8,

    /* U+00CB "Ë" */
    0x0, 0x3, 0xba, 0x10, 0x7, 0xc8, 0x0, 0x0,
    0x0, 0xe, 0xff, 0xa0, 0x4f, 0xff, 0x50, 0x0,
    0x0, 0xf, 0xff, 0xb0, 0x4f, 0xff, 0x60, 0x0,
    0x0, 0x6, 0xed, 0x30, 0xa, 0xfb, 0x0, 0x0,
    0x0, 0x0, 0x0, 0x0, 0x0, 0x0, 0x0, 0x0,
    0x0, 0x0, 0x0, 0x0, 0x0, 0x0, 0x0, 0x0,
    0xaf, 0xff, 0xff, 0xff, 0xff, 0xff, 0xff, 0xf2,
    0xaf, 0xff, 0xff, 0xff, 0xff, 0xff, 0xff, 0xf2,
    0xaf, 0xff, 0xff, 0xff, 0xff, 0xff, 0xff, 0xf2,
    0xaf, 0xff, 0xe9, 0x99, 0x99, 0x99, 0x99, 0x91,
    0xaf, 0xff, 0xd0, 0x0, 0x0, 0x0, 0x0, 0x0,
    0xaf, 0xff, 0xd0, 0x0, 0x0, 0x0, 0x0, 0x0,
    0xaf, 0xff, 0xd0, 0x0, 0x0, 0x0, 0x0, 0x0,
    0xaf, 0xff, 0xe7, 0x77, 0x77, 0x77, 0x76, 0x0,
    0xaf, 0xff, 0xff, 0xff, 0xff, 0xff, 0xff, 0x0,
    0xaf, 0xff, 0xff, 0xff, 0xff, 0xff, 0xff, 0x0,
    0xaf, 0xff, 0xff, 0xff, 0xff, 0xff, 0xff, 0x0,
    0xaf, 0xff, 0xd0, 0x0, 0x0, 0x0, 0x0, 0x0,
    0xaf, 0xff, 0xd0, 0x0, 0x0, 0x0, 0x0, 0x0,
    0xaf, 0xff, 0xd0, 0x0, 0x0, 0x0, 0x0, 0x0,
    0xaf, 0xff, 0xd0, 0x0, 0x0, 0x0, 0x0, 0x0,
    0xaf, 0xff, 0xe9, 0x99, 0x99, 0x99, 0x99, 0x94,
    0xaf, 0xff, 0xff, 0xff, 0xff, 0xff, 0xff, 0xf8,
    0xaf, 0xff, 0xff, 0xff, 0xff, 0xff, 0xff, 0xf8,
    0xaf, 0xff, 0xff, 0xff, 0xff, 0xff, 0xff, 0xf8,

    /* U+00CC "Ì" */
    0xa, 0xff, 0xfc, 0x0, 0x0, 0x0, 0x7f, 0xff,
    0xb0, 0x0, 0x0, 0x4, 0xef, 0xfb, 0x0, 0x0,
    0x0, 0x1c, 0xff, 0xa0, 0x0, 0x0, 0x0, 0x0,
    0x0, 0x0, 0x0, 0x0, 0x0, 0x0, 0x0, 0x0,
    0xaf, 0xff, 0xd0, 0x0, 0x0, 0xaf, 0xff, 0xd0,
    0x0, 0x0, 0xaf, 0xff, 0xd0, 0x0, 0x0, 0xaf,
    0xff, 0xd0, 0x0, 0x0, 0xaf, 0xff, 0xd0, 0x0,
    0x0, 0xaf, 0xff, 0xd0, 0x0, 0x0, 0xaf, 0xff,
    0xd0, 0x0, 0x0, 0xaf, 0xff, 0xd0, 0x0, 0x0,
    0xaf, 0xff, 0xd0, 0x0, 0x0, 0xaf, 0xff, 0xd0,
    0x0, 0x0, 0xaf, 0xff, 0xd0, 0x0, 0x0, 0xaf,
    0xff, 0xd0, 0x0, 0x0, 0xaf, 0xff, 0xd0, 0x0,
    0x0, 0xaf, 0xff, 0xd0, 0x0, 0x0, 0xaf, 0xff,
    0xd0, 0x0, 0x0, 0xaf, 0xff, 0xd0, 0x0, 0x0,
    0xaf, 0xff, 0xd0, 0x0, 0x0, 0xaf, 0xff, 0xd0,
    0x0, 0x0, 0xaf, 0xff, 0xd0,

    /* U+00CD "Í" */
    0x0, 0xa, 0xff, 0xfc, 0x10, 0x9, 0xff, 0xf9,
    0x0, 0x8, 0xff, 0xf6, 0x0, 0x7, 0xff, 0xe3,
    0x0, 0x0, 0x0, 0x0, 0x0, 0x0, 0x0, 0x0,
    0x0, 0x0, 0x0, 0xaf, 0xff, 0xd0, 0x0, 0xa,
    0xff, 0xfd, 0x0, 0x0, 0xaf, 0xff, 0xd0, 0x0,
    0xa, 0xff, 0xfd, 0x0, 0x0, 0xaf, 0xff, 0xd0,
    0x0, 0xa, 0xff, 0xfd, 0x0, 0x0, 0xaf, 0xff,
    0xd0, 0x0, 0xa, 0xff, 0xfd, 0x0, 0x0, 0xaf,
    0xff, 0xd0, 0x0, 0xa, 0xff, 0xfd, 0x0, 0x0,
    0xaf, 0xff, 0xd0, 0x0, 0xa, 0xff, 0xfd, 0x0,
    0x0, 0xaf, 0xff, 0xd0, 0x0, 0xa, 0xff, 0xfd,
    0x0, 0x0, 0xaf, 0xff, 0xd0, 0x0, 0xa, 0xff,
    0xfd, 0x0, 0x0, 0xaf, 0xff, 0xd0, 0x0, 0xa,
    0xff, 0xfd, 0x0, 0x0, 0xaf, 0xff, 0xd0, 0x0,
    0x0,

    /* U+00CE "Î" */
    0x0, 0x0, 0xcf, 0xff, 0xe1, 0x0, 0x0, 0x0,
    0xbf, 0xff, 0xff, 0xd1, 0x0, 0x0, 0xaf, 0xfc,
    0x2a, 0xff, 0xc0, 0x0, 0x9f, 0xfb, 0x0, 0x8,
    0xff, 0xb0, 0x0, 0x0, 0x0, 0x0, 0x0, 0x0,
    0x0, 0x0, 0x0, 0x0, 0x0, 0x0, 0x0, 0x0,
    0x0, 0xaf, 0xff, 0xd0, 0x0, 0x0, 0x0, 0xa,
    0xff, 0xfd, 0x0, 0x0, 0x0, 0x0, 0xaf, 0xff,
    0xd0, 0x0, 0x0, 0x0, 0xa, 0xff, 0xfd, 0x0,
    0x0, 0x0, 0x0, 0xaf, 0xff, 0xd0, 0x0, 0x0,
    0x0, 0xa, 0xff, 0xfd, 0x0, 0x0, 0x0, 0x0,
    0xaf, 0xff, 0xd0, 0x0, 0x0, 0x0, 0xa, 0xff,
    0xfd, 0x0, 0x0, 0x0, 0x0, 0xaf, 0xff, 0xd0,
    0x0, 0x0, 0x0, 0xa, 0xff, 0xfd, 0x0, 0x0,
    0x0, 0x0, 0xaf, 0xff, 0xd0, 0x0, 0x0, 0x0,
    0xa, 0xff, 0xfd, 0x0, 0x0, 0x0, 0x0, 0xaf,
    0xff, 0xd0, 0x0, 0x0, 0x0, 0xa, 0xff, 0xfd,
    0x0, 0x0, 0x0, 0x0, 0xaf, 0xff, 0xd0, 0x0,
    0x0, 0x0, 0xa, 0xff, 0xfd, 0x0, 0x0, 0x0,
    0x0, 0xaf, 0xff, 0xd0, 0x0, 0x0, 0x0, 0xa,
    0xff, 0xfd, 0x0, 0x0, 0x0, 0x0, 0xaf, 0xff,
    0xd0, 0x0, 0x0,

    /* U+00CF "Ï" */
    0x5, 0xb9, 0x10, 0x8, 0xb6, 0x1, 0xff, 0xf9,
    0x6, 0xff, 0xf3, 0x1f, 0xff, 0x90, 0x6f, 0xff,
    0x40, 0x8f, 0xd2, 0x0, 0xbf, 0xa0, 0x0, 0x0,
    0x0, 0x0, 0x0, 0x0, 0x0, 0x0, 0x0, 0x0,
    0x0, 0x0, 0xa, 0xff, 0xfd, 0x0, 0x0, 0x0,
    0xaf, 0xff, 0xd0, 0x0, 0x0, 0xa, 0xff, 0xfd,
    0x0, 0x0, 0x0, 0xaf, 0xff, 0xd0, 0x0, 0x0,
    0xa, 0xff, 0xfd, 0x0, 0x0, 0x0, 0xaf, 0xff,
    0xd0, 0x0, 0x0, 0xa, 0xff, 0xfd, 0x0, 0x0,
    0x0, 0xaf, 0xff, 0xd0, 0x0, 0x0, 0xa, 0xff,
    0xfd, 0x0, 0x0, 0x0, 0xaf, 0xff, 0xd0, 0x0,
    0x0, 0xa, 0xff, 0xfd, 0x0, 0x0, 0x0, 0xaf,
    0xff, 0xd0, 0x0, 0x0, 0xa, 0xff, 0xfd, 0x0,
    0x0, 0x0, 0xaf, 0xff, 0xd0, 0x0, 0x0, 0xa,
    0xff, 0xfd, 0x0, 0x0, 0x0, 0xaf, 0xff, 0xd0,
    0x0, 0x0, 0xa, 0xff, 0xfd, 0x0, 0x0, 0x0,
    0xaf, 0xff, 0xd0, 0x0, 0x0, 0xa, 0xff, 0xfd,
    0x0, 0x0,

    /* U+00D0 "Ð" */
    0x0, 0x5f, 0xff, 0xff, 0xff, 0xff, 0xfd, 0xb7,
    0x10, 0x0, 0x0, 0x0, 0x5, 0xff, 0xff, 0xff,
    0xff, 0xff, 0xff, 0xff, 0xa1, 0x0, 0x0, 0x0,
    0x5f, 0xff, 0xff, 0xff, 0xff, 0xff, 0xff, 0xff,
    0xe4, 0x0, 0x0, 0x5, 0xff, 0xff, 0xba, 0xaa,
    0xac, 0xef, 0xff, 0xff, 0xf4, 0x0, 0x0, 0x5f,
    0xff, 0xf3, 0x0, 0x0, 0x0, 0x4d, 0xff, 0xff,
    0xe1, 0x0, 0x5, 0xff, 0xff, 0x30, 0x0, 0x0,
    0x0, 0xb, 0xff, 0xff, 0x90, 0x0, 0x5f, 0xff,
    0xf3, 0x0, 0x0, 0x0, 0x0, 0xe, 0xff, 0xfe,
    0x0, 0x5, 0xff, 0xff, 0x30, 0x0, 0x0, 0x0,
    0x0, 0x8f, 0xff, 0xf3, 0xff, 0xff, 0xff, 0xff,
    0xff, 0xff, 0x20, 0x0, 0x4, 0xff, 0xff, 0x5f,
    0xff, 0xff, 0xff, 0xff, 0xff, 0xf2, 0x0, 0x0,
    0x3f, 0xff, 0xf6, 0xef, 0xff, 0xff, 0xff, 0xff,
    0xff, 0x20, 0x0, 0x4, 0xff, 0xff, 0x50, 0x5,
    0xff, 0xff, 0x30, 0x0, 0x0, 0x0, 0x0, 0x8f,
    0xff, 0xf3, 0x0, 0x5f, 0xff, 0xf3, 0x0, 0x0,
    0x0, 0x0, 0xe, 0xff, 0xfe, 0x0, 0x5, 0xff,
    0xff, 0x30, 0x0, 0x0, 0x0, 0xb, 0xff, 0xff,
    0x90, 0x0, 0x5f, 0xff, 0xf3, 0x0, 0x0, 0x0,
    0x4d, 0xff, 0xff, 0xe1, 0x0, 0x5, 0xff, 0xff,
    0xba, 0xaa, 0xac, 0xef, 0xff, 0xff, 0xf4, 0x0,
    0x0, 0x5f, 0xff, 0xff, 0xff, 0xff, 0xff, 0xff,
    0xff, 0xf4, 0x0, 0x0, 0x5, 0xff, 0xff, 0xff,
    0xff, 0xff, 0xff, 0xff, 0xa1, 0x0, 0x0, 0x0,
    0x5f, 0xff, 0xff, 0xff, 0xff, 0xfd, 0xb7, 0x20,
    0x0, 0x0, 0x0,

    /* U+00D1 "Ñ" */
    0x0, 0x0, 0x8, 0xef, 0xa1, 0x0, 0x5b, 0xa0,
    0x0, 0x0, 0x0, 0x7, 0xff, 0xff, 0xe4, 0x1c,
    0xfb, 0x0, 0x0, 0x0, 0x0, 0xef, 0xe9, 0xff,
    0xff, 0xff, 0x60, 0x0, 0x0, 0x0, 0x2f, 0xf4,
    0x2, 0xcf, 0xff, 0xc0, 0x0, 0x0, 0x0, 0x2,
    0x88, 0x0, 0x0, 0x58, 0x50, 0x0, 0x0, 0x0,
    0x0, 0x0, 0x0, 0x0, 0x0, 0x0, 0x0, 0x0,
    0x0, 0xaf, 0xff, 0x70, 0x0, 0x0, 0x0, 0x3,
    0xff, 0xff, 0x4a, 0xff, 0xff, 0x50, 0x0, 0x0,
    0x0, 0x3f, 0xff, 0xf4, 0xaf, 0xff, 0xff, 0x30,
    0x0, 0x0, 0x3, 0xff, 0xff, 0x4a, 0xff, 0xff,
    0xfe, 0x10, 0x0, 0x0, 0x3f, 0xff, 0xf4, 0xaf,
    0xff, 0xff, 0xfd, 0x0, 0x0, 0x3, 0xff, 0xff,
    0x4a, 0xff, 0xff, 0xff, 0xfb, 0x0, 0x0, 0x3f,
    0xff, 0xf4, 0xaf, 0xff, 0xff, 0xff, 0xf9, 0x0,
    0x3, 0xff, 0xff, 0x4a, 0xff, 0xfe, 0xff, 0xff,
    0xf6, 0x0, 0x3f, 0xff, 0xf4, 0xaf, 0xff, 0xc5,
    0xff, 0xff, 0xf4, 0x3, 0xff, 0xff, 0x4a, 0xff,
    0xfc, 0x7, 0xff, 0xff, 0xe2, 0x3f, 0xff, 0xf4,
    0xaf, 0xff, 0xc0, 0xa, 0xff, 0xff, 0xd4, 0xff,
    0xff, 0x4a, 0xff, 0xfc, 0x0, 0xc, 0xff, 0xff,
    0xef, 0xff, 0xf4, 0xaf, 0xff, 0xc0, 0x0, 0x1d,
    0xff, 0xff, 0xff, 0xff, 0x4a, 0xff, 0xfc, 0x0,
    0x0, 0x2e, 0xff, 0xff, 0xff, 0xf4, 0xaf, 0xff,
    0xc0, 0x0, 0x0, 0x4f, 0xff, 0xff, 0xff, 0x4a,
    0xff, 0xfc, 0x0, 0x0, 0x0, 0x6f, 0xff, 0xff,
    0xf4, 0xaf, 0xff, 0xc0, 0x0, 0x0, 0x0, 0x8f,
    0xff, 0xff, 0x4a, 0xff, 0xfc, 0x0, 0x0, 0x0,
    0x0, 0xbf, 0xff, 0xf4, 0xaf, 0xff, 0xc0, 0x0,
    0x0, 0x0, 0x0, 0xcf, 0xff, 0x40,

    /* U+00D2 "Ò" */
    0x0, 0x0, 0x7, 0xff, 0xfe, 0x20, 0x0, 0x0,
    0x0, 0x0, 0x0, 0x0, 0x0, 0x0, 0x4e, 0xff,
    0xe1, 0x0, 0x0, 0x0, 0x0, 0x0, 0x0, 0x0,
    0x0, 0x2, 0xdf, 0xfd, 0x10, 0x0, 0x0, 0x0,
    0x0, 0x0, 0x0, 0x0, 0x0, 0xa, 0xff, 0xd1,
    0x0, 0x0, 0x0, 0x0, 0x0, 0x0, 0x0, 0x0,
    0x0, 0x0, 0x0, 0x0, 0x0, 0x0, 0x0, 0x0,
    0x0, 0x0, 0x0, 0x0, 0x0, 0x0, 0x0, 0x0,
    0x0, 0x0, 0x0, 0x0, 0x0, 0x38, 0xce, 0xff,
    0xdb, 0x61, 0x0, 0x0, 0x0, 0x0, 0x0, 0x4c,
    0xff, 0xff, 0xff, 0xff, 0xff, 0x91, 0x0, 0x0,
    0x0, 0x8, 0xff, 0xff, 0xff, 0xff, 0xff, 0xff,
    0xfe, 0x40, 0x0, 0x0, 0x9f, 0xff, 0xff, 0xfe,
    0xcd, 0xff, 0xff, 0xff, 0xf3, 0x0, 0x6, 0xff,
    0xff, 0xfa, 0x30, 0x0, 0x5, 0xdf, 0xff, 0xfe,
    0x10, 0xe, 0xff, 0xff, 0x50, 0x0, 0x0, 0x0,
    0xa, 0xff, 0xff, 0x90, 0x5f, 0xff, 0xf8, 0x0,
    0x0, 0x0, 0x0, 0x0, 0xdf, 0xff, 0xf0, 0xaf,
    0xff, 0xf1, 0x0, 0x0, 0x0, 0x0, 0x0, 0x6f,
    0xff, 0xf4, 0xcf, 0xff, 0xc0, 0x0, 0x0, 0x0,
    0x0, 0x0, 0x2f, 0xff, 0xf7, 0xef, 0xff, 0xb0,
    0x0, 0x0, 0x0, 0x0, 0x0, 0x1f, 0xff, 0xf8,
    0xcf, 0xff, 0xc0, 0x0, 0x0, 0x0, 0x0, 0x0,
    0x2f, 0xff, 0xf7, 0xaf, 0xff, 0xf1, 0x0, 0x0,
    0x0, 0x0, 0x0, 0x6f, 0xff, 0xf4, 0x5f, 0xff,
    0xf8, 0x0, 0x0, 0x0, 0x0, 0x0, 0xdf, 0xff,
    0xf0, 0xe, 0xff, 0xff, 0x50, 0x0, 0x0, 0x0,
    0xa, 0xff, 0xff, 0x90, 0x6, 0xff, 0xff, 0xfa,
    0x20, 0x0, 0x5, 0xdf, 0xff, 0xfe, 0x10, 0x0,
    0x9f, 0xff, 0xff, 0xfe, 0xdd, 0xff, 0xff, 0xff,
    0xf4, 0x0, 0x0, 0x9, 0xff, 0xff, 0xff, 0xff,
    0xff, 0xff, 0xfe, 0x40, 0x0, 0x0, 0x0, 0x4c,
    0xff, 0xff, 0xff, 0xff, 0xff, 0xa1, 0x0, 0x0,
    0x0, 0x0, 0x0, 0x48, 0xce, 0xff, 0xdb, 0x71,
    0x0, 0x0, 0x0,

    /* U+00D3 "Ó" */
    0x0, 0x0, 0x0, 0x0, 0x0, 0x6, 0xff, 0xfe,
    0x30, 0x0, 0x0, 0x0, 0x0, 0x0, 0x0, 0x0,
    0x6f, 0xff, 0xc1, 0x0, 0x0, 0x0, 0x0, 0x0,
    0x0, 0x0, 0x5, 0xff, 0xf9, 0x0, 0x0, 0x0,
    0x0, 0x0, 0x0, 0x0, 0x0, 0x4f, 0xff, 0x50,
    0x0, 0x0, 0x0, 0x0, 0x0, 0x0, 0x0, 0x0,
    0x0, 0x0, 0x0, 0x0, 0x0, 0x0, 0x0, 0x0,
    0x0, 0x0, 0x0, 0x0, 0x0, 0x0, 0x0, 0x0,
    0x0, 0x0, 0x0, 0x0, 0x0, 0x38, 0xce, 0xff,
    0xdb, 0x61, 0x0, 0x0, 0x0, 0x0, 0x0, 0x4c,
    0xff, 0xff, 0xff, 0xff, 0xff, 0x91, 0x0, 0x0,
    0x0, 0x8, 0xff, 0xff, 0xff, 0xff, 0xff, 0xff,
    0xfe, 0x40, 0x0, 0x0, 0x9f, 0xff, 0xff, 0xfe,
    0xcd, 0xff, 0xff, 0xff, 0xf3, 0x0, 0x6, 0xff,
    0xff, 0xfa, 0x30, 0x0, 0x5, 0xdf, 0xff, 0xfe,
    0x10, 0xe, 0xff, 0xff, 0x50, 0x0, 0x0, 0x0,
    0xa, 0xff, 0xff, 0x90, 0x5f, 0xff, 0xf8, 0x0,
    0x0, 0x0, 0x0, 0x0, 0xdf, 0xff, 0xf0, 0xaf,
    0xff, 0xf1, 0x0, 0x0, 0x0, 0x0, 0x0, 0x6f,
    0xff, 0xf4, 0xcf, 0xff, 0xc0, 0x0, 0x0, 0x0,
    0x0, 0x0, 0x2f, 0xff, 0xf7, 0xef, 0xff, 0xb0,
    0x0, 0x0, 0x0, 0x0, 0x0, 0x1f, 0xff, 0xf8,
    0xcf, 0xff, 0xc0, 0x0, 0x0, 0x0, 0x0, 0x0,
    0x2f, 0xff, 0xf7, 0xaf, 0xff, 0xf1, 0x0, 0x0,
    0x0, 0x0, 0x0, 0x6f, 0xff, 0xf4, 0x5f, 0xff,
    0xf8, 0x0, 0x0, 0x0, 0x0, 0x0, 0xdf, 0xff,
    0xf0, 0xe, 0xff, 0xff, 0x50, 0x0, 0x0, 0x0,
    0xa, 0xff, 0xff, 0x90, 0x6, 0xff, 0xff, 0xfa,
    0x20, 0x0, 0x5, 0xdf, 0xff, 0xfe, 0x10, 0x0,
    0x9f, 0xff, 0xff, 0xfe, 0xdd, 0xff, 0xff, 0xff,
    0xf4, 0x0, 0x0, 0x9, 0xff, 0xff, 0xff, 0xff,
    0xff, 0xff, 0xfe, 0x40, 0x0, 0x0, 0x0, 0x4c,
    0xff, 0xff, 0xff, 0xff, 0xff, 0xa1, 0x0, 0x0,
    0x0, 0x0, 0x0, 0x48, 0xce, 0xff, 0xdb, 0x71,
    0x0, 0x0, 0x0,

    /* U+00D4 "Ô" */
    0x0, 0x0, 0x0, 0x0, 0x9f, 0xff, 0xf3, 0x0,
    0x0, 0x0, 0x0, 0x0, 0x0, 0x0, 0x8, 0xff,
    0xff, 0xff, 0x30, 0x0, 0x0, 0x0, 0x0, 0x0,
    0x0, 0x6f, 0xfe, 0x37, 0xff, 0xe2, 0x0, 0x0,
    0x0, 0x0, 0x0, 0x5, 0xff, 0xd1, 0x0, 0x5f,
    0xfd, 0x10, 0x0, 0x0, 0x0, 0x0, 0x0, 0x0,
    0x0, 0x0, 0x0, 0x0, 0x0, 0x0, 0x0, 0x0,
    0x0, 0x0, 0x0, 0x0, 0x0, 0x0, 0x0, 0x0,
    0x0, 0x0, 0x0, 0x0, 0x0, 0x38, 0xce, 0xff,
    0xdb, 0x61, 0x0, 0x0, 0x0, 0x0, 0x0, 0x4c,
    0xff, 0xff, 0xff, 0xff, 0xff, 0x91, 0x0, 0x0,
    0x0, 0x8, 0xff, 0xff, 0xff, 0xff, 0xff, 0xff,
    0xfe, 0x40, 0x0, 0x0, 0x9f, 0xff, 0xff, 0xfe,
    0xcd, 0xff, 0xff, 0xff, 0xf3, 0x0, 0x6, 0xff,
    0xff, 0xfa, 0x30, 0x0, 0x5, 0xdf, 0xff, 0xfe,
    0x10, 0xe, 0xff, 0xff, 0x50, 0x0, 0x0, 0x0,
    0xa, 0xff, 0xff, 0x90, 0x5f, 0xff, 0xf8, 0x0,
    0x0, 0x0, 0x0, 0x0, 0xdf, 0xff, 0xf0, 0xaf,
    0xff, 0xf1, 0x0, 0x0, 0x0, 0x0, 0x0, 0x6f,
    0xff, 0xf4, 0xcf, 0xff, 0xc0, 0x0, 0x0, 0x0,
    0x0, 0x0, 0x2f, 0xff, 0xf7, 0xef, 0xff, 0xb0,
    0x0, 0x0, 0x0, 0x0, 0x0, 0x1f, 0xff, 0xf8,
    0xcf, 0xff, 0xc0, 0x0, 0x0, 0x0, 0x0, 0x0,
    0x2f, 0xff, 0xf7, 0xaf, 0xff, 0xf1, 0x0, 0x0,
    0x0, 0x0, 0x0, 0x6f, 0xff, 0xf4, 0x5f, 0xff,
    0xf8, 0x0, 0x0, 0x0, 0x0, 0x0, 0xdf, 0xff,
    0xf0, 0xe, 0xff, 0xff, 0x50, 0x0, 0x0, 0x0,
    0xa, 0xff, 0xff, 0x90, 0x6, 0xff, 0xff, 0xfa,
    0x20, 0x0, 0x5, 0xdf, 0xff, 0xfe, 0x10, 0x0,
    0x9f, 0xff, 0xff, 0xfe, 0xdd, 0xff, 0xff, 0xff,
    0xf4, 0x0, 0x0, 0x9, 0xff, 0xff, 0xff, 0xff,
    0xff, 0xff, 0xfe, 0x40, 0x0, 0x0, 0x0, 0x4c,
    0xff, 0xff, 0xff, 0xff, 0xff, 0xa1, 0x0, 0x0,
    0x0, 0x0, 0x0, 0x48, 0xce, 0xff, 0xdb, 0x71,
    0x0, 0x0, 0x0,

    /* U+00D5 "Õ" */
    0x0, 0x0, 0x0, 0x5, 0x86, 0x0, 0x0, 0x44,
    0x10, 0x0, 0x0, 0x0, 0x0, 0x0, 0xaf, 0xff,
    0xd3, 0x1, 0xff, 0x40, 0x0, 0x0, 0x0, 0x0,
    0x3, 0xff, 0xff, 0xff, 0x9d, 0xff, 0x10, 0x0,
    0x0, 0x0, 0x0, 0x9, 0xfe, 0x23, 0xdf, 0xff,
    0xf9, 0x0, 0x0, 0x0, 0x0, 0x0, 0xb, 0xf9,
    0x0, 0x9, 0xef, 0x90, 0x0, 0x0, 0x0, 0x0,
    0x0, 0x0, 0x0, 0x0, 0x0, 0x0, 0x0, 0x0,
    0x0, 0x0, 0x0, 0x0, 0x0, 0x0, 0x0, 0x0,
    0x0, 0x0, 0x0, 0x0, 0x0, 0x0, 0x0, 0x0,
    0x38, 0xce, 0xff, 0xdb, 0x61, 0x0, 0x0, 0x0,
    0x0, 0x0, 0x4c, 0xff, 0xff, 0xff, 0xff, 0xff,
    0x91, 0x0, 0x0, 0x0, 0x8, 0xff, 0xff, 0xff,
    0xff, 0xff, 0xff, 0xfe, 0x40, 0x0, 0x0, 0x9f,
    0xff, 0xff, 0xfe, 0xcd, 0xff, 0xff, 0xff, 0xf3,
    0x0, 0x6, 0xff, 0xff, 0xfa, 0x30, 0x0, 0x5,
    0xdf, 0xff, 0xfe, 0x10, 0xe, 0xff, 0xff, 0x50,
    0x0, 0x0, 0x0, 0xa, 0xff, 0xff, 0x90, 0x5f,
    0xff, 0xf8, 0x0, 0x0, 0x0, 0x0, 0x0, 0xdf,
    0xff, 0xf0, 0xaf, 0xff, 0xf1, 0x0, 0x0, 0x0,
    0x0, 0x0, 0x6f, 0xff, 0xf4, 0xcf, 0xff, 0xc0,
    0x0, 0x0, 0x0, 0x0, 0x0, 0x2f, 0xff, 0xf7,
    0xef, 0xff, 0xb0, 0x0, 0x0, 0x0, 0x0, 0x0,
    0x1f, 0xff, 0xf8, 0xcf, 0xff, 0xc0, 0x0, 0x0,
    0x0, 0x0, 0x0, 0x2f, 0xff, 0xf7, 0xaf, 0xff,
    0xf1, 0x0, 0x0, 0x0, 0x0, 0x0, 0x6f, 0xff,
    0xf4, 0x5f, 0xff, 0xf8, 0x0, 0x0, 0x0, 0x0,
    0x0, 0xdf, 0xff, 0xf0, 0xe, 0xff, 0xff, 0x50,
    0x0, 0x0, 0x0, 0xa, 0xff, 0xff, 0x90, 0x6,
    0xff, 0xff, 0xfa, 0x20, 0x0, 0x5, 0xdf, 0xff,
    0xfe, 0x10, 0x0, 0x9f, 0xff, 0xff, 0xfe, 0xdd,
    0xff, 0xff, 0xff, 0xf4, 0x0, 0x0, 0x9, 0xff,
    0xff, 0xff, 0xff, 0xff, 0xff, 0xfe, 0x40, 0x0,
    0x0, 0x0, 0x4c, 0xff, 0xff, 0xff, 0xff, 0xff,
    0xa1, 0x0, 0x0, 0x0, 0x0, 0x0, 0x48, 0xce,
    0xff, 0xdb, 0x71, 0x0, 0x0, 0x0,

    /* U+00D6 "Ö" */
    0x0, 0x0, 0x0, 0x5e, 0xe4, 0x0, 0x9f, 0xc1,
    0x0, 0x0, 0x0, 0x0, 0x0, 0x0, 0xef, 0xfd,
    0x3, 0xff, 0xf8, 0x0, 0x0, 0x0, 0x0, 0x0,
    0x0, 0xdf, 0xfc, 0x2, 0xff, 0xf7, 0x0, 0x0,
    0x0, 0x0, 0x0, 0x0, 0x3b, 0xb2, 0x0, 0x6c,
    0x90, 0x0, 0x0, 0x0, 0x0, 0x0, 0x0, 0x0,
    0x0, 0x0, 0x0, 0x0, 0x0, 0x0, 0x0, 0x0,
    0x0, 0x0, 0x0, 0x0, 0x0, 0x0, 0x0, 0x0,
    0x0, 0x0, 0x0, 0x0, 0x0, 0x38, 0xce, 0xff,
    0xdb, 0x61, 0x0, 0x0, 0x0, 0x0, 0x0, 0x4c,
    0xff, 0xff, 0xff, 0xff, 0xff, 0x91, 0x0, 0x0,
    0x0, 0x8, 0xff, 0xff, 0xff, 0xff, 0xff, 0xff,
    0xfe, 0x40, 0x0, 0x0, 0x9f, 0xff, 0xff, 0xfe,
    0xcd, 0xff, 0xff, 0xff, 0xf3, 0x0, 0x6, 0xff,
    0xff, 0xfa, 0x30, 0x0, 0x5, 0xdf, 0xff, 0xfe,
    0x10, 0xe, 0xff, 0xff, 0x50, 0x0, 0x0, 0x0,
    0xa, 0xff, 0xff, 0x90, 0x5f, 0xff, 0xf8, 0x0,
    0x0, 0x0, 0x0, 0x0, 0xdf, 0xff, 0xf0, 0xaf,
    0xff, 0xf1, 0x0, 0x0, 0x0, 0x0, 0x0, 0x6f,
    0xff, 0xf4, 0xcf, 0xff, 0xc0, 0x0, 0x0, 0x0,
    0x0, 0x0, 0x2f, 0xff, 0xf7, 0xef, 0xff, 0xb0,
    0x0, 0x0, 0x0, 0x0, 0x0, 0x1f, 0xff, 0xf8,
    0xcf, 0xff, 0xc0, 0x0, 0x0, 0x0, 0x0, 0x0,
    0x2f, 0xff, 0xf7, 0xaf, 0xff, 0xf1, 0x0, 0x0,
    0x0, 0x0, 0x0, 0x6f, 0xff, 0xf4, 0x5f, 0xff,
    0xf8, 0x0, 0x0, 0x0, 0x0, 0x0, 0xdf, 0xff,
    0xf0, 0xe, 0xff, 0xff, 0x50, 0x0, 0x0, 0x0,
    0xa, 0xff, 0xff, 0x90, 0x6, 0xff, 0xff, 0xfa,
    0x20, 0x0, 0x5, 0xdf, 0xff, 0xfe, 0x10, 0x0,
    0x9f, 0xff, 0xff, 0xfe, 0xdd, 0xff, 0xff, 0xff,
    0xf4, 0x0, 0x0, 0x9, 0xff, 0xff, 0xff, 0xff,
    0xff, 0xff, 0xfe, 0x40, 0x0, 0x0, 0x0, 0x4c,
    0xff, 0xff, 0xff, 0xff, 0xff, 0xa1, 0x0, 0x0,
    0x0, 0x0, 0x0, 0x48, 0xce, 0xff, 0xdb, 0x71,
    0x0, 0x0, 0x0,

    /* U+00D7 "×" */
    0x0, 0x20, 0x0, 0x0, 0x2, 0x10, 0x0, 0x2e,
    0xc1, 0x0, 0x2, 0xec, 0x10, 0x2e, 0xff, 0xc1,
    0x2, 0xef, 0xfc, 0x1, 0xdf, 0xff, 0xc3, 0xef,
    0xff, 0xb0, 0x1, 0xdf, 0xff, 0xff, 0xff, 0xa0,
    0x0, 0x1, 0xdf, 0xff, 0xff, 0xa0, 0x0, 0x0,
    0x4, 0xff, 0xff, 0xf1, 0x0, 0x0, 0x3, 0xff,
    0xff, 0xff, 0xd1, 0x0, 0x3, 0xff, 0xff, 0xef,
    0xff, 0xd1, 0x3, 0xff, 0xff, 0xa1, 0xcf, 0xff,
    0xd1, 0xc, 0xff, 0x90, 0x0, 0xcf, 0xf9, 0x0,
    0xc, 0x90, 0x0, 0x0, 0xca, 0x0, 0x0, 0x0,
    0x0, 0x0, 0x0, 0x0, 0x0,

    /* U+00D8 "Ø" */
    0x0, 0x0, 0x0, 0x0, 0x0, 0x0, 0x0, 0x2,
    0x88, 0x50, 0x0, 0x0, 0x0, 0x0, 0x0, 0x0,
    0x0, 0x0, 0xa, 0xff, 0x50, 0x0, 0x0, 0x0,
    0x0, 0x0, 0x0, 0x0, 0x0, 0x1f, 0xfe, 0x0,
    0x0, 0x0, 0x0, 0x0, 0x48, 0xce, 0xff, 0xeb,
    0xaf, 0xf7, 0x0, 0x0, 0x0, 0x0, 0x4c, 0xff,
    0xff, 0xff, 0xff, 0xff, 0xf2, 0x0, 0x0, 0x0,
    0x9, 0xff, 0xff, 0xff, 0xff, 0xff, 0xff, 0xfe,
    0x30, 0x0, 0x0, 0x9f, 0xff, 0xff, 0xfe, 0xcd,
    0xff, 0xff, 0xff, 0xf3, 0x0, 0x6, 0xff, 0xff,
    0xfa, 0x30, 0x0, 0xaf, 0xdd, 0xff, 0xfe, 0x0,
    0xe, 0xff, 0xff, 0x50, 0x0, 0x4, 0xff, 0x52,
    0xff, 0xff, 0x90, 0x6f, 0xff, 0xf8, 0x0, 0x0,
    0xd, 0xfc, 0x0, 0x9f, 0xff, 0xf0, 0xaf, 0xff,
    0xf1, 0x0, 0x0, 0x7f, 0xf3, 0x0, 0x3f, 0xff,
    0xf4, 0xcf, 0xff, 0xc0, 0x0, 0x1, 0xff, 0xa0,
    0x0, 0x1f, 0xff, 0xf7, 0xef, 0xff, 0xb0, 0x0,
    0xa, 0xff, 0x20, 0x0, 0x1f, 0xff, 0xf8, 0xcf,
    0xff, 0xc0, 0x0, 0x4f, 0xf8, 0x0, 0x0, 0x3f,
    0xff, 0xf7, 0xaf, 0xff, 0xf1, 0x0, 0xdf, 0xe1,
    0x0, 0x0, 0x8f, 0xff, 0xf5, 0x5f, 0xff, 0xf8,
    0x7, 0xff, 0x70, 0x0, 0x1, 0xef, 0xff, 0xf0,
    0xe, 0xff, 0xff, 0x7f, 0xfd, 0x0, 0x0, 0x1c,
    0xff, 0xff, 0x90, 0x5, 0xff, 0xff, 0xff, 0xf5,
    0x0, 0x5, 0xdf, 0xff, 0xfe, 0x10, 0x0, 0x8f,
    0xff, 0xff, 0xff, 0xdd, 0xff, 0xff, 0xff, 0xf4,
    0x0, 0x0, 0x7, 0xff, 0xff, 0xff, 0xff, 0xff,
    0xff, 0xfe, 0x40, 0x0, 0x0, 0x0, 0x7f, 0xff,
    0xff, 0xff, 0xff, 0xff, 0xa1, 0x0, 0x0, 0x0,
    0x0, 0xef, 0xf8, 0xce, 0xff, 0xdb, 0x71, 0x0,
    0x0, 0x0, 0x0, 0x8, 0xff, 0x80, 0x0, 0x0,
    0x0, 0x0, 0x0, 0x0, 0x0, 0x0, 0x7, 0x87,
    0x0, 0x0, 0x0, 0x0, 0x0, 0x0, 0x0, 0x0,

    /* U+00D9 "Ù" */
    0x0, 0x4, 0xff, 0xff, 0x50, 0x0, 0x0, 0x0,
    0x0, 0x0, 0x0, 0x2d, 0xff, 0xf4, 0x0, 0x0,
    0x0, 0x0, 0x0, 0x0, 0x0, 0xaf, 0xff, 0x30,
    0x0, 0x0, 0x0, 0x0, 0x0, 0x0, 0x7, 0xff,
    0xf3, 0x0, 0x0, 0x0, 0x0, 0x0, 0x0, 0x0,
    0x0, 0x0, 0x0, 0x0, 0x0, 0x0, 0x0, 0x0,
    0x0, 0x0, 0x0, 0x0, 0x0, 0x0, 0xdf, 0xff,
    0xb0, 0x0, 0x0, 0x0, 0x9, 0xff, 0xfe, 0xdf,
    0xff, 0xb0, 0x0, 0x0, 0x0, 0x9, 0xff, 0xfe,
    0xdf, 0xff, 0xb0, 0x0, 0x0, 0x0, 0x9, 0xff,
    0xfe, 0xdf, 0xff, 0xb0, 0x0, 0x0, 0x0, 0x9,
    0xff, 0xfe, 0xdf, 0xff, 0xb0, 0x0, 0x0, 0x0,
    0x9, 0xff, 0xfe, 0xdf, 0xff, 0xb0, 0x0, 0x0,
    0x0, 0x9, 0xff, 0xfe, 0xdf, 0xff, 0xb0, 0x0,
    0x0, 0x0, 0x9, 0xff, 0xfe, 0xdf, 0xff, 0xb0,
    0x0, 0x0, 0x0, 0x9, 0xff, 0xfe, 0xdf, 0xff,
    0xb0, 0x0, 0x0, 0x0, 0x9, 0xff, 0xfe, 0xdf,
    0xff, 0xb0, 0x0, 0x0, 0x0, 0x9, 0xff, 0xfe,
    0xdf, 0xff, 0xb0, 0x0, 0x0, 0x0, 0x9, 0xff,
    0xfe, 0xcf, 0xff, 0xc0, 0x0, 0x0, 0x0, 0xa,
    0xff, 0xfd, 0xaf, 0xff, 0xf0, 0x0, 0x0, 0x0,
    0xe, 0xff, 0xfb, 0x6f, 0xff, 0xf7, 0x0, 0x0,
    0x0, 0x5f, 0xff, 0xf7, 0x1f, 0xff, 0xff, 0x70,
    0x0, 0x6, 0xff, 0xff, 0xf2, 0x8, 0xff, 0xff,
    0xff, 0xdd, 0xff, 0xff, 0xff, 0x90, 0x0, 0xbf,
    0xff, 0xff, 0xff, 0xff, 0xff, 0xfb, 0x0, 0x0,
    0x8, 0xff, 0xff, 0xff, 0xff, 0xff, 0x80, 0x0,
    0x0, 0x0, 0x17, 0xbe, 0xff, 0xeb, 0x71, 0x0,
    0x0,

    /* U+00DA "Ú" */
    0x0, 0x0, 0x0, 0x0, 0x3, 0xff, 0xff, 0x60,
    0x0, 0x0, 0x0, 0x0, 0x0, 0x2e, 0xff, 0xe3,
    0x0, 0x0, 0x0, 0x0, 0x0, 0x2, 0xef, 0xfb,
    0x10, 0x0, 0x0, 0x0, 0x0, 0x0, 0x1e, 0xff,
    0x80, 0x0, 0x0, 0x0, 0x0, 0x0, 0x0, 0x0,
    0x0, 0x0, 0x0, 0x0, 0x0, 0x0, 0x0, 0x0,
    0x0, 0x0, 0x0, 0x0, 0x0, 0x0, 0xdf, 0xff,
    0xb0, 0x0, 0x0, 0x0, 0x9, 0xff, 0xfe, 0xdf,
    0xff, 0xb0, 0x0, 0x0, 0x0, 0x9, 0xff, 0xfe,
    0xdf, 0xff, 0xb0, 0x0, 0x0, 0x0, 0x9, 0xff,
    0xfe, 0xdf, 0xff, 0xb0, 0x0, 0x0, 0x0, 0x9,
    0xff, 0xfe, 0xdf, 0xff, 0xb0, 0x0, 0x0, 0x0,
    0x9, 0xff, 0xfe, 0xdf, 0xff, 0xb0, 0x0, 0x0,
    0x0, 0x9, 0xff, 0xfe, 0xdf, 0xff, 0xb0, 0x0,
    0x0, 0x0, 0x9, 0xff, 0xfe, 0xdf, 0xff, 0xb0,
    0x0, 0x0, 0x0, 0x9, 0xff, 0xfe, 0xdf, 0xff,
    0xb0, 0x0, 0x0, 0x0, 0x9, 0xff, 0xfe, 0xdf,
    0xff, 0xb0, 0x0, 0x0, 0x0, 0x9, 0xff, 0xfe,
    0xdf, 0xff, 0xb0, 0x0, 0x0, 0x0, 0x9, 0xff,
    0xfe, 0xcf, 0xff, 0xc0, 0x0, 0x0, 0x0, 0xa,
    0xff, 0xfd, 0xaf, 0xff, 0xf0, 0x0, 0x0, 0x0,
    0xe, 0xff, 0xfb, 0x6f, 0xff, 0xf7, 0x0, 0x0,
    0x0, 0x5f, 0xff, 0xf7, 0x1f, 0xff, 0xff, 0x70,
    0x0, 0x6, 0xff, 0xff, 0xf2, 0x8, 0xff, 0xff,
    0xff, 0xdd, 0xff, 0xff, 0xff, 0x90, 0x0, 0xbf,
    0xff, 0xff, 0xff, 0xff, 0xff, 0xfb, 0x0, 0x0,
    0x8, 0xff, 0xff, 0xff, 0xff, 0xff, 0x80, 0x0,
    0x0, 0x0, 0x17, 0xbe, 0xff, 0xeb, 0x71, 0x0,
    0x0,

    /* U+00DB "Û" */
    0x0, 0x0, 0x0, 0x5f, 0xff, 0xf7, 0x0, 0x0,
    0x0, 0x0, 0x0, 0x4, 0xff, 0xff, 0xff, 0x60,
    0x0, 0x0, 0x0, 0x0, 0x3f, 0xff, 0x64, 0xff,
    0xf4, 0x0, 0x0, 0x0, 0x2, 0xef, 0xf4, 0x0,
    0x2e, 0xff, 0x40, 0x0, 0x0, 0x0, 0x0, 0x0,
    0x0, 0x0, 0x0, 0x0, 0x0, 0x0, 0x0, 0x0,
    0x0, 0x0, 0x0, 0x0, 0x0, 0x0, 0xdf, 0xff,
    0xb0, 0x0, 0x0, 0x0, 0x9, 0xff, 0xfe, 0xdf,
    0xff, 0xb0, 0x0, 0x0, 0x0, 0x9, 0xff, 0xfe,
    0xdf, 0xff, 0xb0, 0x0, 0x0, 0x0, 0x9, 0xff,
    0xfe, 0xdf, 0xff, 0xb0, 0x0, 0x0, 0x0, 0x9,
    0xff, 0xfe, 0xdf, 0xff, 0xb0, 0x0, 0x0, 0x0,
    0x9, 0xff, 0xfe, 0xdf, 0xff, 0xb0, 0x0, 0x0,
    0x0, 0x9, 0xff, 0xfe, 0xdf, 0xff, 0xb0, 0x0,
    0x0, 0x0, 0x9, 0xff, 0xfe, 0xdf, 0xff, 0xb0,
    0x0, 0x0, 0x0, 0x9, 0xff, 0xfe, 0xdf, 0xff,
    0xb0, 0x0, 0x0, 0x0, 0x9, 0xff, 0xfe, 0xdf,
    0xff, 0xb0, 0x0, 0x0, 0x0, 0x9, 0xff, 0xfe,
    0xdf, 0xff, 0xb0, 0x0, 0x0, 0x0, 0x9, 0xff,
    0xfe, 0xcf, 0xff, 0xc0, 0x0, 0x0, 0x0, 0xa,
    0xff, 0xfd, 0xaf, 0xff, 0xf0, 0x0, 0x0, 0x0,
    0xe, 0xff, 0xfb, 0x6f, 0xff, 0xf7, 0x0, 0x0,
    0x0, 0x5f, 0xff, 0xf7, 0x1f, 0xff, 0xff, 0x70,
    0x0, 0x6, 0xff, 0xff, 0xf2, 0x8, 0xff, 0xff,
    0xff, 0xdd, 0xff, 0xff, 0xff, 0x90, 0x0, 0xbf,
    0xff, 0xff, 0xff, 0xff, 0xff, 0xfb, 0x0, 0x0,
    0x8, 0xff, 0xff, 0xff, 0xff, 0xff, 0x80, 0x0,
    0x0, 0x0, 0x17, 0xbe, 0xff, 0xeb, 0x71, 0x0,
    0x0,

    /* U+00DC "Ü" */
    0x0, 0x0, 0x2d, 0xf7, 0x0, 0x6e, 0xd3, 0x0,
    0x0, 0x0, 0x0, 0xaf, 0xff, 0x10, 0xff, 0xfc,
    0x0, 0x0, 0x0, 0x0, 0x9f, 0xff, 0x0, 0xef,
    0xfb, 0x0, 0x0, 0x0, 0x0, 0x19, 0xb4, 0x0,
    0x3b, 0xa1, 0x0, 0x0, 0x0, 0x0, 0x0, 0x0,
    0x0, 0x0, 0x0, 0x0, 0x0, 0x0, 0x0, 0x0,
    0x0, 0x0, 0x0, 0x0, 0x0, 0x0, 0xdf, 0xff,
    0xb0, 0x0, 0x0, 0x0, 0x9, 0xff, 0xfe, 0xdf,
    0xff, 0xb0, 0x0, 0x0, 0x0, 0x9, 0xff, 0xfe,
    0xdf, 0xff, 0xb0, 0x0, 0x0, 0x0, 0x9, 0xff,
    0xfe, 0xdf, 0xff, 0xb0, 0x0, 0x0, 0x0, 0x9,
    0xff, 0xfe, 0xdf, 0xff, 0xb0, 0x0, 0x0, 0x0,
    0x9, 0xff, 0xfe, 0xdf, 0xff, 0xb0, 0x0, 0x0,
    0x0, 0x9, 0xff, 0xfe, 0xdf, 0xff, 0xb0, 0x0,
    0x0, 0x0, 0x9, 0xff, 0xfe, 0xdf, 0xff, 0xb0,
    0x0, 0x0, 0x0, 0x9, 0xff, 0xfe, 0xdf, 0xff,
    0xb0, 0x0, 0x0, 0x0, 0x9, 0xff, 0xfe, 0xdf,
    0xff, 0xb0, 0x0, 0x0, 0x0, 0x9, 0xff, 0xfe,
    0xdf, 0xff, 0xb0, 0x0, 0x0, 0x0, 0x9, 0xff,
    0xfe, 0xcf, 0xff, 0xc0, 0x0, 0x0, 0x0, 0xa,
    0xff, 0xfd, 0xaf, 0xff, 0xf0, 0x0, 0x0, 0x0,
    0xe, 0xff, 0xfb, 0x6f, 0xff, 0xf7, 0x0, 0x0,
    0x0, 0x5f, 0xff, 0xf7, 0x1f, 0xff, 0xff, 0x70,
    0x0, 0x6, 0xff, 0xff, 0xf2, 0x8, 0xff, 0xff,
    0xff, 0xdd, 0xff, 0xff, 0xff, 0x90, 0x0, 0xbf,
    0xff, 0xff, 0xff, 0xff, 0xff, 0xfb, 0x0, 0x0,
    0x8, 0xff, 0xff, 0xff, 0xff, 0xff, 0x80, 0x0,
    0x0, 0x0, 0x17, 0xbe, 0xff, 0xeb, 0x71, 0x0,
    0x0,

    /* U+00DD "Ý" */
    0x0, 0x0, 0x0, 0x0, 0x0, 0x7, 0xcc, 0xca,
    0x10, 0x0, 0x0, 0x0, 0x0, 0x0, 0x0, 0x7,
    0xff, 0xfc, 0x10, 0x0, 0x0, 0x0, 0x0, 0x0,
    0x0, 0x6, 0xff, 0xf9, 0x0, 0x0, 0x0, 0x0,
    0x0, 0x0, 0x0, 0x4, 0xff, 0xf6, 0x0, 0x0,
    0x0, 0x0, 0x0, 0x0, 0x0, 0x0, 0x55, 0x53,
    0x0, 0x0, 0x0, 0x0, 0x0, 0x0, 0x0, 0x0,
    0x0, 0x0, 0x0, 0x0, 0x0, 0x0, 0x0, 0x1f,
    0xff, 0xfb, 0x0, 0x0, 0x0, 0x0, 0x6, 0xff,
    0xff, 0x10, 0x7f, 0xff, 0xf5, 0x0, 0x0, 0x0,
    0x1, 0xff, 0xff, 0x60, 0x0, 0xdf, 0xff, 0xe1,
    0x0, 0x0, 0x0, 0xaf, 0xff, 0xc0, 0x0, 0x3,
    0xff, 0xff, 0x90, 0x0, 0x0, 0x4f, 0xff, 0xf3,
    0x0, 0x0, 0x9, 0xff, 0xff, 0x30, 0x0, 0xd,
    0xff, 0xf8, 0x0, 0x0, 0x0, 0x1e, 0xff, 0xfd,
    0x0, 0x8, 0xff, 0xfe, 0x0, 0x0, 0x0, 0x0,
    0x5f, 0xff, 0xf7, 0x2, 0xff, 0xff, 0x40, 0x0,
    0x0, 0x0, 0x0, 0xbf, 0xff, 0xf1, 0xcf, 0xff,
    0xb0, 0x0, 0x0, 0x0, 0x0, 0x2, 0xff, 0xff,
    0xef, 0xff, 0xf1, 0x0, 0x0, 0x0, 0x0, 0x0,
    0x7, 0xff, 0xff, 0xff, 0xf7, 0x0, 0x0, 0x0,
    0x0, 0x0, 0x0, 0xd, 0xff, 0xff, 0xfd, 0x0,
    0x0, 0x0, 0x0, 0x0, 0x0, 0x0, 0x3f, 0xff,
    0xff, 0x30, 0x0, 0x0, 0x0, 0x0, 0x0, 0x0,
    0x0, 0xcf, 0xff, 0xc0, 0x0, 0x0, 0x0, 0x0,
    0x0, 0x0, 0x0, 0xc, 0xff, 0xfb, 0x0, 0x0,
    0x0, 0x0, 0x0, 0x0, 0x0, 0x0, 0xcf, 0xff,
    0xb0, 0x0, 0x0, 0x0, 0x0, 0x0, 0x0, 0x0,
    0xc, 0xff, 0xfb, 0x0, 0x0, 0x0, 0x0, 0x0,
    0x0, 0x0, 0x0, 0xcf, 0xff, 0xb0, 0x0, 0x0,
    0x0, 0x0, 0x0, 0x0, 0x0, 0xc, 0xff, 0xfb,
    0x0, 0x0, 0x0, 0x0, 0x0, 0x0, 0x0, 0x0,
    0xcf, 0xff, 0xb0, 0x0, 0x0, 0x0, 0x0,

    /* U+00DE "Þ" */
    0xaf, 0xff, 0xd0, 0x0, 0x0, 0x0, 0x0, 0x0,
    0x0, 0xaf, 0xff, 0xd0, 0x0, 0x0, 0x0, 0x0,
    0x0, 0x0, 0xaf, 0xff, 0xff, 0xff, 0xff, 0xdb,
    0x61, 0x0, 0x0, 0xaf, 0xff, 0xff, 0xff, 0xff,
    0xff, 0xff, 0x70, 0x0, 0xaf, 0xff, 0xff, 0xff,
    0xff, 0xff, 0xff, 0xf9, 0x0, 0xaf, 0xff, 0xfa,
    0xaa, 0xab, 0xef, 0xff, 0xff, 0x60, 0xaf, 0xff,
    0xd0, 0x0, 0x0, 0x6, 0xff, 0xff, 0xd0, 0xaf,
    0xff, 0xd0, 0x0, 0x0, 0x0, 0x9f, 0xff, 0xf2,
    0xaf, 0xff, 0xd0, 0x0, 0x0, 0x0, 0x5f, 0xff,
    0xf4, 0xaf, 0xff, 0xd0, 0x0, 0x0, 0x0, 0x5f,
    0xff, 0xf4, 0xaf, 0xff, 0xd0, 0x0, 0x0, 0x0,
    0x9f, 0xff, 0xf2, 0xaf, 0xff, 0xd0, 0x0, 0x0,
    0x6, 0xff, 0xff, 0xd0, 0xaf, 0xff, 0xfa, 0xaa,
    0xab, 0xef, 0xff, 0xff, 0x60, 0xaf, 0xff, 0xff,
    0xff, 0xff, 0xff, 0xff, 0xf9, 0x0, 0xaf, 0xff,
    0xff, 0xff, 0xff, 0xff, 0xff, 0x70, 0x0, 0xaf,
    0xff, 0xff, 0xff, 0xff, 0xdb, 0x61, 0x0, 0x0,
    0xaf, 0xff, 0xd0, 0x0, 0x0, 0x0, 0x0, 0x0,
    0x0, 0xaf, 0xff, 0xd0, 0x0, 0x0, 0x0, 0x0,
    0x0, 0x0, 0xaf, 0xff, 0xd0, 0x0, 0x0, 0x0,
    0x0, 0x0, 0x0,

    /* U+00DF "ß" */
    0x0, 0x0, 0x6b, 0xef, 0xed, 0x83, 0x0, 0x0,
    0x0, 0x4, 0xef, 0xff, 0xff, 0xff, 0xf9, 0x0,
    0x0, 0x4, 0xff, 0xff, 0xff, 0xff, 0xff, 0xf9,
    0x0, 0x1, 0xff, 0xff, 0xfb, 0x89, 0xff, 0xff,
    0xf3, 0x0, 0x8f, 0xff, 0xf4, 0x0, 0x1, 0xef,
    0xff, 0x90, 0xc, 0xff, 0xfa, 0x0, 0x0, 0x8,
    0xff, 0xfb, 0x0, 0xef, 0xff, 0x70, 0x0, 0x0,
    0x7f, 0xff, 0xb0, 0xf, 0xff, 0xf6, 0x0, 0x0,
    0xc, 0xff, 0xf7, 0x0, 0xff, 0xff, 0x60, 0x0,
    0x3b, 0xff, 0xfe, 0x10, 0xf, 0xff, 0xf6, 0x0,
    0xdf, 0xff, 0xff, 0x30, 0x0, 0xff, 0xff, 0x60,
    0xd, 0xff, 0xff, 0xfb, 0x20, 0xf, 0xff, 0xf6,
    0x0, 0xdf, 0xff, 0xff, 0xff, 0x30, 0xff, 0xff,
    0x60, 0x5, 0x68, 0xcf, 0xff, 0xfd, 0xf, 0xff,
    0xf6, 0x0, 0x0, 0x0, 0x7f, 0xff, 0xf4, 0xff,
    0xff, 0x60, 0x0, 0x0, 0x0, 0xff, 0xff, 0x7f,
    0xff, 0xf6, 0x0, 0x0, 0x0, 0xf, 0xff, 0xf7,
    0xff, 0xff, 0x60, 0x0, 0x0, 0x7, 0xff, 0xff,
    0x5f, 0xff, 0xf6, 0x5, 0xa8, 0x8c, 0xff, 0xff,
    0xe0, 0xff, 0xff, 0x60, 0x8f, 0xff, 0xff, 0xff,
    0xf6, 0xf, 0xff, 0xf6, 0xb, 0xff, 0xff, 0xff,
    0xf6, 0x0, 0xff, 0xff, 0x60, 0x8d, 0xef, 0xec,
    0x71, 0x0, 0x0,

    /* U+00E0 "à" */
    0x0, 0xbf, 0xff, 0xb0, 0x0, 0x0, 0x0, 0x0,
    0x0, 0x7f, 0xff, 0xb0, 0x0, 0x0, 0x0, 0x0,
    0x0, 0x4e, 0xff, 0xa0, 0x0, 0x0, 0x0, 0x0,
    0x0, 0x2d, 0xff, 0x90, 0x0, 0x0, 0x0, 0x0,
    0x0, 0x0, 0x0, 0x0, 0x0, 0x0, 0x0, 0x0,
    0x0, 0x0, 0x0, 0x0, 0x0, 0x0, 0x27, 0xbe,
    0xff, 0xeb, 0x71, 0x0, 0x1, 0xbf, 0xff, 0xff,
    0xff, 0xff, 0xe5, 0x0, 0x1f, 0xff, 0xff, 0xff,
    0xff, 0xff, 0xf3, 0x0, 0x7f, 0xea, 0x76, 0x8c,
    0xff, 0xff, 0xc0, 0x0, 0x60, 0x0, 0x0, 0x9,
    0xff, 0xff, 0x10, 0x0, 0x0, 0x0, 0x0, 0x2f,
    0xff, 0xf4, 0x0, 0x49, 0xde, 0xff, 0xff, 0xff,
    0xff, 0x50, 0xaf, 0xff, 0xff, 0xff, 0xff, 0xff,
    0xf5, 0x7f, 0xff, 0xfb, 0x88, 0x88, 0xff, 0xff,
    0x5d, 0xff, 0xf8, 0x0, 0x0, 0xf, 0xff, 0xf5,
    0xef, 0xff, 0x50, 0x0, 0x4, 0xff, 0xff, 0x5c,
    0xff, 0xfc, 0x20, 0x5, 0xef, 0xff, 0xf5, 0x6f,
    0xff, 0xff, 0xef, 0xff, 0xff, 0xff, 0x50, 0x9f,
    0xff, 0xff, 0xff, 0xcc, 0xff, 0xf5, 0x0, 0x4a,
    0xef, 0xec, 0x60, 0xcf, 0xff, 0x50,

    /* U+00E1 "á" */
    0x0, 0x0, 0x0, 0x0, 0xbf, 0xff, 0xb1, 0x0,
    0x0, 0x0, 0x0, 0xaf, 0xff, 0x80, 0x0, 0x0,
    0x0, 0x0, 0x9f, 0xff, 0x50, 0x0, 0x0, 0x0,
    0x0, 0x8f, 0xfd, 0x20, 0x0, 0x0, 0x0, 0x0,
    0x0, 0x0, 0x0, 0x0, 0x0, 0x0, 0x0, 0x0,
    0x0, 0x0, 0x0, 0x0, 0x0, 0x0, 0x27, 0xbe,
    0xff, 0xeb, 0x71, 0x0, 0x1, 0xbf, 0xff, 0xff,
    0xff, 0xff, 0xe5, 0x0, 0x1f, 0xff, 0xff, 0xff,
    0xff, 0xff, 0xf3, 0x0, 0x7f, 0xea, 0x76, 0x8c,
    0xff, 0xff, 0xc0, 0x0, 0x60, 0x0, 0x0, 0x9,
    0xff, 0xff, 0x10, 0x0, 0x0, 0x0, 0x0, 0x2f,
    0xff, 0xf4, 0x0, 0x49, 0xde, 0xff, 0xff, 0xff,
    0xff, 0x50, 0xaf, 0xff, 0xff, 0xff, 0xff, 0xff,
    0xf5, 0x7f, 0xff, 0xfb, 0x88, 0x88, 0xff, 0xff,
    0x5d, 0xff, 0xf8, 0x0, 0x0, 0xf, 0xff, 0xf5,
    0xef, 0xff, 0x50, 0x0, 0x4, 0xff, 0xff, 0x5c,
    0xff, 0xfc, 0x20, 0x5, 0xef, 0xff, 0xf5, 0x6f,
    0xff, 0xff, 0xef, 0xff, 0xff, 0xff, 0x50, 0x9f,
    0xff, 0xff, 0xff, 0xcc, 0xff, 0xf5, 0x0, 0x4a,
    0xef, 0xec, 0x60, 0xcf, 0xff, 0x50,

    /* U+00E2 "â" */
    0x0, 0x0, 0xc, 0xff, 0xfd, 0x10, 0x0, 0x0,
    0x0, 0xb, 0xff, 0xff, 0xfc, 0x0, 0x0, 0x0,
    0xb, 0xff, 0xc1, 0xbf, 0xfb, 0x0, 0x0, 0xa,
    0xff, 0xa0, 0x0, 0x9f, 0xfb, 0x0, 0x0, 0x0,
    0x0, 0x0, 0x0, 0x0, 0x0, 0x0, 0x0, 0x0,
    0x0, 0x0, 0x0, 0x0, 0x0, 0x0, 0x27, 0xbe,
    0xff, 0xeb, 0x71, 0x0, 0x1, 0xbf, 0xff, 0xff,
    0xff, 0xff, 0xe5, 0x0, 0x1f, 0xff, 0xff, 0xff,
    0xff, 0xff, 0xf3, 0x0, 0x7f, 0xea, 0x76, 0x8c,
    0xff, 0xff, 0xc0, 0x0, 0x60, 0x0, 0x0, 0x9,
    0xff, 0xff, 0x10, 0x0, 0x0, 0x0, 0x0, 0x2f,
    0xff, 0xf4, 0x0, 0x49, 0xde, 0xff, 0xff, 0xff,
    0xff, 0x50, 0xaf, 0xff, 0xff, 0xff, 0xff, 0xff,
    0xf5, 0x7f, 0xff, 0xfb, 0x88, 0x88, 0xff, 0xff,
    0x5d, 0xff, 0xf8, 0x0, 0x0, 0xf, 0xff, 0xf5,
    0xef, 0xff, 0x50, 0x0, 0x4, 0xff, 0xff, 0x5c,
    0xff, 0xfc, 0x20, 0x5, 0xef, 0xff, 0xf5, 0x6f,
    0xff, 0xff, 0xef, 0xff, 0xff, 0xff, 0x50, 0x9f,
    0xff, 0xff, 0xff, 0xcc, 0xff, 0xf5, 0x0, 0x4a,
    0xef, 0xec, 0x60, 0xcf, 0xff, 0x50,

    /* U+00E3 "ã" */
    0x0, 0x4, 0xdf, 0xc2, 0x0, 0x3b, 0x90, 0x0,
    0x1, 0xff, 0xff, 0xf6, 0xb, 0xfb, 0x0, 0x0,
    0x8f, 0xf9, 0xcf, 0xff, 0xff, 0x60, 0x0, 0xb,
    0xf9, 0x0, 0x8f, 0xff, 0xc0, 0x0, 0x0, 0x57,
    0x20, 0x0, 0x36, 0x50, 0x0, 0x0, 0x0, 0x0,
    0x0, 0x0, 0x0, 0x0, 0x0, 0x0, 0x27, 0xbe,
    0xff, 0xeb, 0x71, 0x0, 0x1, 0xbf, 0xff, 0xff,
    0xff, 0xff, 0xe5, 0x0, 0x1f, 0xff, 0xff, 0xff,
    0xff, 0xff, 0xf3, 0x0, 0x7f, 0xea, 0x76, 0x8c,
    0xff, 0xff, 0xc0, 0x0, 0x60, 0x0, 0x0, 0x9,
    0xff, 0xff, 0x10, 0x0, 0x0, 0x0, 0x0, 0x2f,
    0xff, 0xf4, 0x0, 0x49, 0xde, 0xff, 0xff, 0xff,
    0xff, 0x50, 0xaf, 0xff, 0xff, 0xff, 0xff, 0xff,
    0xf5, 0x7f, 0xff, 0xfb, 0x88, 0x88, 0xff, 0xff,
    0x5d, 0xff, 0xf8, 0x0, 0x0, 0xf, 0xff, 0xf5,
    0xef, 0xff, 0x50, 0x0, 0x4, 0xff, 0xff, 0x5c,
    0xff, 0xfc, 0x20, 0x5, 0xef, 0xff, 0xf5, 0x6f,
    0xff, 0xff, 0xef, 0xff, 0xff, 0xff, 0x50, 0x9f,
    0xff, 0xff, 0xff, 0xcc, 0xff, 0xf5, 0x0, 0x4a,
    0xef, 0xec, 0x60, 0xcf, 0xff, 0x50,

    /* U+00E4 "ä" */
    0x0, 0x5, 0xb9, 0x0, 0x8, 0xb6, 0x0, 0x0,
    0x1, 0xff, 0xf7, 0x6, 0xff, 0xf2, 0x0, 0x0,
    0x2f, 0xff, 0x90, 0x7f, 0xff, 0x30, 0x0, 0x0,
    0x8f, 0xc1, 0x1, 0xcf, 0x90, 0x0, 0x0, 0x0,
    0x0, 0x0, 0x0, 0x0, 0x0, 0x0, 0x0, 0x0,
    0x0, 0x0, 0x0, 0x0, 0x0, 0x0, 0x27, 0xbe,
    0xff, 0xeb, 0x71, 0x0, 0x1, 0xbf, 0xff, 0xff,
    0xff, 0xff, 0xe5, 0x0, 0x1f, 0xff, 0xff, 0xff,
    0xff, 0xff, 0xf3, 0x0, 0x7f, 0xea, 0x76, 0x8c,
    0xff, 0xff, 0xc0, 0x0, 0x60, 0x0, 0x0, 0x9,
    0xff, 0xff, 0x10, 0x0, 0x0, 0x0, 0x0, 0x2f,
    0xff, 0xf4, 0x0, 0x49, 0xde, 0xff, 0xff, 0xff,
    0xff, 0x50, 0xaf, 0xff, 0xff, 0xff, 0xff, 0xff,
    0xf5, 0x7f, 0xff, 0xfb, 0x88, 0x88, 0xff, 0xff,
    0x5d, 0xff, 0xf8, 0x0, 0x0, 0xf, 0xff, 0xf5,
    0xef, 0xff, 0x50, 0x0, 0x4, 0xff, 0xff, 0x5c,
    0xff, 0xfc, 0x20, 0x5, 0xef, 0xff, 0xf5, 0x6f,
    0xff, 0xff, 0xef, 0xff, 0xff, 0xff, 0x50, 0x9f,
    0xff, 0xff, 0xff, 0xcc, 0xff, 0xf5, 0x0, 0x4a,
    0xef, 0xec, 0x60, 0xcf, 0xff, 0x50,

    /* U+00E5 "å" */
    0x0, 0x0, 0x5, 0xdf, 0xd6, 0x0, 0x0, 0x0,
    0x0, 0x5, 0xfe, 0xbe, 0xf6, 0x0, 0x0, 0x0,
    0x0, 0xcf, 0x10, 0x1f, 0xd0, 0x0, 0x0, 0x0,
    0xe, 0xe0, 0x0, 0xdf, 0x0, 0x0, 0x0, 0x0,
    0xbf, 0x60, 0x5f, 0xc0, 0x0, 0x0, 0x0, 0x2,
    0xef, 0xff, 0xe3, 0x0, 0x0, 0x0, 0x0, 0x1,
    0x7a, 0x71, 0x0, 0x0, 0x0, 0x0, 0x0, 0x0,
    0x0, 0x0, 0x0, 0x0, 0x0, 0x27, 0xbe, 0xff,
    0xeb, 0x71, 0x0, 0x1, 0xbf, 0xff, 0xff, 0xff,
    0xff, 0xe5, 0x0, 0x1f, 0xff, 0xff, 0xff, 0xff,
    0xff, 0xf3, 0x0, 0x7f, 0xea, 0x76, 0x8c, 0xff,
    0xff, 0xc0, 0x0, 0x60, 0x0, 0x0, 0x9, 0xff,
    0xff, 0x10, 0x0, 0x0, 0x0, 0x0, 0x2f, 0xff,
    0xf4, 0x0, 0x49, 0xde, 0xff, 0xff, 0xff, 0xff,
    0x50, 0xaf, 0xff, 0xff, 0xff, 0xff, 0xff, 0xf5,
    0x7f, 0xff, 0xfb, 0x88, 0x88, 0xff, 0xff, 0x5d,
    0xff, 0xf8, 0x0, 0x0, 0xf, 0xff, 0xf5, 0xef,
    0xff, 0x50, 0x0, 0x4, 0xff, 0xff, 0x5c, 0xff,
    0xfc, 0x20, 0x5, 0xef, 0xff, 0xf5, 0x6f, 0xff,
    0xff, 0xef, 0xff, 0xff, 0xff, 0x50, 0x9f, 0xff,
    0xff, 0xff, 0xcc, 0xff, 0xf5, 0x0, 0x4a, 0xef,
    0xec, 0x60, 0xcf, 0xff, 0x50,

    /* U+00E6 "æ" */
    0x0, 0x27, 0xbe, 0xff, 0xdb, 0x50, 0x0, 0x28,
    0xde, 0xfe, 0xa5, 0x0, 0x0, 0x1b, 0xff, 0xff,
    0xff, 0xff, 0xfc, 0x18, 0xff, 0xff, 0xff, 0xff,
    0xd2, 0x0, 0x1f, 0xff, 0xff, 0xff, 0xff, 0xff,
    0xff, 0xff, 0xff, 0xff, 0xff, 0xff, 0x30, 0x7,
    0xfe, 0xa7, 0x68, 0xcf, 0xff, 0xff, 0xff, 0xb7,
    0x7a, 0xff, 0xff, 0xd0, 0x0, 0x60, 0x0, 0x0,
    0x8, 0xff, 0xff, 0xf4, 0x0, 0x0, 0x2e, 0xff,
    0xf6, 0x0, 0x0, 0x0, 0x0, 0x2, 0xff, 0xff,
    0x90, 0x0, 0x0, 0x7, 0xff, 0xfb, 0x0, 0x39,
    0xde, 0xff, 0xff, 0xff, 0xff, 0xff, 0xff, 0xff,
    0xff, 0xff, 0xfe, 0xa, 0xff, 0xff, 0xff, 0xff,
    0xff, 0xff, 0xff, 0xff, 0xff, 0xff, 0xff, 0xff,
    0x7f, 0xff, 0xfb, 0x88, 0x88, 0xff, 0xff, 0xc8,
    0x88, 0x88, 0x88, 0x88, 0x87, 0xdf, 0xff, 0x80,
    0x0, 0x1, 0xff, 0xff, 0xd0, 0x0, 0x0, 0x0,
    0x0, 0x0, 0xff, 0xff, 0x50, 0x0, 0x5, 0xff,
    0xff, 0xf9, 0x0, 0x0, 0x3, 0xa1, 0x0, 0xcf,
    0xff, 0xd2, 0x0, 0x4e, 0xff, 0xff, 0xff, 0xe9,
    0x78, 0xbf, 0xfc, 0x0, 0x5f, 0xff, 0xff, 0xef,
    0xff, 0xff, 0xcf, 0xff, 0xff, 0xff, 0xff, 0xff,
    0x90, 0x7, 0xff, 0xff, 0xff, 0xff, 0xe3, 0x9,
    0xff, 0xff, 0xff, 0xff, 0xfb, 0x10, 0x0, 0x39,
    0xdf, 0xfe, 0xb7, 0x0, 0x0, 0x28, 0xce, 0xfe,
    0xd9, 0x30, 0x0,

    /* U+00E7 "ç" */
    0x0, 0x0, 0x3, 0x9c, 0xef, 0xdb, 0x60, 0x0,
    0x0, 0x0, 0x1b, 0xff, 0xff, 0xff, 0xff, 0xe3,
    0x0, 0x0, 0x2e, 0xff, 0xff, 0xff, 0xff, 0xff,
    0xf3, 0x0, 0xd, 0xff, 0xff, 0xe9, 0x8b, 0xff,
    0xff, 0xc0, 0x7, 0xff, 0xff, 0x90, 0x0, 0x4,
    0xff, 0x91, 0x0, 0xdf, 0xff, 0xc0, 0x0, 0x0,
    0x3, 0x10, 0x0, 0xf, 0xff, 0xf7, 0x0, 0x0,
    0x0, 0x0, 0x0, 0x1, 0xff, 0xff, 0x50, 0x0,
    0x0, 0x0, 0x0, 0x0, 0xf, 0xff, 0xf6, 0x0,
    0x0, 0x0, 0x0, 0x0, 0x0, 0xdf, 0xff, 0xc0,
    0x0, 0x0, 0x3, 0x0, 0x0, 0x8, 0xff, 0xff,
    0x80, 0x0, 0x3, 0xee, 0x70, 0x0, 0x1e, 0xff,
    0xff, 0xd8, 0x7a, 0xff, 0xff, 0xc0, 0x0, 0x2f,
    0xff, 0xff, 0xff, 0xff, 0xff, 0xf4, 0x0, 0x0,
    0x2c, 0xff, 0xff, 0xff, 0xff, 0xf5, 0x0, 0x0,
    0x0, 0x5, 0xbe, 0xff, 0xfd, 0x81, 0x0, 0x0,
    0x0, 0x0, 0x0, 0x8f, 0xd0, 0x0, 0x0, 0x0,
    0x0, 0x0, 0x0, 0xc, 0xfe, 0x91, 0x0, 0x0,
    0x0, 0x0, 0x0, 0x0, 0x67, 0xef, 0xd0, 0x0,
    0x0, 0x0, 0x0, 0x0, 0x30, 0x1d, 0xff, 0x0,
    0x0, 0x0, 0x0, 0x0, 0x4f, 0xff, 0xff, 0xb0,
    0x0, 0x0, 0x0, 0x0, 0x4, 0xcf, 0xfd, 0x70,
    0x0, 0x0, 0x0,

    /* U+00E8 "è" */
    0x0, 0x7, 0xff, 0xfe, 0x20, 0x0, 0x0, 0x0,
    0x0, 0x0, 0x4, 0xef, 0xfe, 0x20, 0x0, 0x0,
    0x0, 0x0, 0x0, 0x1, 0xcf, 0xfd, 0x10, 0x0,
    0x0, 0x0, 0x0, 0x0, 0x0, 0x9f, 0xfd, 0x10,
    0x0, 0x0, 0x0, 0x0, 0x0, 0x0, 0x0, 0x0,
    0x0, 0x0, 0x0, 0x0, 0x0, 0x0, 0x0, 0x0,
    0x0, 0x0, 0x0, 0x0, 0x0, 0x4, 0xad, 0xff,
    0xd9, 0x40, 0x0, 0x0, 0x0, 0x2c, 0xff, 0xff,
    0xff, 0xff, 0xb1, 0x0, 0x0, 0x3f, 0xff, 0xff,
    0xff, 0xff, 0xff, 0xe1, 0x0, 0x1e, 0xff, 0xfe,
    0x74, 0x48, 0xff, 0xff, 0xb0, 0x8, 0xff, 0xfe,
    0x10, 0x0, 0x2, 0xef, 0xff, 0x30, 0xdf, 0xff,
    0x60, 0x0, 0x0, 0x8, 0xff, 0xf8, 0xf, 0xff,
    0xff, 0xff, 0xff, 0xff, 0xff, 0xff, 0xb1, 0xff,
    0xff, 0xff, 0xff, 0xff, 0xff, 0xff, 0xfc, 0xf,
    0xff, 0xfb, 0x88, 0x88, 0x88, 0x88, 0x88, 0x50,
    0xdf, 0xff, 0xb0, 0x0, 0x0, 0x0, 0x0, 0x0,
    0x7, 0xff, 0xff, 0x80, 0x0, 0x0, 0x3a, 0x0,
    0x0, 0xd, 0xff, 0xff, 0xd8, 0x78, 0xcf, 0xfa,
    0x0, 0x0, 0x2e, 0xff, 0xff, 0xff, 0xff, 0xff,
    0xf7, 0x0, 0x0, 0x1b, 0xff, 0xff, 0xff, 0xff,
    0xf9, 0x0, 0x0, 0x0, 0x3, 0x9c, 0xef, 0xec,
    0x82, 0x0, 0x0,

    /* U+00E9 "é" */
    0x0, 0x0, 0x0, 0x0, 0x6, 0xff, 0xfe, 0x30,
    0x0, 0x0, 0x0, 0x0, 0x5, 0xff, 0xfc, 0x10,
    0x0, 0x0, 0x0, 0x0, 0x4, 0xff, 0xf9, 0x0,
    0x0, 0x0, 0x0, 0x0, 0x4, 0xff, 0xf6, 0x0,
    0x0, 0x0, 0x0, 0x0, 0x0, 0x0, 0x0, 0x0,
    0x0, 0x0, 0x0, 0x0, 0x0, 0x0, 0x0, 0x0,
    0x0, 0x0, 0x0, 0x0, 0x0, 0x4, 0xad, 0xff,
    0xd9, 0x40, 0x0, 0x0, 0x0, 0x2c, 0xff, 0xff,
    0xff, 0xff, 0xb1, 0x0, 0x0, 0x3f, 0xff, 0xff,
    0xff, 0xff, 0xff, 0xe1, 0x0, 0x1e, 0xff, 0xfe,
    0x74, 0x48, 0xff, 0xff, 0xb0, 0x8, 0xff, 0xfe,
    0x10, 0x0, 0x2, 0xef, 0xff, 0x30, 0xdf, 0xff,
    0x60, 0x0, 0x0, 0x8, 0xff, 0xf8, 0xf, 0xff,
    0xff, 0xff, 0xff, 0xff, 0xff, 0xff, 0xb1, 0xff,
    0xff, 0xff, 0xff, 0xff, 0xff, 0xff, 0xfc, 0xf,
    0xff, 0xfb, 0x88, 0x88, 0x88, 0x88, 0x88, 0x50,
    0xdf, 0xff, 0xb0, 0x0, 0x0, 0x0, 0x0, 0x0,
    0x7, 0xff, 0xff, 0x80, 0x0, 0x0, 0x3a, 0x0,
    0x0, 0xd, 0xff, 0xff, 0xd8, 0x78, 0xcf, 0xfa,
    0x0, 0x0, 0x2e, 0xff, 0xff, 0xff, 0xff, 0xff,
    0xf7, 0x0, 0x0, 0x1b, 0xff, 0xff, 0xff, 0xff,
    0xf9, 0x0, 0x0, 0x0, 0x3, 0x9c, 0xef, 0xec,
    0x82, 0x0, 0x0,

    /* U+00EA "ê" */
    0x0, 0x0, 0x0, 0x8f, 0xff, 0xf4, 0x0, 0x0,
    0x0, 0x0, 0x0, 0x7f, 0xff, 0xff, 0xf3, 0x0,
    0x0, 0x0, 0x0, 0x6f, 0xfe, 0x37, 0xff, 0xe2,
    0x0, 0x0, 0x0, 0x5f, 0xfd, 0x20, 0x5, 0xff,
    0xe1, 0x0, 0x0, 0x0, 0x0, 0x0, 0x0, 0x0,
    0x0, 0x0, 0x0, 0x0, 0x0, 0x0, 0x0, 0x0,
    0x0, 0x0, 0x0, 0x0, 0x0, 0x4, 0xad, 0xff,
    0xd9, 0x40, 0x0, 0x0, 0x0, 0x2c, 0xff, 0xff,
    0xff, 0xff, 0xb1, 0x0, 0x0, 0x3f, 0xff, 0xff,
    0xff, 0xff, 0xff, 0xe1, 0x0, 0x1e, 0xff, 0xfe,
    0x74, 0x48, 0xff, 0xff, 0xb0, 0x8, 0xff, 0xfe,
    0x10, 0x0, 0x2, 0xef, 0xff, 0x30, 0xdf, 0xff,
    0x60, 0x0, 0x0, 0x8, 0xff, 0xf8, 0xf, 0xff,
    0xff, 0xff, 0xff, 0xff, 0xff, 0xff, 0xb1, 0xff,
    0xff, 0xff, 0xff, 0xff, 0xff, 0xff, 0xfc, 0xf,
    0xff, 0xfb, 0x88, 0x88, 0x88, 0x88, 0x88, 0x50,
    0xdf, 0xff, 0xb0, 0x0, 0x0, 0x0, 0x0, 0x0,
    0x7, 0xff, 0xff, 0x80, 0x0, 0x0, 0x3a, 0x0,
    0x0, 0xd, 0xff, 0xff, 0xd8, 0x78, 0xcf, 0xfa,
    0x0, 0x0, 0x2e, 0xff, 0xff, 0xff, 0xff, 0xff,
    0xf7, 0x0, 0x0, 0x1b, 0xff, 0xff, 0xff, 0xff,
    0xf9, 0x0, 0x0, 0x0, 0x3, 0x9c, 0xef, 0xec,
    0x82, 0x0, 0x0,

    /* U+00EB "ë" */
    0x0, 0x0, 0x2a, 0xa2, 0x0, 0x5b, 0x80, 0x0,
    0x0, 0x0, 0xc, 0xff, 0xc0, 0x1f, 0xff, 0x70,
    0x0, 0x0, 0x0, 0xdf, 0xfe, 0x2, 0xff, 0xf8,
    0x0, 0x0, 0x0, 0x4, 0xee, 0x50, 0x9, 0xfc,
    0x10, 0x0, 0x0, 0x0, 0x0, 0x0, 0x0, 0x0,
    0x0, 0x0, 0x0, 0x0, 0x0, 0x0, 0x0, 0x0,
    0x0, 0x0, 0x0, 0x0, 0x0, 0x4, 0xad, 0xff,
    0xd9, 0x40, 0x0, 0x0, 0x0, 0x2c, 0xff, 0xff,
    0xff, 0xff, 0xb1, 0x0, 0x0, 0x3f, 0xff, 0xff,
    0xff, 0xff, 0xff, 0xe1, 0x0, 0x1e, 0xff, 0xfe,
    0x74, 0x48, 0xff, 0xff, 0xb0, 0x8, 0xff, 0xfe,
    0x10, 0x0, 0x2, 0xef, 0xff, 0x30, 0xdf, 0xff,
    0x60, 0x0, 0x0, 0x8, 0xff, 0xf8, 0xf, 0xff,
    0xff, 0xff, 0xff, 0xff, 0xff, 0xff, 0xb1, 0xff,
    0xff, 0xff, 0xff, 0xff, 0xff, 0xff, 0xfc, 0xf,
    0xff, 0xfb, 0x88, 0x88, 0x88, 0x88, 0x88, 0x50,
    0xdf, 0xff, 0xb0, 0x0, 0x0, 0x0, 0x0, 0x0,
    0x7, 0xff, 0xff, 0x80, 0x0, 0x0, 0x3a, 0x0,
    0x0, 0xd, 0xff, 0xff, 0xd8, 0x78, 0xcf, 0xfa,
    0x0, 0x0, 0x2e, 0xff, 0xff, 0xff, 0xff, 0xff,
    0xf7, 0x0, 0x0, 0x1b, 0xff, 0xff, 0xff, 0xff,
    0xf9, 0x0, 0x0, 0x0, 0x3, 0x9c, 0xef, 0xec,
    0x82, 0x0, 0x0,

    /* U+00EC "ì" */
    0x38, 0x88, 0x71, 0x0, 0x0, 0x7f, 0xff, 0xd1,
    0x0, 0x0, 0x4e, 0xff, 0xc0, 0x0, 0x0, 0x2c,
    0xff, 0xc0, 0x0, 0x0, 0x7, 0x88, 0x40, 0x0,
    0x0, 0x0, 0x0, 0x0, 0x0, 0xff, 0xff, 0x60,
    0x0, 0xf, 0xff, 0xf6, 0x0, 0x0, 0xff, 0xff,
    0x60, 0x0, 0xf, 0xff, 0xf6, 0x0, 0x0, 0xff,
    0xff, 0x60, 0x0, 0xf, 0xff, 0xf6, 0x0, 0x0,
    0xff, 0xff, 0x60, 0x0, 0xf, 0xff, 0xf6, 0x0,
    0x0, 0xff, 0xff, 0x60, 0x0, 0xf, 0xff, 0xf6,
    0x0, 0x0, 0xff, 0xff, 0x60, 0x0, 0xf, 0xff,
    0xf6, 0x0, 0x0, 0xff, 0xff, 0x60, 0x0, 0xf,
    0xff, 0xf6, 0x0, 0x0, 0xff, 0xff, 0x60,

    /* U+00ED "í" */
    0x0, 0x0, 0x68, 0x88, 0x60, 0x0, 0x8, 0xff,
    0xfc, 0x10, 0x0, 0x7f, 0xff, 0x90, 0x0, 0x6,
    0xff, 0xf5, 0x0, 0x0, 0x7, 0x88, 0x30, 0x0,
    0x0, 0x0, 0x0, 0x0, 0x0, 0x0, 0xf, 0xff,
    0xf6, 0x0, 0x0, 0xf, 0xff, 0xf6, 0x0, 0x0,
    0xf, 0xff, 0xf6, 0x0, 0x0, 0xf, 0xff, 0xf6,
    0x0, 0x0, 0xf, 0xff, 0xf6, 0x0, 0x0, 0xf,
    0xff, 0xf6, 0x0, 0x0, 0xf, 0xff, 0xf6, 0x0,
    0x0, 0xf, 0xff, 0xf6, 0x0, 0x0, 0xf, 0xff,
    0xf6, 0x0, 0x0, 0xf, 0xff, 0xf6, 0x0, 0x0,
    0xf, 0xff, 0xf6, 0x0, 0x0, 0xf, 0xff, 0xf6,
    0x0, 0x0, 0xf, 0xff, 0xf6, 0x0, 0x0, 0xf,
    0xff, 0xf6, 0x0, 0x0, 0xf, 0xff, 0xf6, 0x0,
    0x0,

    /* U+00EE "î" */
    0x0, 0x6, 0x88, 0x82, 0x0, 0x0, 0x7, 0xff,
    0xff, 0xc0, 0x0, 0x3, 0xff, 0xfd, 0xff, 0x90,
    0x1, 0xef, 0xf5, 0x1d, 0xff, 0x50, 0x48, 0x84,
    0x0, 0x17, 0x87, 0x0, 0x0, 0x0, 0x0, 0x0,
    0x0, 0x0, 0xf, 0xff, 0xf6, 0x0, 0x0, 0x0,
    0xff, 0xff, 0x60, 0x0, 0x0, 0xf, 0xff, 0xf6,
    0x0, 0x0, 0x0, 0xff, 0xff, 0x60, 0x0, 0x0,
    0xf, 0xff, 0xf6, 0x0, 0x0, 0x0, 0xff, 0xff,
    0x60, 0x0, 0x0, 0xf, 0xff, 0xf6, 0x0, 0x0,
    0x0, 0xff, 0xff, 0x60, 0x0, 0x0, 0xf, 0xff,
    0xf6, 0x0, 0x0, 0x0, 0xff, 0xff, 0x60, 0x0,
    0x0, 0xf, 0xff, 0xf6, 0x0, 0x0, 0x0, 0xff,
    0xff, 0x60, 0x0, 0x0, 0xf, 0xff, 0xf6, 0x0,
    0x0, 0x0, 0xff, 0xff, 0x60, 0x0, 0x0, 0xf,
    0xff, 0xf6, 0x0, 0x0,

    /* U+00EF "ï" */
    0x2a, 0x91, 0x6, 0xb6, 0xc, 0xff, 0x93, 0xff,
    0xf2, 0xdf, 0xfa, 0x4f, 0xff, 0x35, 0xed, 0x30,
    0xaf, 0xa0, 0x0, 0x0, 0x0, 0x0, 0x0, 0x0,
    0x0, 0x0, 0x0, 0x0, 0xff, 0xff, 0x60, 0x0,
    0xf, 0xff, 0xf6, 0x0, 0x0, 0xff, 0xff, 0x60,
    0x0, 0xf, 0xff, 0xf6, 0x0, 0x0, 0xff, 0xff,
    0x60, 0x0, 0xf, 0xff, 0xf6, 0x0, 0x0, 0xff,
    0xff, 0x60, 0x0, 0xf, 0xff, 0xf6, 0x0, 0x0,
    0xff, 0xff, 0x60, 0x0, 0xf, 0xff, 0xf6, 0x0,
    0x0, 0xff, 0xff, 0x60, 0x0, 0xf, 0xff, 0xf6,
    0x0, 0x0, 0xff, 0xff, 0x60, 0x0, 0xf, 0xff,
    0xf6, 0x0, 0x0, 0xff, 0xff, 0x60, 0x0,

    /* U+00F0 "ð" */
    0x0, 0x0, 0x2, 0x20, 0x0, 0x0, 0x0, 0x0,
    0x0, 0x0, 0x7, 0xff, 0xa2, 0x0, 0x4, 0xb2,
    0x0, 0x0, 0x7, 0xff, 0xff, 0xf7, 0x5d, 0xff,
    0x90, 0x0, 0x0, 0x2, 0xaf, 0xff, 0xff, 0xfe,
    0x71, 0x0, 0x0, 0x0, 0x2, 0xcf, 0xff, 0xff,
    0x10, 0x0, 0x0, 0x0, 0x3a, 0xff, 0xfe, 0xff,
    0xfc, 0x0, 0x0, 0x0, 0x2f, 0xff, 0xa3, 0xb,
    0xff, 0xfb, 0x0, 0x0, 0x0, 0x98, 0x10, 0x0,
    0xc, 0xff, 0xf5, 0x0, 0x0, 0x0, 0x0, 0x0,
    0x0, 0x2f, 0xff, 0xe0, 0x0, 0x0, 0x29, 0xdf,
    0xfd, 0x92, 0xaf, 0xff, 0x50, 0x0, 0x7f, 0xff,
    0xff, 0xff, 0xfb, 0xff, 0xfa, 0x0, 0x5f, 0xff,
    0xff, 0xff, 0xff, 0xff, 0xff, 0xe0, 0xd, 0xff,
    0xfe, 0x61, 0x3, 0xcf, 0xff, 0xff, 0x2, 0xff,
    0xff, 0x40, 0x0, 0x0, 0xdf, 0xff, 0xf0, 0x4f,
    0xff, 0xf0, 0x0, 0x0, 0x9, 0xff, 0xff, 0x3,
    0xff, 0xff, 0x0, 0x0, 0x0, 0xaf, 0xff, 0xc0,
    0x1f, 0xff, 0xf7, 0x0, 0x0, 0x3f, 0xff, 0xf7,
    0x0, 0xaf, 0xff, 0xfa, 0x66, 0x9f, 0xff, 0xfe,
    0x10, 0x2, 0xef, 0xff, 0xff, 0xff, 0xff, 0xff,
    0x30, 0x0, 0x3, 0xdf, 0xff, 0xff, 0xff, 0xfd,
    0x30, 0x0, 0x0, 0x0, 0x5b, 0xdf, 0xfd, 0xa5,
    0x0, 0x0, 0x0,

    /* U+00F1 "ñ" */
    0x0, 0x2, 0xcf, 0xd4, 0x0, 0x1b, 0xb0, 0x0,
    0x0, 0xd, 0xff, 0xff, 0x80, 0x8f, 0xf0, 0x0,
    0x0, 0x4f, 0xfa, 0xbf, 0xff, 0xff, 0x90, 0x0,
    0x0, 0x7f, 0xc0, 0x6, 0xff, 0xfe, 0x10, 0x0,
    0x0, 0x47, 0x40, 0x0, 0x26, 0x50, 0x0, 0x0,
    0x0, 0x0, 0x0, 0x0, 0x0, 0x0, 0x0, 0x0,
    0xff, 0xff, 0x32, 0x8d, 0xef, 0xd9, 0x30, 0x0,
    0xff, 0xff, 0xaf, 0xff, 0xff, 0xff, 0xf7, 0x0,
    0xff, 0xff, 0xff, 0xff, 0xff, 0xff, 0xff, 0x50,
    0xff, 0xff, 0xff, 0xc8, 0x9d, 0xff, 0xff, 0xd0,
    0xff, 0xff, 0xf7, 0x0, 0x0, 0xbf, 0xff, 0xf2,
    0xff, 0xff, 0xc0, 0x0, 0x0, 0x3f, 0xff, 0xf5,
    0xff, 0xff, 0x70, 0x0, 0x0, 0xf, 0xff, 0xf6,
    0xff, 0xff, 0x60, 0x0, 0x0, 0xf, 0xff, 0xf6,
    0xff, 0xff, 0x60, 0x0, 0x0, 0xf, 0xff, 0xf6,
    0xff, 0xff, 0x60, 0x0, 0x0, 0xf, 0xff, 0xf6,
    0xff, 0xff, 0x60, 0x0, 0x0, 0xf, 0xff, 0xf6,
    0xff, 0xff, 0x60, 0x0, 0x0, 0xf, 0xff, 0xf6,
    0xff, 0xff, 0x60, 0x0, 0x0, 0xf, 0xff, 0xf6,
    0xff, 0xff, 0x60, 0x0, 0x0, 0xf, 0xff, 0xf6,
    0xff, 0xff, 0x60, 0x0, 0x0, 0xf, 0xff, 0xf6,

    /* U+00F2 "ò" */
    0x0, 0x4, 0xef, 0xff, 0x50, 0x0, 0x0, 0x0,
    0x0, 0x0, 0x0, 0x1c, 0xff, 0xf5, 0x0, 0x0,
    0x0, 0x0, 0x0, 0x0, 0x0, 0x9f, 0xff, 0x40,
    0x0, 0x0, 0x0, 0x0, 0x0, 0x0, 0x6, 0xff,
    0xf3, 0x0, 0x0, 0x0, 0x0, 0x0, 0x0, 0x0,
    0x0, 0x0, 0x0, 0x0, 0x0, 0x0, 0x0, 0x0,
    0x0, 0x0, 0x0, 0x0, 0x0, 0x0, 0x0, 0x0,
    0x4, 0x9d, 0xef, 0xdb, 0x60, 0x0, 0x0, 0x0,
    0x2, 0xcf, 0xff, 0xff, 0xff, 0xfe, 0x50, 0x0,
    0x0, 0x2e, 0xff, 0xff, 0xff, 0xff, 0xff, 0xf7,
    0x0, 0x0, 0xdf, 0xff, 0xfe, 0x98, 0xcf, 0xff,
    0xff, 0x40, 0x7, 0xff, 0xff, 0x90, 0x0, 0x4,
    0xff, 0xff, 0xd0, 0xd, 0xff, 0xfc, 0x0, 0x0,
    0x0, 0x7f, 0xff, 0xf2, 0xf, 0xff, 0xf7, 0x0,
    0x0, 0x0, 0x1f, 0xff, 0xf5, 0x1f, 0xff, 0xf5,
    0x0, 0x0, 0x0, 0xf, 0xff, 0xf6, 0xf, 0xff,
    0xf7, 0x0, 0x0, 0x0, 0x1f, 0xff, 0xf5, 0xd,
    0xff, 0xfc, 0x0, 0x0, 0x0, 0x7f, 0xff, 0xf2,
    0x7, 0xff, 0xff, 0x90, 0x0, 0x4, 0xff, 0xff,
    0xc0, 0x0, 0xdf, 0xff, 0xfd, 0x98, 0xbf, 0xff,
    0xff, 0x40, 0x0, 0x2e, 0xff, 0xff, 0xff, 0xff,
    0xff, 0xf6, 0x0, 0x0, 0x1, 0xbf, 0xff, 0xff,
    0xff, 0xfe, 0x40, 0x0, 0x0, 0x0, 0x3, 0x9d,
    0xef, 0xdb, 0x50, 0x0, 0x0,

    /* U+00F3 "ó" */
    0x0, 0x0, 0x0, 0x0, 0x2, 0xef, 0xff, 0x70,
    0x0, 0x0, 0x0, 0x0, 0x0, 0x2e, 0xff, 0xe4,
    0x0, 0x0, 0x0, 0x0, 0x0, 0x1, 0xef, 0xfc,
    0x10, 0x0, 0x0, 0x0, 0x0, 0x0, 0x1d, 0xff,
    0x90, 0x0, 0x0, 0x0, 0x0, 0x0, 0x0, 0x0,
    0x0, 0x0, 0x0, 0x0, 0x0, 0x0, 0x0, 0x0,
    0x0, 0x0, 0x0, 0x0, 0x0, 0x0, 0x0, 0x0,
    0x4, 0x9d, 0xef, 0xdb, 0x60, 0x0, 0x0, 0x0,
    0x2, 0xcf, 0xff, 0xff, 0xff, 0xfe, 0x50, 0x0,
    0x0, 0x2e, 0xff, 0xff, 0xff, 0xff, 0xff, 0xf7,
    0x0, 0x0, 0xdf, 0xff, 0xfe, 0x98, 0xcf, 0xff,
    0xff, 0x40, 0x7, 0xff, 0xff, 0x90, 0x0, 0x4,
    0xff, 0xff, 0xd0, 0xd, 0xff, 0xfc, 0x0, 0x0,
    0x0, 0x7f, 0xff, 0xf2, 0xf, 0xff, 0xf7, 0x0,
    0x0, 0x0, 0x1f, 0xff, 0xf5, 0x1f, 0xff, 0xf5,
    0x0, 0x0, 0x0, 0xf, 0xff, 0xf6, 0xf, 0xff,
    0xf7, 0x0, 0x0, 0x0, 0x1f, 0xff, 0xf5, 0xd,
    0xff, 0xfc, 0x0, 0x0, 0x0, 0x7f, 0xff, 0xf2,
    0x7, 0xff, 0xff, 0x90, 0x0, 0x4, 0xff, 0xff,
    0xc0, 0x0, 0xdf, 0xff, 0xfd, 0x98, 0xbf, 0xff,
    0xff, 0x40, 0x0, 0x2e, 0xff, 0xff, 0xff, 0xff,
    0xff, 0xf6, 0x0, 0x0, 0x1, 0xbf, 0xff, 0xff,
    0xff, 0xfe, 0x40, 0x0, 0x0, 0x0, 0x3, 0x9d,
    0xef, 0xdb, 0x50, 0x0, 0x0,

    /* U+00F4 "ô" */
    0x0, 0x0, 0x0, 0x4f, 0xff, 0xf8, 0x0, 0x0,
    0x0, 0x0, 0x0, 0x3, 0xff, 0xff, 0xff, 0x70,
    0x0, 0x0, 0x0, 0x0, 0x2e, 0xff, 0x63, 0xef,
    0xf5, 0x0, 0x0, 0x0, 0x2, 0xef, 0xf4, 0x0,
    0x2d, 0xff, 0x40, 0x0, 0x0, 0x0, 0x0, 0x0,
    0x0, 0x0, 0x0, 0x0, 0x0, 0x0, 0x0, 0x0,
    0x0, 0x0, 0x0, 0x0, 0x0, 0x0, 0x0, 0x0,
    0x4, 0x9d, 0xef, 0xdb, 0x60, 0x0, 0x0, 0x0,
    0x2, 0xcf, 0xff, 0xff, 0xff, 0xfe, 0x50, 0x0,
    0x0, 0x2e, 0xff, 0xff, 0xff, 0xff, 0xff, 0xf7,
    0x0, 0x0, 0xdf, 0xff, 0xfe, 0x98, 0xcf, 0xff,
    0xff, 0x40, 0x7, 0xff, 0xff, 0x90, 0x0, 0x4,
    0xff, 0xff, 0xd0, 0xd, 0xff, 0xfc, 0x0, 0x0,
    0x0, 0x7f, 0xff, 0xf2, 0xf, 0xff, 0xf7, 0x0,
    0x0, 0x0, 0x1f, 0xff, 0xf5, 0x1f, 0xff, 0xf5,
    0x0, 0x0, 0x0, 0xf, 0xff, 0xf6, 0xf, 0xff,
    0xf7, 0x0, 0x0, 0x0, 0x1f, 0xff, 0xf5, 0xd,
    0xff, 0xfc, 0x0, 0x0, 0x0, 0x7f, 0xff, 0xf2,
    0x7, 0xff, 0xff, 0x90, 0x0, 0x4, 0xff, 0xff,
    0xc0, 0x0, 0xdf, 0xff, 0xfd, 0x98, 0xbf, 0xff,
    0xff, 0x40, 0x0, 0x2e, 0xff, 0xff, 0xff, 0xff,
    0xff, 0xf6, 0x0, 0x0, 0x1, 0xbf, 0xff, 0xff,
    0xff, 0xfe, 0x40, 0x0, 0x0, 0x0, 0x3, 0x9d,
    0xef, 0xdb, 0x50, 0x0, 0x0,

    /* U+00F5 "õ" */
    0x0, 0x0, 0x8, 0xee, 0x80, 0x0, 0x8b, 0x40,
    0x0, 0x0, 0x0, 0x7f, 0xff, 0xfc, 0x23, 0xff,
    0x50, 0x0, 0x0, 0x0, 0xef, 0xd8, 0xff, 0xff,
    0xff, 0x10, 0x0, 0x0, 0x1, 0xff, 0x20, 0x2d,
    0xff, 0xf6, 0x0, 0x0, 0x0, 0x1, 0x77, 0x0,
    0x0, 0x56, 0x20, 0x0, 0x0, 0x0, 0x0, 0x0,
    0x0, 0x0, 0x0, 0x0, 0x0, 0x0, 0x0, 0x0,
    0x4, 0x9d, 0xef, 0xdb, 0x60, 0x0, 0x0, 0x0,
    0x2, 0xcf, 0xff, 0xff, 0xff, 0xfe, 0x50, 0x0,
    0x0, 0x2e, 0xff, 0xff, 0xff, 0xff, 0xff, 0xf7,
    0x0, 0x0, 0xdf, 0xff, 0xfe, 0x98, 0xcf, 0xff,
    0xff, 0x40, 0x7, 0xff, 0xff, 0x90, 0x0, 0x4,
    0xff, 0xff, 0xd0, 0xd, 0xff, 0xfc, 0x0, 0x0,
    0x0, 0x7f, 0xff, 0xf2, 0xf, 0xff, 0xf7, 0x0,
    0x0, 0x0, 0x1f, 0xff, 0xf5, 0x1f, 0xff, 0xf5,
    0x0, 0x0, 0x0, 0xf, 0xff, 0xf6, 0xf, 0xff,
    0xf7, 0x0, 0x0, 0x0, 0x1f, 0xff, 0xf5, 0xd,
    0xff, 0xfc, 0x0, 0x0, 0x0, 0x7f, 0xff, 0xf2,
    0x7, 0xff, 0xff, 0x90, 0x0, 0x4, 0xff, 0xff,
    0xc0, 0x0, 0xdf, 0xff, 0xfd, 0x98, 0xbf, 0xff,
    0xff, 0x40, 0x0, 0x2e, 0xff, 0xff, 0xff, 0xff,
    0xff, 0xf6, 0x0, 0x0, 0x1, 0xbf, 0xff, 0xff,
    0xff, 0xfe, 0x40, 0x0, 0x0, 0x0, 0x3, 0x9d,
    0xef, 0xdb, 0x50, 0x0, 0x0,

    /* U+00F6 "ö" */
    0x0, 0x0, 0x9, 0xb5, 0x0, 0x2b, 0xa2, 0x0,
    0x0, 0x0, 0x0, 0x8f, 0xff, 0x10, 0xdf, 0xfc,
    0x0, 0x0, 0x0, 0x0, 0x9f, 0xff, 0x20, 0xef,
    0xfd, 0x0, 0x0, 0x0, 0x0, 0x2c, 0xf8, 0x0,
    0x5e, 0xe4, 0x0, 0x0, 0x0, 0x0, 0x0, 0x0,
    0x0, 0x0, 0x0, 0x0, 0x0, 0x0, 0x0, 0x0,
    0x0, 0x0, 0x0, 0x0, 0x0, 0x0, 0x0, 0x0,
    0x4, 0x9d, 0xef, 0xdb, 0x60, 0x0, 0x0, 0x0,
    0x2, 0xcf, 0xff, 0xff, 0xff, 0xfe, 0x50, 0x0,
    0x0, 0x2e, 0xff, 0xff, 0xff, 0xff, 0xff, 0xf7,
    0x0, 0x0, 0xdf, 0xff, 0xfe, 0x98, 0xcf, 0xff,
    0xff, 0x40, 0x7, 0xff, 0xff, 0x90, 0x0, 0x4,
    0xff, 0xff, 0xd0, 0xd, 0xff, 0xfc, 0x0, 0x0,
    0x0, 0x7f, 0xff, 0xf2, 0xf, 0xff, 0xf7, 0x0,
    0x0, 0x0, 0x1f, 0xff, 0xf5, 0x1f, 0xff, 0xf5,
    0x0, 0x0, 0x0, 0xf, 0xff, 0xf6, 0xf, 0xff,
    0xf7, 0x0, 0x0, 0x0, 0x1f, 0xff, 0xf5, 0xd,
    0xff, 0xfc, 0x0, 0x0, 0x0, 0x7f, 0xff, 0xf2,
    0x7, 0xff, 0xff, 0x90, 0x0, 0x4, 0xff, 0xff,
    0xc0, 0x0, 0xdf, 0xff, 0xfd, 0x98, 0xbf, 0xff,
    0xff, 0x40, 0x0, 0x2e, 0xff, 0xff, 0xff, 0xff,
    0xff, 0xf6, 0x0, 0x0, 0x1, 0xbf, 0xff, 0xff,
    0xff, 0xfe, 0x40, 0x0, 0x0, 0x0, 0x3, 0x9d,
    0xef, 0xdb, 0x50, 0x0, 0x0,

    /* U+00F7 "÷" */
    0x0, 0x0, 0x2, 0xcf, 0xb1, 0x0, 0x0, 0x0,
    0x0, 0x0, 0xcf, 0xff, 0x80, 0x0, 0x0, 0x0,
    0x0, 0xd, 0xff, 0xfa, 0x0, 0x0, 0x0, 0x0,
    0x0, 0x8f, 0xff, 0x50, 0x0, 0x0, 0x0, 0x0,
    0x0, 0x58, 0x30, 0x0, 0x0, 0x0, 0x0, 0x0,
    0x0, 0x0, 0x0, 0x0, 0x0, 0x15, 0x55, 0x55,
    0x55, 0x55, 0x55, 0x55, 0x4, 0xff, 0xff, 0xff,
    0xff, 0xff, 0xff, 0xf1, 0x4f, 0xff, 0xff, 0xff,
    0xff, 0xff, 0xff, 0x14, 0xff, 0xff, 0xff, 0xff,
    0xff, 0xff, 0xf1, 0x0, 0x0, 0x0, 0x0, 0x0,
    0x0, 0x0, 0x0, 0x0, 0x0, 0x5, 0x84, 0x0,
    0x0, 0x0, 0x0, 0x0, 0x8, 0xff, 0xf5, 0x0,
    0x0, 0x0, 0x0, 0x0, 0xdf, 0xff, 0xa0, 0x0,
    0x0, 0x0, 0x0, 0xb, 0xff, 0xf8, 0x0, 0x0,
    0x0, 0x0, 0x0, 0x2c, 0xfb, 0x0, 0x0, 0x0,

    /* U+00F8 "ø" */
    0x0, 0x0, 0x0, 0x0, 0x0, 0x0, 0x38, 0x70,
    0x0, 0x0, 0x0, 0x0, 0x0, 0x0, 0x0, 0xcf,
    0x80, 0x0, 0x0, 0x0, 0x4, 0x9d, 0xef, 0xec,
    0xff, 0x10, 0x0, 0x0, 0x2, 0xcf, 0xff, 0xff,
    0xff, 0xff, 0x50, 0x0, 0x0, 0x2e, 0xff, 0xff,
    0xff, 0xff, 0xff, 0xf7, 0x0, 0x0, 0xdf, 0xff,
    0xfe, 0x99, 0xff, 0xff, 0xff, 0x40, 0x7, 0xff,
    0xff, 0x90, 0x6, 0xfe, 0xff, 0xff, 0xd0, 0xd,
    0xff, 0xfc, 0x0, 0xe, 0xf6, 0x7f, 0xff, 0xf2,
    0xf, 0xff, 0xf7, 0x0, 0x7f, 0xd0, 0x1f, 0xff,
    0xf5, 0x1f, 0xff, 0xf5, 0x1, 0xff, 0x40, 0xf,
    0xff, 0xf6, 0xf, 0xff, 0xf6, 0x8, 0xfb, 0x0,
    0x1f, 0xff, 0xf5, 0xd, 0xff, 0xfb, 0x1f, 0xf3,
    0x0, 0x7f, 0xff, 0xf2, 0x7, 0xff, 0xff, 0xdf,
    0xa0, 0x4, 0xff, 0xff, 0xc0, 0x0, 0xdf, 0xff,
    0xff, 0xb8, 0xbf, 0xff, 0xff, 0x40, 0x0, 0x2e,
    0xff, 0xff, 0xff, 0xff, 0xff, 0xf6, 0x0, 0x0,
    0x1, 0xcf, 0xff, 0xff, 0xff, 0xfe, 0x40, 0x0,
    0x0, 0x0, 0xcf, 0xcd, 0xff, 0xdb, 0x50, 0x0,
    0x0, 0x0, 0x4, 0xff, 0x10, 0x0, 0x0, 0x0,
    0x0, 0x0, 0x0, 0xc, 0xf8, 0x0, 0x0, 0x0,
    0x0, 0x0, 0x0,

    /* U+00F9 "ù" */
    0x0, 0xb, 0xff, 0xfb, 0x0, 0x0, 0x0, 0x0,
    0x0, 0x0, 0x7, 0xff, 0xfb, 0x0, 0x0, 0x0,
    0x0, 0x0, 0x0, 0x4, 0xef, 0xfa, 0x0, 0x0,
    0x0, 0x0, 0x0, 0x0, 0x2, 0xdf, 0xf9, 0x0,
    0x0, 0x0, 0x0, 0x0, 0x0, 0x0, 0x0, 0x0,
    0x0, 0x0, 0x0, 0x0, 0x0, 0x0, 0x0, 0x0,
    0x0, 0x0, 0x0, 0x1f, 0xff, 0xf4, 0x0, 0x0,
    0x2, 0xff, 0xff, 0x31, 0xff, 0xff, 0x40, 0x0,
    0x0, 0x2f, 0xff, 0xf3, 0x1f, 0xff, 0xf4, 0x0,
    0x0, 0x2, 0xff, 0xff, 0x31, 0xff, 0xff, 0x40,
    0x0, 0x0, 0x2f, 0xff, 0xf3, 0x1f, 0xff, 0xf4,
    0x0, 0x0, 0x2, 0xff, 0xff, 0x31, 0xff, 0xff,
    0x40, 0x0, 0x0, 0x2f, 0xff, 0xf3, 0x1f, 0xff,
    0xf4, 0x0, 0x0, 0x2, 0xff, 0xff, 0x31, 0xff,
    0xff, 0x40, 0x0, 0x0, 0x3f, 0xff, 0xf3, 0xf,
    0xff, 0xf6, 0x0, 0x0, 0x4, 0xff, 0xff, 0x30,
    0xff, 0xff, 0x90, 0x0, 0x0, 0xaf, 0xff, 0xf3,
    0xc, 0xff, 0xff, 0x40, 0x0, 0x6f, 0xff, 0xff,
    0x30, 0x7f, 0xff, 0xff, 0xdb, 0xef, 0xff, 0xff,
    0xf3, 0x1, 0xef, 0xff, 0xff, 0xff, 0xff, 0xff,
    0xff, 0x30, 0x3, 0xdf, 0xff, 0xff, 0xff, 0x8f,
    0xff, 0xf3, 0x0, 0x0, 0x7c, 0xef, 0xda, 0x30,
    0xff, 0xff, 0x30,

    /* U+00FA "ú" */
    0x0, 0x0, 0x0, 0x0, 0xa, 0xff, 0xfc, 0x10,
    0x0, 0x0, 0x0, 0x0, 0xa, 0xff, 0xf9, 0x0,
    0x0, 0x0, 0x0, 0x0, 0x9, 0xff, 0xf5, 0x0,
    0x0, 0x0, 0x0, 0x0, 0x8, 0xff, 0xd2, 0x0,
    0x0, 0x0, 0x0, 0x0, 0x0, 0x0, 0x0, 0x0,
    0x0, 0x0, 0x0, 0x0, 0x0, 0x0, 0x0, 0x0,
    0x0, 0x0, 0x0, 0x1f, 0xff, 0xf4, 0x0, 0x0,
    0x2, 0xff, 0xff, 0x31, 0xff, 0xff, 0x40, 0x0,
    0x0, 0x2f, 0xff, 0xf3, 0x1f, 0xff, 0xf4, 0x0,
    0x0, 0x2, 0xff, 0xff, 0x31, 0xff, 0xff, 0x40,
    0x0, 0x0, 0x2f, 0xff, 0xf3, 0x1f, 0xff, 0xf4,
    0x0, 0x0, 0x2, 0xff, 0xff, 0x31, 0xff, 0xff,
    0x40, 0x0, 0x0, 0x2f, 0xff, 0xf3, 0x1f, 0xff,
    0xf4, 0x0, 0x0, 0x2, 0xff, 0xff, 0x31, 0xff,
    0xff, 0x40, 0x0, 0x0, 0x3f, 0xff, 0xf3, 0xf,
    0xff, 0xf6, 0x0, 0x0, 0x4, 0xff, 0xff, 0x30,
    0xff, 0xff, 0x90, 0x0, 0x0, 0xaf, 0xff, 0xf3,
    0xc, 0xff, 0xff, 0x40, 0x0, 0x6f, 0xff, 0xff,
    0x30, 0x7f, 0xff, 0xff, 0xdb, 0xef, 0xff, 0xff,
    0xf3, 0x1, 0xef, 0xff, 0xff, 0xff, 0xff, 0xff,
    0xff, 0x30, 0x3, 0xdf, 0xff, 0xff, 0xff, 0x8f,
    0xff, 0xf3, 0x0, 0x0, 0x7c, 0xef, 0xda, 0x30,
    0xff, 0xff, 0x30,

    /* U+00FB "û" */
    0x0, 0x0, 0x0, 0xcf, 0xff, 0xd1, 0x0, 0x0,
    0x0, 0x0, 0x0, 0xbf, 0xff, 0xff, 0xc0, 0x0,
    0x0, 0x0, 0x0, 0xaf, 0xfc, 0x1b, 0xff, 0xc0,
    0x0, 0x0, 0x0, 0x9f, 0xfa, 0x0, 0x9, 0xff,
    0xb0, 0x0, 0x0, 0x0, 0x0, 0x0, 0x0, 0x0,
    0x0, 0x0, 0x0, 0x0, 0x0, 0x0, 0x0, 0x0,
    0x0, 0x0, 0x0, 0x1f, 0xff, 0xf4, 0x0, 0x0,
    0x2, 0xff, 0xff, 0x31, 0xff, 0xff, 0x40, 0x0,
    0x0, 0x2f, 0xff, 0xf3, 0x1f, 0xff, 0xf4, 0x0,
    0x0, 0x2, 0xff, 0xff, 0x31, 0xff, 0xff, 0x40,
    0x0, 0x0, 0x2f, 0xff, 0xf3, 0x1f, 0xff, 0xf4,
    0x0, 0x0, 0x2, 0xff, 0xff, 0x31, 0xff, 0xff,
    0x40, 0x0, 0x0, 0x2f, 0xff, 0xf3, 0x1f, 0xff,
    0xf4, 0x0, 0x0, 0x2, 0xff, 0xff, 0x31, 0xff,
    0xff, 0x40, 0x0, 0x0, 0x3f, 0xff, 0xf3, 0xf,
    0xff, 0xf6, 0x0, 0x0, 0x4, 0xff, 0xff, 0x30,
    0xff, 0xff, 0x90, 0x0, 0x0, 0xaf, 0xff, 0xf3,
    0xc, 0xff, 0xff, 0x40, 0x0, 0x6f, 0xff, 0xff,
    0x30, 0x7f, 0xff, 0xff, 0xdb, 0xef, 0xff, 0xff,
    0xf3, 0x1, 0xef, 0xff, 0xff, 0xff, 0xff, 0xff,
    0xff, 0x30, 0x3, 0xdf, 0xff, 0xff, 0xff, 0x8f,
    0xff, 0xf3, 0x0, 0x0, 0x7c, 0xef, 0xda, 0x30,
    0xff, 0xff, 0x30,

    /* U+00FC "ü" */
    0x0, 0x0, 0x5b, 0x90, 0x0, 0x8b, 0x60, 0x0,
    0x0, 0x0, 0x1f, 0xff, 0x80, 0x6f, 0xff, 0x30,
    0x0, 0x0, 0x2, 0xff, 0xf9, 0x7, 0xff, 0xf4,
    0x0, 0x0, 0x0, 0x8, 0xfc, 0x20, 0x1c, 0xf9,
    0x0, 0x0, 0x0, 0x0, 0x0, 0x0, 0x0, 0x0,
    0x0, 0x0, 0x0, 0x0, 0x0, 0x0, 0x0, 0x0,
    0x0, 0x0, 0x0, 0x1f, 0xff, 0xf4, 0x0, 0x0,
    0x2, 0xff, 0xff, 0x31, 0xff, 0xff, 0x40, 0x0,
    0x0, 0x2f, 0xff, 0xf3, 0x1f, 0xff, 0xf4, 0x0,
    0x0, 0x2, 0xff, 0xff, 0x31, 0xff, 0xff, 0x40,
    0x0, 0x0, 0x2f, 0xff, 0xf3, 0x1f, 0xff, 0xf4,
    0x0, 0x0, 0x2, 0xff, 0xff, 0x31, 0xff, 0xff,
    0x40, 0x0, 0x0, 0x2f, 0xff, 0xf3, 0x1f, 0xff,
    0xf4, 0x0, 0x0, 0x2, 0xff, 0xff, 0x31, 0xff,
    0xff, 0x40, 0x0, 0x0, 0x3f, 0xff, 0xf3, 0xf,
    0xff, 0xf6, 0x0, 0x0, 0x4, 0xff, 0xff, 0x30,
    0xff, 0xff, 0x90, 0x0, 0x0, 0xaf, 0xff, 0xf3,
    0xc, 0xff, 0xff, 0x40, 0x0, 0x6f, 0xff, 0xff,
    0x30, 0x7f, 0xff, 0xff, 0xdb, 0xef, 0xff, 0xff,
    0xf3, 0x1, 0xef, 0xff, 0xff, 0xff, 0xff, 0xff,
    0xff, 0x30, 0x3, 0xdf, 0xff, 0xff, 0xff, 0x8f,
    0xff, 0xf3, 0x0, 0x0, 0x7c, 0xef, 0xda, 0x30,
    0xff, 0xff, 0x30,

    /* U+00FD "ý" */
    0x0, 0x0, 0x0, 0x0, 0x3, 0xff, 0xff, 0x60,
    0x0, 0x0, 0x0, 0x0, 0x0, 0x2e, 0xff, 0xe3,
    0x0, 0x0, 0x0, 0x0, 0x0, 0x2, 0xef, 0xfb,
    0x10, 0x0, 0x0, 0x0, 0x0, 0x0, 0x1e, 0xff,
    0x80, 0x0, 0x0, 0x0, 0x0, 0x0, 0x0, 0x0,
    0x0, 0x0, 0x0, 0x0, 0x0, 0x0, 0x0, 0x0,
    0x0, 0x0, 0x0, 0x0, 0x0, 0x0, 0xf, 0xff,
    0xf7, 0x0, 0x0, 0x0, 0x7, 0xff, 0xfb, 0x8,
    0xff, 0xfe, 0x0, 0x0, 0x0, 0xd, 0xff, 0xf4,
    0x1, 0xff, 0xff, 0x50, 0x0, 0x0, 0x5f, 0xff,
    0xd0, 0x0, 0xaf, 0xff, 0xc0, 0x0, 0x0, 0xbf,
    0xff, 0x60, 0x0, 0x3f, 0xff, 0xf3, 0x0, 0x2,
    0xff, 0xfe, 0x0, 0x0, 0xc, 0xff, 0xfa, 0x0,
    0x9, 0xff, 0xf8, 0x0, 0x0, 0x5, 0xff, 0xff,
    0x10, 0x1f, 0xff, 0xf1, 0x0, 0x0, 0x0, 0xdf,
    0xff, 0x80, 0x7f, 0xff, 0xa0, 0x0, 0x0, 0x0,
    0x6f, 0xff, 0xe0, 0xef, 0xff, 0x30, 0x0, 0x0,
    0x0, 0xe, 0xff, 0xfb, 0xff, 0xfc, 0x0, 0x0,
    0x0, 0x0, 0x8, 0xff, 0xff, 0xff, 0xf5, 0x0,
    0x0, 0x0, 0x0, 0x1, 0xff, 0xff, 0xff, 0xe0,
    0x0, 0x0, 0x0, 0x0, 0x0, 0xaf, 0xff, 0xff,
    0x70, 0x0, 0x0, 0x0, 0x0, 0x0, 0x3f, 0xff,
    0xff, 0x0, 0x0, 0x0, 0x0, 0x0, 0x0, 0xd,
    0xff, 0xf9, 0x0, 0x0, 0x0, 0x0, 0x20, 0x0,
    0x3f, 0xff, 0xf2, 0x0, 0x0, 0x0, 0x2, 0xfb,
    0x89, 0xff, 0xff, 0xa0, 0x0, 0x0, 0x0, 0xa,
    0xff, 0xff, 0xff, 0xfe, 0x10, 0x0, 0x0, 0x0,
    0x1f, 0xff, 0xff, 0xff, 0xe3, 0x0, 0x0, 0x0,
    0x0, 0x2, 0x9d, 0xff, 0xd8, 0x10, 0x0, 0x0,
    0x0, 0x0,

    /* U+00FE "þ" */
    0xbb, 0xbb, 0x40, 0x0, 0x0, 0x0, 0x0, 0x0,
    0xf, 0xff, 0xf6, 0x0, 0x0, 0x0, 0x0, 0x0,
    0x0, 0xff, 0xff, 0x60, 0x0, 0x0, 0x0, 0x0,
    0x0, 0xf, 0xff, 0xf6, 0x0, 0x0, 0x0, 0x0,
    0x0, 0x0, 0xff, 0xff, 0x60, 0x0, 0x0, 0x0,
    0x0, 0x0, 0xf, 0xff, 0xf6, 0x0, 0x0, 0x0,
    0x0, 0x0, 0x0, 0xff, 0xff, 0x62, 0x9d, 0xfe,
    0xd8, 0x20, 0x0, 0xf, 0xff, 0xfb, 0xff, 0xff,
    0xff, 0xff, 0x80, 0x0, 0xff, 0xff, 0xff, 0xff,
    0xff, 0xff, 0xff, 0x90, 0xf, 0xff, 0xff, 0xfe,
    0x98, 0xcf, 0xff, 0xff, 0x50, 0xff, 0xff, 0xf9,
    0x0, 0x0, 0x4f, 0xff, 0xfc, 0xf, 0xff, 0xfc,
    0x0, 0x0, 0x0, 0x7f, 0xff, 0xf2, 0xff, 0xff,
    0x70, 0x0, 0x0, 0x2, 0xff, 0xff, 0x4f, 0xff,
    0xf5, 0x0, 0x0, 0x0, 0xf, 0xff, 0xf6, 0xff,
    0xff, 0x70, 0x0, 0x0, 0x2, 0xff, 0xff, 0x4f,
    0xff, 0xfc, 0x0, 0x0, 0x0, 0x7f, 0xff, 0xf2,
    0xff, 0xff, 0xf8, 0x0, 0x0, 0x4f, 0xff, 0xfd,
    0xf, 0xff, 0xff, 0xfd, 0x98, 0xcf, 0xff, 0xff,
    0x50, 0xff, 0xff, 0xff, 0xff, 0xff, 0xff, 0xff,
    0xa0, 0xf, 0xff, 0xfa, 0xff, 0xff, 0xff, 0xff,
    0x80, 0x0, 0xff, 0xff, 0x61, 0x8d, 0xfe, 0xd8,
    0x20, 0x0, 0xf, 0xff, 0xf6, 0x0, 0x0, 0x0,
    0x0, 0x0, 0x0, 0xff, 0xff, 0x60, 0x0, 0x0,
    0x0, 0x0, 0x0, 0xf, 0xff, 0xf6, 0x0, 0x0,
    0x0, 0x0, 0x0, 0x0, 0xff, 0xff, 0x60, 0x0,
    0x0, 0x0, 0x0, 0x0, 0xf, 0xff, 0xf6, 0x0,
    0x0, 0x0, 0x0, 0x0, 0x0,

    /* U+00FF "ÿ" */
    0x0, 0x0, 0x2d, 0xf7, 0x0, 0x6e, 0xd3, 0x0,
    0x0, 0x0, 0x0, 0xaf, 0xff, 0x10, 0xff, 0xfc,
    0x0, 0x0, 0x0, 0x0, 0x9f, 0xff, 0x0, 0xef,
    0xfb, 0x0, 0x0, 0x0, 0x0, 0x19, 0xb4, 0x0,
    0x3b, 0xa1, 0x0, 0x0, 0x0, 0x0, 0x0, 0x0,
    0x0, 0x0, 0x0, 0x0, 0x0, 0x0, 0x0, 0x0,
    0x0, 0x0, 0x0, 0x0, 0x0, 0x0, 0xf, 0xff,
    0xf7, 0x0, 0x0, 0x0, 0x7, 0xff, 0xfb, 0x8,
    0xff, 0xfe, 0x0, 0x0, 0x0, 0xd, 0xff, 0xf4,
    0x1, 0xff, 0xff, 0x50, 0x0, 0x0, 0x5f, 0xff,
    0xd0, 0x0, 0xaf, 0xff, 0xc0, 0x0, 0x0, 0xbf,
    0xff, 0x60, 0x0, 0x3f, 0xff, 0xf3, 0x0, 0x2,
    0xff, 0xfe, 0x0, 0x0, 0xc, 0xff, 0xfa, 0x0,
    0x9, 0xff, 0xf8, 0x0, 0x0, 0x5, 0xff, 0xff,
    0x10, 0x1f, 0xff, 0xf1, 0x0, 0x0, 0x0, 0xdf,
    0xff, 0x80, 0x7f, 0xff, 0xa0, 0x0, 0x0, 0x0,
    0x6f, 0xff, 0xe0, 0xef, 0xff, 0x30, 0x0, 0x0,
    0x0, 0xe, 0xff, 0xfb, 0xff, 0xfc, 0x0, 0x0,
    0x0, 0x0, 0x8, 0xff, 0xff, 0xff, 0xf5, 0x0,
    0x0, 0x0, 0x0, 0x1, 0xff, 0xff, 0xff, 0xe0,
    0x0, 0x0, 0x0, 0x0, 0x0, 0xaf, 0xff, 0xff,
    0x70, 0x0, 0x0, 0x0, 0x0, 0x0, 0x3f, 0xff,
    0xff, 0x0, 0x0, 0x0, 0x0, 0x0, 0x0, 0xd,
    0xff, 0xf9, 0x0, 0x0, 0x0, 0x0, 0x20, 0x0,
    0x3f, 0xff, 0xf2, 0x0, 0x0, 0x0, 0x2, 0xfb,
    0x89, 0xff, 0xff, 0xa0, 0x0, 0x0, 0x0, 0xa,
    0xff, 0xff, 0xff, 0xfe, 0x10, 0x0, 0x0, 0x0,
    0x1f, 0xff, 0xff, 0xff, 0xe3, 0x0, 0x0, 0x0,
    0x0, 0x2, 0x9d, 0xff, 0xd8, 0x10, 0x0, 0x0,
    0x0, 0x0,

    /* U+010C "Č" */
    0x0, 0x0, 0x3, 0x33, 0x0, 0x0, 0x3, 0x33,
    0x0, 0x0, 0x0, 0x0, 0x6f, 0xfd, 0x20, 0x1c,
    0xff, 0x80, 0x0, 0x0, 0x0, 0x0, 0x7f, 0xfe,
    0x5d, 0xff, 0x90, 0x0, 0x0, 0x0, 0x0, 0x0,
    0x9f, 0xff, 0xff, 0xa0, 0x0, 0x0, 0x0, 0x0,
    0x0, 0x0, 0x9c, 0xcc, 0xa0, 0x0, 0x0, 0x0,
    0x0, 0x0, 0x0, 0x0, 0x0, 0x0, 0x0, 0x0,
    0x0, 0x0, 0x0, 0x0, 0x27, 0xbd, 0xed, 0xc9,
    0x40, 0x0, 0x0, 0x0, 0x2, 0xbf, 0xff, 0xff,
    0xff, 0xff, 0xe6, 0x0, 0x0, 0x5, 0xff, 0xff,
    0xff, 0xff, 0xff, 0xff, 0xfa, 0x0, 0x5, 0xff,
    0xff, 0xff, 0xff, 0xff, 0xff, 0xff, 0xf8, 0x3,
    0xff, 0xff, 0xfd, 0x51, 0x0, 0x27, 0xef, 0xfb,
    0x0, 0xcf, 0xff, 0xfa, 0x0, 0x0, 0x0, 0x1,
    0xca, 0x0, 0x3f, 0xff, 0xfc, 0x0, 0x0, 0x0,
    0x0, 0x0, 0x0, 0x8, 0xff, 0xff, 0x30, 0x0,
    0x0, 0x0, 0x0, 0x0, 0x0, 0xbf, 0xff, 0xe0,
    0x0, 0x0, 0x0, 0x0, 0x0, 0x0, 0xd, 0xff,
    0xfb, 0x0, 0x0, 0x0, 0x0, 0x0, 0x0, 0x0,
    0xef, 0xff, 0xb0, 0x0, 0x0, 0x0, 0x0, 0x0,
    0x0, 0xc, 0xff, 0xfd, 0x0, 0x0, 0x0, 0x0,
    0x0, 0x0, 0x0, 0xaf, 0xff, 0xf1, 0x0, 0x0,
    0x0, 0x0, 0x0, 0x0, 0x5, 0xff, 0xff, 0x80,
    0x0, 0x0, 0x0, 0x0, 0x0, 0x0, 0xe, 0xff,
    0xff, 0x40, 0x0, 0x0, 0x0, 0x7, 0x40, 0x0,
    0x6f, 0xff, 0xff, 0x70, 0x0, 0x0, 0x1a, 0xff,
    0x50, 0x0, 0xbf, 0xff, 0xff, 0xeb, 0x99, 0xbf,
    0xff, 0xff, 0x60, 0x0, 0xcf, 0xff, 0xff, 0xff,
    0xff, 0xff, 0xff, 0xe3, 0x0, 0x0, 0x8f, 0xff,
    0xff, 0xff, 0xff, 0xff, 0xc2, 0x0, 0x0, 0x0,
    0x29, 0xef, 0xff, 0xff, 0xfb, 0x50, 0x0, 0x0,
    0x0, 0x0, 0x0, 0x23, 0x54, 0x20, 0x0, 0x0,
    0x0,

    /* U+010D "č" */
    0x0, 0x0, 0x0, 0x0, 0x0, 0x0, 0x0, 0x0,
    0x0, 0x0, 0x4f, 0xfe, 0x30, 0x4, 0xff, 0xe2,
    0x0, 0x0, 0x0, 0x5f, 0xff, 0x46, 0xff, 0xf3,
    0x0, 0x0, 0x0, 0x0, 0x6f, 0xff, 0xff, 0xf3,
    0x0, 0x0, 0x0, 0x0, 0x0, 0x7f, 0xff, 0xf5,
    0x0, 0x0, 0x0, 0x0, 0x0, 0x0, 0x0, 0x0,
    0x0, 0x0, 0x0, 0x0, 0x0, 0x0, 0x1, 0x33,
    0x20, 0x0, 0x0, 0x0, 0x0, 0x1, 0x7d, 0xff,
    0xff, 0xfa, 0x30, 0x0, 0x0, 0x4, 0xef, 0xff,
    0xff, 0xff, 0xff, 0x70, 0x0, 0x4, 0xff, 0xff,
    0xff, 0xff, 0xff, 0xff, 0x50, 0x1, 0xef, 0xff,
    0xfb, 0x65, 0x8e, 0xff, 0xfc, 0x0, 0x8f, 0xff,
    0xf6, 0x0, 0x0, 0x2e, 0xe6, 0x0, 0xd, 0xff,
    0xfb, 0x0, 0x0, 0x0, 0x20, 0x0, 0x0, 0xff,
    0xff, 0x60, 0x0, 0x0, 0x0, 0x0, 0x0, 0x1f,
    0xff, 0xf5, 0x0, 0x0, 0x0, 0x0, 0x0, 0x0,
    0xff, 0xff, 0x60, 0x0, 0x0, 0x0, 0x0, 0x0,
    0xd, 0xff, 0xfc, 0x0, 0x0, 0x0, 0x20, 0x0,
    0x0, 0x8f, 0xff, 0xf7, 0x0, 0x0, 0x2e, 0xe6,
    0x0, 0x1, 0xef, 0xff, 0xfc, 0x76, 0x9f, 0xff,
    0xfc, 0x0, 0x3, 0xff, 0xff, 0xff, 0xff, 0xff,
    0xff, 0x50, 0x0, 0x3, 0xdf, 0xff, 0xff, 0xff,
    0xff, 0x60, 0x0, 0x0, 0x0, 0x6c, 0xff, 0xff,
    0xf9, 0x20, 0x0, 0x0, 0x0, 0x0, 0x0, 0x23,
    0x10, 0x0, 0x0, 0x0,

    /* U+011A "Ě" */
    0x0, 0x33, 0x31, 0x0, 0x0, 0x33, 0x30, 0x0,
    0x0, 0x4f, 0xfe, 0x30, 0xa, 0xff, 0xa0, 0x0,
    0x0, 0x5, 0xff, 0xf6, 0xcf, 0xfb, 0x0, 0x0,
    0x0, 0x0, 0x6f, 0xff, 0xff, 0xc0, 0x0, 0x0,
    0x0, 0x0, 0x7, 0xcc, 0xcb, 0x10, 0x0, 0x0,
    0x0, 0x0, 0x0, 0x0, 0x0, 0x0, 0x0, 0x0,
    0x69, 0x99, 0x99, 0x99, 0x99, 0x99, 0x99, 0x91,
    0xaf, 0xff, 0xff, 0xff, 0xff, 0xff, 0xff, 0xf2,
    0xaf, 0xff, 0xff, 0xff, 0xff, 0xff, 0xff, 0xf2,
    0xaf, 0xff, 0xff, 0xff, 0xff, 0xff, 0xff, 0xf2,
    0xaf, 0xff, 0xd0, 0x0, 0x0, 0x0, 0x0, 0x0,
    0xaf, 0xff, 0xd0, 0x0, 0x0, 0x0, 0x0, 0x0,
    0xaf, 0xff, 0xd0, 0x0, 0x0, 0x0, 0x0, 0x0,
    0xaf, 0xff, 0xd0, 0x0, 0x0, 0x0, 0x0, 0x0,
    0xaf, 0xff, 0xfb, 0xbb, 0xbb, 0xbb, 0xba, 0x0,
    0xaf, 0xff, 0xff, 0xff, 0xff, 0xff, 0xff, 0x0,
    0xaf, 0xff, 0xff, 0xff, 0xff, 0xff, 0xff, 0x0,
    0xaf, 0xff, 0xfd, 0xdd, 0xdd, 0xdd, 0xdc, 0x0,
    0xaf, 0xff, 0xd0, 0x0, 0x0, 0x0, 0x0, 0x0,
    0xaf, 0xff, 0xd0, 0x0, 0x0, 0x0, 0x0, 0x0,
    0xaf, 0xff, 0xd0, 0x0, 0x0, 0x0, 0x0, 0x0,
    0xaf, 0xff, 0xd0, 0x0, 0x0, 0x0, 0x0, 0x0,
    0xaf, 0xff, 0xfa, 0xaa, 0xaa, 0xaa, 0xaa, 0xa5,
    0xaf, 0xff, 0xff, 0xff, 0xff, 0xff, 0xff, 0xf8,
    0xaf, 0xff, 0xff, 0xff, 0xff, 0xff, 0xff, 0xf8,
    0xaf, 0xff, 0xff, 0xff, 0xff, 0xff, 0xff, 0xf8,

    /* U+011B "ě" */
    0x0, 0x0, 0x0, 0x0, 0x0, 0x0, 0x0, 0x0,
    0x0, 0x0, 0x4f, 0xfd, 0x20, 0x5, 0xff, 0xe1,
    0x0, 0x0, 0x0, 0x6f, 0xfe, 0x37, 0xff, 0xe2,
    0x0, 0x0, 0x0, 0x0, 0x7f, 0xff, 0xff, 0xf3,
    0x0, 0x0, 0x0, 0x0, 0x0, 0x8f, 0xff, 0xf4,
    0x0, 0x0, 0x0, 0x0, 0x0, 0x0, 0x0, 0x0,
    0x0, 0x0, 0x0, 0x0, 0x0, 0x0, 0x1, 0x33,
    0x10, 0x0, 0x0, 0x0, 0x0, 0x1, 0x8e, 0xff,
    0xff, 0xd7, 0x0, 0x0, 0x0, 0x5, 0xef, 0xff,
    0xff, 0xff, 0xfd, 0x30, 0x0, 0x4, 0xff, 0xff,
    0xff, 0xff, 0xff, 0xfe, 0x20, 0x1, 0xff, 0xff,
    0xd4, 0x11, 0x5e, 0xff, 0xfc, 0x0, 0x8f, 0xff,
    0xd0, 0x0, 0x0, 0x1e, 0xff, 0xf4, 0xd, 0xff,
    0xf7, 0x0, 0x0, 0x0, 0x8f, 0xff, 0x80, 0xff,
    0xff, 0xed, 0xdd, 0xdd, 0xde, 0xff, 0xfb, 0x1f,
    0xff, 0xff, 0xff, 0xff, 0xff, 0xff, 0xff, 0xc0,
    0xff, 0xff, 0xcb, 0xbb, 0xbb, 0xbb, 0xbb, 0xb8,
    0xd, 0xff, 0xf9, 0x0, 0x0, 0x0, 0x0, 0x0,
    0x0, 0x8f, 0xff, 0xf5, 0x0, 0x0, 0x1, 0x70,
    0x0, 0x1, 0xef, 0xff, 0xfb, 0x64, 0x59, 0xff,
    0x80, 0x0, 0x3, 0xff, 0xff, 0xff, 0xff, 0xff,
    0xff, 0x60, 0x0, 0x3, 0xdf, 0xff, 0xff, 0xff,
    0xff, 0xc1, 0x0, 0x0, 0x0, 0x6c, 0xff, 0xff,
    0xfc, 0x60, 0x0, 0x0, 0x0, 0x0, 0x0, 0x13,
    0x20, 0x0, 0x0, 0x0,

    /* U+0148 "ň" */
    0x0, 0x0, 0x0, 0x0, 0x0, 0x0, 0x0, 0x0,
    0x0, 0x6f, 0xfd, 0x10, 0x6, 0xff, 0xd1, 0x0,
    0x0, 0x7, 0xff, 0xe3, 0x9f, 0xfd, 0x10, 0x0,
    0x0, 0x0, 0x9f, 0xff, 0xff, 0xe2, 0x0, 0x0,
    0x0, 0x0, 0xa, 0xff, 0xff, 0x30, 0x0, 0x0,
    0x0, 0x0, 0x0, 0x0, 0x0, 0x0, 0x0, 0x0,
    0x1, 0x11, 0x0, 0x1, 0x33, 0x20, 0x0, 0x0,
    0xff, 0xff, 0x34, 0xcf, 0xff, 0xfd, 0x70, 0x0,
    0xff, 0xff, 0xbf, 0xff, 0xff, 0xff, 0xfb, 0x0,
    0xff, 0xff, 0xff, 0xff, 0xff, 0xff, 0xff, 0x70,
    0xff, 0xff, 0xff, 0xc8, 0x9d, 0xff, 0xff, 0xe0,
    0xff, 0xff, 0xf7, 0x0, 0x0, 0xbf, 0xff, 0xf3,
    0xff, 0xff, 0xc0, 0x0, 0x0, 0x3f, 0xff, 0xf5,
    0xff, 0xff, 0x70, 0x0, 0x0, 0xf, 0xff, 0xf6,
    0xff, 0xff, 0x60, 0x0, 0x0, 0xf, 0xff, 0xf6,
    0xff, 0xff, 0x60, 0x0, 0x0, 0xf, 0xff, 0xf6,
    0xff, 0xff, 0x60, 0x0, 0x0, 0xf, 0xff, 0xf6,
    0xff, 0xff, 0x60, 0x0, 0x0, 0xf, 0xff, 0xf6,
    0xff, 0xff, 0x60, 0x0, 0x0, 0xf, 0xff, 0xf6,
    0xff, 0xff, 0x60, 0x0, 0x0, 0xf, 0xff, 0xf6,
    0xff, 0xff, 0x60, 0x0, 0x0, 0xf, 0xff, 0xf6,
    0xff, 0xff, 0x60, 0x0, 0x0, 0xf, 0xff, 0xf6,

    /* U+0158 "Ř" */
    0x0, 0x13, 0x33, 0x0, 0x0, 0x13, 0x32, 0x0,
    0x0, 0x0, 0xb, 0xff, 0xa0, 0x3, 0xef, 0xf3,
    0x0, 0x0, 0x0, 0x0, 0xcf, 0xfb, 0x6f, 0xff,
    0x40, 0x0, 0x0, 0x0, 0x0, 0xd, 0xff, 0xff,
    0xf6, 0x0, 0x0, 0x0, 0x0, 0x0, 0x1, 0xbc,
    0xcc, 0x70, 0x0, 0x0, 0x0, 0x0, 0x0, 0x0,
    0x0, 0x0, 0x0, 0x0, 0x0, 0x0, 0x69, 0x99,
    0x99, 0x99, 0x98, 0x74, 0x10, 0x0, 0x0, 0xaf,
    0xff, 0xff, 0xff, 0xff, 0xff, 0xfa, 0x10, 0x0,
    0xaf, 0xff, 0xff, 0xff, 0xff, 0xff, 0xff, 0xf4,
    0x0, 0xaf, 0xff, 0xff, 0xff, 0xff, 0xff, 0xff,
    0xff, 0x20, 0xaf, 0xff, 0xd1, 0x11, 0x12, 0x6d,
    0xff, 0xff, 0xb0, 0xaf, 0xff, 0xd0, 0x0, 0x0,
    0x0, 0xdf, 0xff, 0xf0, 0xaf, 0xff, 0xd0, 0x0,
    0x0, 0x0, 0x6f, 0xff, 0xf3, 0xaf, 0xff, 0xd0,
    0x0, 0x0, 0x0, 0x4f, 0xff, 0xf4, 0xaf, 0xff,
    0xd0, 0x0, 0x0, 0x0, 0x6f, 0xff, 0xf3, 0xaf,
    0xff, 0xd0, 0x0, 0x0, 0x0, 0xdf, 0xff, 0xf1,
    0xaf, 0xff, 0xd1, 0x11, 0x12, 0x5d, 0xff, 0xff,
    0xa0, 0xaf, 0xff, 0xff, 0xff, 0xff, 0xff, 0xff,
    0xfe, 0x20, 0xaf, 0xff, 0xff, 0xff, 0xff, 0xff,
    0xff, 0xe3, 0x0, 0xaf, 0xff, 0xff, 0xff, 0xff,
    0xff, 0xfb, 0x10, 0x0, 0xaf, 0xff, 0xe8, 0x88,
    0x8e, 0xff, 0xfd, 0x0, 0x0, 0xaf, 0xff, 0xd0,
    0x0, 0x5, 0xff, 0xff, 0x80, 0x0, 0xaf, 0xff,
    0xd0, 0x0, 0x0, 0xaf, 0xff, 0xf3, 0x0, 0xaf,
    0xff, 0xd0, 0x0, 0x0, 0xe, 0xff, 0xfe, 0x0,
    0xaf, 0xff, 0xd0, 0x0, 0x0, 0x4, 0xff, 0xff,
    0xa0, 0xaf, 0xff, 0xd0, 0x0, 0x0, 0x0, 0x9f,
    0xff, 0xf5,

    /* U+0159 "ř" */
    0x0, 0x0, 0x0, 0x0, 0x0, 0x0, 0x7f, 0xfc,
    0x10, 0x7, 0xff, 0xc0, 0x8, 0xff, 0xd2, 0x9f,
    0xfd, 0x10, 0x0, 0x9f, 0xff, 0xff, 0xe1, 0x0,
    0x0, 0xa, 0xff, 0xfe, 0x20, 0x0, 0x0, 0x0,
    0x0, 0x0, 0x0, 0x0, 0x0, 0x11, 0x10, 0x0,
    0x13, 0x10, 0xf, 0xff, 0xf3, 0x4b, 0xff, 0x60,
    0xf, 0xff, 0xf9, 0xff, 0xff, 0x60, 0xf, 0xff,
    0xff, 0xff, 0xff, 0x60, 0xf, 0xff, 0xff, 0xff,
    0xcb, 0x40, 0xf, 0xff, 0xff, 0xb1, 0x0, 0x0,
    0xf, 0xff, 0xfe, 0x0, 0x0, 0x0, 0xf, 0xff,
    0xf8, 0x0, 0x0, 0x0, 0xf, 0xff, 0xf6, 0x0,
    0x0, 0x0, 0xf, 0xff, 0xf6, 0x0, 0x0, 0x0,
    0xf, 0xff, 0xf6, 0x0, 0x0, 0x0, 0xf, 0xff,
    0xf6, 0x0, 0x0, 0x0, 0xf, 0xff, 0xf6, 0x0,
    0x0, 0x0, 0xf, 0xff, 0xf6, 0x0, 0x0, 0x0,
    0xf, 0xff, 0xf6, 0x0, 0x0, 0x0, 0xf, 0xff,
    0xf6, 0x0, 0x0, 0x0,

    /* U+0161 "š" */
    0x0, 0x0, 0x0, 0x0, 0x0, 0x0, 0x0, 0x0,
    0xc, 0xff, 0x70, 0x1, 0xcf, 0xf7, 0x0, 0x0,
    0x1d, 0xff, 0x92, 0xdf, 0xf8, 0x0, 0x0, 0x0,
    0x1e, 0xff, 0xff, 0xf9, 0x0, 0x0, 0x0, 0x0,
    0x2e, 0xff, 0xfa, 0x0, 0x0, 0x0, 0x0, 0x0,
    0x0, 0x0, 0x0, 0x0, 0x0, 0x0, 0x0, 0x0,
    0x23, 0x32, 0x0, 0x0, 0x0, 0x0, 0x4b, 0xff,
    0xff, 0xff, 0xc8, 0x10, 0x0, 0xaf, 0xff, 0xff,
    0xff, 0xff, 0xf7, 0x0, 0x7f, 0xff, 0xff, 0xff,
    0xff, 0xff, 0x0, 0xe, 0xff, 0xfa, 0x20, 0x13,
    0x6c, 0x80, 0x0, 0xff, 0xff, 0x20, 0x0, 0x0,
    0x0, 0x0, 0xf, 0xff, 0xfd, 0x63, 0x0, 0x0,
    0x0, 0x0, 0xaf, 0xff, 0xff, 0xff, 0xda, 0x40,
    0x0, 0x1, 0xcf, 0xff, 0xff, 0xff, 0xff, 0xc1,
    0x0, 0x0, 0x4a, 0xef, 0xff, 0xff, 0xff, 0xb0,
    0x0, 0x0, 0x0, 0x13, 0x6c, 0xff, 0xff, 0x10,
    0x4, 0x0, 0x0, 0x0, 0xf, 0xff, 0xf2, 0x7,
    0xfd, 0x74, 0x21, 0x39, 0xff, 0xff, 0x0, 0xef,
    0xff, 0xff, 0xff, 0xff, 0xff, 0x90, 0x3f, 0xff,
    0xff, 0xff, 0xff, 0xff, 0xb0, 0x0, 0x17, 0xcf,
    0xff, 0xff, 0xfb, 0x50, 0x0, 0x0, 0x0, 0x1,
    0x23, 0x10, 0x0, 0x0, 0x0,

    /* U+017D "Ž" */
    0x0, 0x3, 0x33, 0x10, 0x0, 0x3, 0x33, 0x0,
    0x0, 0x0, 0x5, 0xff, 0xe2, 0x0, 0xbf, 0xf9,
    0x0, 0x0, 0x0, 0x0, 0x6f, 0xfe, 0x5d, 0xff,
    0xa0, 0x0, 0x0, 0x0, 0x0, 0x7, 0xff, 0xff,
    0xfb, 0x0, 0x0, 0x0, 0x0, 0x0, 0x0, 0x8c,
    0xcc, 0xb0, 0x0, 0x0, 0x0, 0x0, 0x0, 0x0,
    0x0, 0x0, 0x0, 0x0, 0x0, 0x0, 0x69, 0x99,
    0x99, 0x99, 0x99, 0x99, 0x99, 0x99, 0x70, 0xbf,
    0xff, 0xff, 0xff, 0xff, 0xff, 0xff, 0xff, 0xc0,
    0xbf, 0xff, 0xff, 0xff, 0xff, 0xff, 0xff, 0xff,
    0xc0, 0xbf, 0xff, 0xff, 0xff, 0xff, 0xff, 0xff,
    0xff, 0x90, 0x11, 0x11, 0x11, 0x11, 0x11, 0x9f,
    0xff, 0xfc, 0x0, 0x0, 0x0, 0x0, 0x0, 0x5,
    0xff, 0xff, 0xe1, 0x0, 0x0, 0x0, 0x0, 0x0,
    0x3f, 0xff, 0xff, 0x30, 0x0, 0x0, 0x0, 0x0,
    0x1, 0xef, 0xff, 0xf5, 0x0, 0x0, 0x0, 0x0,
    0x0, 0xc, 0xff, 0xff, 0x80, 0x0, 0x0, 0x0,
    0x0, 0x0, 0xaf, 0xff, 0xfa, 0x0, 0x0, 0x0,
    0x0, 0x0, 0x8, 0xff, 0xff, 0xd0, 0x0, 0x0,
    0x0, 0x0, 0x0, 0x5f, 0xff, 0xfe, 0x10, 0x0,
    0x0, 0x0, 0x0, 0x3, 0xff, 0xff, 0xf3, 0x0,
    0x0, 0x0, 0x0, 0x0, 0x1e, 0xff, 0xff, 0x60,
    0x0, 0x0, 0x0, 0x0, 0x0, 0xcf, 0xff, 0xf8,
    0x0, 0x0, 0x0, 0x0, 0x0, 0xa, 0xff, 0xff,
    0xb0, 0x0, 0x0, 0x0, 0x0, 0x0, 0x7f, 0xff,
    0xff, 0xcb, 0xbb, 0xbb, 0xbb, 0xbb, 0xb2, 0xef,
    0xff, 0xff, 0xff, 0xff, 0xff, 0xff, 0xff, 0xf3,
    0xff, 0xff, 0xff, 0xff, 0xff, 0xff, 0xff, 0xff,
    0xf3, 0xff, 0xff, 0xff, 0xff, 0xff, 0xff, 0xff,
    0xff, 0xf3,

    /* U+017E "ž" */
    0x0, 0x0, 0x0, 0x0, 0x0, 0x0, 0x0, 0x0,
    0x7, 0xff, 0xc1, 0x0, 0x7f, 0xfc, 0x0, 0x0,
    0x8, 0xff, 0xd2, 0x9f, 0xfd, 0x10, 0x0, 0x0,
    0x9, 0xff, 0xff, 0xfe, 0x10, 0x0, 0x0, 0x0,
    0xa, 0xff, 0xfe, 0x20, 0x0, 0x0, 0x0, 0x0,
    0x0, 0x0, 0x0, 0x0, 0x0, 0x0, 0x11, 0x11,
    0x11, 0x11, 0x11, 0x11, 0x0, 0xdf, 0xff, 0xff,
    0xff, 0xff, 0xff, 0xf2, 0xd, 0xff, 0xff, 0xff,
    0xff, 0xff, 0xff, 0x20, 0xdf, 0xff, 0xff, 0xff,
    0xff, 0xff, 0xf1, 0x3, 0x44, 0x44, 0x44, 0xbf,
    0xff, 0xf6, 0x0, 0x0, 0x0, 0x0, 0x5f, 0xff,
    0xf8, 0x0, 0x0, 0x0, 0x0, 0x3f, 0xff, 0xfa,
    0x0, 0x0, 0x0, 0x0, 0x2e, 0xff, 0xfc, 0x0,
    0x0, 0x0, 0x0, 0xd, 0xff, 0xfe, 0x10, 0x0,
    0x0, 0x0, 0xb, 0xff, 0xff, 0x30, 0x0, 0x0,
    0x0, 0x9, 0xff, 0xff, 0x50, 0x0, 0x0, 0x0,
    0x6, 0xff, 0xff, 0x70, 0x0, 0x0, 0x0, 0x4,
    0xff, 0xff, 0xd5, 0x55, 0x55, 0x55, 0x20, 0xff,
    0xff, 0xff, 0xff, 0xff, 0xff, 0xf6, 0xf, 0xff,
    0xff, 0xff, 0xff, 0xff, 0xff, 0x60, 0xff, 0xff,
    0xff, 0xff, 0xff, 0xff, 0xf6,

    /* U+0400 "Ѐ" */
    0x0, 0x7f, 0xff, 0xe2, 0x0, 0x0, 0x0, 0x0,
    0x0, 0x4, 0xef, 0xfe, 0x20, 0x0, 0x0, 0x0,
    0x0, 0x0, 0x1c, 0xff, 0xd1, 0x0, 0x0, 0x0,
    0x0, 0x0, 0x0, 0x9f, 0xfd, 0x10, 0x0, 0x0,
    0x0, 0x0, 0x0, 0x0, 0x0, 0x0, 0x0, 0x0,
    0x0, 0x0, 0x0, 0x0, 0x0, 0x0, 0x0, 0x0,
    0x9f, 0xff, 0xff, 0xff, 0xff, 0xff, 0xff, 0xf4,
    0x9f, 0xff, 0xff, 0xff, 0xff, 0xff, 0xff, 0xf4,
    0x9f, 0xff, 0xff, 0xff, 0xff, 0xff, 0xff, 0xf4,
    0x9f, 0xff, 0xf9, 0x99, 0x99, 0x99, 0x99, 0x92,
    0x9f, 0xff, 0xf0, 0x0, 0x0, 0x0, 0x0, 0x0,
    0x9f, 0xff, 0xf0, 0x0, 0x0, 0x0, 0x0, 0x0,
    0x9f, 0xff, 0xf0, 0x0, 0x0, 0x0, 0x0, 0x0,
    0x9f, 0xff, 0xf7, 0x77, 0x77, 0x77, 0x77, 0x0,
    0x9f, 0xff, 0xff, 0xff, 0xff, 0xff, 0xff, 0x0,
    0x9f, 0xff, 0xff, 0xff, 0xff, 0xff, 0xff, 0x0,
    0x9f, 0xff, 0xff, 0xff, 0xff, 0xff, 0xff, 0x0,
    0x9f, 0xff, 0xf0, 0x0, 0x0, 0x0, 0x0, 0x0,
    0x9f, 0xff, 0xf0, 0x0, 0x0, 0x0, 0x0, 0x0,
    0x9f, 0xff, 0xf0, 0x0, 0x0, 0x0, 0x0, 0x0,
    0x9f, 0xff, 0xf0, 0x0, 0x0, 0x0, 0x0, 0x0,
    0x9f, 0xff, 0xf9, 0x99, 0x99, 0x99, 0x99, 0x95,
    0x9f, 0xff, 0xff, 0xff, 0xff, 0xff, 0xff, 0xf9,
    0x9f, 0xff, 0xff, 0xff, 0xff, 0xff, 0xff, 0xf9,
    0x9f, 0xff, 0xff, 0xff, 0xff, 0xff, 0xff, 0xf9,

    /* U+0401 "Ё" */
    0x0, 0x2, 0xab, 0x20, 0x5, 0xb9, 0x0, 0x0,
    0x0, 0xc, 0xff, 0xd0, 0x1f, 0xff, 0x70, 0x0,
    0x0, 0xd, 0xff, 0xd0, 0x2f, 0xff, 0x80, 0x0,
    0x0, 0x4, 0xee, 0x50, 0x8, 0xfc, 0x10, 0x0,
    0x0, 0x0, 0x0, 0x0, 0x0, 0x0, 0x0, 0x0,
    0x0, 0x0, 0x0, 0x0, 0x0, 0x0, 0x0, 0x0,
    0x9f, 0xff, 0xff, 0xff, 0xff, 0xff, 0xff, 0xf4,
    0x9f, 0xff, 0xff, 0xff, 0xff, 0xff, 0xff, 0xf4,
    0x9f, 0xff, 0xff, 0xff, 0xff, 0xff, 0xff, 0xf4,
    0x9f, 0xff, 0xf9, 0x99, 0x99, 0x99, 0x99, 0x92,
    0x9f, 0xff, 0xf0, 0x0, 0x0, 0x0, 0x0, 0x0,
    0x9f, 0xff, 0xf0, 0x0, 0x0, 0x0, 0x0, 0x0,
    0x9f, 0xff, 0xf0, 0x0, 0x0, 0x0, 0x0, 0x0,
    0x9f, 0xff, 0xf7, 0x77, 0x77, 0x77, 0x77, 0x0,
    0x9f, 0xff, 0xff, 0xff, 0xff, 0xff, 0xff, 0x0,
    0x9f, 0xff, 0xff, 0xff, 0xff, 0xff, 0xff, 0x0,
    0x9f, 0xff, 0xff, 0xff, 0xff, 0xff, 0xff, 0x0,
    0x9f, 0xff, 0xf0, 0x0, 0x0, 0x0, 0x0, 0x0,
    0x9f, 0xff, 0xf0, 0x0, 0x0, 0x0, 0x0, 0x0,
    0x9f, 0xff, 0xf0, 0x0, 0x0, 0x0, 0x0, 0x0,
    0x9f, 0xff, 0xf0, 0x0, 0x0, 0x0, 0x0, 0x0,
    0x9f, 0xff, 0xf9, 0x99, 0x99, 0x99, 0x99, 0x95,
    0x9f, 0xff, 0xff, 0xff, 0xff, 0xff, 0xff, 0xf9,
    0x9f, 0xff, 0xff, 0xff, 0xff, 0xff, 0xff, 0xf9,
    0x9f, 0xff, 0xff, 0xff, 0xff, 0xff, 0xff, 0xf9,

    /* U+0402 "Ђ" */
    0x9f, 0xff, 0xff, 0xff, 0xff, 0xff, 0xff, 0xff,
    0xff, 0x40, 0x0, 0x9, 0xff, 0xff, 0xff, 0xff,
    0xff, 0xff, 0xff, 0xff, 0xf4, 0x0, 0x0, 0x9f,
    0xff, 0xff, 0xff, 0xff, 0xff, 0xff, 0xff, 0xff,
    0x40, 0x0, 0x5, 0xaa, 0xaa, 0xab, 0xff, 0xff,
    0xba, 0xaa, 0xaa, 0xa2, 0x0, 0x0, 0x0, 0x0,
    0x0, 0x5f, 0xff, 0xf2, 0x0, 0x0, 0x0, 0x0,
    0x0, 0x0, 0x0, 0x0, 0x5, 0xff, 0xff, 0x20,
    0x0, 0x0, 0x0, 0x0, 0x0, 0x0, 0x0, 0x0,
    0x5f, 0xff, 0xf2, 0x0, 0x0, 0x0, 0x0, 0x0,
    0x0, 0x0, 0x0, 0x5, 0xff, 0xff, 0x45, 0x8a,
    0xba, 0x96, 0x10, 0x0, 0x0, 0x0, 0x0, 0x5f,
    0xff, 0xff, 0xff, 0xff, 0xff, 0xff, 0x80, 0x0,
    0x0, 0x0, 0x5, 0xff, 0xff, 0xff, 0xff, 0xff,
    0xff, 0xff, 0xb0, 0x0, 0x0, 0x0, 0x5f, 0xff,
    0xff, 0xfe, 0xcc, 0xff, 0xff, 0xff, 0x50, 0x0,
    0x0, 0x5, 0xff, 0xff, 0x82, 0x0, 0x0, 0x7f,
    0xff, 0xfb, 0x0, 0x0, 0x0, 0x5f, 0xff, 0xf2,
    0x0, 0x0, 0x0, 0xbf, 0xff, 0xe0, 0x0, 0x0,
    0x5, 0xff, 0xff, 0x20, 0x0, 0x0, 0x8, 0xff,
    0xff, 0x0, 0x0, 0x0, 0x5f, 0xff, 0xf2, 0x0,
    0x0, 0x0, 0xdf, 0xff, 0xd0, 0x0, 0x0, 0x5,
    0xff, 0xff, 0x20, 0x5, 0x57, 0xcf, 0xff, 0xf9,
    0x0, 0x0, 0x0, 0x5f, 0xff, 0xf2, 0x0, 0xdf,
    0xff, 0xff, 0xff, 0x20, 0x0, 0x0, 0x5, 0xff,
    0xff, 0x20, 0xf, 0xff, 0xff, 0xff, 0x40, 0x0,
    0x0, 0x0, 0x5f, 0xff, 0xf2, 0x2, 0xff, 0xff,
    0xe9, 0x10, 0x0, 0x0, 0x0, 0x0, 0x0, 0x0,
    0x0, 0x0, 0x22, 0x10, 0x0, 0x0,

    /* U+0403 "Ѓ" */
    0x0, 0x0, 0x0, 0x3, 0xff, 0xff, 0x60, 0x0,
    0x0, 0x0, 0x2, 0xef, 0xfe, 0x30, 0x0, 0x0,
    0x0, 0x2, 0xef, 0xfc, 0x10, 0x0, 0x0, 0x0,
    0x1, 0xdf, 0xf9, 0x0, 0x0, 0x0, 0x0, 0x0,
    0x0, 0x0, 0x0, 0x0, 0x0, 0x0, 0x0, 0x0,
    0x0, 0x0, 0x0, 0x0, 0x0, 0x9f, 0xff, 0xff,
    0xff, 0xff, 0xff, 0xff, 0x49, 0xff, 0xff, 0xff,
    0xff, 0xff, 0xff, 0xf4, 0x9f, 0xff, 0xff, 0xff,
    0xff, 0xff, 0xff, 0x39, 0xff, 0xff, 0xaa, 0xaa,
    0xaa, 0xaa, 0xa2, 0x9f, 0xff, 0xe0, 0x0, 0x0,
    0x0, 0x0, 0x9, 0xff, 0xfe, 0x0, 0x0, 0x0,
    0x0, 0x0, 0x9f, 0xff, 0xe0, 0x0, 0x0, 0x0,
    0x0, 0x9, 0xff, 0xfe, 0x0, 0x0, 0x0, 0x0,
    0x0, 0x9f, 0xff, 0xe0, 0x0, 0x0, 0x0, 0x0,
    0x9, 0xff, 0xfe, 0x0, 0x0, 0x0, 0x0, 0x0,
    0x9f, 0xff, 0xe0, 0x0, 0x0, 0x0, 0x0, 0x9,
    0xff, 0xfe, 0x0, 0x0, 0x0, 0x0, 0x0, 0x9f,
    0xff, 0xe0, 0x0, 0x0, 0x0, 0x0, 0x9, 0xff,
    0xfe, 0x0, 0x0, 0x0, 0x0, 0x0, 0x9f, 0xff,
    0xe0, 0x0, 0x0, 0x0, 0x0, 0x9, 0xff, 0xfe,
    0x0, 0x0, 0x0, 0x0, 0x0, 0x9f, 0xff, 0xe0,
    0x0, 0x0, 0x0, 0x0, 0x9, 0xff, 0xfe, 0x0,
    0x0, 0x0, 0x0, 0x0, 0x9f, 0xff, 0xe0, 0x0,
    0x0, 0x0, 0x0, 0x0,

    /* U+0404 "Є" */
    0x0, 0x0, 0x0, 0x5a, 0xde, 0xfe, 0xc8, 0x40,
    0x0, 0x0, 0x0, 0x7, 0xef, 0xff, 0xff, 0xff,
    0xff, 0xd4, 0x0, 0x0, 0xb, 0xff, 0xff, 0xff,
    0xff, 0xff, 0xff, 0xf7, 0x0, 0xb, 0xff, 0xff,
    0xff, 0xdc, 0xdf, 0xff, 0xff, 0xf2, 0x7, 0xff,
    0xff, 0xf7, 0x10, 0x0, 0x5, 0xdf, 0xe3, 0x1,
    0xff, 0xff, 0xe2, 0x0, 0x0, 0x0, 0x0, 0x71,
    0x0, 0x6f, 0xff, 0xf5, 0x0, 0x0, 0x0, 0x0,
    0x0, 0x0, 0xa, 0xff, 0xff, 0x66, 0x66, 0x66,
    0x65, 0x0, 0x0, 0x0, 0xcf, 0xff, 0xff, 0xff,
    0xff, 0xff, 0xd0, 0x0, 0x0, 0xd, 0xff, 0xff,
    0xff, 0xff, 0xff, 0xfd, 0x0, 0x0, 0x0, 0xcf,
    0xff, 0xff, 0xff, 0xff, 0xff, 0xd0, 0x0, 0x0,
    0xa, 0xff, 0xff, 0x10, 0x0, 0x0, 0x0, 0x0,
    0x0, 0x0, 0x5f, 0xff, 0xf8, 0x0, 0x0, 0x0,
    0x0, 0x0, 0x0, 0x1, 0xff, 0xff, 0xf5, 0x0,
    0x0, 0x0, 0x2, 0xc3, 0x0, 0x7, 0xff, 0xff,
    0xf9, 0x20, 0x0, 0x17, 0xff, 0xf4, 0x0, 0xb,
    0xff, 0xff, 0xff, 0xed, 0xef, 0xff, 0xff, 0xf3,
    0x0, 0xb, 0xff, 0xff, 0xff, 0xff, 0xff, 0xff,
    0xf7, 0x0, 0x0, 0x7, 0xef, 0xff, 0xff, 0xff,
    0xff, 0xd4, 0x0, 0x0, 0x0, 0x0, 0x6a, 0xdf,
    0xfe, 0xc9, 0x40, 0x0, 0x0,

    /* U+0405 "Ѕ" */
    0x0, 0x0, 0x5a, 0xde, 0xff, 0xeb, 0x83, 0x0,
    0x0, 0x5, 0xef, 0xff, 0xff, 0xff, 0xff, 0xfc,
    0x20, 0x5, 0xff, 0xff, 0xff, 0xff, 0xff, 0xff,
    0xf2, 0x1, 0xff, 0xff, 0xfe, 0xa9, 0x9c, 0xff,
    0xfb, 0x0, 0x6f, 0xff, 0xf7, 0x0, 0x0, 0x0,
    0x4b, 0x40, 0x8, 0xff, 0xff, 0x0, 0x0, 0x0,
    0x0, 0x0, 0x0, 0x7f, 0xff, 0xf5, 0x0, 0x0,
    0x0, 0x0, 0x0, 0x3, 0xff, 0xff, 0xfc, 0x73,
    0x0, 0x0, 0x0, 0x0, 0x9, 0xff, 0xff, 0xff,
    0xff, 0xb7, 0x20, 0x0, 0x0, 0x6, 0xef, 0xff,
    0xff, 0xff, 0xff, 0xb3, 0x0, 0x0, 0x0, 0x5a,
    0xef, 0xff, 0xff, 0xff, 0xf4, 0x0, 0x0, 0x0,
    0x0, 0x26, 0x9e, 0xff, 0xff, 0xe0, 0x0, 0x0,
    0x0, 0x0, 0x0, 0xa, 0xff, 0xff, 0x30, 0x20,
    0x0, 0x0, 0x0, 0x0, 0x3f, 0xff, 0xf4, 0xd,
    0xe7, 0x20, 0x0, 0x0, 0xa, 0xff, 0xff, 0x25,
    0xff, 0xff, 0xeb, 0x99, 0xae, 0xff, 0xff, 0xc0,
    0xcf, 0xff, 0xff, 0xff, 0xff, 0xff, 0xff, 0xe2,
    0x1, 0x9f, 0xff, 0xff, 0xff, 0xff, 0xff, 0xc2,
    0x0, 0x0, 0x5, 0x9c, 0xef, 0xfe, 0xc8, 0x40,
    0x0, 0x0,

    /* U+0406 "І" */
    0x9f, 0xff, 0xf9, 0xff, 0xff, 0x9f, 0xff, 0xf9,
    0xff, 0xff, 0x9f, 0xff, 0xf9, 0xff, 0xff, 0x9f,
    0xff, 0xf9, 0xff, 0xff, 0x9f, 0xff, 0xf9, 0xff,
    0xff, 0x9f, 0xff, 0xf9, 0xff, 0xff, 0x9f, 0xff,
    0xf9, 0xff, 0xff, 0x9f, 0xff, 0xf9, 0xff, 0xff,
    0x9f, 0xff, 0xf9, 0xff, 0xff, 0x9f, 0xff, 0xf0,

    /* U+0407 "Ї" */
    0x5, 0xb9, 0x10, 0x8, 0xb6, 0x1, 0xff, 0xf9,
    0x5, 0xff, 0xf3, 0x1f, 0xff, 0x90, 0x6f, 0xff,
    0x40, 0x8f, 0xd2, 0x0, 0xbf, 0xa0, 0x0, 0x0,
    0x0, 0x0, 0x0, 0x0, 0x0, 0x0, 0x0, 0x0,
    0x0, 0x0, 0xa, 0xff, 0xfd, 0x0, 0x0, 0x0,
    0xaf, 0xff, 0xd0, 0x0, 0x0, 0xa, 0xff, 0xfd,
    0x0, 0x0, 0x0, 0xaf, 0xff, 0xd0, 0x0, 0x0,
    0xa, 0xff, 0xfd, 0x0, 0x0, 0x0, 0xaf, 0xff,
    0xd0, 0x0, 0x0, 0xa, 0xff, 0xfd, 0x0, 0x0,
    0x0, 0xaf, 0xff, 0xd0, 0x0, 0x0, 0xa, 0xff,
    0xfd, 0x0, 0x0, 0x0, 0xaf, 0xff, 0xd0, 0x0,
    0x0, 0xa, 0xff, 0xfd, 0x0, 0x0, 0x0, 0xaf,
    0xff, 0xd0, 0x0, 0x0, 0xa, 0xff, 0xfd, 0x0,
    0x0, 0x0, 0xaf, 0xff, 0xd0, 0x0, 0x0, 0xa,
    0xff, 0xfd, 0x0, 0x0, 0x0, 0xaf, 0xff, 0xd0,
    0x0, 0x0, 0xa, 0xff, 0xfd, 0x0, 0x0, 0x0,
    0xaf, 0xff, 0xd0, 0x0, 0x0, 0xa, 0xff, 0xfd,
    0x0, 0x0,

    /* U+0408 "Ј" */
    0x0, 0xaf, 0xff, 0xff, 0xff, 0xff, 0xfc, 0x0,
    0xaf, 0xff, 0xff, 0xff, 0xff, 0xfc, 0x0, 0xaf,
    0xff, 0xff, 0xff, 0xff, 0xfc, 0x0, 0x59, 0x99,
    0x99, 0x9e, 0xff, 0xfc, 0x0, 0x0, 0x0, 0x0,
    0xb, 0xff, 0xfc, 0x0, 0x0, 0x0, 0x0, 0xb,
    0xff, 0xfc, 0x0, 0x0, 0x0, 0x0, 0xb, 0xff,
    0xfc, 0x0, 0x0, 0x0, 0x0, 0xb, 0xff, 0xfc,
    0x0, 0x0, 0x0, 0x0, 0xb, 0xff, 0xfc, 0x0,
    0x0, 0x0, 0x0, 0xb, 0xff, 0xfc, 0x0, 0x0,
    0x0, 0x0, 0xb, 0xff, 0xfc, 0x0, 0x0, 0x0,
    0x0, 0xb, 0xff, 0xfc, 0x0, 0x0, 0x0, 0x0,
    0xc, 0xff, 0xfc, 0x0, 0x42, 0x0, 0x0, 0xe,
    0xff, 0xfa, 0x3, 0xfe, 0x30, 0x0, 0x7f, 0xff,
    0xf7, 0x2e, 0xff, 0xfc, 0xbd, 0xff, 0xff, 0xf2,
    0x5f, 0xff, 0xff, 0xff, 0xff, 0xff, 0x90, 0x5,
    0xef, 0xff, 0xff, 0xff, 0xfa, 0x0, 0x0, 0x6,
    0xbe, 0xff, 0xda, 0x40, 0x0,

    /* U+0409 "Љ" */
    0x0, 0x0, 0x2f, 0xff, 0xff, 0xff, 0xff, 0xff,
    0xff, 0xff, 0x0, 0x0, 0x0, 0x0, 0x0, 0x0,
    0x0, 0x0, 0x3, 0xff, 0xff, 0xff, 0xff, 0xff,
    0xff, 0xff, 0xf0, 0x0, 0x0, 0x0, 0x0, 0x0,
    0x0, 0x0, 0x0, 0x4f, 0xff, 0xff, 0xff, 0xff,
    0xff, 0xff, 0xff, 0x0, 0x0, 0x0, 0x0, 0x0,
    0x0, 0x0, 0x0, 0x4, 0xff, 0xfe, 0xaa, 0xaa,
    0xaa, 0xdf, 0xff, 0xf0, 0x0, 0x0, 0x0, 0x0,
    0x0, 0x0, 0x0, 0x0, 0x5f, 0xff, 0xa0, 0x0,
    0x0, 0x9, 0xff, 0xff, 0x0, 0x0, 0x0, 0x0,
    0x0, 0x0, 0x0, 0x0, 0x5, 0xff, 0xfa, 0x0,
    0x0, 0x0, 0x9f, 0xff, 0xf4, 0x44, 0x44, 0x43,
    0x0, 0x0, 0x0, 0x0, 0x0, 0x6f, 0xff, 0x90,
    0x0, 0x0, 0x9, 0xff, 0xff, 0xff, 0xff, 0xff,
    0xff, 0xb4, 0x0, 0x0, 0x0, 0x7, 0xff, 0xf8,
    0x0, 0x0, 0x0, 0x9f, 0xff, 0xff, 0xff, 0xff,
    0xff, 0xff, 0xf8, 0x0, 0x0, 0x0, 0x7f, 0xff,
    0x80, 0x0, 0x0, 0x9, 0xff, 0xff, 0xff, 0xff,
    0xff, 0xff, 0xff, 0xf6, 0x0, 0x0, 0x8, 0xff,
    0xf7, 0x0, 0x0, 0x0, 0x9f, 0xff, 0xf0, 0x0,
    0x0, 0x3a, 0xff, 0xff, 0xe0, 0x0, 0x0, 0xaf,
    0xff, 0x60, 0x0, 0x0, 0x9, 0xff, 0xff, 0x0,
    0x0, 0x0, 0xa, 0xff, 0xff, 0x20, 0x0, 0xc,
    0xff, 0xf4, 0x0, 0x0, 0x0, 0x9f, 0xff, 0xf0,
    0x0, 0x0, 0x0, 0x5f, 0xff, 0xf4, 0x0, 0x0,
    0xff, 0xff, 0x20, 0x0, 0x0, 0x9, 0xff, 0xff,
    0x0, 0x0, 0x0, 0x3, 0xff, 0xff, 0x40, 0x0,
    0x6f, 0xff, 0xf0, 0x0, 0x0, 0x0, 0x9f, 0xff,
    0xf0, 0x0, 0x0, 0x0, 0x6f, 0xff, 0xf3, 0x0,
    0x4e, 0xff, 0xfb, 0x0, 0x0, 0x0, 0x9, 0xff,
    0xff, 0x0, 0x0, 0x0, 0x1e, 0xff, 0xff, 0x5,
    0xff, 0xff, 0xff, 0x60, 0x0, 0x0, 0x0, 0x9f,
    0xff, 0xf4, 0x44, 0x45, 0x8f, 0xff, 0xff, 0x90,
    0x7f, 0xff, 0xff, 0xe0, 0x0, 0x0, 0x0, 0x9,
    0xff, 0xff, 0xff, 0xff, 0xff, 0xff, 0xff, 0xd1,
    0x8, 0xff, 0xff, 0xf3, 0x0, 0x0, 0x0, 0x0,
    0x9f, 0xff, 0xff, 0xff, 0xff, 0xff, 0xff, 0xb1,
    0x0, 0x9f, 0xfe, 0xa2, 0x0, 0x0, 0x0, 0x0,
    0x9, 0xff, 0xff, 0xff, 0xff, 0xfe, 0xc9, 0x30,
    0x0, 0x0,

    /* U+040A "Њ" */
    0x9f, 0xff, 0xf0, 0x0, 0x0, 0x0, 0x7, 0xff,
    0xff, 0x0, 0x0, 0x0, 0x0, 0x0, 0x0, 0x9f,
    0xff, 0xf0, 0x0, 0x0, 0x0, 0x7, 0xff, 0xff,
    0x0, 0x0, 0x0, 0x0, 0x0, 0x0, 0x9f, 0xff,
    0xf0, 0x0, 0x0, 0x0, 0x7, 0xff, 0xff, 0x0,
    0x0, 0x0, 0x0, 0x0, 0x0, 0x9f, 0xff, 0xf0,
    0x0, 0x0, 0x0, 0x7, 0xff, 0xff, 0x0, 0x0,
    0x0, 0x0, 0x0, 0x0, 0x9f, 0xff, 0xf0, 0x0,
    0x0, 0x0, 0x7, 0xff, 0xff, 0x0, 0x0, 0x0,
    0x0, 0x0, 0x0, 0x9f, 0xff, 0xf0, 0x0, 0x0,
    0x0, 0x7, 0xff, 0xff, 0x0, 0x0, 0x0, 0x0,
    0x0, 0x0, 0x9f, 0xff, 0xf0, 0x0, 0x0, 0x0,
    0x7, 0xff, 0xff, 0x0, 0x0, 0x0, 0x0, 0x0,
    0x0, 0x9f, 0xff, 0xff, 0xff, 0xff, 0xff, 0xff,
    0xff, 0xff, 0xff, 0xff, 0xff, 0xeb, 0x60, 0x0,
    0x9f, 0xff, 0xff, 0xff, 0xff, 0xff, 0xff, 0xff,
    0xff, 0xff, 0xff, 0xff, 0xff, 0xfd, 0x20, 0x9f,
    0xff, 0xff, 0xff, 0xff, 0xff, 0xff, 0xff, 0xff,
    0xff, 0xff, 0xff, 0xff, 0xff, 0xe1, 0x9f, 0xff,
    0xfa, 0xaa, 0xaa, 0xaa, 0xac, 0xff, 0xff, 0x22,
    0x22, 0x36, 0xdf, 0xff, 0xf8, 0x9f, 0xff, 0xf0,
    0x0, 0x0, 0x0, 0x7, 0xff, 0xff, 0x0, 0x0,
    0x0, 0x1e, 0xff, 0xfd, 0x9f, 0xff, 0xf0, 0x0,
    0x0, 0x0, 0x7, 0xff, 0xff, 0x0, 0x0, 0x0,
    0xa, 0xff, 0xff, 0x9f, 0xff, 0xf0, 0x0, 0x0,
    0x0, 0x7, 0xff, 0xff, 0x0, 0x0, 0x0, 0xb,
    0xff, 0xfe, 0x9f, 0xff, 0xf0, 0x0, 0x0, 0x0,
    0x7, 0xff, 0xff, 0x0, 0x0, 0x0, 0x2f, 0xff,
    0xfc, 0x9f, 0xff, 0xf0, 0x0, 0x0, 0x0, 0x7,
    0xff, 0xff, 0x44, 0x44, 0x58, 0xff, 0xff, 0xf6,
    0x9f, 0xff, 0xf0, 0x0, 0x0, 0x0, 0x7, 0xff,
    0xff, 0xff, 0xff, 0xff, 0xff, 0xff, 0xc0, 0x9f,
    0xff, 0xf0, 0x0, 0x0, 0x0, 0x7, 0xff, 0xff,
    0xff, 0xff, 0xff, 0xff, 0xfb, 0x10, 0x9f, 0xff,
    0xf0, 0x0, 0x0, 0x0, 0x7, 0xff, 0xff, 0xff,
    0xff, 0xff, 0xd9, 0x40, 0x0,

    /* U+040B "Ћ" */
    0x9f, 0xff, 0xff, 0xff, 0xff, 0xff, 0xff, 0xff,
    0xff, 0x0, 0x0, 0x9, 0xff, 0xff, 0xff, 0xff,
    0xff, 0xff, 0xff, 0xff, 0xf0, 0x0, 0x0, 0x9f,
    0xff, 0xff, 0xff, 0xff, 0xff, 0xff, 0xff, 0xff,
    0x0, 0x0, 0x5, 0xaa, 0xaa, 0xac, 0xff, 0xff,
    0xaa, 0xaa, 0xaa, 0xa0, 0x0, 0x0, 0x0, 0x0,
    0x0, 0x5f, 0xff, 0xf2, 0x0, 0x0, 0x0, 0x0,
    0x0, 0x0, 0x0, 0x0, 0x5, 0xff, 0xff, 0x20,
    0x0, 0x0, 0x0, 0x0, 0x0, 0x0, 0x0, 0x0,
    0x5f, 0xff, 0xf2, 0x0, 0x0, 0x0, 0x0, 0x0,
    0x0, 0x0, 0x0, 0x5, 0xff, 0xff, 0x35, 0x8a,
    0xbb, 0x96, 0x0, 0x0, 0x0, 0x0, 0x0, 0x5f,
    0xff, 0xff, 0xff, 0xff, 0xff, 0xff, 0x60, 0x0,
    0x0, 0x0, 0x5, 0xff, 0xff, 0xff, 0xff, 0xff,
    0xff, 0xff, 0x80, 0x0, 0x0, 0x0, 0x5f, 0xff,
    0xff, 0xff, 0xff, 0xff, 0xff, 0xff, 0x20, 0x0,
    0x0, 0x5, 0xff, 0xff, 0xc6, 0x20, 0x15, 0xef,
    0xff, 0xf8, 0x0, 0x0, 0x0, 0x5f, 0xff, 0xf2,
    0x0, 0x0, 0x2, 0xff, 0xff, 0xc0, 0x0, 0x0,
    0x5, 0xff, 0xff, 0x20, 0x0, 0x0, 0xb, 0xff,
    0xfe, 0x0, 0x0, 0x0, 0x5f, 0xff, 0xf2, 0x0,
    0x0, 0x0, 0x9f, 0xff, 0xe0, 0x0, 0x0, 0x5,
    0xff, 0xff, 0x20, 0x0, 0x0, 0x8, 0xff, 0xff,
    0x0, 0x0, 0x0, 0x5f, 0xff, 0xf2, 0x0, 0x0,
    0x0, 0x8f, 0xff, 0xf0, 0x0, 0x0, 0x5, 0xff,
    0xff, 0x20, 0x0, 0x0, 0x8, 0xff, 0xff, 0x0,
    0x0, 0x0, 0x5f, 0xff, 0xf2, 0x0, 0x0, 0x0,
    0x8f, 0xff, 0xf0,

    /* U+040C "Ќ" */
    0x0, 0x0, 0x0, 0x0, 0xb, 0xff, 0xfb, 0x10,
    0x0, 0x0, 0x0, 0x0, 0x0, 0xa, 0xff, 0xf8,
    0x0, 0x0, 0x0, 0x0, 0x0, 0x0, 0x9, 0xff,
    0xf5, 0x0, 0x0, 0x0, 0x0, 0x0, 0x0, 0x9,
    0xff, 0xd2, 0x0, 0x0, 0x0, 0x0, 0x0, 0x0,
    0x0, 0x0, 0x0, 0x0, 0x0, 0x0, 0x0, 0x0,
    0x0, 0x0, 0x0, 0x0, 0x0, 0x0, 0x0, 0x0,
    0x0, 0xaf, 0xff, 0xe0, 0x0, 0x0, 0x0, 0x2f,
    0xff, 0xfb, 0xa, 0xff, 0xfe, 0x0, 0x0, 0x0,
    0xc, 0xff, 0xfe, 0x10, 0xaf, 0xff, 0xe0, 0x0,
    0x0, 0x7, 0xff, 0xff, 0x40, 0xa, 0xff, 0xfe,
    0x0, 0x0, 0x3, 0xff, 0xff, 0x80, 0x0, 0xaf,
    0xff, 0xe0, 0x0, 0x0, 0xdf, 0xff, 0xc0, 0x0,
    0xa, 0xff, 0xfe, 0x0, 0x0, 0x9f, 0xff, 0xf2,
    0x0, 0x0, 0xaf, 0xff, 0xe0, 0x0, 0x4f, 0xff,
    0xf5, 0x0, 0x0, 0xa, 0xff, 0xff, 0xbb, 0xbe,
    0xff, 0xf9, 0x0, 0x0, 0x0, 0xaf, 0xff, 0xff,
    0xff, 0xff, 0xfd, 0x0, 0x0, 0x0, 0xa, 0xff,
    0xff, 0xff, 0xff, 0xff, 0xf2, 0x0, 0x0, 0x0,
    0xaf, 0xff, 0xff, 0xff, 0xff, 0xff, 0xc0, 0x0,
    0x0, 0xa, 0xff, 0xfe, 0x0, 0xa, 0xff, 0xff,
    0x60, 0x0, 0x0, 0xaf, 0xff, 0xe0, 0x0, 0x1e,
    0xff, 0xff, 0x10, 0x0, 0xa, 0xff, 0xfe, 0x0,
    0x0, 0x6f, 0xff, 0xfb, 0x0, 0x0, 0xaf, 0xff,
    0xe0, 0x0, 0x0, 0xbf, 0xff, 0xf5, 0x0, 0xa,
    0xff, 0xfe, 0x0, 0x0, 0x2, 0xff, 0xff, 0xe1,
    0x0, 0xaf, 0xff, 0xe0, 0x0, 0x0, 0x7, 0xff,
    0xff, 0xa0, 0xa, 0xff, 0xfe, 0x0, 0x0, 0x0,
    0xd, 0xff, 0xff, 0x40, 0xaf, 0xff, 0xe0, 0x0,
    0x0, 0x0, 0x3f, 0xff, 0xfe, 0x0,

    /* U+040D "Ѝ" */
    0x0, 0x1, 0xbf, 0xff, 0xb0, 0x0, 0x0, 0x0,
    0x0, 0x0, 0x0, 0x0, 0x8f, 0xff, 0xa0, 0x0,
    0x0, 0x0, 0x0, 0x0, 0x0, 0x0, 0x5f, 0xff,
    0x90, 0x0, 0x0, 0x0, 0x0, 0x0, 0x0, 0x0,
    0x2d, 0xff, 0x80, 0x0, 0x0, 0x0, 0x0, 0x0,
    0x0, 0x0, 0x0, 0x0, 0x0, 0x0, 0x0, 0x0,
    0x0, 0x0, 0x0, 0x0, 0x0, 0x0, 0x0, 0x0,
    0x0, 0x9f, 0xff, 0xf0, 0x0, 0x0, 0x0, 0x2,
    0xff, 0xff, 0x89, 0xff, 0xff, 0x0, 0x0, 0x0,
    0x0, 0xcf, 0xff, 0xf8, 0x9f, 0xff, 0xf0, 0x0,
    0x0, 0x0, 0x9f, 0xff, 0xff, 0x89, 0xff, 0xff,
    0x0, 0x0, 0x0, 0x5f, 0xff, 0xff, 0xf8, 0x9f,
    0xff, 0xf0, 0x0, 0x0, 0x2f, 0xff, 0xff, 0xff,
    0x89, 0xff, 0xff, 0x0, 0x0, 0xd, 0xff, 0xff,
    0xff, 0xf8, 0x9f, 0xff, 0xf0, 0x0, 0x9, 0xff,
    0xff, 0xff, 0xff, 0x89, 0xff, 0xff, 0x0, 0x6,
    0xff, 0xff, 0x7e, 0xff, 0xf8, 0x9f, 0xff, 0xf0,
    0x2, 0xff, 0xff, 0xa0, 0xef, 0xff, 0x89, 0xff,
    0xff, 0x0, 0xdf, 0xff, 0xd0, 0xe, 0xff, 0xf8,
    0x9f, 0xff, 0xf0, 0xaf, 0xff, 0xf3, 0x0, 0xef,
    0xff, 0x89, 0xff, 0xff, 0x6f, 0xff, 0xf6, 0x0,
    0xe, 0xff, 0xf8, 0x9f, 0xff, 0xff, 0xff, 0xfa,
    0x0, 0x0, 0xef, 0xff, 0x89, 0xff, 0xff, 0xff,
    0xfd, 0x0, 0x0, 0xe, 0xff, 0xf8, 0x9f, 0xff,
    0xff, 0xff, 0x20, 0x0, 0x0, 0xef, 0xff, 0x89,
    0xff, 0xff, 0xff, 0x50, 0x0, 0x0, 0xe, 0xff,
    0xf8, 0x9f, 0xff, 0xff, 0x90, 0x0, 0x0, 0x0,
    0xef, 0xff, 0x89, 0xff, 0xff, 0xd0, 0x0, 0x0,
    0x0, 0xe, 0xff, 0xf8, 0x9f, 0xff, 0xf2, 0x0,
    0x0, 0x0, 0x0, 0xef, 0xff, 0x80,

    /* U+040E "Ў" */
    0x0, 0x0, 0x28, 0x86, 0x0, 0x0, 0x58, 0x83,
    0x0, 0x0, 0x0, 0x0, 0x4, 0xff, 0xe0, 0x0,
    0xd, 0xff, 0x50, 0x0, 0x0, 0x0, 0x0, 0xe,
    0xff, 0xb4, 0x4a, 0xff, 0xf1, 0x0, 0x0, 0x0,
    0x0, 0x0, 0x5f, 0xff, 0xff, 0xff, 0xf6, 0x0,
    0x0, 0x0, 0x0, 0x0, 0x0, 0x3a, 0xef, 0xfe,
    0xa4, 0x0, 0x0, 0x0, 0x0, 0x0, 0x0, 0x0,
    0x0, 0x0, 0x0, 0x0, 0x0, 0x0, 0x0, 0x7f,
    0xff, 0xf5, 0x0, 0x0, 0x0, 0x0, 0x9, 0xff,
    0xfd, 0x0, 0xef, 0xff, 0xd0, 0x0, 0x0, 0x0,
    0x1, 0xff, 0xff, 0x40, 0x6, 0xff, 0xff, 0x50,
    0x0, 0x0, 0x0, 0x9f, 0xff, 0xc0, 0x0, 0xd,
    0xff, 0xfd, 0x0, 0x0, 0x0, 0x2f, 0xff, 0xf3,
    0x0, 0x0, 0x4f, 0xff, 0xf5, 0x0, 0x0, 0xa,
    0xff, 0xfa, 0x0, 0x0, 0x0, 0xbf, 0xff, 0xd0,
    0x0, 0x3, 0xff, 0xff, 0x20, 0x0, 0x0, 0x3,
    0xff, 0xff, 0x50, 0x0, 0xbf, 0xff, 0x80, 0x0,
    0x0, 0x0, 0xa, 0xff, 0xfd, 0x0, 0x3f, 0xff,
    0xf1, 0x0, 0x0, 0x0, 0x0, 0x2f, 0xff, 0xf5,
    0xb, 0xff, 0xf7, 0x0, 0x0, 0x0, 0x0, 0x0,
    0x8f, 0xff, 0xd4, 0xff, 0xfe, 0x0, 0x0, 0x0,
    0x0, 0x0, 0x1, 0xef, 0xff, 0xff, 0xff, 0x50,
    0x0, 0x0, 0x0, 0x0, 0x0, 0x7, 0xff, 0xff,
    0xff, 0xc0, 0x0, 0x0, 0x0, 0x0, 0x0, 0x0,
    0xe, 0xff, 0xff, 0xf4, 0x0, 0x0, 0x0, 0x0,
    0x0, 0x0, 0x0, 0x5f, 0xff, 0xfb, 0x0, 0x0,
    0x0, 0x0, 0x0, 0x0, 0x0, 0x5, 0xff, 0xff,
    0x20, 0x0, 0x0, 0x0, 0x0, 0x0, 0x42, 0x16,
    0xff, 0xff, 0x90, 0x0, 0x0, 0x0, 0x0, 0x0,
    0x2f, 0xff, 0xff, 0xff, 0xe0, 0x0, 0x0, 0x0,
    0x0, 0x0, 0x8, 0xff, 0xff, 0xff, 0xe2, 0x0,
    0x0, 0x0, 0x0, 0x0, 0x0, 0xdf, 0xff, 0xff,
    0xb2, 0x0, 0x0, 0x0, 0x0, 0x0, 0x0, 0x2,
    0x69, 0x97, 0x30, 0x0, 0x0, 0x0, 0x0, 0x0,
    0x0,

    /* U+040F "Џ" */
    0x9f, 0xff, 0xf0, 0x0, 0x0, 0x0, 0x5, 0xff,
    0xff, 0x39, 0xff, 0xff, 0x0, 0x0, 0x0, 0x0,
    0x5f, 0xff, 0xf3, 0x9f, 0xff, 0xf0, 0x0, 0x0,
    0x0, 0x5, 0xff, 0xff, 0x39, 0xff, 0xff, 0x0,
    0x0, 0x0, 0x0, 0x5f, 0xff, 0xf3, 0x9f, 0xff,
    0xf0, 0x0, 0x0, 0x0, 0x5, 0xff, 0xff, 0x39,
    0xff, 0xff, 0x0, 0x0, 0x0, 0x0, 0x5f, 0xff,
    0xf3, 0x9f, 0xff, 0xf0, 0x0, 0x0, 0x0, 0x5,
    0xff, 0xff, 0x39, 0xff, 0xff, 0x0, 0x0, 0x0,
    0x0, 0x5f, 0xff, 0xf3, 0x9f, 0xff, 0xf0, 0x0,
    0x0, 0x0, 0x5, 0xff, 0xff, 0x39, 0xff, 0xff,
    0x0, 0x0, 0x0, 0x0, 0x5f, 0xff, 0xf3, 0x9f,
    0xff, 0xf0, 0x0, 0x0, 0x0, 0x5, 0xff, 0xff,
    0x39, 0xff, 0xff, 0x0, 0x0, 0x0, 0x0, 0x5f,
    0xff, 0xf3, 0x9f, 0xff, 0xf0, 0x0, 0x0, 0x0,
    0x5, 0xff, 0xff, 0x39, 0xff, 0xff, 0x0, 0x0,
    0x0, 0x0, 0x5f, 0xff, 0xf3, 0x9f, 0xff, 0xf0,
    0x0, 0x0, 0x0, 0x5, 0xff, 0xff, 0x39, 0xff,
    0xff, 0xaa, 0xaa, 0xaa, 0xaa, 0xbf, 0xff, 0xf3,
    0x9f, 0xff, 0xff, 0xff, 0xff, 0xff, 0xff, 0xff,
    0xff, 0x39, 0xff, 0xff, 0xff, 0xff, 0xff, 0xff,
    0xff, 0xff, 0xf3, 0x9f, 0xff, 0xff, 0xff, 0xff,
    0xff, 0xff, 0xff, 0xff, 0x30, 0x0, 0x0, 0x0,
    0xcf, 0xff, 0x60, 0x0, 0x0, 0x0, 0x0, 0x0,
    0x0, 0xc, 0xff, 0xf6, 0x0, 0x0, 0x0, 0x0,
    0x0, 0x0, 0x0, 0xcf, 0xff, 0x60, 0x0, 0x0,
    0x0, 0x0, 0x0, 0x0, 0xc, 0xff, 0xf6, 0x0,
    0x0, 0x0, 0x0,

    /* U+0410 "А" */
    0x0, 0x0, 0x0, 0x0, 0x4f, 0xff, 0xfa, 0x0,
    0x0, 0x0, 0x0, 0x0, 0x0, 0x0, 0x0, 0xb,
    0xff, 0xff, 0xf2, 0x0, 0x0, 0x0, 0x0, 0x0,
    0x0, 0x0, 0x3, 0xff, 0xff, 0xff, 0x90, 0x0,
    0x0, 0x0, 0x0, 0x0, 0x0, 0x0, 0xaf, 0xff,
    0xff, 0xff, 0x10, 0x0, 0x0, 0x0, 0x0, 0x0,
    0x0, 0x2f, 0xff, 0xfd, 0xff, 0xf8, 0x0, 0x0,
    0x0, 0x0, 0x0, 0x0, 0x9, 0xff, 0xfa, 0x5f,
    0xff, 0xe0, 0x0, 0x0, 0x0, 0x0, 0x0, 0x1,
    0xff, 0xff, 0x30, 0xef, 0xff, 0x60, 0x0, 0x0,
    0x0, 0x0, 0x0, 0x7f, 0xff, 0xd0, 0x7, 0xff,
    0xfe, 0x0, 0x0, 0x0, 0x0, 0x0, 0xe, 0xff,
    0xf6, 0x0, 0x1f, 0xff, 0xf5, 0x0, 0x0, 0x0,
    0x0, 0x6, 0xff, 0xfe, 0x0, 0x0, 0xaf, 0xff,
    0xd0, 0x0, 0x0, 0x0, 0x0, 0xdf, 0xff, 0x80,
    0x0, 0x3, 0xff, 0xff, 0x40, 0x0, 0x0, 0x0,
    0x5f, 0xff, 0xf7, 0x66, 0x66, 0x6e, 0xff, 0xfb,
    0x0, 0x0, 0x0, 0xc, 0xff, 0xff, 0xff, 0xff,
    0xff, 0xff, 0xff, 0xf3, 0x0, 0x0, 0x4, 0xff,
    0xff, 0xff, 0xff, 0xff, 0xff, 0xff, 0xff, 0xa0,
    0x0, 0x0, 0xbf, 0xff, 0xff, 0xff, 0xff, 0xff,
    0xff, 0xff, 0xff, 0x20, 0x0, 0x2f, 0xff, 0xf6,
    0x0, 0x0, 0x0, 0x0, 0x1f, 0xff, 0xf9, 0x0,
    0xa, 0xff, 0xfe, 0x0, 0x0, 0x0, 0x0, 0x0,
    0xaf, 0xff, 0xf1, 0x1, 0xff, 0xff, 0x80, 0x0,
    0x0, 0x0, 0x0, 0x3, 0xff, 0xff, 0x80, 0x8f,
    0xff, 0xf1, 0x0, 0x0, 0x0, 0x0, 0x0, 0xc,
    0xff, 0xfe, 0x0,

    /* U+0411 "Б" */
    0x9f, 0xff, 0xff, 0xff, 0xff, 0xff, 0xff, 0xff,
    0x40, 0x9f, 0xff, 0xff, 0xff, 0xff, 0xff, 0xff,
    0xff, 0x40, 0x9f, 0xff, 0xff, 0xff, 0xff, 0xff,
    0xff, 0xff, 0x40, 0x9f, 0xff, 0xf8, 0x88, 0x88,
    0x88, 0x88, 0x88, 0x20, 0x9f, 0xff, 0xf0, 0x0,
    0x0, 0x0, 0x0, 0x0, 0x0, 0x9f, 0xff, 0xf0,
    0x0, 0x0, 0x0, 0x0, 0x0, 0x0, 0x9f, 0xff,
    0xf0, 0x0, 0x0, 0x0, 0x0, 0x0, 0x0, 0x9f,
    0xff, 0xff, 0xff, 0xff, 0xfe, 0xd9, 0x40, 0x0,
    0x9f, 0xff, 0xff, 0xff, 0xff, 0xff, 0xff, 0xfb,
    0x0, 0x9f, 0xff, 0xff, 0xff, 0xff, 0xff, 0xff,
    0xff, 0xb0, 0x9f, 0xff, 0xf4, 0x44, 0x44, 0x6a,
    0xff, 0xff, 0xf3, 0x9f, 0xff, 0xf0, 0x0, 0x0,
    0x0, 0x6f, 0xff, 0xf8, 0x9f, 0xff, 0xf0, 0x0,
    0x0, 0x0, 0xf, 0xff, 0xf9, 0x9f, 0xff, 0xf0,
    0x0, 0x0, 0x0, 0xf, 0xff, 0xf9, 0x9f, 0xff,
    0xf0, 0x0, 0x0, 0x0, 0x7f, 0xff, 0xf6, 0x9f,
    0xff, 0xf4, 0x44, 0x44, 0x6b, 0xff, 0xff, 0xf1,
    0x9f, 0xff, 0xff, 0xff, 0xff, 0xff, 0xff, 0xff,
    0x60, 0x9f, 0xff, 0xff, 0xff, 0xff, 0xff, 0xff,
    0xf6, 0x0, 0x9f, 0xff, 0xff, 0xff, 0xff, 0xfe,
    0xb7, 0x10, 0x0,

    /* U+0412 "В" */
    0x9f, 0xff, 0xff, 0xff, 0xff, 0xfd, 0xa6, 0x0,
    0x0, 0x9f, 0xff, 0xff, 0xff, 0xff, 0xff, 0xff,
    0xe3, 0x0, 0x9f, 0xff, 0xff, 0xff, 0xff, 0xff,
    0xff, 0xff, 0x10, 0x9f, 0xff, 0xf4, 0x44, 0x45,
    0x7e, 0xff, 0xff, 0x80, 0x9f, 0xff, 0xf0, 0x0,
    0x0, 0x2, 0xff, 0xff, 0xb0, 0x9f, 0xff, 0xf0,
    0x0, 0x0, 0x0, 0xef, 0xff, 0xb0, 0x9f, 0xff,
    0xf0, 0x0, 0x0, 0x1, 0xff, 0xff, 0x80, 0x9f,
    0xff, 0xf1, 0x11, 0x12, 0x4c, 0xff, 0xfe, 0x10,
    0x9f, 0xff, 0xff, 0xff, 0xff, 0xff, 0xff, 0xd2,
    0x0, 0x9f, 0xff, 0xff, 0xff, 0xff, 0xff, 0xff,
    0xb3, 0x0, 0x9f, 0xff, 0xff, 0xff, 0xff, 0xff,
    0xff, 0xff, 0x70, 0x9f, 0xff, 0xf0, 0x0, 0x0,
    0x13, 0xcf, 0xff, 0xf3, 0x9f, 0xff, 0xf0, 0x0,
    0x0, 0x0, 0x1f, 0xff, 0xf9, 0x9f, 0xff, 0xf0,
    0x0, 0x0, 0x0, 0xe, 0xff, 0xfb, 0x9f, 0xff,
    0xf0, 0x0, 0x0, 0x0, 0x3f, 0xff, 0xfa, 0x9f,
    0xff, 0xf4, 0x44, 0x44, 0x58, 0xef, 0xff, 0xf5,
    0x9f, 0xff, 0xff, 0xff, 0xff, 0xff, 0xff, 0xff,
    0xc0, 0x9f, 0xff, 0xff, 0xff, 0xff, 0xff, 0xff,
    0xfb, 0x10, 0x9f, 0xff, 0xff, 0xff, 0xff, 0xfe,
    0xc9, 0x40, 0x0,

    /* U+0413 "Г" */
    0x9f, 0xff, 0xff, 0xff, 0xff, 0xff, 0xff, 0x49,
    0xff, 0xff, 0xff, 0xff, 0xff, 0xff, 0xf4, 0x9f,
    0xff, 0xff, 0xff, 0xff, 0xff, 0xff, 0x39, 0xff,
    0xff, 0xaa, 0xaa, 0xaa, 0xaa, 0xa2, 0x9f, 0xff,
    0xe0, 0x0, 0x0, 0x0, 0x0, 0x9, 0xff, 0xfe,
    0x0, 0x0, 0x0, 0x0, 0x0, 0x9f, 0xff, 0xe0,
    0x0, 0x0, 0x0, 0x0, 0x9, 0xff, 0xfe, 0x0,
    0x0, 0x0, 0x0, 0x0, 0x9f, 0xff, 0xe0, 0x0,
    0x0, 0x0, 0x0, 0x9, 0xff, 0xfe, 0x0, 0x0,
    0x0, 0x0, 0x0, 0x9f, 0xff, 0xe0, 0x0, 0x0,
    0x0, 0x0, 0x9, 0xff, 0xfe, 0x0, 0x0, 0x0,
    0x0, 0x0, 0x9f, 0xff, 0xe0, 0x0, 0x0, 0x0,
    0x0, 0x9, 0xff, 0xfe, 0x0, 0x0, 0x0, 0x0,
    0x0, 0x9f, 0xff, 0xe0, 0x0, 0x0, 0x0, 0x0,
    0x9, 0xff, 0xfe, 0x0, 0x0, 0x0, 0x0, 0x0,
    0x9f, 0xff, 0xe0, 0x0, 0x0, 0x0, 0x0, 0x9,
    0xff, 0xfe, 0x0, 0x0, 0x0, 0x0, 0x0, 0x9f,
    0xff, 0xe0, 0x0, 0x0, 0x0, 0x0, 0x0,

    /* U+0414 "Д" */
    0x0, 0x0, 0x2f, 0xff, 0xff, 0xff, 0xff, 0xff,
    0xff, 0xfe, 0x0, 0x0, 0x0, 0x3, 0xff, 0xff,
    0xff, 0xff, 0xff, 0xff, 0xff, 0xe0, 0x0, 0x0,
    0x0, 0x4f, 0xff, 0xff, 0xff, 0xff, 0xff, 0xff,
    0xfe, 0x0, 0x0, 0x0, 0x4, 0xff, 0xfe, 0xaa,
    0xaa, 0xaa, 0xdf, 0xff, 0xe0, 0x0, 0x0, 0x0,
    0x5f, 0xff, 0xa0, 0x0, 0x0, 0x9, 0xff, 0xfe,
    0x0, 0x0, 0x0, 0x5, 0xff, 0xfa, 0x0, 0x0,
    0x0, 0x9f, 0xff, 0xe0, 0x0, 0x0, 0x0, 0x6f,
    0xff, 0x90, 0x0, 0x0, 0x9, 0xff, 0xfe, 0x0,
    0x0, 0x0, 0x7, 0xff, 0xf8, 0x0, 0x0, 0x0,
    0x9f, 0xff, 0xe0, 0x0, 0x0, 0x0, 0x8f, 0xff,
    0x70, 0x0, 0x0, 0x9, 0xff, 0xfe, 0x0, 0x0,
    0x0, 0xa, 0xff, 0xf6, 0x0, 0x0, 0x0, 0x9f,
    0xff, 0xe0, 0x0, 0x0, 0x0, 0xcf, 0xff, 0x40,
    0x0, 0x0, 0x9, 0xff, 0xfe, 0x0, 0x0, 0x0,
    0xe, 0xff, 0xf2, 0x0, 0x0, 0x0, 0x9f, 0xff,
    0xe0, 0x0, 0x0, 0x2, 0xff, 0xfe, 0x0, 0x0,
    0x0, 0x9, 0xff, 0xfe, 0x0, 0x0, 0x0, 0x8f,
    0xff, 0xa0, 0x0, 0x0, 0x0, 0x9f, 0xff, 0xe0,
    0x0, 0x0, 0x2f, 0xff, 0xf3, 0x0, 0x0, 0x0,
    0x9, 0xff, 0xfe, 0x0, 0x5, 0xaf, 0xff, 0xfe,
    0xaa, 0xaa, 0xaa, 0xaa, 0xdf, 0xff, 0xfa, 0xa6,
    0x8f, 0xff, 0xff, 0xff, 0xff, 0xff, 0xff, 0xff,
    0xff, 0xff, 0xff, 0xa8, 0xff, 0xff, 0xff, 0xff,
    0xff, 0xff, 0xff, 0xff, 0xff, 0xff, 0xfa, 0x8f,
    0xff, 0xff, 0xff, 0xff, 0xff, 0xff, 0xff, 0xff,
    0xff, 0xff, 0xa9, 0xff, 0xfa, 0x0, 0x0, 0x0,
    0x0, 0x0, 0x0, 0x8, 0xff, 0xfa, 0x9f, 0xff,
    0xa0, 0x0, 0x0, 0x0, 0x0, 0x0, 0x0, 0x8f,
    0xff, 0xa9, 0xff, 0xfa, 0x0, 0x0, 0x0, 0x0,
    0x0, 0x0, 0x8, 0xff, 0xfa, 0x9f, 0xff, 0x90,
    0x0, 0x0, 0x0, 0x0, 0x0, 0x0, 0x8f, 0xff,
    0xa0,

    /* U+0415 "Е" */
    0x9f, 0xff, 0xff, 0xff, 0xff, 0xff, 0xff, 0xf4,
    0x9f, 0xff, 0xff, 0xff, 0xff, 0xff, 0xff, 0xf4,
    0x9f, 0xff, 0xff, 0xff, 0xff, 0xff, 0xff, 0xf4,
    0x9f, 0xff, 0xf9, 0x99, 0x99, 0x99, 0x99, 0x92,
    0x9f, 0xff, 0xf0, 0x0, 0x0, 0x0, 0x0, 0x0,
    0x9f, 0xff, 0xf0, 0x0, 0x0, 0x0, 0x0, 0x0,
    0x9f, 0xff, 0xf0, 0x0, 0x0, 0x0, 0x0, 0x0,
    0x9f, 0xff, 0xf7, 0x77, 0x77, 0x77, 0x77, 0x0,
    0x9f, 0xff, 0xff, 0xff, 0xff, 0xff, 0xff, 0x0,
    0x9f, 0xff, 0xff, 0xff, 0xff, 0xff, 0xff, 0x0,
    0x9f, 0xff, 0xff, 0xff, 0xff, 0xff, 0xff, 0x0,
    0x9f, 0xff, 0xf0, 0x0, 0x0, 0x0, 0x0, 0x0,
    0x9f, 0xff, 0xf0, 0x0, 0x0, 0x0, 0x0, 0x0,
    0x9f, 0xff, 0xf0, 0x0, 0x0, 0x0, 0x0, 0x0,
    0x9f, 0xff, 0xf0, 0x0, 0x0, 0x0, 0x0, 0x0,
    0x9f, 0xff, 0xf9, 0x99, 0x99, 0x99, 0x99, 0x95,
    0x9f, 0xff, 0xff, 0xff, 0xff, 0xff, 0xff, 0xf9,
    0x9f, 0xff, 0xff, 0xff, 0xff, 0xff, 0xff, 0xf9,
    0x9f, 0xff, 0xff, 0xff, 0xff, 0xff, 0xff, 0xf9,

    /* U+0416 "Ж" */
    0xe, 0xff, 0xfc, 0x0, 0x0, 0x0, 0x1f, 0xff,
    0xf5, 0x0, 0x0, 0x0, 0x9f, 0xff, 0xf2, 0x5,
    0xff, 0xff, 0x60, 0x0, 0x0, 0x1f, 0xff, 0xf5,
    0x0, 0x0, 0x3, 0xff, 0xff, 0x80, 0x0, 0xaf,
    0xff, 0xe1, 0x0, 0x0, 0x1f, 0xff, 0xf5, 0x0,
    0x0, 0xc, 0xff, 0xfd, 0x0, 0x0, 0x1f, 0xff,
    0xfa, 0x0, 0x0, 0x1f, 0xff, 0xf5, 0x0, 0x0,
    0x6f, 0xff, 0xf4, 0x0, 0x0, 0x6, 0xff, 0xff,
    0x30, 0x0, 0x1f, 0xff, 0xf5, 0x0, 0x1, 0xff,
    0xff, 0xa0, 0x0, 0x0, 0x0, 0xcf, 0xff, 0xd0,
    0x0, 0x1f, 0xff, 0xf5, 0x0, 0xa, 0xff, 0xfe,
    0x10, 0x0, 0x0, 0x0, 0x2f, 0xff, 0xf6, 0x0,
    0x1f, 0xff, 0xf5, 0x0, 0x4f, 0xff, 0xf6, 0x0,
    0x0, 0x0, 0x0, 0x8, 0xff, 0xff, 0xbb, 0xbf,
    0xff, 0xfd, 0xbb, 0xef, 0xff, 0xb0, 0x0, 0x0,
    0x0, 0x0, 0x0, 0xef, 0xff, 0xff, 0xff, 0xff,
    0xff, 0xff, 0xff, 0xff, 0x20, 0x0, 0x0, 0x0,
    0x0, 0x3, 0xff, 0xff, 0xff, 0xff, 0xff, 0xff,
    0xff, 0xff, 0xff, 0x70, 0x0, 0x0, 0x0, 0x0,
    0xc, 0xff, 0xff, 0xff, 0xff, 0xff, 0xff, 0xff,
    0xff, 0xff, 0xf1, 0x0, 0x0, 0x0, 0x0, 0x5f,
    0xff, 0xfb, 0x0, 0x1f, 0xff, 0xf5, 0x0, 0x8f,
    0xff, 0xf9, 0x0, 0x0, 0x0, 0x0, 0xef, 0xff,
    0xf2, 0x0, 0x1f, 0xff, 0xf5, 0x0, 0xe, 0xff,
    0xff, 0x20, 0x0, 0x0, 0x8, 0xff, 0xff, 0x90,
    0x0, 0x1f, 0xff, 0xf5, 0x0, 0x6, 0xff, 0xff,
    0xb0, 0x0, 0x0, 0x1f, 0xff, 0xff, 0x10, 0x0,
    0x1f, 0xff, 0xf5, 0x0, 0x0, 0xdf, 0xff, 0xf4,
    0x0, 0x0, 0xaf, 0xff, 0xf8, 0x0, 0x0, 0x1f,
    0xff, 0xf5, 0x0, 0x0, 0x5f, 0xff, 0xfd, 0x0,
    0x3, 0xff, 0xff, 0xe0, 0x0, 0x0, 0x1f, 0xff,
    0xf5, 0x0, 0x0, 0xc, 0xff, 0xff, 0x60, 0xc,
    0xff, 0xff, 0x60, 0x0, 0x0, 0x1f, 0xff, 0xf5,
    0x0, 0x0, 0x3, 0xff, 0xff, 0xe1, 0x5f, 0xff,
    0xfd, 0x0, 0x0, 0x0, 0x1f, 0xff, 0xf5, 0x0,
    0x0, 0x0, 0xaf, 0xff, 0xf8,

    /* U+0417 "З" */
    0x0, 0x1, 0x6a, 0xde, 0xff, 0xec, 0x94, 0x0,
    0x0, 0x0, 0x1b, 0xff, 0xff, 0xff, 0xff, 0xff,
    0xfe, 0x50, 0x0, 0x0, 0xef, 0xff, 0xff, 0xff,
    0xff, 0xff, 0xff, 0x60, 0x0, 0x8, 0xff, 0xfd,
    0xba, 0xbc, 0xff, 0xff, 0xff, 0x10, 0x0, 0x28,
    0x30, 0x0, 0x0, 0x1, 0xbf, 0xff, 0xf3, 0x0,
    0x0, 0x0, 0x0, 0x0, 0x0, 0x5, 0xff, 0xff,
    0x30, 0x0, 0x0, 0x0, 0x0, 0x0, 0x4, 0xdf,
    0xff, 0xd0, 0x0, 0x0, 0x1, 0xff, 0xff, 0xff,
    0xff, 0xff, 0xf3, 0x0, 0x0, 0x0, 0x1f, 0xff,
    0xff, 0xff, 0xff, 0xf3, 0x0, 0x0, 0x0, 0x1,
    0xff, 0xff, 0xff, 0xff, 0xff, 0xf6, 0x0, 0x0,
    0x0, 0x5, 0x55, 0x55, 0x68, 0xef, 0xff, 0xf4,
    0x0, 0x0, 0x0, 0x0, 0x0, 0x0, 0x1, 0xdf,
    0xff, 0xc0, 0x0, 0x0, 0x0, 0x0, 0x0, 0x0,
    0x8, 0xff, 0xff, 0x0, 0x2, 0x0, 0x0, 0x0,
    0x0, 0x0, 0x9f, 0xff, 0xf1, 0x1, 0xfb, 0x50,
    0x0, 0x0, 0x0, 0x6f, 0xff, 0xfe, 0x0, 0x8f,
    0xff, 0xfc, 0xa9, 0x9b, 0xef, 0xff, 0xff, 0x70,
    0xe, 0xff, 0xff, 0xff, 0xff, 0xff, 0xff, 0xff,
    0xa0, 0x0, 0x5d, 0xff, 0xff, 0xff, 0xff, 0xff,
    0xfe, 0x70, 0x0, 0x0, 0x3, 0x8b, 0xde, 0xff,
    0xec, 0x95, 0x0, 0x0, 0x0,

    /* U+0418 "И" */
    0x9f, 0xff, 0xf0, 0x0, 0x0, 0x0, 0x2, 0xff,
    0xff, 0x89, 0xff, 0xff, 0x0, 0x0, 0x0, 0x0,
    0xcf, 0xff, 0xf8, 0x9f, 0xff, 0xf0, 0x0, 0x0,
    0x0, 0x9f, 0xff, 0xff, 0x89, 0xff, 0xff, 0x0,
    0x0, 0x0, 0x5f, 0xff, 0xff, 0xf8, 0x9f, 0xff,
    0xf0, 0x0, 0x0, 0x2f, 0xff, 0xff, 0xff, 0x89,
    0xff, 0xff, 0x0, 0x0, 0xd, 0xff, 0xff, 0xff,
    0xf8, 0x9f, 0xff, 0xf0, 0x0, 0x9, 0xff, 0xff,
    0xff, 0xff, 0x89, 0xff, 0xff, 0x0, 0x6, 0xff,
    0xff, 0x7e, 0xff, 0xf8, 0x9f, 0xff, 0xf0, 0x2,
    0xff, 0xff, 0xa0, 0xef, 0xff, 0x89, 0xff, 0xff,
    0x0, 0xdf, 0xff, 0xd0, 0xe, 0xff, 0xf8, 0x9f,
    0xff, 0xf0, 0xaf, 0xff, 0xf3, 0x0, 0xef, 0xff,
    0x89, 0xff, 0xff, 0x6f, 0xff, 0xf6, 0x0, 0xe,
    0xff, 0xf8, 0x9f, 0xff, 0xff, 0xff, 0xfa, 0x0,
    0x0, 0xef, 0xff, 0x89, 0xff, 0xff, 0xff, 0xfd,
    0x0, 0x0, 0xe, 0xff, 0xf8, 0x9f, 0xff, 0xff,
    0xff, 0x20, 0x0, 0x0, 0xef, 0xff, 0x89, 0xff,
    0xff, 0xff, 0x50, 0x0, 0x0, 0xe, 0xff, 0xf8,
    0x9f, 0xff, 0xff, 0x90, 0x0, 0x0, 0x0, 0xef,
    0xff, 0x89, 0xff, 0xff, 0xd0, 0x0, 0x0, 0x0,
    0xe, 0xff, 0xf8, 0x9f, 0xff, 0xf2, 0x0, 0x0,
    0x0, 0x0, 0xef, 0xff, 0x80,

    /* U+0419 "Й" */
    0x0, 0x0, 0x78, 0x81, 0x0, 0x2, 0x88, 0x70,
    0x0, 0x0, 0x0, 0xc, 0xff, 0xa1, 0x2, 0xbf,
    0xfb, 0x0, 0x0, 0x0, 0x0, 0x5f, 0xff, 0xff,
    0xff, 0xff, 0x40, 0x0, 0x0, 0x0, 0x0, 0x4c,
    0xff, 0xff, 0xfc, 0x40, 0x0, 0x0, 0x0, 0x0,
    0x0, 0x0, 0x23, 0x20, 0x0, 0x0, 0x0, 0x0,
    0x0, 0x0, 0x0, 0x0, 0x0, 0x0, 0x0, 0x0,
    0x0, 0x9f, 0xff, 0xf0, 0x0, 0x0, 0x0, 0x2,
    0xff, 0xff, 0x89, 0xff, 0xff, 0x0, 0x0, 0x0,
    0x0, 0xcf, 0xff, 0xf8, 0x9f, 0xff, 0xf0, 0x0,
    0x0, 0x0, 0x9f, 0xff, 0xff, 0x89, 0xff, 0xff,
    0x0, 0x0, 0x0, 0x5f, 0xff, 0xff, 0xf8, 0x9f,
    0xff, 0xf0, 0x0, 0x0, 0x2f, 0xff, 0xff, 0xff,
    0x89, 0xff, 0xff, 0x0, 0x0, 0xd, 0xff, 0xff,
    0xff, 0xf8, 0x9f, 0xff, 0xf0, 0x0, 0x9, 0xff,
    0xff, 0xff, 0xff, 0x89, 0xff, 0xff, 0x0, 0x6,
    0xff, 0xff, 0x7e, 0xff, 0xf8, 0x9f, 0xff, 0xf0,
    0x2, 0xff, 0xff, 0xa0, 0xef, 0xff, 0x89, 0xff,
    0xff, 0x0, 0xdf, 0xff, 0xd0, 0xe, 0xff, 0xf8,
    0x9f, 0xff, 0xf0, 0xaf, 0xff, 0xf3, 0x0, 0xef,
    0xff, 0x89, 0xff, 0xff, 0x6f, 0xff, 0xf6, 0x0,
    0xe, 0xff, 0xf8, 0x9f, 0xff, 0xff, 0xff, 0xfa,
    0x0, 0x0, 0xef, 0xff, 0x89, 0xff, 0xff, 0xff,
    0xfd, 0x0, 0x0, 0xe, 0xff, 0xf8, 0x9f, 0xff,
    0xff, 0xff, 0x20, 0x0, 0x0, 0xef, 0xff, 0x89,
    0xff, 0xff, 0xff, 0x50, 0x0, 0x0, 0xe, 0xff,
    0xf8, 0x9f, 0xff, 0xff, 0x90, 0x0, 0x0, 0x0,
    0xef, 0xff, 0x89, 0xff, 0xff, 0xd0, 0x0, 0x0,
    0x0, 0xe, 0xff, 0xf8, 0x9f, 0xff, 0xf2, 0x0,
    0x0, 0x0, 0x0, 0xef, 0xff, 0x80,

    /* U+041A "К" */
    0xaf, 0xff, 0xe0, 0x0, 0x0, 0x0, 0x2f, 0xff,
    0xfb, 0xa, 0xff, 0xfe, 0x0, 0x0, 0x0, 0xc,
    0xff, 0xfe, 0x10, 0xaf, 0xff, 0xe0, 0x0, 0x0,
    0x7, 0xff, 0xff, 0x40, 0xa, 0xff, 0xfe, 0x0,
    0x0, 0x3, 0xff, 0xff, 0x80, 0x0, 0xaf, 0xff,
    0xe0, 0x0, 0x0, 0xdf, 0xff, 0xc0, 0x0, 0xa,
    0xff, 0xfe, 0x0, 0x0, 0x9f, 0xff, 0xf2, 0x0,
    0x0, 0xaf, 0xff, 0xe0, 0x0, 0x4f, 0xff, 0xf5,
    0x0, 0x0, 0xa, 0xff, 0xff, 0xbb, 0xbe, 0xff,
    0xf9, 0x0, 0x0, 0x0, 0xaf, 0xff, 0xff, 0xff,
    0xff, 0xfd, 0x0, 0x0, 0x0, 0xa, 0xff, 0xff,
    0xff, 0xff, 0xff, 0xf2, 0x0, 0x0, 0x0, 0xaf,
    0xff, 0xff, 0xff, 0xff, 0xff, 0xc0, 0x0, 0x0,
    0xa, 0xff, 0xfe, 0x0, 0xa, 0xff, 0xff, 0x60,
    0x0, 0x0, 0xaf, 0xff, 0xe0, 0x0, 0x1e, 0xff,
    0xff, 0x10, 0x0, 0xa, 0xff, 0xfe, 0x0, 0x0,
    0x6f, 0xff, 0xfb, 0x0, 0x0, 0xaf, 0xff, 0xe0,
    0x0, 0x0, 0xbf, 0xff, 0xf5, 0x0, 0xa, 0xff,
    0xfe, 0x0, 0x0, 0x2, 0xff, 0xff, 0xe1, 0x0,
    0xaf, 0xff, 0xe0, 0x0, 0x0, 0x7, 0xff, 0xff,
    0xa0, 0xa, 0xff, 0xfe, 0x0, 0x0, 0x0, 0xd,
    0xff, 0xff, 0x40, 0xaf, 0xff, 0xe0, 0x0, 0x0,
    0x0, 0x3f, 0xff, 0xfe, 0x0,

    /* U+041B "Л" */
    0x0, 0x0, 0x2f, 0xff, 0xff, 0xff, 0xff, 0xff,
    0xff, 0xfe, 0x0, 0x0, 0x3f, 0xff, 0xff, 0xff,
    0xff, 0xff, 0xff, 0xfe, 0x0, 0x0, 0x4f, 0xff,
    0xff, 0xff, 0xff, 0xff, 0xff, 0xfe, 0x0, 0x0,
    0x4f, 0xff, 0xea, 0xaa, 0xaa, 0xad, 0xff, 0xfe,
    0x0, 0x0, 0x5f, 0xff, 0xa0, 0x0, 0x0, 0x9,
    0xff, 0xfe, 0x0, 0x0, 0x5f, 0xff, 0xa0, 0x0,
    0x0, 0x9, 0xff, 0xfe, 0x0, 0x0, 0x6f, 0xff,
    0x90, 0x0, 0x0, 0x9, 0xff, 0xfe, 0x0, 0x0,
    0x7f, 0xff, 0x80, 0x0, 0x0, 0x9, 0xff, 0xfe,
    0x0, 0x0, 0x7f, 0xff, 0x80, 0x0, 0x0, 0x9,
    0xff, 0xfe, 0x0, 0x0, 0x8f, 0xff, 0x70, 0x0,
    0x0, 0x9, 0xff, 0xfe, 0x0, 0x0, 0xaf, 0xff,
    0x60, 0x0, 0x0, 0x9, 0xff, 0xfe, 0x0, 0x0,
    0xcf, 0xff, 0x40, 0x0, 0x0, 0x9, 0xff, 0xfe,
    0x0, 0x0, 0xff, 0xff, 0x20, 0x0, 0x0, 0x9,
    0xff, 0xfe, 0x0, 0x6, 0xff, 0xff, 0x0, 0x0,
    0x0, 0x9, 0xff, 0xfe, 0x0, 0x4e, 0xff, 0xfb,
    0x0, 0x0, 0x0, 0x9, 0xff, 0xfe, 0x5f, 0xff,
    0xff, 0xf6, 0x0, 0x0, 0x0, 0x9, 0xff, 0xfe,
    0x7f, 0xff, 0xff, 0xe0, 0x0, 0x0, 0x0, 0x9,
    0xff, 0xfe, 0x8f, 0xff, 0xff, 0x30, 0x0, 0x0,
    0x0, 0x9, 0xff, 0xfe, 0x9f, 0xfe, 0xa2, 0x0,
    0x0, 0x0, 0x0, 0x9, 0xff, 0xfe,

    /* U+041C "М" */
    0x9f, 0xff, 0x70, 0x0, 0x0, 0x0, 0x0, 0x0,
    0x0, 0x8f, 0xff, 0x79, 0xff, 0xff, 0x20, 0x0,
    0x0, 0x0, 0x0, 0x0, 0x2f, 0xff, 0xf8, 0x9f,
    0xff, 0xfb, 0x0, 0x0, 0x0, 0x0, 0x0, 0xc,
    0xff, 0xff, 0x89, 0xff, 0xff, 0xf5, 0x0, 0x0,
    0x0, 0x0, 0x6, 0xff, 0xff, 0xf8, 0x9f, 0xff,
    0xff, 0xe1, 0x0, 0x0, 0x0, 0x1, 0xef, 0xff,
    0xff, 0x89, 0xff, 0xff, 0xff, 0x90, 0x0, 0x0,
    0x0, 0x9f, 0xff, 0xff, 0xf8, 0x9f, 0xff, 0xff,
    0xff, 0x30, 0x0, 0x0, 0x3f, 0xff, 0xff, 0xff,
    0x89, 0xff, 0xff, 0xff, 0xfd, 0x0, 0x0, 0xd,
    0xff, 0xff, 0xff, 0xf8, 0x9f, 0xff, 0xbd, 0xff,
    0xf7, 0x0, 0x7, 0xff, 0xfb, 0xcf, 0xff, 0x89,
    0xff, 0xfb, 0x4f, 0xff, 0xf2, 0x1, 0xff, 0xff,
    0x2c, 0xff, 0xf8, 0x9f, 0xff, 0xb0, 0xaf, 0xff,
    0xb0, 0xaf, 0xff, 0x70, 0xbf, 0xff, 0x89, 0xff,
    0xfb, 0x1, 0xef, 0xff, 0x9f, 0xff, 0xd0, 0xb,
    0xff, 0xf8, 0x9f, 0xff, 0xb0, 0x6, 0xff, 0xff,
    0xff, 0xf3, 0x0, 0xbf, 0xff, 0x89, 0xff, 0xfb,
    0x0, 0xb, 0xff, 0xff, 0xfa, 0x0, 0xb, 0xff,
    0xf8, 0x9f, 0xff, 0xb0, 0x0, 0x2f, 0xff, 0xfe,
    0x10, 0x0, 0xbf, 0xff, 0x89, 0xff, 0xfb, 0x0,
    0x0, 0x7f, 0xff, 0x60, 0x0, 0xb, 0xff, 0xf8,
    0x9f, 0xff, 0xb0, 0x0, 0x0, 0xdf, 0xc0, 0x0,
    0x0, 0xbf, 0xff, 0x89, 0xff, 0xfb, 0x0, 0x0,
    0x0, 0x0, 0x0, 0x0, 0xb, 0xff, 0xf8, 0x9f,
    0xff, 0xb0, 0x0, 0x0, 0x0, 0x0, 0x0, 0x0,
    0xbf, 0xff, 0x80,

    /* U+041D "Н" */
    0x9f, 0xff, 0xf0, 0x0, 0x0, 0x0, 0x2, 0xff,
    0xff, 0x69, 0xff, 0xff, 0x0, 0x0, 0x0, 0x0,
    0x2f, 0xff, 0xf6, 0x9f, 0xff, 0xf0, 0x0, 0x0,
    0x0, 0x2, 0xff, 0xff, 0x69, 0xff, 0xff, 0x0,
    0x0, 0x0, 0x0, 0x2f, 0xff, 0xf6, 0x9f, 0xff,
    0xf0, 0x0, 0x0, 0x0, 0x2, 0xff, 0xff, 0x69,
    0xff, 0xff, 0x0, 0x0, 0x0, 0x0, 0x2f, 0xff,
    0xf6, 0x9f, 0xff, 0xf0, 0x0, 0x0, 0x0, 0x2,
    0xff, 0xff, 0x69, 0xff, 0xff, 0xcc, 0xcc, 0xcc,
    0xcc, 0xcf, 0xff, 0xf6, 0x9f, 0xff, 0xff, 0xff,
    0xff, 0xff, 0xff, 0xff, 0xff, 0x69, 0xff, 0xff,
    0xff, 0xff, 0xff, 0xff, 0xff, 0xff, 0xf6, 0x9f,
    0xff, 0xff, 0xff, 0xff, 0xff, 0xff, 0xff, 0xff,
    0x69, 0xff, 0xff, 0x0, 0x0, 0x0, 0x0, 0x2f,
    0xff, 0xf6, 0x9f, 0xff, 0xf0, 0x0, 0x0, 0x0,
    0x2, 0xff, 0xff, 0x69, 0xff, 0xff, 0x0, 0x0,
    0x0, 0x0, 0x2f, 0xff, 0xf6, 0x9f, 0xff, 0xf0,
    0x0, 0x0, 0x0, 0x2, 0xff, 0xff, 0x69, 0xff,
    0xff, 0x0, 0x0, 0x0, 0x0, 0x2f, 0xff, 0xf6,
    0x9f, 0xff, 0xf0, 0x0, 0x0, 0x0, 0x2, 0xff,
    0xff, 0x69, 0xff, 0xff, 0x0, 0x0, 0x0, 0x0,
    0x2f, 0xff, 0xf6, 0x9f, 0xff, 0xf0, 0x0, 0x0,
    0x0, 0x2, 0xff, 0xff, 0x60,

    /* U+041E "О" */
    0x0, 0x0, 0x0, 0x38, 0xce, 0xff, 0xdb, 0x61,
    0x0, 0x0, 0x0, 0x0, 0x0, 0x4c, 0xff, 0xff,
    0xff, 0xff, 0xff, 0x91, 0x0, 0x0, 0x0, 0x9,
    0xff, 0xff, 0xff, 0xff, 0xff, 0xff, 0xfe, 0x30,
    0x0, 0x0, 0x9f, 0xff, 0xff, 0xfe, 0xcd, 0xff,
    0xff, 0xff, 0xf3, 0x0, 0x6, 0xff, 0xff, 0xfa,
    0x20, 0x0, 0x5, 0xdf, 0xff, 0xfe, 0x10, 0x1e,
    0xff, 0xff, 0x50, 0x0, 0x0, 0x0, 0xb, 0xff,
    0xff, 0x90, 0x6f, 0xff, 0xf8, 0x0, 0x0, 0x0,
    0x0, 0x0, 0xef, 0xff, 0xf0, 0xbf, 0xff, 0xf0,
    0x0, 0x0, 0x0, 0x0, 0x0, 0x7f, 0xff, 0xf4,
    0xdf, 0xff, 0xc0, 0x0, 0x0, 0x0, 0x0, 0x0,
    0x2f, 0xff, 0xf6, 0xef, 0xff, 0xa0, 0x0, 0x0,
    0x0, 0x0, 0x0, 0x1f, 0xff, 0xf7, 0xdf, 0xff,
    0xc0, 0x0, 0x0, 0x0, 0x0, 0x0, 0x2f, 0xff,
    0xf6, 0xbf, 0xff, 0xf0, 0x0, 0x0, 0x0, 0x0,
    0x0, 0x7f, 0xff, 0xf4, 0x6f, 0xff, 0xf8, 0x0,
    0x0, 0x0, 0x0, 0x0, 0xef, 0xff, 0xf0, 0x1e,
    0xff, 0xff, 0x50, 0x0, 0x0, 0x0, 0xb, 0xff,
    0xff, 0x90, 0x6, 0xff, 0xff, 0xf9, 0x20, 0x0,
    0x5, 0xdf, 0xff, 0xfe, 0x10, 0x0, 0xaf, 0xff,
    0xff, 0xfe, 0xdd, 0xff, 0xff, 0xff, 0xf3, 0x0,
    0x0, 0x9, 0xff, 0xff, 0xff, 0xff, 0xff, 0xff,
    0xfe, 0x40, 0x0, 0x0, 0x0, 0x4d, 0xff, 0xff,
    0xff, 0xff, 0xff, 0x91, 0x0, 0x0, 0x0, 0x0,
    0x0, 0x48, 0xce, 0xff, 0xdb, 0x71, 0x0, 0x0,
    0x0,

    /* U+041F "П" */
    0x9f, 0xff, 0xff, 0xff, 0xff, 0xff, 0xff, 0xff,
    0xff, 0x49, 0xff, 0xff, 0xff, 0xff, 0xff, 0xff,
    0xff, 0xff, 0xf4, 0x9f, 0xff, 0xff, 0xff, 0xff,
    0xff, 0xff, 0xff, 0xff, 0x49, 0xff, 0xff, 0xaa,
    0xaa, 0xaa, 0xaa, 0xbf, 0xff, 0xf4, 0x9f, 0xff,
    0xf0, 0x0, 0x0, 0x0, 0x3, 0xff, 0xff, 0x49,
    0xff, 0xff, 0x0, 0x0, 0x0, 0x0, 0x3f, 0xff,
    0xf4, 0x9f, 0xff, 0xf0, 0x0, 0x0, 0x0, 0x3,
    0xff, 0xff, 0x49, 0xff, 0xff, 0x0, 0x0, 0x0,
    0x0, 0x3f, 0xff, 0xf4, 0x9f, 0xff, 0xf0, 0x0,
    0x0, 0x0, 0x3, 0xff, 0xff, 0x49, 0xff, 0xff,
    0x0, 0x0, 0x0, 0x0, 0x3f, 0xff, 0xf4, 0x9f,
    0xff, 0xf0, 0x0, 0x0, 0x0, 0x3, 0xff, 0xff,
    0x49, 0xff, 0xff, 0x0, 0x0, 0x0, 0x0, 0x3f,
    0xff, 0xf4, 0x9f, 0xff, 0xf0, 0x0, 0x0, 0x0,
    0x3, 0xff, 0xff, 0x49, 0xff, 0xff, 0x0, 0x0,
    0x0, 0x0, 0x3f, 0xff, 0xf4, 0x9f, 0xff, 0xf0,
    0x0, 0x0, 0x0, 0x3, 0xff, 0xff, 0x49, 0xff,
    0xff, 0x0, 0x0, 0x0, 0x0, 0x3f, 0xff, 0xf4,
    0x9f, 0xff, 0xf0, 0x0, 0x0, 0x0, 0x3, 0xff,
    0xff, 0x49, 0xff, 0xff, 0x0, 0x0, 0x0, 0x0,
    0x3f, 0xff, 0xf4, 0x9f, 0xff, 0xf0, 0x0, 0x0,
    0x0, 0x3, 0xff, 0xff, 0x40,

    /* U+0420 "Р" */
    0x9f, 0xff, 0xff, 0xff, 0xff, 0xdb, 0x72, 0x0,
    0x0, 0x9f, 0xff, 0xff, 0xff, 0xff, 0xff, 0xff,
    0x80, 0x0, 0x9f, 0xff, 0xff, 0xff, 0xff, 0xff,
    0xff, 0xfb, 0x0, 0x9f, 0xff, 0xfa, 0xaa, 0xaa,
    0xdf, 0xff, 0xff, 0x90, 0x9f, 0xff, 0xf0, 0x0,
    0x0, 0x4, 0xff, 0xff, 0xf1, 0x9f, 0xff, 0xf0,
    0x0, 0x0, 0x0, 0x7f, 0xff, 0xf4, 0x9f, 0xff,
    0xf0, 0x0, 0x0, 0x0, 0x3f, 0xff, 0xf6, 0x9f,
    0xff, 0xf0, 0x0, 0x0, 0x0, 0x3f, 0xff, 0xf6,
    0x9f, 0xff, 0xf0, 0x0, 0x0, 0x0, 0xaf, 0xff,
    0xf3, 0x9f, 0xff, 0xf0, 0x0, 0x0, 0x3a, 0xff,
    0xff, 0xe0, 0x9f, 0xff, 0xff, 0xff, 0xff, 0xff,
    0xff, 0xff, 0x50, 0x9f, 0xff, 0xff, 0xff, 0xff,
    0xff, 0xff, 0xf6, 0x0, 0x9f, 0xff, 0xff, 0xff,
    0xff, 0xff, 0xfc, 0x30, 0x0, 0x9f, 0xff, 0xfa,
    0xaa, 0xa9, 0x86, 0x10, 0x0, 0x0, 0x9f, 0xff,
    0xf0, 0x0, 0x0, 0x0, 0x0, 0x0, 0x0, 0x9f,
    0xff, 0xf0, 0x0, 0x0, 0x0, 0x0, 0x0, 0x0,
    0x9f, 0xff, 0xf0, 0x0, 0x0, 0x0, 0x0, 0x0,
    0x0, 0x9f, 0xff, 0xf0, 0x0, 0x0, 0x0, 0x0,
    0x0, 0x0, 0x9f, 0xff, 0xf0, 0x0, 0x0, 0x0,
    0x0, 0x0, 0x0,

    /* U+0421 "С" */
    0x0, 0x0, 0x0, 0x48, 0xce, 0xfe, 0xda, 0x61,
    0x0, 0x0, 0x0, 0x4, 0xdf, 0xff, 0xff, 0xff,
    0xff, 0xf7, 0x0, 0x0, 0x9, 0xff, 0xff, 0xff,
    0xff, 0xff, 0xff, 0xfc, 0x10, 0xa, 0xff, 0xff,
    0xff, 0xed, 0xdf, 0xff, 0xff, 0xf7, 0x6, 0xff,
    0xff, 0xfa, 0x30, 0x0, 0x4, 0xcf, 0xf8, 0x0,
    0xef, 0xff, 0xf5, 0x0, 0x0, 0x0, 0x0, 0x85,
    0x0, 0x6f, 0xff, 0xf8, 0x0, 0x0, 0x0, 0x0,
    0x0, 0x0, 0xa, 0xff, 0xff, 0x10, 0x0, 0x0,
    0x0, 0x0, 0x0, 0x0, 0xcf, 0xff, 0xc0, 0x0,
    0x0, 0x0, 0x0, 0x0, 0x0, 0xe, 0xff, 0xfb,
    0x0, 0x0, 0x0, 0x0, 0x0, 0x0, 0x0, 0xcf,
    0xff, 0xc0, 0x0, 0x0, 0x0, 0x0, 0x0, 0x0,
    0xa, 0xff, 0xff, 0x10, 0x0, 0x0, 0x0, 0x0,
    0x0, 0x0, 0x6f, 0xff, 0xf8, 0x0, 0x0, 0x0,
    0x0, 0x0, 0x0, 0x0, 0xef, 0xff, 0xf5, 0x0,
    0x0, 0x0, 0x0, 0x86, 0x0, 0x6, 0xff, 0xff,
    0xfa, 0x30, 0x0, 0x4, 0xcf, 0xf8, 0x0, 0xa,
    0xff, 0xff, 0xff, 0xed, 0xdf, 0xff, 0xff, 0xf8,
    0x0, 0x9, 0xff, 0xff, 0xff, 0xff, 0xff, 0xff,
    0xfc, 0x0, 0x0, 0x5, 0xdf, 0xff, 0xff, 0xff,
    0xff, 0xf7, 0x0, 0x0, 0x0, 0x0, 0x49, 0xce,
    0xfe, 0xda, 0x61, 0x0, 0x0,

    /* U+0422 "Т" */
    0x9f, 0xff, 0xff, 0xff, 0xff, 0xff, 0xff, 0xff,
    0xf6, 0x9f, 0xff, 0xff, 0xff, 0xff, 0xff, 0xff,
    0xff, 0xf6, 0x9f, 0xff, 0xff, 0xff, 0xff, 0xff,
    0xff, 0xff, 0xf6, 0x5a, 0xaa, 0xaa, 0xcf, 0xff,
    0xfa, 0xaa, 0xaa, 0xa4, 0x0, 0x0, 0x0, 0x5f,
    0xff, 0xf2, 0x0, 0x0, 0x0, 0x0, 0x0, 0x0,
    0x5f, 0xff, 0xf2, 0x0, 0x0, 0x0, 0x0, 0x0,
    0x0, 0x5f, 0xff, 0xf2, 0x0, 0x0, 0x0, 0x0,
    0x0, 0x0, 0x5f, 0xff, 0xf2, 0x0, 0x0, 0x0,
    0x0, 0x0, 0x0, 0x5f, 0xff, 0xf2, 0x0, 0x0,
    0x0, 0x0, 0x0, 0x0, 0x5f, 0xff, 0xf2, 0x0,
    0x0, 0x0, 0x0, 0x0, 0x0, 0x5f, 0xff, 0xf2,
    0x0, 0x0, 0x0, 0x0, 0x0, 0x0, 0x5f, 0xff,
    0xf2, 0x0, 0x0, 0x0, 0x0, 0x0, 0x0, 0x5f,
    0xff, 0xf2, 0x0, 0x0, 0x0, 0x0, 0x0, 0x0,
    0x5f, 0xff, 0xf2, 0x0, 0x0, 0x0, 0x0, 0x0,
    0x0, 0x5f, 0xff, 0xf2, 0x0, 0x0, 0x0, 0x0,
    0x0, 0x0, 0x5f, 0xff, 0xf2, 0x0, 0x0, 0x0,
    0x0, 0x0, 0x0, 0x5f, 0xff, 0xf2, 0x0, 0x0,
    0x0, 0x0, 0x0, 0x0, 0x5f, 0xff, 0xf2, 0x0,
    0x0, 0x0, 0x0, 0x0, 0x0, 0x5f, 0xff, 0xf2,
    0x0, 0x0, 0x0,

    /* U+0423 "У" */
    0x7f, 0xff, 0xf5, 0x0, 0x0, 0x0, 0x0, 0x9,
    0xff, 0xfd, 0x0, 0xef, 0xff, 0xd0, 0x0, 0x0,
    0x0, 0x1, 0xff, 0xff, 0x40, 0x6, 0xff, 0xff,
    0x50, 0x0, 0x0, 0x0, 0x9f, 0xff, 0xc0, 0x0,
    0xd, 0xff, 0xfd, 0x0, 0x0, 0x0, 0x2f, 0xff,
    0xf3, 0x0, 0x0, 0x4f, 0xff, 0xf5, 0x0, 0x0,
    0xa, 0xff, 0xfa, 0x0, 0x0, 0x0, 0xbf, 0xff,
    0xd0, 0x0, 0x3, 0xff, 0xff, 0x20, 0x0, 0x0,
    0x3, 0xff, 0xff, 0x50, 0x0, 0xbf, 0xff, 0x80,
    0x0, 0x0, 0x0, 0xa, 0xff, 0xfd, 0x0, 0x3f,
    0xff, 0xf1, 0x0, 0x0, 0x0, 0x0, 0x2f, 0xff,
    0xf5, 0xb, 0xff, 0xf7, 0x0, 0x0, 0x0, 0x0,
    0x0, 0x8f, 0xff, 0xd4, 0xff, 0xfe, 0x0, 0x0,
    0x0, 0x0, 0x0, 0x1, 0xef, 0xff, 0xff, 0xff,
    0x50, 0x0, 0x0, 0x0, 0x0, 0x0, 0x7, 0xff,
    0xff, 0xff, 0xc0, 0x0, 0x0, 0x0, 0x0, 0x0,
    0x0, 0xe, 0xff, 0xff, 0xf4, 0x0, 0x0, 0x0,
    0x0, 0x0, 0x0, 0x0, 0x5f, 0xff, 0xfb, 0x0,
    0x0, 0x0, 0x0, 0x0, 0x0, 0x0, 0x5, 0xff,
    0xff, 0x20, 0x0, 0x0, 0x0, 0x0, 0x0, 0x42,
    0x16, 0xff, 0xff, 0x90, 0x0, 0x0, 0x0, 0x0,
    0x0, 0x2f, 0xff, 0xff, 0xff, 0xe0, 0x0, 0x0,
    0x0, 0x0, 0x0, 0x8, 0xff, 0xff, 0xff, 0xe2,
    0x0, 0x0, 0x0, 0x0, 0x0, 0x0, 0xdf, 0xff,
    0xff, 0xb2, 0x0, 0x0, 0x0, 0x0, 0x0, 0x0,
    0x2, 0x69, 0x97, 0x30, 0x0, 0x0, 0x0, 0x0,
    0x0, 0x0,

    /* U+0424 "Ф" */
    0x0, 0x0, 0x0, 0x0, 0x0, 0xb, 0xee, 0xe5,
    0x0, 0x0, 0x0, 0x0, 0x0, 0x0, 0x0, 0x0,
    0x0, 0x0, 0xc, 0xff, 0xf6, 0x0, 0x0, 0x0,
    0x0, 0x0, 0x0, 0x0, 0x0, 0x48, 0xcd, 0xff,
    0xff, 0xff, 0xed, 0xa6, 0x20, 0x0, 0x0, 0x0,
    0x0, 0x4d, 0xff, 0xff, 0xff, 0xff, 0xff, 0xff,
    0xff, 0xfa, 0x10, 0x0, 0x0, 0x8, 0xff, 0xff,
    0xff, 0xff, 0xff, 0xff, 0xff, 0xff, 0xff, 0xe3,
    0x0, 0x0, 0x8f, 0xff, 0xff, 0xfb, 0x8d, 0xff,
    0xfa, 0x8c, 0xff, 0xff, 0xff, 0x20, 0x2, 0xff,
    0xff, 0xf7, 0x0, 0xc, 0xff, 0xf6, 0x0, 0x2b,
    0xff, 0xff, 0xb0, 0x9, 0xff, 0xff, 0x40, 0x0,
    0xc, 0xff, 0xf6, 0x0, 0x0, 0xaf, 0xff, 0xf2,
    0xd, 0xff, 0xfb, 0x0, 0x0, 0xc, 0xff, 0xf6,
    0x0, 0x0, 0x1f, 0xff, 0xf7, 0xf, 0xff, 0xf7,
    0x0, 0x0, 0xc, 0xff, 0xf6, 0x0, 0x0, 0xd,
    0xff, 0xf9, 0xf, 0xff, 0xf6, 0x0, 0x0, 0xc,
    0xff, 0xf6, 0x0, 0x0, 0xc, 0xff, 0xf9, 0xf,
    0xff, 0xf8, 0x0, 0x0, 0xc, 0xff, 0xf6, 0x0,
    0x0, 0xe, 0xff, 0xf8, 0xc, 0xff, 0xfd, 0x0,
    0x0, 0xc, 0xff, 0xf6, 0x0, 0x0, 0x3f, 0xff,
    0xf5, 0x7, 0xff, 0xff, 0x90, 0x0, 0xc, 0xff,
    0xf6, 0x0, 0x1, 0xdf, 0xff, 0xf1, 0x0, 0xef,
    0xff, 0xfd, 0x51, 0xc, 0xff, 0xf6, 0x1, 0x7e,
    0xff, 0xff, 0x80, 0x0, 0x4f, 0xff, 0xff, 0xff,
    0xdf, 0xff, 0xfd, 0xdf, 0xff, 0xff, 0xfc, 0x0,
    0x0, 0x3, 0xef, 0xff, 0xff, 0xff, 0xff, 0xff,
    0xff, 0xff, 0xff, 0xb0, 0x0, 0x0, 0x0, 0x7,
    0xef, 0xff, 0xff, 0xff, 0xff, 0xff, 0xff, 0xc5,
    0x0, 0x0, 0x0, 0x0, 0x0, 0x2, 0x68, 0x9e,
    0xff, 0xfc, 0x97, 0x51, 0x0, 0x0, 0x0, 0x0,
    0x0, 0x0, 0x0, 0x0, 0xc, 0xff, 0xf6, 0x0,
    0x0, 0x0, 0x0, 0x0, 0x0, 0x0, 0x0, 0x0,
    0x0, 0xc, 0xff, 0xf6, 0x0, 0x0, 0x0, 0x0,
    0x0,

    /* U+0425 "Х" */
    0xd, 0xff, 0xff, 0x50, 0x0, 0x0, 0x4, 0xff,
    0xff, 0xe1, 0x3, 0xff, 0xff, 0xe1, 0x0, 0x0,
    0x1e, 0xff, 0xff, 0x50, 0x0, 0x8f, 0xff, 0xfb,
    0x0, 0x0, 0xaf, 0xff, 0xf9, 0x0, 0x0, 0xc,
    0xff, 0xff, 0x70, 0x6, 0xff, 0xff, 0xd0, 0x0,
    0x0, 0x2, 0xff, 0xff, 0xf2, 0x2f, 0xff, 0xff,
    0x30, 0x0, 0x0, 0x0, 0x6f, 0xff, 0xfd, 0xcf,
    0xff, 0xf7, 0x0, 0x0, 0x0, 0x0, 0xa, 0xff,
    0xff, 0xff, 0xff, 0xb0, 0x0, 0x0, 0x0, 0x0,
    0x1, 0xef, 0xff, 0xff, 0xfe, 0x10, 0x0, 0x0,
    0x0, 0x0, 0x0, 0x4f, 0xff, 0xff, 0xf4, 0x0,
    0x0, 0x0, 0x0, 0x0, 0x0, 0xe, 0xff, 0xff,
    0xf3, 0x0, 0x0, 0x0, 0x0, 0x0, 0x0, 0x9f,
    0xff, 0xff, 0xfd, 0x0, 0x0, 0x0, 0x0, 0x0,
    0x5, 0xff, 0xff, 0xff, 0xff, 0x90, 0x0, 0x0,
    0x0, 0x0, 0x1e, 0xff, 0xff, 0xff, 0xff, 0xf4,
    0x0, 0x0, 0x0, 0x0, 0xbf, 0xff, 0xf7, 0x6f,
    0xff, 0xfe, 0x10, 0x0, 0x0, 0x7, 0xff, 0xff,
    0xb0, 0xa, 0xff, 0xff, 0xb0, 0x0, 0x0, 0x3f,
    0xff, 0xfe, 0x10, 0x1, 0xef, 0xff, 0xf7, 0x0,
    0x0, 0xdf, 0xff, 0xf4, 0x0, 0x0, 0x3f, 0xff,
    0xff, 0x20, 0xa, 0xff, 0xff, 0x90, 0x0, 0x0,
    0x7, 0xff, 0xff, 0xd0, 0x5f, 0xff, 0xfd, 0x0,
    0x0, 0x0, 0x0, 0xcf, 0xff, 0xf9,

    /* U+0426 "Ц" */
    0x9f, 0xff, 0xf0, 0x0, 0x0, 0x0, 0x5, 0xff,
    0xff, 0x30, 0x9, 0xff, 0xff, 0x0, 0x0, 0x0,
    0x0, 0x5f, 0xff, 0xf3, 0x0, 0x9f, 0xff, 0xf0,
    0x0, 0x0, 0x0, 0x5, 0xff, 0xff, 0x30, 0x9,
    0xff, 0xff, 0x0, 0x0, 0x0, 0x0, 0x5f, 0xff,
    0xf3, 0x0, 0x9f, 0xff, 0xf0, 0x0, 0x0, 0x0,
    0x5, 0xff, 0xff, 0x30, 0x9, 0xff, 0xff, 0x0,
    0x0, 0x0, 0x0, 0x5f, 0xff, 0xf3, 0x0, 0x9f,
    0xff, 0xf0, 0x0, 0x0, 0x0, 0x5, 0xff, 0xff,
    0x30, 0x9, 0xff, 0xff, 0x0, 0x0, 0x0, 0x0,
    0x5f, 0xff, 0xf3, 0x0, 0x9f, 0xff, 0xf0, 0x0,
    0x0, 0x0, 0x5, 0xff, 0xff, 0x30, 0x9, 0xff,
    0xff, 0x0, 0x0, 0x0, 0x0, 0x5f, 0xff, 0xf3,
    0x0, 0x9f, 0xff, 0xf0, 0x0, 0x0, 0x0, 0x5,
    0xff, 0xff, 0x30, 0x9, 0xff, 0xff, 0x0, 0x0,
    0x0, 0x0, 0x5f, 0xff, 0xf3, 0x0, 0x9f, 0xff,
    0xf0, 0x0, 0x0, 0x0, 0x5, 0xff, 0xff, 0x30,
    0x9, 0xff, 0xff, 0x0, 0x0, 0x0, 0x0, 0x5f,
    0xff, 0xf3, 0x0, 0x9f, 0xff, 0xf0, 0x0, 0x0,
    0x0, 0x5, 0xff, 0xff, 0x30, 0x9, 0xff, 0xff,
    0xaa, 0xaa, 0xaa, 0xaa, 0xbf, 0xff, 0xfb, 0xa9,
    0x9f, 0xff, 0xff, 0xff, 0xff, 0xff, 0xff, 0xff,
    0xff, 0xff, 0xf9, 0xff, 0xff, 0xff, 0xff, 0xff,
    0xff, 0xff, 0xff, 0xff, 0xff, 0x9f, 0xff, 0xff,
    0xff, 0xff, 0xff, 0xff, 0xff, 0xff, 0xff, 0xf0,
    0x0, 0x0, 0x0, 0x0, 0x0, 0x0, 0x0, 0x3,
    0xff, 0xff, 0x0, 0x0, 0x0, 0x0, 0x0, 0x0,
    0x0, 0x0, 0x3f, 0xff, 0xf0, 0x0, 0x0, 0x0,
    0x0, 0x0, 0x0, 0x0, 0x3, 0xff, 0xff, 0x0,
    0x0, 0x0, 0x0, 0x0, 0x0, 0x0, 0x0, 0x3f,
    0xff, 0xf0, 0x0, 0x0, 0x0, 0x0, 0x0, 0x0,
    0x0, 0x0, 0x11, 0x10,

    /* U+0427 "Ч" */
    0x6f, 0xff, 0xf1, 0x0, 0x0, 0x0, 0x8, 0xff,
    0xff, 0x6f, 0xff, 0xf1, 0x0, 0x0, 0x0, 0x8,
    0xff, 0xff, 0x6f, 0xff, 0xf1, 0x0, 0x0, 0x0,
    0x8, 0xff, 0xff, 0x6f, 0xff, 0xf1, 0x0, 0x0,
    0x0, 0x8, 0xff, 0xff, 0x6f, 0xff, 0xf1, 0x0,
    0x0, 0x0, 0x8, 0xff, 0xff, 0x6f, 0xff, 0xf1,
    0x0, 0x0, 0x0, 0x8, 0xff, 0xff, 0x5f, 0xff,
    0xf3, 0x0, 0x0, 0x0, 0x8, 0xff, 0xff, 0x3f,
    0xff, 0xf9, 0x0, 0x0, 0x0, 0x8, 0xff, 0xff,
    0xf, 0xff, 0xff, 0x80, 0x0, 0x0, 0x4b, 0xff,
    0xff, 0x9, 0xff, 0xff, 0xff, 0xdb, 0xcf, 0xff,
    0xff, 0xff, 0x1, 0xdf, 0xff, 0xff, 0xff, 0xff,
    0xff, 0xff, 0xff, 0x0, 0x1b, 0xff, 0xff, 0xff,
    0xff, 0xff, 0xff, 0xff, 0x0, 0x0, 0x39, 0xce,
    0xff, 0xda, 0x59, 0xff, 0xff, 0x0, 0x0, 0x0,
    0x0, 0x0, 0x0, 0x8, 0xff, 0xff, 0x0, 0x0,
    0x0, 0x0, 0x0, 0x0, 0x8, 0xff, 0xff, 0x0,
    0x0, 0x0, 0x0, 0x0, 0x0, 0x8, 0xff, 0xff,
    0x0, 0x0, 0x0, 0x0, 0x0, 0x0, 0x8, 0xff,
    0xff, 0x0, 0x0, 0x0, 0x0, 0x0, 0x0, 0x8,
    0xff, 0xff, 0x0, 0x0, 0x0, 0x0, 0x0, 0x0,
    0x8, 0xff, 0xff,

    /* U+0428 "Ш" */
    0x9f, 0xff, 0xf0, 0x0, 0x0, 0xe, 0xff, 0xfa,
    0x0, 0x0, 0x3, 0xff, 0xff, 0x59, 0xff, 0xff,
    0x0, 0x0, 0x0, 0xef, 0xff, 0xa0, 0x0, 0x0,
    0x3f, 0xff, 0xf5, 0x9f, 0xff, 0xf0, 0x0, 0x0,
    0xe, 0xff, 0xfa, 0x0, 0x0, 0x3, 0xff, 0xff,
    0x59, 0xff, 0xff, 0x0, 0x0, 0x0, 0xef, 0xff,
    0xa0, 0x0, 0x0, 0x3f, 0xff, 0xf5, 0x9f, 0xff,
    0xf0, 0x0, 0x0, 0xe, 0xff, 0xfa, 0x0, 0x0,
    0x3, 0xff, 0xff, 0x59, 0xff, 0xff, 0x0, 0x0,
    0x0, 0xef, 0xff, 0xa0, 0x0, 0x0, 0x3f, 0xff,
    0xf5, 0x9f, 0xff, 0xf0, 0x0, 0x0, 0xe, 0xff,
    0xfa, 0x0, 0x0, 0x3, 0xff, 0xff, 0x59, 0xff,
    0xff, 0x0, 0x0, 0x0, 0xef, 0xff, 0xa0, 0x0,
    0x0, 0x3f, 0xff, 0xf5, 0x9f, 0xff, 0xf0, 0x0,
    0x0, 0xe, 0xff, 0xfa, 0x0, 0x0, 0x3, 0xff,
    0xff, 0x59, 0xff, 0xff, 0x0, 0x0, 0x0, 0xef,
    0xff, 0xa0, 0x0, 0x0, 0x3f, 0xff, 0xf5, 0x9f,
    0xff, 0xf0, 0x0, 0x0, 0xe, 0xff, 0xfa, 0x0,
    0x0, 0x3, 0xff, 0xff, 0x59, 0xff, 0xff, 0x0,
    0x0, 0x0, 0xef, 0xff, 0xa0, 0x0, 0x0, 0x3f,
    0xff, 0xf5, 0x9f, 0xff, 0xf0, 0x0, 0x0, 0xe,
    0xff, 0xfa, 0x0, 0x0, 0x3, 0xff, 0xff, 0x59,
    0xff, 0xff, 0x0, 0x0, 0x0, 0xef, 0xff, 0xa0,
    0x0, 0x0, 0x3f, 0xff, 0xf5, 0x9f, 0xff, 0xf0,
    0x0, 0x0, 0xe, 0xff, 0xfa, 0x0, 0x0, 0x3,
    0xff, 0xff, 0x59, 0xff, 0xff, 0xaa, 0xaa, 0xaa,
    0xff, 0xff, 0xda, 0xaa, 0xaa, 0xbf, 0xff, 0xf5,
    0x9f, 0xff, 0xff, 0xff, 0xff, 0xff, 0xff, 0xff,
    0xff, 0xff, 0xff, 0xff, 0xff, 0x59, 0xff, 0xff,
    0xff, 0xff, 0xff, 0xff, 0xff, 0xff, 0xff, 0xff,
    0xff, 0xff, 0xf5, 0x9f, 0xff, 0xff, 0xff, 0xff,
    0xff, 0xff, 0xff, 0xff, 0xff, 0xff, 0xff, 0xff,
    0x50,

    /* U+0429 "Щ" */
    0x9f, 0xff, 0xf0, 0x0, 0x0, 0xe, 0xff, 0xfa,
    0x0, 0x0, 0x3, 0xff, 0xff, 0x50, 0x9, 0xff,
    0xff, 0x0, 0x0, 0x0, 0xef, 0xff, 0xa0, 0x0,
    0x0, 0x3f, 0xff, 0xf5, 0x0, 0x9f, 0xff, 0xf0,
    0x0, 0x0, 0xe, 0xff, 0xfa, 0x0, 0x0, 0x3,
    0xff, 0xff, 0x50, 0x9, 0xff, 0xff, 0x0, 0x0,
    0x0, 0xef, 0xff, 0xa0, 0x0, 0x0, 0x3f, 0xff,
    0xf5, 0x0, 0x9f, 0xff, 0xf0, 0x0, 0x0, 0xe,
    0xff, 0xfa, 0x0, 0x0, 0x3, 0xff, 0xff, 0x50,
    0x9, 0xff, 0xff, 0x0, 0x0, 0x0, 0xef, 0xff,
    0xa0, 0x0, 0x0, 0x3f, 0xff, 0xf5, 0x0, 0x9f,
    0xff, 0xf0, 0x0, 0x0, 0xe, 0xff, 0xfa, 0x0,
    0x0, 0x3, 0xff, 0xff, 0x50, 0x9, 0xff, 0xff,
    0x0, 0x0, 0x0, 0xef, 0xff, 0xa0, 0x0, 0x0,
    0x3f, 0xff, 0xf5, 0x0, 0x9f, 0xff, 0xf0, 0x0,
    0x0, 0xe, 0xff, 0xfa, 0x0, 0x0, 0x3, 0xff,
    0xff, 0x50, 0x9, 0xff, 0xff, 0x0, 0x0, 0x0,
    0xef, 0xff, 0xa0, 0x0, 0x0, 0x3f, 0xff, 0xf5,
    0x0, 0x9f, 0xff, 0xf0, 0x0, 0x0, 0xe, 0xff,
    0xfa, 0x0, 0x0, 0x3, 0xff, 0xff, 0x50, 0x9,
    0xff, 0xff, 0x0, 0x0, 0x0, 0xef, 0xff, 0xa0,
    0x0, 0x0, 0x3f, 0xff, 0xf5, 0x0, 0x9f, 0xff,
    0xf0, 0x0, 0x0, 0xe, 0xff, 0xfa, 0x0, 0x0,
    0x3, 0xff, 0xff, 0x50, 0x9, 0xff, 0xff, 0x0,
    0x0, 0x0, 0xef, 0xff, 0xa0, 0x0, 0x0, 0x3f,
    0xff, 0xf5, 0x0, 0x9f, 0xff, 0xf0, 0x0, 0x0,
    0xe, 0xff, 0xfa, 0x0, 0x0, 0x3, 0xff, 0xff,
    0x50, 0x9, 0xff, 0xff, 0xaa, 0xaa, 0xaa, 0xff,
    0xff, 0xda, 0xaa, 0xaa, 0xbf, 0xff, 0xfb, 0xa9,
    0x9f, 0xff, 0xff, 0xff, 0xff, 0xff, 0xff, 0xff,
    0xff, 0xff, 0xff, 0xff, 0xff, 0xff, 0xf9, 0xff,
    0xff, 0xff, 0xff, 0xff, 0xff, 0xff, 0xff, 0xff,
    0xff, 0xff, 0xff, 0xff, 0xff, 0x9f, 0xff, 0xff,
    0xff, 0xff, 0xff, 0xff, 0xff, 0xff, 0xff, 0xff,
    0xff, 0xff, 0xff, 0xf0, 0x0, 0x0, 0x0, 0x0,
    0x0, 0x0, 0x0, 0x0, 0x0, 0x0, 0x0, 0x3,
    0xff, 0xff, 0x0, 0x0, 0x0, 0x0, 0x0, 0x0,
    0x0, 0x0, 0x0, 0x0, 0x0, 0x0, 0x3f, 0xff,
    0xf0, 0x0, 0x0, 0x0, 0x0, 0x0, 0x0, 0x0,
    0x0, 0x0, 0x0, 0x0, 0x3, 0xff, 0xff, 0x0,
    0x0, 0x0, 0x0, 0x0, 0x0, 0x0, 0x0, 0x0,
    0x0, 0x0, 0x0, 0x3f, 0xff, 0xf0,

    /* U+042A "Ъ" */
    0x9f, 0xff, 0xff, 0xff, 0xff, 0x60, 0x0, 0x0,
    0x0, 0x0, 0x0, 0x9, 0xff, 0xff, 0xff, 0xff,
    0xf6, 0x0, 0x0, 0x0, 0x0, 0x0, 0x0, 0x9f,
    0xff, 0xff, 0xff, 0xff, 0x60, 0x0, 0x0, 0x0,
    0x0, 0x0, 0x5, 0xaa, 0xaa, 0xaf, 0xff, 0xf6,
    0x0, 0x0, 0x0, 0x0, 0x0, 0x0, 0x0, 0x0,
    0x1, 0xff, 0xff, 0x60, 0x0, 0x0, 0x0, 0x0,
    0x0, 0x0, 0x0, 0x0, 0x1f, 0xff, 0xf6, 0x0,
    0x0, 0x0, 0x0, 0x0, 0x0, 0x0, 0x0, 0x1,
    0xff, 0xff, 0xff, 0xff, 0xff, 0xed, 0x93, 0x0,
    0x0, 0x0, 0x0, 0x1f, 0xff, 0xff, 0xff, 0xff,
    0xff, 0xff, 0xfa, 0x0, 0x0, 0x0, 0x1, 0xff,
    0xff, 0xff, 0xff, 0xff, 0xff, 0xff, 0xfb, 0x0,
    0x0, 0x0, 0x1f, 0xff, 0xf9, 0x44, 0x44, 0x6a,
    0xff, 0xff, 0xf4, 0x0, 0x0, 0x1, 0xff, 0xff,
    0x60, 0x0, 0x0, 0x5, 0xff, 0xff, 0x90, 0x0,
    0x0, 0x1f, 0xff, 0xf6, 0x0, 0x0, 0x0, 0xe,
    0xff, 0xfb, 0x0, 0x0, 0x1, 0xff, 0xff, 0x60,
    0x0, 0x0, 0x0, 0xcf, 0xff, 0xc0, 0x0, 0x0,
    0x1f, 0xff, 0xf6, 0x0, 0x0, 0x0, 0xf, 0xff,
    0xfb, 0x0, 0x0, 0x1, 0xff, 0xff, 0x60, 0x0,
    0x0, 0x8, 0xff, 0xff, 0x70, 0x0, 0x0, 0x1f,
    0xff, 0xf9, 0x44, 0x45, 0x6b, 0xff, 0xff, 0xf1,
    0x0, 0x0, 0x1, 0xff, 0xff, 0xff, 0xff, 0xff,
    0xff, 0xff, 0xf6, 0x0, 0x0, 0x0, 0x1f, 0xff,
    0xff, 0xff, 0xff, 0xff, 0xff, 0xf6, 0x0, 0x0,
    0x0, 0x1, 0xff, 0xff, 0xff, 0xff, 0xff, 0xeb,
    0x61, 0x0, 0x0,

    /* U+042B "Ы" */
    0x9f, 0xff, 0xf0, 0x0, 0x0, 0x0, 0x0, 0x0,
    0x0, 0x2, 0xff, 0xff, 0x59, 0xff, 0xff, 0x0,
    0x0, 0x0, 0x0, 0x0, 0x0, 0x0, 0x2f, 0xff,
    0xf5, 0x9f, 0xff, 0xf0, 0x0, 0x0, 0x0, 0x0,
    0x0, 0x0, 0x2, 0xff, 0xff, 0x59, 0xff, 0xff,
    0x0, 0x0, 0x0, 0x0, 0x0, 0x0, 0x0, 0x2f,
    0xff, 0xf5, 0x9f, 0xff, 0xf0, 0x0, 0x0, 0x0,
    0x0, 0x0, 0x0, 0x2, 0xff, 0xff, 0x59, 0xff,
    0xff, 0x0, 0x0, 0x0, 0x0, 0x0, 0x0, 0x0,
    0x2f, 0xff, 0xf5, 0x9f, 0xff, 0xff, 0xff, 0xff,
    0xfe, 0xb7, 0x10, 0x0, 0x2, 0xff, 0xff, 0x59,
    0xff, 0xff, 0xff, 0xff, 0xff, 0xff, 0xfe, 0x50,
    0x0, 0x2f, 0xff, 0xf5, 0x9f, 0xff, 0xff, 0xff,
    0xff, 0xff, 0xff, 0xff, 0x40, 0x2, 0xff, 0xff,
    0x59, 0xff, 0xff, 0x44, 0x44, 0x57, 0xdf, 0xff,
    0xfd, 0x0, 0x2f, 0xff, 0xf5, 0x9f, 0xff, 0xf0,
    0x0, 0x0, 0x0, 0xcf, 0xff, 0xf2, 0x2, 0xff,
    0xff, 0x59, 0xff, 0xff, 0x0, 0x0, 0x0, 0x5,
    0xff, 0xff, 0x40, 0x2f, 0xff, 0xf5, 0x9f, 0xff,
    0xf0, 0x0, 0x0, 0x0, 0x3f, 0xff, 0xf5, 0x2,
    0xff, 0xff, 0x59, 0xff, 0xff, 0x0, 0x0, 0x0,
    0x6, 0xff, 0xff, 0x30, 0x2f, 0xff, 0xf5, 0x9f,
    0xff, 0xf0, 0x0, 0x0, 0x1, 0xdf, 0xff, 0xf0,
    0x2, 0xff, 0xff, 0x59, 0xff, 0xff, 0x44, 0x44,
    0x58, 0xff, 0xff, 0xf9, 0x0, 0x2f, 0xff, 0xf5,
    0x9f, 0xff, 0xff, 0xff, 0xff, 0xff, 0xff, 0xfd,
    0x10, 0x2, 0xff, 0xff, 0x59, 0xff, 0xff, 0xff,
    0xff, 0xff, 0xff, 0xfb, 0x10, 0x0, 0x2f, 0xff,
    0xf5, 0x9f, 0xff, 0xff, 0xff, 0xff, 0xec, 0x93,
    0x0, 0x0, 0x2, 0xff, 0xff, 0x50,

    /* U+042C "Ь" */
    0x9f, 0xff, 0xf0, 0x0, 0x0, 0x0, 0x0, 0x0,
    0x0, 0x9f, 0xff, 0xf0, 0x0, 0x0, 0x0, 0x0,
    0x0, 0x0, 0x9f, 0xff, 0xf0, 0x0, 0x0, 0x0,
    0x0, 0x0, 0x0, 0x9f, 0xff, 0xf0, 0x0, 0x0,
    0x0, 0x0, 0x0, 0x0, 0x9f, 0xff, 0xf0, 0x0,
    0x0, 0x0, 0x0, 0x0, 0x0, 0x9f, 0xff, 0xf0,
    0x0, 0x0, 0x0, 0x0, 0x0, 0x0, 0x9f, 0xff,
    0xff, 0xff, 0xff, 0xfe, 0xb7, 0x10, 0x0, 0x9f,
    0xff, 0xff, 0xff, 0xff, 0xff, 0xff, 0xe5, 0x0,
    0x9f, 0xff, 0xff, 0xff, 0xff, 0xff, 0xff, 0xff,
    0x40, 0x9f, 0xff, 0xf4, 0x44, 0x45, 0x7d, 0xff,
    0xff, 0xd0, 0x9f, 0xff, 0xf0, 0x0, 0x0, 0x0,
    0xcf, 0xff, 0xf2, 0x9f, 0xff, 0xf0, 0x0, 0x0,
    0x0, 0x5f, 0xff, 0xf4, 0x9f, 0xff, 0xf0, 0x0,
    0x0, 0x0, 0x3f, 0xff, 0xf5, 0x9f, 0xff, 0xf0,
    0x0, 0x0, 0x0, 0x6f, 0xff, 0xf3, 0x9f, 0xff,
    0xf0, 0x0, 0x0, 0x1, 0xdf, 0xff, 0xf0, 0x9f,
    0xff, 0xf4, 0x44, 0x45, 0x8f, 0xff, 0xff, 0x90,
    0x9f, 0xff, 0xff, 0xff, 0xff, 0xff, 0xff, 0xfd,
    0x10, 0x9f, 0xff, 0xff, 0xff, 0xff, 0xff, 0xff,
    0xb1, 0x0, 0x9f, 0xff, 0xff, 0xff, 0xff, 0xec,
    0x93, 0x0, 0x0,

    /* U+042D "Э" */
    0x0, 0x0, 0x49, 0xce, 0xfe, 0xda, 0x50, 0x0,
    0x0, 0x0, 0x4, 0xdf, 0xff, 0xff, 0xff, 0xff,
    0xe6, 0x0, 0x0, 0x7, 0xff, 0xff, 0xff, 0xff,
    0xff, 0xff, 0xfb, 0x0, 0x2, 0xff, 0xff, 0xff,
    0xdc, 0xdf, 0xff, 0xff, 0xfb, 0x0, 0x2, 0xcf,
    0xc4, 0x0, 0x0, 0x6, 0xef, 0xff, 0xf7, 0x0,
    0x0, 0x40, 0x0, 0x0, 0x0, 0x1, 0xdf, 0xff,
    0xe0, 0x0, 0x0, 0x0, 0x0, 0x0, 0x0, 0x2,
    0xff, 0xff, 0x50, 0x0, 0x0, 0xe, 0xff, 0xff,
    0xff, 0xff, 0xff, 0xfa, 0x0, 0x0, 0x0, 0xef,
    0xff, 0xff, 0xff, 0xff, 0xff, 0xc0, 0x0, 0x0,
    0xe, 0xff, 0xff, 0xff, 0xff, 0xff, 0xfd, 0x0,
    0x0, 0x0, 0x56, 0x66, 0x66, 0x66, 0xff, 0xff,
    0xc0, 0x0, 0x0, 0x0, 0x0, 0x0, 0x0, 0x3f,
    0xff, 0xfa, 0x0, 0x0, 0x0, 0x0, 0x0, 0x0,
    0xb, 0xff, 0xff, 0x50, 0x5, 0xe3, 0x0, 0x0,
    0x0, 0x7, 0xff, 0xff, 0xe0, 0x5, 0xff, 0xf8,
    0x10, 0x0, 0x2a, 0xff, 0xff, 0xf6, 0x3, 0xff,
    0xff, 0xff, 0xed, 0xef, 0xff, 0xff, 0xfb, 0x0,
    0x7, 0xff, 0xff, 0xff, 0xff, 0xff, 0xff, 0xfb,
    0x0, 0x0, 0x4, 0xdf, 0xff, 0xff, 0xff, 0xff,
    0xe6, 0x0, 0x0, 0x0, 0x0, 0x49, 0xce, 0xff,
    0xda, 0x60, 0x0, 0x0, 0x0,

    /* U+042E "Ю" */
    0x9f, 0xff, 0xf0, 0x0, 0x0, 0x0, 0x4, 0x9c,
    0xef, 0xed, 0xa6, 0x0, 0x0, 0x0, 0x9, 0xff,
    0xff, 0x0, 0x0, 0x0, 0x5d, 0xff, 0xff, 0xff,
    0xff, 0xfe, 0x70, 0x0, 0x0, 0x9f, 0xff, 0xf0,
    0x0, 0x0, 0x9f, 0xff, 0xff, 0xff, 0xff, 0xff,
    0xff, 0xc1, 0x0, 0x9, 0xff, 0xff, 0x0, 0x0,
    0xaf, 0xff, 0xff, 0xfe, 0xcd, 0xff, 0xff, 0xff,
    0xc0, 0x0, 0x9f, 0xff, 0xf0, 0x0, 0x5f, 0xff,
    0xff, 0xb3, 0x0, 0x1, 0x7f, 0xff, 0xff, 0x90,
    0x9, 0xff, 0xff, 0x0, 0xe, 0xff, 0xff, 0x80,
    0x0, 0x0, 0x0, 0x2e, 0xff, 0xff, 0x30, 0x9f,
    0xff, 0xf0, 0x4, 0xff, 0xff, 0xc0, 0x0, 0x0,
    0x0, 0x0, 0x4f, 0xff, 0xf9, 0x9, 0xff, 0xff,
    0xff, 0xff, 0xff, 0xf5, 0x0, 0x0, 0x0, 0x0,
    0x0, 0xdf, 0xff, 0xd0, 0x9f, 0xff, 0xff, 0xff,
    0xff, 0xff, 0x10, 0x0, 0x0, 0x0, 0x0, 0x9,
    0xff, 0xff, 0x9, 0xff, 0xff, 0xff, 0xff, 0xff,
    0xf0, 0x0, 0x0, 0x0, 0x0, 0x0, 0x8f, 0xff,
    0xf1, 0x9f, 0xff, 0xfd, 0xde, 0xff, 0xff, 0x10,
    0x0, 0x0, 0x0, 0x0, 0x9, 0xff, 0xff, 0x9,
    0xff, 0xff, 0x0, 0x4f, 0xff, 0xf5, 0x0, 0x0,
    0x0, 0x0, 0x0, 0xdf, 0xff, 0xd0, 0x9f, 0xff,
    0xf0, 0x0, 0xff, 0xff, 0xc0, 0x0, 0x0, 0x0,
    0x0, 0x4f, 0xff, 0xf9, 0x9, 0xff, 0xff, 0x0,
    0x9, 0xff, 0xff, 0x80, 0x0, 0x0, 0x0, 0x2e,
    0xff, 0xff, 0x30, 0x9f, 0xff, 0xf0, 0x0, 0x1f,
    0xff, 0xff, 0xb3, 0x0, 0x1, 0x7f, 0xff, 0xff,
    0x90, 0x9, 0xff, 0xff, 0x0, 0x0, 0x4f, 0xff,
    0xff, 0xfe, 0xdd, 0xff, 0xff, 0xff, 0xc0, 0x0,
    0x9f, 0xff, 0xf0, 0x0, 0x0, 0x5f, 0xff, 0xff,
    0xff, 0xff, 0xff, 0xff, 0xc1, 0x0, 0x9, 0xff,
    0xff, 0x0, 0x0, 0x0, 0x2b, 0xff, 0xff, 0xff,
    0xff, 0xfe, 0x70, 0x0, 0x0, 0x9f, 0xff, 0xf0,
    0x0, 0x0, 0x0, 0x3, 0x8c, 0xef, 0xfd, 0xa6,
    0x0, 0x0, 0x0, 0x0,

    /* U+042F "Я" */
    0x0, 0x0, 0x49, 0xce, 0xff, 0xff, 0xff, 0xff,
    0xf1, 0x0, 0x2c, 0xff, 0xff, 0xff, 0xff, 0xff,
    0xff, 0xf1, 0x2, 0xef, 0xff, 0xff, 0xff, 0xff,
    0xff, 0xff, 0xf1, 0xe, 0xff, 0xff, 0xfc, 0xaa,
    0xaa, 0xcf, 0xff, 0xf1, 0x6f, 0xff, 0xfc, 0x20,
    0x0, 0x0, 0x6f, 0xff, 0xf1, 0xbf, 0xff, 0xf1,
    0x0, 0x0, 0x0, 0x6f, 0xff, 0xf1, 0xdf, 0xff,
    0xd0, 0x0, 0x0, 0x0, 0x6f, 0xff, 0xf1, 0xcf,
    0xff, 0xd0, 0x0, 0x0, 0x0, 0x6f, 0xff, 0xf1,
    0xbf, 0xff, 0xf1, 0x0, 0x0, 0x0, 0x6f, 0xff,
    0xf1, 0x7f, 0xff, 0xfb, 0x10, 0x0, 0x0, 0x6f,
    0xff, 0xf1, 0xf, 0xff, 0xff, 0xea, 0x88, 0x88,
    0xbf, 0xff, 0xf1, 0x4, 0xff, 0xff, 0xff, 0xff,
    0xff, 0xff, 0xff, 0xf1, 0x0, 0x4d, 0xff, 0xff,
    0xff, 0xff, 0xff, 0xff, 0xf1, 0x0, 0x0, 0xef,
    0xff, 0xff, 0xff, 0xff, 0xff, 0xf1, 0x0, 0x8,
    0xff, 0xff, 0x20, 0x0, 0x6f, 0xff, 0xf1, 0x0,
    0x4f, 0xff, 0xf6, 0x0, 0x0, 0x6f, 0xff, 0xf1,
    0x1, 0xef, 0xff, 0xb0, 0x0, 0x0, 0x6f, 0xff,
    0xf1, 0xb, 0xff, 0xfe, 0x10, 0x0, 0x0, 0x6f,
    0xff, 0xf1, 0x7f, 0xff, 0xf5, 0x0, 0x0, 0x0,
    0x6f, 0xff, 0xf1,

    /* U+0430 "а" */
    0x0, 0x3, 0x8b, 0xef, 0xfe, 0xb6, 0x0, 0x0,
    0x3, 0xcf, 0xff, 0xff, 0xff, 0xff, 0xe3, 0x0,
    0x2, 0xff, 0xff, 0xff, 0xff, 0xff, 0xff, 0x20,
    0x0, 0x9f, 0xea, 0x76, 0x8d, 0xff, 0xff, 0xa0,
    0x0, 0x15, 0x0, 0x0, 0x0, 0xbf, 0xff, 0xf0,
    0x0, 0x0, 0x0, 0x0, 0x0, 0x4f, 0xff, 0xf1,
    0x0, 0x5, 0xad, 0xff, 0xff, 0xff, 0xff, 0xf3,
    0x0, 0xcf, 0xff, 0xff, 0xff, 0xff, 0xff, 0xf3,
    0x9, 0xff, 0xff, 0xb8, 0x88, 0x9f, 0xff, 0xf3,
    0xf, 0xff, 0xf6, 0x0, 0x0, 0x2f, 0xff, 0xf3,
    0x1f, 0xff, 0xf3, 0x0, 0x0, 0x6f, 0xff, 0xf3,
    0xf, 0xff, 0xfb, 0x10, 0x6, 0xff, 0xff, 0xf3,
    0x8, 0xff, 0xff, 0xfe, 0xff, 0xff, 0xff, 0xf3,
    0x0, 0xbf, 0xff, 0xff, 0xff, 0xae, 0xff, 0xf3,
    0x0, 0x5, 0xbe, 0xfe, 0xb5, 0xe, 0xff, 0xf3,

    /* U+0431 "б" */
    0x0, 0x0, 0x0, 0x0, 0x0, 0x2, 0x58, 0xb8,
    0x0, 0x0, 0x0, 0x1, 0x59, 0xcf, 0xff, 0xff,
    0xb0, 0x0, 0x0, 0x2a, 0xff, 0xff, 0xff, 0xff,
    0xfe, 0x0, 0x0, 0x6f, 0xff, 0xff, 0xff, 0xff,
    0xff, 0xd0, 0x0, 0x7f, 0xff, 0xff, 0xff, 0xda,
    0x63, 0x0, 0x0, 0x3f, 0xff, 0xff, 0xa4, 0x0,
    0x0, 0x0, 0x0, 0xb, 0xff, 0xfe, 0x30, 0x0,
    0x0, 0x0, 0x0, 0x1, 0xff, 0xff, 0x40, 0x2,
    0x43, 0x10, 0x0, 0x0, 0x5f, 0xff, 0xc1, 0x9e,
    0xff, 0xff, 0xd7, 0x0, 0x8, 0xff, 0xfc, 0xef,
    0xff, 0xff, 0xff, 0xfd, 0x10, 0xaf, 0xff, 0xff,
    0xff, 0xff, 0xff, 0xff, 0xfc, 0xb, 0xff, 0xff,
    0xf9, 0x30, 0x15, 0xef, 0xff, 0xf5, 0xaf, 0xff,
    0xf8, 0x0, 0x0, 0x1, 0xff, 0xff, 0xb9, 0xff,
    0xff, 0x10, 0x0, 0x0, 0x9, 0xff, 0xfe, 0x7f,
    0xff, 0xf0, 0x0, 0x0, 0x0, 0x8f, 0xff, 0xf3,
    0xff, 0xff, 0x40, 0x0, 0x0, 0xc, 0xff, 0xfd,
    0xd, 0xff, 0xfd, 0x10, 0x0, 0x6, 0xff, 0xff,
    0x80, 0x6f, 0xff, 0xfe, 0x85, 0x6b, 0xff, 0xff,
    0xf1, 0x0, 0xaf, 0xff, 0xff, 0xff, 0xff, 0xff,
    0xf3, 0x0, 0x0, 0x8f, 0xff, 0xff, 0xff, 0xff,
    0xc3, 0x0, 0x0, 0x0, 0x28, 0xce, 0xfe, 0xd9,
    0x40, 0x0, 0x0,

    /* U+0432 "в" */
    0xef, 0xff, 0xff, 0xff, 0xfd, 0xa4, 0x0, 0xe,
    0xff, 0xff, 0xff, 0xff, 0xff, 0xfb, 0x0, 0xef,
    0xff, 0xee, 0xee, 0xff, 0xff, 0xf7, 0xe, 0xff,
    0xf1, 0x0, 0x1, 0xbf, 0xff, 0xc0, 0xef, 0xff,
    0x10, 0x0, 0x5, 0xff, 0xfc, 0xe, 0xff, 0xf1,
    0x0, 0x0, 0x8f, 0xff, 0x80, 0xef, 0xff, 0x98,
    0x88, 0xbf, 0xff, 0xc0, 0xe, 0xff, 0xff, 0xff,
    0xff, 0xff, 0xe2, 0x0, 0xef, 0xff, 0xff, 0xff,
    0xff, 0xff, 0xf5, 0xe, 0xff, 0xf1, 0x0, 0x0,
    0x6f, 0xff, 0xf0, 0xef, 0xff, 0x10, 0x0, 0x0,
    0xdf, 0xff, 0x3e, 0xff, 0xf1, 0x0, 0x0, 0x4f,
    0xff, 0xf3, 0xef, 0xff, 0xee, 0xee, 0xff, 0xff,
    0xfe, 0xe, 0xff, 0xff, 0xff, 0xff, 0xff, 0xff,
    0x30, 0xef, 0xff, 0xff, 0xff, 0xfe, 0xc8, 0x10,
    0x0,

    /* U+0433 "г" */
    0xef, 0xff, 0xff, 0xff, 0xff, 0xff, 0x2e, 0xff,
    0xff, 0xff, 0xff, 0xff, 0xf2, 0xef, 0xff, 0xff,
    0xff, 0xff, 0xff, 0x2e, 0xff, 0xfb, 0x88, 0x88,
    0x88, 0x81, 0xef, 0xff, 0x70, 0x0, 0x0, 0x0,
    0xe, 0xff, 0xf7, 0x0, 0x0, 0x0, 0x0, 0xef,
    0xff, 0x70, 0x0, 0x0, 0x0, 0xe, 0xff, 0xf7,
    0x0, 0x0, 0x0, 0x0, 0xef, 0xff, 0x70, 0x0,
    0x0, 0x0, 0xe, 0xff, 0xf7, 0x0, 0x0, 0x0,
    0x0, 0xef, 0xff, 0x70, 0x0, 0x0, 0x0, 0xe,
    0xff, 0xf7, 0x0, 0x0, 0x0, 0x0, 0xef, 0xff,
    0x70, 0x0, 0x0, 0x0, 0xe, 0xff, 0xf7, 0x0,
    0x0, 0x0, 0x0, 0xef, 0xff, 0x70, 0x0, 0x0,
    0x0, 0x0,

    /* U+0434 "д" */
    0x0, 0x5, 0xff, 0xff, 0xff, 0xff, 0xff, 0xff,
    0xd0, 0x0, 0x0, 0x5f, 0xff, 0xff, 0xff, 0xff,
    0xff, 0xfd, 0x0, 0x0, 0x6, 0xff, 0xff, 0xff,
    0xff, 0xff, 0xff, 0xd0, 0x0, 0x0, 0x6f, 0xff,
    0xc8, 0x88, 0x8c, 0xff, 0xfd, 0x0, 0x0, 0x7,
    0xff, 0xf7, 0x0, 0x0, 0x8f, 0xff, 0xd0, 0x0,
    0x0, 0x8f, 0xff, 0x70, 0x0, 0x8, 0xff, 0xfd,
    0x0, 0x0, 0x9, 0xff, 0xf6, 0x0, 0x0, 0x8f,
    0xff, 0xd0, 0x0, 0x0, 0xbf, 0xff, 0x50, 0x0,
    0x8, 0xff, 0xfd, 0x0, 0x0, 0xe, 0xff, 0xf2,
    0x0, 0x0, 0x8f, 0xff, 0xd0, 0x0, 0x1, 0xff,
    0xff, 0x0, 0x0, 0x8, 0xff, 0xfd, 0x0, 0x0,
    0x8f, 0xff, 0xb0, 0x0, 0x0, 0x8f, 0xff, 0xd0,
    0x5, 0xaf, 0xff, 0xfa, 0x88, 0x88, 0x8c, 0xff,
    0xfe, 0x88, 0xbf, 0xff, 0xff, 0xff, 0xff, 0xff,
    0xff, 0xff, 0xff, 0xfb, 0xff, 0xff, 0xff, 0xff,
    0xff, 0xff, 0xff, 0xff, 0xff, 0xbf, 0xff, 0xff,
    0xff, 0xff, 0xff, 0xff, 0xff, 0xff, 0xfb, 0xff,
    0xf5, 0x0, 0x0, 0x0, 0x0, 0x1, 0xff, 0xff,
    0xbf, 0xff, 0x50, 0x0, 0x0, 0x0, 0x0, 0x1f,
    0xff, 0xfb, 0xff, 0xf5, 0x0, 0x0, 0x0, 0x0,
    0x1, 0xff, 0xff, 0x23, 0x33, 0x10, 0x0, 0x0,
    0x0, 0x0, 0x3, 0x33, 0x20,

    /* U+0435 "е" */
    0x0, 0x0, 0x4, 0xad, 0xfe, 0xd9, 0x30, 0x0,
    0x0, 0x0, 0x2d, 0xff, 0xff, 0xff, 0xff, 0xb1,
    0x0, 0x0, 0x3f, 0xff, 0xff, 0xff, 0xff, 0xff,
    0xd1, 0x0, 0x1e, 0xff, 0xfe, 0x74, 0x48, 0xff,
    0xff, 0xb0, 0x8, 0xff, 0xfd, 0x10, 0x0, 0x2,
    0xff, 0xff, 0x30, 0xdf, 0xff, 0x60, 0x0, 0x0,
    0x8, 0xff, 0xf8, 0xf, 0xff, 0xff, 0xff, 0xff,
    0xff, 0xff, 0xff, 0xb1, 0xff, 0xff, 0xff, 0xff,
    0xff, 0xff, 0xff, 0xfb, 0xf, 0xff, 0xfa, 0x88,
    0x88, 0x88, 0x88, 0x88, 0x50, 0xdf, 0xff, 0xb0,
    0x0, 0x0, 0x0, 0x0, 0x0, 0x8, 0xff, 0xff,
    0x70, 0x0, 0x0, 0x4a, 0x0, 0x0, 0xd, 0xff,
    0xff, 0xd8, 0x78, 0xcf, 0xfa, 0x0, 0x0, 0x2e,
    0xff, 0xff, 0xff, 0xff, 0xff, 0xf6, 0x0, 0x0,
    0x1b, 0xff, 0xff, 0xff, 0xff, 0xf9, 0x0, 0x0,
    0x0, 0x3, 0x9c, 0xef, 0xec, 0x82, 0x0, 0x0,

    /* U+0436 "ж" */
    0x3f, 0xff, 0xf6, 0x0, 0x0, 0x6f, 0xff, 0xe0,
    0x0, 0x0, 0xdf, 0xff, 0xb0, 0x9, 0xff, 0xfe,
    0x0, 0x0, 0x6f, 0xff, 0xe0, 0x0, 0x6, 0xff,
    0xff, 0x20, 0x1, 0xef, 0xff, 0x80, 0x0, 0x6f,
    0xff, 0xe0, 0x0, 0x1e, 0xff, 0xf8, 0x0, 0x0,
    0x6f, 0xff, 0xf1, 0x0, 0x6f, 0xff, 0xe0, 0x0,
    0x8f, 0xff, 0xe0, 0x0, 0x0, 0xc, 0xff, 0xf9,
    0x0, 0x6f, 0xff, 0xe0, 0x2, 0xff, 0xff, 0x50,
    0x0, 0x0, 0x3, 0xff, 0xff, 0x20, 0x6f, 0xff,
    0xe0, 0xa, 0xff, 0xfc, 0x0, 0x0, 0x0, 0x0,
    0xaf, 0xff, 0xff, 0xff, 0xff, 0xff, 0xff, 0xff,
    0xf3, 0x0, 0x0, 0x0, 0x0, 0x4f, 0xff, 0xff,
    0xff, 0xff, 0xff, 0xff, 0xff, 0xc0, 0x0, 0x0,
    0x0, 0x0, 0xcf, 0xff, 0xff, 0xff, 0xff, 0xff,
    0xff, 0xff, 0xf5, 0x0, 0x0, 0x0, 0x6, 0xff,
    0xff, 0xa7, 0xaf, 0xff, 0xf7, 0x7e, 0xff, 0xfe,
    0x0, 0x0, 0x0, 0x1e, 0xff, 0xfd, 0x0, 0x6f,
    0xff, 0xe0, 0x5, 0xff, 0xff, 0x90, 0x0, 0x0,
    0xaf, 0xff, 0xf5, 0x0, 0x6f, 0xff, 0xe0, 0x0,
    0xcf, 0xff, 0xf3, 0x0, 0x4, 0xff, 0xff, 0xb0,
    0x0, 0x6f, 0xff, 0xe0, 0x0, 0x3f, 0xff, 0xfc,
    0x0, 0xd, 0xff, 0xff, 0x20, 0x0, 0x6f, 0xff,
    0xe0, 0x0, 0xa, 0xff, 0xff, 0x70, 0x8f, 0xff,
    0xf9, 0x0, 0x0, 0x6f, 0xff, 0xe0, 0x0, 0x1,
    0xff, 0xff, 0xf1,

    /* U+0437 "з" */
    0x0, 0x27, 0xbe, 0xff, 0xec, 0x83, 0x0, 0x0,
    0xaf, 0xff, 0xff, 0xff, 0xff, 0xfb, 0x10, 0x8,
    0xff, 0xff, 0xff, 0xff, 0xff, 0xfc, 0x0, 0x2f,
    0xd9, 0x75, 0x57, 0xef, 0xff, 0xf2, 0x0, 0x10,
    0x0, 0x0, 0x3, 0xff, 0xff, 0x30, 0x0, 0x0,
    0x0, 0x2, 0x9f, 0xff, 0xd0, 0x0, 0x0, 0xcf,
    0xff, 0xff, 0xff, 0xd2, 0x0, 0x0, 0xc, 0xff,
    0xff, 0xff, 0xf9, 0x10, 0x0, 0x0, 0x7a, 0xaa,
    0xbe, 0xff, 0xfe, 0x10, 0x0, 0x0, 0x0, 0x0,
    0xe, 0xff, 0xf8, 0x1, 0x20, 0x0, 0x0, 0x0,
    0xdf, 0xff, 0xa0, 0x9f, 0xc8, 0x65, 0x57, 0xdf,
    0xff, 0xf7, 0xf, 0xff, 0xff, 0xff, 0xff, 0xff,
    0xfd, 0x3, 0xef, 0xff, 0xff, 0xff, 0xff, 0xfb,
    0x10, 0x0, 0x49, 0xce, 0xff, 0xec, 0x83, 0x0,
    0x0,

    /* U+0438 "и" */
    0xef, 0xff, 0x70, 0x0, 0x0, 0xa, 0xff, 0xfc,
    0xef, 0xff, 0x70, 0x0, 0x0, 0x7f, 0xff, 0xfc,
    0xef, 0xff, 0x70, 0x0, 0x4, 0xff, 0xff, 0xfc,
    0xef, 0xff, 0x70, 0x0, 0x2f, 0xff, 0xff, 0xfc,
    0xef, 0xff, 0x70, 0x1, 0xdf, 0xff, 0xff, 0xfc,
    0xef, 0xff, 0x70, 0xb, 0xff, 0xff, 0xff, 0xfc,
    0xef, 0xff, 0x70, 0x9f, 0xff, 0xfb, 0xff, 0xfc,
    0xef, 0xff, 0x76, 0xff, 0xff, 0x49, 0xff, 0xfc,
    0xef, 0xff, 0xaf, 0xff, 0xf7, 0x9, 0xff, 0xfc,
    0xef, 0xff, 0xff, 0xff, 0xa0, 0x9, 0xff, 0xfc,
    0xef, 0xff, 0xff, 0xfc, 0x0, 0x9, 0xff, 0xfc,
    0xef, 0xff, 0xff, 0xe1, 0x0, 0x9, 0xff, 0xfc,
    0xef, 0xff, 0xff, 0x30, 0x0, 0x9, 0xff, 0xfc,
    0xef, 0xff, 0xf5, 0x0, 0x0, 0x9, 0xff, 0xfc,
    0xef, 0xff, 0x80, 0x0, 0x0, 0x9, 0xff, 0xfc,

    /* U+0439 "й" */
    0x0, 0x28, 0x84, 0x0, 0x2, 0x88, 0x40, 0x0,
    0x0, 0x3f, 0xfc, 0x0, 0x7, 0xff, 0x80, 0x0,
    0x0, 0xe, 0xff, 0x94, 0x7f, 0xff, 0x40, 0x0,
    0x0, 0x5, 0xff, 0xff, 0xff, 0xfb, 0x0, 0x0,
    0x0, 0x0, 0x4b, 0xef, 0xfc, 0x60, 0x0, 0x0,
    0x0, 0x0, 0x0, 0x0, 0x0, 0x0, 0x0, 0x0,
    0xef, 0xff, 0x70, 0x0, 0x0, 0xa, 0xff, 0xfc,
    0xef, 0xff, 0x70, 0x0, 0x0, 0x7f, 0xff, 0xfc,
    0xef, 0xff, 0x70, 0x0, 0x4, 0xff, 0xff, 0xfc,
    0xef, 0xff, 0x70, 0x0, 0x2f, 0xff, 0xff, 0xfc,
    0xef, 0xff, 0x70, 0x1, 0xdf, 0xff, 0xff, 0xfc,
    0xef, 0xff, 0x70, 0xb, 0xff, 0xff, 0xff, 0xfc,
    0xef, 0xff, 0x70, 0x9f, 0xff, 0xfb, 0xff, 0xfc,
    0xef, 0xff, 0x76, 0xff, 0xff, 0x49, 0xff, 0xfc,
    0xef, 0xff, 0xaf, 0xff, 0xf7, 0x9, 0xff, 0xfc,
    0xef, 0xff, 0xff, 0xff, 0xa0, 0x9, 0xff, 0xfc,
    0xef, 0xff, 0xff, 0xfc, 0x0, 0x9, 0xff, 0xfc,
    0xef, 0xff, 0xff, 0xe1, 0x0, 0x9, 0xff, 0xfc,
    0xef, 0xff, 0xff, 0x30, 0x0, 0x9, 0xff, 0xfc,
    0xef, 0xff, 0xf5, 0x0, 0x0, 0x9, 0xff, 0xfc,
    0xef, 0xff, 0x80, 0x0, 0x0, 0x9, 0xff, 0xfc,

    /* U+043A "к" */
    0xef, 0xff, 0x70, 0x0, 0x0, 0x7f, 0xff, 0xf3,
    0xef, 0xff, 0x70, 0x0, 0x2, 0xff, 0xff, 0x70,
    0xef, 0xff, 0x70, 0x0, 0xc, 0xff, 0xfc, 0x0,
    0xef, 0xff, 0x70, 0x0, 0x7f, 0xff, 0xe1, 0x0,
    0xef, 0xff, 0x70, 0x2, 0xff, 0xff, 0x50, 0x0,
    0xef, 0xff, 0x70, 0xd, 0xff, 0xf9, 0x0, 0x0,
    0xef, 0xff, 0xff, 0xff, 0xff, 0xd0, 0x0, 0x0,
    0xef, 0xff, 0xff, 0xff, 0xff, 0x70, 0x0, 0x0,
    0xef, 0xff, 0xff, 0xff, 0xff, 0xf2, 0x0, 0x0,
    0xef, 0xff, 0xb7, 0x7f, 0xff, 0xfd, 0x0, 0x0,
    0xef, 0xff, 0x70, 0x7, 0xff, 0xff, 0x90, 0x0,
    0xef, 0xff, 0x70, 0x0, 0xcf, 0xff, 0xf5, 0x0,
    0xef, 0xff, 0x70, 0x0, 0x1e, 0xff, 0xff, 0x20,
    0xef, 0xff, 0x70, 0x0, 0x5, 0xff, 0xff, 0xc0,
    0xef, 0xff, 0x70, 0x0, 0x0, 0x9f, 0xff, 0xf8,

    /* U+043B "л" */
    0x0, 0x5, 0xff, 0xff, 0xff, 0xff, 0xff, 0xff,
    0x80, 0x0, 0x6f, 0xff, 0xff, 0xff, 0xff, 0xff,
    0xf8, 0x0, 0x6, 0xff, 0xff, 0xff, 0xff, 0xff,
    0xff, 0x80, 0x0, 0x7f, 0xff, 0xb8, 0x88, 0x8e,
    0xff, 0xf8, 0x0, 0x8, 0xff, 0xf5, 0x0, 0x0,
    0xdf, 0xff, 0x80, 0x0, 0x8f, 0xff, 0x50, 0x0,
    0xd, 0xff, 0xf8, 0x0, 0x9, 0xff, 0xf4, 0x0,
    0x0, 0xdf, 0xff, 0x80, 0x0, 0xaf, 0xff, 0x30,
    0x0, 0xd, 0xff, 0xf8, 0x0, 0xc, 0xff, 0xf1,
    0x0, 0x0, 0xdf, 0xff, 0x80, 0x0, 0xff, 0xff,
    0x0, 0x0, 0xd, 0xff, 0xf8, 0x0, 0x5f, 0xff,
    0xc0, 0x0, 0x0, 0xdf, 0xff, 0x85, 0xaf, 0xff,
    0xf8, 0x0, 0x0, 0xd, 0xff, 0xf8, 0xaf, 0xff,
    0xff, 0x20, 0x0, 0x0, 0xdf, 0xff, 0x8b, 0xff,
    0xff, 0x90, 0x0, 0x0, 0xd, 0xff, 0xf8, 0xcf,
    0xfd, 0x70, 0x0, 0x0, 0x0, 0xdf, 0xff, 0x80,

    /* U+043C "м" */
    0xef, 0xff, 0xe0, 0x0, 0x0, 0x0, 0x0, 0xbf,
    0xff, 0xbe, 0xff, 0xff, 0x70, 0x0, 0x0, 0x0,
    0x4f, 0xff, 0xfb, 0xef, 0xff, 0xff, 0x10, 0x0,
    0x0, 0xd, 0xff, 0xff, 0xbe, 0xff, 0xff, 0xf9,
    0x0, 0x0, 0x7, 0xff, 0xff, 0xfb, 0xef, 0xff,
    0xff, 0xf2, 0x0, 0x1, 0xff, 0xff, 0xff, 0xbe,
    0xff, 0xff, 0xff, 0xb0, 0x0, 0xaf, 0xff, 0xff,
    0xfb, 0xef, 0xff, 0xbf, 0xff, 0x40, 0x3f, 0xff,
    0xbf, 0xff, 0xbe, 0xff, 0xf2, 0xff, 0xfd, 0xc,
    0xff, 0xe3, 0xff, 0xfb, 0xef, 0xff, 0x8, 0xff,
    0xfb, 0xff, 0xf5, 0x3f, 0xff, 0xbe, 0xff, 0xf0,
    0xe, 0xff, 0xff, 0xfb, 0x3, 0xff, 0xfb, 0xef,
    0xff, 0x0, 0x5f, 0xff, 0xff, 0x20, 0x3f, 0xff,
    0xbe, 0xff, 0xf0, 0x0, 0xcf, 0xff, 0x80, 0x3,
    0xff, 0xfb, 0xef, 0xff, 0x0, 0x3, 0xff, 0xe0,
    0x0, 0x3f, 0xff, 0xbe, 0xff, 0xf0, 0x0, 0x6,
    0x94, 0x0, 0x3, 0xff, 0xfb, 0xef, 0xff, 0x0,
    0x0, 0x0, 0x0, 0x0, 0x3f, 0xff, 0xb0,

    /* U+043D "н" */
    0xef, 0xff, 0x70, 0x0, 0x0, 0xf, 0xff, 0xf5,
    0xef, 0xff, 0x70, 0x0, 0x0, 0xf, 0xff, 0xf5,
    0xef, 0xff, 0x70, 0x0, 0x0, 0xf, 0xff, 0xf5,
    0xef, 0xff, 0x70, 0x0, 0x0, 0xf, 0xff, 0xf5,
    0xef, 0xff, 0x70, 0x0, 0x0, 0xf, 0xff, 0xf5,
    0xef, 0xff, 0x70, 0x0, 0x0, 0xf, 0xff, 0xf5,
    0xef, 0xff, 0xff, 0xff, 0xff, 0xff, 0xff, 0xf5,
    0xef, 0xff, 0xff, 0xff, 0xff, 0xff, 0xff, 0xf5,
    0xef, 0xff, 0xff, 0xff, 0xff, 0xff, 0xff, 0xf5,
    0xef, 0xff, 0xb7, 0x77, 0x77, 0x7f, 0xff, 0xf5,
    0xef, 0xff, 0x70, 0x0, 0x0, 0xf, 0xff, 0xf5,
    0xef, 0xff, 0x70, 0x0, 0x0, 0xf, 0xff, 0xf5,
    0xef, 0xff, 0x70, 0x0, 0x0, 0xf, 0xff, 0xf5,
    0xef, 0xff, 0x70, 0x0, 0x0, 0xf, 0xff, 0xf5,
    0xef, 0xff, 0x70, 0x0, 0x0, 0xf, 0xff, 0xf5,

    /* U+043E "о" */
    0x0, 0x0, 0x4, 0x9d, 0xef, 0xdb, 0x50, 0x0,
    0x0, 0x0, 0x2, 0xcf, 0xff, 0xff, 0xff, 0xfe,
    0x40, 0x0, 0x0, 0x2f, 0xff, 0xff, 0xff, 0xff,
    0xff, 0xf6, 0x0, 0x0, 0xdf, 0xff, 0xfd, 0x98,
    0xcf, 0xff, 0xff, 0x40, 0x8, 0xff, 0xff, 0x80,
    0x0, 0x4, 0xff, 0xff, 0xc0, 0xd, 0xff, 0xfc,
    0x0, 0x0, 0x0, 0x7f, 0xff, 0xf2, 0xf, 0xff,
    0xf6, 0x0, 0x0, 0x0, 0x2f, 0xff, 0xf5, 0x1f,
    0xff, 0xf5, 0x0, 0x0, 0x0, 0xf, 0xff, 0xf6,
    0xf, 0xff, 0xf6, 0x0, 0x0, 0x0, 0x2f, 0xff,
    0xf5, 0xd, 0xff, 0xfc, 0x0, 0x0, 0x0, 0x7f,
    0xff, 0xf2, 0x7, 0xff, 0xff, 0x80, 0x0, 0x4,
    0xff, 0xff, 0xc0, 0x0, 0xdf, 0xff, 0xfd, 0x98,
    0xcf, 0xff, 0xff, 0x30, 0x0, 0x2e, 0xff, 0xff,
    0xff, 0xff, 0xff, 0xf6, 0x0, 0x0, 0x1, 0xcf,
    0xff, 0xff, 0xff, 0xfe, 0x40, 0x0, 0x0, 0x0,
    0x4, 0x9d, 0xef, 0xdb, 0x50, 0x0, 0x0,

    /* U+043F "п" */
    0xef, 0xff, 0xff, 0xff, 0xff, 0xff, 0xff, 0xf1,
    0xef, 0xff, 0xff, 0xff, 0xff, 0xff, 0xff, 0xf1,
    0xef, 0xff, 0xff, 0xff, 0xff, 0xff, 0xff, 0xf1,
    0xef, 0xff, 0xb8, 0x88, 0x88, 0xaf, 0xff, 0xf1,
    0xef, 0xff, 0x70, 0x0, 0x0, 0x4f, 0xff, 0xf1,
    0xef, 0xff, 0x70, 0x0, 0x0, 0x4f, 0xff, 0xf1,
    0xef, 0xff, 0x70, 0x0, 0x0, 0x4f, 0xff, 0xf1,
    0xef, 0xff, 0x70, 0x0, 0x0, 0x4f, 0xff, 0xf1,
    0xef, 0xff, 0x70, 0x0, 0x0, 0x4f, 0xff, 0xf1,
    0xef, 0xff, 0x70, 0x0, 0x0, 0x4f, 0xff, 0xf1,
    0xef, 0xff, 0x70, 0x0, 0x0, 0x4f, 0xff, 0xf1,
    0xef, 0xff, 0x70, 0x0, 0x0, 0x4f, 0xff, 0xf1,
    0xef, 0xff, 0x70, 0x0, 0x0, 0x4f, 0xff, 0xf1,
    0xef, 0xff, 0x70, 0x0, 0x0, 0x4f, 0xff, 0xf1,
    0xef, 0xff, 0x70, 0x0, 0x0, 0x4f, 0xff, 0xf1,

    /* U+0440 "р" */
    0xef, 0xff, 0x43, 0x9d, 0xff, 0xd9, 0x20, 0x0,
    0xe, 0xff, 0xfa, 0xff, 0xff, 0xff, 0xff, 0x80,
    0x0, 0xef, 0xff, 0xff, 0xff, 0xff, 0xff, 0xff,
    0xa0, 0xe, 0xff, 0xff, 0xfb, 0x65, 0x8e, 0xff,
    0xff, 0x60, 0xef, 0xff, 0xf7, 0x0, 0x0, 0x2e,
    0xff, 0xfd, 0xe, 0xff, 0xfc, 0x0, 0x0, 0x0,
    0x5f, 0xff, 0xf3, 0xef, 0xff, 0x70, 0x0, 0x0,
    0x0, 0xff, 0xff, 0x5e, 0xff, 0xf6, 0x0, 0x0,
    0x0, 0xf, 0xff, 0xf7, 0xef, 0xff, 0x80, 0x0,
    0x0, 0x1, 0xff, 0xff, 0x5e, 0xff, 0xfd, 0x0,
    0x0, 0x0, 0x7f, 0xff, 0xf3, 0xef, 0xff, 0xfa,
    0x0, 0x0, 0x4f, 0xff, 0xfe, 0xe, 0xff, 0xff,
    0xfe, 0x98, 0xbf, 0xff, 0xff, 0x60, 0xef, 0xff,
    0xff, 0xff, 0xff, 0xff, 0xff, 0xa0, 0xe, 0xff,
    0xfa, 0xef, 0xff, 0xff, 0xff, 0x90, 0x0, 0xef,
    0xff, 0x71, 0x8d, 0xff, 0xd9, 0x30, 0x0, 0xe,
    0xff, 0xf7, 0x0, 0x0, 0x0, 0x0, 0x0, 0x0,
    0xef, 0xff, 0x70, 0x0, 0x0, 0x0, 0x0, 0x0,
    0xe, 0xff, 0xf7, 0x0, 0x0, 0x0, 0x0, 0x0,
    0x0, 0xef, 0xff, 0x70, 0x0, 0x0, 0x0, 0x0,
    0x0, 0xe, 0xff, 0xf7, 0x0, 0x0, 0x0, 0x0,
    0x0, 0x0,

    /* U+0441 "с" */
    0x0, 0x0, 0x3, 0x9d, 0xef, 0xdb, 0x50, 0x0,
    0x0, 0x0, 0x2c, 0xff, 0xff, 0xff, 0xff, 0xe3,
    0x0, 0x0, 0x2f, 0xff, 0xff, 0xff, 0xff, 0xff,
    0xf3, 0x0, 0xd, 0xff, 0xff, 0xe9, 0x8b, 0xff,
    0xff, 0xc0, 0x8, 0xff, 0xff, 0x90, 0x0, 0x4,
    0xff, 0x81, 0x0, 0xdf, 0xff, 0xc0, 0x0, 0x0,
    0x3, 0x10, 0x0, 0xf, 0xff, 0xf6, 0x0, 0x0,
    0x0, 0x0, 0x0, 0x1, 0xff, 0xff, 0x50, 0x0,
    0x0, 0x0, 0x0, 0x0, 0xf, 0xff, 0xf6, 0x0,
    0x0, 0x0, 0x0, 0x0, 0x0, 0xdf, 0xff, 0xc0,
    0x0, 0x0, 0x3, 0x10, 0x0, 0x7, 0xff, 0xff,
    0x80, 0x0, 0x4, 0xff, 0x81, 0x0, 0xd, 0xff,
    0xff, 0xd9, 0x8b, 0xff, 0xff, 0xc0, 0x0, 0x2e,
    0xff, 0xff, 0xff, 0xff, 0xff, 0xf3, 0x0, 0x0,
    0x2c, 0xff, 0xff, 0xff, 0xff, 0xe3, 0x0, 0x0,
    0x0, 0x4, 0x9d, 0xef, 0xdb, 0x60, 0x0, 0x0,

    /* U+0442 "т" */
    0xcf, 0xff, 0xff, 0xff, 0xff, 0xff, 0xff, 0xcc,
    0xff, 0xff, 0xff, 0xff, 0xff, 0xff, 0xfc, 0xcf,
    0xff, 0xff, 0xff, 0xff, 0xff, 0xff, 0xc6, 0x88,
    0x88, 0xdf, 0xff, 0xd8, 0x88, 0x86, 0x0, 0x0,
    0xb, 0xff, 0xfa, 0x0, 0x0, 0x0, 0x0, 0x0,
    0xbf, 0xff, 0xa0, 0x0, 0x0, 0x0, 0x0, 0xb,
    0xff, 0xfa, 0x0, 0x0, 0x0, 0x0, 0x0, 0xbf,
    0xff, 0xa0, 0x0, 0x0, 0x0, 0x0, 0xb, 0xff,
    0xfa, 0x0, 0x0, 0x0, 0x0, 0x0, 0xbf, 0xff,
    0xa0, 0x0, 0x0, 0x0, 0x0, 0xb, 0xff, 0xfa,
    0x0, 0x0, 0x0, 0x0, 0x0, 0xbf, 0xff, 0xa0,
    0x0, 0x0, 0x0, 0x0, 0xb, 0xff, 0xfa, 0x0,
    0x0, 0x0, 0x0, 0x0, 0xbf, 0xff, 0xa0, 0x0,
    0x0, 0x0, 0x0, 0xb, 0xff, 0xfa, 0x0, 0x0,
    0x0,

    /* U+0443 "у" */
    0xc, 0xff, 0xfb, 0x0, 0x0, 0x0, 0x3, 0xff,
    0xfe, 0x0, 0x5f, 0xff, 0xf2, 0x0, 0x0, 0x0,
    0xaf, 0xff, 0x80, 0x0, 0xdf, 0xff, 0x90, 0x0,
    0x0, 0x1f, 0xff, 0xf1, 0x0, 0x6, 0xff, 0xff,
    0x0, 0x0, 0x8, 0xff, 0xfa, 0x0, 0x0, 0xf,
    0xff, 0xf7, 0x0, 0x0, 0xef, 0xff, 0x30, 0x0,
    0x0, 0x8f, 0xff, 0xd0, 0x0, 0x6f, 0xff, 0xc0,
    0x0, 0x0, 0x1, 0xff, 0xff, 0x40, 0xd, 0xff,
    0xf5, 0x0, 0x0, 0x0, 0xa, 0xff, 0xfb, 0x4,
    0xff, 0xfd, 0x0, 0x0, 0x0, 0x0, 0x3f, 0xff,
    0xf2, 0xbf, 0xff, 0x70, 0x0, 0x0, 0x0, 0x0,
    0xcf, 0xff, 0xbf, 0xff, 0xf0, 0x0, 0x0, 0x0,
    0x0, 0x4, 0xff, 0xff, 0xff, 0xf9, 0x0, 0x0,
    0x0, 0x0, 0x0, 0xd, 0xff, 0xff, 0xff, 0x20,
    0x0, 0x0, 0x0, 0x0, 0x0, 0x6f, 0xff, 0xff,
    0xa0, 0x0, 0x0, 0x0, 0x0, 0x0, 0x0, 0xef,
    0xff, 0xf3, 0x0, 0x0, 0x0, 0x0, 0x0, 0x0,
    0x9, 0xff, 0xfc, 0x0, 0x0, 0x0, 0x0, 0x2,
    0x0, 0x1, 0xef, 0xff, 0x50, 0x0, 0x0, 0x0,
    0x0, 0xed, 0x88, 0xef, 0xff, 0xd0, 0x0, 0x0,
    0x0, 0x0, 0x7f, 0xff, 0xff, 0xff, 0xf4, 0x0,
    0x0, 0x0, 0x0, 0xd, 0xff, 0xff, 0xff, 0xf6,
    0x0, 0x0, 0x0, 0x0, 0x0, 0x18, 0xcf, 0xfd,
    0xa2, 0x0, 0x0, 0x0, 0x0, 0x0,

    /* U+0444 "ф" */
    0x0, 0x0, 0x0, 0x0, 0x1, 0xbb, 0xba, 0x0,
    0x0, 0x0, 0x0, 0x0, 0x0, 0x0, 0x0, 0x0,
    0x1f, 0xff, 0xe0, 0x0, 0x0, 0x0, 0x0, 0x0,
    0x0, 0x0, 0x0, 0x1, 0xff, 0xfe, 0x0, 0x0,
    0x0, 0x0, 0x0, 0x0, 0x0, 0x0, 0x0, 0x1f,
    0xff, 0xe0, 0x0, 0x0, 0x0, 0x0, 0x0, 0x0,
    0x0, 0x0, 0x1, 0xff, 0xfe, 0x0, 0x0, 0x0,
    0x0, 0x0, 0x0, 0x0, 0x0, 0x0, 0x1f, 0xff,
    0xe1, 0x0, 0x0, 0x0, 0x0, 0x0, 0x0, 0x4,
    0x9c, 0xef, 0xff, 0xff, 0xff, 0xb7, 0x20, 0x0,
    0x0, 0x0, 0x4d, 0xff, 0xff, 0xff, 0xff, 0xff,
    0xff, 0xff, 0xa1, 0x0, 0x0, 0x5f, 0xff, 0xff,
    0xff, 0xff, 0xff, 0xff, 0xff, 0xff, 0xd2, 0x0,
    0x2f, 0xff, 0xff, 0xb6, 0x4f, 0xff, 0xe3, 0x7d,
    0xff, 0xff, 0xc0, 0x9, 0xff, 0xff, 0x40, 0x1,
    0xff, 0xfe, 0x0, 0x7, 0xff, 0xff, 0x50, 0xef,
    0xff, 0x80, 0x0, 0x1f, 0xff, 0xe0, 0x0, 0xb,
    0xff, 0xfa, 0xf, 0xff, 0xf3, 0x0, 0x1, 0xff,
    0xfe, 0x0, 0x0, 0x6f, 0xff, 0xd1, 0xff, 0xff,
    0x20, 0x0, 0x1f, 0xff, 0xe0, 0x0, 0x5, 0xff,
    0xfe, 0xf, 0xff, 0xf3, 0x0, 0x1, 0xff, 0xfe,
    0x0, 0x0, 0x7f, 0xff, 0xc0, 0xcf, 0xff, 0x90,
    0x0, 0x1f, 0xff, 0xe0, 0x0, 0xd, 0xff, 0xf9,
    0x7, 0xff, 0xff, 0x70, 0x1, 0xff, 0xfe, 0x0,
    0x1a, 0xff, 0xff, 0x30, 0xd, 0xff, 0xff, 0xe9,
    0x7f, 0xff, 0xe6, 0xaf, 0xff, 0xff, 0xa0, 0x0,
    0x1d, 0xff, 0xff, 0xff, 0xff, 0xff, 0xff, 0xff,
    0xff, 0xb0, 0x0, 0x0, 0x8, 0xff, 0xff, 0xff,
    0xff, 0xff, 0xff, 0xfe, 0x60, 0x0, 0x0, 0x0,
    0x0, 0x59, 0xce, 0xff, 0xff, 0xec, 0x94, 0x0,
    0x0, 0x0, 0x0, 0x0, 0x0, 0x0, 0x1f, 0xff,
    0xe0, 0x0, 0x0, 0x0, 0x0, 0x0, 0x0, 0x0,
    0x0, 0x1, 0xff, 0xfe, 0x0, 0x0, 0x0, 0x0,
    0x0, 0x0, 0x0, 0x0, 0x0, 0x1f, 0xff, 0xe0,
    0x0, 0x0, 0x0, 0x0, 0x0, 0x0, 0x0, 0x0,
    0x1, 0xff, 0xfe, 0x0, 0x0, 0x0, 0x0, 0x0,
    0x0, 0x0, 0x0, 0x0, 0x1f, 0xff, 0xe0, 0x0,
    0x0, 0x0, 0x0,

    /* U+0445 "х" */
    0x5f, 0xff, 0xf8, 0x0, 0x0, 0xb, 0xff, 0xfd,
    0x0, 0x9f, 0xff, 0xf4, 0x0, 0x7, 0xff, 0xff,
    0x20, 0x0, 0xcf, 0xff, 0xe1, 0x3, 0xff, 0xff,
    0x60, 0x0, 0x2, 0xff, 0xff, 0xb1, 0xef, 0xff,
    0xa0, 0x0, 0x0, 0x5, 0xff, 0xff, 0xef, 0xff,
    0xd0, 0x0, 0x0, 0x0, 0x9, 0xff, 0xff, 0xff,
    0xf2, 0x0, 0x0, 0x0, 0x0, 0xc, 0xff, 0xff,
    0xf5, 0x0, 0x0, 0x0, 0x0, 0x0, 0x5f, 0xff,
    0xfe, 0x0, 0x0, 0x0, 0x0, 0x0, 0x1d, 0xff,
    0xff, 0xf9, 0x0, 0x0, 0x0, 0x0, 0xb, 0xff,
    0xff, 0xff, 0xf5, 0x0, 0x0, 0x0, 0x7, 0xff,
    0xff, 0xcf, 0xff, 0xf2, 0x0, 0x0, 0x4, 0xff,
    0xff, 0x71, 0xef, 0xff, 0xd0, 0x0, 0x1, 0xef,
    0xff, 0xb0, 0x3, 0xff, 0xff, 0x90, 0x0, 0xcf,
    0xff, 0xe1, 0x0, 0x8, 0xff, 0xff, 0x60, 0x8f,
    0xff, 0xf3, 0x0, 0x0, 0xc, 0xff, 0xff, 0x20,

    /* U+0446 "ц" */
    0xef, 0xff, 0x70, 0x0, 0x0, 0x7f, 0xff, 0xe0,
    0x0, 0xef, 0xff, 0x70, 0x0, 0x0, 0x7f, 0xff,
    0xe0, 0x0, 0xef, 0xff, 0x70, 0x0, 0x0, 0x7f,
    0xff, 0xe0, 0x0, 0xef, 0xff, 0x70, 0x0, 0x0,
    0x7f, 0xff, 0xe0, 0x0, 0xef, 0xff, 0x70, 0x0,
    0x0, 0x7f, 0xff, 0xe0, 0x0, 0xef, 0xff, 0x70,
    0x0, 0x0, 0x7f, 0xff, 0xe0, 0x0, 0xef, 0xff,
    0x70, 0x0, 0x0, 0x7f, 0xff, 0xe0, 0x0, 0xef,
    0xff, 0x70, 0x0, 0x0, 0x7f, 0xff, 0xe0, 0x0,
    0xef, 0xff, 0x70, 0x0, 0x0, 0x7f, 0xff, 0xe0,
    0x0, 0xef, 0xff, 0x70, 0x0, 0x0, 0x7f, 0xff,
    0xe0, 0x0, 0xef, 0xff, 0x70, 0x0, 0x0, 0x7f,
    0xff, 0xe0, 0x0, 0xef, 0xff, 0xb8, 0x88, 0x88,
    0xcf, 0xff, 0xf8, 0x80, 0xef, 0xff, 0xff, 0xff,
    0xff, 0xff, 0xff, 0xff, 0xf1, 0xef, 0xff, 0xff,
    0xff, 0xff, 0xff, 0xff, 0xff, 0xf1, 0xef, 0xff,
    0xff, 0xff, 0xff, 0xff, 0xff, 0xff, 0xf1, 0x0,
    0x0, 0x0, 0x0, 0x0, 0x0, 0xf, 0xff, 0xf1,
    0x0, 0x0, 0x0, 0x0, 0x0, 0x0, 0xf, 0xff,
    0xf1, 0x0, 0x0, 0x0, 0x0, 0x0, 0x0, 0xf,
    0xff, 0xf1, 0x0, 0x0, 0x0, 0x0, 0x0, 0x0,
    0x2, 0x33, 0x30,

    /* U+0447 "ч" */
    0x1f, 0xff, 0xf4, 0x0, 0x0, 0xb, 0xff, 0xfa,
    0x1f, 0xff, 0xf4, 0x0, 0x0, 0xb, 0xff, 0xfa,
    0x1f, 0xff, 0xf4, 0x0, 0x0, 0xb, 0xff, 0xfa,
    0x1f, 0xff, 0xf4, 0x0, 0x0, 0xb, 0xff, 0xfa,
    0x1f, 0xff, 0xf5, 0x0, 0x0, 0xb, 0xff, 0xfa,
    0xf, 0xff, 0xf8, 0x0, 0x0, 0xb, 0xff, 0xfa,
    0xd, 0xff, 0xff, 0x51, 0x2, 0x6e, 0xff, 0xfa,
    0x8, 0xff, 0xff, 0xff, 0xff, 0xff, 0xff, 0xfa,
    0x0, 0xdf, 0xff, 0xff, 0xff, 0xff, 0xff, 0xfa,
    0x0, 0x9, 0xff, 0xff, 0xff, 0xad, 0xff, 0xfa,
    0x0, 0x0, 0x2, 0x44, 0x30, 0xb, 0xff, 0xfa,
    0x0, 0x0, 0x0, 0x0, 0x0, 0xb, 0xff, 0xfa,
    0x0, 0x0, 0x0, 0x0, 0x0, 0xb, 0xff, 0xfa,
    0x0, 0x0, 0x0, 0x0, 0x0, 0xb, 0xff, 0xfa,
    0x0, 0x0, 0x0, 0x0, 0x0, 0xb, 0xff, 0xfa,

    /* U+0448 "ш" */
    0xef, 0xff, 0x70, 0x0, 0x9, 0xff, 0xfc, 0x0,
    0x0, 0x4f, 0xff, 0xf1, 0xef, 0xff, 0x70, 0x0,
    0x9, 0xff, 0xfc, 0x0, 0x0, 0x4f, 0xff, 0xf1,
    0xef, 0xff, 0x70, 0x0, 0x9, 0xff, 0xfc, 0x0,
    0x0, 0x4f, 0xff, 0xf1, 0xef, 0xff, 0x70, 0x0,
    0x9, 0xff, 0xfc, 0x0, 0x0, 0x4f, 0xff, 0xf1,
    0xef, 0xff, 0x70, 0x0, 0x9, 0xff, 0xfc, 0x0,
    0x0, 0x4f, 0xff, 0xf1, 0xef, 0xff, 0x70, 0x0,
    0x9, 0xff, 0xfc, 0x0, 0x0, 0x4f, 0xff, 0xf1,
    0xef, 0xff, 0x70, 0x0, 0x9, 0xff, 0xfc, 0x0,
    0x0, 0x4f, 0xff, 0xf1, 0xef, 0xff, 0x70, 0x0,
    0x9, 0xff, 0xfc, 0x0, 0x0, 0x4f, 0xff, 0xf1,
    0xef, 0xff, 0x70, 0x0, 0x9, 0xff, 0xfc, 0x0,
    0x0, 0x4f, 0xff, 0xf1, 0xef, 0xff, 0x70, 0x0,
    0x9, 0xff, 0xfc, 0x0, 0x0, 0x4f, 0xff, 0xf1,
    0xef, 0xff, 0x70, 0x0, 0x9, 0xff, 0xfc, 0x0,
    0x0, 0x4f, 0xff, 0xf1, 0xef, 0xff, 0xb8, 0x88,
    0x8c, 0xff, 0xfe, 0x88, 0x88, 0xaf, 0xff, 0xf1,
    0xef, 0xff, 0xff, 0xff, 0xff, 0xff, 0xff, 0xff,
    0xff, 0xff, 0xff, 0xf1, 0xef, 0xff, 0xff, 0xff,
    0xff, 0xff, 0xff, 0xff, 0xff, 0xff, 0xff, 0xf1,
    0xef, 0xff, 0xff, 0xff, 0xff, 0xff, 0xff, 0xff,
    0xff, 0xff, 0xff, 0xf1,

    /* U+0449 "щ" */
    0xef, 0xff, 0x70, 0x0, 0x9, 0xff, 0xfc, 0x0,
    0x0, 0x4f, 0xff, 0xf1, 0x0, 0xef, 0xff, 0x70,
    0x0, 0x9, 0xff, 0xfc, 0x0, 0x0, 0x4f, 0xff,
    0xf1, 0x0, 0xef, 0xff, 0x70, 0x0, 0x9, 0xff,
    0xfc, 0x0, 0x0, 0x4f, 0xff, 0xf1, 0x0, 0xef,
    0xff, 0x70, 0x0, 0x9, 0xff, 0xfc, 0x0, 0x0,
    0x4f, 0xff, 0xf1, 0x0, 0xef, 0xff, 0x70, 0x0,
    0x9, 0xff, 0xfc, 0x0, 0x0, 0x4f, 0xff, 0xf1,
    0x0, 0xef, 0xff, 0x70, 0x0, 0x9, 0xff, 0xfc,
    0x0, 0x0, 0x4f, 0xff, 0xf1, 0x0, 0xef, 0xff,
    0x70, 0x0, 0x9, 0xff, 0xfc, 0x0, 0x0, 0x4f,
    0xff, 0xf1, 0x0, 0xef, 0xff, 0x70, 0x0, 0x9,
    0xff, 0xfc, 0x0, 0x0, 0x4f, 0xff, 0xf1, 0x0,
    0xef, 0xff, 0x70, 0x0, 0x9, 0xff, 0xfc, 0x0,
    0x0, 0x4f, 0xff, 0xf1, 0x0, 0xef, 0xff, 0x70,
    0x0, 0x9, 0xff, 0xfc, 0x0, 0x0, 0x4f, 0xff,
    0xf1, 0x0, 0xef, 0xff, 0x70, 0x0, 0x9, 0xff,
    0xfc, 0x0, 0x0, 0x4f, 0xff, 0xf1, 0x0, 0xef,
    0xff, 0xb8, 0x88, 0x8c, 0xff, 0xfe, 0x88, 0x88,
    0xaf, 0xff, 0xf8, 0x81, 0xef, 0xff, 0xff, 0xff,
    0xff, 0xff, 0xff, 0xff, 0xff, 0xff, 0xff, 0xff,
    0xf3, 0xef, 0xff, 0xff, 0xff, 0xff, 0xff, 0xff,
    0xff, 0xff, 0xff, 0xff, 0xff, 0xf3, 0xef, 0xff,
    0xff, 0xff, 0xff, 0xff, 0xff, 0xff, 0xff, 0xff,
    0xff, 0xff, 0xf3, 0x0, 0x0, 0x0, 0x0, 0x0,
    0x0, 0x0, 0x0, 0x0, 0x0, 0xe, 0xff, 0xf3,
    0x0, 0x0, 0x0, 0x0, 0x0, 0x0, 0x0, 0x0,
    0x0, 0x0, 0xe, 0xff, 0xf3, 0x0, 0x0, 0x0,
    0x0, 0x0, 0x0, 0x0, 0x0, 0x0, 0x0, 0xd,
    0xff, 0xf2,

    /* U+044A "ъ" */
    0xcf, 0xff, 0xff, 0xff, 0xf0, 0x0, 0x0, 0x0,
    0x0, 0xc, 0xff, 0xff, 0xff, 0xff, 0x0, 0x0,
    0x0, 0x0, 0x0, 0xcf, 0xff, 0xff, 0xff, 0xf0,
    0x0, 0x0, 0x0, 0x0, 0x6, 0x88, 0x8b, 0xff,
    0xff, 0x0, 0x0, 0x0, 0x0, 0x0, 0x0, 0x0,
    0x7f, 0xff, 0xf0, 0x0, 0x0, 0x0, 0x0, 0x0,
    0x0, 0x7, 0xff, 0xff, 0xff, 0xff, 0xec, 0x71,
    0x0, 0x0, 0x0, 0x7f, 0xff, 0xff, 0xff, 0xff,
    0xff, 0xe3, 0x0, 0x0, 0x7, 0xff, 0xff, 0xcc,
    0xce, 0xff, 0xff, 0xd0, 0x0, 0x0, 0x7f, 0xff,
    0xf0, 0x0, 0x7, 0xff, 0xff, 0x40, 0x0, 0x7,
    0xff, 0xff, 0x0, 0x0, 0xf, 0xff, 0xf7, 0x0,
    0x0, 0x7f, 0xff, 0xf0, 0x0, 0x1, 0xff, 0xff,
    0x60, 0x0, 0x7, 0xff, 0xff, 0x0, 0x2, 0xbf,
    0xff, 0xf3, 0x0, 0x0, 0x7f, 0xff, 0xff, 0xff,
    0xff, 0xff, 0xfc, 0x0, 0x0, 0x7, 0xff, 0xff,
    0xff, 0xff, 0xff, 0xfc, 0x10, 0x0, 0x0, 0x7f,
    0xff, 0xff, 0xff, 0xfe, 0xa5, 0x0, 0x0,

    /* U+044B "ы" */
    0xef, 0xff, 0x70, 0x0, 0x0, 0x0, 0x0, 0x6,
    0xff, 0xff, 0xef, 0xff, 0x70, 0x0, 0x0, 0x0,
    0x0, 0x6, 0xff, 0xff, 0xef, 0xff, 0x70, 0x0,
    0x0, 0x0, 0x0, 0x6, 0xff, 0xff, 0xef, 0xff,
    0x70, 0x0, 0x0, 0x0, 0x0, 0x6, 0xff, 0xff,
    0xef, 0xff, 0x70, 0x0, 0x0, 0x0, 0x0, 0x6,
    0xff, 0xff, 0xef, 0xff, 0xff, 0xff, 0xfe, 0xb5,
    0x0, 0x6, 0xff, 0xff, 0xef, 0xff, 0xff, 0xff,
    0xff, 0xff, 0xa0, 0x6, 0xff, 0xff, 0xef, 0xff,
    0xdc, 0xcc, 0xff, 0xff, 0xf6, 0x6, 0xff, 0xff,
    0xef, 0xff, 0x70, 0x0, 0x1c, 0xff, 0xfc, 0x6,
    0xff, 0xff, 0xef, 0xff, 0x70, 0x0, 0x6, 0xff,
    0xff, 0x6, 0xff, 0xff, 0xef, 0xff, 0x70, 0x0,
    0x8, 0xff, 0xfe, 0x6, 0xff, 0xff, 0xef, 0xff,
    0x70, 0x1, 0x5f, 0xff, 0xfb, 0x6, 0xff, 0xff,
    0xef, 0xff, 0xff, 0xff, 0xff, 0xff, 0xf4, 0x6,
    0xff, 0xff, 0xef, 0xff, 0xff, 0xff, 0xff, 0xff,
    0x60, 0x6, 0xff, 0xff, 0xef, 0xff, 0xff, 0xff,
    0xfc, 0x82, 0x0, 0x6, 0xff, 0xff,

    /* U+044C "ь" */
    0xef, 0xff, 0x70, 0x0, 0x0, 0x0, 0x0, 0xe,
    0xff, 0xf7, 0x0, 0x0, 0x0, 0x0, 0x0, 0xef,
    0xff, 0x70, 0x0, 0x0, 0x0, 0x0, 0xe, 0xff,
    0xf7, 0x0, 0x0, 0x0, 0x0, 0x0, 0xef, 0xff,
    0x70, 0x0, 0x0, 0x0, 0x0, 0xe, 0xff, 0xff,
    0xff, 0xff, 0xeb, 0x60, 0x0, 0xef, 0xff, 0xff,
    0xff, 0xff, 0xff, 0xd1, 0xe, 0xff, 0xfd, 0xcc,
    0xce, 0xff, 0xff, 0xb0, 0xef, 0xff, 0x70, 0x0,
    0x9, 0xff, 0xff, 0x2e, 0xff, 0xf7, 0x0, 0x0,
    0x2f, 0xff, 0xf4, 0xef, 0xff, 0x70, 0x0, 0x4,
    0xff, 0xff, 0x4e, 0xff, 0xf7, 0x0, 0x13, 0xdf,
    0xff, 0xf1, 0xef, 0xff, 0xff, 0xff, 0xff, 0xff,
    0xf9, 0xe, 0xff, 0xff, 0xff, 0xff, 0xff, 0xfa,
    0x0, 0xef, 0xff, 0xff, 0xff, 0xfd, 0xa4, 0x0,
    0x0,

    /* U+044D "э" */
    0x0, 0x5, 0xad, 0xff, 0xdb, 0x61, 0x0, 0x0,
    0x4, 0xdf, 0xff, 0xff, 0xff, 0xff, 0x60, 0x0,
    0x4f, 0xff, 0xff, 0xff, 0xff, 0xff, 0xf9, 0x0,
    0xb, 0xff, 0xd7, 0x55, 0x7d, 0xff, 0xff, 0x70,
    0x0, 0x97, 0x0, 0x0, 0x0, 0xaf, 0xff, 0xf1,
    0x0, 0x0, 0x0, 0x0, 0x0, 0xd, 0xff, 0xf6,
    0x0, 0x0, 0xe, 0xff, 0xff, 0xff, 0xff, 0xf9,
    0x0, 0x0, 0xe, 0xff, 0xff, 0xff, 0xff, 0xfa,
    0x0, 0x0, 0xd, 0xff, 0xff, 0xff, 0xff, 0xf9,
    0x0, 0x0, 0x0, 0x0, 0x0, 0xd, 0xff, 0xf6,
    0x0, 0x87, 0x0, 0x0, 0x0, 0xaf, 0xff, 0xf1,
    0xa, 0xff, 0xd7, 0x55, 0x8d, 0xff, 0xff, 0x70,
    0x4f, 0xff, 0xff, 0xff, 0xff, 0xff, 0xf9, 0x0,
    0x4, 0xdf, 0xff, 0xff, 0xff, 0xff, 0x60, 0x0,
    0x0, 0x5, 0xad, 0xff, 0xdb, 0x61, 0x0, 0x0,

    /* U+044E "ю" */
    0xef, 0xff, 0x70, 0x0, 0x0, 0x38, 0xce, 0xfd,
    0xb6, 0x10, 0x0, 0xe, 0xff, 0xf7, 0x0, 0x0,
    0x9f, 0xff, 0xff, 0xff, 0xfe, 0x50, 0x0, 0xef,
    0xff, 0x70, 0x0, 0xcf, 0xff, 0xff, 0xff, 0xff,
    0xff, 0x60, 0xe, 0xff, 0xf7, 0x0, 0xaf, 0xff,
    0xfc, 0x65, 0x8e, 0xff, 0xff, 0x30, 0xef, 0xff,
    0x70, 0x2f, 0xff, 0xfa, 0x0, 0x0, 0x1e, 0xff,
    0xfc, 0xe, 0xff, 0xfd, 0xbd, 0xff, 0xff, 0x0,
    0x0, 0x0, 0x5f, 0xff, 0xf1, 0xef, 0xff, 0xff,
    0xff, 0xff, 0xb0, 0x0, 0x0, 0x0, 0xff, 0xff,
    0x4e, 0xff, 0xff, 0xff, 0xff, 0xfa, 0x0, 0x0,
    0x0, 0xf, 0xff, 0xf5, 0xef, 0xff, 0xff, 0xff,
    0xff, 0xc0, 0x0, 0x0, 0x1, 0xff, 0xff, 0x4e,
    0xff, 0xf7, 0x5, 0xff, 0xff, 0x20, 0x0, 0x0,
    0x7f, 0xff, 0xf1, 0xef, 0xff, 0x70, 0xe, 0xff,
    0xfc, 0x10, 0x0, 0x3f, 0xff, 0xfb, 0xe, 0xff,
    0xf7, 0x0, 0x6f, 0xff, 0xff, 0xa8, 0xbf, 0xff,
    0xff, 0x30, 0xef, 0xff, 0x70, 0x0, 0x9f, 0xff,
    0xff, 0xff, 0xff, 0xff, 0x60, 0xe, 0xff, 0xf7,
    0x0, 0x0, 0x7f, 0xff, 0xff, 0xff, 0xfe, 0x50,
    0x0, 0xef, 0xff, 0x70, 0x0, 0x0, 0x28, 0xcf,
    0xfe, 0xb6, 0x10, 0x0, 0x0,

    /* U+044F "я" */
    0x0, 0x0, 0x5a, 0xdf, 0xff, 0xff, 0xff, 0xf7,
    0x0, 0x2d, 0xff, 0xff, 0xff, 0xff, 0xff, 0xf7,
    0x1, 0xef, 0xff, 0xff, 0xff, 0xff, 0xff, 0xf7,
    0x8, 0xff, 0xff, 0xe9, 0x77, 0x7b, 0xff, 0xf7,
    0xc, 0xff, 0xfd, 0x0, 0x0, 0x6, 0xff, 0xf7,
    0xe, 0xff, 0xf9, 0x0, 0x0, 0x6, 0xff, 0xf7,
    0xd, 0xff, 0xfb, 0x0, 0x0, 0x6, 0xff, 0xf7,
    0x9, 0xff, 0xff, 0x71, 0x0, 0x6, 0xff, 0xf7,
    0x1, 0xef, 0xff, 0xff, 0xff, 0xff, 0xff, 0xf7,
    0x0, 0x2d, 0xff, 0xff, 0xff, 0xff, 0xff, 0xf7,
    0x0, 0x0, 0xef, 0xff, 0xed, 0xde, 0xff, 0xf7,
    0x0, 0x9, 0xff, 0xfe, 0x0, 0x6, 0xff, 0xf7,
    0x0, 0x5f, 0xff, 0xf3, 0x0, 0x6, 0xff, 0xf7,
    0x1, 0xef, 0xff, 0x80, 0x0, 0x6, 0xff, 0xf7,
    0xc, 0xff, 0xfd, 0x0, 0x0, 0x6, 0xff, 0xf7,

    /* U+0450 "ѐ" */
    0x0, 0x7, 0xff, 0xfe, 0x20, 0x0, 0x0, 0x0,
    0x0, 0x0, 0x4, 0xef, 0xfe, 0x10, 0x0, 0x0,
    0x0, 0x0, 0x0, 0x2, 0xdf, 0xfd, 0x10, 0x0,
    0x0, 0x0, 0x0, 0x0, 0x0, 0xaf, 0xfd, 0x10,
    0x0, 0x0, 0x0, 0x0, 0x0, 0x0, 0x0, 0x0,
    0x0, 0x0, 0x0, 0x0, 0x0, 0x0, 0x0, 0x0,
    0x0, 0x0, 0x0, 0x0, 0x0, 0x4, 0xad, 0xfe,
    0xd9, 0x30, 0x0, 0x0, 0x0, 0x2d, 0xff, 0xff,
    0xff, 0xff, 0xb1, 0x0, 0x0, 0x3f, 0xff, 0xff,
    0xff, 0xff, 0xff, 0xd1, 0x0, 0x1e, 0xff, 0xfe,
    0x74, 0x48, 0xff, 0xff, 0xb0, 0x8, 0xff, 0xfd,
    0x10, 0x0, 0x2, 0xff, 0xff, 0x30, 0xdf, 0xff,
    0x60, 0x0, 0x0, 0x8, 0xff, 0xf8, 0xf, 0xff,
    0xff, 0xff, 0xff, 0xff, 0xff, 0xff, 0xb1, 0xff,
    0xff, 0xff, 0xff, 0xff, 0xff, 0xff, 0xfb, 0xf,
    0xff, 0xfa, 0x88, 0x88, 0x88, 0x88, 0x88, 0x50,
    0xdf, 0xff, 0xb0, 0x0, 0x0, 0x0, 0x0, 0x0,
    0x8, 0xff, 0xff, 0x70, 0x0, 0x0, 0x4a, 0x0,
    0x0, 0xd, 0xff, 0xff, 0xd8, 0x78, 0xcf, 0xfa,
    0x0, 0x0, 0x2e, 0xff, 0xff, 0xff, 0xff, 0xff,
    0xf6, 0x0, 0x0, 0x1b, 0xff, 0xff, 0xff, 0xff,
    0xf9, 0x0, 0x0, 0x0, 0x3, 0x9c, 0xef, 0xec,
    0x82, 0x0, 0x0,

    /* U+0451 "ё" */
    0x0, 0x0, 0x2a, 0xa2, 0x0, 0x5b, 0x80, 0x0,
    0x0, 0x0, 0xd, 0xff, 0xc0, 0x2f, 0xff, 0x70,
    0x0, 0x0, 0x0, 0xef, 0xfd, 0x3, 0xff, 0xf8,
    0x0, 0x0, 0x0, 0x5, 0xee, 0x40, 0x9, 0xfc,
    0x10, 0x0, 0x0, 0x0, 0x0, 0x0, 0x0, 0x0,
    0x0, 0x0, 0x0, 0x0, 0x0, 0x0, 0x0, 0x0,
    0x0, 0x0, 0x0, 0x0, 0x0, 0x4, 0xad, 0xfe,
    0xd9, 0x30, 0x0, 0x0, 0x0, 0x2d, 0xff, 0xff,
    0xff, 0xff, 0xb1, 0x0, 0x0, 0x3f, 0xff, 0xff,
    0xff, 0xff, 0xff, 0xd1, 0x0, 0x1e, 0xff, 0xfe,
    0x74, 0x48, 0xff, 0xff, 0xb0, 0x8, 0xff, 0xfd,
    0x10, 0x0, 0x2, 0xff, 0xff, 0x30, 0xdf, 0xff,
    0x60, 0x0, 0x0, 0x8, 0xff, 0xf8, 0xf, 0xff,
    0xff, 0xff, 0xff, 0xff, 0xff, 0xff, 0xb1, 0xff,
    0xff, 0xff, 0xff, 0xff, 0xff, 0xff, 0xfb, 0xf,
    0xff, 0xfa, 0x88, 0x88, 0x88, 0x88, 0x88, 0x50,
    0xdf, 0xff, 0xb0, 0x0, 0x0, 0x0, 0x0, 0x0,
    0x8, 0xff, 0xff, 0x70, 0x0, 0x0, 0x4a, 0x0,
    0x0, 0xd, 0xff, 0xff, 0xd8, 0x78, 0xcf, 0xfa,
    0x0, 0x0, 0x2e, 0xff, 0xff, 0xff, 0xff, 0xff,
    0xf6, 0x0, 0x0, 0x1b, 0xff, 0xff, 0xff, 0xff,
    0xf9, 0x0, 0x0, 0x0, 0x3, 0x9c, 0xef, 0xec,
    0x82, 0x0, 0x0,

    /* U+0452 "ђ" */
    0x0, 0xe, 0xff, 0xf4, 0x0, 0x0, 0x0, 0x0,
    0x0, 0x4, 0x88, 0xff, 0xff, 0xa8, 0x88, 0x88,
    0x40, 0x0, 0x0, 0x9f, 0xff, 0xff, 0xff, 0xff,
    0xff, 0xf9, 0x0, 0x0, 0x9, 0xff, 0xff, 0xff,
    0xff, 0xff, 0xff, 0x90, 0x0, 0x0, 0x0, 0xe,
    0xff, 0xf4, 0x0, 0x0, 0x0, 0x0, 0x0, 0x0,
    0x0, 0xef, 0xff, 0x40, 0x0, 0x0, 0x0, 0x0,
    0x0, 0x0, 0xe, 0xff, 0xf4, 0x17, 0xce, 0xfd,
    0xa3, 0x0, 0x0, 0x0, 0xef, 0xff, 0x8e, 0xff,
    0xff, 0xff, 0xf8, 0x0, 0x0, 0xe, 0xff, 0xff,
    0xff, 0xff, 0xff, 0xff, 0xf6, 0x0, 0x0, 0xef,
    0xff, 0xff, 0xfc, 0xcf, 0xff, 0xff, 0xe0, 0x0,
    0xe, 0xff, 0xff, 0xa1, 0x0, 0x1c, 0xff, 0xff,
    0x40, 0x0, 0xef, 0xff, 0xe0, 0x0, 0x0, 0x2f,
    0xff, 0xf6, 0x0, 0xe, 0xff, 0xf9, 0x0, 0x0,
    0x0, 0xff, 0xff, 0x70, 0x0, 0xef, 0xff, 0x70,
    0x0, 0x0, 0xe, 0xff, 0xf7, 0x0, 0xe, 0xff,
    0xf7, 0x0, 0x0, 0x0, 0xef, 0xff, 0x70, 0x0,
    0xef, 0xff, 0x70, 0x0, 0x0, 0xe, 0xff, 0xf7,
    0x0, 0xe, 0xff, 0xf7, 0x0, 0x0, 0x0, 0xef,
    0xff, 0x70, 0x0, 0xef, 0xff, 0x70, 0x0, 0x0,
    0xe, 0xff, 0xf7, 0x0, 0xe, 0xff, 0xf7, 0x0,
    0x0, 0x0, 0xef, 0xff, 0x70, 0x0, 0xef, 0xff,
    0x70, 0x0, 0x0, 0xe, 0xff, 0xf7, 0x0, 0xe,
    0xff, 0xf7, 0x0, 0x0, 0x0, 0xef, 0xff, 0x70,
    0x0, 0x0, 0x0, 0x0, 0x0, 0x0, 0x1f, 0xff,
    0xf6, 0x0, 0x0, 0x0, 0x0, 0x0, 0x87, 0x7c,
    0xff, 0xff, 0x20, 0x0, 0x0, 0x0, 0x0, 0x1f,
    0xff, 0xff, 0xff, 0xb0, 0x0, 0x0, 0x0, 0x0,
    0x7, 0xff, 0xff, 0xff, 0xd1, 0x0, 0x0, 0x0,
    0x0, 0x0, 0x3a, 0xdf, 0xfc, 0x70, 0x0,

    /* U+0453 "ѓ" */
    0x0, 0x0, 0x0, 0x6, 0x88, 0x86, 0x0, 0x0,
    0x0, 0x8, 0xff, 0xfc, 0x10, 0x0, 0x0, 0x7,
    0xff, 0xf9, 0x0, 0x0, 0x0, 0x6, 0xff, 0xf5,
    0x0, 0x0, 0x0, 0x1, 0x78, 0x82, 0x0, 0x0,
    0x0, 0x0, 0x0, 0x0, 0x0, 0x0, 0x0, 0xef,
    0xff, 0xff, 0xff, 0xff, 0xff, 0x2e, 0xff, 0xff,
    0xff, 0xff, 0xff, 0xf2, 0xef, 0xff, 0xff, 0xff,
    0xff, 0xff, 0x2e, 0xff, 0xfb, 0x88, 0x88, 0x88,
    0x81, 0xef, 0xff, 0x70, 0x0, 0x0, 0x0, 0xe,
    0xff, 0xf7, 0x0, 0x0, 0x0, 0x0, 0xef, 0xff,
    0x70, 0x0, 0x0, 0x0, 0xe, 0xff, 0xf7, 0x0,
    0x0, 0x0, 0x0, 0xef, 0xff, 0x70, 0x0, 0x0,
    0x0, 0xe, 0xff, 0xf7, 0x0, 0x0, 0x0, 0x0,
    0xef, 0xff, 0x70, 0x0, 0x0, 0x0, 0xe, 0xff,
    0xf7, 0x0, 0x0, 0x0, 0x0, 0xef, 0xff, 0x70,
    0x0, 0x0, 0x0, 0xe, 0xff, 0xf7, 0x0, 0x0,
    0x0, 0x0, 0xef, 0xff, 0x70, 0x0, 0x0, 0x0,
    0x0,

    /* U+0454 "є" */
    0x0, 0x0, 0x3, 0x9c, 0xef, 0xec, 0x82, 0x0,
    0x0, 0x0, 0x1b, 0xff, 0xff, 0xff, 0xff, 0xf9,
    0x0, 0x0, 0x2e, 0xff, 0xff, 0xff, 0xff, 0xff,
    0xfc, 0x0, 0xd, 0xff, 0xff, 0xa6, 0x56, 0xaf,
    0xff, 0x40, 0x7, 0xff, 0xff, 0x30, 0x0, 0x0,
    0x1a, 0x30, 0x0, 0xdf, 0xff, 0x60, 0x0, 0x0,
    0x0, 0x0, 0x0, 0xf, 0xff, 0xff, 0xff, 0xff,
    0xf7, 0x0, 0x0, 0x1, 0xff, 0xff, 0xff, 0xff,
    0xff, 0x70, 0x0, 0x0, 0xf, 0xff, 0xff, 0xff,
    0xff, 0xf6, 0x0, 0x0, 0x0, 0xdf, 0xff, 0x60,
    0x0, 0x0, 0x0, 0x0, 0x0, 0x7, 0xff, 0xff,
    0x40, 0x0, 0x0, 0x2c, 0x40, 0x0, 0xd, 0xff,
    0xff, 0xa6, 0x46, 0xaf, 0xff, 0x50, 0x0, 0x2e,
    0xff, 0xff, 0xff, 0xff, 0xff, 0xfc, 0x0, 0x0,
    0x1b, 0xff, 0xff, 0xff, 0xff, 0xf9, 0x0, 0x0,
    0x0, 0x3, 0x9c, 0xef, 0xec, 0x82, 0x0, 0x0,

    /* U+0455 "ѕ" */
    0x0, 0x0, 0x5a, 0xdf, 0xfe, 0xca, 0x50, 0x0,
    0x2, 0xdf, 0xff, 0xff, 0xff, 0xff, 0xd0, 0x1,
    0xef, 0xff, 0xff, 0xff, 0xff, 0xf7, 0x0, 0x8f,
    0xff, 0xf7, 0x44, 0x68, 0xde, 0x0, 0xb, 0xff,
    0xf8, 0x0, 0x0, 0x0, 0x20, 0x0, 0xaf, 0xff,
    0xe6, 0x20, 0x0, 0x0, 0x0, 0x5, 0xff, 0xff,
    0xff, 0xfc, 0x94, 0x0, 0x0, 0x8, 0xff, 0xff,
    0xff, 0xff, 0xfe, 0x40, 0x0, 0x2, 0x8c, 0xff,
    0xff, 0xff, 0xff, 0x10, 0x0, 0x0, 0x0, 0x14,
    0x8f, 0xff, 0xf6, 0x0, 0x61, 0x0, 0x0, 0x0,
    0xbf, 0xff, 0x70, 0x3f, 0xfb, 0x75, 0x44, 0x8f,
    0xff, 0xf5, 0xa, 0xff, 0xff, 0xff, 0xff, 0xff,
    0xfd, 0x0, 0xbf, 0xff, 0xff, 0xff, 0xff, 0xfc,
    0x10, 0x0, 0x27, 0xbd, 0xff, 0xed, 0x94, 0x0,
    0x0,

    /* U+0456 "і" */
    0x3, 0xab, 0x80, 0x2f, 0xff, 0xfa, 0x6f, 0xff,
    0xff, 0x3f, 0xff, 0xfb, 0x6, 0xdf, 0xb1, 0x0,
    0x0, 0x0, 0x0, 0x0, 0x0, 0xe, 0xff, 0xf7,
    0xe, 0xff, 0xf7, 0xe, 0xff, 0xf7, 0xe, 0xff,
    0xf7, 0xe, 0xff, 0xf7, 0xe, 0xff, 0xf7, 0xe,
    0xff, 0xf7, 0xe, 0xff, 0xf7, 0xe, 0xff, 0xf7,
    0xe, 0xff, 0xf7, 0xe, 0xff, 0xf7, 0xe, 0xff,
    0xf7, 0xe, 0xff, 0xf7, 0xe, 0xff, 0xf7, 0xe,
    0xff, 0xf7,

    /* U+0457 "ї" */
    0x2a, 0x91, 0x6, 0xb6, 0xc, 0xff, 0x93, 0xff,
    0xf2, 0xdf, 0xfa, 0x4f, 0xff, 0x35, 0xed, 0x30,
    0xaf, 0xa0, 0x0, 0x0, 0x0, 0x0, 0x0, 0x0,
    0x0, 0x0, 0x0, 0x0, 0xff, 0xff, 0x60, 0x0,
    0xf, 0xff, 0xf6, 0x0, 0x0, 0xff, 0xff, 0x60,
    0x0, 0xf, 0xff, 0xf6, 0x0, 0x0, 0xff, 0xff,
    0x60, 0x0, 0xf, 0xff, 0xf6, 0x0, 0x0, 0xff,
    0xff, 0x60, 0x0, 0xf, 0xff, 0xf6, 0x0, 0x0,
    0xff, 0xff, 0x60, 0x0, 0xf, 0xff, 0xf6, 0x0,
    0x0, 0xff, 0xff, 0x60, 0x0, 0xf, 0xff, 0xf6,
    0x0, 0x0, 0xff, 0xff, 0x60, 0x0, 0xf, 0xff,
    0xf6, 0x0, 0x0, 0xff, 0xff, 0x60, 0x0,

    /* U+0458 "ј" */
    0x0, 0x0, 0x6, 0xdf, 0xb2, 0x0, 0x0, 0x3f,
    0xff, 0xfc, 0x0, 0x0, 0x6f, 0xff, 0xff, 0x0,
    0x0, 0x2f, 0xff, 0xfa, 0x0, 0x0, 0x3, 0xab,
    0x80, 0x0, 0x0, 0x0, 0x0, 0x0, 0x0, 0x0,
    0x0, 0x0, 0x0, 0x0, 0x0, 0xe, 0xff, 0xf8,
    0x0, 0x0, 0xe, 0xff, 0xf8, 0x0, 0x0, 0xe,
    0xff, 0xf8, 0x0, 0x0, 0xe, 0xff, 0xf8, 0x0,
    0x0, 0xe, 0xff, 0xf8, 0x0, 0x0, 0xe, 0xff,
    0xf8, 0x0, 0x0, 0xe, 0xff, 0xf8, 0x0, 0x0,
    0xe, 0xff, 0xf8, 0x0, 0x0, 0xe, 0xff, 0xf8,
    0x0, 0x0, 0xe, 0xff, 0xf8, 0x0, 0x0, 0xe,
    0xff, 0xf8, 0x0, 0x0, 0xe, 0xff, 0xf8, 0x0,
    0x0, 0xe, 0xff, 0xf8, 0x0, 0x0, 0xe, 0xff,
    0xf8, 0x0, 0x0, 0xe, 0xff, 0xf7, 0x0, 0x0,
    0x1f, 0xff, 0xf6, 0x9, 0x87, 0xdf, 0xff, 0xf3,
    0x1f, 0xff, 0xff, 0xff, 0xc0, 0x6f, 0xff, 0xff,
    0xfd, 0x10, 0x3a, 0xdf, 0xfc, 0x70, 0x0,

    /* U+0459 "љ" */
    0x0, 0x5, 0xff, 0xff, 0xff, 0xff, 0xff, 0xff,
    0x80, 0x0, 0x0, 0x0, 0x0, 0x0, 0x0, 0x6f,
    0xff, 0xff, 0xff, 0xff, 0xff, 0xf8, 0x0, 0x0,
    0x0, 0x0, 0x0, 0x0, 0x6, 0xff, 0xff, 0xff,
    0xff, 0xff, 0xff, 0x80, 0x0, 0x0, 0x0, 0x0,
    0x0, 0x0, 0x7f, 0xff, 0xb8, 0x88, 0x8e, 0xff,
    0xf8, 0x0, 0x0, 0x0, 0x0, 0x0, 0x0, 0x8,
    0xff, 0xf5, 0x0, 0x0, 0xdf, 0xff, 0x80, 0x0,
    0x0, 0x0, 0x0, 0x0, 0x0, 0x8f, 0xff, 0x50,
    0x0, 0xd, 0xff, 0xff, 0xff, 0xff, 0xec, 0x70,
    0x0, 0x0, 0x9, 0xff, 0xf4, 0x0, 0x0, 0xdf,
    0xff, 0xff, 0xff, 0xff, 0xff, 0xe2, 0x0, 0x0,
    0xaf, 0xff, 0x30, 0x0, 0xd, 0xff, 0xfe, 0xcc,
    0xce, 0xff, 0xff, 0xd0, 0x0, 0xc, 0xff, 0xf1,
    0x0, 0x0, 0xdf, 0xff, 0x80, 0x0, 0x8, 0xff,
    0xff, 0x30, 0x0, 0xff, 0xff, 0x0, 0x0, 0xd,
    0xff, 0xf8, 0x0, 0x0, 0x1f, 0xff, 0xf5, 0x0,
    0x5f, 0xff, 0xc0, 0x0, 0x0, 0xdf, 0xff, 0x80,
    0x0, 0x3, 0xff, 0xff, 0x55, 0x9f, 0xff, 0xf8,
    0x0, 0x0, 0xd, 0xff, 0xf8, 0x0, 0x3, 0xcf,
    0xff, 0xf2, 0xaf, 0xff, 0xff, 0x20, 0x0, 0x0,
    0xdf, 0xff, 0xff, 0xff, 0xff, 0xff, 0xfa, 0xb,
    0xff, 0xff, 0x90, 0x0, 0x0, 0xd, 0xff, 0xff,
    0xff, 0xff, 0xff, 0xfb, 0x0, 0xbf, 0xfd, 0x70,
    0x0, 0x0, 0x0, 0xdf, 0xff, 0xff, 0xff, 0xfd,
    0xa4, 0x0, 0x0,

    /* U+045A "њ" */
    0xef, 0xff, 0x70, 0x0, 0x0, 0x4f, 0xff, 0xf1,
    0x0, 0x0, 0x0, 0x0, 0xe, 0xff, 0xf7, 0x0,
    0x0, 0x4, 0xff, 0xff, 0x10, 0x0, 0x0, 0x0,
    0x0, 0xef, 0xff, 0x70, 0x0, 0x0, 0x4f, 0xff,
    0xf1, 0x0, 0x0, 0x0, 0x0, 0xe, 0xff, 0xf7,
    0x0, 0x0, 0x4, 0xff, 0xff, 0x10, 0x0, 0x0,
    0x0, 0x0, 0xef, 0xff, 0x70, 0x0, 0x0, 0x4f,
    0xff, 0xf1, 0x0, 0x0, 0x0, 0x0, 0xe, 0xff,
    0xfb, 0x88, 0x88, 0x8a, 0xff, 0xff, 0x88, 0x87,
    0x75, 0x10, 0x0, 0xef, 0xff, 0xff, 0xff, 0xff,
    0xff, 0xff, 0xff, 0xff, 0xff, 0xff, 0xb1, 0xe,
    0xff, 0xff, 0xff, 0xff, 0xff, 0xff, 0xff, 0xff,
    0xff, 0xff, 0xff, 0xd0, 0xef, 0xff, 0xff, 0xff,
    0xff, 0xff, 0xff, 0xf8, 0x88, 0x9d, 0xff, 0xff,
    0x6e, 0xff, 0xf7, 0x0, 0x0, 0x4, 0xff, 0xff,
    0x10, 0x0, 0xe, 0xff, 0xfa, 0xef, 0xff, 0x70,
    0x0, 0x0, 0x4f, 0xff, 0xf1, 0x0, 0x0, 0xdf,
    0xff, 0xae, 0xff, 0xf7, 0x0, 0x0, 0x4, 0xff,
    0xff, 0x10, 0x0, 0x7f, 0xff, 0xf7, 0xef, 0xff,
    0x70, 0x0, 0x0, 0x4f, 0xff, 0xff, 0xff, 0xff,
    0xff, 0xfe, 0x1e, 0xff, 0xf7, 0x0, 0x0, 0x4,
    0xff, 0xff, 0xff, 0xff, 0xff, 0xfe, 0x30, 0xef,
    0xff, 0x70, 0x0, 0x0, 0x4f, 0xff, 0xff, 0xff,
    0xfe, 0xb7, 0x0, 0x0,

    /* U+045B "ћ" */
    0x0, 0x0, 0x56, 0x66, 0x20, 0x0, 0x0, 0x0,
    0x0, 0x0, 0x0, 0x0, 0xef, 0xff, 0x70, 0x0,
    0x0, 0x0, 0x0, 0x0, 0x14, 0x44, 0xef, 0xff,
    0x94, 0x44, 0x44, 0x10, 0x0, 0x0, 0x4f, 0xff,
    0xff, 0xff, 0xff, 0xff, 0xff, 0x40, 0x0, 0x0,
    0x4f, 0xff, 0xff, 0xff, 0xff, 0xff, 0xff, 0x40,
    0x0, 0x0, 0x0, 0x0, 0xef, 0xff, 0x70, 0x0,
    0x0, 0x0, 0x0, 0x0, 0x0, 0x0, 0xef, 0xff,
    0x71, 0x7c, 0xef, 0xd9, 0x30, 0x0, 0x0, 0x0,
    0xef, 0xff, 0xbe, 0xff, 0xff, 0xff, 0xf8, 0x0,
    0x0, 0x0, 0xef, 0xff, 0xff, 0xff, 0xff, 0xff,
    0xff, 0x60, 0x0, 0x0, 0xef, 0xff, 0xff, 0xfc,
    0xcf, 0xff, 0xff, 0xe0, 0x0, 0x0, 0xef, 0xff,
    0xfa, 0x10, 0x1, 0xcf, 0xff, 0xf3, 0x0, 0x0,
    0xef, 0xff, 0xe0, 0x0, 0x0, 0x3f, 0xff, 0xf5,
    0x0, 0x0, 0xef, 0xff, 0x90, 0x0, 0x0, 0xf,
    0xff, 0xf7, 0x0, 0x0, 0xef, 0xff, 0x70, 0x0,
    0x0, 0xe, 0xff, 0xf7, 0x0, 0x0, 0xef, 0xff,
    0x70, 0x0, 0x0, 0xe, 0xff, 0xf7, 0x0, 0x0,
    0xef, 0xff, 0x70, 0x0, 0x0, 0xe, 0xff, 0xf7,
    0x0, 0x0, 0xef, 0xff, 0x70, 0x0, 0x0, 0xe,
    0xff, 0xf7, 0x0, 0x0, 0xef, 0xff, 0x70, 0x0,
    0x0, 0xe, 0xff, 0xf7, 0x0, 0x0, 0xef, 0xff,
    0x70, 0x0, 0x0, 0xe, 0xff, 0xf7, 0x0, 0x0,
    0xef, 0xff, 0x70, 0x0, 0x0, 0xe, 0xff, 0xf7,
    0x0, 0x0, 0xef, 0xff, 0x70, 0x0, 0x0, 0xe,
    0xff, 0xf7,

    /* U+045C "ќ" */
    0x0, 0x0, 0x0, 0x0, 0x68, 0x88, 0x60, 0x0,
    0x0, 0x0, 0x0, 0x7, 0xff, 0xfc, 0x10, 0x0,
    0x0, 0x0, 0x0, 0x6f, 0xff, 0x90, 0x0, 0x0,
    0x0, 0x0, 0x5, 0xff, 0xf6, 0x0, 0x0, 0x0,
    0x0, 0x0, 0x7, 0x88, 0x30, 0x0, 0x0, 0x0,
    0x0, 0x0, 0x0, 0x0, 0x0, 0x0, 0x0, 0x0,
    0xef, 0xff, 0x70, 0x0, 0x0, 0x7f, 0xff, 0xf3,
    0xef, 0xff, 0x70, 0x0, 0x2, 0xff, 0xff, 0x70,
    0xef, 0xff, 0x70, 0x0, 0xc, 0xff, 0xfc, 0x0,
    0xef, 0xff, 0x70, 0x0, 0x7f, 0xff, 0xe1, 0x0,
    0xef, 0xff, 0x70, 0x2, 0xff, 0xff, 0x50, 0x0,
    0xef, 0xff, 0x70, 0xd, 0xff, 0xf9, 0x0, 0x0,
    0xef, 0xff, 0xff, 0xff, 0xff, 0xd0, 0x0, 0x0,
    0xef, 0xff, 0xff, 0xff, 0xff, 0x70, 0x0, 0x0,
    0xef, 0xff, 0xff, 0xff, 0xff, 0xf2, 0x0, 0x0,
    0xef, 0xff, 0xb7, 0x7f, 0xff, 0xfd, 0x0, 0x0,
    0xef, 0xff, 0x70, 0x7, 0xff, 0xff, 0x90, 0x0,
    0xef, 0xff, 0x70, 0x0, 0xcf, 0xff, 0xf5, 0x0,
    0xef, 0xff, 0x70, 0x0, 0x1e, 0xff, 0xff, 0x20,
    0xef, 0xff, 0x70, 0x0, 0x5, 0xff, 0xff, 0xc0,
    0xef, 0xff, 0x70, 0x0, 0x0, 0x9f, 0xff, 0xf8,

    /* U+045D "ѝ" */
    0x0, 0x78, 0x88, 0x50, 0x0, 0x0, 0x0, 0x0,
    0x0, 0x2d, 0xff, 0xf5, 0x0, 0x0, 0x0, 0x0,
    0x0, 0x0, 0xbf, 0xff, 0x50, 0x0, 0x0, 0x0,
    0x0, 0x0, 0x7, 0xff, 0xf4, 0x0, 0x0, 0x0,
    0x0, 0x0, 0x0, 0x48, 0x87, 0x0, 0x0, 0x0,
    0x0, 0x0, 0x0, 0x0, 0x0, 0x0, 0x0, 0x0,
    0xef, 0xff, 0x70, 0x0, 0x0, 0xa, 0xff, 0xfc,
    0xef, 0xff, 0x70, 0x0, 0x0, 0x7f, 0xff, 0xfc,
    0xef, 0xff, 0x70, 0x0, 0x4, 0xff, 0xff, 0xfc,
    0xef, 0xff, 0x70, 0x0, 0x2f, 0xff, 0xff, 0xfc,
    0xef, 0xff, 0x70, 0x1, 0xdf, 0xff, 0xff, 0xfc,
    0xef, 0xff, 0x70, 0xb, 0xff, 0xff, 0xff, 0xfc,
    0xef, 0xff, 0x70, 0x9f, 0xff, 0xfb, 0xff, 0xfc,
    0xef, 0xff, 0x76, 0xff, 0xff, 0x49, 0xff, 0xfc,
    0xef, 0xff, 0xaf, 0xff, 0xf7, 0x9, 0xff, 0xfc,
    0xef, 0xff, 0xff, 0xff, 0xa0, 0x9, 0xff, 0xfc,
    0xef, 0xff, 0xff, 0xfc, 0x0, 0x9, 0xff, 0xfc,
    0xef, 0xff, 0xff, 0xe1, 0x0, 0x9, 0xff, 0xfc,
    0xef, 0xff, 0xff, 0x30, 0x0, 0x9, 0xff, 0xfc,
    0xef, 0xff, 0xf5, 0x0, 0x0, 0x9, 0xff, 0xfc,
    0xef, 0xff, 0x80, 0x0, 0x0, 0x9, 0xff, 0xfc,

    /* U+045E "ў" */
    0x0, 0x0, 0xaf, 0xf4, 0x0, 0xc, 0xff, 0x30,
    0x0, 0x0, 0x0, 0x7, 0xff, 0xd5, 0x49, 0xff,
    0xf0, 0x0, 0x0, 0x0, 0x0, 0xd, 0xff, 0xff,
    0xff, 0xf6, 0x0, 0x0, 0x0, 0x0, 0x0, 0x8,
    0xdf, 0xfe, 0xb4, 0x0, 0x0, 0x0, 0x0, 0x0,
    0x0, 0x0, 0x0, 0x0, 0x0, 0x0, 0x0, 0x0,
    0x0, 0x0, 0x0, 0x0, 0x0, 0x0, 0x0, 0x0,
    0x0, 0xc, 0xff, 0xfb, 0x0, 0x0, 0x0, 0x3,
    0xff, 0xfe, 0x0, 0x5f, 0xff, 0xf2, 0x0, 0x0,
    0x0, 0xaf, 0xff, 0x80, 0x0, 0xdf, 0xff, 0x90,
    0x0, 0x0, 0x1f, 0xff, 0xf1, 0x0, 0x6, 0xff,
    0xff, 0x0, 0x0, 0x8, 0xff, 0xfa, 0x0, 0x0,
    0xf, 0xff, 0xf7, 0x0, 0x0, 0xef, 0xff, 0x30,
    0x0, 0x0, 0x8f, 0xff, 0xd0, 0x0, 0x6f, 0xff,
    0xc0, 0x0, 0x0, 0x1, 0xff, 0xff, 0x40, 0xd,
    0xff, 0xf5, 0x0, 0x0, 0x0, 0xa, 0xff, 0xfb,
    0x4, 0xff, 0xfd, 0x0, 0x0, 0x0, 0x0, 0x3f,
    0xff, 0xf2, 0xbf, 0xff, 0x70, 0x0, 0x0, 0x0,
    0x0, 0xcf, 0xff, 0xbf, 0xff, 0xf0, 0x0, 0x0,
    0x0, 0x0, 0x4, 0xff, 0xff, 0xff, 0xf9, 0x0,
    0x0, 0x0, 0x0, 0x0, 0xd, 0xff, 0xff, 0xff,
    0x20, 0x0, 0x0, 0x0, 0x0, 0x0, 0x6f, 0xff,
    0xff, 0xa0, 0x0, 0x0, 0x0, 0x0, 0x0, 0x0,
    0xef, 0xff, 0xf3, 0x0, 0x0, 0x0, 0x0, 0x0,
    0x0, 0x9, 0xff, 0xfc, 0x0, 0x0, 0x0, 0x0,
    0x2, 0x0, 0x1, 0xef, 0xff, 0x50, 0x0, 0x0,
    0x0, 0x0, 0xed, 0x88, 0xef, 0xff, 0xd0, 0x0,
    0x0, 0x0, 0x0, 0x7f, 0xff, 0xff, 0xff, 0xf4,
    0x0, 0x0, 0x0, 0x0, 0xd, 0xff, 0xff, 0xff,
    0xf6, 0x0, 0x0, 0x0, 0x0, 0x0, 0x18, 0xcf,
    0xfd, 0xa2, 0x0, 0x0, 0x0, 0x0, 0x0,

    /* U+045F "џ" */
    0xef, 0xff, 0x70, 0x0, 0x0, 0xff, 0xff, 0x6e,
    0xff, 0xf7, 0x0, 0x0, 0xf, 0xff, 0xf6, 0xef,
    0xff, 0x70, 0x0, 0x0, 0xff, 0xff, 0x6e, 0xff,
    0xf7, 0x0, 0x0, 0xf, 0xff, 0xf6, 0xef, 0xff,
    0x70, 0x0, 0x0, 0xff, 0xff, 0x6e, 0xff, 0xf7,
    0x0, 0x0, 0xf, 0xff, 0xf6, 0xef, 0xff, 0x70,
    0x0, 0x0, 0xff, 0xff, 0x6e, 0xff, 0xf7, 0x0,
    0x0, 0xf, 0xff, 0xf6, 0xef, 0xff, 0x70, 0x0,
    0x0, 0xff, 0xff, 0x6e, 0xff, 0xf7, 0x0, 0x0,
    0xf, 0xff, 0xf6, 0xef, 0xff, 0x70, 0x0, 0x0,
    0xff, 0xff, 0x6e, 0xff, 0xfb, 0x88, 0x88, 0x8f,
    0xff, 0xf6, 0xef, 0xff, 0xff, 0xff, 0xff, 0xff,
    0xff, 0x6e, 0xff, 0xff, 0xff, 0xff, 0xff, 0xff,
    0xf6, 0xef, 0xff, 0xff, 0xff, 0xff, 0xff, 0xff,
    0x60, 0x0, 0x0, 0xcf, 0xff, 0x50, 0x0, 0x0,
    0x0, 0x0, 0xc, 0xff, 0xf5, 0x0, 0x0, 0x0,
    0x0, 0x0, 0xcf, 0xff, 0x50, 0x0, 0x0,

    /* U+0490 "Ґ" */
    0x0, 0x0, 0x0, 0x0, 0x0, 0xff, 0xff, 0x40,
    0x0, 0x0, 0x0, 0x0, 0xf, 0xff, 0xf4, 0x0,
    0x0, 0x0, 0x0, 0x0, 0xff, 0xff, 0x40, 0x0,
    0x0, 0x0, 0x0, 0xf, 0xff, 0xf4, 0x9f, 0xff,
    0xff, 0xff, 0xff, 0xff, 0xff, 0x49, 0xff, 0xff,
    0xff, 0xff, 0xff, 0xff, 0xf4, 0x9f, 0xff, 0xff,
    0xff, 0xff, 0xff, 0xff, 0x49, 0xff, 0xff, 0xaa,
    0xaa, 0xaa, 0xaa, 0xa2, 0x9f, 0xff, 0xf0, 0x0,
    0x0, 0x0, 0x0, 0x9, 0xff, 0xff, 0x0, 0x0,
    0x0, 0x0, 0x0, 0x9f, 0xff, 0xf0, 0x0, 0x0,
    0x0, 0x0, 0x9, 0xff, 0xff, 0x0, 0x0, 0x0,
    0x0, 0x0, 0x9f, 0xff, 0xf0, 0x0, 0x0, 0x0,
    0x0, 0x9, 0xff, 0xff, 0x0, 0x0, 0x0, 0x0,
    0x0, 0x9f, 0xff, 0xf0, 0x0, 0x0, 0x0, 0x0,
    0x9, 0xff, 0xff, 0x0, 0x0, 0x0, 0x0, 0x0,
    0x9f, 0xff, 0xf0, 0x0, 0x0, 0x0, 0x0, 0x9,
    0xff, 0xff, 0x0, 0x0, 0x0, 0x0, 0x0, 0x9f,
    0xff, 0xf0, 0x0, 0x0, 0x0, 0x0, 0x9, 0xff,
    0xff, 0x0, 0x0, 0x0, 0x0, 0x0, 0x9f, 0xff,
    0xf0, 0x0, 0x0, 0x0, 0x0, 0x9, 0xff, 0xff,
    0x0, 0x0, 0x0, 0x0, 0x0, 0x9f, 0xff, 0xf0,
    0x0, 0x0, 0x0, 0x0, 0x0,

    /* U+0491 "ґ" */
    0x0, 0x0, 0x0, 0x4, 0xff, 0xfc, 0x0, 0x0,
    0x0, 0x4, 0xff, 0xfc, 0x0, 0x0, 0x0, 0x4,
    0xff, 0xfc, 0xef, 0xff, 0xff, 0xff, 0xff, 0xfc,
    0xef, 0xff, 0xff, 0xff, 0xff, 0xfc, 0xef, 0xff,
    0xff, 0xff, 0xff, 0xfc, 0xef, 0xff, 0xb8, 0x88,
    0x88, 0x86, 0xef, 0xff, 0x70, 0x0, 0x0, 0x0,
    0xef, 0xff, 0x70, 0x0, 0x0, 0x0, 0xef, 0xff,
    0x70, 0x0, 0x0, 0x0, 0xef, 0xff, 0x70, 0x0,
    0x0, 0x0, 0xef, 0xff, 0x70, 0x0, 0x0, 0x0,
    0xef, 0xff, 0x70, 0x0, 0x0, 0x0, 0xef, 0xff,
    0x70, 0x0, 0x0, 0x0, 0xef, 0xff, 0x70, 0x0,
    0x0, 0x0, 0xef, 0xff, 0x70, 0x0, 0x0, 0x0,
    0xef, 0xff, 0x70, 0x0, 0x0, 0x0, 0xef, 0xff,
    0x70, 0x0, 0x0, 0x0,

    /* U+2022 "•" */
    0x0, 0x9e, 0xe9, 0x10, 0xc, 0xff, 0xff, 0xd0,
    0x5f, 0xff, 0xff, 0xf5, 0x7f, 0xff, 0xff, 0xf7,
    0x5f, 0xff, 0xff, 0xf5, 0xd, 0xff, 0xff, 0xd0,
    0x1, 0xae, 0xfa, 0x10
};


/*---------------------
 *  GLYPH DESCRIPTION
 *--------------------*/

static const lv_font_fmt_txt_glyph_dsc_t glyph_dsc[] = {
    {.bitmap_index = 0, .adv_w = 0, .box_w = 0, .box_h = 0, .ofs_x = 0, .ofs_y = 0} /* id = 0 reserved */,
    {.bitmap_index = 0, .adv_w = 127, .box_w = 0, .box_h = 0, .ofs_x = 0, .ofs_y = 0},
    {.bitmap_index = 0, .adv_w = 129, .box_w = 6, .box_h = 19, .ofs_x = 1, .ofs_y = 0},
    {.bitmap_index = 57, .adv_w = 196, .box_w = 10, .box_h = 8, .ofs_x = 1, .ofs_y = 11},
    {.bitmap_index = 97, .adv_w = 323, .box_w = 20, .box_h = 19, .ofs_x = 0, .ofs_y = 0},
    {.bitmap_index = 287, .adv_w = 286, .box_w = 18, .box_h = 26, .ofs_x = 0, .ofs_y = -3},
    {.bitmap_index = 521, .adv_w = 393, .box_w = 24, .box_h = 19, .ofs_x = 0, .ofs_y = 0},
    {.bitmap_index = 749, .adv_w = 326, .box_w = 19, .box_h = 19, .ofs_x = 1, .ofs_y = 0},
    {.bitmap_index = 930, .adv_w = 103, .box_w = 5, .box_h = 8, .ofs_x = 1, .ofs_y = 11},
    {.bitmap_index = 950, .adv_w = 160, .box_w = 8, .box_h = 26, .ofs_x = 2, .ofs_y = -5},
    {.bitmap_index = 1054, .adv_w = 160, .box_w = 8, .box_h = 26, .ofs_x = 0, .ofs_y = -5},
    {.bitmap_index = 1158, .adv_w = 194, .box_w = 12, .box_h = 11, .ofs_x = 0, .ofs_y = 10},
    {.bitmap_index = 1224, .adv_w = 268, .box_w = 15, .box_h = 13, .ofs_x = 1, .ofs_y = 3},
    {.bitmap_index = 1322, .adv_w = 117, .box_w = 7, .box_h = 10, .ofs_x = 0, .ofs_y = -4},
    {.bitmap_index = 1357, .adv_w = 173, .box_w = 9, .box_h = 4, .ofs_x = 1, .ofs_y = 6},
    {.bitmap_index = 1375, .adv_w = 117, .box_w = 7, .box_h = 6, .ofs_x = 0, .ofs_y = 0},
    {.bitmap_index = 1396, .adv_w = 176, .box_w = 14, .box_h = 26, .ofs_x = -1, .ofs_y = -3},
    {.bitmap_index = 1578, .adv_w = 304, .box_w = 17, .box_h = 19, .ofs_x = 1, .ofs_y = 0},
    {.bitmap_index = 1740, .adv_w = 176, .box_w = 9, .box_h = 19, .ofs_x = 0, .ofs_y = 0},
    {.bitmap_index = 1826, .adv_w = 264, .box_w = 16, .box_h = 19, .ofs_x = 0, .ofs_y = 0},
    {.bitmap_index = 1978, .adv_w = 265, .box_w = 17, .box_h = 19, .ofs_x = -1, .ofs_y = 0},
    {.bitmap_index = 2140, .adv_w = 309, .box_w = 20, .box_h = 19, .ofs_x = 0, .ofs_y = 0},
    {.bitmap_index = 2330, .adv_w = 267, .box_w = 16, .box_h = 19, .ofs_x = 0, .ofs_y = 0},
    {.bitmap_index = 2482, .adv_w = 285, .box_w = 17, .box_h = 19, .ofs_x = 1, .ofs_y = 0},
    {.bitmap_index = 2644, .adv_w = 278, .box_w = 17, .box_h = 19, .ofs_x = 0, .ofs_y = 0},
    {.bitmap_index = 2806, .adv_w = 296, .box_w = 18, .box_h = 19, .ofs_x = 0, .ofs_y = 0},
    {.bitmap_index = 2977, .adv_w = 285, .box_w = 17, .box_h = 19, .ofs_x = 0, .ofs_y = 0},
    {.bitmap_index = 3139, .adv_w = 117, .box_w = 7, .box_h = 15, .ofs_x = 0, .ofs_y = 0},
    {.bitmap_index = 3192, .adv_w = 117, .box_w = 7, .box_h = 20, .ofs_x = 0, .ofs_y = -5},
    {.bitmap_index = 3262, .adv_w = 268, .box_w = 15, .box_h = 15, .ofs_x = 1, .ofs_y = 2},
    {.bitmap_index = 3375, .adv_w = 268, .box_w = 15, .box_h = 10, .ofs_x = 1, .ofs_y = 5},
    {.bitmap_index = 3450, .adv_w = 268, .box_w = 15, .box_h = 15, .ofs_x = 1, .ofs_y = 2},
    {.bitmap_index = 3563, .adv_w = 264, .box_w = 17, .box_h = 19, .ofs_x = -1, .ofs_y = 0},
    {.bitmap_index = 3725, .adv_w = 464, .box_w = 27, .box_h = 24, .ofs_x = 1, .ofs_y = -5},
    {.bitmap_index = 4049, .adv_w = 343, .box_w = 23, .box_h = 19, .ofs_x = -1, .ofs_y = 0},
    {.bitmap_index = 4268, .adv_w = 343, .box_w = 19, .box_h = 19, .ofs_x = 2, .ofs_y = 0},
    {.bitmap_index = 4449, .adv_w = 324, .box_w = 19, .box_h = 19, .ofs_x = 1, .ofs_y = 0},
    {.bitmap_index = 4630, .adv_w = 370, .box_w = 21, .box_h = 19, .ofs_x = 2, .ofs_y = 0},
    {.bitmap_index = 4830, .adv_w = 301, .box_w = 16, .box_h = 19, .ofs_x = 2, .ofs_y = 0},
    {.bitmap_index = 4982, .adv_w = 286, .box_w = 16, .box_h = 19, .ofs_x = 2, .ofs_y = 0},
    {.bitmap_index = 5134, .adv_w = 345, .box_w = 20, .box_h = 19, .ofs_x = 1, .ofs_y = 0},
    {.bitmap_index = 5324, .adv_w = 362, .box_w = 19, .box_h = 19, .ofs_x = 2, .ofs_y = 0},
    {.bitmap_index = 5505, .adv_w = 147, .box_w = 5, .box_h = 19, .ofs_x = 2, .ofs_y = 0},
    {.bitmap_index = 5553, .adv_w = 242, .box_w = 14, .box_h = 19, .ofs_x = -1, .ofs_y = 0},
    {.bitmap_index = 5686, .adv_w = 332, .box_w = 20, .box_h = 19, .ofs_x = 2, .ofs_y = 0},
    {.bitmap_index = 5876, .adv_w = 271, .box_w = 15, .box_h = 19, .ofs_x = 2, .ofs_y = 0},
    {.bitmap_index = 6019, .adv_w = 428, .box_w = 23, .box_h = 19, .ofs_x = 2, .ofs_y = 0},
    {.bitmap_index = 6238, .adv_w = 362, .box_w = 19, .box_h = 19, .ofs_x = 2, .ofs_y = 0},
    {.bitmap_index = 6419, .adv_w = 378, .box_w = 22, .box_h = 19, .ofs_x = 1, .ofs_y = 0},
    {.bitmap_index = 6628, .adv_w = 328, .box_w = 18, .box_h = 19, .ofs_x = 2, .ofs_y = 0},
    {.bitmap_index = 6799, .adv_w = 378, .box_w = 23, .box_h = 24, .ofs_x = 1, .ofs_y = -5},
    {.bitmap_index = 7075, .adv_w = 329, .box_w = 18, .box_h = 19, .ofs_x = 2, .ofs_y = 0},
    {.bitmap_index = 7246, .adv_w = 286, .box_w = 18, .box_h = 19, .ofs_x = 0, .ofs_y = 0},
    {.bitmap_index = 7417, .adv_w = 277, .box_w = 18, .box_h = 19, .ofs_x = 0, .ofs_y = 0},
    {.bitmap_index = 7588, .adv_w = 353, .box_w = 18, .box_h = 19, .ofs_x = 2, .ofs_y = 0},
    {.bitmap_index = 7759, .adv_w = 334, .box_w = 23, .box_h = 19, .ofs_x = -1, .ofs_y = 0},
    {.bitmap_index = 7978, .adv_w = 521, .box_w = 32, .box_h = 19, .ofs_x = 0, .ofs_y = 0},
    {.bitmap_index = 8282, .adv_w = 320, .box_w = 20, .box_h = 19, .ofs_x = 0, .ofs_y = 0},
    {.bitmap_index = 8472, .adv_w = 303, .box_w = 21, .box_h = 19, .ofs_x = -1, .ofs_y = 0},
    {.bitmap_index = 8672, .adv_w = 301, .box_w = 18, .box_h = 19, .ofs_x = 1, .ofs_y = 0},
    {.bitmap_index = 8843, .adv_w = 165, .box_w = 8, .box_h = 26, .ofs_x = 2, .ofs_y = -5},
    {.bitmap_index = 8947, .adv_w = 176, .box_w = 14, .box_h = 26, .ofs_x = -2, .ofs_y = -3},
    {.bitmap_index = 9129, .adv_w = 165, .box_w = 8, .box_h = 26, .ofs_x = 0, .ofs_y = -5},
    {.bitmap_index = 9233, .adv_w = 269, .box_w = 15, .box_h = 12, .ofs_x = 1, .ofs_y = 4},
    {.bitmap_index = 9323, .adv_w = 224, .box_w = 14, .box_h = 3, .ofs_x = 0, .ofs_y = -2},
    {.bitmap_index = 9344, .adv_w = 269, .box_w = 9, .box_h = 4, .ofs_x = 2, .ofs_y = 17},
    {.bitmap_index = 9362, .adv_w = 276, .box_w = 15, .box_h = 15, .ofs_x = 1, .ofs_y = 0},
    {.bitmap_index = 9475, .adv_w = 309, .box_w = 17, .box_h = 21, .ofs_x = 2, .ofs_y = 0},
    {.bitmap_index = 9654, .adv_w = 265, .box_w = 17, .box_h = 15, .ofs_x = 0, .ofs_y = 0},
    {.bitmap_index = 9782, .adv_w = 310, .box_w = 18, .box_h = 21, .ofs_x = 0, .ofs_y = 0},
    {.bitmap_index = 9971, .adv_w = 283, .box_w = 17, .box_h = 15, .ofs_x = 0, .ofs_y = 0},
    {.bitmap_index = 10099, .adv_w = 173, .box_w = 12, .box_h = 21, .ofs_x = 0, .ofs_y = 0},
    {.bitmap_index = 10225, .adv_w = 314, .box_w = 18, .box_h = 20, .ofs_x = 0, .ofs_y = -5},
    {.bitmap_index = 10405, .adv_w = 310, .box_w = 16, .box_h = 21, .ofs_x = 2, .ofs_y = 0},
    {.bitmap_index = 10573, .adv_w = 135, .box_w = 6, .box_h = 22, .ofs_x = 1, .ofs_y = 0},
    {.bitmap_index = 10639, .adv_w = 138, .box_w = 11, .box_h = 27, .ofs_x = -3, .ofs_y = -5},
    {.bitmap_index = 10788, .adv_w = 293, .box_w = 17, .box_h = 21, .ofs_x = 2, .ofs_y = 0},
    {.bitmap_index = 10967, .adv_w = 135, .box_w = 5, .box_h = 21, .ofs_x = 2, .ofs_y = 0},
    {.bitmap_index = 11020, .adv_w = 470, .box_w = 26, .box_h = 15, .ofs_x = 2, .ofs_y = 0},
    {.bitmap_index = 11215, .adv_w = 310, .box_w = 16, .box_h = 15, .ofs_x = 2, .ofs_y = 0},
    {.bitmap_index = 11335, .adv_w = 293, .box_w = 18, .box_h = 15, .ofs_x = 0, .ofs_y = 0},
    {.bitmap_index = 11470, .adv_w = 309, .box_w = 17, .box_h = 20, .ofs_x = 2, .ofs_y = -5},
    {.bitmap_index = 11640, .adv_w = 309, .box_w = 18, .box_h = 20, .ofs_x = 0, .ofs_y = -5},
    {.bitmap_index = 11820, .adv_w = 193, .box_w = 10, .box_h = 15, .ofs_x = 2, .ofs_y = 0},
    {.bitmap_index = 11895, .adv_w = 238, .box_w = 15, .box_h = 15, .ofs_x = 0, .ofs_y = 0},
    {.bitmap_index = 12008, .adv_w = 195, .box_w = 12, .box_h = 19, .ofs_x = 0, .ofs_y = 0},
    {.bitmap_index = 12122, .adv_w = 308, .box_w = 17, .box_h = 15, .ofs_x = 1, .ofs_y = 0},
    {.bitmap_index = 12250, .adv_w = 268, .box_w = 18, .box_h = 15, .ofs_x = -1, .ofs_y = 0},
    {.bitmap_index = 12385, .adv_w = 420, .box_w = 27, .box_h = 15, .ofs_x = 0, .ofs_y = 0},
    {.bitmap_index = 12588, .adv_w = 267, .box_w = 17, .box_h = 15, .ofs_x = 0, .ofs_y = 0},
    {.bitmap_index = 12716, .adv_w = 268, .box_w = 18, .box_h = 20, .ofs_x = -1, .ofs_y = -5},
    {.bitmap_index = 12896, .adv_w = 243, .box_w = 15, .box_h = 15, .ofs_x = 0, .ofs_y = 0},
    {.bitmap_index = 13009, .adv_w = 175, .box_w = 10, .box_h = 26, .ofs_x = 1, .ofs_y = -5},
    {.bitmap_index = 13139, .adv_w = 138, .box_w = 5, .box_h = 26, .ofs_x = 2, .ofs_y = -5},
    {.bitmap_index = 13204, .adv_w = 175, .box_w = 10, .box_h = 26, .ofs_x = 0, .ofs_y = -5},
    {.bitmap_index = 13334, .adv_w = 268, .box_w = 15, .box_h = 6, .ofs_x = 1, .ofs_y = 7},
    {.bitmap_index = 13379, .adv_w = 127, .box_w = 0, .box_h = 0, .ofs_x = 0, .ofs_y = 0},
    {.bitmap_index = 13379, .adv_w = 129, .box_w = 6, .box_h = 20, .ofs_x = 1, .ofs_y = -5},
    {.bitmap_index = 13439, .adv_w = 265, .box_w = 17, .box_h = 22, .ofs_x = 0, .ofs_y = -3},
    {.bitmap_index = 13626, .adv_w = 299, .box_w = 19, .box_h = 19, .ofs_x = 0, .ofs_y = 0},
    {.bitmap_index = 13807, .adv_w = 314, .box_w = 19, .box_h = 19, .ofs_x = 0, .ofs_y = 0},
    {.bitmap_index = 13988, .adv_w = 330, .box_w = 23, .box_h = 19, .ofs_x = -1, .ofs_y = 0},
    {.bitmap_index = 14207, .adv_w = 138, .box_w = 5, .box_h = 26, .ofs_x = 2, .ofs_y = -5},
    {.bitmap_index = 14272, .adv_w = 234, .box_w = 15, .box_h = 23, .ofs_x = 0, .ofs_y = -4},
    {.bitmap_index = 14445, .adv_w = 269, .box_w = 11, .box_h = 4, .ofs_x = 3, .ofs_y = 17},
    {.bitmap_index = 14467, .adv_w = 352, .box_w = 20, .box_h = 20, .ofs_x = 1, .ofs_y = 0},
    {.bitmap_index = 14667, .adv_w = 185, .box_w = 11, .box_h = 9, .ofs_x = 0, .ofs_y = 12},
    {.bitmap_index = 14717, .adv_w = 254, .box_w = 15, .box_h = 11, .ofs_x = 1, .ofs_y = 2},
    {.bitmap_index = 14800, .adv_w = 268, .box_w = 15, .box_h = 9, .ofs_x = 1, .ofs_y = 3},
    {.bitmap_index = 14868, .adv_w = 352, .box_w = 20, .box_h = 20, .ofs_x = 1, .ofs_y = 0},
    {.bitmap_index = 15068, .adv_w = 269, .box_w = 11, .box_h = 3, .ofs_x = 3, .ofs_y = 17},
    {.bitmap_index = 15085, .adv_w = 187, .box_w = 11, .box_h = 10, .ofs_x = 0, .ofs_y = 10},
    {.bitmap_index = 15140, .adv_w = 268, .box_w = 15, .box_h = 18, .ofs_x = 1, .ofs_y = 0},
    {.bitmap_index = 15275, .adv_w = 193, .box_w = 11, .box_h = 12, .ofs_x = 0, .ofs_y = 9},
    {.bitmap_index = 15341, .adv_w = 193, .box_w = 12, .box_h = 12, .ofs_x = 0, .ofs_y = 9},
    {.bitmap_index = 15413, .adv_w = 269, .box_w = 10, .box_h = 4, .ofs_x = 5, .ofs_y = 17},
    {.bitmap_index = 15433, .adv_w = 309, .box_w = 16, .box_h = 20, .ofs_x = 2, .ofs_y = -5},
    {.bitmap_index = 15593, .adv_w = 307, .box_w = 17, .box_h = 24, .ofs_x = 0, .ofs_y = -3},
    {.bitmap_index = 15797, .adv_w = 135, .box_w = 6, .box_h = 6, .ofs_x = 1, .ofs_y = 5},
    {.bitmap_index = 15815, .adv_w = 269, .box_w = 8, .box_h = 7, .ofs_x = 4, .ofs_y = -6},
    {.bitmap_index = 15843, .adv_w = 193, .box_w = 9, .box_h = 12, .ofs_x = 2, .ofs_y = 9},
    {.bitmap_index = 15897, .adv_w = 191, .box_w = 12, .box_h = 10, .ofs_x = 0, .ofs_y = 11},
    {.bitmap_index = 15957, .adv_w = 254, .box_w = 15, .box_h = 11, .ofs_x = 0, .ofs_y = 2},
    {.bitmap_index = 16040, .adv_w = 468, .box_w = 27, .box_h = 20, .ofs_x = 2, .ofs_y = 0},
    {.bitmap_index = 16310, .adv_w = 468, .box_w = 27, .box_h = 20, .ofs_x = 2, .ofs_y = 0},
    {.bitmap_index = 16580, .adv_w = 468, .box_w = 29, .box_h = 20, .ofs_x = 0, .ofs_y = 0},
    {.bitmap_index = 16870, .adv_w = 264, .box_w = 16, .box_h = 20, .ofs_x = 1, .ofs_y = -5},
    {.bitmap_index = 17030, .adv_w = 343, .box_w = 23, .box_h = 25, .ofs_x = -1, .ofs_y = 0},
    {.bitmap_index = 17318, .adv_w = 343, .box_w = 23, .box_h = 25, .ofs_x = -1, .ofs_y = 0},
    {.bitmap_index = 17606, .adv_w = 343, .box_w = 23, .box_h = 25, .ofs_x = -1, .ofs_y = 0},
    {.bitmap_index = 17894, .adv_w = 343, .box_w = 23, .box_h = 25, .ofs_x = -1, .ofs_y = 0},
    {.bitmap_index = 18182, .adv_w = 343, .box_w = 23, .box_h = 25, .ofs_x = -1, .ofs_y = 0},
    {.bitmap_index = 18470, .adv_w = 343, .box_w = 23, .box_h = 27, .ofs_x = -1, .ofs_y = 0},
    {.bitmap_index = 18781, .adv_w = 484, .box_w = 30, .box_h = 19, .ofs_x = -1, .ofs_y = 0},
    {.bitmap_index = 19066, .adv_w = 324, .box_w = 19, .box_h = 25, .ofs_x = 1, .ofs_y = -6},
    {.bitmap_index = 19304, .adv_w = 301, .box_w = 16, .box_h = 25, .ofs_x = 2, .ofs_y = 0},
    {.bitmap_index = 19504, .adv_w = 301, .box_w = 16, .box_h = 25, .ofs_x = 2, .ofs_y = 0},
    {.bitmap_index = 19704, .adv_w = 301, .box_w = 16, .box_h = 25, .ofs_x = 2, .ofs_y = 0},
    {.bitmap_index = 19904, .adv_w = 301, .box_w = 16, .box_h = 25, .ofs_x = 2, .ofs_y = 0},
    {.bitmap_index = 20104, .adv_w = 147, .box_w = 10, .box_h = 25, .ofs_x = -2, .ofs_y = 0},
    {.bitmap_index = 20229, .adv_w = 147, .box_w = 9, .box_h = 25, .ofs_x = 2, .ofs_y = 0},
    {.bitmap_index = 20342, .adv_w = 147, .box_w = 13, .box_h = 25, .ofs_x = -2, .ofs_y = 0},
    {.bitmap_index = 20505, .adv_w = 147, .box_w = 11, .box_h = 25, .ofs_x = -1, .ofs_y = 0},
    {.bitmap_index = 20643, .adv_w = 376, .box_w = 23, .box_h = 19, .ofs_x = 0, .ofs_y = 0},
    {.bitmap_index = 20862, .adv_w = 362, .box_w = 19, .box_h = 25, .ofs_x = 2, .ofs_y = 0},
    {.bitmap_index = 21100, .adv_w = 378, .box_w = 22, .box_h = 25, .ofs_x = 1, .ofs_y = 0},
    {.bitmap_index = 21375, .adv_w = 378, .box_w = 22, .box_h = 25, .ofs_x = 1, .ofs_y = 0},
    {.bitmap_index = 21650, .adv_w = 378, .box_w = 22, .box_h = 25, .ofs_x = 1, .ofs_y = 0},
    {.bitmap_index = 21925, .adv_w = 378, .box_w = 22, .box_h = 26, .ofs_x = 1, .ofs_y = 0},
    {.bitmap_index = 22211, .adv_w = 378, .box_w = 22, .box_h = 25, .ofs_x = 1, .ofs_y = 0},
    {.bitmap_index = 22486, .adv_w = 268, .box_w = 13, .box_h = 13, .ofs_x = 2, .ofs_y = 3},
    {.bitmap_index = 22571, .adv_w = 378, .box_w = 22, .box_h = 24, .ofs_x = 1, .ofs_y = -2},
    {.bitmap_index = 22835, .adv_w = 353, .box_w = 18, .box_h = 25, .ofs_x = 2, .ofs_y = 0},
    {.bitmap_index = 23060, .adv_w = 353, .box_w = 18, .box_h = 25, .ofs_x = 2, .ofs_y = 0},
    {.bitmap_index = 23285, .adv_w = 353, .box_w = 18, .box_h = 25, .ofs_x = 2, .ofs_y = 0},
    {.bitmap_index = 23510, .adv_w = 353, .box_w = 18, .box_h = 25, .ofs_x = 2, .ofs_y = 0},
    {.bitmap_index = 23735, .adv_w = 303, .box_w = 21, .box_h = 25, .ofs_x = -1, .ofs_y = 0},
    {.bitmap_index = 23998, .adv_w = 328, .box_w = 18, .box_h = 19, .ofs_x = 2, .ofs_y = 0},
    {.bitmap_index = 24169, .adv_w = 310, .box_w = 17, .box_h = 21, .ofs_x = 2, .ofs_y = 0},
    {.bitmap_index = 24348, .adv_w = 276, .box_w = 15, .box_h = 21, .ofs_x = 1, .ofs_y = 0},
    {.bitmap_index = 24506, .adv_w = 276, .box_w = 15, .box_h = 21, .ofs_x = 1, .ofs_y = 0},
    {.bitmap_index = 24664, .adv_w = 276, .box_w = 15, .box_h = 21, .ofs_x = 1, .ofs_y = 0},
    {.bitmap_index = 24822, .adv_w = 276, .box_w = 15, .box_h = 21, .ofs_x = 1, .ofs_y = 0},
    {.bitmap_index = 24980, .adv_w = 276, .box_w = 15, .box_h = 21, .ofs_x = 1, .ofs_y = 0},
    {.bitmap_index = 25138, .adv_w = 276, .box_w = 15, .box_h = 23, .ofs_x = 1, .ofs_y = 0},
    {.bitmap_index = 25311, .adv_w = 446, .box_w = 26, .box_h = 15, .ofs_x = 1, .ofs_y = 0},
    {.bitmap_index = 25506, .adv_w = 265, .box_w = 17, .box_h = 21, .ofs_x = 0, .ofs_y = -6},
    {.bitmap_index = 25685, .adv_w = 283, .box_w = 17, .box_h = 21, .ofs_x = 0, .ofs_y = 0},
    {.bitmap_index = 25864, .adv_w = 283, .box_w = 17, .box_h = 21, .ofs_x = 0, .ofs_y = 0},
    {.bitmap_index = 26043, .adv_w = 283, .box_w = 17, .box_h = 21, .ofs_x = 0, .ofs_y = 0},
    {.bitmap_index = 26222, .adv_w = 283, .box_w = 17, .box_h = 21, .ofs_x = 0, .ofs_y = 0},
    {.bitmap_index = 26401, .adv_w = 135, .box_w = 9, .box_h = 21, .ofs_x = -2, .ofs_y = 0},
    {.bitmap_index = 26496, .adv_w = 135, .box_w = 10, .box_h = 21, .ofs_x = 1, .ofs_y = 0},
    {.bitmap_index = 26601, .adv_w = 135, .box_w = 11, .box_h = 21, .ofs_x = -1, .ofs_y = 0},
    {.bitmap_index = 26717, .adv_w = 135, .box_w = 9, .box_h = 21, .ofs_x = 0, .ofs_y = 0},
    {.bitmap_index = 26812, .adv_w = 275, .box_w = 17, .box_h = 21, .ofs_x = 0, .ofs_y = 0},
    {.bitmap_index = 26991, .adv_w = 310, .box_w = 16, .box_h = 21, .ofs_x = 2, .ofs_y = 0},
    {.bitmap_index = 27159, .adv_w = 293, .box_w = 18, .box_h = 21, .ofs_x = 0, .ofs_y = 0},
    {.bitmap_index = 27348, .adv_w = 293, .box_w = 18, .box_h = 21, .ofs_x = 0, .ofs_y = 0},
    {.bitmap_index = 27537, .adv_w = 293, .box_w = 18, .box_h = 21, .ofs_x = 0, .ofs_y = 0},
    {.bitmap_index = 27726, .adv_w = 293, .box_w = 18, .box_h = 21, .ofs_x = 0, .ofs_y = 0},
    {.bitmap_index = 27915, .adv_w = 293, .box_w = 18, .box_h = 21, .ofs_x = 0, .ofs_y = 0},
    {.bitmap_index = 28104, .adv_w = 268, .box_w = 15, .box_h = 16, .ofs_x = 1, .ofs_y = 2},
    {.bitmap_index = 28224, .adv_w = 293, .box_w = 18, .box_h = 19, .ofs_x = 0, .ofs_y = -2},
    {.bitmap_index = 28395, .adv_w = 308, .box_w = 17, .box_h = 21, .ofs_x = 1, .ofs_y = 0},
    {.bitmap_index = 28574, .adv_w = 308, .box_w = 17, .box_h = 21, .ofs_x = 1, .ofs_y = 0},
    {.bitmap_index = 28753, .adv_w = 308, .box_w = 17, .box_h = 21, .ofs_x = 1, .ofs_y = 0},
    {.bitmap_index = 28932, .adv_w = 308, .box_w = 17, .box_h = 21, .ofs_x = 1, .ofs_y = 0},
    {.bitmap_index = 29111, .adv_w = 268, .box_w = 18, .box_h = 26, .ofs_x = -1, .ofs_y = -5},
    {.bitmap_index = 29345, .adv_w = 309, .box_w = 17, .box_h = 26, .ofs_x = 2, .ofs_y = -5},
    {.bitmap_index = 29566, .adv_w = 268, .box_w = 18, .box_h = 26, .ofs_x = -1, .ofs_y = -5},
    {.bitmap_index = 29800, .adv_w = 324, .box_w = 19, .box_h = 27, .ofs_x = 1, .ofs_y = -1},
    {.bitmap_index = 30057, .adv_w = 265, .box_w = 17, .box_h = 23, .ofs_x = 0, .ofs_y = -1},
    {.bitmap_index = 30253, .adv_w = 301, .box_w = 16, .box_h = 26, .ofs_x = 2, .ofs_y = 0},
    {.bitmap_index = 30461, .adv_w = 283, .box_w = 17, .box_h = 23, .ofs_x = 0, .ofs_y = -1},
    {.bitmap_index = 30657, .adv_w = 310, .box_w = 16, .box_h = 22, .ofs_x = 2, .ofs_y = 0},
    {.bitmap_index = 30833, .adv_w = 329, .box_w = 18, .box_h = 26, .ofs_x = 2, .ofs_y = 0},
    {.bitmap_index = 31067, .adv_w = 193, .box_w = 12, .box_h = 22, .ofs_x = 1, .ofs_y = 0},
    {.bitmap_index = 31199, .adv_w = 238, .box_w = 15, .box_h = 23, .ofs_x = 0, .ofs_y = -1},
    {.bitmap_index = 31372, .adv_w = 301, .box_w = 18, .box_h = 26, .ofs_x = 1, .ofs_y = 0},
    {.bitmap_index = 31606, .adv_w = 243, .box_w = 15, .box_h = 22, .ofs_x = 0, .ofs_y = 0},
    {.bitmap_index = 31771, .adv_w = 302, .box_w = 16, .box_h = 25, .ofs_x = 2, .ofs_y = 0},
    {.bitmap_index = 31971, .adv_w = 302, .box_w = 16, .box_h = 25, .ofs_x = 2, .ofs_y = 0},
    {.bitmap_index = 32171, .adv_w = 380, .box_w = 23, .box_h = 20, .ofs_x = 0, .ofs_y = -1},
    {.bitmap_index = 32401, .adv_w = 266, .box_w = 15, .box_h = 25, .ofs_x = 2, .ofs_y = 0},
    {.bitmap_index = 32589, .adv_w = 320, .box_w = 19, .box_h = 19, .ofs_x = 1, .ofs_y = 0},
    {.bitmap_index = 32770, .adv_w = 293, .box_w = 17, .box_h = 19, .ofs_x = 1, .ofs_y = 0},
    {.bitmap_index = 32932, .adv_w = 150, .box_w = 5, .box_h = 19, .ofs_x = 2, .ofs_y = 0},
    {.bitmap_index = 32980, .adv_w = 147, .box_w = 11, .box_h = 25, .ofs_x = -1, .ofs_y = 0},
    {.bitmap_index = 33118, .adv_w = 254, .box_w = 14, .box_h = 19, .ofs_x = 0, .ofs_y = 0},
    {.bitmap_index = 33251, .adv_w = 531, .box_w = 33, .box_h = 19, .ofs_x = 0, .ofs_y = 0},
    {.bitmap_index = 33565, .adv_w = 525, .box_w = 30, .box_h = 19, .ofs_x = 2, .ofs_y = 0},
    {.bitmap_index = 33850, .adv_w = 384, .box_w = 23, .box_h = 19, .ofs_x = 0, .ofs_y = 0},
    {.bitmap_index = 34069, .adv_w = 329, .box_w = 19, .box_h = 25, .ofs_x = 2, .ofs_y = 0},
    {.bitmap_index = 34307, .adv_w = 368, .box_w = 19, .box_h = 25, .ofs_x = 2, .ofs_y = 0},
    {.bitmap_index = 34545, .adv_w = 324, .box_w = 21, .box_h = 26, .ofs_x = 0, .ofs_y = -1},
    {.bitmap_index = 34818, .adv_w = 362, .box_w = 19, .box_h = 23, .ofs_x = 2, .ofs_y = -4},
    {.bitmap_index = 35037, .adv_w = 358, .box_w = 23, .box_h = 19, .ofs_x = 0, .ofs_y = 0},
    {.bitmap_index = 35256, .adv_w = 331, .box_w = 18, .box_h = 19, .ofs_x = 2, .ofs_y = 0},
    {.bitmap_index = 35427, .adv_w = 334, .box_w = 18, .box_h = 19, .ofs_x = 2, .ofs_y = 0},
    {.bitmap_index = 35598, .adv_w = 266, .box_w = 15, .box_h = 19, .ofs_x = 2, .ofs_y = 0},
    {.bitmap_index = 35741, .adv_w = 372, .box_w = 23, .box_h = 23, .ofs_x = 0, .ofs_y = -4},
    {.bitmap_index = 36006, .adv_w = 302, .box_w = 16, .box_h = 19, .ofs_x = 2, .ofs_y = 0},
    {.bitmap_index = 36158, .adv_w = 483, .box_w = 30, .box_h = 19, .ofs_x = 0, .ofs_y = 0},
    {.bitmap_index = 36443, .adv_w = 292, .box_w = 19, .box_h = 19, .ofs_x = -1, .ofs_y = 0},
    {.bitmap_index = 36624, .adv_w = 368, .box_w = 19, .box_h = 19, .ofs_x = 2, .ofs_y = 0},
    {.bitmap_index = 36805, .adv_w = 368, .box_w = 19, .box_h = 25, .ofs_x = 2, .ofs_y = 0},
    {.bitmap_index = 37043, .adv_w = 329, .box_w = 19, .box_h = 19, .ofs_x = 2, .ofs_y = 0},
    {.bitmap_index = 37224, .adv_w = 358, .box_w = 20, .box_h = 19, .ofs_x = 0, .ofs_y = 0},
    {.bitmap_index = 37414, .adv_w = 431, .box_w = 23, .box_h = 19, .ofs_x = 2, .ofs_y = 0},
    {.bitmap_index = 37633, .adv_w = 366, .box_w = 19, .box_h = 19, .ofs_x = 2, .ofs_y = 0},
    {.bitmap_index = 37814, .adv_w = 377, .box_w = 22, .box_h = 19, .ofs_x = 1, .ofs_y = 0},
    {.bitmap_index = 38023, .adv_w = 364, .box_w = 19, .box_h = 19, .ofs_x = 2, .ofs_y = 0},
    {.bitmap_index = 38204, .adv_w = 324, .box_w = 18, .box_h = 19, .ofs_x = 2, .ofs_y = 0},
    {.bitmap_index = 38375, .adv_w = 325, .box_w = 19, .box_h = 19, .ofs_x = 1, .ofs_y = 0},
    {.bitmap_index = 38556, .adv_w = 285, .box_w = 18, .box_h = 19, .ofs_x = 0, .ofs_y = 0},
    {.bitmap_index = 38727, .adv_w = 324, .box_w = 21, .box_h = 20, .ofs_x = 0, .ofs_y = -1},
    {.bitmap_index = 38937, .adv_w = 426, .box_w = 26, .box_h = 21, .ofs_x = 0, .ofs_y = -1},
    {.bitmap_index = 39210, .adv_w = 323, .box_w = 20, .box_h = 19, .ofs_x = 0, .ofs_y = 0},
    {.bitmap_index = 39400, .adv_w = 377, .box_w = 21, .box_h = 24, .ofs_x = 2, .ofs_y = -5},
    {.bitmap_index = 39652, .adv_w = 327, .box_w = 18, .box_h = 19, .ofs_x = 0, .ofs_y = 0},
    {.bitmap_index = 39823, .adv_w = 492, .box_w = 27, .box_h = 19, .ofs_x = 2, .ofs_y = 0},
    {.bitmap_index = 40080, .adv_w = 506, .box_w = 29, .box_h = 23, .ofs_x = 2, .ofs_y = -4},
    {.bitmap_index = 40414, .adv_w = 379, .box_w = 23, .box_h = 19, .ofs_x = 0, .ofs_y = 0},
    {.bitmap_index = 40633, .adv_w = 461, .box_w = 25, .box_h = 19, .ofs_x = 2, .ofs_y = 0},
    {.bitmap_index = 40871, .adv_w = 323, .box_w = 18, .box_h = 19, .ofs_x = 2, .ofs_y = 0},
    {.bitmap_index = 41042, .adv_w = 320, .box_w = 19, .box_h = 19, .ofs_x = 0, .ofs_y = 0},
    {.bitmap_index = 41223, .adv_w = 499, .box_w = 29, .box_h = 19, .ofs_x = 2, .ofs_y = 0},
    {.bitmap_index = 41499, .adv_w = 329, .box_w = 18, .box_h = 19, .ofs_x = 1, .ofs_y = 0},
    {.bitmap_index = 41670, .adv_w = 271, .box_w = 16, .box_h = 15, .ofs_x = 0, .ofs_y = 0},
    {.bitmap_index = 41790, .adv_w = 302, .box_w = 17, .box_h = 21, .ofs_x = 1, .ofs_y = 0},
    {.bitmap_index = 41969, .adv_w = 279, .box_w = 15, .box_h = 15, .ofs_x = 2, .ofs_y = 0},
    {.bitmap_index = 42082, .adv_w = 230, .box_w = 13, .box_h = 15, .ofs_x = 2, .ofs_y = 0},
    {.bitmap_index = 42180, .adv_w = 314, .box_w = 19, .box_h = 19, .ofs_x = 0, .ofs_y = -4},
    {.bitmap_index = 42361, .adv_w = 288, .box_w = 17, .box_h = 15, .ofs_x = 0, .ofs_y = 0},
    {.bitmap_index = 42489, .adv_w = 409, .box_w = 26, .box_h = 15, .ofs_x = 0, .ofs_y = 0},
    {.bitmap_index = 42684, .adv_w = 252, .box_w = 15, .box_h = 15, .ofs_x = 0, .ofs_y = 0},
    {.bitmap_index = 42797, .adv_w = 318, .box_w = 16, .box_h = 15, .ofs_x = 2, .ofs_y = 0},
    {.bitmap_index = 42917, .adv_w = 318, .box_w = 16, .box_h = 21, .ofs_x = 2, .ofs_y = 0},
    {.bitmap_index = 43085, .adv_w = 288, .box_w = 16, .box_h = 15, .ofs_x = 2, .ofs_y = 0},
    {.bitmap_index = 43205, .adv_w = 298, .box_w = 17, .box_h = 15, .ofs_x = 0, .ofs_y = 0},
    {.bitmap_index = 43333, .adv_w = 365, .box_w = 19, .box_h = 15, .ofs_x = 2, .ofs_y = 0},
    {.bitmap_index = 43476, .adv_w = 311, .box_w = 16, .box_h = 15, .ofs_x = 2, .ofs_y = 0},
    {.bitmap_index = 43596, .adv_w = 293, .box_w = 18, .box_h = 15, .ofs_x = 0, .ofs_y = 0},
    {.bitmap_index = 43731, .adv_w = 307, .box_w = 16, .box_h = 15, .ofs_x = 2, .ofs_y = 0},
    {.bitmap_index = 43851, .adv_w = 311, .box_w = 17, .box_h = 20, .ofs_x = 2, .ofs_y = -5},
    {.bitmap_index = 44021, .adv_w = 265, .box_w = 17, .box_h = 15, .ofs_x = 0, .ofs_y = 0},
    {.bitmap_index = 44149, .adv_w = 240, .box_w = 15, .box_h = 15, .ofs_x = 0, .ofs_y = 0},
    {.bitmap_index = 44262, .adv_w = 275, .box_w = 19, .box_h = 20, .ofs_x = -1, .ofs_y = -5},
    {.bitmap_index = 44452, .adv_w = 380, .box_w = 23, .box_h = 26, .ofs_x = 0, .ofs_y = -5},
    {.bitmap_index = 44751, .adv_w = 265, .box_w = 17, .box_h = 15, .ofs_x = 0, .ofs_y = 0},
    {.bitmap_index = 44879, .adv_w = 315, .box_w = 18, .box_h = 19, .ofs_x = 2, .ofs_y = -4},
    {.bitmap_index = 45050, .adv_w = 284, .box_w = 16, .box_h = 15, .ofs_x = 0, .ofs_y = 0},
    {.bitmap_index = 45170, .adv_w = 435, .box_w = 24, .box_h = 15, .ofs_x = 2, .ofs_y = 0},
    {.bitmap_index = 45350, .adv_w = 435, .box_w = 26, .box_h = 18, .ofs_x = 2, .ofs_y = -3},
    {.bitmap_index = 45584, .adv_w = 306, .box_w = 19, .box_h = 15, .ofs_x = 0, .ofs_y = 0},
    {.bitmap_index = 45727, .adv_w = 385, .box_w = 20, .box_h = 15, .ofs_x = 2, .ofs_y = 0},
    {.bitmap_index = 45877, .adv_w = 271, .box_w = 15, .box_h = 15, .ofs_x = 2, .ofs_y = 0},
    {.bitmap_index = 45990, .adv_w = 264, .box_w = 16, .box_h = 15, .ofs_x = 0, .ofs_y = 0},
    {.bitmap_index = 46110, .adv_w = 405, .box_w = 23, .box_h = 15, .ofs_x = 2, .ofs_y = 0},
    {.bitmap_index = 46283, .adv_w = 281, .box_w = 16, .box_h = 15, .ofs_x = 0, .ofs_y = 0},
    {.bitmap_index = 46403, .adv_w = 288, .box_w = 17, .box_h = 21, .ofs_x = 0, .ofs_y = 0},
    {.bitmap_index = 46582, .adv_w = 288, .box_w = 17, .box_h = 21, .ofs_x = 0, .ofs_y = 0},
    {.bitmap_index = 46761, .adv_w = 307, .box_w = 19, .box_h = 26, .ofs_x = -1, .ofs_y = -5},
    {.bitmap_index = 47008, .adv_w = 230, .box_w = 13, .box_h = 21, .ofs_x = 2, .ofs_y = 0},
    {.bitmap_index = 47145, .adv_w = 265, .box_w = 17, .box_h = 15, .ofs_x = 0, .ofs_y = 0},
    {.bitmap_index = 47273, .adv_w = 247, .box_w = 15, .box_h = 15, .ofs_x = 0, .ofs_y = 0},
    {.bitmap_index = 47386, .adv_w = 137, .box_w = 6, .box_h = 22, .ofs_x = 1, .ofs_y = 0},
    {.bitmap_index = 47452, .adv_w = 135, .box_w = 9, .box_h = 21, .ofs_x = 0, .ofs_y = 0},
    {.bitmap_index = 47547, .adv_w = 137, .box_w = 10, .box_h = 27, .ofs_x = -3, .ofs_y = -5},
    {.bitmap_index = 47682, .adv_w = 432, .box_w = 27, .box_h = 15, .ofs_x = 0, .ofs_y = 0},
    {.bitmap_index = 47885, .adv_w = 435, .box_w = 25, .box_h = 15, .ofs_x = 2, .ofs_y = 0},
    {.bitmap_index = 48073, .adv_w = 307, .box_w = 20, .box_h = 21, .ofs_x = -2, .ofs_y = 0},
    {.bitmap_index = 48283, .adv_w = 288, .box_w = 16, .box_h = 21, .ofs_x = 2, .ofs_y = 0},
    {.bitmap_index = 48451, .adv_w = 318, .box_w = 16, .box_h = 21, .ofs_x = 2, .ofs_y = 0},
    {.bitmap_index = 48619, .adv_w = 275, .box_w = 19, .box_h = 26, .ofs_x = -1, .ofs_y = -5},
    {.bitmap_index = 48866, .adv_w = 296, .box_w = 15, .box_h = 18, .ofs_x = 2, .ofs_y = -3},
    {.bitmap_index = 49001, .adv_w = 267, .box_w = 15, .box_h = 23, .ofs_x = 2, .ofs_y = 0},
    {.bitmap_index = 49174, .adv_w = 225, .box_w = 12, .box_h = 18, .ofs_x = 2, .ofs_y = 0},
    {.bitmap_index = 49282, .adv_w = 160, .box_w = 8, .box_h = 7, .ofs_x = 1, .ofs_y = 4}
};

/*---------------------
 *  CHARACTER MAPPING
 *--------------------*/

static const uint16_t unicode_list_3[] = {
    0x0, 0x1, 0xe, 0xf, 0x3c, 0x4c, 0x4d, 0x55,
    0x71, 0x72
};

static const uint16_t unicode_list_5[] = {
    0x0, 0x1, 0x1b92
};

/*Collect the unicode lists and glyph_id offsets*/
static const lv_font_fmt_txt_cmap_t cmaps[] =
{
    {
        .range_start = 32, .range_length = 95, .glyph_id_start = 1,
        .unicode_list = NULL, .glyph_id_ofs_list = NULL, .list_length = 0, .type = LV_FONT_FMT_TXT_CMAP_FORMAT0_TINY
    },
    {
        .range_start = 160, .range_length = 13, .glyph_id_start = 96,
        .unicode_list = NULL, .glyph_id_ofs_list = NULL, .list_length = 0, .type = LV_FONT_FMT_TXT_CMAP_FORMAT0_TINY
    },
    {
        .range_start = 174, .range_length = 82, .glyph_id_start = 109,
        .unicode_list = NULL, .glyph_id_ofs_list = NULL, .list_length = 0, .type = LV_FONT_FMT_TXT_CMAP_FORMAT0_TINY
    },
    {
        .range_start = 268, .range_length = 115, .glyph_id_start = 191,
        .unicode_list = unicode_list_3, .glyph_id_ofs_list = NULL, .list_length = 10, .type = LV_FONT_FMT_TXT_CMAP_SPARSE_TINY
    },
    {
        .range_start = 1024, .range_length = 96, .glyph_id_start = 201,
        .unicode_list = NULL, .glyph_id_ofs_list = NULL, .list_length = 0, .type = LV_FONT_FMT_TXT_CMAP_FORMAT0_TINY
    },
    {
        .range_start = 1168, .range_length = 7059, .glyph_id_start = 297,
        .unicode_list = unicode_list_5, .glyph_id_ofs_list = NULL, .list_length = 3, .type = LV_FONT_FMT_TXT_CMAP_SPARSE_TINY
    }
};



/*--------------------
 *  ALL CUSTOM DATA
 *--------------------*/

#if LVGL_VERSION_MAJOR == 8
/*Store all the custom data of the font*/
static  lv_font_fmt_txt_glyph_cache_t cache;
#endif

#if LVGL_VERSION_MAJOR >= 8
static const lv_font_fmt_txt_dsc_t font_dsc = {
#else
static lv_font_fmt_txt_dsc_t font_dsc = {
#endif
    .glyph_bitmap = glyph_bitmap,
    .glyph_dsc = glyph_dsc,
    .cmaps = cmaps,
    .kern_dsc = NULL,
    .kern_scale = 0,
    .cmap_num = 6,
    .bpp = 4,
    .kern_classes = 0,
    .bitmap_format = 0,
#if LVGL_VERSION_MAJOR == 8
    .cache = &cache
#endif
};



/*-----------------
 *  PUBLIC FONT
 *----------------*/

/*Initialize a public general font descriptor*/
#if LVGL_VERSION_MAJOR >= 8
const lv_font_t meck_montserrat_bold_28 = {
#else
lv_font_t meck_montserrat_bold_28 = {
#endif
    .get_glyph_dsc = lv_font_get_glyph_dsc_fmt_txt,    /*Function pointer to get glyph's data*/
    .get_glyph_bitmap = lv_font_get_bitmap_fmt_txt,    /*Function pointer to get glyph's bitmap*/
    .line_height = 33,          /*The maximum line height required by the font*/
    .base_line = 6,             /*Baseline measured from the bottom of the line*/
#if !(LVGL_VERSION_MAJOR == 6 && LVGL_VERSION_MINOR == 0)
    .subpx = LV_FONT_SUBPX_NONE,
#endif
#if LV_VERSION_CHECK(7, 4, 0) || LVGL_VERSION_MAJOR >= 8
    .underline_position = -3,
    .underline_thickness = 1,
#endif
    .dsc = &font_dsc,          /*The custom font data. Will be accessed by `get_glyph_bitmap/dsc` */
#if LV_VERSION_CHECK(8, 2, 0) || LVGL_VERSION_MAJOR >= 9
    .fallback = NULL,
#endif
    .user_data = NULL,
};



#endif /*#if MECK_MONTSERRAT_BOLD_28*/

