/* Generated: Twemoji (jdecked) emoji at 14px, RGB565A8, LVGL 9.2. */
/* Graphics (c) Twitter/Twemoji contributors, CC BY 4.0. */

#include "lvgl.h"


#ifndef LV_ATTRIBUTE_MEM_ALIGN
#define LV_ATTRIBUTE_MEM_ALIGN
#endif

#ifndef LV_ATTRIBUTE_EMOJI_JOY_14
#define LV_ATTRIBUTE_EMOJI_JOY_14
#endif

static const
LV_ATTRIBUTE_MEM_ALIGN LV_ATTRIBUTE_LARGE_CONST LV_ATTRIBUTE_EMOJI_JOY_14
uint8_t emoji_joy_14_map[] = {

    0x00,0x00,0x4a,0xfd,0x00,0x00,0x49,0xfe,0x89,0xfe,0x69,0xfe,0x49,0xfe,0x49,0xfe,0x69,0xfe,0x89,0xfe,0x49,0xfe,0x00,0x00,0x4a,0xfd,0x00,0x00,
    0x4a,0xfd,0x00,0x00,0x49,0xfe,0x89,0xfe,0xca,0xfe,0x89,0xfe,0x69,0xfe,0x69,0xfe,0x89,0xfe,0xca,0xfe,0x89,0xfe,0x49,0xfe,0x00,0x00,0x4a,0xfd,
    0x00,0x00,0x49,0xfe,0xea,0xfe,0xca,0xfe,0x49,0xfe,0x49,0xfe,0x69,0xfe,0x69,0xfe,0x49,0xfe,0x49,0xfe,0xca,0xfe,0xea,0xfe,0x49,0xfe,0x00,0x00,
    0x29,0xfe,0x89,0xfe,0x89,0xfe,0xe4,0xab,0x42,0x8b,0x29,0xf6,0x69,0xfe,0x69,0xfe,0x29,0xf6,0x42,0x8b,0xe4,0xab,0x89,0xfe,0x89,0xfe,0x29,0xfe,
    0x49,0xfe,0xca,0xfe,0x42,0x8b,0xc4,0xa3,0x69,0xfe,0x8a,0xfe,0x49,0xfe,0x49,0xfe,0x8a,0xfe,0x69,0xfe,0xc3,0x9b,0x42,0x8b,0xca,0xfe,0x49,0xfe,
    0xca,0xfe,0xa5,0xc4,0x83,0x9b,0x89,0xfe,0xa6,0xc4,0x87,0xe5,0x8a,0xfe,0x8a,0xfe,0x87,0xe5,0xa6,0xc4,0x89,0xfe,0x83,0x9b,0xa6,0xc4,0xca,0xfe,
    0x6a,0xfe,0xe7,0xed,0x2a,0xf6,0xc6,0x93,0x40,0x6a,0x81,0x72,0x87,0xe5,0x87,0xe5,0x81,0x72,0x40,0x6a,0xc6,0x93,0x2a,0xf6,0xe7,0xed,0x6a,0xfe,
    0x69,0xfe,0x69,0xfe,0xb9,0x85,0x78,0x7d,0xa9,0xfe,0x69,0xfe,0x49,0xfe,0x49,0xfe,0x69,0xfe,0xa9,0xfe,0x78,0x7d,0xb9,0x85,0x69,0xfe,0x69,0xfe,
    0x68,0xfe,0xd6,0x9d,0x5f,0x4d,0x7c,0x65,0xc5,0x9b,0xc2,0xab,0x03,0xac,0x03,0xac,0xc2,0xab,0xc6,0x9b,0x7c,0x65,0x5f,0x4d,0xd6,0x9d,0x68,0xfe,
    0xd5,0x9d,0xbf,0x65,0x7d,0x5d,0x5d,0x5d,0x18,0xb6,0x78,0xd6,0x58,0xd6,0x58,0xd6,0x78,0xd6,0x18,0xb6,0x5d,0x5d,0x7d,0x5d,0xbf,0x65,0xd5,0x9d,
    0x5e,0x55,0xbf,0x65,0x7d,0x5d,0x7e,0x55,0x6b,0x6b,0x4b,0xa4,0x92,0xc5,0x92,0xc5,0x4b,0xa4,0x6b,0x6b,0x7e,0x55,0x7d,0x5d,0xbf,0x65,0x5e,0x55,
    0x7c,0x5d,0xbf,0x65,0xdf,0x5d,0xbc,0x75,0x64,0x8b,0x60,0x51,0x40,0x49,0x40,0x49,0x60,0x51,0x64,0x8b,0xbc,0x75,0xdf,0x5d,0xbf,0x65,0x7c,0x5d,
    0x00,0x00,0x7d,0x5d,0xdb,0x7d,0x4c,0xee,0xe9,0xfe,0x88,0xe5,0xa6,0xc4,0xa6,0xc4,0x88,0xe5,0xe9,0xfe,0x4c,0xe6,0xdb,0x7d,0x7c,0x5d,0x00,0x00,
    0xff,0x07,0x00,0x00,0x00,0x00,0xa6,0xfe,0x8a,0xfe,0xaa,0xfe,0xaa,0xfe,0xaa,0xfe,0xaa,0xfe,0x8a,0xfe,0xa6,0xfe,0x00,0x00,0x00,0x00,0xff,0x07,
    0x00,0x03,0x00,0x2a,0x9a,0xe2,0xfe,0xfe,0xe2,0x9a,0x2a,0x00,0x03,0x00,0x03,0x00,0x66,0xf0,0xff,0xff,0xff,0xff,0xff,0xff,0xf0,0x66,0x00,0x03,
    0x00,0x64,0xff,0xff,0xfc,0xfe,0xff,0xff,0xfe,0xfc,0xff,0xff,0x64,0x00,0x27,0xf5,0xfd,0xfd,0xff,0xff,0xff,0xff,0xff,0xff,0xfd,0xfd,0xf5,0x27,
    0x9d,0xff,0xfc,0xff,0xff,0xff,0xff,0xff,0xff,0xff,0xff,0xfc,0xff,0x9d,0xe6,0xfe,0xfe,0xff,0xff,0xff,0xff,0xff,0xff,0xff,0xff,0xfe,0xfe,0xe6,
    0xfe,0xff,0xff,0xff,0xff,0xff,0xff,0xff,0xff,0xff,0xff,0xff,0xff,0xfe,0xff,0xff,0xff,0xff,0xff,0xff,0xff,0xff,0xff,0xff,0xff,0xff,0xff,0xff,
    0xe5,0xff,0xfe,0xff,0xff,0xff,0xff,0xff,0xff,0xff,0xff,0xfe,0xff,0xe5,0xa1,0xff,0xfc,0xff,0xff,0xff,0xff,0xff,0xff,0xff,0xff,0xfc,0xff,0xa1,
    0xa9,0xfe,0xf8,0xfe,0xff,0xff,0xff,0xff,0xff,0xff,0xfe,0xf8,0xfe,0xa7,0x61,0xff,0xff,0xff,0xfc,0xfe,0xff,0xff,0xfe,0xfc,0xff,0xff,0xff,0x60,
    0x00,0x44,0x85,0xef,0xff,0xff,0xff,0xff,0xff,0xff,0xef,0x85,0x44,0x00,0x01,0x00,0x00,0x2a,0x9a,0xe2,0xfe,0xfe,0xe2,0x9a,0x2a,0x00,0x00,0x01,

};

const lv_image_dsc_t emoji_joy_14 = {
  .header.magic = LV_IMAGE_HEADER_MAGIC,
  .header.cf = LV_COLOR_FORMAT_RGB565A8,
  .header.flags = 0,
  .header.w = 14,
  .header.h = 14,
  .header.stride = 28,
  .data_size = sizeof(emoji_joy_14_map),
  .data = emoji_joy_14_map,
};




#ifndef LV_ATTRIBUTE_MEM_ALIGN
#define LV_ATTRIBUTE_MEM_ALIGN
#endif

#ifndef LV_ATTRIBUTE_EMOJI_FROWN_14
#define LV_ATTRIBUTE_EMOJI_FROWN_14
#endif

static const
LV_ATTRIBUTE_MEM_ALIGN LV_ATTRIBUTE_LARGE_CONST LV_ATTRIBUTE_EMOJI_FROWN_14
uint8_t emoji_frown_14_map[] = {

    0x00,0x00,0x4a,0xfd,0x00,0x00,0x49,0xfe,0x89,0xfe,0x69,0xfe,0x49,0xfe,0x49,0xfe,0x69,0xfe,0x89,0xfe,0x49,0xfe,0x00,0x00,0x4a,0xfd,0x00,0x00,
    0x4a,0xfd,0x00,0x00,0x49,0xfe,0x89,0xfe,0xaa,0xfe,0x69,0xfe,0x69,0xfe,0x69,0xfe,0x69,0xfe,0xaa,0xfe,0x89,0xfe,0x49,0xfe,0x00,0x00,0x4a,0xfd,
    0x00,0x00,0x49,0xfe,0xea,0xfe,0x69,0xfe,0x49,0xfe,0x49,0xfe,0x69,0xfe,0x69,0xfe,0x49,0xfe,0x49,0xfe,0x69,0xfe,0xea,0xfe,0x49,0xfe,0x00,0x00,
    0x49,0xfe,0x69,0xfe,0x69,0xfe,0x69,0xfe,0xaa,0xfe,0x69,0xfe,0x69,0xfe,0x69,0xfe,0x69,0xfe,0xaa,0xfe,0x69,0xfe,0x69,0xfe,0x69,0xfe,0x49,0xfe,
    0x49,0xfe,0xaa,0xfe,0x69,0xfe,0xa8,0xe5,0x63,0x93,0xc8,0xed,0x69,0xfe,0x69,0xfe,0xc8,0xed,0x63,0x93,0xa8,0xe5,0x69,0xfe,0xaa,0xfe,0x49,0xfe,
    0x69,0xfe,0x69,0xfe,0xaa,0xfe,0x24,0xb4,0x20,0x41,0x65,0xbc,0xaa,0xfe,0xaa,0xfe,0x65,0xbc,0x20,0x41,0x24,0xb4,0xaa,0xfe,0x69,0xfe,0x69,0xfe,
    0x49,0xfe,0x49,0xfe,0x8a,0xfe,0x26,0xd5,0x41,0x6a,0x47,0xdd,0x69,0xfe,0x69,0xfe,0x47,0xdd,0x41,0x6a,0x26,0xd5,0x8a,0xfe,0x49,0xfe,0x49,0xfe,
    0x49,0xfe,0x69,0xfe,0x69,0xfe,0x69,0xfe,0x29,0xfe,0xaa,0xfe,0xaa,0xfe,0xaa,0xfe,0xaa,0xfe,0x29,0xfe,0x69,0xfe,0x69,0xfe,0x69,0xfe,0x49,0xfe,
    0x69,0xfe,0x89,0xfe,0x49,0xfe,0x69,0xfe,0xaa,0xfe,0x67,0xdd,0x45,0xb4,0x45,0xb4,0x67,0xdd,0xaa,0xfe,0x69,0xfe,0x49,0xfe,0x89,0xfe,0x69,0xfe,
    0x49,0xfe,0xaa,0xfe,0x69,0xfe,0x29,0xf6,0x63,0x93,0x40,0x6a,0xc1,0x7a,0xc1,0x7a,0x40,0x6a,0x63,0x93,0x29,0xf6,0x69,0xfe,0xaa,0xfe,0x49,0xfe,
    0x49,0xfe,0x69,0xfe,0xaa,0xfe,0x65,0xbc,0x45,0xb4,0x29,0xf6,0x8a,0xfe,0x8a,0xfe,0x29,0xf6,0x45,0xb4,0x65,0xbc,0xaa,0xfe,0x69,0xfe,0x49,0xfe,
    0x00,0x00,0x49,0xfe,0xea,0xfe,0x69,0xfe,0xaa,0xfe,0x69,0xfe,0x49,0xfe,0x49,0xfe,0x69,0xfe,0xaa,0xfe,0x69,0xfe,0xea,0xfe,0x49,0xfe,0x00,0x00,
    0x4a,0xfd,0x00,0x00,0x49,0xfe,0x89,0xfe,0xaa,0xfe,0x69,0xfe,0x69,0xfe,0x69,0xfe,0x69,0xfe,0xaa,0xfe,0x89,0xfe,0x49,0xfe,0x00,0x00,0x4a,0xfd,
    0x00,0x00,0x4a,0xfd,0x00,0x00,0x49,0xfe,0x89,0xfe,0x69,0xfe,0x49,0xfe,0x49,0xfe,0x69,0xfe,0x89,0xfe,0x49,0xfe,0x00,0x00,0x4a,0xfd,0x00,0x00,
    0x00,0x03,0x00,0x2a,0x9a,0xe2,0xfe,0xfe,0xe2,0x9a,0x2a,0x00,0x03,0x00,0x03,0x00,0x66,0xf0,0xff,0xff,0xff,0xff,0xff,0xff,0xf0,0x66,0x00,0x03,
    0x00,0x64,0xff,0xff,0xfc,0xfe,0xff,0xff,0xfe,0xfc,0xff,0xff,0x64,0x00,0x27,0xf5,0xfd,0xfd,0xff,0xff,0xff,0xff,0xff,0xff,0xfd,0xfd,0xf5,0x27,
    0x9d,0xff,0xfc,0xff,0xff,0xff,0xff,0xff,0xff,0xff,0xff,0xfc,0xff,0x9d,0xe6,0xfe,0xfe,0xff,0xff,0xff,0xff,0xff,0xff,0xff,0xff,0xfe,0xfe,0xe6,
    0xfe,0xff,0xff,0xff,0xff,0xff,0xff,0xff,0xff,0xff,0xff,0xff,0xff,0xfe,0xfe,0xff,0xff,0xff,0xff,0xff,0xff,0xff,0xff,0xff,0xff,0xff,0xff,0xfe,
    0xe6,0xfe,0xfe,0xff,0xff,0xff,0xff,0xff,0xff,0xff,0xff,0xfe,0xfe,0xe6,0x9d,0xff,0xfc,0xff,0xff,0xff,0xff,0xff,0xff,0xff,0xff,0xfc,0xff,0x9d,
    0x27,0xf5,0xfd,0xfd,0xff,0xff,0xff,0xff,0xff,0xff,0xfd,0xfd,0xf5,0x27,0x00,0x64,0xff,0xff,0xfc,0xfe,0xff,0xff,0xfe,0xfc,0xff,0xff,0x64,0x00,
    0x03,0x00,0x66,0xf0,0xff,0xff,0xff,0xff,0xff,0xff,0xf0,0x66,0x00,0x03,0x00,0x03,0x00,0x2a,0x9a,0xe2,0xfe,0xfe,0xe2,0x9a,0x2a,0x00,0x03,0x00,

};

const lv_image_dsc_t emoji_frown_14 = {
  .header.magic = LV_IMAGE_HEADER_MAGIC,
  .header.cf = LV_COLOR_FORMAT_RGB565A8,
  .header.flags = 0,
  .header.w = 14,
  .header.h = 14,
  .header.stride = 28,
  .data_size = sizeof(emoji_frown_14_map),
  .data = emoji_frown_14_map,
};




#ifndef LV_ATTRIBUTE_MEM_ALIGN
#define LV_ATTRIBUTE_MEM_ALIGN
#endif

#ifndef LV_ATTRIBUTE_EMOJI_LOUDLY_CRYING_14
#define LV_ATTRIBUTE_EMOJI_LOUDLY_CRYING_14
#endif

static const
LV_ATTRIBUTE_MEM_ALIGN LV_ATTRIBUTE_LARGE_CONST LV_ATTRIBUTE_EMOJI_LOUDLY_CRYING_14
uint8_t emoji_loudly_crying_14_map[] = {

    0x00,0x00,0x4a,0xfd,0x00,0x00,0x49,0xfe,0x89,0xfe,0x69,0xfe,0x49,0xfe,0x49,0xfe,0x69,0xfe,0x89,0xfe,0x49,0xfe,0x00,0x00,0x4a,0xfd,0x00,0x00,
    0x4a,0xfd,0x00,0x00,0x49,0xfe,0x89,0xfe,0xaa,0xfe,0x89,0xfe,0x69,0xfe,0x69,0xfe,0x89,0xfe,0xaa,0xfe,0x89,0xfe,0x49,0xfe,0x00,0x00,0x4a,0xfd,
    0x00,0x00,0x49,0xfe,0xca,0xfe,0x69,0xfe,0x8a,0xfe,0x49,0xfe,0x69,0xfe,0x69,0xfe,0x49,0xfe,0x8a,0xfe,0x69,0xfe,0xca,0xfe,0x49,0xfe,0x00,0x00,
    0x49,0xfe,0x69,0xfe,0xaa,0xfe,0xaa,0xfe,0xc3,0xa3,0xc6,0xc4,0x8a,0xfe,0x8a,0xfe,0xc6,0xc4,0xc3,0xa3,0xaa,0xfe,0xaa,0xfe,0x69,0xfe,0x49,0xfe,
    0x49,0xfe,0xca,0xfe,0xa7,0xe5,0x63,0x93,0xa3,0x9b,0x49,0xfe,0x69,0xfe,0x69,0xfe,0x49,0xfe,0xa3,0x9b,0x63,0x93,0xa7,0xe5,0xca,0xfe,0x49,0xfe,
    0x69,0xfe,0x49,0xfe,0x42,0x8b,0xe3,0xab,0xa7,0xe5,0x09,0xf6,0x69,0xfe,0x69,0xfe,0x29,0xf6,0xa7,0xe5,0xe3,0xab,0x42,0x8b,0x49,0xfe,0x69,0xfe,
    0x49,0xfe,0x8a,0xfe,0x85,0xbc,0x27,0x6b,0x47,0x73,0x01,0x8b,0xc8,0xed,0xe8,0xed,0x01,0x8b,0x47,0x73,0x27,0x6b,0x85,0xbc,0x8a,0xfe,0x49,0xfe,
    0x49,0xfe,0x69,0xfe,0x08,0xf6,0x7c,0x65,0xf8,0x95,0x47,0xfe,0x6a,0xfe,0x6a,0xfe,0x47,0xfe,0xf8,0x95,0x7c,0x65,0x08,0xf6,0x69,0xfe,0x49,0xfe,
    0x69,0xfe,0x69,0xfe,0x69,0xfe,0x7b,0x6d,0xb7,0x8d,0x68,0xfe,0x82,0x93,0x82,0x93,0x68,0xfe,0xb7,0x8d,0x7b,0x6d,0x69,0xfe,0x69,0xfe,0x69,0xfe,
    0x49,0xfe,0xca,0xfe,0x49,0xfe,0x7b,0x6d,0xf8,0x95,0xc4,0xd4,0xe3,0x71,0xe3,0x71,0xc4,0xd4,0xf8,0x95,0x7b,0x6d,0x49,0xfe,0xca,0xfe,0x49,0xfe,
    0x6b,0xfe,0x69,0xfe,0x8a,0xfe,0x7b,0x65,0x17,0x96,0x05,0xc4,0x4e,0xda,0x4e,0xda,0x05,0xc4,0x17,0x96,0x7b,0x65,0x8a,0xfe,0x69,0xfe,0x6b,0xfe,
    0x00,0x00,0x85,0xfe,0xc8,0xfe,0x9b,0x6d,0xd7,0x95,0xa4,0xf5,0xc5,0xc3,0xc5,0xc3,0xa4,0xf5,0xd7,0x95,0x9b,0x6d,0xc8,0xfe,0x85,0xfe,0x00,0x00,
    0x7c,0x65,0x7f,0x55,0xf4,0xa5,0xbd,0x6d,0x7a,0x75,0xf4,0xad,0x14,0xa6,0x14,0xa6,0xf4,0xad,0x7a,0x75,0xbd,0x6d,0xd4,0xa5,0x7f,0x55,0x7c,0x65,
    0x5d,0x5d,0x9d,0x5d,0x7f,0x55,0x5d,0x5d,0x7d,0x5d,0x5f,0x55,0x5f,0x55,0x5f,0x55,0x5f,0x55,0x7d,0x5d,0x5d,0x5d,0x7f,0x55,0x9d,0x5d,0x5d,0x5d,
    0x00,0x03,0x00,0x2a,0x9a,0xe2,0xfe,0xfe,0xe2,0x9a,0x2a,0x00,0x03,0x00,0x03,0x00,0x66,0xf0,0xff,0xff,0xff,0xff,0xff,0xff,0xf0,0x66,0x00,0x03,
    0x00,0x64,0xff,0xff,0xfc,0xfe,0xff,0xff,0xfe,0xfc,0xff,0xff,0x64,0x00,0x27,0xf5,0xfd,0xfd,0xff,0xff,0xff,0xff,0xff,0xff,0xfd,0xfd,0xf5,0x27,
    0x9d,0xff,0xfc,0xff,0xff,0xff,0xff,0xff,0xff,0xff,0xff,0xfc,0xff,0x9d,0xe6,0xfe,0xfe,0xff,0xff,0xff,0xff,0xff,0xff,0xff,0xff,0xfe,0xfe,0xe6,
    0xfe,0xff,0xff,0xff,0xff,0xff,0xff,0xff,0xff,0xff,0xff,0xff,0xff,0xfe,0xfe,0xff,0xff,0xff,0xff,0xff,0xff,0xff,0xff,0xff,0xff,0xff,0xff,0xfe,
    0xe6,0xfe,0xfe,0xff,0xff,0xff,0xff,0xff,0xff,0xff,0xff,0xfe,0xfe,0xe6,0x9d,0xff,0xfc,0xff,0xff,0xff,0xff,0xff,0xff,0xff,0xff,0xfc,0xff,0x9d,
    0x28,0xf9,0xff,0xfe,0xff,0xff,0xff,0xff,0xff,0xff,0xfe,0xff,0xf9,0x28,0x00,0x52,0xf5,0xfc,0xfe,0xff,0xff,0xff,0xff,0xfe,0xfc,0xf5,0x52,0x00,
    0x35,0x50,0xca,0xff,0xfe,0xff,0xff,0xff,0xff,0xfe,0xff,0xca,0x50,0x35,0x8a,0xd2,0xe2,0xef,0xfb,0xff,0xff,0xff,0xff,0xfb,0xef,0xe2,0xd2,0x8a,

};

const lv_image_dsc_t emoji_loudly_crying_14 = {
  .header.magic = LV_IMAGE_HEADER_MAGIC,
  .header.cf = LV_COLOR_FORMAT_RGB565A8,
  .header.flags = 0,
  .header.w = 14,
  .header.h = 14,
  .header.stride = 28,
  .data_size = sizeof(emoji_loudly_crying_14_map),
  .data = emoji_loudly_crying_14_map,
};




#ifndef LV_ATTRIBUTE_MEM_ALIGN
#define LV_ATTRIBUTE_MEM_ALIGN
#endif

#ifndef LV_ATTRIBUTE_EMOJI_GRIMACE_14
#define LV_ATTRIBUTE_EMOJI_GRIMACE_14
#endif

static const
LV_ATTRIBUTE_MEM_ALIGN LV_ATTRIBUTE_LARGE_CONST LV_ATTRIBUTE_EMOJI_GRIMACE_14
uint8_t emoji_grimace_14_map[] = {

    0x00,0x00,0x4a,0xfd,0x00,0x00,0x49,0xfe,0x89,0xfe,0x69,0xfe,0x49,0xfe,0x49,0xfe,0x69,0xfe,0x89,0xfe,0x49,0xfe,0x00,0x00,0x4a,0xfd,0x00,0x00,
    0x4a,0xfd,0x00,0x00,0x49,0xfe,0x89,0xfe,0xaa,0xfe,0x69,0xfe,0x69,0xfe,0x69,0xfe,0x69,0xfe,0xaa,0xfe,0x89,0xfe,0x49,0xfe,0x00,0x00,0x4a,0xfd,
    0x00,0x00,0x49,0xfe,0xea,0xfe,0x69,0xfe,0x69,0xfe,0x69,0xfe,0x69,0xfe,0x69,0xfe,0x69,0xfe,0x69,0xfe,0x69,0xfe,0xea,0xfe,0x49,0xfe,0x00,0x00,
    0x49,0xfe,0x69,0xfe,0x69,0xfe,0x69,0xfe,0xe8,0xf5,0x49,0xfe,0x69,0xfe,0x69,0xfe,0x49,0xfe,0xe8,0xf5,0x69,0xfe,0x69,0xfe,0x69,0xfe,0x49,0xfe,
    0x49,0xfe,0xaa,0xfe,0x89,0xfe,0xa8,0xe5,0x00,0x62,0x65,0xb4,0x8a,0xfe,0x8a,0xfe,0x65,0xb4,0x00,0x62,0xa8,0xe5,0x89,0xfe,0xaa,0xfe,0x49,0xfe,
    0x69,0xfe,0x69,0xfe,0xaa,0xfe,0x26,0xd5,0x40,0x41,0x83,0x9b,0x8a,0xfe,0x8a,0xfe,0x83,0x9b,0x40,0x41,0x06,0xd5,0xaa,0xfe,0x69,0xfe,0x69,0xfe,
    0x49,0xfe,0x69,0xfe,0x69,0xfe,0x69,0xfe,0x45,0xb4,0xc8,0xed,0xca,0xfe,0xca,0xfe,0xc8,0xed,0x45,0xb4,0x69,0xfe,0x69,0xfe,0x69,0xfe,0x49,0xfe,
    0x69,0xfe,0x49,0xfe,0x8a,0xfe,0xa7,0xed,0x46,0xdd,0x25,0xd5,0x05,0xd5,0x05,0xd5,0x25,0xd5,0x46,0xdd,0xa7,0xed,0x8a,0xfe,0x49,0xfe,0x69,0xfe,
    0x49,0xfe,0xaa,0xfe,0x06,0xd5,0x46,0x83,0xca,0x8b,0x2b,0x9c,0x0a,0x94,0x0a,0x94,0x2b,0x9c,0xca,0x93,0x46,0x83,0x06,0xd5,0xaa,0xfe,0x49,0xfe,
    0x29,0xfe,0x0a,0xff,0x21,0x8b,0x31,0xb5,0x91,0xbd,0xb3,0xc5,0x71,0xbd,0x71,0xbd,0xb3,0xc5,0x71,0xbd,0xf0,0xac,0x21,0x8b,0x0b,0xff,0x29,0xfe,
    0xe8,0xf5,0xca,0xfe,0x03,0xac,0x0c,0x94,0xf0,0xac,0x52,0xb5,0x10,0xb5,0x10,0xb5,0x52,0xb5,0xef,0xac,0xcb,0x8b,0x03,0xac,0xca,0xfe,0xe8,0xf5,
    0x00,0x00,0x69,0xfe,0xca,0xfe,0x24,0xac,0x83,0x93,0xa4,0x9b,0xa3,0x9b,0xa3,0x9b,0xa4,0x9b,0x83,0x93,0x24,0xb4,0xca,0xfe,0x69,0xfe,0x00,0x00,
    0x4a,0xfd,0x00,0x00,0x69,0xfe,0xea,0xfe,0xea,0xfe,0xaa,0xfe,0x8a,0xfe,0x8a,0xfe,0xaa,0xfe,0xea,0xfe,0xea,0xfe,0x69,0xfe,0x00,0x00,0x4a,0xfd,
    0x00,0x00,0x4a,0xfd,0x00,0x00,0xe8,0xf5,0x69,0xfe,0x69,0xfe,0x49,0xfe,0x49,0xfe,0x69,0xfe,0x69,0xfe,0xe8,0xf5,0x00,0x00,0x4a,0xfd,0x00,0x00,
    0x00,0x03,0x00,0x2a,0x9a,0xe2,0xfe,0xfe,0xe2,0x9a,0x2a,0x00,0x03,0x00,0x03,0x00,0x66,0xf0,0xff,0xff,0xff,0xff,0xff,0xff,0xf0,0x66,0x00,0x03,
    0x00,0x64,0xff,0xff,0xfc,0xfe,0xff,0xff,0xfe,0xfc,0xff,0xff,0x64,0x00,0x27,0xf5,0xfd,0xfd,0xff,0xff,0xff,0xff,0xff,0xff,0xfd,0xfd,0xf5,0x27,
    0x9d,0xff,0xfc,0xff,0xff,0xff,0xff,0xff,0xff,0xff,0xff,0xfc,0xff,0x9d,0xe6,0xfe,0xfe,0xff,0xff,0xff,0xff,0xff,0xff,0xff,0xff,0xfe,0xfe,0xe6,
    0xfe,0xff,0xff,0xff,0xff,0xff,0xff,0xff,0xff,0xff,0xff,0xff,0xff,0xfe,0xfe,0xff,0xff,0xff,0xff,0xff,0xff,0xff,0xff,0xff,0xff,0xff,0xff,0xfe,
    0xe6,0xfe,0xfe,0xff,0xff,0xff,0xff,0xff,0xff,0xff,0xff,0xfe,0xfe,0xe6,0x9d,0xff,0xfc,0xff,0xff,0xff,0xff,0xff,0xff,0xff,0xff,0xfc,0xff,0x9d,
    0x27,0xf5,0xfd,0xfd,0xff,0xff,0xff,0xff,0xff,0xff,0xfd,0xfd,0xf5,0x27,0x00,0x64,0xff,0xff,0xfc,0xfe,0xff,0xff,0xfe,0xfc,0xff,0xff,0x64,0x00,
    0x03,0x00,0x66,0xf0,0xff,0xff,0xff,0xff,0xff,0xff,0xf0,0x66,0x00,0x03,0x00,0x03,0x00,0x2a,0x9a,0xe2,0xfe,0xfe,0xe2,0x9a,0x2a,0x00,0x03,0x00,

};

const lv_image_dsc_t emoji_grimace_14 = {
  .header.magic = LV_IMAGE_HEADER_MAGIC,
  .header.cf = LV_COLOR_FORMAT_RGB565A8,
  .header.flags = 0,
  .header.w = 14,
  .header.h = 14,
  .header.stride = 28,
  .data_size = sizeof(emoji_grimace_14_map),
  .data = emoji_grimace_14_map,
};




#ifndef LV_ATTRIBUTE_MEM_ALIGN
#define LV_ATTRIBUTE_MEM_ALIGN
#endif

#ifndef LV_ATTRIBUTE_EMOJI_ZANY_FACE_14
#define LV_ATTRIBUTE_EMOJI_ZANY_FACE_14
#endif

static const
LV_ATTRIBUTE_MEM_ALIGN LV_ATTRIBUTE_LARGE_CONST LV_ATTRIBUTE_EMOJI_ZANY_FACE_14
uint8_t emoji_zany_face_14_map[] = {

    0x00,0x00,0x4a,0xfd,0x00,0x00,0x29,0xfe,0x89,0xfe,0x69,0xfe,0x49,0xfe,0x48,0xfe,0x47,0xfe,0x46,0xfe,0xe6,0xfd,0x00,0x00,0x40,0xfd,0x00,0x00,
    0xea,0xff,0x00,0x00,0x49,0xfe,0x89,0xfe,0xaa,0xfe,0x69,0xfe,0x48,0xfe,0xae,0xfe,0x76,0xff,0x75,0xff,0xab,0xfe,0x27,0xfe,0x00,0x00,0x4a,0xfd,
    0x00,0x00,0x49,0xfe,0xea,0xfe,0x6a,0xfe,0x49,0xfe,0x48,0xfe,0xd0,0xfe,0xdf,0xf7,0xfc,0xd6,0x9f,0xef,0xbc,0xff,0xeb,0xfe,0x28,0xfe,0x00,0x00,
    0x49,0xfe,0x69,0xfe,0x69,0xfe,0x27,0xfe,0x28,0xfe,0x48,0xfe,0x9a,0xff,0x3d,0xdf,0xe3,0x18,0xf3,0x9c,0xff,0xff,0xf2,0xfe,0x48,0xfe,0x6c,0xfe,
    0x49,0xfe,0xa9,0xfe,0x4a,0xfe,0x97,0xff,0x97,0xff,0x49,0xfe,0x7a,0xf7,0xbf,0xf7,0x75,0xad,0xdb,0xde,0xff,0xf7,0xf3,0xf6,0x88,0xfe,0x6a,0xfe,
    0x69,0xfe,0x48,0xfe,0x55,0xff,0x36,0x9d,0x57,0x9d,0x34,0xff,0xaf,0xfe,0xff,0xf7,0xff,0xff,0xff,0xf7,0xbd,0xf7,0x8b,0xfe,0x69,0xfe,0x49,0xfe,
    0x49,0xfe,0x28,0xfe,0x53,0xff,0x6f,0x63,0x90,0x6b,0x33,0xff,0x27,0xfe,0xf1,0xfe,0x98,0xff,0x97,0xff,0x2b,0xf6,0x28,0xfe,0x69,0xfe,0x49,0xfe,
    0x49,0xfe,0x49,0xfe,0x69,0xfe,0x31,0xff,0x31,0xff,0xa9,0xfe,0x69,0xfe,0xe7,0xf5,0xe4,0xcc,0xc3,0xa3,0x06,0x7b,0x66,0xb4,0x89,0xfe,0x49,0xfe,
    0x49,0xfe,0x69,0xfe,0x49,0xfe,0xa6,0xc4,0x04,0xa4,0xa5,0x9b,0x86,0x93,0xa9,0x93,0x8f,0x9c,0x78,0xd6,0xed,0x8b,0xa4,0x9b,0xca,0xfe,0x49,0xfe,
    0x49,0xfe,0xaa,0xfe,0x49,0xfe,0xa4,0x72,0x71,0xac,0x79,0xd6,0x5c,0xe7,0xdf,0xff,0x5d,0xff,0x8e,0xa4,0xc1,0x51,0x48,0xdd,0xea,0xfe,0x29,0xfe,
    0x49,0xfe,0x69,0xfe,0xaa,0xfe,0xe6,0xc4,0xcb,0xca,0xf2,0xfb,0xb0,0xeb,0x90,0xf3,0x8c,0xd2,0x61,0x51,0x06,0xac,0xaa,0xfe,0x69,0xfe,0x29,0xfe,
    0x00,0x00,0x49,0xfe,0xca,0xfe,0xa9,0xfe,0x8c,0xeb,0x6d,0xe2,0xea,0xe1,0x8d,0xea,0xac,0xda,0xa7,0xc4,0x89,0xfe,0xca,0xfe,0x49,0xfe,0x00,0x00,
    0xea,0xff,0x00,0x00,0x29,0xfe,0xc9,0xfe,0x8c,0xfc,0x8e,0xea,0xad,0xe2,0x8e,0xe2,0xad,0xf3,0xea,0xfe,0x89,0xfe,0x49,0xfe,0x00,0x00,0x4a,0xfd,
    0x00,0x00,0x4a,0xfd,0x00,0x00,0xa8,0xfe,0xea,0xfd,0x2d,0xeb,0xce,0xea,0x0d,0xeb,0x8a,0xfd,0xa9,0xfe,0x09,0xfe,0x00,0x00,0x4a,0xfd,0x00,0x00,
    0x00,0x03,0x00,0x29,0x9a,0xe2,0xfe,0xfe,0xe2,0x9a,0x28,0x00,0x03,0x00,0x03,0x00,0x67,0xf0,0xff,0xff,0xff,0xff,0xff,0xff,0xef,0x66,0x00,0x03,
    0x00,0x64,0xff,0xff,0xfc,0xfe,0xff,0xff,0xfe,0xfc,0xff,0xff,0x64,0x00,0x26,0xf5,0xfd,0xfd,0xff,0xff,0xff,0xff,0xff,0xff,0xfd,0xfd,0xf5,0x25,
    0x9c,0xff,0xfc,0xff,0xff,0xff,0xff,0xff,0xff,0xff,0xff,0xfc,0xff,0x9c,0xe6,0xfe,0xfe,0xff,0xff,0xff,0xff,0xff,0xff,0xff,0xff,0xfe,0xfe,0xe6,
    0xfe,0xff,0xff,0xff,0xff,0xff,0xff,0xff,0xff,0xff,0xff,0xff,0xff,0xfe,0xfe,0xff,0xff,0xff,0xff,0xff,0xff,0xff,0xff,0xff,0xff,0xff,0xff,0xfe,
    0xe6,0xfe,0xfe,0xff,0xff,0xff,0xff,0xff,0xff,0xff,0xff,0xfe,0xfe,0xe6,0x9d,0xff,0xfc,0xff,0xff,0xff,0xff,0xff,0xff,0xff,0xff,0xfc,0xff,0x9c,
    0x27,0xf6,0xfd,0xfd,0xff,0xff,0xff,0xff,0xff,0xff,0xfd,0xfd,0xf5,0x25,0x00,0x66,0xff,0xff,0xfc,0xfe,0xff,0xff,0xfe,0xfc,0xff,0xff,0x64,0x00,
    0x03,0x00,0x68,0xf0,0xff,0xff,0xff,0xff,0xff,0xff,0xf0,0x67,0x00,0x03,0x00,0x03,0x00,0x2a,0x9a,0xe3,0xfe,0xfe,0xe2,0x9a,0x2a,0x00,0x03,0x00,

};

const lv_image_dsc_t emoji_zany_face_14 = {
  .header.magic = LV_IMAGE_HEADER_MAGIC,
  .header.cf = LV_COLOR_FORMAT_RGB565A8,
  .header.flags = 0,
  .header.w = 14,
  .header.h = 14,
  .header.stride = 28,
  .data_size = sizeof(emoji_zany_face_14_map),
  .data = emoji_zany_face_14_map,
};




#ifndef LV_ATTRIBUTE_MEM_ALIGN
#define LV_ATTRIBUTE_MEM_ALIGN
#endif

#ifndef LV_ATTRIBUTE_EMOJI_HUNDRED_POINTS_14
#define LV_ATTRIBUTE_EMOJI_HUNDRED_POINTS_14
#endif

static const
LV_ATTRIBUTE_MEM_ALIGN LV_ATTRIBUTE_LARGE_CONST LV_ATTRIBUTE_EMOJI_HUNDRED_POINTS_14
uint8_t emoji_hundred_points_14_map[] = {

    0x00,0x00,0x00,0x00,0x00,0x00,0x00,0x78,0x00,0x00,0x00,0x00,0x06,0xc9,0x00,0x00,0x00,0x78,0x00,0x00,0xc5,0xb0,0xc6,0xc0,0xc6,0xb8,0xc6,0xb0,
    0xc6,0xb8,0xe6,0xc8,0xc6,0xb8,0x00,0x00,0xc6,0xb8,0xc6,0xb8,0xc6,0xc0,0xc6,0xb8,0x00,0x00,0xc6,0xc0,0xc6,0xc0,0xc6,0xc0,0xc6,0xb8,0xc6,0xb8,
    0xc6,0xb8,0xe7,0xc8,0xc6,0xb8,0xc6,0xb0,0xc6,0xc0,0xc6,0xb8,0xc6,0xb8,0xe7,0xc8,0xc6,0xb8,0xc6,0xb8,0xc6,0xb8,0x00,0x00,0xc6,0xb8,0xe7,0xc8,
    0x00,0x00,0xc6,0xb8,0xc6,0xb8,0xc6,0xb8,0xc6,0xb8,0x00,0x00,0xc6,0xb8,0xc6,0xb8,0xc6,0xb8,0xc6,0xb8,0xc6,0xb8,0x45,0xd1,0xc6,0xb8,0xc6,0xb8,
    0xc6,0xb8,0xc6,0xb8,0xc6,0xb8,0xc6,0xb8,0xc6,0xb8,0x0a,0xf8,0xc6,0xb8,0xc6,0xb8,0xa6,0xb8,0xc6,0xb8,0xa6,0xb8,0x00,0x00,0xc6,0xb8,0xc6,0xb8,
    0xc6,0xb8,0xc6,0xb8,0x84,0xb0,0xc6,0xb8,0xc6,0xb8,0x00,0x00,0xc6,0xb8,0xc6,0xb8,0xe7,0xb8,0xc6,0xc0,0xc6,0xb8,0xc6,0xb8,0xc6,0xb8,0xa6,0xb0,
    0xc6,0xb8,0xc6,0xb8,0x00,0x00,0xc6,0xb8,0xc6,0xc0,0xc6,0xb8,0xc6,0xb8,0xa5,0xb8,0x00,0x00,0xc6,0xb8,0xe6,0xc0,0xc6,0xc0,0x26,0xb1,0x00,0x00,
    0xc6,0xb8,0xc6,0xb8,0x00,0x00,0x00,0x78,0xc6,0xc0,0xc6,0xc0,0x00,0x00,0x86,0xc8,0xc6,0xb8,0xc6,0xb8,0xc6,0xb8,0xc6,0xb8,0xc6,0xb8,0xc6,0xb8,
    0xe6,0xb8,0x00,0x00,0x07,0xb8,0xe6,0xb8,0xc6,0xb8,0xc6,0xb8,0xc6,0xb8,0xc6,0xb8,0xe7,0xc8,0xe7,0xd0,0xe7,0xd0,0xe7,0xc8,0xc6,0xc0,0xc6,0xb8,
    0xc6,0xb8,0xc6,0xb8,0xc6,0xb8,0xe7,0xc8,0xe7,0xd0,0xc6,0xc0,0xc6,0xb8,0xc6,0xb8,0xc6,0xb8,0xc6,0xb0,0xa6,0xc0,0xa5,0xa8,0x0a,0xf8,0x00,0x00,
    0xc6,0xc0,0xe7,0xc8,0xc6,0xb8,0xc6,0xb8,0xc6,0xb8,0x00,0xf8,0x00,0x00,0x00,0x00,0x45,0xd1,0xa6,0xb8,0xc6,0xb8,0xc6,0xc0,0xc6,0xb8,0x00,0x00,
    0xc6,0xb8,0xc6,0xb8,0x00,0x00,0x00,0x00,0xc5,0xa8,0xc6,0xb8,0xc6,0xb8,0xc6,0xb8,0xe6,0xc0,0xe7,0xd0,0xe7,0xc8,0xe7,0xd0,0xc6,0xb8,0x00,0x00,
    0x00,0x00,0x00,0x00,0x00,0x78,0xc6,0xb8,0xe7,0xc8,0xe7,0xc8,0xc6,0xb8,0xc6,0xb8,0xc6,0xb8,0xc6,0xb8,0xc6,0xb8,0xc6,0xc0,0xe7,0xb8,0x00,0x00,
    0x0a,0xa8,0x06,0xc8,0x00,0x00,0xc6,0xb8,0xc6,0xc8,0xc6,0xb8,0xc6,0xb8,0x00,0x00,0x00,0x00,0x00,0x00,0x00,0x00,0x00,0x00,0x00,0x00,0x00,0x00,
    0x00,0x00,0x00,0x02,0x00,0x00,0x0f,0x00,0x02,0x00,0x1c,0xa0,0xad,0x31,0x75,0x86,0x5d,0x00,0x45,0xd0,0xe6,0x8c,0x00,0x1d,0xe4,0xa4,0xc3,0xe4,
    0xa7,0xff,0x98,0x1c,0xff,0x69,0x5a,0xff,0x13,0xa9,0xd2,0x00,0x48,0xff,0x00,0xf5,0x48,0x9d,0xce,0x00,0x27,0xfd,0x3e,0xf2,0x65,0x06,0x77,0xfc,
    0x47,0xff,0x28,0xe5,0x7c,0x03,0x67,0xf3,0x37,0xff,0x2c,0x00,0xd7,0xaf,0x82,0xea,0x0d,0xfd,0x62,0x00,0xe4,0x9c,0x08,0xff,0x9a,0x9c,0xef,0x20,
    0xc6,0xc3,0x00,0xb6,0xf0,0xd4,0xc9,0x0b,0x00,0x46,0xb6,0x9b,0x0e,0x00,0xf7,0x81,0x00,0x02,0x52,0x4d,0x00,0x0e,0x2f,0x40,0x5e,0x73,0x98,0x93,
    0x1a,0x00,0x04,0x2c,0x57,0x94,0xda,0xff,0xff,0xff,0xff,0xff,0xff,0xe5,0x3a,0x97,0xe7,0xff,0xff,0xff,0xd8,0xa2,0x6f,0x43,0x21,0x0c,0x03,0x00,
    0xff,0xff,0xcc,0x81,0x37,0x01,0x00,0x00,0x06,0x2b,0x4f,0x77,0x52,0x00,0x3a,0x26,0x00,0x00,0x13,0x5e,0xa9,0xe6,0xff,0xff,0xff,0xff,0xc2,0x01,
    0x00,0x00,0x02,0x68,0xff,0xff,0xfa,0xc7,0x91,0x63,0x3e,0x26,0x08,0x00,0x03,0x05,0x00,0x43,0x9d,0x4c,0x14,0x00,0x00,0x00,0x00,0x00,0x00,0x00,

};

const lv_image_dsc_t emoji_hundred_points_14 = {
  .header.magic = LV_IMAGE_HEADER_MAGIC,
  .header.cf = LV_COLOR_FORMAT_RGB565A8,
  .header.flags = 0,
  .header.w = 14,
  .header.h = 14,
  .header.stride = 28,
  .data_size = sizeof(emoji_hundred_points_14_map),
  .data = emoji_hundred_points_14_map,
};




#ifndef LV_ATTRIBUTE_MEM_ALIGN
#define LV_ATTRIBUTE_MEM_ALIGN
#endif

#ifndef LV_ATTRIBUTE_EMOJI_GRINNING_14
#define LV_ATTRIBUTE_EMOJI_GRINNING_14
#endif

static const
LV_ATTRIBUTE_MEM_ALIGN LV_ATTRIBUTE_LARGE_CONST LV_ATTRIBUTE_EMOJI_GRINNING_14
uint8_t emoji_grinning_14_map[] = {

    0x00,0x00,0x4a,0xfd,0x00,0x00,0x49,0xfe,0x89,0xfe,0x69,0xfe,0x49,0xfe,0x49,0xfe,0x69,0xfe,0x89,0xfe,0x49,0xfe,0x00,0x00,0x4a,0xfd,0x00,0x00,
    0x4a,0xfd,0x00,0x00,0x49,0xfe,0x89,0xfe,0xaa,0xfe,0x69,0xfe,0x69,0xfe,0x69,0xfe,0x69,0xfe,0xaa,0xfe,0x89,0xfe,0x49,0xfe,0x00,0x00,0x4a,0xfd,
    0x00,0x00,0x49,0xfe,0xea,0xfe,0x69,0xfe,0x49,0xfe,0x49,0xfe,0x69,0xfe,0x69,0xfe,0x49,0xfe,0x49,0xfe,0x69,0xfe,0xea,0xfe,0x49,0xfe,0x00,0x00,
    0x49,0xfe,0x69,0xfe,0x89,0xfe,0x49,0xfe,0x69,0xfe,0x69,0xfe,0x49,0xfe,0x49,0xfe,0x69,0xfe,0x69,0xfe,0x49,0xfe,0x89,0xfe,0x69,0xfe,0x49,0xfe,
    0x49,0xfe,0xaa,0xfe,0x49,0xfe,0x89,0xfe,0x69,0xfe,0x49,0xfe,0x89,0xfe,0x89,0xfe,0x49,0xfe,0x69,0xfe,0x89,0xfe,0x49,0xfe,0xaa,0xfe,0x49,0xfe,
    0x69,0xfe,0x69,0xfe,0x69,0xfe,0xe8,0xed,0x22,0x8b,0xe1,0x82,0xc8,0xed,0xc8,0xed,0xe1,0x82,0x22,0x8b,0xe8,0xed,0x69,0xfe,0x69,0xfe,0x69,0xfe,
    0x49,0xfe,0x49,0xfe,0xaa,0xfe,0x45,0xb4,0x65,0xbc,0xc5,0xc4,0x24,0xb4,0x24,0xb4,0xc5,0xc4,0x65,0xbc,0x45,0xb4,0xaa,0xfe,0x49,0xfe,0x49,0xfe,
    0x69,0xfe,0x49,0xfe,0x69,0xfe,0x29,0xfe,0x89,0xfe,0xca,0xfe,0x8a,0xfe,0x8a,0xfe,0xca,0xfe,0x89,0xfe,0x29,0xfe,0x69,0xfe,0x49,0xfe,0x69,0xfe,
    0x49,0xfe,0xaa,0xfe,0x67,0xdd,0x44,0x8b,0xc5,0xa3,0x04,0xac,0x24,0xb4,0x44,0xb4,0x04,0xac,0xc4,0xa3,0x44,0x8b,0x67,0xdd,0xaa,0xfe,0x49,0xfe,
    0x29,0xfe,0x0b,0xff,0xe5,0xd4,0x47,0x83,0xf5,0xc5,0x31,0xb5,0x31,0xb5,0x31,0xb5,0x31,0xb5,0xf5,0xc5,0x47,0x83,0xe5,0xd4,0x0b,0xff,0x29,0xfe,
    0x29,0xfe,0x69,0xfe,0xaa,0xfe,0xe1,0x82,0xc4,0x72,0x0f,0xb5,0x0f,0xb5,0x0f,0xb5,0x0f,0xb5,0xc5,0x72,0xe1,0x82,0xaa,0xfe,0x69,0xfe,0x29,0xfe,
    0x00,0x00,0x49,0xfe,0x0a,0xff,0x29,0xf6,0x63,0x93,0xeb,0x93,0x11,0xb5,0x11,0xb5,0xeb,0x93,0x63,0x93,0x29,0xf6,0x0a,0xff,0x49,0xfe,0x00,0x00,
    0x4a,0xfd,0x00,0x00,0x49,0xfe,0xaa,0xfe,0xca,0xfe,0x25,0xd5,0x23,0xb4,0x23,0xb4,0x25,0xd5,0xca,0xfe,0xaa,0xfe,0x49,0xfe,0x00,0x00,0x4a,0xfd,
    0x00,0x00,0x4a,0xfd,0x00,0x00,0x09,0xfe,0x89,0xfe,0xca,0xfe,0xca,0xfe,0xca,0xfe,0xca,0xfe,0x89,0xfe,0x09,0xfe,0x00,0x00,0x4a,0xfd,0x00,0x00,
    0x00,0x03,0x00,0x2a,0x9a,0xe2,0xfe,0xfe,0xe2,0x9a,0x2a,0x00,0x03,0x00,0x03,0x00,0x66,0xf0,0xff,0xff,0xff,0xff,0xff,0xff,0xf0,0x66,0x00,0x03,
    0x00,0x64,0xff,0xff,0xfc,0xfe,0xff,0xff,0xfe,0xfc,0xff,0xff,0x64,0x00,0x27,0xf5,0xfd,0xfd,0xff,0xff,0xff,0xff,0xff,0xff,0xfd,0xfd,0xf5,0x27,
    0x9d,0xff,0xfc,0xff,0xff,0xff,0xff,0xff,0xff,0xff,0xff,0xfc,0xff,0x9d,0xe6,0xfe,0xfe,0xff,0xff,0xff,0xff,0xff,0xff,0xff,0xff,0xfe,0xfe,0xe6,
    0xfe,0xff,0xff,0xff,0xff,0xff,0xff,0xff,0xff,0xff,0xff,0xff,0xff,0xfe,0xfe,0xff,0xff,0xff,0xff,0xff,0xff,0xff,0xff,0xff,0xff,0xff,0xff,0xfe,
    0xe6,0xfe,0xfe,0xff,0xff,0xff,0xff,0xff,0xff,0xff,0xff,0xfe,0xfe,0xe6,0x9d,0xff,0xfc,0xff,0xff,0xff,0xff,0xff,0xff,0xff,0xff,0xfc,0xff,0x9d,
    0x27,0xf5,0xfd,0xfd,0xff,0xff,0xff,0xff,0xff,0xff,0xfd,0xfd,0xf5,0x27,0x00,0x64,0xff,0xff,0xfc,0xfe,0xff,0xff,0xfe,0xfc,0xff,0xff,0x64,0x00,
    0x03,0x00,0x66,0xf0,0xff,0xff,0xff,0xff,0xff,0xff,0xf0,0x66,0x00,0x03,0x00,0x03,0x00,0x2a,0x9a,0xe2,0xfe,0xfe,0xe2,0x9a,0x2a,0x00,0x03,0x00,

};

const lv_image_dsc_t emoji_grinning_14 = {
  .header.magic = LV_IMAGE_HEADER_MAGIC,
  .header.cf = LV_COLOR_FORMAT_RGB565A8,
  .header.flags = 0,
  .header.w = 14,
  .header.h = 14,
  .header.stride = 28,
  .data_size = sizeof(emoji_grinning_14_map),
  .data = emoji_grinning_14_map,
};




#ifndef LV_ATTRIBUTE_MEM_ALIGN
#define LV_ATTRIBUTE_MEM_ALIGN
#endif

#ifndef LV_ATTRIBUTE_EMOJI_COWBOY_14
#define LV_ATTRIBUTE_EMOJI_COWBOY_14
#endif

static const
LV_ATTRIBUTE_MEM_ALIGN LV_ATTRIBUTE_LARGE_CONST LV_ATTRIBUTE_EMOJI_COWBOY_14
uint8_t emoji_cowboy_14_map[] = {

    0x00,0x00,0x00,0x00,0xe0,0x39,0x00,0x00,0x20,0x62,0x40,0x6a,0xe0,0x61,0xe0,0x61,0x40,0x6a,0x20,0x62,0x00,0x00,0xe0,0x39,0x00,0x00,0x00,0x00,
    0x20,0x62,0x00,0x00,0x00,0x00,0x20,0x52,0x20,0x6a,0xe1,0x82,0xa1,0x7a,0xa1,0x7a,0xe1,0x82,0x20,0x6a,0x20,0x52,0x00,0x00,0x00,0x00,0x20,0x62,
    0x20,0x62,0x20,0x6a,0x00,0x62,0x00,0x62,0x60,0x72,0xc1,0x7a,0xe1,0x82,0xe1,0x82,0xc1,0x7a,0x60,0x72,0x00,0x62,0x00,0x62,0x20,0x62,0x20,0x62,
    0x20,0x62,0x60,0x72,0x20,0x62,0x20,0x62,0x80,0x72,0x60,0x72,0x60,0x6a,0x60,0x6a,0x60,0x72,0x80,0x72,0x20,0x62,0x20,0x62,0x60,0x72,0x20,0x62,
    0x20,0x6a,0x00,0x62,0xe0,0x61,0xe0,0x59,0x20,0x62,0x80,0x72,0xa1,0x7a,0xa1,0x7a,0x80,0x72,0x20,0x62,0xe0,0x59,0xe0,0x61,0x00,0x62,0x20,0x6a,
    0x00,0x00,0x69,0xfe,0xe6,0xc4,0x02,0x83,0x80,0x72,0x20,0x62,0xe0,0x59,0xe0,0x59,0x20,0x62,0x80,0x72,0x02,0x83,0xe6,0xc4,0x69,0xfe,0x00,0x00,
    0x00,0xf8,0x69,0xfe,0x0a,0xff,0xaa,0xfe,0xc6,0xc4,0xa5,0xc4,0x87,0xdd,0x87,0xdd,0xa5,0xc4,0xc6,0xc4,0xaa,0xfe,0x0a,0xff,0x69,0xfe,0x00,0xf8,
    0x00,0x00,0x49,0xfe,0xaa,0xfe,0x69,0xfe,0x40,0x6a,0x22,0x8b,0xca,0xfe,0xca,0xfe,0x22,0x8b,0x40,0x6a,0x69,0xfe,0xaa,0xfe,0x49,0xfe,0x00,0x00,
    0x00,0x00,0x49,0xfe,0xaa,0xfe,0x8a,0xfe,0xe4,0xa3,0x44,0xb4,0x69,0xfe,0x69,0xfe,0x44,0xb4,0xe4,0xa3,0x8a,0xfe,0xaa,0xfe,0x49,0xfe,0x00,0x00,
    0x00,0x00,0x69,0xfe,0xca,0xfe,0x49,0xfe,0x49,0xfe,0xea,0xfe,0x8a,0xfe,0x8a,0xfe,0xea,0xfe,0x49,0xfe,0x49,0xfe,0xca,0xfe,0x69,0xfe,0x00,0x00,
    0x00,0x00,0x49,0xfe,0xea,0xfe,0x49,0xf6,0xc3,0xa3,0x04,0xac,0x67,0xdd,0x67,0xdd,0x04,0xac,0xc3,0xa3,0x49,0xf6,0xea,0xfe,0x49,0xfe,0x00,0x00,
    0xe0,0xff,0xaa,0xfe,0x49,0xfe,0x0a,0xff,0x09,0xf6,0xc4,0xa3,0xc1,0x7a,0xc1,0x7a,0xc4,0xa3,0x09,0xf6,0x0a,0xff,0x49,0xfe,0xaa,0xfe,0xe0,0xff,
    0xe0,0xff,0x00,0x00,0x69,0xfe,0x89,0xfe,0xea,0xfe,0xca,0xfe,0x69,0xfe,0x69,0xfe,0xca,0xfe,0xea,0xfe,0x89,0xfe,0x69,0xfe,0x00,0x00,0xe0,0xff,
    0x00,0x00,0xe0,0xff,0x00,0x00,0x89,0xfd,0x69,0xfe,0x69,0xfe,0x69,0xfe,0x69,0xfe,0x69,0xfe,0x69,0xfe,0x89,0xfd,0x00,0x00,0xe0,0xff,0x00,0x00,
    0x00,0x00,0x04,0x00,0x47,0xa4,0x5c,0x5c,0xa4,0x47,0x00,0x04,0x00,0x00,0x19,0x01,0x00,0x0f,0xe6,0xff,0xff,0xff,0xff,0xe6,0x0f,0x00,0x01,0x19,
    0xf8,0xb0,0x17,0x54,0xff,0xf9,0xfd,0xfd,0xf9,0xff,0x54,0x17,0xb1,0xf9,0xc0,0xff,0xec,0xe8,0xfe,0xfe,0xff,0xff,0xfe,0xfe,0xe8,0xec,0xff,0xc0,
    0x16,0xbb,0xff,0xff,0xff,0xff,0xff,0xff,0xff,0xff,0xff,0xff,0xbb,0x16,0x00,0x3c,0xfd,0xfb,0xff,0xff,0xff,0xff,0xff,0xff,0xfb,0xfd,0x3c,0x00,
    0x01,0x9c,0xff,0xfb,0xff,0xff,0xff,0xff,0xff,0xff,0xfb,0xff,0x9c,0x01,0x00,0xc9,0xff,0xfd,0xff,0xff,0xff,0xff,0xff,0xff,0xfd,0xff,0xc9,0x00,
    0x00,0xcd,0xff,0xfd,0xff,0xff,0xff,0xff,0xff,0xff,0xfd,0xff,0xcd,0x00,0x00,0xb1,0xfd,0xfb,0xff,0xff,0xff,0xff,0xff,0xff,0xfb,0xfd,0xb1,0x00,
    0x00,0x5e,0xff,0xfa,0xff,0xff,0xff,0xff,0xff,0xff,0xfa,0xff,0x5e,0x00,0x02,0x06,0xca,0xff,0xfa,0xfe,0xff,0xff,0xfe,0xfa,0xff,0xca,0x06,0x02,
    0x02,0x00,0x1b,0xc9,0xff,0xff,0xff,0xff,0xff,0xff,0xc9,0x1b,0x00,0x02,0x00,0x01,0x00,0x0a,0x80,0xd9,0xfd,0xfd,0xd9,0x80,0x0a,0x00,0x01,0x00,

};

const lv_image_dsc_t emoji_cowboy_14 = {
  .header.magic = LV_IMAGE_HEADER_MAGIC,
  .header.cf = LV_COLOR_FORMAT_RGB565A8,
  .header.flags = 0,
  .header.w = 14,
  .header.h = 14,
  .header.stride = 28,
  .data_size = sizeof(emoji_cowboy_14_map),
  .data = emoji_cowboy_14_map,
};




#ifndef LV_ATTRIBUTE_MEM_ALIGN
#define LV_ATTRIBUTE_MEM_ALIGN
#endif

#ifndef LV_ATTRIBUTE_EMOJI_THUMBSUP_14
#define LV_ATTRIBUTE_EMOJI_THUMBSUP_14
#endif

static const
LV_ATTRIBUTE_MEM_ALIGN LV_ATTRIBUTE_LARGE_CONST LV_ATTRIBUTE_EMOJI_THUMBSUP_14
uint8_t emoji_thumbsup_14_map[] = {

    0x00,0x00,0x00,0x00,0xe7,0xfd,0x00,0x00,0xeb,0xfe,0x8d,0xff,0xcb,0xfe,0x00,0x00,0x4a,0xfd,0x00,0x00,0x00,0x00,0x00,0x00,0x00,0x00,0x00,0x00,
    0x00,0x00,0x00,0x00,0xef,0xff,0x00,0x00,0xcb,0xfe,0xad,0xff,0xcb,0xfe,0xeb,0xfe,0xe0,0xff,0xe0,0xff,0x00,0x00,0x00,0x00,0x00,0x00,0x00,0x00,
    0x00,0x00,0x00,0x00,0xef,0xff,0xe0,0xff,0xeb,0xfe,0x6c,0xff,0xcb,0xfe,0xab,0xfe,0xef,0xff,0xe7,0xfd,0xef,0xff,0xe0,0xff,0x00,0x00,0x00,0x00,
    0x00,0x00,0x00,0x00,0xea,0xff,0x00,0x00,0xcb,0xfe,0x8c,0xff,0xcb,0xfe,0x00,0x00,0x00,0x00,0x00,0x00,0x00,0x00,0x00,0x00,0xef,0xff,0xe0,0xff,
    0x00,0x00,0xef,0xff,0x00,0x00,0x8b,0xfe,0xeb,0xfe,0x2c,0xff,0xcb,0xfe,0xcb,0xfe,0x6c,0xff,0xcd,0xff,0xed,0xff,0xee,0xff,0x00,0x00,0x00,0x00,
    0xe0,0xff,0x00,0x00,0x6b,0xfe,0xeb,0xfe,0x2c,0xff,0xcb,0xfe,0xeb,0xfe,0x2c,0xff,0x4b,0xfe,0xea,0xfd,0xca,0xf5,0x8b,0xfe,0xeb,0xfe,0xab,0xfe,
    0xe0,0xff,0xcb,0xfe,0x2c,0xff,0x0c,0xff,0xcb,0xfe,0xcb,0xfe,0xeb,0xfe,0xea,0xf5,0x49,0xf5,0x2a,0xfe,0xea,0xfd,0xab,0xfe,0xcd,0xff,0xab,0xfe,
    0xff,0xff,0xcb,0xfe,0x4c,0xff,0xcb,0xfe,0xcb,0xfe,0xcb,0xfe,0x0c,0xff,0x0a,0xfe,0x49,0xf5,0xea,0xf5,0xca,0xf5,0xca,0xf5,0xaa,0xfd,0x49,0xf5,
    0xef,0xff,0xcb,0xfe,0x0c,0xff,0xcb,0xfe,0xcb,0xfe,0xcb,0xfe,0x0c,0xff,0x2a,0xfe,0x49,0xf5,0x4b,0xfe,0x2a,0xfe,0x2b,0xfe,0x8b,0xfe,0x8b,0xfe,
    0xef,0xff,0xcb,0xfe,0x2c,0xff,0xcb,0xfe,0xcb,0xfe,0xcb,0xfe,0xeb,0xfe,0x4b,0xfe,0x29,0xf5,0xca,0xf5,0xca,0xf5,0xea,0xfd,0xaa,0xfd,0x29,0xf5,
    0xef,0xff,0xcb,0xfe,0x2c,0xff,0xcb,0xfe,0xcb,0xfe,0xcb,0xfe,0xec,0xfe,0x4b,0xfe,0x49,0xf5,0x6b,0xfe,0x4b,0xfe,0x6b,0xfe,0x2a,0xfe,0xab,0xfe,
    0xef,0xff,0xcb,0xfe,0x0c,0xff,0xcb,0xfe,0xcb,0xfe,0xcb,0xfe,0xeb,0xfe,0x8b,0xfe,0x29,0xf5,0xaa,0xf5,0xaa,0xf5,0xca,0xfd,0x49,0xf5,0x4a,0xed,
    0x00,0x00,0xcb,0xfe,0x6c,0xff,0xeb,0xfe,0xcb,0xfe,0xcb,0xfe,0xeb,0xfe,0xab,0xfe,0x29,0xf5,0x6b,0xfe,0x6b,0xfe,0xcb,0xfe,0x2b,0xfe,0x00,0x00,
    0xe0,0xff,0x0c,0xff,0x0b,0xff,0xeb,0xfe,0xec,0xfe,0xcb,0xfe,0xeb,0xfe,0xcb,0xfe,0x69,0xf5,0x49,0xf5,0x89,0xf5,0x8a,0xfd,0xe9,0xec,0x00,0xf8,
    0x00,0x00,0x04,0x00,0x5f,0xeb,0x59,0x00,0x03,0x00,0x00,0x00,0x00,0x00,0x00,0x00,0x04,0x00,0x7a,0xff,0xda,0x08,0x01,0x01,0x00,0x00,0x00,0x00,
    0x00,0x00,0x04,0x01,0x84,0xfe,0xef,0x18,0x02,0x04,0x02,0x01,0x00,0x00,0x00,0x00,0x03,0x00,0xb4,0xff,0xcd,0x00,0x00,0x00,0x00,0x00,0x02,0x01,
    0x00,0x04,0x00,0x16,0xf1,0xfe,0xcf,0x40,0x3d,0x33,0x29,0x12,0x00,0x00,0x01,0x00,0x10,0xa8,0xff,0xfc,0xff,0xff,0xff,0xff,0xfe,0xec,0xa6,0x13,
    0x01,0x6c,0xe5,0xff,0xfe,0xff,0xfe,0xfd,0xfe,0xfe,0xff,0xff,0xff,0x94,0x01,0xdf,0xff,0xfb,0xff,0xff,0xff,0xff,0xff,0xff,0xff,0xfb,0xfc,0x7f,
    0x02,0xd3,0xfd,0xfd,0xff,0xff,0xff,0xff,0xff,0xff,0xff,0xfc,0xff,0x73,0x02,0xd5,0xff,0xfd,0xff,0xff,0xff,0xff,0xff,0xff,0xff,0xfd,0xf7,0x5a,
    0x02,0xd4,0xff,0xfd,0xff,0xff,0xff,0xff,0xff,0xff,0xfe,0xff,0xf5,0x18,0x02,0xdb,0xfd,0xfc,0xff,0xff,0xff,0xff,0xff,0xff,0xfd,0xff,0xcb,0x0f,
    0x00,0xb3,0xff,0xff,0xff,0xff,0xff,0xff,0xff,0xff,0xfb,0xff,0xa2,0x00,0x01,0x12,0x5d,0xde,0xfe,0xfe,0xff,0xff,0xff,0xff,0xfc,0xfb,0x6f,0x01,

};

const lv_image_dsc_t emoji_thumbsup_14 = {
  .header.magic = LV_IMAGE_HEADER_MAGIC,
  .header.cf = LV_COLOR_FORMAT_RGB565A8,
  .header.flags = 0,
  .header.w = 14,
  .header.h = 14,
  .header.stride = 28,
  .data_size = sizeof(emoji_thumbsup_14_map),
  .data = emoji_thumbsup_14_map,
};




#ifndef LV_ATTRIBUTE_MEM_ALIGN
#define LV_ATTRIBUTE_MEM_ALIGN
#endif

#ifndef LV_ATTRIBUTE_EMOJI_HEART_14
#define LV_ATTRIBUTE_EMOJI_HEART_14
#endif

static const
LV_ATTRIBUTE_MEM_ALIGN LV_ATTRIBUTE_LARGE_CONST LV_ATTRIBUTE_EMOJI_HEART_14
uint8_t emoji_heart_14_map[] = {

    0x00,0x00,0x00,0x00,0x00,0x00,0x00,0x00,0x00,0x00,0x00,0x00,0x00,0x78,0x00,0x78,0x00,0x00,0x00,0x00,0x00,0x00,0x00,0x00,0x00,0x00,0x00,0x00,
    0x00,0xf8,0x00,0xf8,0xc6,0xb8,0xc6,0xc0,0xc6,0xc0,0xa6,0xb8,0x00,0x00,0x00,0x00,0xa6,0xb8,0xc6,0xc0,0xc6,0xc0,0xc6,0xb8,0x00,0xf8,0x00,0xf8,
    0x00,0x00,0xc6,0xb8,0xe6,0xd0,0xc6,0xc0,0xc6,0xc8,0xc6,0xd0,0xa5,0xb8,0xa5,0xb8,0xc6,0xd0,0xc6,0xc8,0xc6,0xc0,0xe6,0xd0,0xc6,0xb8,0x00,0x00,
    0xc6,0xc0,0xc6,0xb8,0xc6,0xc0,0xc6,0xb8,0xc6,0xb8,0xc6,0xc0,0xc6,0xb8,0xc6,0xb8,0xc6,0xc0,0xc6,0xb8,0xc6,0xb8,0xc6,0xc0,0xc6,0xb8,0xc6,0xc0,
    0xa5,0xb8,0xc6,0xc0,0xc6,0xb8,0xc6,0xb8,0xc6,0xb8,0xc6,0xb8,0xc6,0xc0,0xc6,0xc0,0xc6,0xb8,0xc6,0xb8,0xc6,0xb8,0xc6,0xb8,0xc6,0xc0,0xa5,0xb8,
    0xc5,0xc0,0xc6,0xb8,0xc6,0xc0,0xc6,0xb8,0xc6,0xb8,0xc6,0xb8,0xc6,0xb8,0xc6,0xb8,0xc6,0xb8,0xc6,0xb8,0xc6,0xb8,0xc6,0xc0,0xc6,0xb8,0xc5,0xc0,
    0x00,0x00,0xc6,0xb8,0xc6,0xc8,0xc6,0xb8,0xc6,0xb8,0xc6,0xb8,0xc6,0xb8,0xc6,0xb8,0xc6,0xb8,0xc6,0xb8,0xc6,0xb8,0xc6,0xc8,0xc6,0xb8,0x00,0x00,
    0x00,0x00,0xa5,0xb8,0xc6,0xc0,0xc6,0xc0,0xc6,0xb8,0xc6,0xb8,0xc6,0xb8,0xc6,0xb8,0xc6,0xb8,0xc6,0xb8,0xc6,0xc0,0xc6,0xc0,0xa5,0xb8,0x00,0x00,
    0x0a,0xa8,0x00,0x00,0xc6,0xb8,0xc6,0xc8,0xc6,0xb8,0xc6,0xb8,0xc6,0xb8,0xc6,0xb8,0xc6,0xb8,0xc6,0xb8,0xc6,0xc8,0xc6,0xb8,0x00,0x00,0x0a,0xa8,
    0x00,0x00,0x0a,0xf8,0x00,0x00,0xc6,0xb8,0xc6,0xc8,0xc6,0xb8,0xc6,0xb8,0xc6,0xb8,0xc6,0xb8,0xc6,0xc8,0xc6,0xb8,0x00,0x00,0x0a,0xf8,0x00,0x00,
    0x00,0x00,0x00,0xf8,0x0a,0xa8,0x00,0x00,0xc6,0xb8,0xc6,0xc8,0xc6,0xb8,0xc6,0xb8,0xc6,0xc8,0xc6,0xb8,0x00,0x00,0x0a,0xa8,0x00,0xf8,0x00,0x00,
    0x00,0x00,0x00,0x00,0x00,0xf8,0x00,0x78,0x00,0x00,0xc6,0xb8,0xc6,0xc8,0xc6,0xc8,0xc6,0xb8,0x00,0x00,0x00,0x78,0x00,0xf8,0x00,0x00,0x00,0x00,
    0x00,0x00,0x00,0x00,0x00,0x00,0x00,0xf8,0x00,0x78,0x00,0x00,0xc6,0xb8,0xc6,0xb8,0x00,0x00,0x00,0x78,0x00,0xf8,0x00,0x00,0x00,0x00,0x00,0x00,
    0x00,0x00,0x00,0x00,0x00,0x00,0x00,0x00,0x00,0x00,0x00,0xf8,0x00,0x00,0x00,0x00,0x00,0xf8,0x00,0x00,0x00,0x00,0x00,0x00,0x00,0x00,0x00,0x00,
    0x00,0x00,0x00,0x00,0x00,0x00,0x02,0x02,0x00,0x00,0x00,0x00,0x00,0x00,0x01,0x02,0x73,0xbd,0xb5,0x57,0x00,0x00,0x57,0xb5,0xbd,0x73,0x02,0x01,
    0x00,0x96,0xff,0xff,0xff,0xff,0x56,0x56,0xff,0xff,0xff,0xff,0x95,0x00,0x25,0xfb,0xfc,0xfb,0xfb,0xfd,0xed,0xed,0xfd,0xfb,0xfb,0xfc,0xfb,0x25,
    0x42,0xff,0xfe,0xff,0xff,0xff,0xff,0xff,0xff,0xff,0xff,0xfe,0xff,0x42,0x1d,0xf2,0xfe,0xfe,0xff,0xff,0xfe,0xfe,0xff,0xff,0xfe,0xfe,0xf2,0x1d,
    0x00,0xab,0xff,0xfb,0xff,0xff,0xff,0xff,0xff,0xff,0xfb,0xff,0xab,0x00,0x01,0x2b,0xfa,0xfc,0xfe,0xff,0xff,0xff,0xff,0xfe,0xfc,0xfa,0x2b,0x01,
    0x03,0x00,0x6f,0xff,0xfa,0xff,0xff,0xff,0xff,0xfa,0xff,0x6f,0x00,0x03,0x00,0x03,0x00,0x97,0xff,0xfa,0xff,0xff,0xfa,0xff,0x97,0x00,0x03,0x00,
    0x00,0x01,0x03,0x00,0xa0,0xff,0xfa,0xfa,0xff,0x9f,0x00,0x03,0x01,0x00,0x00,0x00,0x01,0x02,0x00,0x98,0xff,0xff,0x98,0x00,0x02,0x01,0x00,0x00,
    0x00,0x00,0x00,0x01,0x02,0x00,0x7f,0x7f,0x00,0x02,0x01,0x00,0x00,0x00,0x00,0x00,0x00,0x00,0x01,0x01,0x00,0x00,0x01,0x01,0x00,0x00,0x00,0x00,

};

const lv_image_dsc_t emoji_heart_14 = {
  .header.magic = LV_IMAGE_HEADER_MAGIC,
  .header.cf = LV_COLOR_FORMAT_RGB565A8,
  .header.flags = 0,
  .header.w = 14,
  .header.h = 14,
  .header.stride = 28,
  .data_size = sizeof(emoji_heart_14_map),
  .data = emoji_heart_14_map,
};




#ifndef LV_ATTRIBUTE_MEM_ALIGN
#define LV_ATTRIBUTE_MEM_ALIGN
#endif

#ifndef LV_ATTRIBUTE_EMOJI_WIRELESS_14
#define LV_ATTRIBUTE_EMOJI_WIRELESS_14
#endif

static const
LV_ATTRIBUTE_MEM_ALIGN LV_ATTRIBUTE_LARGE_CONST LV_ATTRIBUTE_EMOJI_WIRELESS_14
uint8_t emoji_wireless_14_map[] = {

    0x39,0x2c,0x59,0x2c,0x59,0x2c,0x38,0x2c,0x38,0x2c,0x38,0x2c,0x38,0x2c,0x38,0x2c,0x38,0x2c,0x38,0x2c,0x38,0x2c,0x59,0x2c,0x59,0x2c,0x38,0x2c,
    0x59,0x2c,0x59,0x2c,0x38,0x2c,0x58,0x2c,0x59,0x2c,0x59,0x2c,0x59,0x2c,0x59,0x2c,0x59,0x2c,0x59,0x2c,0x58,0x2c,0x38,0x2c,0x59,0x2c,0x59,0x2c,
    0x38,0x2c,0x38,0x2c,0x59,0x2c,0x38,0x24,0xf8,0x1b,0xf8,0x1b,0xf8,0x1b,0xf8,0x1b,0xf8,0x1b,0xf8,0x1b,0x38,0x2c,0x59,0x2c,0x38,0x2c,0x38,0x2c,
    0x38,0x2c,0x38,0x2c,0xf8,0x1b,0x79,0x34,0xbb,0x7d,0x9d,0xb6,0x1e,0xcf,0x1e,0xcf,0x9d,0xb6,0x9b,0x7d,0x79,0x34,0xf8,0x1b,0x38,0x2c,0x38,0x2c,
    0x38,0x2c,0x38,0x2c,0x3c,0x9e,0xdf,0xf7,0xbf,0xef,0xbd,0xbe,0x3c,0x96,0x3c,0x9e,0xdd,0xbe,0xbf,0xef,0xdf,0xf7,0x3c,0x9e,0x38,0x2c,0x38,0x2c,
    0x38,0x2c,0x38,0x2c,0x7d,0xae,0x9b,0x75,0xf8,0x1b,0x79,0x3c,0x1a,0x5d,0x1a,0x5d,0x79,0x3c,0x18,0x1c,0xbb,0x7d,0x7d,0xae,0x38,0x2c,0x38,0x2c,
    0x38,0x2c,0x38,0x2c,0xf8,0x13,0x79,0x3c,0x3e,0xcf,0xff,0xff,0xbf,0xef,0xbf,0xef,0xff,0xff,0x1e,0xcf,0x79,0x34,0xf8,0x1b,0x38,0x2c,0x38,0x2c,
    0x38,0x2c,0x58,0x2c,0x38,0x2c,0xb9,0x44,0x5c,0xa6,0xb9,0x4c,0x59,0x34,0x59,0x2c,0xd9,0x4c,0x5c,0xa6,0xb9,0x44,0x38,0x2c,0x58,0x2c,0x38,0x2c,
    0x38,0x2c,0x38,0x2c,0x58,0x2c,0x38,0x2c,0xd8,0x13,0xbb,0x7d,0xbf,0xef,0x9f,0xef,0x9b,0x7d,0xd8,0x13,0x38,0x2c,0x58,0x2c,0x38,0x2c,0x38,0x2c,
    0x38,0x2c,0x38,0x2c,0x38,0x2c,0x59,0x2c,0x38,0x24,0x1a,0x5d,0x9b,0x75,0x9b,0x7d,0x1a,0x5d,0x38,0x24,0x59,0x2c,0x38,0x2c,0x38,0x2c,0x38,0x2c,
    0x38,0x2c,0x38,0x2c,0x38,0x2c,0x38,0x2c,0x59,0x2c,0xd8,0x13,0x9d,0xae,0x5c,0x9e,0xd8,0x13,0x59,0x2c,0x38,0x2c,0x38,0x2c,0x38,0x2c,0x38,0x2c,
    0x38,0x2c,0x38,0x2c,0x38,0x2c,0x38,0x2c,0x58,0x2c,0x38,0x24,0x7b,0x75,0x5a,0x6d,0x38,0x24,0x58,0x2c,0x38,0x2c,0x38,0x2c,0x38,0x2c,0x38,0x2c,
    0x59,0x2c,0x59,0x2c,0x38,0x2c,0x38,0x2c,0x38,0x2c,0x58,0x2c,0x18,0x1c,0x18,0x24,0x58,0x2c,0x38,0x2c,0x38,0x2c,0x38,0x2c,0x59,0x2c,0x59,0x2c,
    0x38,0x2c,0x59,0x2c,0x58,0x2c,0x38,0x2c,0x38,0x2c,0x38,0x2c,0x59,0x2c,0x59,0x2c,0x38,0x2c,0x38,0x2c,0x38,0x2c,0x59,0x2c,0x59,0x2c,0x38,0x2c,
    0x9a,0xf9,0xfd,0xff,0xff,0xff,0xff,0xff,0xff,0xff,0xff,0xfd,0xf9,0x9b,0xff,0xff,0xff,0xff,0xff,0xff,0xff,0xff,0xff,0xff,0xff,0xff,0xff,0xff,
    0xfe,0xff,0xff,0xff,0xff,0xff,0xff,0xff,0xff,0xff,0xff,0xff,0xff,0xfe,0xff,0xff,0xff,0xff,0xff,0xff,0xff,0xff,0xff,0xff,0xff,0xff,0xff,0xff,
    0xff,0xff,0xff,0xff,0xff,0xff,0xff,0xff,0xff,0xff,0xff,0xff,0xff,0xff,0xff,0xff,0xff,0xff,0xff,0xff,0xff,0xff,0xff,0xff,0xff,0xff,0xff,0xff,
    0xff,0xff,0xff,0xff,0xff,0xff,0xff,0xff,0xff,0xff,0xff,0xff,0xff,0xff,0xff,0xff,0xff,0xff,0xff,0xff,0xff,0xff,0xff,0xff,0xff,0xff,0xff,0xff,
    0xff,0xff,0xff,0xff,0xff,0xff,0xff,0xff,0xff,0xff,0xff,0xff,0xff,0xff,0xff,0xff,0xff,0xff,0xff,0xff,0xff,0xff,0xff,0xff,0xff,0xff,0xff,0xff,
    0xff,0xff,0xff,0xff,0xff,0xff,0xff,0xff,0xff,0xff,0xff,0xff,0xff,0xff,0xff,0xff,0xff,0xff,0xff,0xff,0xff,0xff,0xff,0xff,0xff,0xff,0xff,0xfe,
    0xff,0xff,0xff,0xff,0xff,0xff,0xff,0xff,0xff,0xff,0xff,0xff,0xff,0xff,0x9b,0xfb,0xfd,0xff,0xff,0xff,0xff,0xff,0xff,0xff,0xff,0xfd,0xf9,0x9b,

};

const lv_image_dsc_t emoji_wireless_14 = {
  .header.magic = LV_IMAGE_HEADER_MAGIC,
  .header.cf = LV_COLOR_FORMAT_RGB565A8,
  .header.flags = 0,
  .header.w = 14,
  .header.h = 14,
  .header.stride = 28,
  .data_size = sizeof(emoji_wireless_14_map),
  .data = emoji_wireless_14_map,
};




#ifndef LV_ATTRIBUTE_MEM_ALIGN
#define LV_ATTRIBUTE_MEM_ALIGN
#endif

#ifndef LV_ATTRIBUTE_EMOJI_INFINITY_14
#define LV_ATTRIBUTE_EMOJI_INFINITY_14
#endif

static const
LV_ATTRIBUTE_MEM_ALIGN LV_ATTRIBUTE_LARGE_CONST LV_ATTRIBUTE_EMOJI_INFINITY_14
uint8_t emoji_infinity_14_map[] = {

    0x00,0x00,0x55,0x55,0x00,0x00,0x9a,0x3c,0xdb,0x3c,0xbb,0x3c,0xbb,0x3c,0xbb,0x3c,0xbb,0x3c,0xdb,0x3c,0x9a,0x3c,0x00,0x00,0x55,0x55,0x00,0x00,
    0x5f,0x55,0x00,0x00,0x9a,0x3c,0xdc,0x3c,0xfc,0x3c,0xbb,0x3c,0xbb,0x3c,0xbb,0x3c,0xbb,0x3c,0xfc,0x3c,0xdc,0x3c,0x9a,0x3c,0x00,0x00,0x5f,0x55,
    0x00,0x00,0x9a,0x3c,0x1d,0x45,0xdb,0x3c,0xbb,0x3c,0xbb,0x3c,0xbb,0x3c,0xbb,0x3c,0xbb,0x3c,0xbb,0x3c,0xdb,0x3c,0x1d,0x45,0x9a,0x3c,0x00,0x00,
    0x7a,0x3c,0xbb,0x3c,0xbb,0x34,0x5a,0x2c,0x7a,0x2c,0x7a,0x34,0xbb,0x3c,0xbb,0x3c,0x7a,0x34,0x7a,0x2c,0x5a,0x2c,0xbb,0x34,0xbb,0x3c,0x7a,0x3c,
    0xbb,0x3c,0xdc,0x34,0x3b,0x5d,0xbe,0xb6,0xde,0xbe,0x5c,0x65,0x7a,0x2c,0xbb,0x3c,0x5c,0x65,0xde,0xbe,0xbe,0xb6,0x3b,0x5d,0xdc,0x34,0xbb,0x3c,
    0x9b,0x34,0x3c,0x55,0xdf,0xf7,0x3e,0xcf,0xfe,0xc6,0xff,0xff,0xfd,0x8d,0xfb,0x4c,0xff,0xff,0x1e,0xcf,0x3e,0xcf,0xdf,0xf7,0x3c,0x55,0x9b,0x34,
    0x5a,0x2c,0x9d,0xae,0x5e,0xd7,0x5a,0x2c,0x5a,0x2c,0xbc,0x75,0xff,0xff,0xfd,0x8d,0xdb,0x44,0x9b,0x34,0x5a,0x24,0x5e,0xd7,0x9d,0xae,0x5a,0x2c,
    0x5a,0x2c,0x9d,0xae,0x5e,0xd7,0x5a,0x24,0x9b,0x34,0xbb,0x44,0xfc,0x85,0xff,0xff,0x9c,0x75,0x5a,0x2c,0x5a,0x2c,0x5e,0xd7,0x9d,0xae,0x5a,0x2c,
    0x9b,0x34,0x3c,0x55,0xdf,0xf7,0x3e,0xcf,0x1e,0xcf,0xdf,0xf7,0xdb,0x44,0xfd,0x8d,0xff,0xff,0xfe,0xc6,0x3e,0xcf,0xdf,0xf7,0x3c,0x55,0x9b,0x34,
    0xbb,0x3c,0xdc,0x34,0x3b,0x5d,0xbe,0xb6,0xde,0xb6,0x5c,0x65,0xbb,0x3c,0x7a,0x2c,0x5c,0x65,0xde,0xbe,0xbe,0xb6,0x3b,0x5d,0xdc,0x34,0xbb,0x3c,
    0x7a,0x3c,0xbb,0x3c,0xbb,0x34,0x5a,0x2c,0x7a,0x2c,0x7a,0x34,0xbb,0x3c,0xbb,0x3c,0x7a,0x34,0x7a,0x2c,0x5a,0x2c,0xbb,0x34,0xbb,0x3c,0x7a,0x3c,
    0x00,0x00,0x9a,0x3c,0x1d,0x45,0xdb,0x3c,0xbb,0x3c,0xbb,0x3c,0xbb,0x3c,0xbb,0x3c,0xbb,0x3c,0xbb,0x3c,0xdb,0x3c,0x1d,0x45,0x9a,0x3c,0x00,0x00,
    0x5f,0x55,0x00,0x00,0x9a,0x3c,0xdc,0x3c,0xfc,0x3c,0xbb,0x3c,0xbb,0x3c,0xbb,0x3c,0xbb,0x3c,0xfc,0x3c,0xdc,0x3c,0x9a,0x3c,0x00,0x00,0x5f,0x55,
    0x00,0x00,0x55,0x55,0x00,0x00,0x9a,0x3c,0xdb,0x3c,0xbb,0x3c,0xbb,0x3c,0xbb,0x3c,0xbb,0x3c,0xdb,0x3c,0x9a,0x3c,0x00,0x00,0x55,0x55,0x00,0x00,
    0x00,0x03,0x00,0x2a,0x9a,0xe2,0xfe,0xfe,0xe2,0x9a,0x2a,0x00,0x03,0x00,0x03,0x00,0x66,0xf0,0xff,0xff,0xff,0xff,0xff,0xff,0xf0,0x66,0x00,0x03,
    0x00,0x64,0xff,0xff,0xfc,0xfe,0xff,0xff,0xfe,0xfc,0xff,0xff,0x64,0x00,0x27,0xf5,0xfd,0xfd,0xff,0xff,0xff,0xff,0xff,0xff,0xfd,0xfd,0xf5,0x27,
    0x9d,0xff,0xfc,0xff,0xff,0xff,0xff,0xff,0xff,0xff,0xff,0xfc,0xff,0x9d,0xe6,0xfe,0xfe,0xff,0xff,0xff,0xff,0xff,0xff,0xff,0xff,0xfe,0xfe,0xe6,
    0xfe,0xff,0xff,0xff,0xff,0xff,0xff,0xff,0xff,0xff,0xff,0xff,0xff,0xfe,0xfe,0xff,0xff,0xff,0xff,0xff,0xff,0xff,0xff,0xff,0xff,0xff,0xff,0xfe,
    0xe6,0xfe,0xfe,0xff,0xff,0xff,0xff,0xff,0xff,0xff,0xff,0xfe,0xfe,0xe6,0x9d,0xff,0xfc,0xff,0xff,0xff,0xff,0xff,0xff,0xff,0xff,0xfc,0xff,0x9d,
    0x27,0xf5,0xfd,0xfd,0xff,0xff,0xff,0xff,0xff,0xff,0xfd,0xfd,0xf5,0x27,0x00,0x64,0xff,0xff,0xfc,0xfe,0xff,0xff,0xfe,0xfc,0xff,0xff,0x64,0x00,
    0x03,0x00,0x66,0xf0,0xff,0xff,0xff,0xff,0xff,0xff,0xf0,0x66,0x00,0x03,0x00,0x03,0x00,0x2a,0x9a,0xe2,0xfe,0xfe,0xe2,0x9a,0x2a,0x00,0x03,0x00,

};

const lv_image_dsc_t emoji_infinity_14 = {
  .header.magic = LV_IMAGE_HEADER_MAGIC,
  .header.cf = LV_COLOR_FORMAT_RGB565A8,
  .header.flags = 0,
  .header.w = 14,
  .header.h = 14,
  .header.stride = 28,
  .data_size = sizeof(emoji_infinity_14_map),
  .data = emoji_infinity_14_map,
};




#ifndef LV_ATTRIBUTE_MEM_ALIGN
#define LV_ATTRIBUTE_MEM_ALIGN
#endif

#ifndef LV_ATTRIBUTE_EMOJI_TREX_14
#define LV_ATTRIBUTE_EMOJI_TREX_14
#endif

static const
LV_ATTRIBUTE_MEM_ALIGN LV_ATTRIBUTE_LARGE_CONST LV_ATTRIBUTE_EMOJI_TREX_14
uint8_t emoji_trex_14_map[] = {

    0x00,0x00,0x00,0x00,0x8d,0x96,0xaa,0x7d,0xaa,0x7d,0x6a,0x75,0xe0,0x07,0x00,0x00,0x00,0x00,0x00,0x00,0x00,0x00,0x00,0x00,0x00,0x00,0x00,0x00,
    0xa9,0x95,0xeb,0x85,0x67,0x5c,0xe8,0x64,0xeb,0x7d,0xeb,0x7d,0x8a,0x75,0x00,0x00,0x4a,0xad,0x00,0x00,0x00,0x00,0x00,0x00,0x00,0x00,0x00,0x00,
    0x8a,0x75,0x4c,0x86,0x8a,0x75,0x6a,0x75,0x6a,0x75,0xeb,0x7d,0x8a,0x7d,0x4a,0x55,0xc6,0x64,0x00,0x00,0x00,0x00,0x00,0x00,0x00,0x00,0x00,0x00,
    0x69,0x85,0x26,0xad,0x48,0x9d,0x49,0x5c,0x6a,0x75,0xeb,0x7d,0x6a,0x75,0x00,0x00,0xe7,0x7d,0xe0,0xff,0x00,0x00,0x00,0x00,0x00,0x00,0x00,0x00,
    0xc2,0xfc,0x27,0x9d,0x8a,0x85,0x8a,0x75,0xaa,0x7d,0x8a,0x75,0xaa,0x7d,0xaa,0x75,0x00,0x00,0x00,0x00,0xe0,0x07,0x00,0x00,0x00,0x00,0x00,0x00,
    0xeb,0x3d,0xac,0x5d,0xc8,0x54,0x6a,0x75,0xaa,0x7d,0x8a,0x75,0x8a,0x7d,0x8a,0x75,0x6a,0x75,0xec,0x8d,0x00,0x00,0xe0,0x7b,0x00,0x00,0x00,0x00,
    0x00,0x00,0x00,0x00,0xc5,0x4b,0xa4,0x43,0x49,0x75,0xaa,0x7d,0x8a,0x75,0x49,0x75,0x69,0x75,0x4a,0x75,0xe7,0x3b,0xe0,0x7b,0x00,0x00,0x00,0x00,
    0xef,0x7b,0xef,0x7f,0xcb,0x7d,0x49,0x75,0x6a,0x75,0x8a,0x7d,0x8a,0x75,0x8a,0x75,0x29,0x6d,0x29,0x6d,0x8a,0x7d,0x00,0x00,0x4a,0x55,0x00,0x00,
    0x00,0x00,0x00,0x00,0x00,0x00,0x00,0x00,0x67,0x5c,0xaa,0x7d,0x8a,0x7d,0x8a,0x75,0x8a,0x75,0x49,0x75,0x49,0x75,0xe0,0x07,0xe7,0x7d,0xef,0x7b,
    0x00,0x00,0x00,0x00,0x4a,0x55,0x4a,0x55,0x84,0x43,0x6a,0x75,0x8a,0x7d,0x8a,0x75,0x8a,0x75,0x8a,0x75,0x6a,0x75,0x00,0x00,0x4a,0x55,0x00,0x00,
    0x00,0x00,0x00,0x00,0x00,0x00,0xe0,0x7b,0x63,0x3b,0x29,0x6d,0xcb,0x7d,0x8a,0x75,0x8a,0x7d,0xaa,0x7d,0x8a,0x7d,0x4a,0x75,0x00,0x00,0x6a,0x75,
    0x00,0x00,0x00,0x00,0xe0,0x07,0x00,0x00,0x22,0x33,0xa4,0x43,0x08,0x6d,0xab,0x7d,0x49,0x75,0x6a,0x75,0xeb,0x85,0x8a,0x7d,0xcb,0x7d,0x8a,0x75,
    0x00,0x00,0x00,0x00,0x00,0x00,0x00,0x00,0x84,0x43,0x83,0x3b,0x02,0x33,0xab,0x7d,0x6a,0x75,0x67,0x5c,0x6a,0x75,0xeb,0x85,0xaa,0x7d,0x8a,0x75,
    0x00,0x00,0x00,0x00,0xe0,0x03,0x00,0x00,0x83,0x43,0x83,0x3b,0x08,0x65,0xeb,0x85,0x8a,0x75,0x00,0x00,0x87,0x5c,0x29,0x6d,0x29,0x6d,0x00,0x00,
    0x00,0x00,0x11,0x7e,0xab,0x50,0x01,0x00,0x00,0x00,0x00,0x00,0x00,0x00,0x07,0x69,0xdb,0xff,0xff,0xff,0x54,0x00,0x03,0x00,0x00,0x00,0x00,0x00,
    0xc4,0xff,0xff,0xfe,0xf8,0xfe,0x9b,0x03,0x05,0x00,0x00,0x00,0x00,0x00,0xba,0xab,0xa2,0xf3,0xfd,0xff,0xa3,0x00,0x04,0x01,0x00,0x00,0x00,0x00,
    0x0f,0xc3,0xd9,0xff,0xff,0xfd,0xf5,0x64,0x00,0x00,0x01,0x00,0x00,0x00,0x08,0x2a,0x21,0x6b,0xf9,0xfe,0xff,0xff,0xb2,0x14,0x00,0x02,0x00,0x00,
    0x01,0x00,0x4c,0x9e,0xf4,0xfe,0xfe,0xfb,0xff,0xc0,0x04,0x02,0x00,0x00,0x02,0x02,0x48,0x92,0xf5,0xfd,0xff,0xff,0xfa,0xff,0x4a,0x00,0x03,0x00,
    0x00,0x00,0x00,0x00,0x7e,0xff,0xfb,0xff,0xfb,0xfe,0x94,0x01,0x04,0x02,0x00,0x00,0x03,0x03,0xbc,0xfe,0xfb,0xfe,0xfc,0xff,0xc2,0x00,0x03,0x00,
    0x00,0x01,0x01,0x02,0xd6,0xff,0xff,0xff,0xff,0xfd,0xf0,0x12,0x00,0x40,0x00,0x00,0x01,0x01,0x1e,0xdb,0xe7,0xf0,0xf6,0xff,0xff,0xa1,0x1a,0xad,
    0x00,0x00,0x01,0x01,0x1b,0xfa,0x6e,0xcf,0x97,0x85,0xff,0xff,0xf6,0x96,0x00,0x00,0x02,0x00,0x7b,0xb3,0x99,0xfc,0xa3,0x00,0x42,0x6f,0x4b,0x00,

};

const lv_image_dsc_t emoji_trex_14 = {
  .header.magic = LV_IMAGE_HEADER_MAGIC,
  .header.cf = LV_COLOR_FORMAT_RGB565A8,
  .header.flags = 0,
  .header.w = 14,
  .header.h = 14,
  .header.stride = 28,
  .data_size = sizeof(emoji_trex_14_map),
  .data = emoji_trex_14_map,
};




#ifndef LV_ATTRIBUTE_MEM_ALIGN
#define LV_ATTRIBUTE_MEM_ALIGN
#endif

#ifndef LV_ATTRIBUTE_EMOJI_SKULL_14
#define LV_ATTRIBUTE_EMOJI_SKULL_14
#endif

static const
LV_ATTRIBUTE_MEM_ALIGN LV_ATTRIBUTE_LARGE_CONST LV_ATTRIBUTE_EMOJI_SKULL_14
uint8_t emoji_skull_14_map[] = {

    0x00,0x00,0xb8,0xad,0x5a,0xbe,0xd8,0xad,0xff,0xff,0xff,0xbd,0xff,0xbd,0xff,0xbd,0xf7,0xbd,0xff,0xff,0xd8,0xad,0x5a,0xbe,0xb8,0xad,0x00,0x00,
    0xd8,0xad,0xd8,0xad,0x19,0xb6,0xb8,0xad,0x00,0x00,0x00,0x00,0x00,0x00,0x00,0x00,0x00,0x00,0x00,0x00,0xd8,0xad,0x19,0xb6,0xd8,0xad,0xb8,0xad,
    0x5a,0xbe,0x19,0xb6,0x19,0xb6,0xd8,0xad,0x94,0x84,0x5a,0xc6,0xdc,0xd6,0xfc,0xd6,0x7a,0xc6,0xd5,0x8c,0xd8,0xad,0xf9,0xb5,0x19,0xb6,0x39,0xb6,
    0xb8,0xad,0xf8,0xad,0xd8,0xad,0xd8,0xad,0x9b,0xce,0x3d,0xdf,0x1d,0xdf,0x1d,0xdf,0x3d,0xdf,0x9b,0xce,0xd8,0xad,0xd8,0xad,0xf8,0xad,0xb8,0xad,
    0x00,0x00,0xff,0xff,0x97,0xa5,0x9b,0xc6,0xdb,0xce,0xd7,0xad,0xdb,0xce,0xdb,0xce,0xd8,0xb5,0xbb,0xce,0x9b,0xc6,0xb7,0xa5,0xff,0xff,0x00,0x00,
    0xef,0x7b,0xff,0xff,0x00,0x00,0xdc,0xd6,0x2d,0x5b,0xc3,0x10,0x15,0x9d,0x14,0x9d,0xc3,0x10,0x2d,0x5b,0xdc,0xd6,0x00,0x00,0xff,0xff,0xef,0x7b,
    0x1f,0x00,0x00,0x00,0xff,0xaf,0x9b,0xce,0x6a,0x42,0x82,0x08,0x93,0x8c,0x93,0x8c,0x82,0x08,0x6a,0x42,0x9b,0xce,0xef,0x7b,0x00,0x00,0x00,0x00,
    0x00,0x00,0xff,0x07,0xef,0x7b,0xdc,0xce,0x39,0xbe,0x56,0xa5,0x59,0xbe,0x59,0xbe,0x56,0xa5,0x59,0xbe,0xdc,0xce,0xef,0x7b,0xff,0x07,0x00,0x00,
    0xef,0x7b,0x55,0xad,0x00,0x00,0xbb,0xce,0x7e,0xe7,0x5d,0xdf,0xcf,0x73,0xcf,0x73,0x5d,0xdf,0x7e,0xe7,0xdb,0xce,0x00,0x00,0x55,0xad,0xef,0x7b,
    0x00,0x00,0x00,0x00,0xd8,0xad,0xf8,0xad,0xbb,0xce,0xdc,0xd6,0x7a,0xc6,0x7a,0xc6,0xdc,0xd6,0xbb,0xce,0xf8,0xad,0xd8,0xad,0x00,0x00,0x00,0x00,
    0xd8,0xad,0xf8,0xad,0xd8,0xad,0x19,0xb6,0x39,0xbe,0x1c,0xd7,0xfc,0xd6,0xfc,0xd6,0x1c,0xd7,0x39,0xbe,0x19,0xb6,0xd8,0xad,0xf8,0xad,0xb8,0xad,
    0x5a,0xbe,0x19,0xb6,0x19,0xb6,0xb8,0xad,0x3a,0xbe,0xdb,0xce,0xbb,0xce,0xbb,0xce,0xdb,0xce,0x3a,0xbe,0xb8,0xad,0x19,0xb6,0x19,0xb6,0x39,0xb6,
    0xd8,0xad,0xd8,0xad,0x19,0xb6,0xd8,0xad,0x00,0x00,0x00,0x00,0x00,0x00,0x00,0x00,0x00,0x00,0x00,0x00,0xd8,0xad,0x19,0xb6,0xd8,0xad,0xb8,0xad,
    0x00,0x00,0xb8,0xad,0x5a,0xbe,0xb8,0xad,0x55,0xad,0x5a,0xad,0xff,0xaf,0xff,0xaf,0x5a,0xad,0xff,0xff,0xb8,0xad,0x5a,0xbe,0xb8,0xad,0x00,0x00,
    0x00,0x81,0xfc,0x94,0x01,0x04,0x04,0x04,0x04,0x01,0x94,0xfc,0x81,0x00,0x82,0xf6,0xfe,0xd5,0x00,0x00,0x00,0x00,0x00,0x00,0xd4,0xfe,0xf6,0x7b,
    0xff,0xff,0xff,0xe3,0x13,0x27,0x5e,0x5c,0x24,0x12,0xe3,0xff,0xff,0xff,0x95,0xd2,0xe6,0xd2,0x9f,0xf8,0xff,0xff,0xf6,0x9a,0xd1,0xe8,0xd3,0x8c,
    0x00,0x01,0x1b,0x89,0xff,0xfe,0xfb,0xfb,0xff,0xff,0x84,0x1c,0x01,0x00,0x02,0x02,0x00,0xbd,0xff,0xfb,0xff,0xff,0xfb,0xff,0xba,0x00,0x02,0x02,
    0x01,0x00,0x03,0xdb,0xff,0xfd,0xff,0xff,0xfd,0xff,0xd2,0x02,0x00,0x00,0x01,0x01,0x02,0xda,0xfd,0xfd,0xff,0xff,0xfd,0xfd,0xd6,0x02,0x01,0x00,
    0x02,0x03,0x00,0x8d,0xff,0xfb,0xff,0xff,0xfb,0xff,0x8d,0x00,0x03,0x02,0x00,0x00,0x21,0x77,0xaa,0xfd,0xfc,0xfc,0xfd,0xaa,0x77,0x22,0x00,0x00,
    0x94,0xd3,0xe2,0xff,0xa1,0xff,0xff,0xff,0xff,0xa1,0xff,0xe4,0xd3,0x8c,0xff,0xff,0xff,0xdb,0x31,0x4a,0x43,0x43,0x4a,0x31,0xdb,0xff,0xff,0xff,
    0x82,0xf6,0xfe,0xd6,0x00,0x00,0x00,0x00,0x00,0x00,0xd6,0xfe,0xf6,0x7b,0x00,0x81,0xfc,0x95,0x03,0x06,0x03,0x03,0x06,0x02,0x95,0xfc,0x81,0x00,

};

const lv_image_dsc_t emoji_skull_14 = {
  .header.magic = LV_IMAGE_HEADER_MAGIC,
  .header.cf = LV_COLOR_FORMAT_RGB565A8,
  .header.flags = 0,
  .header.w = 14,
  .header.h = 14,
  .header.stride = 28,
  .data_size = sizeof(emoji_skull_14_map),
  .data = emoji_skull_14_map,
};




#ifndef LV_ATTRIBUTE_MEM_ALIGN
#define LV_ATTRIBUTE_MEM_ALIGN
#endif

#ifndef LV_ATTRIBUTE_EMOJI_CROSS_14
#define LV_ATTRIBUTE_EMOJI_CROSS_14
#endif

static const
LV_ATTRIBUTE_MEM_ALIGN LV_ATTRIBUTE_LARGE_CONST LV_ATTRIBUTE_EMOJI_CROSS_14
uint8_t emoji_cross_14_map[] = {

    0x39,0x93,0x5a,0x93,0x39,0x93,0x39,0x93,0x39,0x93,0x39,0x93,0x19,0x93,0x19,0x93,0x39,0x93,0x39,0x93,0x39,0x93,0x39,0x93,0x5a,0x93,0x39,0x93,
    0x5a,0x93,0x39,0x93,0x39,0x93,0x39,0x93,0x59,0x93,0x19,0x8b,0x5d,0xde,0x5d,0xde,0x19,0x8b,0x59,0x93,0x39,0x93,0x39,0x93,0x39,0x93,0x5a,0x93,
    0x39,0x93,0x39,0x93,0x39,0x93,0x39,0x93,0x19,0x8b,0xd9,0x8a,0x5f,0xef,0x5f,0xef,0xd9,0x8a,0x19,0x8b,0x39,0x93,0x39,0x93,0x39,0x93,0x39,0x93,
    0x39,0x93,0x39,0x93,0x39,0x93,0x79,0x9b,0xda,0xa3,0x9a,0x9b,0x3e,0xef,0x3e,0xef,0x9a,0x9b,0xda,0xa3,0x79,0x9b,0x39,0x93,0x39,0x93,0x39,0x93,
    0x39,0x93,0x59,0x93,0xd9,0x8a,0xbc,0xcd,0xff,0xff,0xff,0xff,0xff,0xff,0xff,0xff,0xff,0xff,0xff,0xff,0xbc,0xcd,0xd9,0x8a,0x59,0x93,0x39,0x93,
    0x39,0x93,0x39,0x93,0x19,0x8b,0x3a,0xac,0x5c,0xc5,0x3c,0xbd,0x9f,0xf7,0x9f,0xf7,0x3c,0xbd,0x5c,0xc5,0x3a,0xac,0x19,0x8b,0x39,0x93,0x39,0x93,
    0x39,0x93,0x39,0x93,0x39,0x93,0x19,0x8b,0xf9,0x8a,0x98,0x82,0x1e,0xef,0x1e,0xef,0x98,0x82,0xf9,0x8a,0x19,0x8b,0x39,0x93,0x39,0x93,0x39,0x93,
    0x39,0x93,0x39,0x93,0x39,0x93,0x39,0x93,0x59,0x93,0x19,0x8b,0x1e,0xef,0x1e,0xef,0x19,0x8b,0x59,0x93,0x39,0x93,0x39,0x93,0x39,0x93,0x39,0x93,
    0x39,0x93,0x39,0x93,0x39,0x93,0x39,0x93,0x39,0x93,0xf9,0x8a,0x1e,0xef,0x1e,0xef,0xf9,0x8a,0x39,0x93,0x39,0x93,0x39,0x93,0x39,0x93,0x39,0x93,
    0x39,0x93,0x39,0x93,0x39,0x93,0x39,0x93,0x39,0x93,0xf9,0x8a,0x1e,0xef,0x1e,0xef,0xf9,0x8a,0x39,0x93,0x39,0x93,0x39,0x93,0x39,0x93,0x39,0x93,
    0x39,0x93,0x39,0x93,0x39,0x93,0x39,0x93,0x39,0x93,0xf9,0x8a,0x1e,0xef,0x1e,0xef,0xf9,0x8a,0x39,0x93,0x39,0x93,0x39,0x93,0x39,0x93,0x39,0x93,
    0x39,0x93,0x39,0x93,0x39,0x93,0x39,0x93,0x39,0x93,0xf9,0x8a,0x5f,0xef,0x5f,0xef,0xf9,0x8a,0x39,0x93,0x39,0x93,0x39,0x93,0x39,0x93,0x39,0x93,
    0x5a,0x93,0x39,0x93,0x39,0x93,0x39,0x93,0x39,0x93,0x19,0x8b,0x5d,0xde,0x5d,0xde,0x19,0x8b,0x39,0x93,0x39,0x93,0x39,0x93,0x39,0x93,0x5a,0x93,
    0x39,0x93,0x5a,0x93,0x39,0x93,0x39,0x93,0x39,0x93,0x39,0x93,0x19,0x93,0x19,0x93,0x39,0x93,0x39,0x93,0x39,0x93,0x39,0x93,0x5a,0x93,0x39,0x93,
    0xa1,0xfc,0xfd,0xff,0xff,0xff,0xff,0xff,0xff,0xff,0xff,0xfd,0xfc,0xa1,0xff,0xff,0xff,0xff,0xff,0xff,0xff,0xff,0xff,0xff,0xff,0xff,0xff,0xff,
    0xfe,0xff,0xff,0xff,0xff,0xff,0xff,0xff,0xff,0xff,0xff,0xff,0xff,0xfe,0xff,0xff,0xff,0xff,0xff,0xff,0xff,0xff,0xff,0xff,0xff,0xff,0xff,0xff,
    0xff,0xff,0xff,0xff,0xff,0xff,0xff,0xff,0xff,0xff,0xff,0xff,0xff,0xff,0xff,0xff,0xff,0xff,0xff,0xff,0xff,0xff,0xff,0xff,0xff,0xff,0xff,0xff,
    0xff,0xff,0xff,0xff,0xff,0xff,0xff,0xff,0xff,0xff,0xff,0xff,0xff,0xff,0xff,0xff,0xff,0xff,0xff,0xff,0xff,0xff,0xff,0xff,0xff,0xff,0xff,0xff,
    0xff,0xff,0xff,0xff,0xff,0xff,0xff,0xff,0xff,0xff,0xff,0xff,0xff,0xff,0xff,0xff,0xff,0xff,0xff,0xff,0xff,0xff,0xff,0xff,0xff,0xff,0xff,0xff,
    0xff,0xff,0xff,0xff,0xff,0xff,0xff,0xff,0xff,0xff,0xff,0xff,0xff,0xff,0xfe,0xff,0xff,0xff,0xff,0xff,0xff,0xff,0xff,0xff,0xff,0xff,0xff,0xfe,
    0xff,0xff,0xff,0xff,0xff,0xff,0xff,0xff,0xff,0xff,0xff,0xff,0xff,0xff,0xa1,0xfc,0xfd,0xff,0xff,0xff,0xff,0xff,0xff,0xff,0xff,0xfd,0xfc,0xa1,

};

const lv_image_dsc_t emoji_cross_14 = {
  .header.magic = LV_IMAGE_HEADER_MAGIC,
  .header.cf = LV_COLOR_FORMAT_RGB565A8,
  .header.flags = 0,
  .header.w = 14,
  .header.h = 14,
  .header.stride = 28,
  .data_size = sizeof(emoji_cross_14_map),
  .data = emoji_cross_14_map,
};




#ifndef LV_ATTRIBUTE_MEM_ALIGN
#define LV_ATTRIBUTE_MEM_ALIGN
#endif

#ifndef LV_ATTRIBUTE_EMOJI_LIGHTNING_14
#define LV_ATTRIBUTE_EMOJI_LIGHTNING_14
#endif

static const
LV_ATTRIBUTE_MEM_ALIGN LV_ATTRIBUTE_LARGE_CONST LV_ATTRIBUTE_EMOJI_LIGHTNING_14
uint8_t emoji_lightning_14_map[] = {

    0x00,0x00,0x00,0x00,0x00,0x00,0x00,0x00,0x00,0x00,0x00,0x00,0x4a,0xfd,0x00,0x00,0xa0,0xfa,0x66,0xfd,0x66,0xfd,0x00,0x00,0xe7,0xfd,0x00,0x00,
    0x00,0x00,0x00,0x00,0x00,0x00,0x00,0x00,0x00,0x00,0xe7,0xfb,0x00,0x00,0x25,0xfd,0x86,0xfd,0x86,0xfd,0x66,0xfd,0x00,0x00,0xe0,0xff,0x00,0x00,
    0x00,0x00,0x00,0x00,0x00,0x00,0x00,0x00,0xe7,0xfd,0x00,0x00,0x25,0xfd,0x86,0xfd,0x27,0xfe,0x46,0xfd,0x00,0x00,0xe7,0xfb,0x00,0x00,0x00,0x00,
    0x00,0x00,0x00,0x00,0x00,0x00,0xe7,0xfd,0x00,0x00,0x46,0xfd,0x66,0xfd,0xc6,0xfd,0x46,0xfd,0x46,0xfd,0xe7,0xfb,0xe7,0xfd,0xe0,0xfb,0x00,0x00,
    0x00,0x00,0x00,0xf8,0xea,0xff,0x00,0x00,0x46,0xfd,0x86,0xfd,0x66,0xfd,0xa6,0xfd,0x46,0xfd,0x00,0x00,0x00,0x00,0x00,0x00,0x00,0x00,0x00,0x00,
    0x00,0xf8,0xe0,0xff,0x00,0x00,0x66,0xfd,0xa6,0xfd,0x66,0xfd,0x66,0xfd,0x66,0xfd,0x66,0xfd,0x66,0xfd,0x45,0xfd,0xa6,0xfd,0x46,0xfd,0x00,0x00,
    0xef,0xfb,0x4a,0xfd,0x66,0xfd,0xc6,0xfd,0x66,0xfd,0x46,0xfd,0x66,0xfd,0x46,0xfd,0x66,0xfd,0x66,0xfd,0x46,0xfd,0x07,0xfe,0x66,0xfd,0x00,0x00,
    0x00,0x00,0x66,0xfd,0x07,0xfe,0x46,0xfd,0x66,0xfd,0x66,0xfd,0x46,0xfd,0x66,0xfd,0x46,0xfd,0x66,0xfd,0xc6,0xfd,0x66,0xfd,0x4a,0xfd,0xef,0xfb,
    0x00,0x00,0x46,0xfd,0xa6,0xfd,0x45,0xfd,0x66,0xfd,0x66,0xfd,0x66,0xfd,0x66,0xfd,0x66,0xfd,0xa6,0xfd,0x66,0xfd,0x00,0x00,0xe0,0xff,0x00,0xf8,
    0x00,0x00,0x00,0x00,0x00,0x00,0x00,0x00,0x00,0x00,0x46,0xfd,0xa6,0xfd,0x66,0xfd,0x86,0xfd,0x46,0xfd,0x00,0x00,0xea,0xff,0x00,0xf8,0x00,0x00,
    0x00,0x00,0xe0,0xfb,0xe7,0xfd,0xe7,0xfb,0x46,0xfd,0x46,0xfd,0xc6,0xfd,0x66,0xfd,0x46,0xfd,0x00,0x00,0xe7,0xfd,0x00,0x00,0x00,0x00,0x00,0x00,
    0x00,0x00,0x00,0x00,0xe7,0xfb,0x00,0x00,0x46,0xfd,0x27,0xfe,0x86,0xfd,0x25,0xfd,0x00,0x00,0xe7,0xfd,0x00,0x00,0x00,0x00,0x00,0x00,0x00,0x00,
    0x00,0x00,0xe0,0xff,0x00,0x00,0x66,0xfd,0x86,0xfd,0x86,0xfd,0x25,0xfd,0x00,0x00,0xe7,0xfb,0x00,0x00,0x00,0x00,0x00,0x00,0x00,0x00,0x00,0x00,
    0x00,0x00,0xe7,0xfd,0x00,0x00,0x66,0xfd,0x66,0xfd,0xa0,0xfa,0x00,0x00,0x4a,0xfd,0x00,0x00,0x00,0x00,0x00,0x00,0x00,0x00,0x00,0x00,0x00,0x00,
    0x00,0x00,0x00,0x00,0x00,0x00,0x03,0x00,0x03,0xba,0x78,0x00,0x04,0x00,0x00,0x00,0x00,0x00,0x00,0x04,0x00,0x11,0xb8,0xf8,0x19,0x00,0x01,0x00,
    0x00,0x00,0x00,0x00,0x04,0x00,0x26,0xd2,0xff,0x7b,0x00,0x04,0x00,0x00,0x00,0x00,0x00,0x04,0x00,0x3d,0xe8,0xff,0xe9,0x15,0x04,0x04,0x02,0x00,
    0x00,0x01,0x03,0x00,0x59,0xf8,0xff,0xfe,0x6d,0x00,0x00,0x00,0x00,0x00,0x01,0x01,0x00,0x76,0xff,0xfd,0xfd,0xee,0x3e,0x30,0x30,0x2d,0x2b,0x00,
    0x02,0x03,0x95,0xff,0xfc,0xfe,0xff,0xfd,0xff,0xff,0xfe,0xff,0xa0,0x00,0x00,0xa0,0xff,0xfe,0xff,0xff,0xfd,0xff,0xfe,0xfc,0xff,0x95,0x03,0x02,
    0x00,0x2b,0x2d,0x30,0x30,0x3e,0xee,0xfd,0xfd,0xff,0x76,0x00,0x01,0x01,0x00,0x00,0x00,0x00,0x00,0x6d,0xfe,0xff,0xf8,0x59,0x00,0x03,0x01,0x00,
    0x00,0x02,0x04,0x04,0x15,0xe9,0xff,0xe8,0x3d,0x00,0x04,0x00,0x00,0x00,0x00,0x00,0x04,0x00,0x7b,0xff,0xd2,0x26,0x00,0x04,0x00,0x00,0x00,0x00,
    0x00,0x01,0x00,0x19,0xf8,0xb8,0x11,0x00,0x04,0x00,0x00,0x00,0x00,0x00,0x00,0x04,0x00,0x78,0xba,0x03,0x00,0x03,0x00,0x00,0x00,0x00,0x00,0x00,

};

const lv_image_dsc_t emoji_lightning_14 = {
  .header.magic = LV_IMAGE_HEADER_MAGIC,
  .header.cf = LV_COLOR_FORMAT_RGB565A8,
  .header.flags = 0,
  .header.w = 14,
  .header.h = 14,
  .header.stride = 28,
  .data_size = sizeof(emoji_lightning_14_map),
  .data = emoji_lightning_14_map,
};




#ifndef LV_ATTRIBUTE_MEM_ALIGN
#define LV_ATTRIBUTE_MEM_ALIGN
#endif

#ifndef LV_ATTRIBUTE_EMOJI_TOPHAT_14
#define LV_ATTRIBUTE_EMOJI_TOPHAT_14
#endif

static const
LV_ATTRIBUTE_MEM_ALIGN LV_ATTRIBUTE_LARGE_CONST LV_ATTRIBUTE_EMOJI_TOPHAT_14
uint8_t emoji_tophat_14_map[] = {

    0x00,0x00,0xc7,0x29,0xc7,0x31,0x87,0x29,0x86,0x29,0x87,0x29,0x87,0x29,0x87,0x29,0x86,0x29,0x86,0x29,0x87,0x29,0xa7,0x31,0xc7,0x29,0x00,0x00,
    0x00,0x00,0x66,0x29,0xcc,0x4a,0x2d,0x5b,0xab,0x4a,0x6a,0x42,0x4a,0x42,0x6a,0x42,0x8b,0x42,0xcc,0x4a,0x2d,0x5b,0xcc,0x4a,0x66,0x29,0x00,0x00,
    0x00,0x00,0xa7,0x29,0xe8,0x31,0x4a,0x42,0xab,0x4a,0xcc,0x52,0xec,0x52,0xec,0x52,0xcc,0x4a,0x8b,0x4a,0x29,0x3a,0xe8,0x31,0xa7,0x29,0x00,0x00,
    0x00,0x00,0xa7,0x29,0xc7,0x31,0x87,0x29,0x86,0x29,0x86,0x29,0x87,0x29,0x87,0x29,0x86,0x29,0x87,0x29,0x87,0x29,0xc8,0x31,0xa7,0x29,0x00,0x00,
    0x00,0x00,0xa7,0x31,0xc8,0x31,0xa7,0x31,0xc7,0x31,0xc7,0x31,0xc7,0x31,0xc7,0x31,0xc7,0x31,0xc7,0x31,0xa7,0x31,0xc8,0x31,0xc7,0x31,0x00,0x00,
    0x00,0x00,0xa7,0x31,0xc7,0x31,0xa7,0x31,0xa7,0x31,0xa7,0x31,0xa7,0x31,0xa7,0x31,0xa7,0x31,0xa7,0x31,0xa7,0x31,0xc7,0x31,0xa7,0x29,0x00,0x00,
    0x00,0x00,0xa6,0x29,0xa7,0x31,0xc7,0x31,0xa7,0x31,0xa7,0x31,0xa7,0x31,0xa7,0x31,0xa7,0x31,0xa7,0x31,0xc7,0x31,0xa7,0x31,0xa6,0x29,0x00,0x00,
    0x00,0x00,0xa8,0x31,0xa6,0x29,0xa6,0x29,0xa7,0x29,0xa7,0x29,0xa7,0x31,0xa7,0x31,0xa7,0x29,0xa7,0x29,0xa6,0x29,0xa6,0x29,0xa8,0x31,0x00,0x00,
    0x00,0x00,0x34,0x5a,0x30,0x5a,0x0d,0x4a,0xea,0x41,0xc9,0x39,0xc8,0x31,0xc8,0x31,0xc9,0x39,0xca,0x39,0x0c,0x4a,0x0e,0x52,0x31,0x5a,0x00,0x00,
    0x0f,0x00,0x00,0x00,0x96,0x7a,0x97,0x7a,0x75,0x72,0x75,0x72,0x74,0x72,0x74,0x72,0x74,0x72,0x75,0x72,0x96,0x7a,0x96,0x7a,0x00,0x00,0x0f,0x00,
    0x00,0x00,0xa6,0x29,0x74,0x6a,0x96,0x7a,0x74,0x72,0x75,0x72,0x75,0x72,0x75,0x72,0x75,0x72,0x75,0x72,0x96,0x7a,0x74,0x6a,0xa6,0x29,0x00,0x00,
    0xa7,0x31,0xa7,0x29,0x0c,0x4a,0x75,0x72,0x75,0x72,0x96,0x7a,0x96,0x7a,0x96,0x7a,0x96,0x7a,0x75,0x72,0x75,0x72,0x0d,0x4a,0xa7,0x29,0xa7,0x31,
    0xa7,0x31,0xc7,0x31,0xc7,0x31,0xc9,0x39,0xec,0x41,0x0d,0x4a,0x0e,0x52,0x0e,0x52,0x0d,0x4a,0xec,0x41,0xe9,0x39,0xc7,0x31,0xc7,0x31,0xa7,0x31,
    0x00,0x00,0xa7,0x31,0xc8,0x31,0xa7,0x31,0xa6,0x29,0xa6,0x29,0xa6,0x29,0xa6,0x29,0xa6,0x29,0xa6,0x29,0xa7,0x29,0xc7,0x31,0xa7,0x31,0x00,0x00,
    0x01,0x12,0x79,0xbe,0xe1,0xf5,0xff,0xff,0xf5,0xe1,0xbe,0x79,0x12,0x01,0x00,0x6b,0xff,0xff,0xff,0xff,0xff,0xff,0xff,0xff,0xff,0xff,0x6b,0x00,
    0x00,0x65,0xfc,0xf9,0xfe,0xff,0xff,0xff,0xff,0xfe,0xf9,0xfc,0x65,0x00,0x00,0x50,0xff,0xfc,0xff,0xff,0xff,0xff,0xff,0xff,0xfc,0xff,0x50,0x00,
    0x00,0x3e,0xff,0xfd,0xff,0xff,0xff,0xff,0xff,0xff,0xfd,0xff,0x3e,0x00,0x00,0x2f,0xff,0xff,0xff,0xff,0xff,0xff,0xff,0xff,0xff,0xff,0x30,0x00,
    0x00,0x20,0xfb,0xff,0xfe,0xff,0xff,0xff,0xff,0xfe,0xff,0xfb,0x20,0x00,0x00,0x13,0xf0,0xff,0xfe,0xff,0xff,0xff,0xff,0xfe,0xff,0xf0,0x13,0x00,
    0x00,0x0b,0xe4,0xff,0xfd,0xff,0xff,0xff,0xff,0xfd,0xff,0xe4,0x0b,0x00,0x02,0x00,0xd1,0xff,0xfd,0xff,0xff,0xff,0xff,0xfd,0xff,0xd1,0x00,0x02,
    0x00,0x2c,0xd9,0xfe,0xfd,0xff,0xff,0xff,0xff,0xfd,0xfe,0xd9,0x2c,0x00,0xb4,0xfd,0xfe,0xfd,0xfe,0xff,0xff,0xff,0xff,0xfe,0xfd,0xfe,0xfd,0xb4,
    0xca,0xff,0xff,0xff,0xff,0xff,0xff,0xff,0xff,0xff,0xff,0xff,0xff,0xca,0x00,0x49,0x95,0xc8,0xe7,0xfb,0xff,0xff,0xfb,0xe7,0xc8,0x95,0x49,0x00,

};

const lv_image_dsc_t emoji_tophat_14 = {
  .header.magic = LV_IMAGE_HEADER_MAGIC,
  .header.cf = LV_COLOR_FORMAT_RGB565A8,
  .header.flags = 0,
  .header.w = 14,
  .header.h = 14,
  .header.stride = 28,
  .data_size = sizeof(emoji_tophat_14_map),
  .data = emoji_tophat_14_map,
};




#ifndef LV_ATTRIBUTE_MEM_ALIGN
#define LV_ATTRIBUTE_MEM_ALIGN
#endif

#ifndef LV_ATTRIBUTE_EMOJI_MOTORCYCLE_14
#define LV_ATTRIBUTE_EMOJI_MOTORCYCLE_14
#endif

static const
LV_ATTRIBUTE_MEM_ALIGN LV_ATTRIBUTE_LARGE_CONST LV_ATTRIBUTE_EMOJI_MOTORCYCLE_14
uint8_t emoji_motorcycle_14_map[] = {

    0x00,0x00,0x00,0x00,0x00,0x00,0x00,0x00,0x00,0x00,0x00,0x00,0x00,0x00,0x00,0x00,0x00,0x00,0x00,0x00,0x00,0x00,0x00,0x00,0x00,0x00,0x00,0x00,
    0x00,0x00,0x00,0x00,0x00,0x00,0x00,0x00,0x00,0x00,0x00,0x00,0x00,0x00,0x00,0x00,0x00,0x00,0x00,0x00,0x00,0x00,0x00,0x00,0x00,0x00,0x00,0x00,
    0x00,0x00,0x00,0x00,0xef,0x7b,0x00,0x00,0x00,0x00,0x00,0x00,0x00,0x00,0x00,0x00,0x00,0x00,0x00,0x00,0x00,0x00,0x00,0x00,0x00,0x00,0x00,0x00,
    0x00,0x00,0xff,0xff,0x00,0x00,0x00,0x00,0xef,0x7b,0x00,0x00,0x00,0x00,0x00,0x00,0x00,0x00,0x00,0x00,0x00,0x00,0x00,0x00,0x00,0x00,0x00,0x00,
    0xff,0xff,0x00,0x00,0xbc,0xd6,0x1d,0xdf,0x00,0x00,0x4f,0x7d,0x4a,0x55,0x00,0x00,0x00,0x00,0x00,0x00,0xef,0x7b,0xe7,0x3b,0xe7,0x39,0xe7,0x7d,
    0xff,0xff,0x38,0xbe,0xb9,0xc6,0x92,0x84,0x67,0x29,0x00,0x00,0x00,0x00,0x00,0x00,0x00,0x00,0x00,0x00,0x00,0x00,0x00,0x00,0x00,0x00,0x00,0x00,
    0x00,0x00,0x8c,0x7d,0x6c,0x8e,0x4c,0x64,0x6c,0x6c,0x0a,0x7e,0xeb,0x7d,0xc9,0x5b,0x4a,0x7d,0x02,0x00,0xe9,0x5b,0x68,0x4b,0xc6,0x31,0x0a,0x6d,
    0xe7,0x3b,0x47,0x55,0xaa,0x75,0xaa,0x7d,0xea,0x7d,0x4a,0x75,0xe8,0x42,0x46,0x21,0x26,0x21,0x47,0x32,0x2a,0x75,0x0b,0x86,0x6b,0x75,0x6a,0x75,
    0x00,0x00,0xca,0x7d,0xa8,0x75,0xad,0x85,0x0e,0x8e,0x89,0x64,0xe6,0x31,0x07,0x32,0x29,0x5c,0xcb,0x7d,0x49,0x6d,0x48,0x5c,0x85,0x54,0x00,0x00,
    0x03,0x19,0x68,0x42,0xec,0x74,0xb7,0xbe,0x12,0x9e,0xa9,0x75,0xcb,0x7d,0xca,0x7d,0xe9,0x7d,0x51,0x85,0x0f,0x5b,0xc8,0x31,0x0d,0x5b,0x1c,0xdf,
    0xe8,0x31,0x6f,0x63,0xdc,0xce,0x59,0xbe,0x67,0x3a,0x49,0x75,0x8c,0x7d,0xed,0x74,0x2b,0x75,0xcc,0x52,0x5a,0xbe,0xbb,0xce,0xbb,0xce,0xd3,0x8c,
    0xab,0x4a,0xfc,0xc6,0x9e,0xef,0x9a,0xc6,0xc9,0x39,0xc8,0x64,0x4d,0x7d,0x90,0x63,0xef,0x7c,0x52,0x7c,0x39,0xbe,0x14,0x95,0x93,0x7c,0x08,0x3a,
    0xa7,0x29,0x6e,0x63,0x56,0x9d,0x8f,0x63,0xc7,0x31,0x26,0x54,0x4a,0x7d,0xaf,0x7c,0x60,0x33,0x86,0x29,0x4e,0x5b,0x57,0x95,0x6e,0x63,0xc7,0x31,
    0xe3,0x18,0xa7,0x29,0x8a,0x42,0xc7,0x31,0x04,0x19,0x00,0x00,0x00,0x00,0x00,0x00,0x00,0x00,0x25,0x21,0xc7,0x31,0x6a,0x42,0xa7,0x31,0xe3,0x18,
    0x00,0x00,0x00,0x00,0x00,0x00,0x00,0x00,0x00,0x00,0x00,0x00,0x00,0x00,0x00,0x00,0x00,0x00,0x00,0x00,0x00,0x00,0x00,0x00,0x00,0x00,0x00,0x00,
    0x00,0x00,0x02,0x00,0x00,0x00,0x00,0x00,0x00,0x00,0x00,0x00,0x00,0x00,0x00,0x01,0x00,0x00,0x02,0x00,0x00,0x00,0x00,0x00,0x00,0x00,0x00,0x00,
    0x02,0x00,0x3c,0x54,0x00,0x06,0x03,0x01,0x01,0x01,0x02,0x04,0x04,0x04,0x01,0x1a,0xc0,0x61,0x6e,0x01,0x00,0x00,0x00,0x00,0x00,0x00,0x00,0x00,
    0x00,0x7b,0xff,0xf3,0xc6,0xbf,0x92,0x11,0x06,0x0e,0x1a,0x57,0x64,0x8b,0x04,0x09,0x89,0xf4,0xff,0xff,0xff,0xe9,0xdb,0xe9,0xff,0xff,0xff,0xbc,
    0x00,0x33,0x68,0x99,0xf7,0xfd,0xfc,0xff,0xff,0xff,0xab,0x85,0x31,0x00,0x39,0xfa,0xff,0xff,0xd7,0xe3,0xfe,0xfd,0xe9,0xcb,0xd0,0xde,0xc8,0x78,
    0xe9,0xa2,0x80,0xfa,0xd6,0xb1,0xff,0xff,0xc3,0xca,0xff,0xfe,0xff,0xff,0xff,0x25,0x3c,0x5e,0xe4,0xa8,0xf7,0xf5,0xdc,0xfe,0xd5,0xa7,0x61,0xff,
    0xd7,0xc4,0x39,0xb0,0xd7,0x13,0x1b,0x1b,0x0e,0xd3,0xba,0x3a,0xb7,0xd9,0x29,0xd1,0xff,0xdb,0x2e,0x00,0x00,0x00,0x00,0x2f,0xd8,0xff,0xd4,0x29,

};

const lv_image_dsc_t emoji_motorcycle_14 = {
  .header.magic = LV_IMAGE_HEADER_MAGIC,
  .header.cf = LV_COLOR_FORMAT_RGB565A8,
  .header.flags = 0,
  .header.w = 14,
  .header.h = 14,
  .header.stride = 28,
  .data_size = sizeof(emoji_motorcycle_14_map),
  .data = emoji_motorcycle_14_map,
};




#ifndef LV_ATTRIBUTE_MEM_ALIGN
#define LV_ATTRIBUTE_MEM_ALIGN
#endif

#ifndef LV_ATTRIBUTE_EMOJI_SEEDLING_14
#define LV_ATTRIBUTE_EMOJI_SEEDLING_14
#endif

static const
LV_ATTRIBUTE_MEM_ALIGN LV_ATTRIBUTE_LARGE_CONST LV_ATTRIBUTE_EMOJI_SEEDLING_14
uint8_t emoji_seedling_14_map[] = {

    0x8a,0x75,0xca,0x7d,0x8a,0x75,0xcb,0x7d,0x6a,0x75,0x00,0x00,0xe7,0x7d,0x00,0x00,0x00,0x00,0x00,0x00,0x00,0x00,0x00,0x00,0x00,0x00,0x00,0x00,
    0x8a,0x75,0xaa,0x7d,0xcb,0x7d,0xcb,0x7d,0xaa,0x7d,0x6a,0x75,0x00,0x00,0x4a,0x55,0x00,0x00,0x00,0x00,0xef,0x7f,0x4a,0x55,0xef,0x7f,0xe0,0x07,
    0x00,0x00,0x6a,0x75,0xeb,0x85,0xaa,0x7d,0xeb,0x7d,0xcb,0x7d,0x6a,0x75,0x00,0x00,0xef,0x7f,0x00,0x00,0x00,0x00,0x00,0x00,0x00,0x00,0x00,0x00,
    0xe7,0x7d,0x00,0x00,0x6a,0x75,0xeb,0x7d,0x8a,0x75,0xaa,0x7d,0xeb,0x7d,0x8a,0x75,0xef,0x7b,0x00,0x00,0xcb,0x7d,0xaa,0x7d,0xaa,0x7d,0x6a,0x75,
    0x00,0x00,0xe0,0xff,0x00,0x00,0xef,0x7b,0x00,0x00,0x6a,0x75,0x2b,0x86,0x8a,0x75,0x00,0x00,0x8a,0x75,0xcb,0x7d,0xaa,0x7d,0xeb,0x7d,0x8a,0x75,
    0x00,0x00,0x00,0x00,0x4a,0x55,0x00,0x00,0xef,0x7f,0xe0,0x07,0x8a,0x75,0x8a,0x75,0xaa,0x7d,0xcb,0x7d,0x8a,0x75,0xeb,0x7d,0x8a,0x75,0x00,0x00,
    0x00,0x00,0x00,0x00,0x00,0x00,0x00,0x00,0xef,0x7b,0x00,0x00,0x8a,0x75,0xaa,0x7d,0x8a,0x75,0xcb,0x7d,0xeb,0x85,0xaa,0x7d,0x6a,0x75,0xe0,0x07,
    0x00,0x00,0x00,0x00,0x00,0x00,0x00,0x00,0xef,0x7b,0x00,0x00,0x8a,0x75,0x0b,0x86,0x8a,0x75,0x6a,0x75,0xcb,0x7d,0x29,0x6d,0x00,0x00,0xe0,0xff,
    0x00,0x00,0x00,0x00,0x00,0x00,0x00,0x00,0xef,0x7b,0x00,0x00,0x8a,0x75,0xeb,0x7d,0xaa,0x75,0x00,0x00,0x00,0x00,0x00,0x00,0xe0,0xff,0x00,0x00,
    0x00,0x00,0x00,0x00,0x00,0x00,0x00,0x00,0xef,0x7b,0x00,0x00,0x8a,0x75,0x8a,0x75,0x00,0x00,0xcc,0x64,0xe7,0x7d,0xe0,0xff,0x00,0x00,0x00,0x00,
    0x00,0x00,0x00,0x00,0x00,0x00,0x00,0x00,0xef,0x7b,0x00,0x00,0x8a,0x75,0x8a,0x75,0xef,0x7b,0xef,0x7b,0x00,0x00,0x00,0x00,0x00,0x00,0x00,0x00,
    0x00,0x00,0x00,0x00,0x00,0x00,0x00,0x00,0xef,0x7b,0x00,0x00,0x8a,0x75,0x8a,0x75,0x00,0x00,0xef,0x7b,0x00,0x00,0x00,0x00,0x00,0x00,0x00,0x00,
    0x00,0x00,0x00,0x00,0x00,0x00,0x00,0x00,0xef,0x7b,0x00,0x00,0x8a,0x75,0x8a,0x75,0x00,0x00,0xef,0x7b,0x00,0x00,0x00,0x00,0x00,0x00,0x00,0x00,
    0x00,0x00,0x00,0x00,0x00,0x00,0x00,0x00,0xef,0x7b,0x00,0x00,0x8a,0x75,0x8a,0x75,0x00,0x00,0xef,0x7b,0x00,0x00,0x00,0x00,0x00,0x00,0x00,0x00,
    0x78,0xbb,0xcb,0xb2,0x4d,0x00,0x04,0x00,0x00,0x00,0x00,0x00,0x00,0x00,0x43,0xf9,0xff,0xff,0xf8,0x3a,0x00,0x03,0x00,0x00,0x02,0x03,0x02,0x01,
    0x00,0x55,0xff,0xff,0xff,0xff,0x5e,0x00,0x02,0x01,0x00,0x00,0x00,0x00,0x04,0x00,0x66,0xd7,0xa2,0xd0,0xfa,0x25,0x02,0x00,0x2d,0x45,0x32,0x1c,
    0x00,0x01,0x00,0x02,0x00,0x33,0xff,0x86,0x00,0xad,0xff,0xff,0xff,0x7c,0x00,0x00,0x03,0x00,0x02,0x01,0xed,0xb5,0x33,0xff,0xf8,0xff,0xb6,0x00,
    0x00,0x00,0x00,0x00,0x02,0x00,0xca,0xf0,0xf0,0xff,0xff,0xdf,0x20,0x01,0x00,0x00,0x00,0x00,0x02,0x00,0xc1,0xff,0xea,0x55,0x5d,0x17,0x00,0x01,
    0x00,0x00,0x00,0x00,0x02,0x00,0xc4,0xfb,0x3e,0x00,0x00,0x00,0x01,0x00,0x00,0x00,0x00,0x00,0x02,0x00,0xd0,0xd4,0x00,0x05,0x04,0x01,0x00,0x00,
    0x00,0x00,0x00,0x00,0x02,0x00,0xd0,0xcf,0x02,0x02,0x00,0x00,0x00,0x00,0x00,0x00,0x00,0x00,0x02,0x00,0xcf,0xd0,0x00,0x02,0x00,0x00,0x00,0x00,
    0x00,0x00,0x00,0x00,0x02,0x00,0xd3,0xd3,0x00,0x02,0x00,0x00,0x00,0x00,0x00,0x00,0x00,0x00,0x02,0x00,0xc1,0xc1,0x00,0x02,0x00,0x00,0x00,0x00,

};

const lv_image_dsc_t emoji_seedling_14 = {
  .header.magic = LV_IMAGE_HEADER_MAGIC,
  .header.cf = LV_COLOR_FORMAT_RGB565A8,
  .header.flags = 0,
  .header.w = 14,
  .header.h = 14,
  .header.stride = 28,
  .data_size = sizeof(emoji_seedling_14_map),
  .data = emoji_seedling_14_map,
};




#ifndef LV_ATTRIBUTE_MEM_ALIGN
#define LV_ATTRIBUTE_MEM_ALIGN
#endif

#ifndef LV_ATTRIBUTE_EMOJI_FLAG_AU_14
#define LV_ATTRIBUTE_EMOJI_FLAG_AU_14
#endif

static const
LV_ATTRIBUTE_MEM_ALIGN LV_ATTRIBUTE_LARGE_CONST LV_ATTRIBUTE_EMOJI_FLAG_AU_14
uint8_t emoji_flag_au_14_map[] = {

    0x00,0x00,0x00,0x00,0x00,0x00,0x00,0x00,0x00,0x00,0x00,0x00,0x00,0x00,0x00,0x00,0x00,0x00,0x00,0x00,0x00,0x00,0x00,0x00,0x00,0x00,0x1f,0x00,
    0x20,0x08,0x5d,0x3d,0x0c,0x00,0x69,0xf2,0x6e,0x7a,0xf4,0x00,0x28,0xa1,0xe8,0x78,0x31,0x01,0x2f,0x09,0x0b,0x00,0x0c,0x00,0x4f,0x01,0x00,0x00,
    0xcf,0x9a,0xb5,0xc4,0xd8,0x7c,0x08,0xe2,0x72,0x93,0x50,0x52,0x52,0xe4,0xb2,0x4a,0xcf,0x00,0x0f,0x01,0x31,0x22,0xd1,0x11,0x10,0x01,0x2f,0x01,
    0xb4,0x83,0x11,0xd4,0xf7,0xf5,0xa8,0xd1,0xd0,0xd3,0xd3,0xec,0xb8,0xd5,0x31,0x32,0x0f,0x01,0xce,0x00,0xd8,0x8c,0x95,0x5b,0x4e,0x00,0x0f,0x01,
    0xc7,0xe9,0x88,0xd1,0x67,0xc9,0xc5,0xc8,0x26,0xd1,0x88,0xc9,0x87,0xe1,0x6c,0x59,0x10,0x01,0x0f,0x01,0x2f,0x01,0xee,0x00,0x36,0x74,0xf3,0x42,
    0xd5,0x73,0xb7,0xdd,0x14,0xed,0x87,0xd1,0xb4,0xdc,0xd7,0xed,0x32,0xcc,0xd0,0x29,0x52,0x2a,0x79,0xa5,0x0f,0x01,0xef,0x00,0x54,0x53,0x72,0x2a,
    0x95,0xac,0x0f,0xab,0x73,0x6b,0x2a,0xda,0x11,0x83,0x95,0x4b,0xb3,0xd4,0x8e,0x41,0x70,0x09,0x92,0x32,0xef,0x00,0x32,0x22,0x11,0x22,0xae,0x00,
    0x4f,0x19,0x0f,0x01,0x30,0x01,0xee,0x00,0x2f,0x01,0xcf,0x00,0xb1,0x09,0x50,0x09,0x0f,0x01,0xcf,0x00,0x2f,0x01,0x50,0x01,0x70,0x09,0x2f,0x01,
    0x0f,0x01,0x0f,0x01,0x50,0x09,0x93,0x32,0x50,0x01,0x2f,0x01,0x0f,0x01,0x0f,0x01,0x2f,0x01,0x2f,0x01,0xef,0x00,0xef,0x00,0x0f,0x01,0x2f,0x01,
    0x2f,0x01,0xce,0x00,0xf3,0x42,0xff,0xff,0xf3,0x42,0xce,0x00,0x2f,0x01,0x2f,0x01,0x2f,0x01,0x0f,0x01,0x11,0x22,0xd1,0x11,0x0f,0x01,0x2f,0x01,
    0x30,0x01,0x0f,0x01,0x90,0x11,0x54,0x53,0x90,0x11,0x0f,0x01,0x2f,0x01,0x2f,0x01,0x2f,0x01,0xce,0x00,0xf8,0x8c,0x95,0x5b,0xae,0x00,0x50,0x01,
    0x0f,0x01,0x30,0x01,0x0f,0x01,0xae,0x00,0x0f,0x01,0x2f,0x01,0x2f,0x01,0x2f,0x01,0x2f,0x01,0x2f,0x01,0x2f,0x01,0x2f,0x01,0x30,0x01,0x0f,0x01,
    0x00,0x00,0xef,0x00,0x50,0x09,0xd1,0x19,0x2f,0x09,0x2f,0x01,0x2f,0x01,0x2f,0x01,0x2f,0x01,0x2f,0x01,0xee,0x00,0x50,0x01,0x4f,0x01,0x00,0x00,
    0x1f,0x00,0x00,0x00,0x00,0x00,0x00,0x00,0x00,0x00,0x00,0x00,0x00,0x00,0x00,0x00,0x00,0x00,0x00,0x00,0x00,0x00,0x00,0x00,0x00,0x00,0x1f,0x00,
    0x01,0x00,0x00,0x00,0x00,0x00,0x00,0x00,0x00,0x00,0x00,0x00,0x00,0x01,0x00,0x18,0x19,0x1a,0x1a,0x1a,0x1a,0x1a,0x1a,0x1a,0x1a,0x19,0x18,0x00,
    0xa3,0xf5,0xf6,0xf7,0xf7,0xf7,0xf7,0xf7,0xf7,0xf7,0xf7,0xf6,0xf5,0xa3,0xff,0xff,0xff,0xff,0xff,0xff,0xff,0xff,0xff,0xff,0xff,0xff,0xff,0xff,
    0xfd,0xfe,0xfe,0xfe,0xfe,0xfe,0xfe,0xfe,0xfe,0xfe,0xfe,0xfe,0xfe,0xfd,0xff,0xff,0xff,0xff,0xff,0xff,0xff,0xff,0xff,0xff,0xff,0xff,0xff,0xff,
    0xff,0xff,0xff,0xff,0xff,0xff,0xff,0xff,0xff,0xff,0xff,0xff,0xff,0xff,0xff,0xff,0xff,0xff,0xff,0xff,0xff,0xff,0xff,0xff,0xff,0xff,0xff,0xff,
    0xff,0xff,0xff,0xff,0xff,0xff,0xff,0xff,0xff,0xff,0xff,0xff,0xff,0xff,0xfd,0xfe,0xfe,0xfe,0xfe,0xfe,0xfe,0xfe,0xfe,0xfe,0xfe,0xfe,0xfe,0xfd,
    0xff,0xff,0xff,0xff,0xff,0xff,0xff,0xff,0xff,0xff,0xff,0xff,0xff,0xff,0xa3,0xf5,0xf6,0xf7,0xf7,0xf7,0xf7,0xf7,0xf7,0xf7,0xf7,0xf6,0xf5,0xa3,
    0x00,0x18,0x19,0x1a,0x1a,0x1a,0x1a,0x1a,0x1a,0x1a,0x1a,0x19,0x18,0x00,0x01,0x00,0x00,0x00,0x00,0x00,0x00,0x00,0x00,0x00,0x00,0x00,0x00,0x01,

};

const lv_image_dsc_t emoji_flag_au_14 = {
  .header.magic = LV_IMAGE_HEADER_MAGIC,
  .header.cf = LV_COLOR_FORMAT_RGB565A8,
  .header.flags = 0,
  .header.w = 14,
  .header.h = 14,
  .header.stride = 28,
  .data_size = sizeof(emoji_flag_au_14_map),
  .data = emoji_flag_au_14_map,
};




#ifndef LV_ATTRIBUTE_MEM_ALIGN
#define LV_ATTRIBUTE_MEM_ALIGN
#endif

#ifndef LV_ATTRIBUTE_EMOJI_UMBRELLA_14
#define LV_ATTRIBUTE_EMOJI_UMBRELLA_14
#endif

static const
LV_ATTRIBUTE_MEM_ALIGN LV_ATTRIBUTE_LARGE_CONST LV_ATTRIBUTE_EMOJI_UMBRELLA_14
uint8_t emoji_umbrella_14_map[] = {

    0x00,0x00,0x00,0x00,0x00,0x00,0xb5,0x52,0x00,0x00,0x00,0x00,0x00,0x00,0x4d,0x64,0x00,0x00,0x00,0x00,0x00,0x00,0xef,0x79,0x00,0x00,0x00,0x00,
    0x00,0x00,0x00,0x00,0xef,0x7b,0x00,0x00,0x00,0x00,0xd7,0x82,0x17,0x8b,0x32,0x6b,0x16,0x83,0xf8,0x8a,0xea,0x38,0x00,0x00,0x1f,0x00,0x00,0x00,
    0x00,0x00,0xff,0x7b,0x00,0x00,0x54,0x6a,0xd7,0x82,0x3a,0x93,0xd8,0x82,0x55,0x72,0xb7,0x82,0x5a,0x93,0xf8,0x8a,0x75,0x72,0x00,0x00,0x1f,0x00,
    0xff,0x7b,0x00,0x00,0x54,0x6a,0xd8,0x82,0x5a,0x9b,0x18,0x8b,0x74,0x72,0x75,0x72,0x54,0x72,0xf7,0x82,0x7a,0x9b,0x19,0x8b,0x54,0x72,0xb5,0x52,
    0x00,0x00,0x75,0x72,0x96,0x7a,0x19,0x8b,0x5a,0x93,0xd7,0x82,0x75,0x72,0x75,0x72,0x75,0x72,0xd7,0x82,0x59,0x93,0x39,0x93,0xb7,0x7a,0x74,0x72,
    0x00,0x00,0x75,0x72,0xd7,0x82,0x39,0x93,0x59,0x93,0xf8,0x82,0x75,0x72,0x75,0x72,0x74,0x72,0xd7,0x82,0x5a,0x93,0x39,0x93,0xd7,0x82,0x54,0x72,
    0x00,0x00,0x75,0x72,0xb7,0x82,0x7b,0x9b,0x39,0x93,0xd7,0x82,0x75,0x72,0x76,0x72,0x75,0x72,0x96,0x7a,0x39,0x93,0x9b,0xa3,0xd7,0x82,0x75,0x72,
    0x00,0x00,0x75,0x72,0x96,0x7a,0x59,0x93,0x59,0x93,0x00,0x00,0xd4,0x6a,0x32,0x6b,0xd3,0x72,0x00,0x00,0x38,0x8b,0x7b,0x9b,0x39,0x8b,0x74,0x72,
    0x00,0x00,0x00,0x00,0x00,0x00,0x00,0x00,0x00,0x00,0x00,0x00,0x6b,0x5c,0xaf,0x63,0xee,0x5b,0x00,0x00,0x00,0x00,0x00,0x00,0x00,0x00,0x00,0x00,
    0x00,0x00,0xff,0x7b,0xef,0x7b,0x00,0x00,0x00,0x00,0x00,0x00,0xd1,0x63,0xb0,0x63,0x8f,0x63,0x00,0x00,0xef,0x7b,0xf7,0x7b,0xef,0x7b,0xb5,0x52,
    0x00,0x00,0xef,0x7b,0x00,0x00,0xaf,0x63,0xaf,0x63,0xb5,0x52,0x90,0x63,0xaf,0x63,0x8f,0x63,0x00,0x00,0xef,0x7b,0x00,0x00,0x00,0x00,0x00,0x00,
    0x00,0x00,0xef,0x7b,0x00,0x00,0xaf,0x63,0xb0,0x63,0x00,0x00,0x8f,0x5b,0xb0,0x63,0xaf,0x6b,0x00,0x00,0xef,0x7b,0x00,0x00,0x00,0x00,0x00,0x00,
    0x00,0x00,0xaa,0x52,0x00,0x00,0x8f,0x63,0xd0,0x6b,0xaf,0x63,0xd0,0x6b,0xaf,0x63,0x72,0x6b,0xff,0xff,0x00,0x00,0x00,0x00,0x00,0x00,0x00,0x00,
    0x00,0x00,0x00,0x00,0xff,0xff,0x00,0x00,0x8f,0x63,0xd0,0x6b,0xd0,0x6b,0xaf,0x63,0x00,0x00,0xef,0x7b,0x00,0x00,0x00,0x00,0x00,0x00,0x00,0x00,
    0x00,0x00,0x00,0x03,0x00,0x00,0x00,0x2d,0x00,0x00,0x00,0x04,0x00,0x00,0x00,0x00,0x02,0x00,0x02,0x35,0x6c,0xf4,0x83,0x3e,0x09,0x00,0x01,0x01,
    0x00,0x02,0x00,0x56,0xd1,0xff,0xff,0xff,0xff,0xff,0xdd,0x6d,0x00,0x01,0x02,0x00,0x80,0xff,0xff,0xfe,0xfc,0xfe,0xfc,0xfd,0xff,0xff,0x9f,0x03,
    0x00,0x46,0xff,0xfb,0xfb,0xfc,0xfe,0xff,0xff,0xfc,0xfc,0xfa,0xff,0x77,0x00,0xb0,0xff,0xf7,0xff,0xff,0xff,0xff,0xfe,0xff,0xff,0xfa,0xff,0xe8,
    0x00,0xd9,0xf0,0xff,0xfb,0xca,0xff,0xff,0xff,0xcc,0xee,0xff,0xec,0xff,0x00,0x41,0x22,0x5d,0x30,0x00,0x47,0xfb,0x62,0x00,0x20,0x5e,0x21,0x48,
    0x00,0x00,0x00,0x00,0x00,0x00,0x10,0xf8,0x28,0x00,0x00,0x00,0x00,0x00,0x00,0x02,0x02,0x00,0x00,0x01,0x1b,0xf8,0x34,0x00,0x04,0x04,0x02,0x03,
    0x00,0x02,0x00,0x3d,0x4e,0x03,0x1b,0xf6,0x33,0x00,0x02,0x00,0x00,0x00,0x00,0x04,0x00,0x99,0xdf,0x00,0x1b,0xff,0x2e,0x00,0x02,0x00,0x00,0x00,
    0x00,0x03,0x00,0x35,0xfa,0xb4,0xd7,0xd4,0x07,0x01,0x01,0x00,0x00,0x00,0x00,0x00,0x01,0x00,0x4b,0xb6,0x9f,0x20,0x00,0x02,0x00,0x00,0x00,0x00,

};

const lv_image_dsc_t emoji_umbrella_14 = {
  .header.magic = LV_IMAGE_HEADER_MAGIC,
  .header.cf = LV_COLOR_FORMAT_RGB565A8,
  .header.flags = 0,
  .header.w = 14,
  .header.h = 14,
  .header.stride = 28,
  .data_size = sizeof(emoji_umbrella_14_map),
  .data = emoji_umbrella_14_map,
};




#ifndef LV_ATTRIBUTE_MEM_ALIGN
#define LV_ATTRIBUTE_MEM_ALIGN
#endif

#ifndef LV_ATTRIBUTE_EMOJI_NAZAR_14
#define LV_ATTRIBUTE_EMOJI_NAZAR_14
#endif

static const
LV_ATTRIBUTE_MEM_ALIGN LV_ATTRIBUTE_LARGE_CONST LV_ATTRIBUTE_EMOJI_NAZAR_14
uint8_t emoji_nazar_14_map[] = {

    0x00,0x00,0x15,0x00,0x00,0x00,0xb4,0x00,0xb8,0x10,0xb8,0x10,0xb7,0x10,0xb7,0x10,0xb8,0x10,0xb8,0x10,0xb7,0x08,0x00,0x00,0x15,0x00,0x00,0x00,
    0x1f,0x00,0x00,0x00,0x96,0x10,0xb8,0x10,0x78,0x08,0x37,0x00,0x77,0x08,0x77,0x08,0x37,0x00,0x98,0x08,0xb8,0x10,0x97,0x10,0x00,0x00,0x15,0x00,
    0x00,0x00,0x97,0x10,0xb8,0x10,0x58,0x00,0x98,0x29,0xbc,0x94,0x7e,0xd6,0x7e,0xce,0x7b,0x8c,0x18,0x19,0x57,0x08,0xb9,0x10,0x97,0x10,0x00,0x00,
    0xf5,0x18,0xb7,0x10,0x58,0x08,0x99,0x52,0x9f,0xf7,0xff,0xff,0xff,0xff,0xff,0xff,0xff,0xff,0xfe,0xde,0x98,0x31,0x57,0x08,0xb7,0x10,0x97,0x10,
    0xb7,0x10,0x98,0x08,0x38,0x21,0x9f,0xf7,0xff,0xff,0xff,0xae,0x5f,0x8e,0x3e,0x8e,0xff,0xae,0xff,0xff,0xfe,0xde,0xd7,0x18,0x98,0x10,0xb7,0x10,
    0xb7,0x10,0x37,0x00,0x9a,0x6b,0xff,0xff,0xff,0xb6,0x19,0x65,0x29,0x32,0xe8,0x31,0x96,0x5c,0xff,0xae,0xff,0xff,0xdb,0x73,0x37,0x00,0xb7,0x10,
    0xb7,0x10,0x17,0x00,0xdc,0x9c,0xff,0xff,0x9f,0x96,0xac,0x3a,0x24,0x21,0x45,0x21,0xc8,0x31,0x1e,0x86,0xff,0xff,0x7d,0xb5,0x37,0x00,0xb7,0x10,
    0xb7,0x10,0x17,0x00,0xbc,0x94,0xff,0xff,0x9f,0x96,0xcd,0x42,0x04,0x21,0x24,0x21,0x09,0x32,0x3e,0x8e,0xff,0xff,0x9d,0xb5,0x37,0x00,0xb7,0x10,
    0xb7,0x10,0x37,0x00,0x1a,0x63,0xff,0xff,0xdf,0xae,0x7b,0x6d,0xac,0x42,0x6b,0x3a,0xf8,0x64,0xdf,0xae,0xff,0xff,0x5b,0x8c,0x17,0x00,0xb7,0x10,
    0xb7,0x10,0xb8,0x10,0x97,0x10,0x9e,0xd6,0xff,0xff,0xbf,0xa6,0x5f,0x86,0x5f,0x86,0xdf,0xa6,0xff,0xf7,0xdf,0xff,0x98,0x29,0x78,0x08,0xb7,0x10,
    0x97,0x10,0xb8,0x10,0x77,0x08,0x58,0x29,0x5e,0xce,0xff,0xff,0xff,0xff,0xff,0xff,0xff,0xff,0x9f,0xf7,0x1a,0x63,0x58,0x00,0xb7,0x10,0xb6,0x10,
    0x00,0x00,0x97,0x10,0xba,0x10,0x77,0x08,0x97,0x10,0xba,0x52,0x5b,0x8c,0x5b,0x8c,0x5a,0x6b,0x58,0x29,0x57,0x00,0xb8,0x10,0x97,0x10,0x00,0x00,
    0x1f,0x00,0xf8,0x18,0x97,0x10,0xb9,0x10,0xb8,0x10,0x37,0x00,0x17,0x00,0x17,0x00,0x37,0x00,0x78,0x08,0xb8,0x10,0x77,0x08,0x00,0x00,0x15,0x00,
    0x1f,0x00,0x00,0x00,0x00,0x00,0xb7,0x10,0xb8,0x10,0xb7,0x10,0xb7,0x10,0xb7,0x10,0xb8,0x10,0xb8,0x10,0x77,0x08,0x00,0x00,0x15,0x00,0x00,0x00,
    0x00,0x03,0x00,0x0b,0x7a,0xd6,0xfb,0xfe,0xe2,0x94,0x23,0x00,0x03,0x00,0x02,0x00,0x2d,0xcf,0xff,0xff,0xff,0xff,0xff,0xff,0xeb,0x5c,0x00,0x03,
    0x00,0x28,0xec,0xff,0xfb,0xfe,0xff,0xff,0xfe,0xfc,0xff,0xff,0x57,0x00,0x09,0xce,0xff,0xfa,0xff,0xff,0xff,0xff,0xff,0xff,0xfc,0xfe,0xef,0x1c,
    0x72,0xff,0xfc,0xff,0xff,0xff,0xff,0xff,0xff,0xff,0xff,0xfc,0xff,0x90,0xd6,0xfe,0xfd,0xff,0xff,0xff,0xff,0xff,0xff,0xff,0xff,0xfe,0xfe,0xe0,
    0xfc,0xff,0xff,0xff,0xff,0xff,0xff,0xff,0xff,0xff,0xff,0xff,0xff,0xfd,0xff,0xff,0xff,0xff,0xff,0xff,0xff,0xff,0xff,0xff,0xff,0xff,0xff,0xff,
    0xec,0xff,0xfe,0xff,0xff,0xff,0xff,0xff,0xff,0xff,0xff,0xfe,0xfe,0xe6,0xb1,0xfe,0xfc,0xff,0xff,0xff,0xff,0xff,0xff,0xff,0xff,0xfc,0xff,0x91,
    0x44,0xff,0xfb,0xff,0xff,0xff,0xff,0xff,0xff,0xff,0xfc,0xff,0xe8,0x19,0x00,0xa1,0xff,0xfb,0xfd,0xfe,0xff,0xff,0xfe,0xfc,0xff,0xff,0x48,0x00,
    0x02,0x09,0xad,0xff,0xff,0xff,0xff,0xff,0xff,0xff,0xe9,0x50,0x00,0x03,0x01,0x00,0x00,0x59,0xb7,0xe6,0xfc,0xfb,0xdd,0x93,0x21,0x00,0x03,0x00,

};

const lv_image_dsc_t emoji_nazar_14 = {
  .header.magic = LV_IMAGE_HEADER_MAGIC,
  .header.cf = LV_COLOR_FORMAT_RGB565A8,
  .header.flags = 0,
  .header.w = 14,
  .header.h = 14,
  .header.stride = 28,
  .data_size = sizeof(emoji_nazar_14_map),
  .data = emoji_nazar_14_map,
};




#ifndef LV_ATTRIBUTE_MEM_ALIGN
#define LV_ATTRIBUTE_MEM_ALIGN
#endif

#ifndef LV_ATTRIBUTE_EMOJI_GLOBE_14
#define LV_ATTRIBUTE_EMOJI_GLOBE_14
#endif

static const
LV_ATTRIBUTE_MEM_ALIGN LV_ATTRIBUTE_LARGE_CONST LV_ATTRIBUTE_EMOJI_GLOBE_14
uint8_t emoji_globe_14_map[] = {

    0x00,0x00,0x4a,0x55,0x00,0x00,0x89,0x64,0xf8,0x7d,0x7f,0x8e,0x5f,0x8e,0x7f,0x8e,0x9f,0x8e,0xbf,0x96,0x1f,0x97,0x00,0x00,0x5f,0x55,0x00,0x00,
    0x4a,0x55,0x00,0x00,0x67,0x5c,0xa7,0x5c,0xea,0x64,0x0d,0x6d,0xed,0x64,0x51,0x6d,0x2f,0x6d,0xb3,0x7d,0xd6,0x7d,0x1e,0x86,0x00,0x00,0x5f,0xad,
    0x00,0x00,0x67,0x5c,0xe8,0x64,0x87,0x5c,0x66,0x5c,0x66,0x5c,0x66,0x5c,0x65,0x5c,0x87,0x5c,0xed,0x64,0x51,0x6d,0xdf,0x96,0x3e,0x86,0x00,0x00,
    0x68,0x5c,0x87,0x5c,0xa7,0x5c,0x87,0x5c,0x87,0x5c,0x87,0x5c,0x87,0x5c,0x87,0x5c,0x87,0x5c,0xf9,0x7d,0x7f,0x8e,0x7f,0x8e,0x5f,0x8e,0x3f,0x8e,
    0x66,0x5c,0xc8,0x64,0x67,0x5c,0x86,0x5c,0x87,0x5c,0x87,0x5c,0x87,0x5c,0x87,0x5c,0x0d,0x6d,0xfa,0x85,0x5f,0x8e,0x3e,0x86,0xbf,0x8e,0x3f,0x86,
    0xcb,0x64,0x86,0x5c,0x88,0x5c,0xca,0x64,0x87,0x5c,0x66,0x5c,0x87,0x5c,0x65,0x5c,0x52,0x75,0x1c,0x86,0x5f,0x8e,0x5e,0x86,0x7f,0x8e,0x5f,0x8e,
    0x0d,0x6d,0x2f,0x6d,0xd8,0x7d,0x1b,0x86,0x86,0x5c,0x0d,0x6d,0x65,0x5c,0x0d,0x65,0x3d,0x86,0x5f,0x8e,0x5f,0x8e,0x5f,0x8e,0x5f,0x8e,0x5f,0x8e,
    0x87,0x5c,0xca,0x64,0x1c,0x86,0x5f,0x8e,0x52,0x75,0x1c,0x86,0x52,0x75,0x5e,0x86,0x7f,0x8e,0x5f,0x8e,0x5f,0x8e,0x5f,0x8e,0x5f,0x8e,0x5f,0x8e,
    0x66,0x5c,0x94,0x75,0x5f,0x8e,0x5f,0x8e,0x7f,0x8e,0x3e,0x86,0xd7,0x7d,0x95,0x75,0x1b,0x86,0x3e,0x86,0x5f,0x8e,0x5f,0x8e,0x7f,0x8e,0x5f,0x8e,
    0x88,0x5c,0x5c,0x8e,0x5f,0x8e,0x5e,0x8e,0x5e,0x8e,0x5f,0x8e,0xd8,0x7d,0x95,0x75,0x73,0x75,0x73,0x75,0xf9,0x7d,0x3e,0x86,0xbf,0x96,0x3f,0x86,
    0xab,0x64,0x3c,0x86,0x7f,0x8e,0x5e,0x86,0x5f,0x8e,0x5f,0x8e,0x51,0x6d,0x86,0x5c,0x88,0x5c,0x0f,0x6d,0x1c,0x86,0x7f,0x8e,0x5f,0x8e,0x3f,0x8e,
    0x00,0x00,0x5f,0x8e,0xdf,0x96,0x5f,0x8e,0x5f,0x8e,0x3d,0x86,0x87,0x5c,0xca,0x64,0x66,0x5c,0x44,0x54,0x1a,0x86,0xff,0x96,0x3e,0x86,0x00,0x00,
    0x55,0x55,0x00,0x00,0x5e,0x86,0x7f,0x8e,0xbf,0x96,0x3d,0x86,0xd8,0x7d,0x5e,0x8e,0x2f,0x6d,0x91,0x75,0x9f,0x8e,0x5e,0x86,0x00,0x00,0x5f,0xad,
    0x00,0x00,0x5f,0x55,0x00,0x00,0x1e,0x86,0x7f,0x8e,0x7f,0x8e,0x5f,0x8e,0x5f,0x8e,0x7f,0x8e,0x9f,0x8e,0x5f,0x86,0x00,0x00,0x5f,0x55,0x00,0x00,
    0x00,0x03,0x00,0x2a,0x9a,0xe2,0xfe,0xfe,0xe2,0x9a,0x2a,0x00,0x03,0x00,0x03,0x00,0x66,0xf0,0xff,0xff,0xff,0xff,0xff,0xff,0xf0,0x66,0x00,0x03,
    0x00,0x64,0xff,0xff,0xfc,0xfe,0xff,0xff,0xfe,0xfc,0xff,0xff,0x64,0x00,0x27,0xf5,0xfd,0xfd,0xff,0xff,0xff,0xff,0xff,0xff,0xfd,0xfd,0xf5,0x27,
    0x9d,0xff,0xfc,0xff,0xff,0xff,0xff,0xff,0xff,0xff,0xff,0xfc,0xff,0x9d,0xe6,0xfe,0xfe,0xff,0xff,0xff,0xff,0xff,0xff,0xff,0xff,0xfe,0xfe,0xe6,
    0xfe,0xff,0xff,0xff,0xff,0xff,0xff,0xff,0xff,0xff,0xff,0xff,0xff,0xfe,0xfe,0xff,0xff,0xff,0xff,0xff,0xff,0xff,0xff,0xff,0xff,0xff,0xff,0xfe,
    0xe6,0xfe,0xfe,0xff,0xff,0xff,0xff,0xff,0xff,0xff,0xff,0xfe,0xfe,0xe6,0x9d,0xff,0xfc,0xff,0xff,0xff,0xff,0xff,0xff,0xff,0xff,0xfc,0xff,0x9d,
    0x27,0xf5,0xfd,0xfd,0xff,0xff,0xff,0xff,0xff,0xff,0xfd,0xfd,0xf5,0x27,0x00,0x64,0xff,0xff,0xfc,0xfe,0xff,0xff,0xfe,0xfc,0xff,0xff,0x64,0x00,
    0x03,0x00,0x66,0xf0,0xff,0xff,0xff,0xff,0xff,0xff,0xf0,0x66,0x00,0x03,0x00,0x03,0x00,0x2a,0x9a,0xe2,0xfe,0xfe,0xe2,0x9a,0x2a,0x00,0x03,0x00,

};

const lv_image_dsc_t emoji_globe_14 = {
  .header.magic = LV_IMAGE_HEADER_MAGIC,
  .header.cf = LV_COLOR_FORMAT_RGB565A8,
  .header.flags = 0,
  .header.w = 14,
  .header.h = 14,
  .header.stride = 28,
  .data_size = sizeof(emoji_globe_14_map),
  .data = emoji_globe_14_map,
};




#ifndef LV_ATTRIBUTE_MEM_ALIGN
#define LV_ATTRIBUTE_MEM_ALIGN
#endif

#ifndef LV_ATTRIBUTE_EMOJI_RADIOACTIVE_14
#define LV_ATTRIBUTE_EMOJI_RADIOACTIVE_14
#endif

static const
LV_ATTRIBUTE_MEM_ALIGN LV_ATTRIBUTE_LARGE_CONST LV_ATTRIBUTE_EMOJI_RADIOACTIVE_14
uint8_t emoji_radioactive_14_map[] = {

    0x00,0x00,0xe0,0xff,0x00,0x00,0x00,0x00,0x81,0xfc,0x81,0xfc,0x81,0xf4,0x81,0xf4,0x81,0xfc,0x81,0xfc,0x00,0x00,0x00,0x00,0xe0,0xff,0x00,0x00,
    0xe0,0xff,0x00,0x00,0x40,0xec,0xa2,0xfc,0x81,0xfc,0xc1,0xfc,0xa1,0xfc,0xa1,0xfc,0xc1,0xfc,0x81,0xfc,0xa2,0xfc,0x40,0xec,0x00,0x00,0xe0,0xff,
    0xe0,0xfb,0x80,0xfc,0x81,0xf4,0xc0,0xfc,0x82,0xf4,0x61,0xf4,0x81,0xf4,0x81,0xf4,0x61,0xf4,0x82,0xf4,0xc0,0xfc,0x81,0xf4,0x80,0xfc,0xe0,0xfb,
    0x00,0x00,0x82,0xf4,0xc0,0xfc,0x27,0xf5,0x7a,0xff,0x27,0xf5,0x40,0xf4,0x40,0xf4,0x27,0xf5,0x7a,0xff,0x27,0xf5,0xc0,0xfc,0x82,0xf4,0x00,0x00,
    0x61,0xf4,0x61,0xf4,0xa3,0xf4,0x9c,0xff,0xff,0xff,0x38,0xff,0x81,0xf4,0x81,0xf4,0x38,0xff,0xff,0xff,0x9c,0xff,0xa3,0xf4,0x61,0xf4,0x61,0xf4,
    0xa2,0xf4,0x80,0xfc,0x0f,0xfe,0xff,0xff,0xff,0xff,0xbd,0xff,0xa2,0xf4,0xa2,0xf4,0xbd,0xff,0xff,0xff,0xff,0xff,0x0f,0xfe,0x80,0xfc,0xa2,0xf4,
    0x82,0xf4,0x80,0xfc,0xf6,0xfe,0xff,0xff,0xff,0xff,0xab,0xfd,0x72,0xfe,0x72,0xfe,0xab,0xfd,0xff,0xff,0xff,0xff,0xf6,0xfe,0x80,0xfc,0x82,0xf4,
    0x81,0xf4,0xa1,0xfc,0xe5,0xf4,0x27,0xf5,0x48,0xf5,0x60,0xf4,0x51,0xfe,0x51,0xfe,0x60,0xf4,0x48,0xf5,0x27,0xf5,0xe5,0xf4,0xa1,0xfc,0x81,0xf4,
    0x81,0xf4,0xc1,0xfc,0x40,0xf4,0x60,0xf4,0x20,0xf4,0x06,0xf5,0xab,0xfd,0xab,0xfd,0x06,0xf5,0x20,0xf4,0x60,0xf4,0x40,0xf4,0xc1,0xfc,0x81,0xf4,
    0x61,0xf4,0x81,0xf4,0x81,0xf4,0x81,0xf4,0x60,0xf4,0x18,0xff,0xff,0xff,0xff,0xff,0x38,0xff,0x61,0xf4,0x81,0xf4,0x81,0xf4,0x81,0xf4,0x61,0xf4,
    0x00,0x00,0x61,0xf4,0xe2,0xfc,0x40,0xf4,0xac,0xfd,0xff,0xff,0xff,0xff,0xff,0xff,0xff,0xff,0xcc,0xfd,0x40,0xf4,0xe2,0xfc,0x61,0xf4,0x00,0x00,
    0xe0,0xfb,0x02,0xfd,0x81,0xf4,0xe1,0xfc,0xc4,0xf4,0x0e,0xfe,0xd5,0xfe,0xd5,0xfe,0x0e,0xfe,0xc4,0xf4,0xe1,0xfc,0x81,0xf4,0x02,0xfd,0xe0,0xfb,
    0xe0,0xff,0x00,0x00,0x40,0xec,0x81,0xfc,0x80,0xfc,0x80,0xfc,0x80,0xfc,0x80,0xfc,0x80,0xfc,0x80,0xfc,0x81,0xfc,0x40,0xec,0x00,0x00,0xe0,0xff,
    0x00,0x00,0xe0,0xff,0x00,0x00,0x00,0x00,0x82,0xfc,0xa2,0xfc,0x82,0xf4,0x82,0xf4,0xa2,0xfc,0x82,0xfc,0x00,0x00,0x00,0x00,0xe0,0xff,0x00,0x00,
    0x00,0x01,0x00,0x00,0x32,0x7e,0xa6,0xa6,0x7e,0x32,0x00,0x00,0x01,0x00,0x01,0x00,0x0f,0x9d,0xf8,0xff,0xff,0xff,0xff,0xf8,0x9d,0x0f,0x00,0x01,
    0x02,0x0e,0xcd,0xff,0xff,0xfc,0xfc,0xfc,0xfc,0xff,0xff,0xcd,0x0e,0x02,0x00,0x9f,0xff,0xf9,0xff,0xff,0xff,0xff,0xff,0xff,0xf9,0xff,0x9f,0x00,
    0x30,0xfc,0xfc,0xfe,0xff,0xff,0xff,0xff,0xff,0xff,0xfe,0xfc,0xfc,0x30,0x81,0xff,0xfc,0xff,0xff,0xff,0xff,0xff,0xff,0xff,0xff,0xfc,0xff,0x81,
    0xa7,0xff,0xfc,0xff,0xff,0xff,0xff,0xff,0xff,0xff,0xff,0xfc,0xff,0xa6,0xa7,0xff,0xfc,0xff,0xff,0xff,0xff,0xff,0xff,0xff,0xff,0xfc,0xff,0xa6,
    0x81,0xff,0xfc,0xff,0xff,0xff,0xff,0xff,0xff,0xff,0xff,0xfc,0xff,0x81,0x30,0xfc,0xfc,0xfe,0xff,0xff,0xff,0xff,0xff,0xff,0xfe,0xfc,0xfc,0x30,
    0x00,0x9f,0xff,0xf9,0xff,0xff,0xff,0xff,0xff,0xff,0xf9,0xff,0x9f,0x00,0x02,0x0e,0xcd,0xff,0xff,0xfc,0xfc,0xfc,0xfc,0xff,0xff,0xcd,0x0e,0x02,
    0x01,0x00,0x0f,0x9d,0xf8,0xff,0xff,0xff,0xff,0xf8,0x9d,0x0f,0x00,0x01,0x00,0x01,0x00,0x00,0x32,0x7e,0xa6,0xa6,0x7e,0x32,0x00,0x00,0x01,0x00,

};

const lv_image_dsc_t emoji_radioactive_14 = {
  .header.magic = LV_IMAGE_HEADER_MAGIC,
  .header.cf = LV_COLOR_FORMAT_RGB565A8,
  .header.flags = 0,
  .header.w = 14,
  .header.h = 14,
  .header.stride = 28,
  .data_size = sizeof(emoji_radioactive_14_map),
  .data = emoji_radioactive_14_map,
};




#ifndef LV_ATTRIBUTE_MEM_ALIGN
#define LV_ATTRIBUTE_MEM_ALIGN
#endif

#ifndef LV_ATTRIBUTE_EMOJI_COW_14
#define LV_ATTRIBUTE_EMOJI_COW_14
#endif

static const
LV_ATTRIBUTE_MEM_ALIGN LV_ATTRIBUTE_LARGE_CONST LV_ATTRIBUTE_EMOJI_COW_14
uint8_t emoji_cow_14_map[] = {

    0x00,0x00,0x00,0x00,0xf7,0xbd,0xff,0xff,0x00,0x00,0x00,0x00,0x00,0x00,0x00,0x00,0x00,0x00,0x00,0x00,0x00,0x00,0x00,0x00,0x00,0x00,0x00,0x00,
    0x00,0x00,0x00,0x00,0x00,0x00,0x00,0x00,0xaa,0x52,0xef,0x7b,0x00,0x00,0x00,0x00,0x00,0x00,0x00,0x00,0x00,0x00,0x00,0x00,0x00,0x00,0x00,0x00,
    0x00,0x00,0xbf,0xd6,0xbf,0xef,0xff,0xff,0x00,0x00,0x00,0x00,0xef,0x7b,0xf7,0xbd,0xef,0x39,0xe7,0x39,0xe7,0x39,0xaa,0x52,0xaa,0x52,0x00,0x00,
    0xef,0x7b,0xeb,0x5a,0xd0,0x73,0xb7,0xad,0x31,0x7c,0x3d,0xd7,0x00,0x00,0x00,0x00,0x00,0x00,0x00,0x00,0x00,0x00,0x00,0x00,0x00,0x00,0x00,0x00,
    0xaa,0x52,0xe3,0x08,0x08,0x3a,0xab,0x4a,0xa7,0x29,0x14,0x95,0x1c,0xd7,0xdc,0xce,0x4e,0x63,0x46,0x21,0xc7,0x31,0xc7,0x31,0xa7,0x31,0x00,0x00,
    0x00,0x00,0x66,0x21,0x8b,0x4a,0x0d,0x5b,0x05,0x19,0x6e,0x63,0x7e,0xe7,0x9b,0xce,0x29,0x42,0xc7,0x31,0xc8,0x31,0xc8,0x31,0xc8,0x31,0xa7,0x31,
    0xa7,0x31,0xc7,0x31,0x87,0x29,0x86,0x29,0x66,0x29,0xb3,0x8c,0x3d,0xdf,0x56,0xa5,0x66,0x29,0xc7,0x31,0xa7,0x31,0xa7,0x31,0xc7,0x31,0xa7,0x31,
    0xa7,0x31,0xe8,0x31,0xa7,0x31,0x29,0x3a,0x56,0xa5,0xfc,0xd6,0x1c,0xd7,0x39,0xbe,0xa7,0x31,0xc7,0x31,0xc7,0x31,0xc8,0x31,0xa7,0x29,0xa7,0x29,
    0xa7,0x31,0xc7,0x31,0xe8,0x31,0x6e,0x63,0xfc,0xd6,0xd8,0xb5,0x8b,0x4a,0xf0,0x73,0x8f,0x6b,0x25,0x21,0x66,0x29,0x45,0x21,0x09,0x3a,0x29,0x3a,
    0x00,0x00,0x00,0x00,0x00,0x00,0xff,0xff,0x5d,0xdf,0x10,0x7c,0xc3,0x10,0x46,0x21,0xb7,0xad,0x93,0x8c,0x0c,0x5b,0xf0,0x73,0x19,0xbe,0x6e,0x6b,
    0xaa,0x52,0xe7,0x39,0x72,0x6b,0x00,0x00,0x3d,0xdf,0x18,0xb6,0x4a,0x42,0x8e,0x6b,0xbb,0xce,0x3d,0xdf,0x9b,0xce,0xcc,0x52,0xb3,0x8c,0x00,0x00,
    0x00,0x00,0x00,0x00,0xff,0xff,0xff,0xff,0x38,0xc6,0xdc,0xd6,0xfc,0xd6,0xdc,0xd6,0xbb,0xce,0xbb,0xce,0x7a,0xc6,0xd0,0x73,0x52,0x84,0xaa,0x52,
    0x00,0x00,0x00,0x00,0x00,0x00,0xff,0xff,0x00,0x00,0xbb,0xce,0xbb,0xce,0x7a,0xc6,0x7a,0xc6,0x7a,0xc6,0xbb,0xce,0xbf,0xef,0x9e,0xe7,0x00,0x00,
    0x00,0x00,0x00,0x00,0x00,0x00,0xef,0x7b,0x00,0x00,0xbb,0xce,0xbb,0xce,0x00,0x00,0x00,0x00,0x00,0x00,0x9b,0xce,0x9b,0xc6,0x00,0x00,0xff,0xff,
    0x00,0x00,0x04,0x02,0x00,0x00,0x00,0x00,0x00,0x00,0x00,0x00,0x00,0x00,0x00,0x00,0x00,0x00,0x03,0x02,0x00,0x00,0x00,0x00,0x00,0x00,0x00,0x00,
    0x00,0x06,0x5b,0x30,0x00,0x00,0x02,0x04,0x04,0x04,0x04,0x03,0x03,0x00,0x02,0x0b,0xce,0xfd,0x7e,0x20,0x00,0x00,0x00,0x00,0x00,0x00,0x00,0x01,
    0x03,0x12,0xf5,0xff,0xff,0xf5,0xc4,0x91,0x6d,0x60,0x74,0xb1,0x82,0x00,0x00,0x4f,0xfc,0xfc,0xfc,0xff,0xff,0xff,0xff,0xff,0xff,0xff,0xff,0x5a,
    0x7e,0xf4,0xfb,0xfd,0xff,0xfe,0xfc,0xfb,0xfb,0xfb,0xfb,0xfb,0xfd,0xfa,0xfd,0xff,0xff,0xff,0xfd,0xff,0xff,0xff,0xff,0xff,0xff,0xff,0xfd,0xfa,
    0x4a,0x98,0xa0,0xe7,0xff,0xfe,0xff,0xff,0xff,0xff,0xff,0xff,0xf4,0xf3,0x00,0x00,0x00,0x19,0xd2,0xfe,0xfc,0xfe,0xfe,0xfe,0xfd,0xff,0xe6,0x49,
    0x03,0x04,0x07,0x00,0x48,0xff,0xfc,0xff,0xff,0xff,0xfd,0xff,0xc0,0x00,0x00,0x00,0x01,0x01,0x0d,0xea,0xff,0xf6,0xf7,0xf7,0xf8,0xfe,0x86,0x03,
    0x00,0x00,0x00,0x01,0x00,0xdd,0xb4,0x19,0x20,0x1a,0x6f,0xff,0x34,0x00,0x00,0x00,0x00,0x02,0x00,0xb2,0x3c,0x00,0x00,0x00,0x34,0xc0,0x01,0x01,

};

const lv_image_dsc_t emoji_cow_14 = {
  .header.magic = LV_IMAGE_HEADER_MAGIC,
  .header.cf = LV_COLOR_FORMAT_RGB565A8,
  .header.flags = 0,
  .header.w = 14,
  .header.h = 14,
  .header.stride = 28,
  .data_size = sizeof(emoji_cow_14_map),
  .data = emoji_cow_14_map,
};




#ifndef LV_ATTRIBUTE_MEM_ALIGN
#define LV_ATTRIBUTE_MEM_ALIGN
#endif

#ifndef LV_ATTRIBUTE_EMOJI_ALIEN_14
#define LV_ATTRIBUTE_EMOJI_ALIEN_14
#endif

static const
LV_ATTRIBUTE_MEM_ALIGN LV_ATTRIBUTE_LARGE_CONST LV_ATTRIBUTE_EMOJI_ALIEN_14
uint8_t emoji_alien_14_map[] = {

    0x00,0x00,0x5f,0xad,0x00,0x00,0x7a,0xc6,0xfc,0xd6,0xdc,0xce,0xbb,0xce,0xbb,0xce,0xdc,0xce,0xfc,0xd6,0x7a,0xc6,0x00,0x00,0x5f,0xad,0x00,0x00,
    0x55,0xad,0x00,0x00,0x9a,0xc6,0xfc,0xd6,0x1d,0xdf,0xdc,0xd6,0xbb,0xce,0xbb,0xce,0xdc,0xd6,0x1d,0xdf,0xfc,0xd6,0x9a,0xc6,0x00,0x00,0x55,0xad,
    0x00,0x00,0x9b,0xce,0xdc,0xd6,0xdc,0xd6,0xbb,0xce,0xbb,0xce,0xbb,0xce,0xbb,0xce,0xbb,0xce,0xbb,0xce,0xdc,0xd6,0xdc,0xd6,0x9b,0xce,0x00,0x00,
    0xf7,0xbd,0xdb,0xce,0x7e,0xe7,0x1d,0xd7,0xdb,0xce,0xbb,0xce,0xbb,0xce,0xbb,0xce,0xbb,0xce,0xdb,0xce,0x1d,0xd7,0x7e,0xe7,0xdb,0xce,0xf7,0xbd,
    0xfc,0xd6,0x9b,0xc6,0x8e,0x6b,0x52,0x84,0x9b,0xce,0xfc,0xd6,0xbb,0xce,0xbb,0xce,0xfc,0xd6,0x9b,0xce,0x52,0x84,0x8e,0x6b,0x9b,0xc6,0xfc,0xd6,
    0x5e,0xdf,0x56,0xa5,0xa3,0x10,0x24,0x19,0x49,0x42,0x19,0xbe,0xdc,0xd6,0xdc,0xd6,0x19,0xbe,0x49,0x42,0x24,0x19,0xa3,0x10,0x56,0xa5,0x5e,0xdf,
    0xfc,0xd6,0x7a,0xc6,0xa7,0x29,0x86,0x29,0x25,0x21,0x29,0x42,0x9b,0xce,0x9b,0xce,0x29,0x42,0x25,0x21,0x86,0x29,0xa7,0x29,0x7a,0xc6,0xfc,0xd6,
    0x9a,0xce,0x7e,0xe7,0x92,0x8c,0x04,0x19,0x86,0x29,0x04,0x19,0xb3,0x8c,0xb3,0x8c,0x04,0x19,0x86,0x29,0x04,0x19,0x92,0x8c,0x7e,0xe7,0x9a,0xce,
    0xbb,0xce,0xdc,0xd6,0xfc,0xd6,0x92,0x8c,0xa7,0x31,0xa3,0x10,0xf0,0x73,0xf0,0x73,0xa3,0x10,0xa7,0x31,0x93,0x8c,0xfc,0xd6,0xdc,0xd6,0xbb,0xce,
    0x00,0x00,0xbb,0xce,0x3d,0xdf,0xfc,0xd6,0x39,0xbe,0xf4,0x94,0x5a,0xc6,0x5a,0xc6,0xf4,0x94,0x39,0xbe,0xfc,0xd6,0x3d,0xdf,0xbb,0xce,0x00,0x00,
    0xff,0xff,0xba,0xce,0xdc,0xd6,0xfc,0xd6,0xdc,0xd6,0x9a,0xc6,0xbb,0xce,0xbb,0xce,0x9a,0xc6,0xdc,0xd6,0xfc,0xd6,0xdc,0xd6,0xba,0xce,0xff,0xff,
    0xff,0xff,0x00,0x00,0x7b,0xc6,0xdc,0xce,0x5e,0xe7,0x92,0x8c,0x6a,0x4a,0x6a,0x4a,0x92,0x8c,0x5e,0xe7,0xdc,0xce,0x7b,0xc6,0x00,0x00,0xff,0xff,
    0x00,0x00,0x55,0xad,0x00,0x00,0x7a,0xc6,0xdc,0xce,0x3d,0xdf,0x39,0xbe,0x39,0xbe,0x3d,0xdf,0xdc,0xce,0x7a,0xc6,0x00,0x00,0x55,0xad,0x00,0x00,
    0x00,0x00,0x00,0x00,0x5f,0xad,0x00,0x00,0xb6,0x95,0xdb,0xce,0x1c,0xd7,0x1c,0xd7,0xdb,0xce,0xb6,0x95,0x00,0x00,0x5f,0xad,0x00,0x00,0x00,0x00,
    0x00,0x03,0x00,0x1f,0x93,0xe0,0xfe,0xfe,0xe0,0x93,0x1f,0x00,0x03,0x00,0x03,0x00,0x4d,0xe6,0xff,0xff,0xff,0xff,0xff,0xff,0xe6,0x4d,0x00,0x03,
    0x00,0x3b,0xfe,0xff,0xfc,0xfe,0xff,0xff,0xfe,0xfc,0xff,0xfe,0x3b,0x00,0x08,0xd4,0xff,0xfb,0xff,0xff,0xff,0xff,0xff,0xff,0xfb,0xff,0xd4,0x08,
    0x52,0xff,0xfd,0xff,0xff,0xff,0xff,0xff,0xff,0xff,0xff,0xfd,0xff,0x52,0x96,0xfe,0xfc,0xff,0xff,0xff,0xff,0xff,0xff,0xff,0xff,0xfc,0xfe,0x96,
    0xaa,0xff,0xfc,0xff,0xff,0xff,0xff,0xff,0xff,0xff,0xff,0xfc,0xff,0xaa,0x95,0xfe,0xfc,0xff,0xff,0xff,0xff,0xff,0xff,0xff,0xff,0xfc,0xfe,0x95,
    0x40,0xff,0xfc,0xff,0xff,0xff,0xff,0xff,0xff,0xff,0xff,0xfc,0xff,0x40,0x00,0xad,0xff,0xfb,0xff,0xff,0xff,0xff,0xff,0xff,0xfb,0xff,0xad,0x00,
    0x01,0x19,0xe4,0xff,0xfb,0xff,0xff,0xff,0xff,0xfb,0xff,0xe4,0x19,0x01,0x02,0x00,0x2e,0xe7,0xff,0xfb,0xff,0xff,0xfb,0xff,0xe7,0x2e,0x00,0x02,
    0x00,0x03,0x00,0x24,0xc6,0xff,0xff,0xff,0xff,0xc6,0x24,0x00,0x03,0x00,0x00,0x00,0x03,0x00,0x07,0x83,0xef,0xef,0x83,0x07,0x00,0x03,0x00,0x00,

};

const lv_image_dsc_t emoji_alien_14 = {
  .header.magic = LV_IMAGE_HEADER_MAGIC,
  .header.cf = LV_COLOR_FORMAT_RGB565A8,
  .header.flags = 0,
  .header.w = 14,
  .header.h = 14,
  .header.stride = 28,
  .data_size = sizeof(emoji_alien_14_map),
  .data = emoji_alien_14_map,
};




#ifndef LV_ATTRIBUTE_MEM_ALIGN
#define LV_ATTRIBUTE_MEM_ALIGN
#endif

#ifndef LV_ATTRIBUTE_EMOJI_INVADER_14
#define LV_ATTRIBUTE_EMOJI_INVADER_14
#endif

static const
LV_ATTRIBUTE_MEM_ALIGN LV_ATTRIBUTE_LARGE_CONST LV_ATTRIBUTE_EMOJI_INVADER_14
uint8_t emoji_invader_14_map[] = {

    0xaa,0x52,0x00,0x00,0x00,0x00,0x00,0x00,0xef,0x59,0xb0,0x59,0xef,0x39,0xef,0x39,0xb0,0x59,0xef,0x59,0x00,0x00,0x00,0x00,0x00,0x00,0xaa,0x52,
    0x00,0x00,0x00,0x00,0x0f,0x00,0x00,0x00,0x93,0x31,0xd0,0x51,0x00,0x00,0x00,0x00,0xd0,0x51,0x93,0x31,0x00,0x00,0x0f,0x00,0x00,0x00,0x00,0x00,
    0xd0,0x51,0x00,0x00,0x00,0x00,0xaf,0x51,0xd0,0x51,0xd0,0x51,0xd0,0x51,0xd0,0x51,0xd0,0x51,0xd0,0x51,0xaf,0x51,0x00,0x00,0x00,0x00,0xd0,0x51,
    0xd0,0x51,0x00,0x00,0xd1,0x59,0xd0,0x51,0xf2,0x59,0xd1,0x51,0xf1,0x59,0xf1,0x59,0xd1,0x51,0xf2,0x59,0xd0,0x51,0xd1,0x59,0x00,0x00,0xd0,0x51,
    0xd0,0x51,0xef,0x39,0xd0,0x51,0xf2,0x59,0xd0,0x51,0xd0,0x51,0xd0,0x51,0xd0,0x51,0xd0,0x51,0xd0,0x51,0xf2,0x59,0xd0,0x51,0xef,0x39,0xd0,0x51,
    0xd0,0x51,0x00,0x00,0xd0,0x51,0x12,0x62,0xd0,0x51,0xd1,0x59,0xd0,0x51,0xd0,0x51,0xd1,0x59,0xd0,0x51,0x12,0x62,0xd0,0x51,0x00,0x00,0xd0,0x51,
    0xd0,0x51,0xd0,0x51,0xd0,0x51,0xf2,0x59,0xd0,0x51,0x00,0x00,0xd0,0x51,0xd0,0x51,0x00,0x00,0xd0,0x51,0xf2,0x59,0xd0,0x51,0xd0,0x51,0xd0,0x51,
    0xcf,0x51,0xd0,0x51,0xd0,0x51,0xf2,0x59,0xd0,0x51,0x00,0x00,0xd0,0x51,0xd0,0x51,0x00,0x00,0xd0,0x51,0xf2,0x59,0xd0,0x51,0xd0,0x51,0xcf,0x51,
    0xef,0x03,0x00,0x00,0xd0,0x51,0xf2,0x59,0xd0,0x51,0xd0,0x51,0xd0,0x51,0xd0,0x51,0xd0,0x51,0xd0,0x51,0xf2,0x59,0xd0,0x51,0x00,0x00,0xef,0x03,
    0x8c,0x31,0xef,0x39,0xd0,0x51,0xf1,0x59,0xd0,0x51,0xd1,0x59,0xd0,0x51,0xd0,0x51,0xd1,0x59,0xd0,0x51,0xf1,0x59,0xd0,0x51,0xef,0x39,0x8c,0x31,
    0x00,0x00,0x0f,0x78,0xd1,0x51,0xf1,0x59,0xd1,0x59,0xd0,0x51,0xd0,0x51,0xd0,0x51,0xd0,0x51,0xd1,0x59,0xf1,0x59,0xd1,0x51,0x0f,0x78,0x00,0x00,
    0x00,0x00,0x0f,0x78,0x00,0x00,0xd1,0x49,0xd1,0x51,0xd0,0x51,0x00,0x00,0x00,0x00,0xd0,0x51,0xd1,0x51,0xd1,0x49,0x00,0x00,0x0f,0x78,0x00,0x00,
    0xef,0x39,0x00,0x00,0xd0,0x51,0xd0,0x51,0xd1,0x59,0xf0,0x51,0x0a,0x50,0x0a,0x50,0xf0,0x51,0xd1,0x59,0xd0,0x51,0xd0,0x51,0x00,0x00,0xef,0x39,
    0xaa,0x52,0x00,0x00,0xd0,0x51,0xd0,0x51,0x00,0x00,0x00,0x00,0x00,0x00,0x00,0x00,0x00,0x00,0x00,0x00,0xd0,0x51,0xd0,0x51,0x00,0x00,0xaa,0x52,
    0x03,0x00,0x00,0x01,0x08,0x2e,0x04,0x04,0x2e,0x08,0x01,0x00,0x00,0x03,0x00,0x00,0x02,0x00,0x05,0xb5,0x00,0x00,0xb5,0x05,0x00,0x02,0x00,0x00,
    0x80,0x00,0x00,0x18,0xaf,0xe5,0xaa,0xaa,0xe5,0xaf,0x18,0x00,0x00,0x80,0xcd,0x00,0x1a,0xc8,0xff,0xff,0xff,0xff,0xff,0xff,0xc8,0x1a,0x00,0xcd,
    0xbe,0x04,0xab,0xff,0xf5,0xf5,0xfa,0xfa,0xf5,0xf5,0xff,0xab,0x04,0xbe,0xcb,0x00,0xa1,0xfe,0xb0,0x1a,0xd8,0xd8,0x1a,0xb0,0xfe,0xa1,0x00,0xcb,
    0x94,0x75,0xcd,0xff,0xa7,0x00,0xd3,0xd3,0x00,0xa7,0xff,0xcd,0x75,0x94,0x12,0x75,0xcd,0xff,0xa8,0x00,0xd3,0xd3,0x00,0xa8,0xff,0xcd,0x75,0x12,
    0x02,0x00,0xa3,0xff,0xeb,0xd0,0xf8,0xf8,0xd0,0xeb,0xff,0xa3,0x00,0x02,0x05,0x04,0xab,0xfe,0xfe,0xff,0xff,0xff,0xff,0xfe,0xfe,0xab,0x04,0x05,
    0x01,0x02,0x16,0x3f,0xff,0xd7,0x24,0x24,0xd7,0xff,0x3f,0x16,0x02,0x01,0x00,0x02,0x00,0x1e,0xf7,0xc9,0x00,0x00,0xc9,0xf7,0x1e,0x00,0x02,0x00,
    0x04,0x00,0xab,0xe5,0x1a,0x15,0x03,0x03,0x15,0x1a,0xe5,0xab,0x00,0x04,0x03,0x00,0x7a,0x9f,0x00,0x00,0x01,0x01,0x00,0x00,0x9f,0x7a,0x00,0x03,

};

const lv_image_dsc_t emoji_invader_14 = {
  .header.magic = LV_IMAGE_HEADER_MAGIC,
  .header.cf = LV_COLOR_FORMAT_RGB565A8,
  .header.flags = 0,
  .header.w = 14,
  .header.h = 14,
  .header.stride = 28,
  .data_size = sizeof(emoji_invader_14_map),
  .data = emoji_invader_14_map,
};




#ifndef LV_ATTRIBUTE_MEM_ALIGN
#define LV_ATTRIBUTE_MEM_ALIGN
#endif

#ifndef LV_ATTRIBUTE_EMOJI_DAGGER_14
#define LV_ATTRIBUTE_EMOJI_DAGGER_14
#endif

static const
LV_ATTRIBUTE_MEM_ALIGN LV_ATTRIBUTE_LARGE_CONST LV_ATTRIBUTE_EMOJI_DAGGER_14
uint8_t emoji_dagger_14_map[] = {

    0x00,0x00,0x00,0x00,0x00,0x00,0x00,0x00,0x00,0x00,0x00,0xf8,0xe0,0xfb,0x00,0x00,0x00,0x00,0xaa,0xaa,0x00,0x00,0xe6,0x79,0x66,0x92,0x26,0x8a,
    0x00,0x00,0x00,0x00,0x00,0x00,0x00,0x00,0x00,0x00,0x00,0x00,0x00,0x00,0x00,0x00,0x4a,0xad,0x00,0x00,0x65,0xfd,0xc6,0xa2,0x06,0x8a,0x26,0x8a,
    0x00,0x00,0x00,0x00,0x00,0x00,0x00,0x00,0x00,0x00,0x45,0xfd,0xa5,0xfc,0xff,0xff,0x00,0x00,0x08,0xa2,0xeb,0xec,0x26,0xfd,0xa6,0x9a,0x06,0x82,
    0x00,0x00,0x00,0x00,0x00,0x00,0xe7,0xfd,0x00,0x00,0xa7,0xfd,0xc9,0xfe,0x46,0xfd,0xdc,0xb4,0x6d,0xd4,0xcd,0xcb,0x6a,0xe4,0x06,0xf5,0x27,0x8a,
    0x00,0x00,0x00,0x00,0x00,0x00,0xef,0xff,0xff,0xff,0xa7,0xfd,0x26,0xfe,0x65,0xfd,0xab,0xc3,0x2d,0xd4,0x6e,0xdc,0x4e,0xcc,0xa7,0xfd,0x00,0x00,
    0x00,0x00,0x00,0x00,0x00,0x00,0xff,0xff,0x00,0x00,0x00,0x00,0x79,0xd6,0x2b,0xfe,0x26,0xfd,0x6e,0xd4,0xac,0xc3,0x00,0x00,0x00,0x00,0x00,0x78,
    0x00,0x00,0x00,0x00,0x55,0xad,0x00,0x00,0x7a,0xc6,0xdb,0xd6,0x5e,0xdf,0x39,0xbe,0x89,0xed,0x46,0xfd,0xa5,0xfc,0x00,0x00,0xef,0xfb,0x00,0x00,
    0x00,0x00,0xff,0xff,0x00,0x00,0x9b,0xce,0xdc,0xd6,0x3d,0xdf,0x5a,0xc6,0x97,0x9d,0x55,0x9d,0x66,0xfd,0x48,0xfe,0x87,0xfd,0x00,0x00,0x4a,0xfd,
    0xef,0x7b,0xff,0xff,0xdb,0xce,0xdb,0xce,0x3d,0xdf,0x5a,0xbe,0x76,0x9d,0xb7,0xa5,0x7a,0x85,0x42,0xfd,0xa9,0xfe,0xa7,0xfd,0x00,0x00,0xe7,0xfd,
    0x55,0xad,0x00,0x00,0x9b,0xce,0x5e,0xdf,0x5a,0xbe,0x56,0x9d,0xb8,0xa5,0x56,0x9d,0x00,0x00,0x1f,0x00,0xe2,0xf3,0x00,0x00,0x00,0x00,0x00,0x00,
    0x00,0x00,0x9b,0xc6,0x3d,0xdf,0x5a,0xc6,0x56,0x9d,0xb8,0xa5,0x76,0x9d,0x00,0x00,0x55,0xad,0xe0,0xff,0x00,0x00,0x00,0x00,0x00,0x00,0x00,0x00,
    0x1f,0x00,0xdc,0xce,0xbb,0xce,0x97,0xa5,0x77,0x9d,0x56,0x9d,0x00,0x00,0x55,0x55,0x00,0x00,0x00,0x00,0xe0,0xff,0x00,0x00,0x00,0x00,0x00,0x00,
    0xfc,0xd6,0xdc,0xce,0x76,0x9d,0x76,0x9d,0x56,0x9d,0x00,0x00,0x55,0xad,0x00,0x00,0x00,0x00,0x00,0x00,0x00,0x00,0x00,0x00,0x00,0x00,0x00,0x00,
    0x5a,0xbe,0xd8,0xad,0x36,0x95,0x00,0x00,0x00,0x00,0x5f,0xad,0x00,0x00,0x00,0x00,0x00,0x00,0x00,0x00,0x00,0x00,0x00,0x00,0x00,0x00,0x00,0x00,
    0x00,0x00,0x00,0x00,0x00,0x01,0x02,0x00,0x00,0x03,0x00,0x64,0xaf,0x44,0x00,0x00,0x00,0x00,0x00,0x00,0x00,0x00,0x03,0x00,0x78,0xff,0xff,0xef,
    0x00,0x00,0x00,0x00,0x00,0x06,0x25,0x01,0x00,0x13,0xe3,0xfc,0xff,0xde,0x00,0x00,0x00,0x04,0x00,0x93,0xff,0x32,0x0a,0xcd,0xff,0xff,0xdd,0x27,
    0x00,0x00,0x00,0x02,0x02,0x5a,0xd4,0xc4,0xc4,0xff,0xff,0x7a,0x11,0x00,0x00,0x00,0x00,0x02,0x00,0x00,0x9b,0xff,0xff,0xf3,0x73,0x00,0x00,0x02,
    0x00,0x00,0x03,0x00,0x1e,0xca,0xff,0xf9,0xff,0xe9,0x11,0x00,0x02,0x00,0x00,0x02,0x00,0x21,0xdd,0xff,0xfa,0xfe,0xe8,0xd1,0xef,0x60,0x00,0x03,
    0x02,0x02,0x0e,0xd4,0xff,0xfa,0xfa,0xff,0x4d,0x2d,0xf7,0x79,0x00,0x04,0x03,0x00,0xa8,0xff,0xf9,0xfb,0xff,0x87,0x00,0x01,0x18,0x00,0x00,0x00,
    0x00,0x49,0xff,0xf8,0xfe,0xff,0x8e,0x00,0x03,0x01,0x00,0x00,0x00,0x00,0x01,0xc7,0xfe,0xff,0xf9,0x6e,0x00,0x03,0x00,0x00,0x01,0x00,0x00,0x00,
    0x48,0xff,0xff,0xb6,0x31,0x00,0x03,0x00,0x00,0x00,0x00,0x00,0x00,0x00,0x98,0xb5,0x44,0x00,0x00,0x03,0x00,0x00,0x00,0x00,0x00,0x00,0x00,0x00,

};

const lv_image_dsc_t emoji_dagger_14 = {
  .header.magic = LV_IMAGE_HEADER_MAGIC,
  .header.cf = LV_COLOR_FORMAT_RGB565A8,
  .header.flags = 0,
  .header.w = 14,
  .header.h = 14,
  .header.stride = 28,
  .data_size = sizeof(emoji_dagger_14_map),
  .data = emoji_dagger_14_map,
};




#ifndef LV_ATTRIBUTE_MEM_ALIGN
#define LV_ATTRIBUTE_MEM_ALIGN
#endif

#ifndef LV_ATTRIBUTE_EMOJI_MOUNTAIN_14
#define LV_ATTRIBUTE_EMOJI_MOUNTAIN_14
#endif

static const
LV_ATTRIBUTE_MEM_ALIGN LV_ATTRIBUTE_LARGE_CONST LV_ATTRIBUTE_EMOJI_MOUNTAIN_14
uint8_t emoji_mountain_14_map[] = {

    0x00,0x00,0x00,0x00,0x00,0x00,0x00,0x00,0x00,0x00,0xef,0x03,0x00,0x00,0x00,0x00,0x00,0x00,0x00,0x00,0x00,0x00,0x00,0x00,0x00,0x00,0x00,0x00,
    0x00,0x00,0x00,0x00,0x00,0x00,0x00,0x00,0xe7,0x39,0x00,0x00,0x8b,0x4a,0xe8,0x31,0x00,0x00,0xe7,0x39,0x00,0x00,0x00,0x00,0x00,0x00,0x00,0x00,
    0x00,0x00,0x00,0x00,0x00,0x00,0xaa,0x52,0x00,0x00,0x8b,0x42,0xec,0x52,0x29,0x3a,0x25,0x21,0x00,0x00,0x86,0x31,0x00,0x00,0x00,0x00,0x00,0x00,
    0x00,0x00,0x00,0x00,0xaa,0x52,0x0f,0x00,0xab,0x4a,0xab,0x4a,0xac,0x4a,0x6a,0x42,0x66,0x21,0x66,0x29,0x00,0x00,0xaa,0x02,0x00,0x00,0x00,0x00,
    0x00,0x00,0x00,0x00,0x86,0x31,0x00,0x00,0xab,0x4a,0xcc,0x4a,0xab,0x4a,0x29,0x3a,0xa7,0x29,0x66,0x29,0x66,0x29,0x00,0x00,0x00,0x00,0x00,0x00,
    0x00,0x00,0x86,0x31,0x00,0x00,0xa7,0x31,0x8b,0x4a,0xac,0x4a,0x4a,0x42,0x49,0x42,0x6a,0x42,0x86,0x29,0x66,0x29,0x67,0x21,0x00,0x00,0x00,0x00,
    0x00,0x00,0x00,0x00,0x25,0x21,0xc8,0x31,0xcc,0x4a,0x8b,0x42,0x09,0x3a,0xab,0x4a,0xac,0x4a,0xa7,0x29,0x86,0x29,0x86,0x29,0x00,0x00,0x86,0x31,
    0x00,0x00,0x86,0x29,0x66,0x29,0x29,0x3a,0xcc,0x52,0x09,0x3a,0x4a,0x42,0xcc,0x4a,0x6a,0x42,0xa7,0x29,0x86,0x29,0x66,0x29,0x00,0x00,0x00,0x00,
    0xef,0x7b,0x66,0x29,0xa7,0x29,0x8b,0x4a,0xab,0x4a,0xc8,0x31,0x6a,0x42,0xcc,0x4a,0x09,0x3a,0x29,0x3a,0xc8,0x31,0x66,0x21,0x66,0x29,0x00,0x00,
    0xa7,0x29,0x46,0x21,0x29,0x3a,0xcc,0x4a,0x6b,0x42,0xa7,0x29,0x8b,0x4a,0xab,0x4a,0xc8,0x31,0x8b,0x42,0x29,0x3a,0x66,0x21,0x86,0x29,0x66,0x29,
    0x45,0x21,0xa7,0x31,0xab,0x4a,0xcc,0x4a,0x29,0x3a,0xa7,0x29,0xab,0x4a,0xab,0x4a,0xc7,0x31,0x6a,0x42,0x6a,0x42,0x66,0x29,0x86,0x29,0x86,0x29,
    0x45,0x21,0x2a,0x42,0x8c,0x4a,0x6b,0x42,0x46,0x21,0xa7,0x31,0x8c,0x4a,0x8c,0x4a,0x09,0x3a,0xa7,0x31,0x09,0x3a,0x25,0x21,0x46,0x21,0x46,0x21,
    0xe7,0x31,0xa9,0x53,0x6a,0x53,0xc9,0x42,0xc6,0x3a,0x28,0x4b,0x2a,0x53,0x4a,0x53,0x08,0x54,0x87,0x4b,0x67,0x3a,0x46,0x32,0xc7,0x3a,0x26,0x32,
    0xc7,0x53,0xc7,0x5c,0x87,0x5c,0x87,0x5c,0xc8,0x64,0xa7,0x5c,0x87,0x5c,0xa7,0x5c,0xa7,0x5c,0xa8,0x5c,0xa7,0x5c,0x88,0x5c,0xc8,0x64,0x47,0x5c,
    0x00,0x00,0x00,0x00,0x00,0x02,0x00,0x00,0x02,0x00,0x00,0x00,0x00,0x00,0x00,0x00,0x00,0x00,0x04,0x00,0x96,0x94,0x00,0x04,0x00,0x00,0x00,0x00,
    0x00,0x00,0x00,0x03,0x00,0x67,0xff,0xff,0x60,0x00,0x05,0x00,0x00,0x00,0x00,0x00,0x03,0x02,0x3e,0xfc,0xfc,0xfc,0xf9,0x43,0x00,0x03,0x00,0x00,
    0x00,0x00,0x05,0x00,0xbc,0xff,0xfb,0xfe,0xfe,0xf7,0x56,0x00,0x02,0x00,0x00,0x05,0x00,0x58,0xf9,0xfc,0xff,0xff,0xfd,0xff,0xfb,0x1b,0x00,0x02,
    0x02,0x00,0x3c,0xf5,0xff,0xfe,0xff,0xff,0xff,0xfb,0xff,0x6a,0x02,0x05,0x00,0x53,0xf8,0xfe,0xfe,0xff,0xff,0xff,0xff,0xfc,0xff,0xc2,0x00,0x02,
    0x02,0xd5,0xff,0xfb,0xff,0xff,0xff,0xff,0xff,0xff,0xfe,0xfb,0x5c,0x00,0x21,0xf4,0xfe,0xfe,0xff,0xff,0xff,0xff,0xff,0xff,0xff,0xfe,0xff,0x5d,
    0x53,0xff,0xfe,0xff,0xff,0xff,0xff,0xff,0xff,0xff,0xff,0xfb,0xfe,0xac,0x8c,0xff,0xfc,0xff,0xff,0xff,0xff,0xff,0xff,0xff,0xff,0xfd,0xff,0xc5,
    0xc4,0xff,0xfd,0xff,0xff,0xff,0xff,0xff,0xff,0xff,0xff,0xfe,0xff,0xe4,0xf0,0xff,0xfe,0xff,0xff,0xff,0xff,0xff,0xff,0xff,0xff,0xff,0xff,0xf9,

};

const lv_image_dsc_t emoji_mountain_14 = {
  .header.magic = LV_IMAGE_HEADER_MAGIC,
  .header.cf = LV_COLOR_FORMAT_RGB565A8,
  .header.flags = 0,
  .header.w = 14,
  .header.h = 14,
  .header.stride = 28,
  .data_size = sizeof(emoji_mountain_14_map),
  .data = emoji_mountain_14_map,
};




#ifndef LV_ATTRIBUTE_MEM_ALIGN
#define LV_ATTRIBUTE_MEM_ALIGN
#endif

#ifndef LV_ATTRIBUTE_EMOJI_END_ARROW_14
#define LV_ATTRIBUTE_EMOJI_END_ARROW_14
#endif

static const
LV_ATTRIBUTE_MEM_ALIGN LV_ATTRIBUTE_LARGE_CONST LV_ATTRIBUTE_EMOJI_END_ARROW_14
uint8_t emoji_end_arrow_14_map[] = {

    0xe7,0x39,0x00,0x00,0x24,0x21,0xc7,0x31,0xa7,0x31,0x00,0x00,0x00,0x00,0x00,0x00,0x00,0x00,0x00,0x00,0x00,0x00,0x00,0x00,0x00,0x00,0x00,0x00,
    0x00,0x00,0xc7,0x31,0xc7,0x31,0xc8,0x31,0xa7,0x31,0xa7,0x31,0xa7,0x31,0xa7,0x31,0xa7,0x31,0xa7,0x31,0xa7,0x31,0xa7,0x31,0xc7,0x31,0xa7,0x31,
    0xa7,0x31,0xc7,0x31,0xc7,0x31,0xa7,0x31,0xa7,0x31,0xc8,0x31,0xc8,0x31,0xc8,0x31,0xc8,0x31,0xc8,0x31,0xc8,0x31,0xc8,0x31,0xc8,0x31,0xc8,0x31,
    0xa7,0x31,0xc7,0x31,0xc7,0x31,0xa7,0x31,0xa7,0x31,0xa7,0x31,0xa7,0x31,0xa7,0x31,0xa7,0x31,0xa7,0x31,0xa7,0x31,0xa7,0x31,0xa7,0x31,0xa7,0x31,
    0x00,0x00,0xa7,0x29,0xc7,0x31,0xc8,0x31,0xa7,0x31,0xa7,0x31,0xa7,0x31,0xa7,0x31,0xa7,0x31,0xa7,0x31,0xa7,0x31,0xa7,0x31,0xa7,0x31,0xa7,0x31,
    0xaa,0x52,0x00,0x00,0xa6,0x29,0xc7,0x31,0xa7,0x31,0xc7,0x31,0xc7,0x31,0xc7,0x31,0xc7,0x31,0xc7,0x31,0xc7,0x31,0xc7,0x31,0xc7,0x31,0xa8,0x31,
    0x00,0x00,0xe7,0x39,0x00,0x00,0x00,0x00,0xc7,0x31,0x00,0x00,0x00,0x00,0x00,0x00,0x00,0x00,0x00,0x00,0x00,0x00,0x00,0x00,0x00,0x00,0x00,0x00,
    0x00,0x00,0x00,0x00,0x00,0x00,0x00,0x00,0x00,0x00,0x00,0x00,0x00,0x00,0x00,0x00,0x00,0x00,0x00,0x00,0x00,0x00,0x00,0x00,0x00,0x00,0x00,0x00,
    0xa7,0x31,0xc7,0x31,0xa7,0x31,0xa7,0x31,0xc7,0x31,0xe7,0x29,0x00,0x00,0xc7,0x31,0xc7,0x31,0xa7,0x31,0xc8,0x31,0xc7,0x31,0xa7,0x31,0x68,0x29,
    0xc8,0x31,0xc7,0x31,0xc7,0x31,0xa7,0x31,0x08,0x3a,0xa7,0x31,0x00,0x00,0xa7,0x31,0xa7,0x31,0xa7,0x31,0xc7,0x31,0xa7,0x31,0xc7,0x31,0xa7,0x31,
    0xa7,0x31,0xc7,0x31,0xa7,0x31,0xa7,0x31,0xc7,0x31,0xa7,0x31,0xa7,0x31,0xa7,0x31,0xa7,0x31,0xa7,0x31,0xa7,0x31,0x00,0x00,0xa7,0x31,0xc8,0x31,
    0xa7,0x31,0xc7,0x31,0xa7,0x31,0xc7,0x31,0xa7,0x31,0xa7,0x29,0xa7,0x31,0xc7,0x31,0xa7,0x31,0xa7,0x31,0xa7,0x31,0x00,0x00,0xa7,0x29,0xc8,0x31,
    0xc8,0x31,0xc7,0x31,0xc7,0x31,0xa7,0x31,0xa7,0x31,0x00,0x00,0xa7,0x31,0x08,0x3a,0xa7,0x31,0xa7,0x31,0xc7,0x31,0xa7,0x29,0xc7,0x31,0xa7,0x31,
    0xa7,0x31,0xa7,0x31,0xa7,0x31,0xa7,0x31,0xa7,0x31,0x86,0x31,0x00,0x00,0xc7,0x31,0xa7,0x31,0xa7,0x31,0xc8,0x31,0xc7,0x31,0xc7,0x31,0x87,0x31,
    0x04,0x00,0x07,0x8e,0xd0,0x00,0x00,0x00,0x00,0x00,0x00,0x00,0x00,0x00,0x00,0x3f,0xcb,0xff,0xf8,0xcc,0xcc,0xcc,0xcc,0xcc,0xcc,0xcc,0xcc,0xb8,
    0xa9,0xff,0xff,0xfc,0xff,0xff,0xff,0xff,0xff,0xff,0xff,0xff,0xff,0xff,0xaf,0xff,0xff,0xfc,0xff,0xfe,0xfe,0xfe,0xfe,0xfe,0xfe,0xfe,0xfe,0xff,
    0x00,0x50,0xe2,0xff,0xfd,0xfb,0xfb,0xfb,0xfb,0xfb,0xfb,0xfb,0xfb,0xe8,0x03,0x00,0x17,0xab,0xe2,0x24,0x24,0x24,0x24,0x24,0x24,0x24,0x24,0x13,
    0x02,0x04,0x00,0x00,0x28,0x00,0x00,0x00,0x00,0x00,0x00,0x00,0x00,0x00,0x00,0x00,0x00,0x00,0x00,0x00,0x02,0x00,0x00,0x00,0x00,0x00,0x00,0x00,
    0xba,0xdd,0xd2,0x64,0xb5,0x0c,0x02,0x8d,0x71,0x7a,0xd7,0xd4,0x8b,0x0b,0xff,0x83,0x44,0x5f,0xff,0xa4,0x00,0xc6,0xab,0xcc,0xb5,0x6b,0xf5,0xb0,
    0xfc,0xaf,0x77,0x62,0xea,0xfc,0x58,0xa5,0xa3,0xc7,0x7d,0x00,0x5e,0xff,0xfe,0xc2,0x92,0x6d,0xd9,0x50,0xf4,0xdc,0x97,0xc9,0x81,0x00,0x51,0xff,
    0xff,0x6b,0x24,0x64,0xf1,0x00,0x79,0xff,0x91,0xcc,0xa2,0x46,0xde,0xcb,0xe5,0xff,0xf5,0x8b,0xcf,0x05,0x00,0xc7,0x89,0x9d,0xfc,0xf9,0xbc,0x1e,

};

const lv_image_dsc_t emoji_end_arrow_14 = {
  .header.magic = LV_IMAGE_HEADER_MAGIC,
  .header.cf = LV_COLOR_FORMAT_RGB565A8,
  .header.flags = 0,
  .header.w = 14,
  .header.h = 14,
  .header.stride = 28,
  .data_size = sizeof(emoji_end_arrow_14_map),
  .data = emoji_end_arrow_14_map,
};




#ifndef LV_ATTRIBUTE_MEM_ALIGN
#define LV_ATTRIBUTE_MEM_ALIGN
#endif

#ifndef LV_ATTRIBUTE_EMOJI_HOLLOW_CIRCLE_14
#define LV_ATTRIBUTE_EMOJI_HOLLOW_CIRCLE_14
#endif

static const
LV_ATTRIBUTE_MEM_ALIGN LV_ATTRIBUTE_LARGE_CONST LV_ATTRIBUTE_EMOJI_HOLLOW_CIRCLE_14
uint8_t emoji_hollow_circle_14_map[] = {

    0x00,0x00,0x0a,0xa8,0x00,0x00,0x48,0xd9,0x68,0xe1,0x68,0xe1,0x68,0xd9,0x68,0xd9,0x68,0xe1,0x68,0xe1,0x48,0xd9,0x00,0x00,0x0a,0xa8,0x00,0x00,
    0xaa,0xfa,0x00,0x00,0x68,0xd9,0x68,0xe1,0x89,0xe9,0x89,0xe9,0x89,0xe9,0x89,0xe9,0x89,0xe9,0x89,0xe9,0x68,0xe1,0x68,0xd9,0x00,0x00,0xaa,0xfa,
    0x00,0x00,0x68,0xd9,0x89,0xe9,0x88,0xe9,0x68,0xd9,0x68,0xd9,0x68,0xd9,0x68,0xd9,0x68,0xd9,0x68,0xd9,0x88,0xe9,0x89,0xe9,0x68,0xd9,0x00,0x00,
    0x68,0xd9,0x68,0xd9,0x88,0xe9,0x68,0xe1,0x68,0xd9,0x00,0x00,0x00,0x00,0x00,0x00,0x00,0x00,0x68,0xd9,0x68,0xe1,0x88,0xe9,0x68,0xd9,0x68,0xd9,
    0x68,0xd9,0x89,0xe9,0x68,0xe1,0x68,0xd9,0x00,0x00,0x45,0xd1,0xe7,0xb9,0xe7,0xb9,0x45,0xd1,0x00,0x00,0x68,0xd9,0x68,0xe1,0x89,0xe9,0x68,0xd9,
    0x68,0xd9,0x89,0xe9,0x68,0xd9,0x00,0x00,0x86,0xf9,0x00,0x00,0x00,0x00,0x00,0x00,0x00,0x00,0x86,0xf9,0x00,0x00,0x68,0xd9,0x89,0xe9,0x68,0xd9,
    0x68,0xd9,0x89,0xe9,0x68,0xd9,0x00,0xf8,0xe7,0xb9,0x00,0x00,0x00,0x00,0x00,0x00,0x00,0x00,0xe7,0xb9,0x00,0xf8,0x68,0xd9,0x89,0xe9,0x68,0xd9,
    0x68,0xd9,0x89,0xe9,0x68,0xd9,0x00,0xf8,0xe7,0xb9,0x00,0x00,0x00,0x00,0x00,0x00,0x00,0x00,0xe7,0xb9,0x00,0xf8,0x68,0xd9,0x89,0xe9,0x68,0xd9,
    0x68,0xd9,0x89,0xe9,0x68,0xd9,0x00,0x00,0x86,0xf9,0x00,0x00,0x00,0x00,0x00,0x00,0x00,0x00,0x86,0xf9,0x00,0x00,0x68,0xd9,0x89,0xe9,0x68,0xd9,
    0x68,0xd9,0x89,0xe9,0x68,0xe1,0x68,0xd9,0x00,0x00,0x45,0xd1,0xe7,0xb9,0xe7,0xb9,0x45,0xd1,0x00,0x00,0x68,0xd9,0x68,0xe1,0x89,0xe9,0x68,0xd9,
    0x68,0xd9,0x68,0xd9,0x88,0xe9,0x68,0xe1,0x68,0xd9,0x00,0x00,0x00,0x00,0x00,0x00,0x00,0x00,0x68,0xd9,0x68,0xe1,0x88,0xe9,0x68,0xd9,0x68,0xd9,
    0x00,0x00,0x68,0xd9,0x89,0xe9,0x88,0xe9,0x68,0xd9,0x68,0xd9,0x68,0xd9,0x68,0xd9,0x68,0xd9,0x68,0xd9,0x88,0xe9,0x89,0xe9,0x68,0xd9,0x00,0x00,
    0xaa,0xfa,0x00,0x00,0x68,0xd9,0x68,0xe1,0x89,0xe9,0x89,0xe9,0x89,0xe9,0x89,0xe9,0x89,0xe9,0x89,0xe9,0x68,0xe1,0x68,0xd9,0x00,0x00,0xaa,0xfa,
    0x00,0x00,0x0a,0xa8,0x00,0x00,0x48,0xd9,0x68,0xe1,0x68,0xe1,0x68,0xd9,0x68,0xd9,0x68,0xe1,0x68,0xe1,0x48,0xd9,0x00,0x00,0x0a,0xa8,0x00,0x00,
    0x00,0x03,0x00,0x2a,0x99,0xde,0xfa,0xfa,0xde,0x99,0x2a,0x00,0x03,0x00,0x03,0x00,0x66,0xee,0xff,0xff,0xff,0xff,0xff,0xff,0xee,0x66,0x00,0x03,
    0x00,0x64,0xff,0xff,0xf3,0x9e,0x67,0x67,0x9e,0xf3,0xff,0xff,0x64,0x00,0x27,0xf5,0xff,0xd7,0x2d,0x00,0x00,0x00,0x00,0x2d,0xd7,0xff,0xf5,0x27,
    0x9c,0xff,0xf2,0x28,0x00,0x06,0x04,0x04,0x06,0x00,0x28,0xf2,0xff,0x9c,0xe2,0xfe,0x9c,0x00,0x05,0x00,0x00,0x00,0x00,0x05,0x00,0x9c,0xfe,0xe2,
    0xfa,0xff,0x63,0x01,0x04,0x00,0x00,0x00,0x00,0x04,0x01,0x63,0xff,0xfa,0xfa,0xff,0x63,0x01,0x04,0x00,0x00,0x00,0x00,0x04,0x01,0x63,0xff,0xfa,
    0xe2,0xfe,0x9c,0x00,0x05,0x00,0x00,0x00,0x00,0x05,0x00,0x9c,0xfe,0xe2,0x9c,0xff,0xf2,0x28,0x00,0x06,0x04,0x04,0x06,0x00,0x28,0xf2,0xff,0x9c,
    0x27,0xf5,0xff,0xd7,0x2d,0x00,0x00,0x00,0x00,0x2d,0xd7,0xff,0xf5,0x27,0x00,0x64,0xff,0xff,0xf3,0x9e,0x66,0x66,0x9e,0xf3,0xff,0xff,0x64,0x00,
    0x03,0x00,0x66,0xee,0xff,0xff,0xff,0xff,0xff,0xff,0xee,0x66,0x00,0x03,0x00,0x03,0x00,0x2a,0x99,0xde,0xfa,0xfa,0xde,0x99,0x2a,0x00,0x03,0x00,

};

const lv_image_dsc_t emoji_hollow_circle_14 = {
  .header.magic = LV_IMAGE_HEADER_MAGIC,
  .header.cf = LV_COLOR_FORMAT_RGB565A8,
  .header.flags = 0,
  .header.w = 14,
  .header.h = 14,
  .header.stride = 28,
  .data_size = sizeof(emoji_hollow_circle_14_map),
  .data = emoji_hollow_circle_14_map,
};




#ifndef LV_ATTRIBUTE_MEM_ALIGN
#define LV_ATTRIBUTE_MEM_ALIGN
#endif

#ifndef LV_ATTRIBUTE_EMOJI_DRAGON_14
#define LV_ATTRIBUTE_EMOJI_DRAGON_14
#endif

static const
LV_ATTRIBUTE_MEM_ALIGN LV_ATTRIBUTE_LARGE_CONST LV_ATTRIBUTE_EMOJI_DRAGON_14
uint8_t emoji_dragon_14_map[] = {

    0x00,0x00,0xe0,0x03,0x4a,0xad,0xa0,0x01,0x63,0x3b,0x05,0x4c,0x05,0x4c,0x22,0x33,0x00,0x00,0xe0,0x07,0x00,0x00,0x00,0x00,0x00,0x00,0x00,0x00,
    0x00,0x00,0x00,0x00,0x00,0x00,0x87,0x5c,0x28,0x65,0xc7,0x5c,0x08,0x65,0xc7,0x64,0x63,0x3b,0xe0,0x7b,0x00,0x00,0x05,0x4c,0x08,0x65,0xa7,0x5c,
    0x00,0x00,0xef,0x9d,0x69,0x75,0xa9,0x75,0xe5,0x4b,0x05,0x3b,0x49,0x6d,0xeb,0x7d,0x05,0x4c,0x00,0x00,0x05,0x4c,0x0b,0x7e,0xab,0x7d,0x4a,0x75,
    0x09,0x6d,0x69,0x75,0x2d,0x8e,0x92,0xae,0x8d,0x85,0xe9,0x6c,0xcb,0x7d,0xca,0x7d,0x66,0x5c,0x00,0x00,0xc7,0x64,0xeb,0x7d,0x48,0x65,0x00,0x00,
    0x29,0x6d,0x28,0x6d,0x4b,0x7d,0xf0,0x9d,0xab,0x7d,0xaa,0x75,0x8a,0x75,0xca,0x7d,0x25,0x54,0x00,0x00,0xc8,0x64,0xcb,0x7d,0x6a,0x75,0xef,0x7f,
    0x00,0x00,0x46,0x54,0x28,0x6d,0xc6,0x54,0x69,0x75,0xcb,0x7d,0xaa,0x7d,0x69,0x75,0xa4,0x43,0x00,0x00,0xa7,0x5c,0x4c,0x86,0x8a,0x7d,0x00,0x00,
    0xe0,0x07,0x00,0x00,0xff,0xff,0x00,0x00,0xab,0x7d,0xcb,0x7d,0xcb,0x7d,0xc8,0x64,0xa0,0x11,0x00,0x00,0x05,0x4c,0xeb,0x7d,0x8a,0x75,0xa9,0x6d,
    0xc6,0x64,0x87,0x5c,0xe7,0x64,0x47,0x5c,0x8a,0x7d,0xeb,0x7d,0xaa,0x7d,0x46,0x54,0x00,0x00,0x00,0x00,0x01,0x33,0x09,0x6d,0xab,0x7d,0x8a,0x75,
    0xc6,0x64,0x87,0x5c,0xc7,0x64,0x87,0x5c,0x8a,0x75,0xcb,0x7d,0x29,0x6d,0x62,0x3b,0xa0,0x52,0xe7,0x3d,0xe0,0x11,0xe8,0x64,0xeb,0x85,0x6a,0x75,
    0x00,0x00,0xa7,0x5c,0x63,0x3b,0x05,0x4c,0x6a,0x75,0xab,0x7d,0x49,0x6d,0xa1,0x2a,0x00,0x00,0x00,0x00,0x22,0x2b,0x29,0x6d,0xeb,0x7d,0x6a,0x75,
    0xe0,0x03,0x00,0x00,0x42,0x33,0x66,0x5c,0xaa,0x7d,0x8a,0x75,0xaa,0x7d,0x05,0x4c,0x01,0x2b,0x63,0x3b,0x87,0x5c,0xaa,0x7d,0xaa,0x7d,0x8a,0x75,
    0x00,0x00,0xe7,0x7d,0x00,0x00,0x8a,0x75,0x0b,0x86,0x8a,0x75,0x8a,0x75,0x8a,0x75,0x08,0x65,0x69,0x75,0x8a,0x7d,0xcb,0x7d,0x8a,0x75,0xcb,0x75,
    0x00,0x00,0xe0,0x07,0xff,0xff,0x08,0x75,0x8a,0x75,0x0b,0x86,0xaa,0x7d,0x8a,0x75,0xab,0x7d,0xaa,0x7d,0xcb,0x7d,0xcb,0x7d,0x8a,0x75,0x00,0x00,
    0x00,0x00,0x00,0x00,0xe0,0x7b,0x00,0x00,0x89,0x75,0xaa,0x7d,0xaa,0x7d,0x8a,0x75,0x8a,0x75,0xaa,0x75,0xca,0x7d,0x6a,0x75,0x00,0x00,0xef,0x7b,
    0x00,0x02,0x03,0x0e,0xbe,0xb6,0xc4,0x47,0x00,0x01,0x00,0x00,0x00,0x00,0x01,0x01,0x00,0x5e,0xff,0xff,0xff,0xe4,0x3f,0x02,0x05,0x6d,0xb0,0x5d,
    0x00,0x08,0x7d,0xf6,0xfc,0xfd,0xf9,0xff,0x91,0x00,0x7b,0xff,0xcf,0x3a,0xd2,0xdd,0xff,0xfd,0xfd,0xff,0xfb,0xfe,0x78,0x00,0xce,0xf9,0x12,0x00,
    0x97,0xff,0xff,0xff,0xff,0xff,0xfb,0xff,0x72,0x00,0xd3,0xfd,0x1c,0x02,0x00,0x52,0xea,0x7e,0xc4,0xff,0xfc,0xfc,0x43,0x00,0xa4,0xff,0x77,0x00,
    0x01,0x00,0x04,0x00,0x45,0xff,0xff,0xe3,0x0e,0x00,0x6c,0xff,0xd7,0x07,0x0a,0x8d,0xbc,0x42,0x6b,0xff,0xff,0x83,0x01,0x00,0x24,0xf7,0xfe,0x34,
    0x0a,0xa6,0xec,0xe4,0xe3,0xff,0xf5,0x20,0x03,0x04,0x0c,0xe4,0xff,0x59,0x00,0x1f,0xb4,0xff,0xff,0xfe,0xef,0x1d,0x00,0x00,0x3d,0xfc,0xfe,0x62,
    0x02,0x00,0x74,0xe4,0xfb,0xfc,0xff,0xae,0x45,0x5c,0xdf,0xfe,0xff,0x41,0x00,0x04,0x01,0x62,0xff,0xf9,0xfd,0xff,0xff,0xff,0xff,0xff,0xe0,0x0b,
    0x00,0x01,0x01,0x0b,0xc3,0xff,0xff,0xfd,0xff,0xfd,0xff,0xfc,0x4f,0x00,0x00,0x00,0x02,0x00,0x0d,0x86,0xd8,0xf9,0xfd,0xf5,0xc2,0x48,0x00,0x02,

};

const lv_image_dsc_t emoji_dragon_14 = {
  .header.magic = LV_IMAGE_HEADER_MAGIC,
  .header.cf = LV_COLOR_FORMAT_RGB565A8,
  .header.flags = 0,
  .header.w = 14,
  .header.h = 14,
  .header.stride = 28,
  .data_size = sizeof(emoji_dragon_14_map),
  .data = emoji_dragon_14_map,
};




#ifndef LV_ATTRIBUTE_MEM_ALIGN
#define LV_ATTRIBUTE_MEM_ALIGN
#endif

#ifndef LV_ATTRIBUTE_EMOJI_GLOBE_MERIDIANS_14
#define LV_ATTRIBUTE_EMOJI_GLOBE_MERIDIANS_14
#endif

static const
LV_ATTRIBUTE_MEM_ALIGN LV_ATTRIBUTE_LARGE_CONST LV_ATTRIBUTE_EMOJI_GLOBE_MERIDIANS_14
uint8_t emoji_globe_meridians_14_map[] = {

    0x00,0x00,0x55,0x55,0x00,0x00,0x58,0x3c,0x79,0x3c,0x58,0x3c,0x58,0x3c,0x58,0x3c,0x58,0x3c,0x79,0x3c,0x58,0x3c,0x00,0x00,0x55,0x55,0x00,0x00,
    0x55,0x55,0x00,0x00,0x38,0x3c,0x58,0x3c,0x79,0x3c,0x38,0x3c,0x58,0x3c,0x58,0x3c,0x38,0x3c,0x79,0x3c,0x58,0x3c,0x38,0x3c,0x00,0x00,0x55,0x55,
    0x00,0x00,0x38,0x3c,0x58,0x3c,0x38,0x3c,0x38,0x3c,0x00,0x00,0x38,0x3c,0x38,0x3c,0x00,0x00,0x38,0x3c,0x38,0x3c,0x38,0x3c,0x58,0x3c,0x00,0x00,
    0x38,0x3c,0x58,0x3c,0x58,0x3c,0x58,0x3c,0x58,0x3c,0x58,0x3c,0x38,0x3c,0x38,0x3c,0x58,0x3c,0x58,0x3c,0x58,0x3c,0x58,0x3c,0x58,0x3c,0x58,0x3c,
    0x38,0x3c,0x58,0x3c,0x38,0x3c,0x38,0x3c,0x99,0x34,0x99,0x34,0x38,0x3c,0x38,0x3c,0x99,0x34,0x99,0x34,0x38,0x3c,0x38,0x3c,0x58,0x3c,0x58,0x3c,
    0x38,0x3c,0x00,0x00,0x58,0x3c,0x38,0x3c,0x00,0x00,0x00,0x00,0x38,0x3c,0x38,0x3c,0x00,0x00,0x00,0x00,0x38,0x3c,0x38,0x3c,0x00,0x00,0x38,0x3c,
    0x38,0x3c,0x38,0x3c,0x58,0x3c,0x38,0x3c,0x58,0x3c,0x58,0x3c,0x58,0x3c,0x38,0x3c,0x58,0x3c,0x58,0x3c,0x38,0x3c,0x58,0x3c,0x38,0x3c,0x38,0x3c,
    0x38,0x3c,0x38,0x3c,0x58,0x3c,0x38,0x3c,0x58,0x3c,0x58,0x3c,0x58,0x3c,0x38,0x3c,0x58,0x3c,0x38,0x3c,0x58,0x3c,0x38,0x3c,0x58,0x3c,0x58,0x3c,
    0x38,0x3c,0x00,0x00,0x38,0x3c,0x38,0x3c,0x00,0x00,0x00,0x00,0x38,0x3c,0x38,0x3c,0x00,0x00,0x00,0x00,0x38,0x3c,0x38,0x3c,0x00,0x00,0x38,0x3c,
    0x58,0x3c,0x58,0x3c,0x38,0x3c,0x38,0x3c,0x99,0x34,0x99,0x34,0x38,0x3c,0x38,0x3c,0x58,0x3c,0x58,0x3c,0x38,0x3c,0x38,0x3c,0x58,0x3c,0x58,0x3c,
    0x58,0x3c,0x58,0x3c,0x58,0x3c,0x58,0x3c,0x58,0x3c,0x58,0x3c,0x38,0x3c,0x58,0x3c,0x38,0x3c,0x38,0x3c,0x58,0x3c,0x58,0x3c,0x58,0x3c,0x58,0x3c,
    0x00,0x00,0x58,0x3c,0x38,0x3c,0x38,0x3c,0x38,0x3c,0x00,0x00,0x58,0x3c,0x38,0x3c,0x1f,0x00,0x38,0x3c,0x38,0x3c,0x38,0x3c,0x58,0x3c,0x00,0x00,
    0x55,0x55,0x00,0x00,0x38,0x3c,0x58,0x3c,0x79,0x3c,0x38,0x3c,0x58,0x3c,0x38,0x3c,0x58,0x3c,0x79,0x3c,0x58,0x3c,0x38,0x3c,0x00,0x00,0x55,0x55,
    0x00,0x00,0x55,0x55,0x00,0x00,0x58,0x3c,0x79,0x3c,0x58,0x3c,0x58,0x3c,0x38,0x3c,0x58,0x3c,0x79,0x3c,0x58,0x3c,0x00,0x00,0x55,0x55,0x00,0x00,
    0x00,0x03,0x00,0x2d,0x9d,0xe7,0xea,0xea,0xe7,0x9d,0x2d,0x00,0x03,0x00,0x03,0x00,0x6c,0xe0,0xfd,0x4d,0x74,0x74,0x4d,0xfd,0xe0,0x6c,0x00,0x03,
    0x00,0x71,0xc3,0xaf,0x77,0x00,0x7c,0x7c,0x00,0x77,0xaf,0xc5,0x72,0x00,0x2a,0xf0,0xc7,0xea,0xb7,0xb9,0xd8,0xd8,0xb9,0xb7,0xea,0xc0,0xed,0x2a,
    0xb0,0x61,0x6e,0x95,0x0e,0x0e,0x7d,0x7d,0x0e,0x0e,0x95,0x68,0x5e,0xb0,0xd3,0x00,0x8f,0x45,0x00,0x00,0x68,0x68,0x00,0x00,0x44,0x91,0x00,0xd3,
    0xe5,0x75,0xd2,0x98,0x75,0x75,0xb4,0xb5,0x75,0x75,0x98,0xd2,0x75,0xe5,0xe5,0x75,0xd2,0x98,0x75,0x75,0xb4,0xbc,0x7f,0x80,0xa1,0xd6,0x7f,0xe8,
    0xd3,0x00,0x91,0x44,0x00,0x00,0x68,0x68,0x00,0x00,0x44,0x91,0x00,0xd3,0xb0,0x5e,0x68,0x95,0x0e,0x0e,0x7d,0x7c,0x0d,0x0d,0x95,0x67,0x5e,0xb0,
    0x2a,0xed,0xc1,0xea,0xb7,0xb9,0xd8,0xdd,0xbe,0xbe,0xec,0xc7,0xed,0x2a,0x00,0x72,0xc5,0xaf,0x77,0x00,0x7b,0x80,0x01,0x7e,0xb1,0xcb,0x72,0x00,
    0x03,0x00,0x6c,0xe0,0xfd,0x4d,0x74,0x73,0x4c,0xfc,0xe0,0x6a,0x00,0x03,0x00,0x03,0x00,0x2d,0x9d,0xe7,0xea,0xeb,0xe7,0x9d,0x2d,0x00,0x03,0x00,

};

const lv_image_dsc_t emoji_globe_meridians_14 = {
  .header.magic = LV_IMAGE_HEADER_MAGIC,
  .header.cf = LV_COLOR_FORMAT_RGB565A8,
  .header.flags = 0,
  .header.w = 14,
  .header.h = 14,
  .header.stride = 28,
  .data_size = sizeof(emoji_globe_meridians_14_map),
  .data = emoji_globe_meridians_14_map,
};




#ifndef LV_ATTRIBUTE_MEM_ALIGN
#define LV_ATTRIBUTE_MEM_ALIGN
#endif

#ifndef LV_ATTRIBUTE_EMOJI_EGGPLANT_14
#define LV_ATTRIBUTE_EMOJI_EGGPLANT_14
#endif

static const
LV_ATTRIBUTE_MEM_ALIGN LV_ATTRIBUTE_LARGE_CONST LV_ATTRIBUTE_EMOJI_EGGPLANT_14
uint8_t emoji_eggplant_14_map[] = {

    0x6a,0x75,0x8a,0x75,0x00,0x00,0x00,0x00,0x0f,0x78,0x00,0x00,0x00,0x00,0x00,0x00,0x00,0x00,0x00,0x00,0x00,0x00,0x00,0x00,0x00,0x00,0x00,0x00,
    0x8a,0x75,0x8a,0x75,0xca,0x7d,0x28,0x76,0x00,0x00,0xb5,0x52,0x00,0x00,0x00,0x00,0x00,0x00,0x00,0x00,0x00,0x00,0x00,0x00,0x00,0x00,0x00,0x00,
    0x6a,0x75,0xeb,0x7d,0x4d,0x7d,0xb3,0x7b,0xf3,0x72,0x00,0x00,0xf7,0x7b,0x00,0x00,0x00,0x00,0x00,0x00,0x00,0x00,0x00,0x00,0x00,0x00,0x00,0x00,
    0xad,0x74,0x53,0x7b,0xd3,0x72,0x36,0x72,0x95,0x7a,0x74,0x72,0x00,0x00,0x33,0x63,0x00,0x00,0x00,0x00,0x00,0x00,0x00,0x00,0x00,0x00,0x00,0x00,
    0xd4,0x7a,0x75,0x72,0x55,0x72,0x74,0x72,0x95,0x72,0x75,0x72,0x54,0x72,0x00,0x00,0x93,0x61,0xb5,0x52,0x1f,0x00,0x00,0x00,0x00,0x00,0x00,0x00,
    0x99,0x61,0x75,0x72,0x96,0x7a,0x75,0x72,0x75,0x72,0x96,0x7a,0x75,0x72,0x75,0x72,0x00,0x00,0x00,0x00,0x00,0x00,0xb5,0xaa,0x00,0x00,0x00,0x00,
    0x00,0x00,0x75,0x72,0xb6,0x7a,0x75,0x72,0x75,0x72,0x75,0x72,0x95,0x72,0x95,0x72,0x75,0x72,0x75,0x72,0xb5,0x72,0x00,0x00,0x00,0x00,0x00,0x00,
    0x1f,0xf8,0xb5,0x72,0x75,0x72,0x96,0x7a,0x75,0x72,0x75,0x72,0x75,0x72,0x75,0x72,0x96,0x7a,0x95,0x72,0x95,0x72,0x75,0x72,0xf7,0x79,0x1f,0x00,
    0xb5,0x52,0x00,0x00,0x75,0x72,0x96,0x7a,0x75,0x72,0x75,0x72,0x75,0x72,0x75,0x72,0x75,0x72,0x75,0x72,0x95,0x72,0xb7,0x82,0x75,0x72,0x1f,0xf8,
    0x00,0x00,0xb5,0xaa,0x00,0x00,0x75,0x72,0xb7,0x7a,0x75,0x72,0x75,0x72,0x75,0x72,0x75,0x72,0x75,0x72,0x75,0x72,0x75,0x72,0x96,0x7a,0x75,0x72,
    0x00,0x00,0x1f,0x00,0xb5,0x52,0xb5,0x52,0x75,0x72,0xb6,0x7a,0x75,0x72,0x75,0x72,0x75,0x72,0x75,0x72,0x75,0x72,0x75,0x72,0x96,0x7a,0x75,0x72,
    0x00,0x00,0x00,0x00,0x1f,0xf8,0x1f,0x00,0x39,0x63,0x75,0x72,0xb7,0x7a,0x75,0x72,0x75,0x72,0x75,0x72,0x75,0x72,0x75,0x72,0x96,0x7a,0x75,0x72,
    0x00,0x00,0x00,0x00,0x00,0x00,0x1f,0xf8,0x00,0x00,0xaa,0x52,0x75,0x72,0x96,0x7a,0x96,0x7a,0x75,0x72,0x75,0x72,0x75,0x72,0x96,0x7a,0x75,0x72,
    0x00,0x00,0x00,0x00,0x00,0x00,0x00,0x00,0x1f,0xf8,0x1f,0x00,0x00,0x00,0x75,0x72,0x95,0x72,0x75,0x72,0x75,0x72,0x96,0x72,0x75,0x72,0x00,0x00,
    0x2d,0xc2,0x00,0x00,0x02,0x00,0x00,0x00,0x00,0x00,0x00,0x00,0x00,0x00,0x1e,0xe4,0x9c,0x52,0x00,0x03,0x00,0x00,0x00,0x00,0x00,0x00,0x00,0x00,
    0x73,0xff,0xff,0xff,0x60,0x00,0x04,0x00,0x00,0x00,0x00,0x00,0x00,0x00,0x7e,0xff,0xf7,0xfc,0xfa,0x39,0x00,0x05,0x00,0x00,0x00,0x00,0x00,0x00,
    0x37,0xfd,0xff,0xfd,0xff,0xe3,0x22,0x00,0x05,0x03,0x01,0x00,0x00,0x00,0x05,0xd4,0xfe,0xfd,0xfd,0xff,0xe3,0x42,0x00,0x00,0x00,0x03,0x01,0x00,
    0x00,0x6b,0xff,0xfb,0xff,0xfd,0xff,0xff,0x9d,0x3a,0x09,0x00,0x00,0x00,0x01,0x09,0xdd,0xfe,0xfc,0xff,0xfe,0xff,0xff,0xff,0xdf,0x81,0x04,0x01,
    0x03,0x00,0x4a,0xff,0xfa,0xff,0xff,0xff,0xfc,0xfe,0xff,0xff,0xa7,0x01,0x00,0x03,0x00,0x91,0xff,0xfa,0xff,0xff,0xff,0xff,0xfd,0xfa,0xff,0x50,
    0x00,0x01,0x03,0x03,0xb1,0xff,0xfa,0xff,0xff,0xff,0xff,0xfc,0xfd,0x9f,0x00,0x00,0x01,0x01,0x05,0xb1,0xff,0xfd,0xfd,0xff,0xff,0xfb,0xfe,0xac,
    0x00,0x00,0x00,0x01,0x01,0x03,0x90,0xff,0xff,0xff,0xff,0xff,0xff,0x62,0x00,0x00,0x00,0x00,0x01,0x01,0x00,0x50,0xc5,0xf8,0xfd,0xe2,0x77,0x00,

};

const lv_image_dsc_t emoji_eggplant_14 = {
  .header.magic = LV_IMAGE_HEADER_MAGIC,
  .header.cf = LV_COLOR_FORMAT_RGB565A8,
  .header.flags = 0,
  .header.w = 14,
  .header.h = 14,
  .header.stride = 28,
  .data_size = sizeof(emoji_eggplant_14_map),
  .data = emoji_eggplant_14_map,
};




#ifndef LV_ATTRIBUTE_MEM_ALIGN
#define LV_ATTRIBUTE_MEM_ALIGN
#endif

#ifndef LV_ATTRIBUTE_EMOJI_SHIELD_14
#define LV_ATTRIBUTE_EMOJI_SHIELD_14
#endif

static const
LV_ATTRIBUTE_MEM_ALIGN LV_ATTRIBUTE_LARGE_CONST LV_ATTRIBUTE_EMOJI_SHIELD_14
uint8_t emoji_shield_14_map[] = {

    0x00,0x00,0xfb,0xde,0x1b,0xef,0xdb,0xd6,0xbc,0xc6,0x7c,0xb6,0x5c,0xae,0xd9,0xa5,0x1a,0xae,0x7b,0xbe,0xfc,0xd6,0x9e,0xf7,0x3c,0xe7,0x00,0x00,
    0xfb,0xfe,0x9b,0xc6,0x9e,0x9e,0xfe,0x7d,0xbe,0x65,0x9e,0x5d,0x3d,0x55,0x53,0x23,0x53,0x23,0xb4,0x33,0x56,0x54,0x59,0x85,0x7b,0xbe,0xff,0xff,
    0x5a,0xff,0x3c,0xa6,0x5e,0x45,0x5d,0x4d,0x5d,0x55,0x7d,0x55,0x3d,0x55,0x53,0x23,0x32,0x23,0x12,0x1b,0xf2,0x1a,0xd2,0x0a,0x98,0x95,0xff,0xff,
    0x3b,0xf7,0x3c,0x9e,0x5d,0x4d,0x7d,0x5d,0x7d,0x55,0x7d,0x55,0x3d,0x55,0x53,0x23,0x33,0x23,0x33,0x23,0x53,0x23,0xf2,0x1a,0x58,0x85,0xde,0xff,
    0x1b,0xef,0x5d,0x9e,0x5d,0x4d,0x7d,0x55,0x7d,0x55,0x7d,0x55,0x3d,0x55,0x53,0x23,0x33,0x23,0x33,0x23,0x53,0x23,0xf2,0x12,0x38,0x85,0x9d,0xff,
    0x1b,0xef,0x5d,0x9e,0x5d,0x4d,0x7d,0x55,0x7d,0x55,0x7d,0x55,0x3d,0x55,0x53,0x23,0x33,0x23,0x33,0x23,0x53,0x23,0xf2,0x12,0x38,0x85,0xbe,0xff,
    0x1b,0xf7,0x3c,0x9e,0x5e,0x4d,0x7d,0x55,0x7d,0x55,0x7d,0x55,0x3d,0x55,0x53,0x23,0x33,0x23,0x33,0x23,0x33,0x23,0xf2,0x12,0x58,0x8d,0xfe,0xff,
    0x9a,0xff,0x5c,0xae,0x7e,0x55,0x7d,0x55,0x7d,0x55,0x7d,0x55,0x3d,0x55,0x53,0x23,0x33,0x23,0x33,0x23,0x33,0x23,0x33,0x1b,0xd9,0xa5,0xff,0xff,
    0x00,0x00,0xbb,0xc6,0xff,0x6d,0x5d,0x55,0x7d,0x55,0x7d,0x55,0x3d,0x55,0x53,0x23,0x33,0x23,0x33,0x23,0x12,0x1b,0xf5,0x3b,0x9b,0xc6,0x00,0x00,
    0x00,0x00,0xfb,0xe6,0x9e,0x9e,0x3d,0x45,0x7d,0x5d,0x7d,0x55,0x3d,0x55,0x53,0x23,0x33,0x23,0x53,0x23,0xd2,0x0a,0x79,0x85,0x5d,0xef,0x00,0x00,
    0xef,0x7b,0xff,0xff,0xbb,0xce,0x1f,0x76,0x3d,0x4d,0x7d,0x5d,0x3d,0x55,0x53,0x23,0x53,0x23,0xd2,0x12,0x36,0x4c,0x9b,0xce,0xff,0xff,0xff,0x7f,
    0xff,0xff,0x00,0x00,0x3a,0xef,0xdc,0xc6,0x1f,0x76,0x5e,0x4d,0x3d,0x4d,0x53,0x23,0xd2,0x0a,0x36,0x4c,0x9b,0xc6,0x9d,0xf7,0x00,0x00,0xff,0xff,
    0x00,0x00,0xff,0xff,0x00,0x00,0xda,0xde,0xdc,0xce,0x7e,0x9e,0x7d,0x5d,0xb4,0x33,0x38,0x7d,0xdc,0xce,0x3b,0xe7,0x00,0x00,0xff,0xff,0x00,0x00,
    0x00,0x00,0x00,0x00,0x55,0xad,0x00,0x00,0x4f,0xd5,0x1c,0xe7,0x9c,0xc6,0x7b,0xbe,0x7d,0xef,0xb5,0xd6,0x00,0x00,0x55,0xad,0x00,0x00,0x00,0x00,
    0x00,0x16,0x5e,0xa2,0xd3,0xf0,0xff,0xff,0xf0,0xd3,0xa2,0x5e,0x16,0x00,0x08,0xcd,0xff,0xff,0xff,0xff,0xff,0xff,0xff,0xff,0xff,0xff,0xcd,0x08,
    0x24,0xfa,0xfd,0xfb,0xfd,0xfe,0xff,0xff,0xfe,0xfd,0xfb,0xfd,0xfa,0x24,0x3b,0xfe,0xfe,0xff,0xff,0xff,0xff,0xff,0xff,0xff,0xff,0xfe,0xfe,0x3b,
    0x4b,0xff,0xfe,0xff,0xff,0xff,0xff,0xff,0xff,0xff,0xff,0xfe,0xff,0x4b,0x49,0xff,0xfe,0xff,0xff,0xff,0xff,0xff,0xff,0xff,0xff,0xfe,0xff,0x49,
    0x37,0xfe,0xff,0xff,0xff,0xff,0xff,0xff,0xff,0xff,0xff,0xff,0xfe,0x37,0x16,0xed,0xff,0xfe,0xff,0xff,0xff,0xff,0xff,0xff,0xfe,0xff,0xed,0x16,
    0x00,0xbe,0xfe,0xfc,0xff,0xff,0xff,0xff,0xff,0xff,0xfc,0xfe,0xbd,0x00,0x00,0x5e,0xff,0xfb,0xff,0xff,0xff,0xff,0xff,0xff,0xfb,0xff,0x5e,0x00,
    0x02,0x05,0xce,0xff,0xfa,0xff,0xff,0xff,0xff,0xfa,0xff,0xce,0x06,0x02,0x02,0x00,0x27,0xe8,0xff,0xfb,0xfe,0xfe,0xfb,0xff,0xe8,0x27,0x00,0x02,
    0x00,0x02,0x00,0x28,0xc6,0xff,0xff,0xff,0xff,0xc6,0x28,0x00,0x02,0x00,0x00,0x00,0x03,0x00,0x06,0x71,0xe1,0xe1,0x71,0x06,0x00,0x03,0x00,0x00,

};

const lv_image_dsc_t emoji_shield_14 = {
  .header.magic = LV_IMAGE_HEADER_MAGIC,
  .header.cf = LV_COLOR_FORMAT_RGB565A8,
  .header.flags = 0,
  .header.w = 14,
  .header.h = 14,
  .header.stride = 28,
  .data_size = sizeof(emoji_shield_14_map),
  .data = emoji_shield_14_map,
};




#ifndef LV_ATTRIBUTE_MEM_ALIGN
#define LV_ATTRIBUTE_MEM_ALIGN
#endif

#ifndef LV_ATTRIBUTE_EMOJI_GOGGLES_14
#define LV_ATTRIBUTE_EMOJI_GOGGLES_14
#endif

static const
LV_ATTRIBUTE_MEM_ALIGN LV_ATTRIBUTE_LARGE_CONST LV_ATTRIBUTE_EMOJI_GOGGLES_14
uint8_t emoji_goggles_14_map[] = {

    0x00,0x00,0x00,0x00,0x00,0x00,0x00,0x00,0x00,0x00,0x00,0x00,0x00,0x00,0x00,0x00,0x00,0x00,0x00,0x00,0x00,0x00,0x00,0x00,0x00,0x00,0x00,0x00,
    0x00,0x00,0xff,0xff,0x55,0xad,0xf7,0x7d,0xf7,0xbd,0xf7,0xbd,0xf7,0xbd,0xf7,0xbd,0xf7,0xbd,0xf7,0xbd,0xf7,0x7d,0x55,0xad,0xff,0xff,0x00,0x00,
    0xff,0xff,0x00,0x00,0x00,0x00,0x00,0x00,0x00,0x00,0x00,0x00,0x00,0x00,0x00,0x00,0x00,0x00,0x00,0x00,0x00,0x00,0x00,0x00,0x00,0x00,0xff,0xff,
    0x00,0x00,0x94,0x84,0x36,0x95,0x36,0x95,0x36,0x95,0x35,0x95,0x15,0x95,0x15,0x95,0x35,0x95,0x16,0x95,0x35,0x95,0x36,0x95,0xf3,0x8c,0x00,0x00,
    0x15,0x95,0x77,0x9d,0x5a,0xbe,0x9b,0xc6,0xbb,0xce,0xbb,0xce,0x1d,0xd7,0x3d,0xdf,0xfc,0xd6,0xfc,0xce,0xdc,0xce,0x5a,0xbe,0x76,0x9d,0xf4,0x8c,
    0x76,0x9d,0x7a,0xc6,0xfc,0xd6,0xdc,0xd6,0xdb,0xce,0xfc,0xd6,0x7e,0xe7,0x7e,0xe7,0xfc,0xd6,0x3d,0xdf,0xfc,0xd6,0xdc,0xd6,0x7a,0xc6,0x76,0x9d,
    0x2d,0x5b,0x9b,0xc6,0xbb,0xce,0xbb,0xce,0xbb,0xce,0x1c,0xdf,0x7e,0xe7,0x3d,0xdf,0xdc,0xd6,0x1d,0xdf,0xbb,0xce,0xbb,0xce,0x9b,0xc6,0x2d,0x5b,
    0x2d,0x5b,0x9b,0xc6,0xbb,0xce,0xbb,0xce,0xbb,0xce,0x3d,0xe7,0x7a,0xc6,0x39,0xbe,0x1c,0xdf,0xfc,0xd6,0x9b,0xce,0xbb,0xce,0x9b,0xc6,0x2d,0x5b,
    0x77,0x9d,0x7a,0xc6,0xfc,0xd6,0xbb,0xce,0x3d,0xdf,0x1d,0xd7,0xf4,0x8c,0xf5,0x8c,0xfc,0xd6,0xfc,0xd6,0xbb,0xce,0xfc,0xd6,0x7a,0xc6,0x76,0x9d,
    0xf5,0x8c,0x97,0xa5,0xbb,0xc6,0xbb,0xce,0xdc,0xce,0x97,0xa5,0xef,0x7b,0x96,0x9d,0x77,0xa5,0xbb,0xc6,0xbb,0xce,0xbb,0xc6,0x97,0xa5,0xb4,0x84,
    0x00,0x00,0x15,0x95,0x76,0x9d,0x76,0x9d,0x56,0x9d,0x14,0x8d,0x00,0x00,0x00,0x00,0x14,0x95,0x56,0x9d,0x76,0x9d,0x56,0x9d,0xd5,0x8c,0x00,0x00,
    0xff,0xff,0x00,0x00,0x00,0x00,0x00,0x00,0x00,0x00,0x00,0x00,0x00,0x00,0x00,0x00,0x00,0x00,0x00,0x00,0x00,0x00,0x00,0x00,0x00,0x00,0xff,0xff,
    0x00,0x00,0xef,0x7b,0xf7,0xbd,0xf7,0xbd,0xf7,0xbd,0xef,0x7b,0x00,0x00,0x00,0x00,0xef,0x7b,0xf7,0xbd,0xf7,0xbd,0xf7,0xbd,0xef,0x7b,0x00,0x00,
    0x00,0x00,0x00,0x00,0x00,0x00,0x00,0x00,0x00,0x00,0x00,0x00,0x00,0x00,0x00,0x00,0x00,0x00,0x00,0x00,0x00,0x00,0x00,0x00,0x00,0x00,0x00,0x00,
    0x00,0x00,0x00,0x00,0x00,0x00,0x00,0x00,0x00,0x00,0x00,0x00,0x00,0x00,0x00,0x01,0x03,0x04,0x04,0x04,0x04,0x04,0x04,0x04,0x04,0x03,0x01,0x00,
    0x01,0x00,0x00,0x00,0x00,0x00,0x00,0x00,0x00,0x00,0x00,0x00,0x00,0x01,0x00,0x13,0x53,0x6f,0x7e,0x80,0x80,0x80,0x80,0x7e,0x6f,0x51,0x10,0x00,
    0x1e,0xde,0xff,0xff,0xff,0xff,0xff,0xff,0xff,0xff,0xff,0xff,0xdb,0x1a,0xbc,0xff,0xfa,0xfb,0xfb,0xfb,0xfa,0xfa,0xfb,0xfb,0xfb,0xfa,0xff,0xb8,
    0xff,0xfd,0xff,0xff,0xff,0xff,0xfe,0xfe,0xff,0xff,0xff,0xff,0xfd,0xff,0xff,0xfe,0xff,0xff,0xff,0xfe,0xff,0xff,0xfe,0xff,0xff,0xff,0xfe,0xff,
    0xbc,0xff,0xf9,0xfb,0xf8,0xff,0x6f,0x75,0xff,0xf8,0xfb,0xf9,0xff,0xb9,0x25,0xf0,0xff,0xff,0xff,0xe6,0x06,0x0a,0xea,0xff,0xff,0xff,0xed,0x20,
    0x00,0x26,0x72,0x7e,0x72,0x23,0x00,0x00,0x26,0x73,0x7e,0x71,0x24,0x00,0x01,0x00,0x00,0x00,0x00,0x00,0x01,0x01,0x00,0x00,0x00,0x00,0x00,0x01,
    0x00,0x02,0x04,0x04,0x04,0x02,0x00,0x00,0x02,0x04,0x04,0x04,0x02,0x00,0x00,0x00,0x00,0x00,0x00,0x00,0x00,0x00,0x00,0x00,0x00,0x00,0x00,0x00,

};

const lv_image_dsc_t emoji_goggles_14 = {
  .header.magic = LV_IMAGE_HEADER_MAGIC,
  .header.cf = LV_COLOR_FORMAT_RGB565A8,
  .header.flags = 0,
  .header.w = 14,
  .header.h = 14,
  .header.stride = 28,
  .data_size = sizeof(emoji_goggles_14_map),
  .data = emoji_goggles_14_map,
};




#ifndef LV_ATTRIBUTE_MEM_ALIGN
#define LV_ATTRIBUTE_MEM_ALIGN
#endif

#ifndef LV_ATTRIBUTE_EMOJI_LIZARD_14
#define LV_ATTRIBUTE_EMOJI_LIZARD_14
#endif

static const
LV_ATTRIBUTE_MEM_ALIGN LV_ATTRIBUTE_LARGE_CONST LV_ATTRIBUTE_EMOJI_LIZARD_14
uint8_t emoji_lizard_14_map[] = {

    0x00,0x00,0xea,0x7d,0xc8,0x53,0xe9,0x6c,0x00,0x00,0x42,0x33,0x83,0x3b,0x00,0x00,0x45,0x55,0x00,0x00,0x00,0x00,0x00,0x00,0x00,0x00,0x00,0x00,
    0x8b,0x7d,0xeb,0x7d,0x8a,0x64,0xab,0x7d,0x0c,0x86,0x05,0x4c,0xa3,0x43,0x60,0x01,0x00,0x00,0xe0,0x03,0xef,0x7b,0xa0,0x52,0xe0,0x7b,0x00,0x00,
    0x25,0x4c,0x66,0x54,0xa6,0x5c,0xa7,0x5c,0x49,0x6d,0x6a,0x75,0x8a,0x75,0xcb,0x7d,0xcb,0x7d,0x00,0x00,0x00,0x00,0x00,0x00,0x00,0x00,0x00,0x00,
    0x21,0x33,0x43,0x3b,0xe4,0x32,0xa3,0x3b,0x63,0x3b,0xa4,0x43,0x45,0x54,0x28,0x6d,0xcb,0x7d,0xcb,0x7d,0x49,0x6d,0x22,0x33,0xc3,0x43,0x83,0x3b,
    0x00,0x00,0x24,0x3b,0x04,0x3b,0xa3,0x43,0x83,0x3b,0xa3,0x3b,0x83,0x3b,0x42,0x33,0x04,0x4c,0x49,0x6d,0xaa,0x7d,0xe4,0x43,0x83,0x3b,0x83,0x3b,
    0xe0,0x03,0x00,0x00,0x00,0x00,0x00,0x00,0x83,0x3b,0xa3,0x43,0x4a,0x55,0xef,0xff,0x63,0x3b,0x63,0x3b,0xc7,0x64,0x8a,0x75,0xeb,0x5c,0x00,0x00,
    0x00,0x00,0xe0,0x7b,0xaa,0x52,0xe0,0x3b,0x00,0x00,0x00,0x00,0xe0,0x07,0x00,0x00,0x83,0x3b,0xa3,0x43,0x63,0x3b,0x8a,0x75,0xab,0x7d,0xe0,0x03,
    0x00,0x00,0x00,0x00,0x00,0x00,0x00,0x00,0x00,0x00,0xa0,0x52,0xe0,0x03,0xa0,0x52,0x83,0x3b,0xa3,0x43,0x42,0x3b,0xa6,0x5c,0xab,0x7d,0xe7,0x7b,
    0x00,0x00,0x00,0x00,0x00,0x00,0xe0,0x03,0xa0,0x52,0xa0,0x52,0xe0,0x3b,0xe0,0x07,0x83,0x3b,0x83,0x3b,0x62,0x33,0x45,0x4c,0x8a,0x7d,0xcb,0x7d,
    0x00,0x00,0x00,0x00,0xef,0x7f,0x00,0x00,0x00,0x00,0x00,0x00,0x00,0x00,0xe5,0x53,0x83,0x3b,0x83,0x3b,0x42,0x33,0x25,0x4c,0x8a,0x75,0xab,0x7d,
    0x00,0x00,0x00,0x00,0x00,0x00,0x62,0x3b,0x05,0x4c,0x83,0x3b,0x00,0x00,0x00,0x00,0x00,0x00,0x00,0x00,0x01,0x2b,0xe7,0x5c,0xcb,0x7d,0x00,0x00,
    0xef,0x7b,0x00,0x00,0x46,0x54,0x08,0x65,0x08,0x65,0xc7,0x64,0xa7,0x5c,0x25,0x54,0xc4,0x43,0xa3,0x43,0x65,0x54,0x8a,0x75,0xcb,0x85,0xe0,0x07,
    0x00,0x00,0x63,0x3b,0xc7,0x64,0xf4,0xbf,0x00,0x00,0x00,0x00,0x0c,0x86,0x6a,0x75,0x28,0x6d,0x08,0x6d,0xca,0x7d,0xab,0x7d,0x00,0x00,0xe0,0x7b,
    0x00,0x00,0x84,0x3b,0xa7,0x5c,0x00,0x00,0x26,0x63,0x00,0x00,0x00,0x00,0x00,0x00,0x00,0x00,0x00,0x00,0x00,0x00,0x00,0x00,0xef,0x7b,0x00,0x00,
    0x00,0x18,0x67,0x63,0x00,0x6b,0x93,0x00,0x06,0x00,0x00,0x00,0x00,0x00,0x65,0xe4,0xff,0xff,0x91,0x6b,0xe3,0x10,0x00,0x02,0x02,0x03,0x02,0x00,
    0xeb,0xff,0xf7,0xf9,0xff,0xef,0xf6,0xba,0x53,0x00,0x00,0x00,0x00,0x00,0x41,0xf4,0xff,0xff,0xea,0xf4,0xff,0xff,0xff,0xbe,0x27,0x4a,0x9b,0xb5,
    0x00,0x34,0xa9,0x89,0x7e,0xce,0xbf,0xc6,0xff,0xff,0xf2,0xfe,0xc3,0x73,0x02,0x00,0x00,0x00,0x9c,0x92,0x03,0x02,0x79,0xf3,0xff,0xef,0x08,0x00,
    0x00,0x02,0x03,0x04,0x00,0x00,0x01,0x00,0x54,0xfe,0xff,0xff,0x7f,0x02,0x00,0x00,0x00,0x00,0x01,0x03,0x02,0x03,0xe4,0xac,0xc8,0xff,0xd2,0x04,
    0x00,0x00,0x00,0x02,0x03,0x03,0x04,0x01,0xb5,0x6d,0x57,0xff,0xe9,0x16,0x00,0x00,0x02,0x00,0x00,0x00,0x00,0x06,0xbd,0x5f,0x39,0xfe,0xe3,0x0e,
    0x00,0x01,0x00,0x23,0x4b,0x3a,0x0b,0x00,0x00,0x00,0x87,0xff,0xad,0x00,0x02,0x00,0x78,0xcc,0xb1,0xcc,0xe2,0xb6,0x7e,0xa2,0xff,0xf8,0x31,0x01,
    0x00,0x1c,0xb8,0x0b,0x00,0x00,0x37,0x90,0xc7,0xd9,0xa3,0x34,0x00,0x02,0x00,0x14,0x67,0x00,0x05,0x00,0x00,0x00,0x00,0x00,0x00,0x00,0x02,0x00,

};

const lv_image_dsc_t emoji_lizard_14 = {
  .header.magic = LV_IMAGE_HEADER_MAGIC,
  .header.cf = LV_COLOR_FORMAT_RGB565A8,
  .header.flags = 0,
  .header.w = 14,
  .header.h = 14,
  .header.stride = 28,
  .data_size = sizeof(emoji_lizard_14_map),
  .data = emoji_lizard_14_map,
};




#ifndef LV_ATTRIBUTE_MEM_ALIGN
#define LV_ATTRIBUTE_MEM_ALIGN
#endif

#ifndef LV_ATTRIBUTE_EMOJI_KANGAROO_14
#define LV_ATTRIBUTE_EMOJI_KANGAROO_14
#endif

static const
LV_ATTRIBUTE_MEM_ALIGN LV_ATTRIBUTE_LARGE_CONST LV_ATTRIBUTE_EMOJI_KANGAROO_14
uint8_t emoji_kangaroo_14_map[] = {

    0x00,0x00,0x6a,0xbb,0xe8,0xb2,0xcf,0xd4,0xaf,0xd4,0x00,0x00,0x4a,0xad,0x00,0x00,0x00,0x00,0x00,0x00,0x00,0x00,0x00,0x00,0x00,0x00,0x00,0x00,
    0xaa,0xaa,0x29,0xcb,0xcc,0xcb,0x2d,0xcc,0x6e,0xd4,0x00,0x00,0xef,0x7b,0x00,0x00,0x00,0x00,0x00,0x00,0x00,0x00,0x00,0x00,0x00,0x00,0x00,0x00,
    0x00,0x00,0x4e,0xb4,0x4e,0xbc,0x31,0xe5,0xf0,0xd4,0x00,0x00,0x55,0xfd,0x00,0x00,0x00,0x00,0x00,0x00,0x00,0x00,0x00,0x00,0x00,0x00,0x00,0x00,
    0x8f,0xc4,0x31,0xe5,0x8f,0xc4,0x51,0xed,0xf0,0xd4,0x55,0xfd,0xd3,0xcc,0x00,0x00,0x00,0x00,0x00,0x00,0x00,0x00,0x00,0x00,0x00,0x00,0x00,0x00,
    0x0d,0xac,0x30,0xe5,0x10,0xdd,0x71,0xed,0xf0,0xdc,0x00,0x00,0xef,0x7b,0xef,0xfb,0x00,0x00,0x00,0x00,0x00,0x00,0x00,0x00,0x00,0x00,0x00,0x00,
    0x00,0x00,0x00,0x00,0xf0,0xd4,0x71,0xed,0x10,0xdd,0x10,0xdd,0x4e,0xbc,0x00,0x00,0xef,0xfb,0x00,0x00,0x00,0x00,0x00,0x00,0x00,0x00,0x00,0x00,
    0xaa,0xaa,0xef,0xff,0xf0,0xdc,0x11,0xe5,0xf0,0xdc,0x51,0xe5,0x10,0xe5,0xef,0xd4,0x00,0x00,0xef,0xfb,0x00,0x00,0x00,0x00,0x00,0x00,0x00,0x00,
    0xef,0xbb,0x00,0x00,0x10,0xdd,0xcf,0xdc,0x8f,0xd4,0xf0,0xdc,0x31,0xe5,0x10,0xdd,0xef,0xd4,0x00,0x00,0xef,0xfb,0x00,0x00,0x00,0x00,0x00,0x00,
    0x00,0x00,0x30,0xd5,0xaf,0xd4,0x8e,0xd4,0xf0,0xdc,0xf0,0xdc,0xf0,0xdc,0x31,0xe5,0xf0,0xdc,0x55,0xfd,0xef,0x7b,0x00,0x00,0x00,0x00,0x00,0x00,
    0x00,0x00,0xf0,0xdc,0xf0,0xdc,0xf0,0xdc,0x71,0xed,0xf0,0xdc,0xf0,0xdc,0xf0,0xdc,0x31,0xe5,0xf0,0xdc,0x00,0xf8,0x55,0xfd,0x00,0x00,0xef,0x7b,
    0x00,0x00,0x00,0x00,0x00,0x00,0xcf,0xd4,0x10,0xdd,0x10,0xdd,0xf0,0xdc,0x30,0xe5,0x51,0xed,0xf0,0xd4,0x00,0x00,0xb2,0xdd,0x55,0xfd,0x00,0x00,
    0x00,0x00,0xff,0xff,0x4a,0xad,0x00,0x00,0x00,0x00,0xf0,0xdc,0xf0,0xdc,0xf0,0xdc,0x31,0xe5,0x10,0xdd,0xee,0xd4,0x00,0x00,0x00,0x00,0x10,0xdd,
    0x00,0x00,0x00,0x00,0x00,0x00,0xe0,0xff,0x00,0x00,0xf0,0xd4,0xf0,0xdc,0x00,0x00,0xf0,0xd4,0x92,0xf5,0xf0,0xdc,0xf0,0xd4,0x10,0xdd,0xf0,0xdc,
    0x00,0x00,0xff,0xff,0x00,0x00,0xf0,0xd4,0x10,0xe5,0x10,0xdd,0xf0,0xdc,0xef,0xbb,0x00,0x00,0xf0,0xdc,0x10,0xdd,0x31,0xe5,0xf0,0xdc,0x11,0xdd,
    0x00,0x2c,0x68,0x7a,0x4e,0x00,0x03,0x00,0x00,0x00,0x00,0x00,0x00,0x00,0x03,0x14,0xbd,0xde,0x24,0x00,0x02,0x00,0x00,0x00,0x00,0x00,0x00,0x00,
    0x00,0x5c,0xfa,0xfd,0x50,0x00,0x03,0x00,0x00,0x00,0x00,0x00,0x00,0x00,0x88,0xff,0xff,0xff,0xa2,0x03,0x05,0x00,0x00,0x00,0x00,0x00,0x00,0x00,
    0xbf,0xbc,0xbe,0xff,0x90,0x00,0x02,0x02,0x00,0x00,0x00,0x00,0x00,0x00,0x00,0x00,0xa1,0xff,0xd3,0x57,0x0b,0x00,0x02,0x00,0x00,0x00,0x00,0x00,
    0x03,0x02,0xc6,0xff,0xff,0xff,0xd8,0x3e,0x00,0x02,0x00,0x00,0x00,0x00,0x04,0x00,0xb0,0xff,0xfa,0xfb,0xff,0xf6,0x32,0x00,0x02,0x00,0x00,0x00,
    0x00,0x33,0xe0,0xfe,0xfc,0xff,0xfa,0xff,0xcb,0x03,0x02,0x00,0x00,0x00,0x00,0x2a,0x3d,0xd3,0xff,0xfd,0xff,0xf9,0xff,0x45,0x01,0x03,0x00,0x02,
    0x00,0x00,0x00,0x2b,0xc1,0xfd,0xfe,0xff,0xfd,0x9a,0x00,0x07,0x03,0x00,0x00,0x01,0x03,0x00,0x00,0xd0,0xfc,0x96,0xff,0xe6,0x0d,0x00,0x00,0x23,
    0x00,0x00,0x00,0x01,0x00,0x5b,0xe5,0x00,0x90,0xff,0xca,0x6f,0x9c,0xa6,0x00,0x01,0x00,0x1f,0x72,0xa2,0xcc,0x04,0x00,0x7d,0xf0,0xff,0xc6,0x1c,

};

const lv_image_dsc_t emoji_kangaroo_14 = {
  .header.magic = LV_IMAGE_HEADER_MAGIC,
  .header.cf = LV_COLOR_FORMAT_RGB565A8,
  .header.flags = 0,
  .header.w = 14,
  .header.h = 14,
  .header.stride = 28,
  .data_size = sizeof(emoji_kangaroo_14_map),
  .data = emoji_kangaroo_14_map,
};




#ifndef LV_ATTRIBUTE_MEM_ALIGN
#define LV_ATTRIBUTE_MEM_ALIGN
#endif

#ifndef LV_ATTRIBUTE_EMOJI_FEATHER_14
#define LV_ATTRIBUTE_EMOJI_FEATHER_14
#endif

static const
LV_ATTRIBUTE_MEM_ALIGN LV_ATTRIBUTE_LARGE_CONST LV_ATTRIBUTE_EMOJI_FEATHER_14
uint8_t emoji_feather_14_map[] = {

    0x00,0x00,0x00,0x00,0x00,0x00,0x00,0x00,0x00,0x00,0xff,0xff,0x4a,0xfd,0x00,0x00,0x00,0x00,0x63,0x79,0xa1,0x58,0x02,0x61,0x67,0xa2,0x67,0x9a,
    0x00,0x00,0x00,0x00,0x00,0x00,0x00,0x00,0xef,0xfb,0x00,0x00,0x00,0x00,0xab,0xd3,0xa4,0x81,0xc1,0x58,0xa4,0x81,0x26,0x9a,0xa4,0x89,0x02,0x61,
    0x00,0x00,0x00,0x00,0x00,0x00,0x55,0xfd,0x00,0x00,0x12,0xcd,0xec,0xcb,0x6a,0xcb,0xc8,0xb2,0xa4,0x81,0xe5,0x81,0x02,0x61,0xe2,0x60,0x02,0x69,
    0x00,0x00,0x00,0x00,0x55,0xfd,0x00,0x00,0xcf,0xd4,0x31,0xe5,0xcf,0xe4,0x29,0xc3,0x29,0xbb,0xa7,0xaa,0x84,0x79,0x43,0x71,0x22,0x69,0x42,0x69,
    0x00,0x00,0xef,0xfb,0x00,0x00,0xcf,0xd4,0x10,0xdd,0x51,0xe5,0xaf,0xd4,0x08,0xb3,0xc8,0xb2,0x29,0xc3,0x6a,0xcb,0x29,0xbb,0x46,0x92,0x00,0x00,
    0x4a,0xfd,0x00,0x00,0xf0,0xd4,0x10,0xe5,0x10,0xdd,0xcf,0xd4,0xcb,0xc3,0x6e,0xcc,0x6e,0xd4,0xec,0xcb,0x8a,0xcb,0x6a,0xc3,0x00,0x00,0xaa,0xaa,
    0xff,0xff,0xb2,0xdd,0xf0,0xdc,0x31,0xe5,0xcf,0xd4,0xcc,0xc3,0xaf,0xd4,0x10,0xdd,0x10,0xdd,0x31,0xe5,0xcf,0xd4,0x00,0x00,0xe7,0xbb,0x00,0x00,
    0x00,0x00,0xf0,0xdc,0x10,0xdd,0xf0,0xdc,0x0c,0xcc,0xaf,0xd4,0x31,0xe5,0x30,0xe5,0xf0,0xdc,0x6e,0xc4,0x00,0x00,0xaa,0xaa,0x00,0x00,0x00,0x00,
    0x00,0x00,0x10,0xdd,0x51,0xe5,0x2d,0xcc,0x8f,0xd4,0x30,0xdd,0xf0,0xdc,0x51,0xe5,0xf0,0xdc,0x00,0x00,0xef,0xbd,0x00,0x00,0x00,0x00,0x00,0x00,
    0xaa,0xaa,0xcf,0xdc,0x8e,0xd4,0x8e,0xdc,0x51,0xe5,0x31,0xe5,0x30,0xe5,0xcf,0xd4,0x00,0x00,0xef,0xbb,0x00,0x00,0x00,0x00,0x00,0x00,0x00,0x00,
    0x86,0x99,0x49,0xc3,0xec,0xcb,0xf0,0xdc,0xcf,0xdc,0x10,0xdd,0xf0,0xd4,0x55,0xfd,0x55,0xfd,0x00,0x00,0x00,0x00,0x00,0x00,0x00,0x00,0x00,0x00,
    0x00,0x00,0x49,0xc3,0x6a,0xcb,0x49,0xc3,0x09,0xbb,0x00,0x00,0x00,0x00,0x00,0xf8,0x00,0x00,0x00,0x00,0x00,0x00,0x00,0x00,0x00,0x00,0x00,0x00,
    0x49,0xc3,0x4a,0xc3,0x00,0x00,0xea,0xd3,0x00,0x00,0xef,0xff,0x55,0xfd,0x00,0x00,0x00,0x00,0x00,0x00,0x00,0x00,0x00,0x00,0x00,0x00,0x00,0x00,
    0x49,0xc3,0x2c,0xcb,0x00,0xf8,0x00,0x00,0xff,0xff,0x00,0x00,0x00,0x00,0x00,0x00,0x00,0x00,0x00,0x00,0x00,0x00,0x00,0x00,0x00,0x00,0x00,0x00,
    0x00,0x00,0x00,0x00,0x00,0x01,0x03,0x00,0x00,0x22,0x54,0x7b,0xa2,0x7e,0x00,0x00,0x00,0x00,0x02,0x00,0x00,0x38,0xab,0xf1,0xff,0xff,0xff,0xb1,
    0x00,0x00,0x00,0x03,0x00,0x0e,0x95,0xff,0xff,0xff,0xfe,0xf9,0xff,0x5d,0x00,0x00,0x03,0x00,0x32,0xd4,0xff,0xfe,0xfc,0xff,0xfc,0xff,0xd4,0x0c,
    0x00,0x02,0x00,0x4a,0xf3,0xff,0xfb,0xfe,0xfe,0xfc,0xff,0xeb,0x2a,0x00,0x03,0x00,0x40,0xfa,0xff,0xfc,0xff,0xff,0xff,0xff,0xf1,0x37,0x00,0x03,
    0x01,0x07,0xdc,0xff,0xfc,0xff,0xfd,0xf2,0xdf,0xe3,0x3a,0x00,0x04,0x00,0x00,0x31,0xff,0xfe,0xff,0xff,0xff,0xff,0xa8,0x12,0x00,0x03,0x00,0x00,
    0x00,0x3d,0xfe,0xfb,0xfa,0xd8,0xb5,0xb3,0x55,0x00,0x04,0x00,0x00,0x00,0x03,0x43,0xfd,0xff,0xff,0xff,0xfd,0x48,0x00,0x04,0x00,0x00,0x00,0x00,
    0x05,0xba,0xf0,0xd2,0xca,0xa8,0x62,0x03,0x03,0x00,0x00,0x00,0x00,0x00,0x00,0xa6,0xbf,0x9c,0x61,0x00,0x00,0x01,0x00,0x00,0x00,0x00,0x00,0x00,
    0x57,0x4b,0x00,0x06,0x00,0x02,0x03,0x00,0x00,0x00,0x00,0x00,0x00,0x00,0x6d,0x05,0x01,0x00,0x01,0x00,0x00,0x00,0x00,0x00,0x00,0x00,0x00,0x00,

};

const lv_image_dsc_t emoji_feather_14 = {
  .header.magic = LV_IMAGE_HEADER_MAGIC,
  .header.cf = LV_COLOR_FORMAT_RGB565A8,
  .header.flags = 0,
  .header.w = 14,
  .header.h = 14,
  .header.stride = 28,
  .data_size = sizeof(emoji_feather_14_map),
  .data = emoji_feather_14_map,
};




#ifndef LV_ATTRIBUTE_MEM_ALIGN
#define LV_ATTRIBUTE_MEM_ALIGN
#endif

#ifndef LV_ATTRIBUTE_EMOJI_BRIGHT_14
#define LV_ATTRIBUTE_EMOJI_BRIGHT_14
#endif

static const
LV_ATTRIBUTE_MEM_ALIGN LV_ATTRIBUTE_LARGE_CONST LV_ATTRIBUTE_EMOJI_BRIGHT_14
uint8_t emoji_bright_14_map[] = {

    0x00,0x00,0x00,0x00,0x00,0x00,0x00,0x00,0x40,0xfd,0x00,0x00,0x66,0xfd,0x66,0xfd,0x00,0x00,0x40,0xfd,0x00,0x00,0x00,0x00,0x00,0x00,0x00,0x00,
    0x00,0x00,0xe0,0xff,0x66,0xfd,0x00,0x00,0x00,0x00,0xe0,0xfb,0x66,0xfd,0x66,0xfd,0xe0,0xfb,0x00,0x00,0x00,0x00,0x66,0xfd,0xe0,0xff,0x00,0x00,
    0x00,0x00,0x66,0xfd,0xc6,0xfd,0x66,0xfd,0xe7,0xfd,0x00,0x00,0x46,0xfd,0x46,0xfd,0x00,0x00,0xe7,0xfd,0x66,0xfd,0xc6,0xfd,0x66,0xfd,0x00,0x00,
    0xe0,0xff,0x47,0xfd,0x66,0xfd,0x67,0xfe,0x66,0xfd,0x26,0xfd,0x66,0xfd,0x86,0xfd,0x26,0xfd,0x66,0xfd,0x67,0xfe,0x66,0xfd,0x47,0xfd,0xe0,0xff,
    0x4a,0xfd,0x00,0x00,0x00,0x00,0x86,0xfd,0x46,0xfd,0xa6,0xfd,0xc6,0xfd,0xc6,0xfd,0xa6,0xfd,0x46,0xfd,0x86,0xfd,0x00,0x00,0x00,0x00,0x4a,0xfd,
    0x00,0x00,0x00,0x00,0x00,0x00,0x06,0xfd,0xa6,0xfd,0x66,0xfd,0x46,0xfd,0x46,0xfd,0x66,0xfd,0xa6,0xfd,0x26,0xfd,0x00,0x00,0x00,0x00,0x00,0x00,
    0x66,0xfd,0xa6,0xfd,0x46,0xfd,0x66,0xfd,0xc6,0xfd,0x26,0xfd,0x00,0x00,0x00,0x00,0x26,0xfd,0xc6,0xfd,0x66,0xfd,0x46,0xfd,0xa6,0xfd,0x66,0xfd,
    0x66,0xfd,0xa6,0xfd,0x46,0xfd,0x66,0xfd,0xc6,0xfd,0x66,0xfd,0x00,0x00,0x00,0x00,0x66,0xfd,0xc6,0xfd,0x66,0xfd,0x46,0xfd,0xa6,0xfd,0x66,0xfd,
    0x00,0x00,0x00,0x00,0x00,0x00,0x06,0xfd,0xa6,0xfd,0x86,0xfd,0x46,0xfd,0x46,0xfd,0x86,0xfd,0xa6,0xfd,0x06,0xfd,0x00,0x00,0x00,0x00,0x00,0x00,
    0x4a,0xfd,0x00,0x00,0x00,0x00,0x86,0xfd,0x46,0xfd,0xa6,0xfd,0xc6,0xfd,0xc6,0xfd,0xa6,0xfd,0x46,0xfd,0x86,0xfd,0x00,0x00,0x00,0x00,0x4a,0xfd,
    0xe0,0xff,0x47,0xfd,0x66,0xfd,0x67,0xfe,0x66,0xfd,0x06,0xfd,0x66,0xfd,0x66,0xfd,0x26,0xfd,0x66,0xfd,0x67,0xfe,0x66,0xfd,0x47,0xfd,0xe0,0xff,
    0x00,0x00,0x66,0xfd,0xc6,0xfd,0x66,0xfd,0xe7,0xfd,0x00,0x00,0x46,0xfd,0x46,0xfd,0x00,0x00,0xe7,0xfd,0x66,0xfd,0xc6,0xfd,0x66,0xfd,0x00,0x00,
    0x00,0x00,0xe0,0xff,0x66,0xfd,0x00,0x00,0x00,0x00,0xe0,0xfb,0x66,0xfd,0x66,0xfd,0xe0,0xfb,0x00,0x00,0x00,0x00,0x66,0xfd,0xe0,0xff,0x00,0x00,
    0x00,0x00,0x00,0x00,0x00,0x00,0x00,0x00,0x40,0xfd,0x00,0x00,0x66,0xfd,0x66,0xfd,0x00,0x00,0x40,0xfd,0x00,0x00,0x00,0x00,0x00,0x00,0x00,0x00,
    0x00,0x00,0x00,0x00,0x03,0x00,0xbc,0xbc,0x00,0x03,0x00,0x00,0x00,0x00,0x00,0x01,0x28,0x00,0x00,0x02,0xdb,0xdb,0x02,0x00,0x00,0x28,0x01,0x00,
    0x00,0x28,0xff,0x9b,0x08,0x00,0xad,0xad,0x00,0x08,0x9b,0xff,0x28,0x00,0x02,0x09,0x9b,0xff,0x61,0x29,0x8e,0x8d,0x29,0x61,0xff,0x9b,0x09,0x02,
    0x03,0x00,0x00,0x60,0xa1,0xff,0xff,0xff,0xff,0xa1,0x60,0x00,0x00,0x03,0x00,0x00,0x00,0x1e,0xfb,0xc4,0x2f,0x2f,0xc4,0xfb,0x1d,0x00,0x00,0x00,
    0xbc,0xd1,0xb0,0x92,0xff,0x29,0x00,0x00,0x29,0xff,0x91,0xb0,0xd1,0xbc,0xbc,0xd1,0xb0,0x92,0xff,0x28,0x00,0x00,0x28,0xff,0x91,0xb0,0xd1,0xbc,
    0x00,0x00,0x00,0x1e,0xfb,0xc3,0x2f,0x2f,0xc3,0xfb,0x1e,0x00,0x00,0x00,0x03,0x00,0x00,0x60,0xa1,0xff,0xff,0xff,0xff,0xa1,0x60,0x00,0x00,0x03,
    0x02,0x09,0x9b,0xff,0x61,0x2a,0x8e,0x8e,0x29,0x61,0xff,0x9b,0x09,0x02,0x00,0x28,0xff,0x9b,0x08,0x00,0xad,0xad,0x00,0x08,0x9b,0xff,0x28,0x00,
    0x00,0x01,0x28,0x00,0x00,0x02,0xdb,0xdb,0x02,0x00,0x00,0x28,0x01,0x00,0x00,0x00,0x00,0x00,0x03,0x00,0xbc,0xbc,0x00,0x03,0x00,0x00,0x00,0x00,

};

const lv_image_dsc_t emoji_bright_14 = {
  .header.magic = LV_IMAGE_HEADER_MAGIC,
  .header.cf = LV_COLOR_FORMAT_RGB565A8,
  .header.flags = 0,
  .header.w = 14,
  .header.h = 14,
  .header.stride = 28,
  .data_size = sizeof(emoji_bright_14_map),
  .data = emoji_bright_14_map,
};




#ifndef LV_ATTRIBUTE_MEM_ALIGN
#define LV_ATTRIBUTE_MEM_ALIGN
#endif

#ifndef LV_ATTRIBUTE_EMOJI_PART_ALT_14
#define LV_ATTRIBUTE_EMOJI_PART_ALT_14
#endif

static const
LV_ATTRIBUTE_MEM_ALIGN LV_ATTRIBUTE_LARGE_CONST LV_ATTRIBUTE_EMOJI_PART_ALT_14
uint8_t emoji_part_alt_14_map[] = {

    0x00,0x00,0xef,0xff,0x00,0x00,0x00,0x00,0xe0,0xff,0x00,0x00,0xe0,0xff,0x00,0x00,0x00,0x00,0x00,0x00,0xe0,0xff,0x00,0x00,0x00,0x00,0x00,0x00,
    0xe0,0xff,0x00,0x00,0x29,0xfe,0x69,0xfe,0x00,0x00,0xe0,0xfb,0x00,0x00,0x2a,0xfe,0xea,0xfe,0x69,0xfe,0x00,0x00,0xe0,0xff,0x00,0x00,0x00,0x00,
    0x00,0x00,0x69,0xfe,0x89,0xfe,0xca,0xfe,0x49,0xfe,0x00,0x00,0xa9,0xfe,0x69,0xfe,0x0a,0xff,0x69,0xfe,0xe7,0xfe,0xef,0xff,0xe0,0xff,0x00,0x00,
    0xea,0xfd,0x49,0xfe,0xca,0xfe,0x89,0xfe,0x89,0xfe,0x69,0xfe,0x69,0xfe,0x0a,0xff,0x69,0xfe,0xea,0xfe,0x49,0xfe,0x00,0x00,0xea,0xff,0x00,0x00,
    0x69,0xfe,0xea,0xfe,0x49,0xfe,0x49,0xfe,0xea,0xfe,0x49,0xfe,0x69,0xfe,0x89,0xfe,0x69,0xfe,0x89,0xfe,0x69,0xfe,0x69,0xfe,0xe0,0xff,0xef,0xfb,
    0x49,0xfe,0x2a,0xff,0x69,0xfe,0x6a,0xfe,0xaa,0xfe,0x89,0xfe,0xea,0xfe,0x49,0xfe,0xe0,0xfb,0x69,0xfe,0x2a,0xff,0x69,0xfe,0x00,0x00,0xe7,0xfd,
    0x69,0xfe,0x2a,0xff,0x69,0xfe,0x00,0x00,0x49,0xfe,0xaa,0xfe,0x89,0xfe,0x49,0xfe,0x00,0x00,0x69,0xfe,0xea,0xfe,0x49,0xfe,0xaa,0xfe,0x00,0x00,
    0x69,0xfe,0x49,0xfe,0xea,0xff,0xef,0xfb,0x00,0x00,0x8a,0xfe,0x09,0xfe,0x00,0x00,0xe0,0xff,0x69,0xfe,0x49,0xfe,0x0a,0xff,0x49,0xfe,0x00,0x00,
    0x00,0x00,0x00,0x00,0x00,0x00,0x00,0x00,0xe0,0xff,0x00,0x00,0x00,0x00,0xef,0xfb,0xe7,0xfd,0x00,0x00,0x69,0xfe,0x2a,0xff,0x49,0xfe,0x00,0x00,
    0x4a,0xfd,0xe7,0xfd,0x00,0x00,0x00,0x00,0x00,0x00,0xef,0xff,0xef,0xfb,0x00,0x00,0xe0,0xfb,0x00,0x00,0x29,0xfe,0x69,0xfe,0x69,0xfe,0x89,0xfe,
    0x00,0x00,0x00,0x00,0x00,0x00,0x00,0x00,0x00,0x00,0x00,0x00,0x00,0x00,0x00,0x00,0x00,0x00,0x4a,0xfd,0x00,0x00,0x49,0xfe,0x0a,0xff,0x49,0xfe,
    0x00,0x00,0x00,0x00,0x00,0x00,0x00,0x00,0x00,0x00,0x00,0x00,0x00,0x00,0x00,0x00,0x00,0x00,0xe7,0xfd,0xe0,0xff,0x69,0xfe,0x4b,0xff,0x69,0xfe,
    0x00,0x00,0x00,0x00,0x00,0x00,0x00,0x00,0x00,0x00,0x00,0x00,0x00,0x00,0x00,0x00,0x00,0x00,0x00,0x00,0x00,0xf8,0x66,0xfe,0x49,0xfe,0x49,0xfe,
    0x00,0x00,0x00,0x00,0x00,0x00,0x00,0x00,0x00,0x00,0x00,0x00,0x00,0x00,0x00,0x00,0x00,0x00,0x00,0x00,0x00,0x00,0x00,0x00,0x00,0x00,0x00,0x00,
    0x00,0x02,0x00,0x00,0x01,0x00,0x01,0x00,0x00,0x00,0x01,0x00,0x00,0x00,0x01,0x00,0x29,0x38,0x00,0x02,0x00,0x09,0x3e,0x0a,0x00,0x01,0x00,0x00,
    0x00,0x4f,0xf9,0xff,0x82,0x00,0x0d,0xc5,0xff,0xc2,0x08,0x02,0x01,0x00,0x0c,0xe0,0xff,0xff,0xff,0x14,0x69,0xff,0xff,0xff,0x80,0x00,0x03,0x00,
    0x56,0xff,0xd1,0xb2,0xfe,0xb3,0xda,0xfc,0xa5,0xfa,0xf3,0x1a,0x01,0x02,0xa2,0xfa,0x7d,0x19,0xff,0xff,0xff,0xcf,0x02,0xc9,0xff,0x82,0x00,0x04,
    0xdf,0xff,0x41,0x00,0x85,0xff,0xee,0x3f,0x00,0x60,0xff,0xe4,0x0c,0x00,0x5c,0x81,0x03,0x02,0x00,0x2f,0x1d,0x00,0x01,0x0a,0xde,0xff,0x59,0x00,
    0x00,0x00,0x00,0x00,0x01,0x00,0x00,0x02,0x04,0x00,0x77,0xff,0xb7,0x00,0x03,0x04,0x00,0x00,0x00,0x02,0x02,0x00,0x02,0x00,0x17,0xf1,0xf8,0x27,
    0x00,0x00,0x00,0x00,0x00,0x00,0x00,0x00,0x00,0x03,0x00,0xa3,0xfc,0x80,0x00,0x00,0x00,0x00,0x00,0x00,0x00,0x00,0x00,0x04,0x01,0x48,0xff,0xde,
    0x00,0x00,0x00,0x00,0x00,0x00,0x00,0x00,0x00,0x00,0x01,0x05,0x8d,0x67,0x00,0x00,0x00,0x00,0x00,0x00,0x00,0x00,0x00,0x00,0x00,0x00,0x00,0x00,

};

const lv_image_dsc_t emoji_part_alt_14 = {
  .header.magic = LV_IMAGE_HEADER_MAGIC,
  .header.cf = LV_COLOR_FORMAT_RGB565A8,
  .header.flags = 0,
  .header.w = 14,
  .header.h = 14,
  .header.stride = 28,
  .data_size = sizeof(emoji_part_alt_14_map),
  .data = emoji_part_alt_14_map,
};




#ifndef LV_ATTRIBUTE_MEM_ALIGN
#define LV_ATTRIBUTE_MEM_ALIGN
#endif

#ifndef LV_ATTRIBUTE_EMOJI_MOTORBOAT_14
#define LV_ATTRIBUTE_EMOJI_MOTORBOAT_14
#endif

static const
LV_ATTRIBUTE_MEM_ALIGN LV_ATTRIBUTE_LARGE_CONST LV_ATTRIBUTE_EMOJI_MOTORBOAT_14
uint8_t emoji_motorboat_14_map[] = {

    0x00,0x00,0x00,0x00,0x00,0x00,0x00,0x00,0x00,0x00,0x00,0x00,0x00,0x00,0x00,0x00,0x00,0x00,0x00,0x00,0x00,0x00,0x00,0x00,0x00,0x00,0x00,0x00,
    0x00,0x00,0x00,0x00,0x00,0x00,0x00,0x00,0x00,0x00,0x00,0x00,0x00,0x00,0x00,0x00,0x00,0x00,0x00,0x00,0x00,0x00,0x00,0x00,0x00,0x00,0x00,0x00,
    0x00,0x00,0x00,0x00,0x00,0x00,0x00,0x00,0x00,0x00,0x00,0x00,0x00,0x00,0x00,0x00,0x00,0x00,0x00,0x00,0x00,0x00,0x00,0x00,0x00,0x00,0x00,0x00,
    0x00,0x00,0x00,0x00,0x00,0x00,0x00,0x00,0x00,0x00,0xff,0xff,0xff,0xff,0x00,0x00,0x00,0x00,0x00,0x00,0x00,0x00,0x00,0x00,0x00,0x00,0x00,0x00,
    0xff,0xff,0xff,0xff,0xff,0xff,0x5f,0xad,0x00,0x00,0x00,0x00,0x00,0x00,0x00,0x00,0x00,0x00,0x00,0x00,0x00,0x00,0x00,0x00,0xef,0x7b,0xff,0xff,
    0x00,0x00,0x00,0x00,0x00,0x00,0x00,0x00,0x20,0x08,0xfe,0xff,0x77,0xde,0xe0,0xfb,0x4a,0xfd,0x4a,0xfd,0xef,0xbd,0x00,0x00,0x00,0x00,0x00,0x00,
    0x1e,0xc7,0xff,0x97,0xff,0xaf,0xbf,0xae,0x7c,0x6d,0xdd,0x85,0xdf,0xe7,0x00,0x00,0x00,0x00,0x00,0x00,0x00,0x00,0x8d,0x3a,0xf1,0x6b,0xaf,0x63,
    0x57,0xce,0xd1,0xdd,0xf1,0xdd,0x14,0xce,0xb5,0xb5,0xd5,0xb5,0x35,0xd6,0x35,0xd6,0x36,0xd6,0x57,0xce,0x58,0xce,0xf7,0xbd,0x15,0x95,0x6f,0x5b,
    0x00,0x00,0x00,0xfc,0x80,0xfc,0x60,0xfc,0x60,0xfc,0x60,0xfc,0xa0,0xfc,0xc1,0xfc,0xe1,0xfc,0xe2,0xfc,0x02,0xfd,0x02,0xfd,0x85,0xe4,0xcb,0x62,
    0x7d,0x55,0x7f,0x45,0x38,0x75,0x34,0x8d,0x14,0x85,0x14,0x8d,0x14,0x8d,0x14,0x8d,0x14,0x8d,0x13,0x8d,0x13,0x8d,0x13,0x8d,0x14,0x85,0x3c,0x55,
    0xbf,0x5d,0xdf,0x5d,0x9f,0x55,0x7f,0x4d,0x7f,0x4d,0x7f,0x4d,0x7f,0x4d,0x7f,0x4d,0x7f,0x4d,0x7f,0x4d,0x7f,0x4d,0x7f,0x4d,0x7f,0x4d,0xbf,0x5d,
    0x7d,0x55,0x7d,0x55,0x5d,0x55,0x7d,0x55,0x7d,0x55,0x7d,0x55,0x7d,0x55,0x7d,0x55,0x7d,0x55,0x7d,0x55,0x7d,0x55,0x7d,0x55,0x7d,0x55,0x7d,0x55,
    0x7d,0x55,0x7d,0x55,0x7d,0x55,0x7d,0x55,0x7d,0x55,0x7d,0x55,0x7d,0x55,0x7d,0x55,0x7d,0x55,0x7d,0x55,0x7d,0x55,0x7d,0x55,0x7d,0x55,0x7d,0x55,
    0x7d,0x55,0x7d,0x55,0x7d,0x55,0x7d,0x55,0x7d,0x55,0x7d,0x55,0x7d,0x55,0x7d,0x55,0x7d,0x55,0x7d,0x55,0x7d,0x55,0x7d,0x55,0x7d,0x55,0x7d,0x55,
    0x00,0x00,0x00,0x00,0x00,0x00,0x00,0x00,0x00,0x00,0x00,0x00,0x00,0x00,0x00,0x00,0x00,0x00,0x00,0x00,0x00,0x00,0x00,0x00,0x00,0x00,0x00,0x00,
    0x00,0x00,0x00,0x00,0x00,0x00,0x00,0x00,0x00,0x00,0x00,0x00,0x00,0x00,0x00,0x00,0x00,0x00,0x00,0x02,0x01,0x00,0x00,0x00,0x00,0x00,0x00,0x00,
    0x01,0x01,0x01,0x03,0x00,0x00,0x00,0x00,0x00,0x00,0x00,0x01,0x02,0x01,0x00,0x00,0x00,0x00,0x00,0x27,0x10,0x02,0x03,0x03,0x04,0x00,0x00,0x00,
    0x12,0x0c,0x09,0x5a,0xca,0xfd,0x42,0x00,0x00,0x00,0x00,0x2f,0xc4,0x7e,0x50,0xee,0xe5,0xff,0xff,0xff,0xd1,0xb7,0xb0,0xa8,0x9c,0xba,0xff,0x94,
    0x00,0x5c,0xf1,0xfb,0xfc,0xfe,0xff,0xff,0xff,0xff,0xff,0xff,0xfc,0x2e,0xab,0x9d,0xd7,0xff,0xfe,0xff,0xfd,0xfc,0xfc,0xfb,0xfb,0xfc,0xff,0xc0,
    0xff,0xff,0xff,0xff,0xff,0xff,0xff,0xff,0xff,0xff,0xff,0xff,0xff,0xff,0xfb,0xfb,0xfe,0xff,0xff,0xff,0xff,0xff,0xff,0xff,0xff,0xff,0xff,0xfc,
    0xff,0xff,0xff,0xff,0xff,0xff,0xff,0xff,0xff,0xff,0xff,0xff,0xff,0xff,0xff,0xff,0xff,0xff,0xff,0xff,0xff,0xff,0xff,0xff,0xff,0xff,0xff,0xff,

};

const lv_image_dsc_t emoji_motorboat_14 = {
  .header.magic = LV_IMAGE_HEADER_MAGIC,
  .header.cf = LV_COLOR_FORMAT_RGB565A8,
  .header.flags = 0,
  .header.w = 14,
  .header.h = 14,
  .header.stride = 28,
  .data_size = sizeof(emoji_motorboat_14_map),
  .data = emoji_motorboat_14_map,
};




#ifndef LV_ATTRIBUTE_MEM_ALIGN
#define LV_ATTRIBUTE_MEM_ALIGN
#endif

#ifndef LV_ATTRIBUTE_EMOJI_SATELLITE_14
#define LV_ATTRIBUTE_EMOJI_SATELLITE_14
#endif

static const
LV_ATTRIBUTE_MEM_ALIGN LV_ATTRIBUTE_LARGE_CONST LV_ATTRIBUTE_EMOJI_SATELLITE_14
uint8_t emoji_satellite_14_map[] = {

    0x00,0x00,0xff,0xff,0x00,0x00,0x00,0x00,0x00,0x00,0x00,0x00,0xcc,0x9c,0x00,0x00,0x66,0xfd,0xa6,0xfd,0x66,0xfd,0xe0,0xff,0x00,0x00,0xe0,0xff,
    0xff,0xff,0x00,0x00,0x6f,0x63,0xf0,0x6b,0xb0,0x63,0xaa,0x52,0x00,0x00,0x4a,0xad,0x67,0xfd,0x86,0xfd,0x86,0xfd,0x66,0xfd,0xe7,0xfd,0xe0,0xfb,
    0x00,0x00,0x76,0x9d,0xf0,0x6b,0xf1,0x6b,0xd0,0x6b,0xd0,0x6b,0xb0,0x63,0x00,0x00,0x03,0xfd,0x86,0xfd,0x66,0xfd,0x46,0xfd,0x46,0xfd,0x00,0x00,
    0x00,0x00,0x39,0xbe,0x52,0x7c,0x8f,0x63,0xaf,0x63,0xd0,0x6b,0xf0,0x6b,0xb0,0x6b,0xff,0xce,0x34,0xd6,0x45,0xfd,0x66,0xfd,0x46,0xfd,0x45,0xfd,
    0x00,0x00,0xdc,0xd6,0xb3,0x84,0x6f,0x5b,0xb0,0x63,0xb0,0x63,0x6e,0x5b,0xb3,0x84,0xff,0xff,0x5f,0xcf,0x02,0xfd,0x67,0xfd,0x46,0xfd,0x66,0xfe,
    0x00,0x00,0xfc,0xd6,0xf8,0xb5,0x6e,0x5b,0xd0,0x6b,0x6f,0x5b,0x32,0x7c,0x9b,0xc6,0x56,0x9d,0xf1,0x73,0xe0,0xff,0xe7,0xdc,0x00,0x00,0x00,0x00,
    0x00,0x00,0xbb,0xce,0x3d,0xdf,0x93,0x84,0x4e,0x5b,0x52,0x7c,0x9b,0xce,0xb4,0x8c,0x4e,0x5b,0xd0,0x6b,0xb0,0x63,0x00,0x00,0xef,0x7b,0x00,0x00,
    0x00,0x00,0x9b,0xce,0x5e,0xe7,0x9a,0xc6,0x11,0x74,0xf8,0xb5,0xd4,0x8c,0x6e,0x5b,0xb0,0x6b,0xd0,0x6b,0xaf,0x63,0xef,0x6b,0xe0,0x07,0x00,0x00,
    0xff,0xff,0x79,0xce,0xbb,0xce,0x3d,0xdf,0x7a,0xc6,0x52,0x7c,0x4e,0x5b,0xd0,0x6b,0xb0,0x63,0xaf,0x63,0xf0,0x6b,0xb0,0x63,0x00,0x00,0xef,0x3b,
    0x55,0xad,0x00,0x00,0x77,0x9d,0xdc,0xce,0xfc,0xd6,0x7a,0xc6,0x93,0x84,0x6e,0x5b,0x8f,0x63,0x8f,0x63,0xf1,0x6b,0xaf,0x63,0x00,0x00,0xef,0x7b,
    0x00,0x00,0x77,0x9d,0x97,0xa5,0x77,0x9d,0x5a,0xc6,0xdc,0xd6,0xdc,0xd6,0xb7,0xad,0x52,0x7c,0x11,0x74,0x11,0x74,0xb0,0x6b,0x00,0x00,0x55,0x55,
    0x00,0x00,0x36,0x95,0xd8,0xad,0x77,0x9d,0x77,0x9d,0x19,0xb6,0x7a,0xc6,0xdc,0xd6,0xdc,0xd6,0x39,0xbe,0x15,0x95,0x00,0x00,0xff,0xff,0x00,0x00,
    0x00,0x00,0xf0,0x6b,0xb4,0x84,0xd4,0x84,0xd4,0x8c,0xb4,0x84,0x11,0x74,0x72,0x7c,0x3c,0xcf,0x00,0x00,0x00,0x00,0xff,0x07,0x00,0x00,0x00,0x00,
    0x00,0x00,0xcd,0x4a,0x8f,0x5b,0x8f,0x63,0x8f,0x63,0x8f,0x63,0x2e,0x5b,0x00,0x00,0x00,0x00,0xef,0x7b,0x55,0xad,0x00,0x00,0x00,0x00,0x00,0x00,
    0x00,0x01,0x00,0x00,0x00,0x00,0x05,0x00,0x75,0xb6,0x81,0x01,0x00,0x01,0x01,0x00,0x2a,0x64,0x40,0x03,0x00,0x03,0x66,0x61,0x92,0xbc,0x08,0x02,
    0x01,0x22,0xf1,0xff,0xff,0xd1,0x51,0x00,0x72,0xbf,0x54,0x8f,0x8a,0x00,0x00,0x90,0xff,0xf7,0xfd,0xff,0xff,0x91,0x50,0x30,0xc8,0x52,0xbe,0x06,
    0x00,0xc9,0xfe,0xfd,0xff,0xfd,0xfe,0xff,0xff,0x5e,0x5e,0x91,0x81,0x05,0x01,0xd3,0xff,0xfd,0xff,0xff,0xff,0xf9,0xfc,0x9c,0x03,0x10,0x00,0x00,
    0x00,0xb2,0xfe,0xfb,0xff,0xff,0xff,0xff,0xfd,0xff,0x54,0x00,0x04,0x00,0x00,0x5a,0xff,0xfc,0xff,0xff,0xff,0xff,0xfd,0xfe,0xe2,0x0c,0x01,0x01,
    0x02,0x05,0xb7,0xff,0xfd,0xff,0xff,0xff,0xff,0xfc,0xff,0x55,0x00,0x04,0x03,0x00,0x93,0xff,0xfc,0xff,0xff,0xfe,0xfe,0xf7,0xfd,0x8c,0x00,0x04,
    0x00,0x48,0xff,0xfd,0xff,0xff,0xfe,0xff,0xff,0xff,0xff,0x4e,0x00,0x03,0x00,0xad,0xfc,0xf9,0xfd,0xfc,0xff,0xee,0xe2,0xb5,0x46,0x00,0x01,0x00,
    0x00,0x9a,0xff,0xff,0xff,0xff,0xe9,0x20,0x0a,0x00,0x00,0x01,0x00,0x00,0x01,0x0e,0x7d,0xb9,0xbe,0x9a,0x32,0x00,0x00,0x02,0x03,0x00,0x00,0x00,

};

const lv_image_dsc_t emoji_satellite_14 = {
  .header.magic = LV_IMAGE_HEADER_MAGIC,
  .header.cf = LV_COLOR_FORMAT_RGB565A8,
  .header.flags = 0,
  .header.w = 14,
  .header.h = 14,
  .header.stride = 28,
  .data_size = sizeof(emoji_satellite_14_map),
  .data = emoji_satellite_14_map,
};




#ifndef LV_ATTRIBUTE_MEM_ALIGN
#define LV_ATTRIBUTE_MEM_ALIGN
#endif

#ifndef LV_ATTRIBUTE_EMOJI_CUSTOMS_14
#define LV_ATTRIBUTE_EMOJI_CUSTOMS_14
#endif

static const
LV_ATTRIBUTE_MEM_ALIGN LV_ATTRIBUTE_LARGE_CONST LV_ATTRIBUTE_EMOJI_CUSTOMS_14
uint8_t emoji_customs_14_map[] = {

    0x33,0x23,0x53,0x23,0x33,0x23,0x33,0x23,0x33,0x23,0x33,0x23,0x33,0x23,0x12,0x1b,0x12,0x1b,0x12,0x1b,0x12,0x1b,0x12,0x1b,0x33,0x1b,0x13,0x1b,
    0x53,0x23,0x33,0x23,0x33,0x23,0x33,0x23,0x33,0x23,0x33,0x23,0x12,0x1b,0xb7,0x6c,0x5e,0xe7,0x3d,0xdf,0x3d,0xdf,0x3d,0xdf,0x1d,0xd7,0xf5,0x43,
    0x33,0x23,0x33,0x23,0x33,0x23,0x33,0x23,0x33,0x23,0x33,0x23,0x73,0x2b,0x1a,0xae,0x7b,0xbe,0x5b,0xb6,0x5b,0xb6,0x7b,0xb6,0x3b,0xae,0x94,0x33,
    0x33,0x23,0x33,0x23,0x33,0x23,0x33,0x23,0x33,0x23,0x33,0x23,0x33,0x23,0x12,0x1b,0xf7,0x74,0x38,0x7d,0x18,0x7d,0x58,0x85,0xb7,0x6c,0x12,0x1b,
    0x33,0x23,0x53,0x23,0x33,0x23,0x33,0x23,0x33,0x23,0x33,0x23,0x33,0x23,0x12,0x1b,0xdc,0xc6,0xff,0xff,0xff,0xff,0xff,0xff,0xfa,0xa5,0xf2,0x12,
    0x33,0x23,0xf2,0x12,0x33,0x1b,0x33,0x23,0x33,0x23,0x33,0x23,0x53,0x23,0xf2,0x12,0x33,0x1b,0xda,0x9d,0x9c,0xbe,0xb9,0x95,0x53,0x23,0x33,0x1b,
    0x73,0x2b,0xd7,0x6c,0x94,0x33,0x33,0x1b,0x33,0x23,0x53,0x23,0xf2,0x12,0xf5,0x43,0xf7,0x74,0xb7,0x64,0x38,0x7d,0xb4,0x3b,0xf2,0x12,0x53,0x23,
    0x56,0x54,0xff,0xff,0xb7,0x64,0xf2,0x12,0x53,0x2b,0xf2,0x12,0x15,0x4c,0x9e,0xef,0xff,0xff,0xff,0xff,0xbc,0xc6,0xd4,0x3b,0x79,0x8d,0x33,0x23,
    0x56,0x54,0xff,0xff,0xb7,0x6c,0xf2,0x1a,0x33,0x23,0xf5,0x43,0xbe,0xef,0xbf,0xef,0xdf,0xf7,0x5b,0xb6,0x12,0x1b,0xbc,0xc6,0x1d,0xd7,0x12,0x1b,
    0x36,0x54,0xff,0xff,0x96,0x64,0xb1,0x0a,0x12,0x1b,0x5d,0xdf,0xbf,0xf7,0x96,0x64,0x99,0x95,0x53,0x2b,0x7b,0xbe,0xff,0xff,0x9c,0xbe,0x12,0x1b,
    0x56,0x5c,0xff,0xff,0x18,0x75,0x94,0x33,0xd4,0x3b,0xb9,0x95,0x76,0x5c,0xf2,0x12,0x33,0x23,0x7b,0xbe,0xff,0xff,0xdf,0xff,0xbc,0xc6,0x12,0x1b,
    0x73,0x33,0xdc,0xce,0xff,0xff,0xff,0xff,0xff,0xff,0xff,0xff,0xb9,0x95,0xd2,0x0a,0xbc,0xc6,0xff,0xff,0xff,0xff,0xff,0xff,0xdc,0xce,0x12,0x1b,
    0x13,0x1b,0x94,0x33,0x58,0x85,0x38,0x7d,0x38,0x7d,0x58,0x85,0x35,0x4c,0x12,0x1b,0xb7,0x6c,0x38,0x85,0x38,0x7d,0x58,0x85,0x56,0x54,0x33,0x1b,
    0x53,0x23,0x33,0x23,0xd2,0x12,0xd2,0x12,0xd2,0x12,0xd2,0x12,0x12,0x1b,0x33,0x23,0xf2,0x12,0xd2,0x12,0xd2,0x12,0xd2,0x12,0x13,0x1b,0x33,0x23,
    0xa1,0xfc,0xfd,0xff,0xff,0xff,0xff,0xff,0xff,0xff,0xff,0xfd,0xfc,0xa1,0xff,0xff,0xff,0xff,0xff,0xff,0xff,0xff,0xff,0xff,0xff,0xff,0xff,0xff,
    0xfe,0xff,0xff,0xff,0xff,0xff,0xff,0xff,0xff,0xff,0xff,0xff,0xff,0xfe,0xff,0xff,0xff,0xff,0xff,0xff,0xff,0xff,0xff,0xff,0xff,0xff,0xff,0xff,
    0xff,0xff,0xff,0xff,0xff,0xff,0xff,0xff,0xff,0xff,0xff,0xff,0xff,0xff,0xff,0xff,0xff,0xff,0xff,0xff,0xff,0xff,0xff,0xff,0xff,0xff,0xff,0xff,
    0xff,0xff,0xff,0xff,0xff,0xff,0xff,0xff,0xff,0xff,0xff,0xff,0xff,0xff,0xff,0xff,0xff,0xff,0xff,0xff,0xff,0xff,0xff,0xff,0xff,0xff,0xff,0xff,
    0xff,0xff,0xff,0xff,0xff,0xff,0xff,0xff,0xff,0xff,0xff,0xff,0xff,0xff,0xff,0xff,0xff,0xff,0xff,0xff,0xff,0xff,0xff,0xff,0xff,0xff,0xff,0xff,
    0xff,0xff,0xff,0xff,0xff,0xff,0xff,0xff,0xff,0xff,0xff,0xff,0xff,0xff,0xfe,0xff,0xff,0xff,0xff,0xff,0xff,0xff,0xff,0xff,0xff,0xff,0xff,0xfe,
    0xff,0xff,0xff,0xff,0xff,0xff,0xff,0xff,0xff,0xff,0xff,0xff,0xff,0xff,0xa1,0xfc,0xfd,0xff,0xff,0xff,0xff,0xff,0xff,0xff,0xff,0xfd,0xfc,0xa1,

};

const lv_image_dsc_t emoji_customs_14 = {
  .header.magic = LV_IMAGE_HEADER_MAGIC,
  .header.cf = LV_COLOR_FORMAT_RGB565A8,
  .header.flags = 0,
  .header.w = 14,
  .header.h = 14,
  .header.stride = 28,
  .data_size = sizeof(emoji_customs_14_map),
  .data = emoji_customs_14_map,
};




#ifndef LV_ATTRIBUTE_MEM_ALIGN
#define LV_ATTRIBUTE_MEM_ALIGN
#endif

#ifndef LV_ATTRIBUTE_EMOJI_WHEEL_14
#define LV_ATTRIBUTE_EMOJI_WHEEL_14
#endif

static const
LV_ATTRIBUTE_MEM_ALIGN LV_ATTRIBUTE_LARGE_CONST LV_ATTRIBUTE_EMOJI_WHEEL_14
uint8_t emoji_wheel_14_map[] = {

    0x00,0x00,0x00,0x00,0x00,0x00,0x82,0x10,0x24,0x21,0x24,0x21,0x24,0x21,0x24,0x21,0x24,0x21,0x24,0x21,0x82,0x10,0x00,0x00,0x00,0x00,0x00,0x00,
    0x00,0x00,0x00,0x00,0xc3,0x18,0x45,0x29,0x45,0x29,0xa6,0x31,0x28,0x42,0x28,0x42,0xa6,0x31,0x45,0x29,0x45,0x29,0xc3,0x18,0x00,0x00,0x00,0x00,
    0x00,0x00,0xe3,0x18,0x65,0x29,0x86,0x31,0x8e,0x6b,0xb2,0x94,0x71,0x8c,0x71,0x8c,0xb2,0x94,0x8e,0x6b,0x86,0x31,0x65,0x29,0xe3,0x18,0x00,0x00,
    0x82,0x10,0x45,0x29,0x86,0x31,0x10,0x84,0xae,0x73,0xeb,0x5a,0xef,0x7b,0xef,0x7b,0xeb,0x5a,0xae,0x73,0x10,0x84,0x86,0x31,0x45,0x29,0x82,0x10,
    0x04,0x21,0x45,0x29,0x8e,0x6b,0xb2,0x94,0x49,0x4a,0xb2,0x94,0x14,0xa5,0x14,0x9d,0xb2,0x94,0x49,0x4a,0xb2,0x94,0x8d,0x6b,0x45,0x29,0x04,0x21,
    0x24,0x21,0xa6,0x31,0x71,0x8c,0x4c,0x63,0x34,0xa5,0x9a,0xce,0xcf,0x7b,0xcf,0x7b,0x99,0xce,0x34,0xa5,0x4c,0x63,0x71,0x8c,0xa6,0x31,0x24,0x21,
    0x24,0x21,0x28,0x42,0xb2,0x94,0x51,0x84,0x92,0x94,0x8a,0x52,0x92,0x94,0x92,0x94,0x8a,0x52,0x92,0x94,0x50,0x84,0xb2,0x94,0x28,0x42,0x24,0x21,
    0x04,0x21,0x28,0x42,0x30,0x84,0xcb,0x5a,0xf7,0xbd,0x75,0xad,0xef,0x7b,0xef,0x7b,0x75,0xad,0xf7,0xbd,0xcb,0x5a,0x30,0x84,0x48,0x42,0x04,0x21,
    0x24,0x21,0xa6,0x31,0x92,0x8c,0xe7,0x39,0x55,0xad,0x10,0x7c,0x30,0x84,0x30,0x84,0x10,0x7c,0x55,0xad,0xe7,0x39,0x92,0x8c,0xa6,0x31,0x24,0x21,
    0x04,0x21,0x45,0x29,0x6d,0x6b,0x92,0x8c,0xae,0x73,0x71,0x8c,0x18,0xc6,0x18,0xc6,0x71,0x8c,0xae,0x73,0x92,0x8c,0x6d,0x6b,0x45,0x29,0x04,0x21,
    0x82,0x10,0x45,0x29,0x65,0x29,0x51,0x8c,0x10,0x7c,0x30,0x84,0x69,0x4a,0x69,0x4a,0x30,0x84,0x10,0x7c,0x51,0x8c,0x65,0x29,0x45,0x29,0x82,0x10,
    0x00,0x00,0xe3,0x18,0x65,0x29,0x65,0x29,0x8e,0x73,0x71,0x8c,0x30,0x84,0x30,0x84,0x71,0x8c,0x8e,0x73,0x65,0x29,0x65,0x29,0xe3,0x18,0x00,0x00,
    0x00,0x00,0x00,0x00,0xc3,0x18,0x45,0x29,0x45,0x29,0xa6,0x31,0x49,0x42,0x49,0x42,0xa6,0x31,0x45,0x29,0x45,0x29,0xc3,0x18,0x00,0x00,0x00,0x00,
    0x00,0x00,0x00,0x00,0x00,0x00,0x82,0x10,0x24,0x21,0x24,0x21,0x04,0x21,0x04,0x21,0x24,0x21,0x24,0x21,0x82,0x10,0x00,0x00,0x00,0x00,0x00,0x00,
    0x00,0x03,0x00,0x2a,0x9a,0xe2,0xfe,0xfe,0xe2,0x9a,0x2a,0x00,0x03,0x00,0x03,0x00,0x66,0xf0,0xff,0xff,0xff,0xff,0xff,0xff,0xf0,0x66,0x00,0x03,
    0x00,0x64,0xff,0xff,0xfc,0xfe,0xff,0xff,0xfe,0xfc,0xff,0xff,0x64,0x00,0x27,0xf5,0xfd,0xfd,0xff,0xff,0xff,0xff,0xff,0xff,0xfd,0xfd,0xf5,0x27,
    0x9d,0xff,0xfc,0xff,0xff,0xff,0xff,0xff,0xff,0xff,0xff,0xfc,0xff,0x9d,0xe6,0xfe,0xfe,0xff,0xff,0xff,0xff,0xff,0xff,0xff,0xff,0xfe,0xfe,0xe6,
    0xfe,0xff,0xff,0xff,0xff,0xff,0xff,0xff,0xff,0xff,0xff,0xff,0xff,0xfe,0xfe,0xff,0xff,0xff,0xff,0xff,0xff,0xff,0xff,0xff,0xff,0xff,0xff,0xfe,
    0xe6,0xfe,0xfe,0xff,0xff,0xff,0xff,0xff,0xff,0xff,0xff,0xfe,0xfe,0xe6,0x9d,0xff,0xfc,0xff,0xff,0xff,0xff,0xff,0xff,0xff,0xff,0xfc,0xff,0x9d,
    0x27,0xf5,0xfd,0xfd,0xff,0xff,0xff,0xff,0xff,0xff,0xfd,0xfd,0xf5,0x27,0x00,0x64,0xff,0xff,0xfc,0xfe,0xff,0xff,0xfe,0xfc,0xff,0xff,0x64,0x00,
    0x03,0x00,0x66,0xf0,0xff,0xff,0xff,0xff,0xff,0xff,0xf0,0x66,0x00,0x03,0x00,0x03,0x00,0x2a,0x9a,0xe2,0xfe,0xfe,0xe2,0x9a,0x2a,0x00,0x03,0x00,

};

const lv_image_dsc_t emoji_wheel_14 = {
  .header.magic = LV_IMAGE_HEADER_MAGIC,
  .header.cf = LV_COLOR_FORMAT_RGB565A8,
  .header.flags = 0,
  .header.w = 14,
  .header.h = 14,
  .header.stride = 28,
  .data_size = sizeof(emoji_wheel_14_map),
  .data = emoji_wheel_14_map,
};




#ifndef LV_ATTRIBUTE_MEM_ALIGN
#define LV_ATTRIBUTE_MEM_ALIGN
#endif

#ifndef LV_ATTRIBUTE_EMOJI_KOALA_14
#define LV_ATTRIBUTE_EMOJI_KOALA_14
#endif

static const
LV_ATTRIBUTE_MEM_ALIGN LV_ATTRIBUTE_LARGE_CONST LV_ATTRIBUTE_EMOJI_KOALA_14
uint8_t emoji_koala_14_map[] = {

    0x00,0x00,0xef,0x7b,0x5f,0xad,0x55,0xad,0xef,0x7b,0xf7,0x7d,0xf7,0x7d,0xf7,0x7d,0xf7,0x7d,0xef,0x7b,0x55,0xad,0x5f,0xad,0xef,0x7b,0x00,0x00,
    0xef,0x7b,0x00,0x00,0x00,0x00,0x00,0x00,0x00,0x00,0x00,0x00,0x00,0x00,0x00,0x00,0x00,0x00,0x00,0x00,0x00,0x00,0x00,0x00,0x00,0x00,0xef,0x7b,
    0x00,0x00,0x35,0x95,0xd8,0xa5,0x97,0xa5,0x56,0x95,0x56,0x9d,0x77,0x9d,0x77,0x9d,0x56,0x9d,0x56,0x95,0x97,0xa5,0xd8,0xa5,0x35,0x95,0x00,0x00,
    0x56,0x95,0x97,0xa5,0x76,0x9d,0x36,0x95,0x56,0x9d,0xb7,0xa5,0xb8,0xa5,0xb8,0xa5,0xb7,0xa5,0x56,0x9d,0x36,0x95,0x76,0x9d,0x97,0xa5,0x56,0x9d,
    0x76,0x9d,0xd4,0x8c,0x8f,0x63,0xd4,0x8c,0x77,0x9d,0x56,0x95,0x56,0x9d,0x56,0x9d,0x56,0x95,0x77,0x9d,0xd4,0x8c,0x8f,0x63,0xd4,0x8c,0x77,0x9d,
    0x77,0x9d,0xd0,0x6b,0x31,0x74,0x77,0x9d,0x56,0x95,0x56,0x9d,0x56,0x9d,0x56,0x9d,0x56,0x9d,0x56,0x95,0x77,0x9d,0x31,0x74,0xd0,0x6b,0x77,0x9d,
    0x77,0x9d,0x52,0x7c,0xb4,0x84,0x77,0x9d,0x76,0x9d,0x77,0x9d,0x97,0x9d,0x97,0x9d,0x77,0x9d,0x76,0x9d,0x77,0x9d,0xb4,0x84,0x52,0x7c,0x77,0x9d,
    0xb7,0xa5,0xf5,0x8c,0x36,0x95,0x97,0xa5,0xec,0x52,0xf0,0x73,0x6e,0x63,0x6e,0x63,0xf0,0x73,0xec,0x52,0x97,0xa5,0x36,0x95,0xf5,0x8c,0xb7,0xa5,
    0x00,0x00,0x98,0x9d,0x76,0x9d,0x76,0x9d,0x93,0x84,0xaf,0x6b,0x25,0x21,0x25,0x21,0xaf,0x6b,0x93,0x84,0x56,0x9d,0x76,0x9d,0x98,0x9d,0x00,0x00,
    0xef,0x7b,0x36,0x95,0x56,0x9d,0x56,0x9d,0xd8,0xa5,0x8f,0x63,0x45,0x21,0x45,0x21,0x8f,0x63,0xd8,0xa5,0x56,0x9d,0x56,0x9d,0x36,0x95,0xef,0x7b,
    0x55,0xad,0x00,0x00,0x56,0x9d,0xd8,0xa5,0xb8,0xa5,0x31,0x74,0x25,0x19,0x25,0x19,0x31,0x74,0xb8,0xa5,0xd8,0xa5,0x56,0x9d,0x00,0x00,0x55,0xad,
    0x00,0x00,0xff,0xff,0x00,0x00,0x56,0x9d,0x77,0x9d,0x77,0x9d,0xd4,0x8c,0xd4,0x8c,0x77,0x9d,0x77,0x9d,0x56,0x9d,0x00,0x00,0xff,0xff,0x00,0x00,
    0x00,0x00,0x00,0x00,0x00,0x00,0x00,0x00,0x00,0x00,0x77,0x9d,0xf9,0xad,0xf9,0xad,0x77,0x9d,0x00,0x00,0x00,0x00,0x00,0x00,0x00,0x00,0x00,0x00,
    0x00,0x00,0x00,0x00,0x00,0x00,0x55,0xad,0xff,0xff,0x00,0x00,0x00,0x00,0x00,0x00,0x00,0x00,0xff,0xff,0x55,0xad,0x00,0x00,0x00,0x00,0x00,0x00,
    0x00,0x02,0x03,0x03,0x02,0x04,0x04,0x04,0x04,0x02,0x03,0x03,0x02,0x00,0x02,0x00,0x00,0x00,0x00,0x00,0x00,0x00,0x00,0x00,0x00,0x00,0x00,0x02,
    0x00,0x23,0x49,0x3c,0x1b,0x65,0xa3,0xa3,0x65,0x1b,0x3c,0x49,0x23,0x00,0x6f,0xf6,0xff,0xff,0xf3,0xff,0xff,0xff,0xff,0xf3,0xff,0xff,0xf6,0x6e,
    0xf9,0xff,0xfb,0xfe,0xff,0xfc,0xfb,0xfb,0xfc,0xff,0xfe,0xfb,0xff,0xf8,0xff,0xfc,0xff,0xff,0xfe,0xff,0xff,0xff,0xff,0xfe,0xff,0xff,0xfc,0xff,
    0xd8,0xff,0xfd,0xff,0xff,0xff,0xff,0xff,0xff,0xff,0xff,0xfd,0xff,0xd8,0x37,0xd7,0xfd,0xfe,0xff,0xff,0xff,0xff,0xff,0xff,0xfe,0xfd,0xd6,0x37,
    0x00,0x25,0xfc,0xfe,0xfe,0xff,0xff,0xff,0xff,0xfe,0xfe,0xfc,0x25,0x00,0x02,0x11,0xf4,0xfc,0xfb,0xfe,0xff,0xff,0xfe,0xfb,0xfc,0xf4,0x11,0x02,
    0x03,0x00,0x86,0xff,0xff,0xff,0xfb,0xfb,0xff,0xff,0xff,0x86,0x00,0x03,0x01,0x01,0x00,0x65,0xc4,0xf8,0xff,0xff,0xf8,0xc4,0x65,0x00,0x01,0x01,
    0x00,0x00,0x01,0x00,0x00,0x26,0x69,0x69,0x26,0x00,0x00,0x01,0x00,0x00,0x00,0x00,0x00,0x03,0x01,0x00,0x00,0x00,0x00,0x01,0x03,0x00,0x00,0x00,

};

const lv_image_dsc_t emoji_koala_14 = {
  .header.magic = LV_IMAGE_HEADER_MAGIC,
  .header.cf = LV_COLOR_FORMAT_RGB565A8,
  .header.flags = 0,
  .header.w = 14,
  .header.h = 14,
  .header.stride = 28,
  .data_size = sizeof(emoji_koala_14_map),
  .data = emoji_koala_14_map,
};




#ifndef LV_ATTRIBUTE_MEM_ALIGN
#define LV_ATTRIBUTE_MEM_ALIGN
#endif

#ifndef LV_ATTRIBUTE_EMOJI_CONTROL_KNOBS_14
#define LV_ATTRIBUTE_EMOJI_CONTROL_KNOBS_14
#endif

static const
LV_ATTRIBUTE_MEM_ALIGN LV_ATTRIBUTE_LARGE_CONST LV_ATTRIBUTE_EMOJI_CONTROL_KNOBS_14
uint8_t emoji_control_knobs_14_map[] = {

    0xbb,0xce,0xfc,0xd6,0xdb,0xce,0xdb,0xce,0xdb,0xce,0xbb,0xce,0xbb,0xce,0xbb,0xce,0xbb,0xce,0xdc,0xce,0xdb,0xce,0xdb,0xce,0xfc,0xd6,0xbb,0xce,
    0xdc,0xd6,0xbb,0xce,0x19,0xbe,0x96,0xa5,0x19,0xb6,0xbb,0xce,0xbb,0xce,0xbb,0xce,0xbb,0xce,0x18,0xb6,0x76,0xa5,0x39,0xbe,0xbb,0xce,0xdc,0xd6,
    0xbb,0xce,0xb7,0xad,0x49,0x42,0x04,0x19,0x6a,0x4a,0xd7,0xad,0xdb,0xce,0xbb,0xce,0x97,0xa5,0xec,0x5a,0xa7,0x31,0x29,0x42,0xd7,0xad,0xbb,0xce,
    0xdc,0xce,0xcf,0x73,0xa3,0x10,0x8e,0x6b,0xec,0x52,0x4d,0x7b,0x9b,0xde,0xdc,0xce,0x8e,0x6b,0xc7,0x31,0x11,0x7c,0xa3,0x08,0x8f,0x83,0x7b,0xde,
    0xdc,0xd6,0x72,0x84,0xa3,0x10,0x09,0x3a,0xc3,0x10,0x31,0x8c,0xbb,0xde,0xdc,0xce,0x72,0x84,0xa2,0x10,0xe8,0x31,0xc3,0x10,0x52,0x94,0xbb,0xde,
    0xdb,0xce,0xdc,0xd6,0x8f,0x6b,0xc7,0x31,0x8f,0x6b,0xdc,0xce,0xdb,0xce,0xbb,0xce,0xdc,0xce,0xaf,0x6b,0xe8,0x39,0x8e,0x6b,0xdc,0xce,0xdc,0xce,
    0xbb,0xce,0xbb,0xce,0x1c,0xd7,0xdc,0xd6,0x1c,0xd7,0xbb,0xce,0xbb,0xce,0xbb,0xce,0xbb,0xce,0x1c,0xd7,0xdc,0xd6,0x1c,0xd7,0xbb,0xce,0xbb,0xce,
    0xbb,0xce,0xbb,0xce,0xdb,0xce,0xbb,0xce,0xbb,0xce,0xbb,0xce,0xbb,0xce,0xbb,0xce,0xbb,0xce,0xbb,0xce,0xbb,0xce,0xbb,0xce,0xbb,0xce,0xbb,0xce,
    0xbb,0xce,0x9b,0xc6,0xb3,0x8c,0x8f,0x6b,0xf4,0x94,0x7a,0xc6,0xbb,0xce,0xbb,0xce,0x7a,0xc6,0xf4,0x94,0x8e,0x6b,0xd4,0x94,0x9b,0xc6,0xbb,0xce,
    0xdc,0xce,0xf4,0x94,0x49,0x42,0x66,0x21,0x24,0x21,0xf4,0x94,0xdb,0xce,0xdc,0xce,0xf4,0x94,0xe4,0x18,0x6a,0x42,0x49,0x42,0xb3,0x8c,0xdc,0xd6,
    0xdc,0xce,0x6e,0x63,0x69,0x42,0xf0,0x7b,0xe4,0x10,0x2d,0x7b,0x7a,0xde,0xdc,0xce,0x6e,0x6b,0xe4,0x10,0xf0,0x7b,0x66,0x21,0x0d,0x7b,0x7a,0xde,
    0xfc,0xd6,0x97,0xad,0xc3,0x10,0xc3,0x10,0x24,0x21,0x96,0xad,0xdc,0xd6,0xdc,0xd6,0x96,0xad,0x24,0x21,0xc3,0x10,0x04,0x19,0x97,0xad,0xfc,0xd6,
    0xdc,0xce,0xfc,0xd6,0xb7,0xad,0x31,0x7c,0x97,0xad,0xfc,0xd6,0xbb,0xce,0xbb,0xce,0xfc,0xd6,0x97,0xad,0x31,0x7c,0x97,0xad,0xfc,0xd6,0xdc,0xce,
    0xbb,0xce,0xdc,0xd6,0xfc,0xd6,0x3d,0xdf,0xfc,0xd6,0xbb,0xce,0xbb,0xce,0xbb,0xce,0xbb,0xce,0xfc,0xd6,0x3d,0xdf,0xfc,0xd6,0xdc,0xd6,0xbb,0xce,
    0xa1,0xfc,0xfd,0xff,0xff,0xff,0xff,0xff,0xff,0xff,0xff,0xfd,0xfc,0xa1,0xff,0xff,0xff,0xff,0xff,0xff,0xff,0xff,0xff,0xff,0xff,0xff,0xff,0xff,
    0xfe,0xff,0xff,0xff,0xff,0xff,0xff,0xff,0xff,0xff,0xff,0xff,0xff,0xfe,0xff,0xff,0xff,0xff,0xff,0xff,0xff,0xff,0xff,0xff,0xff,0xff,0xff,0xff,
    0xff,0xff,0xff,0xff,0xff,0xff,0xff,0xff,0xff,0xff,0xff,0xff,0xff,0xff,0xff,0xff,0xff,0xff,0xff,0xff,0xff,0xff,0xff,0xff,0xff,0xff,0xff,0xff,
    0xff,0xff,0xff,0xff,0xff,0xff,0xff,0xff,0xff,0xff,0xff,0xff,0xff,0xff,0xff,0xff,0xff,0xff,0xff,0xff,0xff,0xff,0xff,0xff,0xff,0xff,0xff,0xff,
    0xff,0xff,0xff,0xff,0xff,0xff,0xff,0xff,0xff,0xff,0xff,0xff,0xff,0xff,0xff,0xff,0xff,0xff,0xff,0xff,0xff,0xff,0xff,0xff,0xff,0xff,0xff,0xff,
    0xff,0xff,0xff,0xff,0xff,0xff,0xff,0xff,0xff,0xff,0xff,0xff,0xff,0xff,0xfe,0xff,0xff,0xff,0xff,0xff,0xff,0xff,0xff,0xff,0xff,0xff,0xff,0xfe,
    0xff,0xff,0xff,0xff,0xff,0xff,0xff,0xff,0xff,0xff,0xff,0xff,0xff,0xff,0xa1,0xfc,0xfd,0xff,0xff,0xff,0xff,0xff,0xff,0xff,0xff,0xfd,0xfc,0xa1,

};

const lv_image_dsc_t emoji_control_knobs_14 = {
  .header.magic = LV_IMAGE_HEADER_MAGIC,
  .header.cf = LV_COLOR_FORMAT_RGB565A8,
  .header.flags = 0,
  .header.w = 14,
  .header.h = 14,
  .header.stride = 28,
  .data_size = sizeof(emoji_control_knobs_14_map),
  .data = emoji_control_knobs_14_map,
};




#ifndef LV_ATTRIBUTE_MEM_ALIGN
#define LV_ATTRIBUTE_MEM_ALIGN
#endif

#ifndef LV_ATTRIBUTE_EMOJI_PEACH_14
#define LV_ATTRIBUTE_EMOJI_PEACH_14
#endif

static const
LV_ATTRIBUTE_MEM_ALIGN LV_ATTRIBUTE_LARGE_CONST LV_ATTRIBUTE_EMOJI_PEACH_14
uint8_t emoji_peach_14_map[] = {

    0x00,0x00,0x09,0x6d,0xaa,0x7d,0xaa,0x7d,0xaa,0x7d,0xca,0x7d,0x8a,0x7d,0x00,0x00,0xa7,0x54,0xa7,0x5c,0xa7,0x5c,0x89,0x7c,0xff,0xff,0x00,0x00,
    0x8a,0x75,0xaa,0x7d,0xeb,0x7d,0xaa,0x7d,0x8a,0x7d,0xcb,0x85,0xaa,0x75,0x08,0x65,0xc8,0x6c,0xa8,0x6c,0xe8,0x64,0x86,0x4c,0x40,0x05,0x4a,0xad,
    0x8a,0x7d,0xaa,0x7d,0x8a,0x85,0xaa,0x6d,0xaa,0x6d,0xaa,0x6d,0x6b,0x95,0x0c,0xe4,0x0c,0xf4,0x4d,0xfc,0x6d,0xec,0x6c,0xe4,0x4b,0xe4,0x00,0x00,
    0x00,0x00,0xed,0xfb,0x8e,0xf4,0xcc,0xc4,0x2b,0xa5,0xec,0xbc,0x6d,0xfc,0xeb,0xfa,0x29,0xe2,0x4d,0xfc,0x2d,0xfc,0x8e,0xfc,0x4d,0xfc,0xec,0xfb,
    0x4d,0xfc,0x6d,0xfc,0x4d,0xfc,0x2d,0xfc,0x2d,0xfc,0x2d,0xfc,0x2d,0xfc,0x8d,0xfc,0x4a,0xe2,0xeb,0xea,0x6d,0xfc,0x2d,0xfc,0x8e,0xfc,0x2d,0xfc,
    0x4d,0xfc,0x6e,0xfc,0x2d,0xfc,0x4d,0xfc,0x4d,0xfc,0x4d,0xfc,0x2d,0xfc,0x4d,0xfc,0xcc,0xfb,0x09,0xe2,0x4d,0xfc,0x4d,0xfc,0x4d,0xfc,0x2d,0xfc,
    0x4d,0xfc,0x6e,0xfc,0x2d,0xfc,0x4d,0xfc,0x4d,0xfc,0x4d,0xfc,0x4d,0xfc,0x2d,0xfc,0x4d,0xfc,0x29,0xe2,0xcc,0xfb,0x4d,0xfc,0x2d,0xfc,0x2d,0xfc,
    0x2d,0xfc,0x6e,0xfc,0x2d,0xfc,0x4d,0xfc,0x4d,0xfc,0x4d,0xfc,0x4d,0xfc,0x2d,0xfc,0x6d,0xfc,0x4a,0xe2,0xac,0xfb,0x6d,0xfc,0x2d,0xfc,0x4d,0xfc,
    0x2d,0xfc,0x6e,0xfc,0x2d,0xfc,0x4d,0xfc,0x4d,0xfc,0x4d,0xfc,0x4d,0xfc,0x2d,0xfc,0x4d,0xfc,0x4a,0xe2,0xac,0xfb,0x6d,0xfc,0x6d,0xfc,0x4d,0xfc,
    0x2d,0xfc,0x4d,0xfc,0x4d,0xfc,0x4d,0xfc,0x4d,0xfc,0x4d,0xfc,0x4d,0xfc,0x4d,0xfc,0x2d,0xfc,0x29,0xe2,0x0d,0xfc,0x4d,0xfc,0x8e,0xfc,0x2d,0xfc,
    0x00,0x00,0x2d,0xfc,0xae,0xfc,0x2d,0xfc,0x4d,0xfc,0x4d,0xfc,0x2d,0xfc,0x6d,0xfc,0x6c,0xf3,0x29,0xe2,0x4d,0xfc,0x8e,0xfc,0x2d,0xfc,0xef,0xfb,
    0xef,0xfb,0x4e,0xfc,0x4d,0xfc,0xae,0xfc,0x4d,0xfc,0x2d,0xfc,0x2d,0xfc,0x6d,0xfc,0x4b,0xf3,0x4b,0xf3,0xce,0xfc,0x4d,0xfc,0x2d,0xfc,0x00,0xf8,
    0xff,0xff,0x00,0x00,0xeb,0xfb,0x4d,0xfc,0x4d,0xfc,0x6e,0xfc,0x6e,0xfc,0x4d,0xfc,0x6e,0xfc,0x8e,0xfc,0x4d,0xfc,0xac,0xfb,0x00,0x00,0xef,0xfb,
    0x00,0x00,0xff,0xff,0x00,0x00,0x00,0x00,0x2d,0xfc,0x4d,0xfc,0x4d,0xfc,0x4d,0xfc,0x4d,0xfc,0x2d,0xfc,0x00,0x00,0x00,0x00,0xef,0xfb,0x00,0x00,
    0x00,0x0e,0x8e,0xe4,0xf4,0xcf,0x45,0x00,0x78,0xa6,0x6e,0x15,0x01,0x01,0x3b,0xe4,0xff,0xff,0xff,0xff,0xec,0xa2,0xff,0xff,0xff,0xa2,0x03,0x03,
    0x2a,0x96,0xfa,0xfd,0xff,0xfd,0xff,0xff,0xfc,0xfa,0xfc,0xa3,0x0b,0x00,0x00,0x7a,0xfe,0xfc,0xff,0xff,0xfe,0xfc,0xff,0xff,0xfd,0xff,0xbf,0x0a,
    0x35,0xff,0xff,0xfe,0xff,0xff,0xff,0xff,0xff,0xff,0xff,0xfa,0xff,0x83,0x87,0xff,0xfc,0xff,0xff,0xff,0xff,0xff,0xff,0xff,0xff,0xfe,0xfd,0xe3,
    0xa8,0xff,0xfc,0xff,0xff,0xff,0xff,0xff,0xff,0xff,0xff,0xff,0xff,0xfe,0xa7,0xff,0xfc,0xff,0xff,0xff,0xff,0xff,0xff,0xff,0xff,0xff,0xff,0xfd,
    0x86,0xff,0xfc,0xff,0xff,0xff,0xff,0xff,0xff,0xff,0xff,0xfd,0xfd,0xdb,0x37,0xff,0xfc,0xff,0xff,0xff,0xff,0xff,0xff,0xff,0xff,0xfb,0xff,0x6d,
    0x00,0xa4,0xff,0xf9,0xfe,0xff,0xff,0xff,0xff,0xff,0xfa,0xff,0xbb,0x04,0x02,0x0f,0xc4,0xff,0xff,0xfc,0xfd,0xff,0xfe,0xfd,0xff,0xcb,0x13,0x01,
    0x01,0x00,0x08,0x88,0xee,0xff,0xff,0xff,0xff,0xff,0xa1,0x0d,0x00,0x02,0x00,0x01,0x00,0x00,0x22,0x79,0xc1,0xee,0xdd,0x59,0x00,0x00,0x02,0x00,

};

const lv_image_dsc_t emoji_peach_14 = {
  .header.magic = LV_IMAGE_HEADER_MAGIC,
  .header.cf = LV_COLOR_FORMAT_RGB565A8,
  .header.flags = 0,
  .header.w = 14,
  .header.h = 14,
  .header.stride = 28,
  .data_size = sizeof(emoji_peach_14_map),
  .data = emoji_peach_14_map,
};




#ifndef LV_ATTRIBUTE_MEM_ALIGN
#define LV_ATTRIBUTE_MEM_ALIGN
#endif

#ifndef LV_ATTRIBUTE_EMOJI_RACING_CAR_14
#define LV_ATTRIBUTE_EMOJI_RACING_CAR_14
#endif

static const
LV_ATTRIBUTE_MEM_ALIGN LV_ATTRIBUTE_LARGE_CONST LV_ATTRIBUTE_EMOJI_RACING_CAR_14
uint8_t emoji_racing_car_14_map[] = {

    0x00,0x00,0x00,0x00,0x00,0x00,0x00,0x00,0x00,0x00,0x00,0x00,0x00,0x00,0x00,0x00,0x00,0x00,0x00,0x00,0x00,0x00,0x00,0x00,0x00,0x00,0x00,0x00,
    0x00,0x00,0x00,0x00,0x00,0x00,0x00,0x00,0x00,0x00,0x00,0x00,0x00,0x00,0x00,0x00,0x00,0x00,0x00,0x00,0x00,0x00,0x00,0x00,0x00,0x00,0x00,0x00,
    0x00,0x00,0x00,0x00,0x00,0x00,0x00,0x00,0x00,0x00,0x00,0x00,0x00,0x00,0x00,0x00,0x00,0x00,0x00,0x00,0x00,0x00,0x00,0x00,0x00,0x00,0x00,0x00,
    0x00,0x00,0x00,0x00,0x00,0x00,0x00,0x00,0x00,0x00,0x00,0x00,0xe0,0xfb,0xe0,0xfb,0xe0,0xfb,0xe0,0xfb,0x00,0x00,0x00,0x00,0x00,0x00,0x00,0x00,
    0x00,0x00,0x00,0x00,0x00,0x00,0x00,0x00,0x00,0xf8,0xef,0x7b,0x00,0x00,0x00,0x00,0x00,0x00,0x00,0x00,0x00,0xf8,0x00,0xf8,0xe0,0xbb,0xe0,0xfb,
    0x00,0x00,0x00,0x00,0x00,0x00,0x40,0xfd,0x00,0x00,0x00,0x00,0xc0,0xfb,0x20,0xfc,0x00,0xfc,0x40,0xfc,0x00,0x00,0x00,0x00,0x00,0x00,0x00,0x00,
    0x00,0x00,0x4a,0xfd,0x00,0xf8,0x00,0x00,0x00,0xf8,0xc7,0xe4,0xf5,0xbd,0x18,0xae,0x19,0xa6,0xd1,0xcd,0x60,0xfc,0xff,0xff,0xe3,0xcb,0x22,0xe4,
    0x00,0x00,0x00,0x00,0x00,0x78,0x62,0xfc,0xa3,0xec,0xf3,0xc5,0xfe,0x75,0xbe,0x6d,0xff,0x6d,0x98,0x8d,0x85,0xdc,0x81,0xf4,0xc3,0xbb,0xe3,0xbb,
    0x66,0xfe,0x04,0xf5,0xa2,0xf4,0x61,0xf4,0xa1,0xfc,0x63,0xe4,0x16,0x44,0xb9,0x4c,0x37,0x3c,0x19,0x2c,0x51,0x6c,0xa0,0xfc,0xa1,0xfc,0x63,0xf3,
    0x65,0xf5,0x27,0xfe,0x42,0xfd,0xa1,0xfc,0x80,0xfc,0x4a,0xa4,0xfd,0x8d,0xd2,0x9c,0xb9,0x9d,0x5a,0x34,0x88,0xc4,0xc0,0xfc,0x81,0xf4,0xa5,0xe2,
    0x61,0xf4,0xa1,0xfc,0x23,0xa3,0x03,0x93,0x60,0xf4,0x32,0x64,0x3e,0xcf,0xee,0x93,0xb7,0xad,0xf7,0x64,0x63,0xab,0xe3,0x8a,0x22,0xe4,0xa1,0xfc,
    0xc1,0xfc,0x83,0xb3,0xc9,0x21,0xe9,0x31,0xa7,0x62,0x57,0x44,0xf9,0x5c,0x15,0x8d,0x1a,0x65,0xb0,0x53,0xc6,0x39,0xeb,0x29,0x45,0x62,0x81,0xfc,
    0xc1,0xfc,0x63,0xab,0x09,0x3a,0x68,0x52,0x8e,0x2a,0x9a,0x3c,0x38,0x34,0x79,0x3c,0x79,0x3c,0xa7,0x9b,0x07,0x42,0x8b,0x4a,0x65,0x62,0xa1,0xfc,
    0x81,0xfc,0x21,0xdc,0x66,0x21,0x45,0x21,0x51,0x3b,0x59,0x3c,0x57,0x3c,0x17,0x34,0x56,0x4c,0x82,0xec,0xa5,0x31,0x46,0x19,0xe4,0x8a,0xa1,0xfc,
    0x00,0x00,0x00,0x00,0x00,0x00,0x00,0x00,0x00,0x00,0x00,0x00,0x00,0x00,0x00,0x00,0x00,0x00,0x00,0x00,0x00,0x00,0x00,0x00,0x00,0x00,0x00,0x00,
    0x00,0x00,0x00,0x00,0x00,0x00,0x00,0x00,0x00,0x00,0x00,0x00,0x00,0x00,0x00,0x00,0x00,0x00,0x00,0x00,0x02,0x02,0x02,0x02,0x00,0x00,0x00,0x00,
    0x00,0x00,0x00,0x00,0x01,0x02,0x00,0x00,0x00,0x00,0x01,0x01,0x04,0x02,0x00,0x00,0x00,0x03,0x00,0x00,0x2c,0x2f,0x2f,0x2d,0x00,0x00,0x00,0x00,
    0x00,0x03,0x01,0x00,0x03,0x98,0xff,0xff,0xff,0xff,0x8e,0x01,0x78,0xa3,0x00,0x00,0x02,0x2f,0xba,0xff,0xfd,0xfe,0xfe,0xfe,0xff,0xb0,0xff,0xb4,
    0x0a,0x84,0xd1,0xfe,0xff,0xfc,0xff,0xff,0xff,0xff,0xfe,0xff,0xfe,0xfc,0x47,0xff,0xff,0xff,0xfd,0xff,0xff,0xff,0xff,0xff,0xff,0xfc,0xfe,0xff,
    0x82,0xfb,0xfa,0xff,0xff,0xff,0xff,0xff,0xff,0xff,0xff,0xff,0xff,0xff,0xc1,0xfe,0xfa,0xfc,0xfe,0xfe,0xfe,0xfe,0xfe,0xfe,0xfd,0xfc,0xfe,0xff,
    0xf8,0xff,0xff,0xff,0xff,0xff,0xff,0xff,0xff,0xff,0xff,0xff,0xff,0xff,0x3f,0x40,0x87,0x9a,0x45,0x40,0x40,0x40,0x41,0x3f,0x75,0xa1,0x4c,0x3d,

};

const lv_image_dsc_t emoji_racing_car_14 = {
  .header.magic = LV_IMAGE_HEADER_MAGIC,
  .header.cf = LV_COLOR_FORMAT_RGB565A8,
  .header.flags = 0,
  .header.w = 14,
  .header.h = 14,
  .header.stride = 28,
  .data_size = sizeof(emoji_racing_car_14_map),
  .data = emoji_racing_car_14_map,
};




#ifndef LV_ATTRIBUTE_MEM_ALIGN
#define LV_ATTRIBUTE_MEM_ALIGN
#endif

#ifndef LV_ATTRIBUTE_EMOJI_MOUSE_14
#define LV_ATTRIBUTE_EMOJI_MOUSE_14
#endif

static const
LV_ATTRIBUTE_MEM_ALIGN LV_ATTRIBUTE_LARGE_CONST LV_ATTRIBUTE_EMOJI_MOUSE_14
uint8_t emoji_mouse_14_map[] = {

    0x00,0x00,0x16,0x95,0x77,0x95,0x77,0x95,0x76,0x9d,0x55,0xad,0x00,0x00,0x00,0x00,0x55,0xad,0x76,0x9d,0x77,0x95,0x77,0x95,0x16,0x95,0x00,0x00,
    0x56,0x95,0x77,0x9d,0xb8,0xc5,0x97,0xc5,0xb8,0xa5,0x56,0x95,0xf7,0x9c,0xf7,0x9c,0x56,0x95,0xb8,0xa5,0x97,0xc5,0xb8,0xc5,0x77,0x9d,0x56,0x95,
    0x56,0x95,0x98,0xdd,0x57,0xfd,0x57,0xfd,0x57,0xed,0xf9,0xb5,0x56,0x95,0x56,0x95,0xf9,0xb5,0x57,0xed,0x57,0xfd,0x57,0xfd,0x98,0xdd,0x56,0x95,
    0x56,0xad,0x57,0xf5,0x57,0xf5,0x57,0xf5,0x57,0xed,0x97,0xb5,0x56,0x95,0x56,0x95,0x97,0xb5,0x57,0xed,0x57,0xf5,0x57,0xf5,0x57,0xf5,0x56,0xad,
    0x56,0xa5,0x77,0xf5,0x57,0xfd,0x57,0xc5,0x56,0x9d,0x56,0x95,0x77,0x9d,0x77,0x9d,0x56,0x95,0x56,0x9d,0x57,0xc5,0x57,0xfd,0x77,0xf5,0x56,0xa5,
    0x56,0x95,0xd8,0xdd,0x77,0xd5,0x56,0x8d,0x56,0x9d,0x56,0x9d,0x56,0x9d,0x56,0x9d,0x56,0x9d,0x56,0x9d,0x56,0x8d,0x77,0xd5,0xd8,0xdd,0x56,0x95,
    0x1f,0x00,0x56,0x95,0x77,0x9d,0x56,0x9d,0x76,0x9d,0x97,0xa5,0x56,0x9d,0x56,0x9d,0x97,0xa5,0x76,0x9d,0x56,0x9d,0x77,0x9d,0x56,0x95,0x00,0x00,
    0xf7,0x7d,0x00,0x00,0x56,0x95,0xd8,0xa5,0xd4,0x8c,0x0c,0x53,0x15,0x95,0x15,0x95,0x0c,0x53,0xd4,0x8c,0xd8,0xa5,0x36,0x95,0x00,0x00,0xf7,0x7b,
    0xf7,0xbd,0x55,0xad,0x35,0x95,0x19,0xae,0xd0,0x6b,0x41,0x08,0x93,0x84,0x93,0x84,0x41,0x08,0xd0,0x6b,0x19,0xae,0x35,0x95,0x55,0xad,0xd3,0x9c,
    0x33,0x63,0xff,0xff,0x96,0x9d,0x97,0xa5,0xd4,0x8c,0x8a,0x4a,0x15,0x8d,0x15,0x8d,0x8a,0x4a,0xd4,0x8c,0x97,0xa5,0x96,0x9d,0xff,0xff,0x33,0x63,
    0x00,0x00,0x55,0xad,0x8f,0x6b,0xd4,0x8c,0x77,0x9d,0x77,0x9d,0x76,0xad,0x77,0xad,0x77,0x9d,0x77,0x9d,0xd4,0x8c,0x8f,0x6b,0x55,0xad,0x00,0x00,
    0xb0,0x6b,0xb0,0x6b,0xb0,0x6b,0xd0,0x6b,0x8f,0x63,0xd4,0x94,0xd9,0xfd,0xd9,0xfd,0xd4,0x94,0x8f,0x63,0xd0,0x6b,0xb0,0x6b,0xb0,0x6b,0xb0,0x63,
    0xd0,0x63,0xaf,0x63,0xb0,0x63,0xd0,0x6b,0xf3,0x7b,0x77,0x9d,0x77,0xe5,0x77,0xe5,0x77,0x9d,0xf3,0x7b,0xd0,0x6b,0xb0,0x63,0xaf,0x63,0xb0,0x63,
    0x00,0x00,0xaf,0x63,0x8f,0x63,0x00,0x00,0x00,0x00,0x00,0x00,0x00,0x00,0x00,0x00,0x00,0x00,0x00,0x00,0x00,0x00,0x8f,0x63,0xaf,0x63,0x00,0x00,
    0x00,0x2a,0x90,0xa6,0x6f,0x06,0x00,0x00,0x06,0x6f,0xa6,0x90,0x2a,0x00,0x3f,0xec,0xff,0xff,0xff,0xb9,0x08,0x08,0xb9,0xff,0xff,0xff,0xec,0x3f,
    0xda,0xff,0xfa,0xfc,0xf9,0xff,0x51,0x51,0xff,0xf9,0xfc,0xfa,0xff,0xda,0xff,0xfe,0xff,0xff,0xfd,0xfd,0xc7,0xc7,0xfd,0xfd,0xff,0xff,0xfe,0xff,
    0xf4,0xfc,0xfd,0xff,0xff,0xff,0xff,0xff,0xff,0xff,0xff,0xfd,0xfc,0xf4,0x81,0xff,0xff,0xff,0xff,0xff,0xfd,0xfd,0xff,0xff,0xff,0xff,0xff,0x81,
    0x01,0x79,0xef,0xfe,0xfe,0xff,0xff,0xff,0xff,0xfe,0xfe,0xf0,0x79,0x01,0x04,0x00,0xa6,0xfe,0xfb,0xff,0xff,0xff,0xff,0xfb,0xfe,0xa7,0x00,0x04,
    0x04,0x03,0x6f,0xff,0xfb,0xff,0xff,0xff,0xff,0xfb,0xff,0x6f,0x03,0x05,0x05,0x01,0x0d,0xe2,0xfd,0xfd,0xff,0xff,0xfd,0xfd,0xe2,0x0d,0x01,0x05,
    0x00,0x03,0x16,0x78,0xff,0xfc,0xfc,0xfc,0xfc,0xff,0x78,0x16,0x03,0x00,0x7f,0xae,0xe6,0xff,0xe1,0xff,0xff,0xff,0xff,0xe1,0xff,0xe6,0xae,0x7e,
    0x76,0x8e,0xd1,0x55,0x0a,0x48,0xbc,0xbc,0x48,0x0a,0x55,0xd1,0x8e,0x76,0x00,0x85,0x24,0x00,0x00,0x00,0x00,0x00,0x00,0x00,0x00,0x24,0x85,0x00,

};

const lv_image_dsc_t emoji_mouse_14 = {
  .header.magic = LV_IMAGE_HEADER_MAGIC,
  .header.cf = LV_COLOR_FORMAT_RGB565A8,
  .header.flags = 0,
  .header.w = 14,
  .header.h = 14,
  .header.stride = 28,
  .data_size = sizeof(emoji_mouse_14_map),
  .data = emoji_mouse_14_map,
};




#ifndef LV_ATTRIBUTE_MEM_ALIGN
#define LV_ATTRIBUTE_MEM_ALIGN
#endif

#ifndef LV_ATTRIBUTE_EMOJI_MUSHROOM_14
#define LV_ATTRIBUTE_EMOJI_MUSHROOM_14
#endif

static const
LV_ATTRIBUTE_MEM_ALIGN LV_ATTRIBUTE_LARGE_CONST LV_ATTRIBUTE_EMOJI_MUSHROOM_14
uint8_t emoji_mushroom_14_map[] = {

    0x00,0x00,0xb5,0xfa,0x00,0x00,0x01,0xc8,0x68,0xe1,0x88,0xe1,0x48,0xd9,0x4b,0xe2,0xca,0xe1,0x48,0xe1,0xa9,0xd9,0x00,0x00,0xaa,0xfa,0x00,0x00,
    0x55,0xfd,0x00,0x00,0x94,0xec,0x2f,0xeb,0xca,0xe9,0x27,0xd9,0x8c,0xe2,0xb8,0xf5,0x94,0xf4,0x88,0xe9,0x48,0xe1,0x0a,0xda,0x00,0x00,0xaa,0xfa,
    0x00,0x00,0x57,0xf5,0xd9,0xfd,0xb8,0xfd,0xd5,0xec,0x68,0xd9,0x6c,0xe2,0x98,0xf5,0x74,0xec,0x27,0xd9,0x0e,0xeb,0x98,0xfd,0x57,0xf5,0x00,0x00,
    0xd9,0xfd,0x77,0xf5,0x77,0xfd,0x36,0xf5,0xb8,0xf5,0x0e,0xe3,0x07,0xd9,0xa9,0xd9,0x47,0xd9,0x47,0xd9,0x16,0xf5,0xb8,0xfd,0x57,0xf5,0x3a,0xfe,
    0x53,0xec,0xb8,0xfd,0x36,0xf5,0x36,0xf5,0xb8,0xf5,0x2e,0xe3,0x07,0xd9,0x8c,0xe2,0xb0,0xeb,0xea,0xe1,0xf1,0xeb,0xd9,0xf5,0xb8,0xfd,0xf2,0xeb,
    0xa9,0xd9,0xb5,0xf4,0xb8,0xf5,0xb8,0xf5,0xd5,0xf4,0x88,0xd9,0x4c,0xe2,0x98,0xf5,0xd8,0xf5,0xf5,0xf4,0xc9,0xd9,0x0e,0xe3,0xad,0xea,0x68,0xd9,
    0x48,0xd9,0xa9,0xd9,0x2e,0xe3,0x0e,0xe3,0xc9,0xd9,0x27,0xd9,0x0e,0xe3,0xd9,0xf5,0x77,0xf5,0x97,0xf5,0xea,0xd9,0x06,0xd9,0x27,0xd9,0x68,0xd9,
    0x68,0xd9,0x89,0xf1,0x48,0xe9,0x48,0xe9,0x48,0xe9,0x27,0xe1,0x48,0xe1,0xf2,0xf3,0xf5,0xf4,0x70,0xf3,0x68,0xe9,0xa9,0xe9,0xa9,0xf1,0x68,0xd9,
    0x68,0xd9,0x89,0xe1,0xa9,0xd9,0x88,0xd9,0x6c,0xca,0x4f,0xc3,0x0e,0xbb,0x0e,0xbb,0x90,0xc3,0x2b,0xca,0x68,0xd9,0x88,0xd9,0x88,0xe1,0x68,0xd9,
    0x00,0x00,0x00,0x00,0x00,0x00,0x00,0x00,0xf8,0x8d,0x19,0xa6,0x97,0x95,0x97,0x95,0xf9,0x9d,0xf9,0x95,0x00,0x00,0x00,0x00,0x00,0x00,0x00,0x00,
    0x0f,0xf8,0xe7,0xf9,0x8c,0xc9,0x8c,0xc9,0x36,0x9d,0x77,0xa5,0x36,0x9d,0x56,0x9d,0x77,0xa5,0x36,0x9d,0x8c,0xc9,0x8c,0xc9,0xe7,0xf9,0x0f,0xf8,
    0x00,0x00,0x55,0x55,0x00,0x00,0x56,0x95,0x77,0x9d,0x56,0x9d,0x56,0x9d,0x56,0x9d,0x56,0x9d,0x77,0x9d,0x36,0x95,0x00,0x00,0x55,0x55,0x00,0x00,
    0x00,0x00,0xf7,0xbd,0x00,0x00,0x56,0x9d,0xd8,0xa5,0x56,0x9d,0x56,0x9d,0x56,0x9d,0x56,0x9d,0xd8,0xa5,0x56,0x95,0x00,0x00,0xf7,0xbd,0x00,0x00,
    0x00,0x00,0x55,0xad,0x00,0x00,0x56,0x9d,0x97,0xa5,0x56,0x9d,0x56,0x9d,0x56,0x9d,0x56,0x9d,0x97,0xa5,0x56,0x9d,0x00,0x00,0x55,0xad,0x00,0x00,
    0x00,0x03,0x00,0x2b,0x9b,0xe2,0xfe,0xfe,0xe2,0x9a,0x2a,0x00,0x03,0x00,0x03,0x00,0x67,0xf1,0xff,0xff,0xff,0xff,0xff,0xff,0xf0,0x66,0x00,0x03,
    0x00,0x65,0xff,0xff,0xfc,0xfe,0xff,0xff,0xfe,0xfc,0xff,0xff,0x65,0x00,0x28,0xf6,0xfd,0xfd,0xff,0xff,0xff,0xff,0xff,0xff,0xfd,0xfd,0xf6,0x27,
    0x9d,0xff,0xfc,0xff,0xff,0xff,0xff,0xff,0xff,0xff,0xff,0xfc,0xff,0x9d,0xe5,0xfe,0xfe,0xff,0xff,0xff,0xff,0xff,0xff,0xff,0xff,0xfe,0xfe,0xe5,
    0xff,0xfb,0xfb,0xfb,0xfd,0xff,0xff,0xff,0xff,0xfd,0xfb,0xfb,0xfb,0xff,0xf3,0xff,0xff,0xff,0xff,0xff,0xff,0xff,0xff,0xff,0xff,0xff,0xff,0xf3,
    0x38,0x8a,0x8e,0x8e,0xbd,0xff,0xfd,0xfd,0xff,0xbd,0x8e,0x8e,0x8a,0x38,0x00,0x00,0x00,0x00,0x82,0xff,0xfb,0xfb,0xff,0x82,0x00,0x00,0x00,0x00,
    0x02,0x04,0x05,0x05,0xd2,0xff,0xfd,0xfd,0xff,0xd2,0x05,0x05,0x04,0x02,0x00,0x03,0x00,0x31,0xfd,0xfe,0xff,0xff,0xfe,0xfd,0x31,0x00,0x03,0x00,
    0x00,0x04,0x00,0x7d,0xff,0xfb,0xff,0xff,0xfb,0xff,0x7e,0x00,0x04,0x00,0x00,0x03,0x00,0x51,0xf5,0xfd,0xfe,0xfe,0xfd,0xf5,0x51,0x00,0x03,0x00,

};

const lv_image_dsc_t emoji_mushroom_14 = {
  .header.magic = LV_IMAGE_HEADER_MAGIC,
  .header.cf = LV_COLOR_FORMAT_RGB565A8,
  .header.flags = 0,
  .header.w = 14,
  .header.h = 14,
  .header.stride = 28,
  .data_size = sizeof(emoji_mushroom_14_map),
  .data = emoji_mushroom_14_map,
};




#ifndef LV_ATTRIBUTE_MEM_ALIGN
#define LV_ATTRIBUTE_MEM_ALIGN
#endif

#ifndef LV_ATTRIBUTE_EMOJI_BIOHAZARD_14
#define LV_ATTRIBUTE_EMOJI_BIOHAZARD_14
#endif

static const
LV_ATTRIBUTE_MEM_ALIGN LV_ATTRIBUTE_LARGE_CONST LV_ATTRIBUTE_EMOJI_BIOHAZARD_14
uint8_t emoji_biohazard_14_map[] = {

    0x00,0x00,0xe0,0xff,0x00,0x00,0x00,0x00,0x82,0xfc,0x81,0xfc,0x60,0xf4,0x60,0xf4,0x81,0xfc,0x82,0xfc,0x00,0x00,0x00,0x00,0xe0,0xff,0x00,0x00,
    0xe0,0xff,0x00,0x00,0x42,0xec,0xa1,0xfc,0x81,0xfc,0xa1,0xfc,0xe2,0xfc,0xe2,0xfc,0xa1,0xfc,0x81,0xfc,0xa1,0xfc,0x42,0xec,0x00,0x00,0xe0,0xff,
    0xe0,0xfb,0x02,0xfd,0x81,0xf4,0xc1,0xfc,0x82,0xf4,0xab,0xf5,0xc4,0xf4,0xc4,0xf4,0xac,0xf5,0x82,0xf4,0xe1,0xfc,0x81,0xf4,0x02,0xfd,0xe0,0xfb,
    0x00,0x00,0x61,0xf4,0xe2,0xfc,0x40,0xf4,0x51,0xfe,0x48,0xf5,0x20,0xf4,0x20,0xf4,0x48,0xf5,0x50,0xfe,0x40,0xf4,0xe2,0xfc,0x61,0xf4,0x00,0x00,
    0x61,0xf4,0x81,0xf4,0x81,0xf4,0x60,0xf4,0x38,0xff,0x8a,0xf5,0xb4,0xfe,0xb4,0xfe,0x6a,0xf5,0x38,0xff,0x60,0xf4,0x81,0xf4,0x81,0xf4,0x61,0xf4,
    0x81,0xf4,0xc1,0xfc,0x40,0xf4,0xab,0xf5,0xff,0xff,0x17,0xff,0x27,0xf5,0x27,0xf5,0xf7,0xfe,0xff,0xff,0xab,0xf5,0x40,0xf4,0xc1,0xfc,0x81,0xf4,
    0x82,0xf4,0x80,0xfc,0x8a,0xf5,0x5a,0xff,0x52,0xfe,0x7a,0xff,0x72,0xfe,0x71,0xfe,0x7a,0xff,0x51,0xfe,0x5a,0xff,0x8a,0xf5,0x80,0xfc,0x82,0xf4,
    0x81,0xf4,0xa1,0xfc,0x2f,0xfe,0x61,0xf4,0x51,0xfe,0x48,0xf5,0x0e,0xfe,0xed,0xfd,0x69,0xf5,0x51,0xfe,0x61,0xf4,0x2f,0xfe,0xa1,0xfc,0x81,0xf4,
    0x61,0xf4,0xc2,0xfc,0x27,0xf5,0x20,0xf4,0xab,0xfd,0xb4,0xfe,0x93,0xfe,0x93,0xfe,0xb5,0xfe,0x8a,0xf5,0x20,0xf4,0x27,0xf5,0xc2,0xfc,0x61,0xf4,
    0x61,0xf4,0x81,0xf4,0xc3,0xf4,0xc3,0xf4,0x20,0xf4,0x06,0xf5,0xbc,0xff,0xbd,0xff,0x06,0xf5,0x20,0xf4,0xc3,0xf4,0xa3,0xf4,0x81,0xf4,0x61,0xf4,
    0x00,0x00,0x61,0xf4,0xe1,0xfc,0x48,0xf5,0xcd,0xfd,0xd5,0xfe,0xd5,0xfe,0xd5,0xfe,0xd5,0xfe,0xcd,0xfd,0x48,0xf5,0xe1,0xfc,0x61,0xf4,0x00,0x00,
    0xe0,0xfb,0x02,0xfd,0x81,0xf4,0xc1,0xfc,0xc4,0xf4,0xc4,0xf4,0x40,0xf4,0x40,0xf4,0xc4,0xf4,0xc4,0xf4,0xc1,0xfc,0x81,0xf4,0x02,0xfd,0xe0,0xfb,
    0xe0,0xff,0x00,0x00,0x42,0xec,0x81,0xfc,0x80,0xfc,0xa0,0xfc,0xc1,0xfc,0xc1,0xfc,0xa0,0xfc,0x80,0xfc,0x81,0xfc,0x42,0xec,0x00,0x00,0xe0,0xff,
    0x00,0x00,0xe0,0xff,0x00,0x00,0x00,0x00,0x81,0xfc,0x81,0xfc,0x81,0xf4,0x81,0xf4,0x81,0xfc,0x81,0xfc,0x00,0x00,0x00,0x00,0xe0,0xff,0x00,0x00,
    0x00,0x01,0x00,0x00,0x32,0x7e,0xa6,0xa6,0x7e,0x32,0x00,0x00,0x01,0x00,0x01,0x00,0x0f,0x9d,0xf8,0xff,0xff,0xff,0xff,0xf8,0x9d,0x0f,0x00,0x01,
    0x02,0x0e,0xcd,0xff,0xff,0xfc,0xfc,0xfc,0xfc,0xff,0xff,0xcd,0x0e,0x02,0x00,0x9f,0xff,0xf9,0xff,0xff,0xff,0xff,0xff,0xff,0xf9,0xff,0x9f,0x00,
    0x30,0xfc,0xfc,0xfe,0xff,0xff,0xff,0xff,0xff,0xff,0xfe,0xfc,0xfc,0x30,0x81,0xff,0xfc,0xff,0xff,0xff,0xff,0xff,0xff,0xff,0xff,0xfc,0xff,0x81,
    0xa6,0xff,0xfc,0xff,0xff,0xff,0xff,0xff,0xff,0xff,0xff,0xfc,0xff,0xa6,0xa6,0xff,0xfc,0xff,0xff,0xff,0xff,0xff,0xff,0xff,0xff,0xfc,0xff,0xa6,
    0x81,0xff,0xfc,0xff,0xff,0xff,0xff,0xff,0xff,0xff,0xff,0xfc,0xff,0x81,0x30,0xfc,0xfc,0xfe,0xff,0xff,0xff,0xff,0xff,0xff,0xfe,0xfc,0xfc,0x30,
    0x00,0x9f,0xff,0xf9,0xff,0xff,0xff,0xff,0xff,0xff,0xf9,0xff,0x9f,0x00,0x02,0x0e,0xcd,0xff,0xff,0xfc,0xfc,0xfc,0xfc,0xff,0xff,0xcd,0x0e,0x02,
    0x01,0x00,0x0f,0x9d,0xf8,0xff,0xff,0xff,0xff,0xf8,0x9d,0x0f,0x00,0x01,0x00,0x01,0x00,0x00,0x32,0x7e,0xa6,0xa6,0x7e,0x32,0x00,0x00,0x01,0x00,

};

const lv_image_dsc_t emoji_biohazard_14 = {
  .header.magic = LV_IMAGE_HEADER_MAGIC,
  .header.cf = LV_COLOR_FORMAT_RGB565A8,
  .header.flags = 0,
  .header.w = 14,
  .header.h = 14,
  .header.stride = 28,
  .data_size = sizeof(emoji_biohazard_14_map),
  .data = emoji_biohazard_14_map,
};




#ifndef LV_ATTRIBUTE_MEM_ALIGN
#define LV_ATTRIBUTE_MEM_ALIGN
#endif

#ifndef LV_ATTRIBUTE_EMOJI_PANDA_14
#define LV_ATTRIBUTE_EMOJI_PANDA_14
#endif

static const
LV_ATTRIBUTE_MEM_ALIGN LV_ATTRIBUTE_LARGE_CONST LV_ATTRIBUTE_EMOJI_PANDA_14
uint8_t emoji_panda_14_map[] = {

    0xa2,0x10,0x65,0x29,0xe7,0x31,0xa6,0x29,0x59,0xce,0x9e,0xf7,0x7d,0xef,0x7d,0xef,0x9e,0xf7,0x59,0xce,0xa6,0x29,0xe7,0x31,0x65,0x29,0xa2,0x10,
    0x24,0x21,0xab,0x4a,0xf0,0x6b,0x59,0xce,0xdf,0xff,0xbe,0xf7,0x7d,0xef,0x7d,0xef,0x9e,0xf7,0xdf,0xff,0x59,0xce,0xf0,0x6b,0xab,0x4a,0x24,0x21,
    0x45,0x21,0x2d,0x53,0x59,0xc6,0xdf,0xff,0x5d,0xef,0x5d,0xef,0x7d,0xef,0x7d,0xef,0x5d,0xef,0x5d,0xef,0xdf,0xff,0x59,0xc6,0x2d,0x53,0x45,0x21,
    0x82,0x08,0x8e,0x6b,0xdf,0xff,0x5d,0xef,0xdf,0xff,0xdf,0xff,0x7d,0xef,0x7d,0xef,0xdf,0xff,0xdf,0xff,0x5d,0xef,0xdf,0xff,0x8e,0x6b,0x82,0x08,
    0x00,0x00,0xfb,0xde,0xff,0xff,0xbe,0xf7,0xd7,0xbd,0xb6,0xb5,0x9e,0xf7,0x9e,0xf7,0xb6,0xb5,0xd7,0xbd,0xbe,0xf7,0xff,0xff,0xfb,0xde,0x00,0x00,
    0x7d,0xef,0x7d,0xef,0xdf,0xff,0x30,0x84,0x24,0x21,0xe4,0x18,0x75,0xad,0x75,0xad,0xe4,0x18,0x24,0x21,0x30,0x84,0xdf,0xff,0x7d,0xef,0x7d,0xef,
    0x5d,0xef,0xff,0xff,0x9a,0xce,0x04,0x21,0x2d,0x5b,0xec,0x4a,0xef,0x7b,0xef,0x7b,0xec,0x4a,0x2d,0x5b,0x24,0x21,0x9a,0xd6,0xff,0xff,0x5d,0xef,
    0x5d,0xef,0xff,0xff,0x38,0xc6,0x04,0x19,0xcc,0x4a,0x6a,0x3a,0x51,0x8c,0x51,0x8c,0x6a,0x3a,0xcc,0x4a,0x04,0x19,0x59,0xce,0xff,0xff,0x5d,0xef,
    0x7d,0xef,0xdf,0xff,0x9e,0xf7,0xeb,0x5a,0xaa,0x52,0x7a,0xce,0xff,0xff,0xff,0xff,0x7a,0xce,0xaa,0x52,0xeb,0x5a,0x9e,0xf7,0xdf,0xff,0x7d,0xef,
    0x7d,0xef,0xdf,0xff,0x9e,0xf7,0x9e,0xf7,0xbe,0xf7,0x34,0xa5,0x30,0x84,0x30,0x84,0x34,0xa5,0xbe,0xf7,0x9e,0xf7,0x9e,0xf7,0xdf,0xff,0x7d,0xef,
    0x7d,0xef,0x9e,0xf7,0xbe,0xf7,0xff,0xff,0xdf,0xff,0x8e,0x73,0xa2,0x08,0xa2,0x08,0x8e,0x73,0xdf,0xff,0xff,0xff,0xbe,0xf7,0x9e,0xf7,0x7d,0xef,
    0x00,0x00,0x5d,0xef,0xdf,0xff,0xff,0xff,0xff,0xff,0xff,0xff,0xdb,0xd6,0xdb,0xd6,0xff,0xff,0xff,0xff,0xff,0xff,0xdf,0xff,0x5d,0xef,0x00,0x00,
    0xff,0xff,0x00,0x00,0x3c,0xe7,0xdf,0xff,0xff,0xff,0xbf,0xff,0xf1,0xf3,0xf1,0xf3,0xbf,0xff,0xff,0xff,0xdf,0xff,0x3c,0xe7,0x00,0x00,0xff,0xff,
    0x00,0x00,0x55,0xad,0x00,0x00,0x00,0x00,0x7d,0xef,0xbb,0xce,0x77,0xd5,0x77,0xd5,0xbb,0xce,0x7d,0xef,0x00,0x00,0x00,0x00,0x55,0xad,0x00,0x00,
    0x0c,0xab,0xfe,0xe0,0x94,0xdb,0xfe,0xfe,0xdb,0x94,0xe0,0xfe,0xab,0x0c,0x7d,0xff,0xfd,0xff,0xff,0xff,0xff,0xff,0xff,0xff,0xff,0xfd,0xff,0x7d,
    0xaf,0xff,0xfc,0xfe,0xfc,0xfe,0xff,0xff,0xfe,0xfc,0xfe,0xfc,0xff,0xb0,0x56,0xf7,0xfd,0xff,0xff,0xff,0xff,0xff,0xff,0xff,0xff,0xfd,0xf7,0x56,
    0x00,0xc0,0xff,0xfc,0xff,0xff,0xff,0xff,0xff,0xff,0xfc,0xff,0xc0,0x00,0x1d,0xef,0xff,0xfe,0xff,0xff,0xff,0xff,0xff,0xff,0xfe,0xff,0xef,0x1d,
    0x59,0xff,0xfd,0xff,0xff,0xff,0xff,0xff,0xff,0xff,0xff,0xfd,0xff,0x59,0x8c,0xff,0xfc,0xff,0xff,0xff,0xff,0xff,0xff,0xff,0xff,0xfc,0xff,0x8c,
    0xa9,0xfe,0xfc,0xff,0xff,0xff,0xff,0xff,0xff,0xff,0xff,0xfc,0xfe,0xa9,0x93,0xff,0xfb,0xff,0xff,0xff,0xff,0xff,0xff,0xff,0xff,0xfb,0xff,0x93,
    0x30,0xfc,0xff,0xfb,0xfe,0xff,0xff,0xff,0xff,0xfe,0xfb,0xff,0xfc,0x30,0x00,0x63,0xfe,0xff,0xff,0xfe,0xff,0xff,0xfe,0xff,0xff,0xfe,0x63,0x00,
    0x02,0x00,0x35,0xa4,0xe2,0xff,0xff,0xff,0xff,0xe2,0xa4,0x35,0x00,0x02,0x00,0x03,0x00,0x00,0x0f,0x7f,0xf6,0xf6,0x7f,0x0f,0x00,0x00,0x03,0x00,

};

const lv_image_dsc_t emoji_panda_14 = {
  .header.magic = LV_IMAGE_HEADER_MAGIC,
  .header.cf = LV_COLOR_FORMAT_RGB565A8,
  .header.flags = 0,
  .header.w = 14,
  .header.h = 14,
  .header.stride = 28,
  .data_size = sizeof(emoji_panda_14_map),
  .data = emoji_panda_14_map,
};




#ifndef LV_ATTRIBUTE_MEM_ALIGN
#define LV_ATTRIBUTE_MEM_ALIGN
#endif

#ifndef LV_ATTRIBUTE_EMOJI_ANGER_14
#define LV_ATTRIBUTE_EMOJI_ANGER_14
#endif

static const
LV_ATTRIBUTE_MEM_ALIGN LV_ATTRIBUTE_LARGE_CONST LV_ATTRIBUTE_EMOJI_ANGER_14
uint8_t emoji_anger_14_map[] = {

    0x00,0x00,0x00,0xf8,0x00,0x00,0x00,0xf8,0xe7,0xc0,0xc6,0xc0,0xa5,0xc0,0x00,0xa8,0x0a,0xa8,0x0a,0xa8,0x00,0x00,0x00,0x00,0x00,0x00,0x00,0x00,
    0x00,0x00,0x00,0x00,0x03,0x98,0x00,0x00,0xe6,0xb8,0xc6,0xc8,0xc6,0xb8,0x00,0x00,0x00,0x00,0x00,0x00,0xc5,0xb0,0xc6,0xb8,0x00,0x00,0x00,0xf8,
    0x00,0x00,0xc5,0xc0,0xc6,0xc8,0xc5,0xb8,0x00,0x00,0xc6,0xb8,0xe6,0xd0,0xc6,0xb8,0xe5,0xc0,0xc6,0xb8,0xc6,0xc0,0xc6,0xb8,0x87,0xc0,0x0a,0xa8,
    0x00,0x78,0xa5,0xc0,0xc6,0xc0,0xc6,0xc0,0xc6,0xb0,0x00,0xf8,0xc6,0xc0,0xc6,0xd0,0xc6,0xb8,0xc6,0xc8,0xc6,0xc0,0xa5,0xb8,0x00,0x00,0x00,0x00,
    0x0a,0xa8,0x00,0x00,0xc5,0xb0,0xc6,0xc8,0xa6,0xb8,0x00,0x00,0x00,0x00,0xa6,0xc0,0xc6,0xc0,0xc6,0xc0,0x00,0x00,0x00,0x00,0xc6,0xb8,0xa5,0xb8,
    0x00,0xf8,0x07,0xb8,0x00,0x00,0xc6,0xb8,0xc6,0xb8,0x00,0x00,0x06,0xc8,0x00,0x00,0x00,0x00,0x00,0x00,0x06,0xc8,0xc6,0xc0,0xe6,0xd0,0xc6,0xb8,
    0x00,0x00,0x00,0x00,0xa6,0xb8,0xe6,0xd0,0xc6,0xb8,0x00,0x00,0x07,0xb8,0x0a,0xf8,0x05,0xd0,0x45,0xa9,0xc6,0xc0,0xe6,0xd0,0xc6,0xc0,0xe5,0xb8,
    0xa6,0xb8,0xc6,0xc0,0xe6,0xd0,0xc6,0xc0,0x05,0xa8,0x05,0xd0,0x07,0xb8,0x07,0xb8,0x00,0x00,0xc6,0xb8,0xe6,0xd0,0xc6,0xb8,0x00,0x00,0x00,0x00,
    0xc6,0xb8,0xc6,0xc8,0xc6,0xb8,0x00,0x00,0x00,0x00,0x00,0x00,0x00,0x00,0x0a,0xa8,0x00,0xf8,0xc6,0xb8,0xc6,0xb8,0x00,0xf8,0x07,0xb8,0x00,0xf8,
    0xc6,0xb0,0x86,0xb8,0x00,0x00,0x00,0x00,0xc6,0xc0,0xc6,0xc8,0xc6,0xc0,0x05,0xa8,0x00,0x00,0xc6,0xb8,0xc6,0xc8,0xc5,0xb0,0x00,0x00,0x0a,0xf8,
    0x00,0x00,0x00,0x00,0xa6,0xb8,0xc6,0xc0,0xc6,0xc8,0xc6,0xb8,0xc6,0xc8,0xc6,0xc0,0xa5,0xb8,0x00,0xf8,0xc6,0xb8,0xc6,0xc8,0xc5,0xb8,0x00,0xf8,
    0x0a,0xa8,0x24,0xb1,0xc6,0xb8,0xc6,0xc0,0xa5,0xb8,0x0a,0xa8,0xc6,0xb8,0xc6,0xd0,0xc6,0xb8,0x00,0x00,0xa5,0xb8,0xc6,0xc8,0xc6,0xb8,0x00,0x00,
    0x00,0xf8,0x00,0x00,0xa5,0xb8,0xa5,0xa8,0x00,0x00,0x0f,0xf8,0x00,0x00,0xc6,0xb8,0xe6,0xd0,0xc6,0xb8,0x00,0x00,0x00,0x00,0x00,0x00,0x00,0x00,
    0x00,0x00,0x00,0x00,0x00,0x00,0x00,0x00,0x0a,0xa8,0x00,0x78,0x00,0xa8,0xe5,0xc0,0xc6,0xc0,0xe7,0xb8,0x00,0x78,0x00,0xf8,0x00,0xf8,0x00,0x00,
    0x00,0x01,0x00,0x02,0x12,0x84,0x21,0x03,0x03,0x03,0x00,0x00,0x00,0x00,0x00,0x00,0x08,0x00,0x1a,0xff,0x9d,0x00,0x00,0x00,0x1c,0x43,0x00,0x01,
    0x00,0x31,0xdf,0x3b,0x00,0x72,0xff,0x66,0x11,0x4f,0xee,0xe9,0x0d,0x03,0x02,0x16,0xdc,0xdd,0x0a,0x01,0x9c,0xff,0xfd,0xff,0xc7,0x2c,0x00,0x00,
    0x03,0x00,0x34,0xff,0x57,0x00,0x00,0x41,0x70,0x42,0x00,0x00,0x28,0x16,0x02,0x04,0x00,0xf1,0x8f,0x01,0x05,0x00,0x00,0x00,0x05,0x8b,0xff,0x88,
    0x00,0x00,0x57,0xff,0x54,0x00,0x04,0x03,0x06,0x06,0xb0,0xff,0x82,0x1b,0x23,0x93,0xff,0xac,0x06,0x06,0x04,0x04,0x00,0x4d,0xff,0x53,0x00,0x00,
    0x72,0xfe,0x7d,0x01,0x00,0x00,0x00,0x03,0x01,0x79,0xfa,0x02,0x04,0x02,0x0a,0x1a,0x00,0x02,0x53,0x88,0x5f,0x06,0x00,0x3f,0xff,0x51,0x00,0x03,
    0x00,0x00,0x37,0xd3,0xff,0xee,0xff,0xc0,0x0b,0x02,0xc3,0xf4,0x26,0x01,0x03,0x07,0xdb,0xe7,0x40,0x03,0x45,0xff,0x94,0x00,0x22,0xca,0x38,0x00,
    0x01,0x00,0x2b,0x16,0x00,0x02,0x00,0x7c,0xff,0x28,0x00,0x00,0x00,0x00,0x00,0x00,0x00,0x00,0x03,0x02,0x03,0x12,0x6d,0x12,0x02,0x01,0x01,0x00,

};

const lv_image_dsc_t emoji_anger_14 = {
  .header.magic = LV_IMAGE_HEADER_MAGIC,
  .header.cf = LV_COLOR_FORMAT_RGB565A8,
  .header.flags = 0,
  .header.w = 14,
  .header.h = 14,
  .header.stride = 28,
  .data_size = sizeof(emoji_anger_14_map),
  .data = emoji_anger_14_map,
};




#ifndef LV_ATTRIBUTE_MEM_ALIGN
#define LV_ATTRIBUTE_MEM_ALIGN
#endif

#ifndef LV_ATTRIBUTE_EMOJI_DRAGON_FACE_14
#define LV_ATTRIBUTE_EMOJI_DRAGON_FACE_14
#endif

static const
LV_ATTRIBUTE_MEM_ALIGN LV_ATTRIBUTE_LARGE_CONST LV_ATTRIBUTE_EMOJI_DRAGON_FACE_14
uint8_t emoji_dragon_face_14_map[] = {

    0x00,0x00,0x00,0x00,0x00,0x00,0x00,0x00,0xe0,0x03,0x00,0x00,0xc4,0x4b,0xa3,0x43,0x20,0x12,0x42,0x33,0x42,0x3b,0x00,0x00,0xff,0xff,0xe0,0x7b,
    0x00,0x00,0x00,0x00,0x00,0x00,0x00,0x00,0x20,0x33,0xff,0xff,0x63,0x3b,0xc3,0x43,0xe4,0x43,0x46,0x54,0x25,0x4c,0xe4,0x43,0x42,0x33,0x00,0x00,
    0x00,0x00,0x00,0x00,0x00,0x00,0xe7,0x3b,0x00,0x00,0x00,0x00,0x05,0x4c,0x29,0x6d,0xcb,0x7d,0x6a,0x75,0x8a,0x75,0xaa,0x75,0x45,0x4c,0x22,0x33,
    0x4a,0x55,0x4a,0xad,0xe7,0x7b,0x00,0x00,0x0b,0x6d,0x8a,0x75,0xab,0x7d,0x29,0x6d,0x45,0x54,0xe4,0x4b,0xc7,0x64,0xcb,0x7d,0xaa,0x75,0xc4,0x43,
    0x00,0x00,0x00,0x00,0x00,0x00,0x8a,0x75,0xab,0x7d,0x0b,0x86,0x69,0x6d,0xa5,0x43,0x64,0x21,0x69,0x64,0xca,0x7d,0x6a,0x75,0xcb,0x7d,0x66,0x54,
    0x8a,0x7d,0xaa,0x7d,0x8a,0x75,0xcb,0x7d,0xaa,0x75,0x69,0x75,0xac,0x85,0x4a,0x75,0xc9,0x53,0x2a,0x75,0xaa,0x7d,0x8a,0x75,0xcb,0x7d,0x87,0x5c,
    0x89,0x75,0xe7,0x64,0xeb,0x7d,0x69,0x75,0x72,0xae,0xd4,0xbe,0x9b,0xe7,0xec,0x85,0xca,0x7d,0xaa,0x7d,0x8a,0x75,0x8a,0x75,0xcb,0x7d,0x87,0x5c,
    0x69,0x75,0x6a,0x75,0xab,0x7d,0x08,0x65,0xd0,0x9d,0xb0,0x9d,0xec,0x7c,0x09,0x6d,0x8a,0x75,0x8a,0x75,0x8a,0x75,0x8a,0x75,0xaa,0x7d,0x25,0x54,
    0x00,0x00,0x0c,0x86,0x46,0x54,0x66,0x54,0x66,0x54,0x86,0x54,0xe7,0x5c,0xaa,0x7d,0x8a,0x75,0x8a,0x75,0x8a,0x75,0x8a,0x7d,0x6a,0x75,0xe4,0x43,
    0xc6,0x64,0x00,0x00,0xa7,0x5c,0xaa,0x7d,0x0b,0x86,0x4d,0x8e,0xaf,0x9e,0xab,0x7d,0xcb,0x7d,0x8a,0x75,0x8a,0x75,0xab,0x7d,0x08,0x65,0x22,0x33,
    0x00,0x00,0xef,0x7b,0x00,0x00,0x4a,0x7d,0xa7,0x6c,0x00,0x00,0x00,0x00,0x29,0x6d,0x8a,0x7d,0x8a,0x7d,0x8a,0x75,0xeb,0x7d,0x46,0x54,0xa0,0x02,
    0x00,0x00,0x00,0x00,0xe0,0x07,0x00,0x00,0x00,0x00,0xc6,0x64,0x4a,0x55,0xaa,0x75,0x8a,0x75,0x8a,0x75,0xab,0x7d,0x49,0x6d,0x63,0x3b,0x00,0x00,
    0x00,0x00,0x00,0x00,0x00,0x00,0xe0,0x07,0xe0,0xff,0x4a,0x55,0x00,0x00,0x8a,0x75,0xeb,0x7d,0x8a,0x75,0xca,0x7d,0x05,0x4c,0x00,0x00,0xef,0x7b,
    0x00,0x00,0x00,0x00,0x00,0x00,0x00,0x00,0x4a,0x55,0x00,0x00,0x8a,0x75,0xcb,0x7d,0x8a,0x75,0xaa,0x7d,0xa7,0x5c,0x42,0x33,0xe0,0x07,0x00,0x00,
    0x00,0x00,0x00,0x00,0x02,0x00,0x15,0xaf,0x0f,0x83,0xa3,0x00,0x01,0x02,0x00,0x00,0x00,0x00,0x05,0x01,0x88,0xff,0xd1,0xff,0xfb,0xba,0x58,0x00,
    0x00,0x00,0x00,0x04,0x00,0x00,0xe2,0xfd,0xff,0xfe,0xfd,0xff,0xc6,0x3c,0x03,0x03,0x04,0x00,0x0e,0x96,0xfe,0xfd,0xfd,0xff,0xff,0xf9,0xff,0x8e,
    0x00,0x00,0x00,0x48,0xd8,0xff,0xfd,0xff,0xff,0xff,0xff,0xfe,0xfd,0xd6,0x7d,0x98,0x9f,0xff,0xff,0xfb,0xff,0xff,0xff,0xff,0xff,0xfe,0xff,0xdf,
    0xff,0xff,0xff,0xff,0xfd,0xfe,0xfe,0xff,0xff,0xff,0xff,0xfd,0xff,0xc6,0x67,0xe8,0xff,0xfc,0xfe,0xff,0xff,0xfc,0xff,0xff,0xff,0xfd,0xff,0xc7,
    0x00,0x19,0xba,0xff,0xff,0xfa,0xf6,0xff,0xfe,0xff,0xff,0xfe,0xff,0x64,0x05,0x00,0x16,0xcf,0xe8,0x47,0x24,0xb9,0xff,0xfd,0xff,0xfd,0xf9,0x5a,
    0x00,0x02,0x00,0x06,0x11,0x00,0x00,0x17,0xf6,0xff,0xfb,0xff,0xbc,0x03,0x00,0x00,0x01,0x00,0x00,0x05,0x03,0x22,0xf9,0xfe,0xfb,0xf9,0x90,0x00,
    0x00,0x00,0x00,0x01,0x01,0x03,0x00,0x9a,0xff,0xf9,0xff,0xd1,0x00,0x02,0x00,0x00,0x00,0x00,0x03,0x00,0x56,0xff,0xfc,0xfd,0xfb,0x8f,0x01,0x01,

};

const lv_image_dsc_t emoji_dragon_face_14 = {
  .header.magic = LV_IMAGE_HEADER_MAGIC,
  .header.cf = LV_COLOR_FORMAT_RGB565A8,
  .header.flags = 0,
  .header.w = 14,
  .header.h = 14,
  .header.stride = 28,
  .data_size = sizeof(emoji_dragon_face_14_map),
  .data = emoji_dragon_face_14_map,
};




#ifndef LV_ATTRIBUTE_MEM_ALIGN
#define LV_ATTRIBUTE_MEM_ALIGN
#endif

#ifndef LV_ATTRIBUTE_EMOJI_PAGER_14
#define LV_ATTRIBUTE_EMOJI_PAGER_14
#endif

static const
LV_ATTRIBUTE_MEM_ALIGN LV_ATTRIBUTE_LARGE_CONST LV_ATTRIBUTE_EMOJI_PAGER_14
uint8_t emoji_pager_14_map[] = {

    0x00,0x00,0x00,0x00,0x00,0x00,0x00,0x00,0x00,0x00,0x00,0x00,0x00,0x00,0x00,0x00,0x00,0x00,0x00,0x00,0x00,0x00,0x00,0x00,0x00,0x00,0x00,0x00,
    0x00,0x00,0x00,0x00,0x00,0x00,0x00,0x00,0x00,0x00,0x00,0x00,0x00,0x00,0x00,0x00,0x00,0x00,0x00,0x00,0x00,0x00,0x00,0x00,0x00,0x00,0x00,0x00,
    0xc8,0x31,0x2b,0x5b,0x4c,0x5b,0x4b,0x5b,0x4b,0x5b,0x4b,0x5b,0x4b,0x5b,0x4b,0x5b,0x4b,0x5b,0x4c,0x5b,0x4b,0x5b,0x4c,0x5b,0x2b,0x5b,0xc8,0x31,
    0x0b,0x53,0x77,0xcf,0x77,0xcf,0x77,0xcf,0x77,0xcf,0x77,0xcf,0x77,0xcf,0x77,0xcf,0x77,0xd7,0x77,0xcf,0x77,0xcf,0x77,0xcf,0x77,0xcf,0x0b,0x53,
    0x0b,0x53,0x36,0xcf,0x16,0xc7,0x16,0xc7,0x15,0xc7,0x15,0xc7,0x16,0xc7,0x15,0xc7,0xf5,0xbe,0x16,0xc7,0x16,0xc7,0x16,0xc7,0x36,0xcf,0x0b,0x53,
    0x0b,0x53,0x36,0xcf,0x57,0xcf,0x71,0xa6,0x2f,0x96,0x50,0x9e,0x50,0x9e,0x2f,0x96,0x50,0x9e,0x50,0x9e,0x50,0x9e,0x57,0xcf,0x36,0xcf,0x0b,0x53,
    0x0b,0x53,0x36,0xc7,0x36,0xc7,0xb2,0xae,0x91,0xa6,0x91,0xa6,0xb2,0xae,0x92,0xae,0x92,0xae,0xb2,0xae,0x92,0xae,0x36,0xcf,0x36,0xc7,0x0b,0x53,
    0x2b,0x5b,0x77,0xcf,0x56,0xcf,0x77,0xcf,0x77,0xcf,0x57,0xcf,0x77,0xcf,0x77,0xcf,0x77,0xcf,0x77,0xcf,0x77,0xcf,0x56,0xcf,0x77,0xd7,0x2b,0x5b,
    0x89,0x4a,0x54,0xb6,0x94,0xb6,0x74,0xb6,0x74,0xb6,0x94,0xb6,0x94,0xb6,0x74,0xb6,0x74,0xb6,0x74,0xb6,0x94,0xb6,0xb5,0xb6,0x74,0xae,0x8a,0x4a,
    0xa7,0x31,0x49,0x42,0x6a,0x42,0x6a,0x42,0x6a,0x42,0x08,0x3a,0x29,0x3a,0x6a,0x42,0x6a,0x42,0x6a,0x42,0x49,0x3a,0xe8,0x39,0xc8,0x59,0xa7,0x31,
    0x29,0x3a,0xd0,0x6b,0xd0,0x6b,0xd0,0x6b,0xf1,0x6b,0x6a,0x42,0x0d,0x53,0xf1,0x6b,0xd0,0x6b,0xf1,0x6b,0x6e,0x53,0x87,0x61,0x68,0xf1,0xc8,0x51,
    0xc8,0x31,0x4a,0x42,0x4a,0x42,0x49,0x42,0x4a,0x42,0xc8,0x31,0x08,0x3a,0x4a,0x42,0x49,0x42,0x4a,0x42,0x09,0x3a,0xa7,0x39,0xa8,0x59,0xa7,0x39,
    0x00,0x00,0xa2,0x10,0xa2,0x10,0x82,0x10,0x82,0x10,0x86,0x21,0x24,0x19,0x82,0x10,0x82,0x10,0x82,0x10,0xe4,0x18,0xe7,0x19,0xe6,0x01,0x00,0x00,
    0x00,0x00,0x00,0x00,0x00,0x00,0x00,0x00,0x00,0x00,0x00,0x00,0x00,0x00,0x00,0x00,0x00,0x00,0x00,0x00,0x00,0x00,0x00,0x00,0x00,0x00,0x00,0x00,
    0x01,0x00,0x00,0x00,0x00,0x00,0x00,0x00,0x00,0x00,0x00,0x00,0x00,0x01,0x00,0x18,0x19,0x1a,0x1a,0x1a,0x1a,0x1a,0x1a,0x1a,0x1a,0x19,0x18,0x00,
    0xa3,0xf5,0xf6,0xf7,0xf7,0xf7,0xf7,0xf7,0xf7,0xf7,0xf7,0xf6,0xf5,0xa3,0xff,0xff,0xff,0xff,0xff,0xff,0xff,0xff,0xff,0xff,0xff,0xff,0xff,0xff,
    0xfd,0xfe,0xfe,0xfe,0xfe,0xfe,0xfe,0xfe,0xfe,0xfe,0xfe,0xfe,0xfe,0xfd,0xff,0xff,0xff,0xff,0xff,0xff,0xff,0xff,0xff,0xff,0xff,0xff,0xff,0xff,
    0xff,0xff,0xff,0xff,0xff,0xff,0xff,0xff,0xff,0xff,0xff,0xff,0xff,0xff,0xff,0xff,0xff,0xff,0xff,0xff,0xff,0xff,0xff,0xff,0xff,0xff,0xff,0xff,
    0xff,0xff,0xff,0xff,0xff,0xff,0xff,0xff,0xff,0xff,0xff,0xff,0xff,0xff,0xfd,0xfe,0xfe,0xfe,0xfe,0xfe,0xfe,0xfe,0xfe,0xfe,0xfe,0xfe,0xfe,0xfd,
    0xff,0xff,0xff,0xff,0xff,0xff,0xff,0xff,0xff,0xff,0xff,0xff,0xff,0xff,0xa3,0xf5,0xf6,0xf7,0xf7,0xf7,0xf7,0xf7,0xf7,0xf7,0xf7,0xf6,0xf5,0xa3,
    0x00,0x18,0x19,0x1a,0x1a,0x1a,0x1a,0x1a,0x1a,0x1a,0x1a,0x19,0x18,0x00,0x01,0x00,0x00,0x00,0x00,0x00,0x00,0x00,0x00,0x00,0x00,0x00,0x00,0x01,

};

const lv_image_dsc_t emoji_pager_14 = {
  .header.magic = LV_IMAGE_HEADER_MAGIC,
  .header.cf = LV_COLOR_FORMAT_RGB565A8,
  .header.flags = 0,
  .header.w = 14,
  .header.h = 14,
  .header.stride = 28,
  .data_size = sizeof(emoji_pager_14_map),
  .data = emoji_pager_14_map,
};




#ifndef LV_ATTRIBUTE_MEM_ALIGN
#define LV_ATTRIBUTE_MEM_ALIGN
#endif

#ifndef LV_ATTRIBUTE_EMOJI_BEE_14
#define LV_ATTRIBUTE_EMOJI_BEE_14
#endif

static const
LV_ATTRIBUTE_MEM_ALIGN LV_ATTRIBUTE_LARGE_CONST LV_ATTRIBUTE_EMOJI_BEE_14
uint8_t emoji_bee_14_map[] = {

    0x00,0x00,0x00,0x00,0x00,0x00,0xa7,0x29,0xc7,0x31,0x88,0x31,0x00,0x00,0x00,0x00,0x88,0x31,0xc7,0x31,0xa7,0x29,0x00,0x00,0x00,0x00,0x00,0x00,
    0x00,0x00,0x00,0x00,0x00,0x00,0x88,0x31,0xa7,0x31,0xa7,0x31,0xe7,0x31,0xe7,0x31,0xa7,0x31,0xa7,0x31,0x88,0x31,0x00,0x00,0x00,0x00,0x00,0x00,
    0x00,0x00,0xff,0xff,0xf7,0x7b,0x00,0x00,0x29,0x42,0xc8,0x31,0xc7,0x31,0xc7,0x31,0xc8,0x31,0x29,0x42,0x00,0x00,0xf7,0x7b,0xff,0xff,0x00,0x00,
    0xef,0x7b,0x00,0x00,0x00,0x00,0x00,0x00,0x20,0x00,0x66,0x29,0x86,0x29,0x86,0x29,0x66,0x29,0x20,0x00,0x00,0x00,0x00,0x00,0x00,0x00,0xef,0x7b,
    0x00,0x00,0x7a,0xc6,0xbb,0xce,0xdc,0xd6,0xd8,0xb5,0x8e,0x6b,0xec,0x52,0xec,0x52,0x8e,0x6b,0xd8,0xb5,0xdc,0xd6,0xbb,0xce,0x7a,0xc6,0x00,0x00,
    0xdc,0xce,0xfc,0xd6,0xdc,0xd6,0xdc,0xce,0x7a,0xc6,0x19,0xae,0xf9,0xb5,0xf9,0xb5,0x19,0xae,0x7a,0xc6,0xdc,0xce,0xdc,0xd6,0xfc,0xd6,0xdc,0xce,
    0xbb,0xce,0xf8,0xad,0xb8,0xa5,0x97,0xa5,0x19,0xb6,0x3a,0xbe,0x2d,0xe6,0x2d,0xe6,0x3a,0xbe,0x19,0xb6,0x97,0xa5,0xb8,0xa5,0xf8,0xad,0xbb,0xce,
    0x39,0xbe,0xbb,0xc6,0xdc,0xce,0xfc,0xd6,0xd8,0xad,0x0c,0x5b,0x47,0x7b,0x47,0x7b,0x0c,0x5b,0xb8,0xad,0xfc,0xd6,0xdc,0xce,0xbb,0xce,0x39,0xbe,
    0x5d,0xe7,0x1d,0xdf,0xfc,0xd6,0xef,0x7b,0x27,0x42,0xc6,0x39,0xc7,0x31,0xc7,0x31,0xc6,0x39,0x27,0x42,0xef,0x7b,0xfc,0xd6,0x1d,0xdf,0x5d,0xe7,
    0x00,0x00,0x00,0x00,0x00,0x00,0xa7,0xed,0xea,0xfe,0xa9,0xfe,0xa9,0xfe,0xa9,0xfe,0xa9,0xfe,0xea,0xfe,0xa7,0xed,0x00,0x00,0x00,0x00,0x00,0x00,
    0xff,0xff,0xb2,0xdd,0xf7,0xbd,0x69,0xd5,0x69,0x9c,0x08,0x94,0x08,0x94,0x08,0x94,0x08,0x94,0x69,0x9c,0x69,0xd5,0xf7,0xbd,0xb2,0xdd,0xff,0xff,
    0x00,0x00,0x00,0x00,0xef,0x03,0x00,0x00,0x07,0x11,0xe8,0x39,0xc7,0x31,0xc7,0x31,0xe8,0x39,0x07,0x11,0x00,0x00,0xef,0x03,0x00,0x00,0x00,0x00,
    0x00,0x00,0x00,0x00,0x00,0x00,0xef,0xff,0x00,0x00,0x69,0xd5,0x89,0xd5,0x89,0xd5,0x69,0xd5,0x00,0x00,0xef,0xff,0x00,0x00,0x00,0x00,0x00,0x00,
    0x00,0x00,0x00,0x00,0x00,0x00,0x00,0x00,0xe7,0x39,0x00,0x00,0xa7,0x31,0xa7,0x31,0x00,0x00,0xe7,0x39,0x00,0x00,0x00,0x00,0x00,0x00,0x00,0x00,
    0x00,0x01,0x00,0x20,0xaa,0x0f,0x00,0x00,0x0f,0xaa,0x20,0x00,0x01,0x00,0x00,0x01,0x01,0x0f,0xce,0x9f,0x19,0x19,0x9f,0xce,0x0f,0x01,0x01,0x00,
    0x00,0x01,0x04,0x00,0x1a,0xf7,0xf7,0xf7,0xf7,0x1a,0x00,0x04,0x01,0x00,0x02,0x00,0x00,0x00,0x31,0xff,0xff,0xff,0xff,0x31,0x00,0x00,0x00,0x02,
    0x00,0x1e,0x30,0x3d,0x68,0xfa,0xfe,0xfe,0xfa,0x68,0x3d,0x30,0x1e,0x00,0x97,0xf6,0xff,0xff,0xff,0xff,0xff,0xff,0xff,0xff,0xff,0xff,0xf6,0x97,
    0xff,0xfe,0xfb,0xfd,0xfd,0xff,0xff,0xff,0xff,0xfd,0xfd,0xfb,0xfe,0xff,0xd1,0xff,0xff,0xff,0xff,0xff,0xff,0xff,0xff,0xff,0xff,0xff,0xff,0xd1,
    0x19,0x7e,0x98,0xf1,0xff,0xfe,0xff,0xff,0xfe,0xff,0xf1,0x98,0x7e,0x19,0x00,0x00,0x00,0xba,0xfd,0xfb,0xff,0xff,0xfb,0xfd,0xba,0x00,0x00,0x00,
    0x01,0x07,0x04,0x4d,0xff,0xfa,0xfd,0xfd,0xfa,0xff,0x4d,0x04,0x07,0x01,0x00,0x00,0x02,0x00,0x98,0xff,0xff,0xff,0xff,0x98,0x00,0x02,0x00,0x00,
    0x00,0x00,0x01,0x02,0x00,0x6b,0xde,0xde,0x6b,0x00,0x02,0x01,0x00,0x00,0x00,0x00,0x00,0x00,0x04,0x00,0x5e,0x5e,0x00,0x04,0x00,0x00,0x00,0x00,

};

const lv_image_dsc_t emoji_bee_14 = {
  .header.magic = LV_IMAGE_HEADER_MAGIC,
  .header.cf = LV_COLOR_FORMAT_RGB565A8,
  .header.flags = 0,
  .header.w = 14,
  .header.h = 14,
  .header.stride = 28,
  .data_size = sizeof(emoji_bee_14_map),
  .data = emoji_bee_14_map,
};




#ifndef LV_ATTRIBUTE_MEM_ALIGN
#define LV_ATTRIBUTE_MEM_ALIGN
#endif

#ifndef LV_ATTRIBUTE_EMOJI_BULB_14
#define LV_ATTRIBUTE_EMOJI_BULB_14
#endif

static const
LV_ATTRIBUTE_MEM_ALIGN LV_ATTRIBUTE_LARGE_CONST LV_ATTRIBUTE_EMOJI_BULB_14
uint8_t emoji_bulb_14_map[] = {

    0x00,0x00,0x00,0x00,0xef,0xff,0x00,0x00,0xb0,0xfe,0xf1,0xfe,0xd0,0xfe,0xf0,0xfe,0x10,0xff,0x8f,0xfe,0x00,0x00,0xef,0xff,0x00,0x00,0x00,0x00,
    0x00,0x00,0xef,0xff,0x00,0x00,0xd0,0xfe,0x10,0xff,0x31,0xff,0xd0,0xfe,0xd0,0xfe,0x11,0xff,0x10,0xff,0xb0,0xfe,0x00,0x00,0xef,0xff,0x00,0x00,
    0xe0,0xff,0xff,0xff,0xef,0xfe,0xd0,0xfe,0x31,0xff,0xd0,0xfe,0xd0,0xfe,0xd0,0xfe,0xd0,0xfe,0x31,0xff,0xb0,0xfe,0x11,0xff,0xff,0xff,0xe0,0xff,
    0xf5,0xff,0x00,0x00,0xd0,0xfe,0x11,0xff,0xd0,0xfe,0xcf,0xfe,0xd0,0xfe,0xd0,0xfe,0xcf,0xfe,0xb0,0xfe,0x11,0xff,0xf0,0xfe,0x00,0x00,0xf5,0xff,
    0xf5,0xff,0x00,0x00,0xd0,0xfe,0x31,0xff,0xd0,0xfe,0x6b,0xfe,0xae,0xfe,0xae,0xfe,0x6b,0xfe,0xd0,0xfe,0x31,0xff,0xd0,0xfe,0x00,0x00,0xf5,0xff,
    0xef,0xff,0x00,0x00,0x90,0xfe,0xd0,0xfe,0xd0,0xfe,0xaf,0xfe,0x6a,0xfe,0x6a,0xfe,0xaf,0xfe,0xd0,0xfe,0xd0,0xfe,0xd0,0xfe,0x00,0x00,0xef,0xff,
    0x00,0x00,0xef,0xff,0x00,0x00,0xd0,0xfe,0x31,0xff,0xd1,0xfe,0x8d,0xfe,0x8d,0xfe,0xd1,0xfe,0x51,0xff,0xd0,0xfe,0x00,0x00,0x4a,0xfd,0x00,0x00,
    0x00,0x00,0xef,0xff,0xe0,0xff,0x10,0xff,0xf0,0xfe,0xf1,0xfe,0x8d,0xfe,0x8d,0xfe,0xf1,0xfe,0xd0,0xfe,0x8f,0xfe,0xe0,0xff,0xef,0xfb,0x00,0x00,
    0x00,0x00,0x00,0x00,0xef,0xfd,0x00,0x00,0xcf,0xfe,0x51,0xff,0x8c,0xfe,0x8c,0xfe,0x51,0xff,0xaf,0xfe,0x00,0x00,0xef,0xfd,0x00,0x00,0x00,0x00,
    0x00,0x00,0x00,0x00,0xef,0xfd,0xff,0xff,0x92,0xe6,0x14,0xef,0xb1,0xf6,0xb3,0xee,0x38,0xef,0xb9,0xd6,0xff,0xff,0xef,0xbd,0x00,0x00,0x00,0x00,
    0x00,0x00,0x00,0x00,0xf7,0x7b,0x00,0x00,0x5b,0xbe,0x9b,0xc6,0x1a,0xb6,0xf9,0xad,0x3b,0xb6,0x1a,0xb6,0x00,0x00,0xf7,0x7b,0x00,0x00,0x00,0x00,
    0x00,0x00,0x00,0x00,0xf7,0xbd,0x00,0x00,0x39,0xbe,0x9b,0xc6,0x19,0xb6,0x39,0xbe,0xdc,0xce,0x7a,0xbe,0x00,0x00,0xf7,0xbd,0x00,0x00,0x00,0x00,
    0x00,0x00,0x00,0x00,0xff,0xff,0xff,0xff,0x9b,0xc6,0x5a,0xbe,0x5a,0xbe,0x39,0xb6,0xb7,0xa5,0x35,0x95,0xff,0xff,0xff,0x7b,0x00,0x00,0x00,0x00,
    0x00,0x00,0x00,0x00,0x00,0x00,0xff,0xff,0x00,0x00,0x97,0xa5,0xbb,0xce,0xdb,0xce,0xba,0xce,0x00,0x00,0xff,0xff,0x00,0x00,0x00,0x00,0x00,0x00,
    0x00,0x00,0x02,0x00,0x31,0xb4,0xef,0xf0,0xb9,0x38,0x00,0x02,0x00,0x00,0x00,0x02,0x00,0x3c,0xef,0xff,0xff,0xff,0xff,0xf3,0x40,0x00,0x02,0x00,
    0x01,0x01,0x08,0xda,0xff,0xfa,0xff,0xff,0xfa,0xff,0xde,0x09,0x01,0x01,0x03,0x00,0x3b,0xff,0xfc,0xff,0xff,0xff,0xff,0xfd,0xff,0x3b,0x00,0x03,
    0x03,0x00,0x4c,0xfe,0xfc,0xff,0xff,0xff,0xff,0xfc,0xfe,0x4c,0x00,0x03,0x02,0x00,0x29,0xfe,0xfd,0xfe,0xff,0xff,0xfe,0xfd,0xfe,0x28,0x00,0x02,
    0x00,0x02,0x00,0xaa,0xff,0xfc,0xff,0xff,0xfc,0xff,0xa6,0x00,0x03,0x00,0x00,0x02,0x01,0x19,0xea,0xfe,0xfe,0xfd,0xfe,0xe8,0x16,0x01,0x02,0x00,
    0x00,0x00,0x04,0x00,0x8b,0xff,0xfb,0xfb,0xff,0x7f,0x00,0x04,0x00,0x00,0x00,0x00,0x04,0x01,0x63,0xff,0xfb,0xfb,0xff,0x8c,0x01,0x04,0x00,0x00,
    0x00,0x00,0x04,0x00,0x8b,0xfd,0xfc,0xfc,0xfd,0x78,0x00,0x04,0x00,0x00,0x00,0x00,0x04,0x00,0x82,0xff,0xf9,0xf8,0xff,0x91,0x00,0x04,0x00,0x00,
    0x00,0x00,0x02,0x01,0x5d,0xe2,0xff,0xff,0xe2,0x2d,0x01,0x02,0x00,0x00,0x00,0x00,0x00,0x01,0x00,0x1a,0x94,0x94,0x1a,0x00,0x01,0x00,0x00,0x00,

};

const lv_image_dsc_t emoji_bulb_14 = {
  .header.magic = LV_IMAGE_HEADER_MAGIC,
  .header.cf = LV_COLOR_FORMAT_RGB565A8,
  .header.flags = 0,
  .header.w = 14,
  .header.h = 14,
  .header.stride = 28,
  .data_size = sizeof(emoji_bulb_14_map),
  .data = emoji_bulb_14_map,
};




#ifndef LV_ATTRIBUTE_MEM_ALIGN
#define LV_ATTRIBUTE_MEM_ALIGN
#endif

#ifndef LV_ATTRIBUTE_EMOJI_CAT_14
#define LV_ATTRIBUTE_EMOJI_CAT_14
#endif

static const
LV_ATTRIBUTE_MEM_ALIGN LV_ATTRIBUTE_LARGE_CONST LV_ATTRIBUTE_EMOJI_CAT_14
uint8_t emoji_cat_14_map[] = {

    0x49,0xfe,0x0a,0xff,0xf7,0xff,0x00,0x00,0xef,0xff,0xea,0xff,0xe7,0xfd,0xe7,0xfd,0xea,0xff,0xef,0xff,0x00,0x00,0xf7,0xff,0x0a,0xff,0x49,0xfe,
    0x87,0xfd,0x87,0xfd,0x28,0xfe,0xaa,0xfe,0x00,0x00,0x00,0x00,0x00,0x00,0x00,0x00,0x00,0x00,0x00,0x00,0xaa,0xfe,0x28,0xfe,0x87,0xfd,0x87,0xfd,
    0xa7,0xfd,0xa4,0xfc,0x26,0xfd,0xaa,0xfe,0x69,0xfe,0x89,0xfe,0x69,0xfe,0x69,0xfe,0x89,0xfe,0x69,0xfe,0xaa,0xfe,0x26,0xfd,0xa4,0xfc,0xa7,0xfd,
    0x89,0xfe,0xc5,0xf4,0x67,0xfd,0x69,0xfe,0x89,0xfe,0x69,0xfe,0x69,0xfe,0x69,0xfe,0x69,0xfe,0x89,0xfe,0x69,0xfe,0x67,0xfd,0xc5,0xf4,0x89,0xfe,
    0xf1,0xff,0x46,0xf5,0x08,0xfe,0x69,0xfe,0x49,0xfe,0x87,0xfd,0xc8,0xfd,0xa8,0xfd,0x87,0xfd,0x49,0xfe,0x69,0xfe,0x08,0xfe,0x46,0xf5,0xf1,0xff,
    0x00,0x00,0x69,0xfe,0xca,0xfe,0x49,0xfe,0x89,0xfe,0xc8,0xfd,0xa7,0xfd,0x87,0xfd,0xc8,0xfd,0x89,0xfe,0x49,0xfe,0xca,0xfe,0x69,0xfe,0x00,0x00,
    0xaa,0xfe,0x69,0xfe,0x89,0xfe,0x69,0xfe,0x49,0xfe,0x69,0xfe,0x08,0xfe,0x08,0xfe,0x69,0xfe,0x49,0xfe,0x69,0xfe,0x89,0xfe,0x69,0xfe,0xaa,0xfe,
    0x4a,0xfe,0x49,0xfe,0x89,0xfe,0xe9,0xed,0x86,0x29,0x88,0xac,0xaa,0xfe,0xaa,0xfe,0x88,0xac,0x86,0x29,0xe9,0xed,0x89,0xfe,0x49,0xfe,0x4a,0xfe,
    0x68,0xfe,0x69,0xfe,0x69,0xfe,0x29,0xf6,0xa7,0x8b,0x69,0xd5,0xc9,0xfe,0xc9,0xfe,0x69,0xd5,0xa7,0x8b,0x29,0xf6,0x69,0xfe,0x69,0xfe,0x48,0xfe,
    0xd0,0xfe,0xef,0xfe,0xae,0xfe,0xcf,0xfe,0xeb,0xfe,0x69,0xfe,0x0b,0xf5,0x0b,0xf5,0x69,0xfe,0xeb,0xfe,0xcf,0xfe,0xae,0xfe,0xef,0xfe,0xb0,0xfe,
    0x8f,0xf6,0x8c,0xfe,0x0e,0xff,0xd0,0xfe,0xcf,0xfe,0x89,0xfe,0xac,0xf3,0xac,0xf3,0x89,0xfe,0xcf,0xfe,0xd0,0xfe,0x0e,0xff,0x8c,0xfe,0xef,0xfe,
    0x38,0xff,0x14,0xff,0xac,0xfe,0xeb,0xfe,0x2b,0xf6,0xea,0xdd,0x0c,0xbd,0xec,0xb4,0xea,0xdd,0x0b,0xee,0xeb,0xfe,0xac,0xfe,0x14,0xff,0x38,0xff,
    0xd6,0xfe,0x00,0x00,0xc4,0xfd,0xa9,0xfe,0xea,0xe5,0x8c,0xcd,0x4b,0xf6,0x6a,0xfe,0x8c,0xcd,0xea,0xdd,0xa9,0xfe,0xc4,0xfd,0x00,0x00,0xd6,0xfe,
    0x00,0x00,0x4a,0xfd,0x00,0x00,0x00,0x00,0xe8,0xfe,0xe8,0xfe,0x89,0xfe,0x89,0xfe,0xe8,0xfe,0x08,0xff,0x00,0x00,0x00,0x00,0x4a,0xfd,0x00,0x00,
    0x1d,0x46,0x04,0x00,0x02,0x03,0x04,0x04,0x03,0x02,0x00,0x04,0x46,0x1d,0x77,0xff,0xd0,0x59,0x00,0x00,0x00,0x00,0x00,0x00,0x59,0xd0,0xff,0x77,
    0x6e,0xfe,0xff,0xff,0x95,0x47,0x74,0x74,0x47,0x95,0xff,0xff,0xfe,0x6e,0x3d,0xff,0xfc,0xfd,0xff,0xff,0xff,0xff,0xff,0xff,0xfd,0xfc,0xff,0x3d,
    0x0b,0xdb,0xff,0xfd,0xfd,0xfd,0xfb,0xfb,0xfd,0xfd,0xfd,0xff,0xdb,0x0b,0x00,0xb1,0xff,0xfc,0xff,0xff,0xff,0xff,0xff,0xff,0xfc,0xff,0xb1,0x00,
    0x0c,0xe1,0xff,0xfd,0xff,0xff,0xff,0xff,0xff,0xff,0xfd,0xff,0xe1,0x0c,0x2c,0xfa,0xff,0xff,0xff,0xff,0xff,0xff,0xff,0xff,0xff,0xff,0xfa,0x2c,
    0x3d,0xff,0xfe,0xff,0xff,0xff,0xff,0xff,0xff,0xff,0xff,0xfe,0xff,0x3e,0x53,0xff,0xfc,0xff,0xff,0xff,0xff,0xff,0xff,0xff,0xff,0xfc,0xff,0x53,
    0x17,0xed,0xff,0xfa,0xff,0xff,0xff,0xff,0xff,0xff,0xfa,0xff,0xed,0x16,0x2a,0x86,0xe7,0xff,0xff,0xfc,0xfc,0xfc,0xfc,0xff,0xff,0xe7,0x86,0x2a,
    0x07,0x00,0x25,0xaf,0xf8,0xff,0xff,0xff,0xff,0xf8,0xaf,0x25,0x00,0x07,0x00,0x03,0x00,0x00,0x2f,0x73,0xa2,0xa2,0x73,0x2f,0x00,0x00,0x03,0x00,

};

const lv_image_dsc_t emoji_cat_14 = {
  .header.magic = LV_IMAGE_HEADER_MAGIC,
  .header.cf = LV_COLOR_FORMAT_RGB565A8,
  .header.flags = 0,
  .header.w = 14,
  .header.h = 14,
  .header.stride = 28,
  .data_size = sizeof(emoji_cat_14_map),
  .data = emoji_cat_14_map,
};




#ifndef LV_ATTRIBUTE_MEM_ALIGN
#define LV_ATTRIBUTE_MEM_ALIGN
#endif

#ifndef LV_ATTRIBUTE_EMOJI_FLEUR_14
#define LV_ATTRIBUTE_EMOJI_FLEUR_14
#endif

static const
LV_ATTRIBUTE_MEM_ALIGN LV_ATTRIBUTE_LARGE_CONST LV_ATTRIBUTE_EMOJI_FLEUR_14
uint8_t emoji_fleur_14_map[] = {

    0x00,0x00,0x00,0x00,0x00,0x00,0x00,0x00,0xb5,0xaa,0x00,0x00,0x5a,0xac,0x7a,0xac,0x00,0x00,0xb5,0xaa,0x00,0x00,0x00,0x00,0x00,0x00,0x00,0x00,
    0x00,0x00,0x00,0x00,0x1f,0xf8,0xf7,0xbb,0x00,0x00,0x7a,0xac,0x9c,0xb4,0x9c,0xb4,0x7a,0xac,0x00,0x00,0xf7,0xbb,0x1f,0xf8,0x00,0x00,0x00,0x00,
    0xef,0x7b,0xef,0x7b,0x00,0x00,0x00,0x00,0xff,0x7b,0x7b,0xac,0x9c,0xb4,0x9c,0xb4,0x7b,0xac,0xff,0x7b,0x00,0x00,0x00,0x00,0xef,0x7b,0xef,0x7b,
    0x00,0x00,0x00,0x00,0x95,0x7a,0x56,0x6a,0x00,0x00,0x7b,0xac,0x9b,0xac,0x9b,0xac,0x7b,0xac,0x00,0x00,0x56,0x6a,0x97,0x7a,0x00,0x00,0x00,0x00,
    0x75,0x72,0x75,0x72,0x95,0x72,0x75,0x72,0x95,0x72,0x5a,0xac,0x7b,0xac,0x7b,0xac,0x7a,0xac,0x95,0x72,0x75,0x72,0x75,0x72,0x75,0x72,0x54,0x72,
    0x75,0x72,0xb7,0x7a,0x96,0x7a,0x96,0x7a,0x96,0x7a,0x3a,0xa4,0x7b,0xac,0x7b,0xac,0x3a,0xa4,0x96,0x7a,0x96,0x7a,0xb6,0x7a,0xb7,0x7a,0x75,0x72,
    0x96,0x7a,0x75,0x72,0x75,0x72,0x75,0x72,0x75,0x72,0xf9,0x9b,0x9b,0xac,0x9b,0xac,0xf9,0x9b,0x75,0x72,0x75,0x72,0x75,0x72,0x75,0x72,0x96,0x7a,
    0x75,0x72,0x75,0x72,0x00,0x00,0x00,0x00,0x14,0x6a,0x78,0x93,0x9b,0xac,0x9b,0xac,0x78,0x93,0x13,0x6a,0x00,0x00,0x00,0x00,0x75,0x72,0x75,0x72,
    0x54,0x72,0x75,0x72,0xb5,0x7a,0x1f,0xf8,0x19,0x8b,0x59,0x93,0x79,0x9b,0x79,0x93,0x59,0x93,0x19,0x93,0x1f,0xf8,0xb5,0x7a,0x55,0x72,0x55,0x72,
    0x00,0x00,0x00,0x00,0x00,0x00,0x1f,0x00,0x39,0x93,0x7b,0x9b,0x19,0x93,0x19,0x93,0x7b,0x9b,0x39,0x93,0x1f,0x00,0x00,0x00,0x00,0x00,0x00,0x00,
    0xef,0x7b,0xef,0x7b,0x75,0x72,0x00,0x00,0xf8,0x8a,0x7a,0x9b,0x79,0x93,0x79,0x93,0x7a,0x9b,0xf8,0x8a,0x00,0x00,0x95,0x72,0xef,0x7b,0xef,0x7b,
    0xf7,0x79,0x00,0x00,0x75,0x72,0x96,0x7a,0x34,0x6a,0xba,0x9b,0x9b,0xac,0x9b,0xac,0xda,0x9b,0x34,0x6a,0x96,0x7a,0x75,0x72,0x00,0x00,0xf7,0x79,
    0x1f,0xf8,0x1f,0x00,0x95,0x72,0x95,0x72,0x55,0x72,0x98,0x93,0x9c,0xb4,0x9c,0xb4,0x98,0x93,0x55,0x72,0x95,0x72,0x95,0x72,0x1f,0x00,0x1f,0xf8,
    0x00,0x00,0x00,0x00,0x00,0x00,0x00,0x00,0x00,0x00,0x00,0x00,0x7b,0xac,0x7b,0xac,0x00,0x00,0x00,0x00,0x00,0x00,0x00,0x00,0x00,0x00,0x00,0x00,
    0x00,0x00,0x00,0x00,0x03,0x00,0x9d,0x9e,0x00,0x03,0x00,0x00,0x00,0x00,0x00,0x00,0x01,0x04,0x00,0x45,0xff,0xff,0x45,0x00,0x04,0x01,0x00,0x00,
    0x02,0x02,0x00,0x00,0x02,0xbb,0xff,0xff,0xbb,0x02,0x00,0x00,0x02,0x02,0x00,0x00,0x13,0x0e,0x00,0xe1,0xff,0xff,0xe1,0x00,0x0e,0x13,0x00,0x00,
    0x21,0xb0,0xe8,0xe5,0xa7,0xeb,0xff,0xff,0xea,0xa7,0xe5,0xe8,0xb2,0x22,0xcc,0xff,0xff,0xff,0xff,0xff,0xff,0xff,0xff,0xff,0xff,0xff,0xff,0xce,
    0xff,0xf1,0xae,0xc0,0xff,0xfe,0xfe,0xff,0xfe,0xff,0xc2,0xad,0xf1,0xff,0xe1,0x6d,0x00,0x00,0x66,0xfd,0xfd,0xfd,0xfe,0x6b,0x00,0x00,0x69,0xe3,
    0x29,0x1d,0x06,0x01,0x4b,0xfc,0xfd,0xfd,0xfc,0x4c,0x01,0x06,0x1b,0x2c,0x00,0x00,0x00,0x01,0xbe,0xff,0xfb,0xfb,0xff,0xbf,0x01,0x00,0x00,0x00,
    0x02,0x02,0x3a,0x00,0x6f,0xfc,0xfb,0xfb,0xfc,0x6f,0x00,0x39,0x02,0x02,0x04,0x00,0x98,0xdb,0xeb,0xff,0xfd,0xfd,0xff,0xeb,0xdb,0x98,0x00,0x04,
    0x01,0x01,0x16,0xb3,0xcd,0xa6,0xff,0xff,0xa6,0xcc,0xb3,0x16,0x01,0x01,0x00,0x00,0x00,0x00,0x00,0x00,0xad,0xad,0x00,0x00,0x00,0x00,0x00,0x00,

};

const lv_image_dsc_t emoji_fleur_14 = {
  .header.magic = LV_IMAGE_HEADER_MAGIC,
  .header.cf = LV_COLOR_FORMAT_RGB565A8,
  .header.flags = 0,
  .header.w = 14,
  .header.h = 14,
  .header.stride = 28,
  .data_size = sizeof(emoji_fleur_14_map),
  .data = emoji_fleur_14_map,
};




#ifndef LV_ATTRIBUTE_MEM_ALIGN
#define LV_ATTRIBUTE_MEM_ALIGN
#endif

#ifndef LV_ATTRIBUTE_EMOJI_MOON_14
#define LV_ATTRIBUTE_EMOJI_MOON_14
#endif

static const
LV_ATTRIBUTE_MEM_ALIGN LV_ATTRIBUTE_LARGE_CONST LV_ATTRIBUTE_EMOJI_MOON_14
uint8_t emoji_moon_14_map[] = {

    0x00,0x00,0xaa,0x52,0x00,0x00,0xcf,0x6b,0x70,0x53,0xb0,0x94,0x90,0xee,0xd0,0xfe,0xf0,0xfe,0xf0,0xfe,0xb0,0xfe,0x00,0x00,0x55,0xfd,0x00,0x00,
    0x55,0x55,0x00,0x00,0xaf,0x6b,0x90,0x63,0xd1,0x9c,0xce,0xfe,0xcf,0xfe,0xd0,0xfe,0xf0,0xfe,0x30,0xff,0x10,0xff,0xb0,0xfe,0x00,0x00,0xf5,0xff,
    0x00,0x00,0xaf,0x63,0xf1,0x6b,0xf0,0x73,0xb0,0xf6,0x69,0xfe,0x8c,0xfe,0xd1,0xfe,0xae,0xfe,0x49,0xfe,0x8a,0xfe,0x51,0xff,0xd0,0xfe,0x00,0x00,
    0xcf,0x63,0xb0,0x6b,0x4f,0x5b,0x50,0xbd,0x10,0xff,0xaf,0xfe,0xd0,0xfe,0xd0,0xfe,0x8d,0xfe,0x48,0xfe,0x48,0xfe,0xce,0xfe,0xf0,0xfe,0xaf,0xfe,
    0xaf,0x63,0xd0,0x6b,0xaf,0x6b,0x70,0xee,0xf0,0xfe,0xd0,0xfe,0xd0,0xfe,0xd0,0xfe,0xd0,0xfe,0x8c,0xfe,0x8c,0xfe,0xd0,0xfe,0x31,0xff,0xd0,0xfe,
    0xaf,0x6b,0xb0,0x63,0x2f,0x7c,0xd0,0xfe,0xd0,0xfe,0x8c,0xfe,0x6a,0xfe,0xaf,0xfe,0xd0,0xfe,0xd0,0xfe,0xd0,0xfe,0xd0,0xfe,0xf0,0xfe,0xd0,0xfe,
    0xaf,0x63,0x6f,0x5b,0x6f,0x8c,0xf0,0xfe,0xd0,0xfe,0x6a,0xfe,0x48,0xfe,0xae,0xfe,0xd0,0xfe,0xd0,0xfe,0xd0,0xfe,0xd0,0xfe,0xae,0xfe,0xaf,0xfe,
    0x8f,0x63,0x0e,0x53,0x4f,0x8c,0xf0,0xfe,0xd0,0xfe,0xaf,0xfe,0xae,0xfe,0xd0,0xfe,0xd0,0xfe,0xd0,0xfe,0xd0,0xfe,0xd0,0xfe,0xae,0xfe,0xaf,0xfe,
    0xaf,0x63,0x90,0x63,0x2f,0x7c,0xd0,0xfe,0xd0,0xfe,0xd1,0xfe,0xd1,0xfe,0xd0,0xfe,0xd0,0xfe,0x8c,0xfe,0x8b,0xfe,0xd0,0xfe,0xf0,0xfe,0xd0,0xfe,
    0xaf,0x63,0xd0,0x6b,0xaf,0x6b,0x70,0xee,0xcf,0xfe,0x6b,0xfe,0xad,0xfe,0xd0,0xfe,0xd0,0xfe,0x8d,0xfe,0x8c,0xfe,0xd0,0xfe,0x31,0xff,0xd0,0xfe,
    0x8f,0x63,0xb0,0x6b,0x70,0x5b,0x70,0xbd,0xab,0xfe,0x28,0xfe,0x69,0xfe,0xd0,0xfe,0xd0,0xfe,0xd0,0xfe,0xd0,0xfe,0xf0,0xfe,0xd0,0xfe,0xb0,0xfe,
    0x00,0x00,0xaf,0x6b,0xf1,0x6b,0x10,0x74,0x6d,0xf6,0x69,0xfe,0x6c,0xfe,0xcf,0xfe,0xae,0xfe,0xd0,0xfe,0xf0,0xfe,0x51,0xff,0xb0,0xfe,0x00,0x00,
    0x55,0x55,0x00,0x00,0xaf,0x6b,0x90,0x63,0xd1,0x9c,0xf0,0xfe,0xf0,0xfe,0xaf,0xfe,0xce,0xfe,0x31,0xff,0x10,0xff,0xb0,0xfe,0x00,0x00,0xf5,0xff,
    0x00,0x00,0xaa,0x52,0x00,0x00,0xcf,0x6b,0x70,0x53,0xb0,0x94,0x70,0xee,0xd0,0xfe,0xf1,0xfe,0xf0,0xfe,0xaf,0xfe,0x00,0x00,0x4a,0xfd,0x00,0x00,
    0x00,0x03,0x00,0x28,0x97,0xe0,0xfd,0xfe,0xe2,0x9a,0x2a,0x00,0x03,0x00,0x03,0x00,0x65,0xef,0xff,0xff,0xff,0xff,0xff,0xff,0xf0,0x66,0x00,0x03,
    0x00,0x63,0xff,0xff,0xfc,0xfe,0xff,0xff,0xfe,0xfc,0xff,0xff,0x64,0x00,0x26,0xf5,0xfd,0xfd,0xff,0xff,0xff,0xff,0xff,0xff,0xfd,0xfd,0xf5,0x27,
    0x9c,0xff,0xfc,0xff,0xff,0xff,0xff,0xff,0xff,0xff,0xff,0xfc,0xff,0x9d,0xe6,0xfe,0xfe,0xff,0xff,0xff,0xff,0xff,0xff,0xff,0xff,0xfe,0xfe,0xe6,
    0xfe,0xff,0xff,0xff,0xff,0xff,0xff,0xff,0xff,0xff,0xff,0xff,0xff,0xfe,0xfe,0xff,0xff,0xff,0xff,0xff,0xff,0xff,0xff,0xff,0xff,0xff,0xff,0xfe,
    0xe6,0xfe,0xfe,0xff,0xff,0xff,0xff,0xff,0xff,0xff,0xff,0xfe,0xfe,0xe6,0x9c,0xff,0xfc,0xff,0xff,0xff,0xff,0xff,0xff,0xff,0xff,0xfc,0xff,0x9d,
    0x26,0xf5,0xfd,0xfd,0xff,0xff,0xff,0xff,0xff,0xff,0xfd,0xfd,0xf5,0x27,0x00,0x64,0xff,0xff,0xfc,0xfe,0xff,0xff,0xfe,0xfc,0xff,0xff,0x64,0x00,
    0x03,0x00,0x65,0xef,0xff,0xff,0xff,0xff,0xff,0xff,0xf0,0x66,0x00,0x03,0x00,0x03,0x00,0x28,0x97,0xe0,0xfd,0xfe,0xe2,0x9a,0x2a,0x00,0x03,0x00,

};

const lv_image_dsc_t emoji_moon_14 = {
  .header.magic = LV_IMAGE_HEADER_MAGIC,
  .header.cf = LV_COLOR_FORMAT_RGB565A8,
  .header.flags = 0,
  .header.w = 14,
  .header.h = 14,
  .header.stride = 28,
  .data_size = sizeof(emoji_moon_14_map),
  .data = emoji_moon_14_map,
};




#ifndef LV_ATTRIBUTE_MEM_ALIGN
#define LV_ATTRIBUTE_MEM_ALIGN
#endif

#ifndef LV_ATTRIBUTE_EMOJI_COFFEE_14
#define LV_ATTRIBUTE_EMOJI_COFFEE_14
#endif

static const
LV_ATTRIBUTE_MEM_ALIGN LV_ATTRIBUTE_LARGE_CONST LV_ATTRIBUTE_EMOJI_COFFEE_14
uint8_t emoji_coffee_14_map[] = {

    0x00,0x00,0x55,0xad,0xef,0xff,0x00,0x00,0x8d,0xdc,0xef,0xdc,0x4c,0xd4,0xaf,0xdc,0x00,0x00,0x8e,0xab,0xbb,0xd6,0xfc,0xd6,0x79,0xce,0x00,0x00,
    0xff,0xff,0x00,0x00,0x00,0x00,0xbf,0xe7,0x9f,0xdf,0x52,0xdd,0x79,0xd6,0x94,0xdd,0xf6,0xd5,0x5e,0xd7,0xfc,0xd6,0xdb,0xce,0xbb,0xce,0xbb,0xce,
    0x00,0x00,0xfd,0xd6,0x3d,0xdf,0x18,0xc6,0x75,0xc5,0x11,0xd5,0xee,0xa3,0x4f,0xb4,0x11,0xd5,0xf3,0xb4,0x18,0xc6,0xfc,0xce,0xfc,0xd6,0xbb,0xce,
    0xfd,0xd6,0x9a,0xce,0x0e,0xac,0x05,0x82,0x29,0xab,0xab,0xb3,0xa4,0x79,0x0c,0xc4,0x09,0xa3,0xc4,0x81,0x46,0x8a,0xee,0xa3,0xdb,0xd6,0xdc,0xce,
    0xfc,0xce,0x0e,0xac,0xc4,0x81,0x26,0x82,0xec,0xbb,0x6b,0xab,0xc8,0x92,0x4e,0xc4,0x26,0x82,0x67,0x8a,0x67,0x8a,0xc4,0x81,0xee,0xab,0xfc,0xce,
    0x3d,0xd7,0xad,0xa3,0xe5,0x81,0x47,0x8a,0xe9,0x9a,0xec,0xb3,0xe8,0x9a,0x6e,0xcc,0x67,0x8a,0x67,0x8a,0x67,0x8a,0xe4,0x81,0xad,0xa3,0x3d,0xd7,
    0xff,0xff,0xdb,0xde,0x0a,0x93,0x05,0x82,0xe5,0x81,0x05,0x82,0x05,0x82,0x4a,0xab,0x67,0x92,0xe5,0x81,0x05,0x82,0x0a,0x93,0xbb,0xde,0xff,0xff,
    0x1d,0xe7,0xff,0xff,0x7e,0xe7,0xb6,0xc5,0x50,0xac,0x8c,0x9b,0x4b,0x93,0x2b,0x93,0x8c,0x9b,0x50,0xac,0xb6,0xc5,0x7e,0xe7,0xff,0xff,0xfb,0xd6,
    0x9b,0xce,0x9e,0xef,0xdf,0xff,0xff,0xff,0xff,0xf7,0xbf,0xef,0x9e,0xef,0x9e,0xef,0xbf,0xef,0xff,0xf7,0xff,0xff,0xff,0xff,0x7e,0xef,0xbb,0xce,
    0xdb,0xce,0xdc,0xd6,0xdf,0xf7,0xbf,0xf7,0xbf,0xf7,0xdf,0xf7,0xdf,0xf7,0xdf,0xf7,0xdf,0xf7,0xbf,0xf7,0xdf,0xf7,0xbf,0xf7,0xdb,0xce,0xdb,0xce,
    0x5a,0xbe,0xdc,0xce,0x1c,0xdf,0xdf,0xf7,0xdf,0xf7,0xdf,0xf7,0xdf,0xf7,0xdf,0xf7,0xdf,0xf7,0xdf,0xff,0xbf,0xf7,0xdc,0xd6,0xdc,0xce,0x5a,0xbe,
    0x77,0x9d,0xdc,0xce,0xdb,0xce,0xfc,0xd6,0x7e,0xef,0xbe,0xf7,0xbf,0xf7,0xbf,0xf7,0xbe,0xf7,0x5d,0xe7,0xfc,0xd6,0xdc,0xce,0xdc,0xce,0x77,0x9d,
    0xaa,0x02,0x56,0x9d,0xf9,0xb5,0x9b,0xc6,0xbb,0xce,0xdb,0xce,0xdc,0xd6,0xdc,0xd6,0xdb,0xce,0xbb,0xce,0x9b,0xc6,0xf9,0xb5,0x56,0x9d,0xaa,0x02,
    0x00,0x00,0x00,0x00,0xd4,0x84,0x56,0x9d,0x97,0xa5,0xb7,0xa5,0xb7,0xa5,0xb7,0xa5,0xb7,0xa5,0x97,0xa5,0x56,0x9d,0xd4,0x84,0x00,0x00,0x00,0x00,
    0x00,0x03,0x02,0x00,0x87,0x9e,0x3b,0x7b,0x00,0x09,0x32,0x3f,0x0a,0x00,0x02,0x00,0x00,0x32,0x69,0xe6,0xc7,0xff,0xa6,0xd8,0xec,0xcc,0xd0,0x2a,
    0x00,0x47,0xcb,0xff,0xff,0xff,0xff,0xfe,0xff,0xff,0xf8,0xc2,0xf8,0x90,0x49,0xfe,0xff,0xfe,0xfc,0xfe,0xfd,0xff,0xfc,0xfd,0xff,0xff,0xff,0x80,
    0xaa,0xff,0xf9,0xff,0xff,0xff,0xff,0xff,0xff,0xff,0xff,0xfa,0xff,0xa1,0xa2,0xfe,0xfc,0xff,0xff,0xff,0xff,0xff,0xff,0xff,0xff,0xfc,0xff,0x9a,
    0x6d,0xff,0xfd,0xff,0xff,0xff,0xff,0xff,0xff,0xff,0xff,0xfd,0xff,0x57,0x5b,0xff,0xfd,0xff,0xff,0xff,0xff,0xff,0xff,0xff,0xff,0xfe,0xfe,0x52,
    0xe1,0xff,0xfe,0xff,0xff,0xff,0xff,0xff,0xff,0xff,0xff,0xfd,0xff,0xe2,0xff,0xff,0xff,0xff,0xff,0xff,0xff,0xff,0xff,0xff,0xff,0xff,0xff,0xff,
    0xfe,0xfc,0xfe,0xff,0xff,0xff,0xff,0xff,0xff,0xff,0xff,0xfe,0xfc,0xfe,0x96,0xff,0xff,0xfc,0xfd,0xff,0xff,0xff,0xff,0xfd,0xfc,0xff,0xff,0x96,
    0x03,0x84,0xf6,0xff,0xff,0xff,0xff,0xff,0xff,0xff,0xff,0xf6,0x84,0x03,0x00,0x00,0x2e,0x87,0xcc,0xf1,0xfe,0xfe,0xf1,0xcc,0x87,0x2e,0x00,0x00,

};

const lv_image_dsc_t emoji_coffee_14 = {
  .header.magic = LV_IMAGE_HEADER_MAGIC,
  .header.cf = LV_COLOR_FORMAT_RGB565A8,
  .header.flags = 0,
  .header.w = 14,
  .header.h = 14,
  .header.stride = 28,
  .data_size = sizeof(emoji_coffee_14_map),
  .data = emoji_coffee_14_map,
};




#ifndef LV_ATTRIBUTE_MEM_ALIGN
#define LV_ATTRIBUTE_MEM_ALIGN
#endif

#ifndef LV_ATTRIBUTE_EMOJI_TOOTH_14
#define LV_ATTRIBUTE_EMOJI_TOOTH_14
#endif

static const
LV_ATTRIBUTE_MEM_ALIGN LV_ATTRIBUTE_LARGE_CONST LV_ATTRIBUTE_EMOJI_TOOTH_14
uint8_t emoji_tooth_14_map[] = {

    0xff,0xaf,0x00,0x00,0x3d,0xe7,0x9e,0xef,0x5e,0xe7,0x7e,0xe7,0x5d,0xe7,0x5d,0xe7,0x7e,0xe7,0x5e,0xe7,0x9e,0xef,0x3d,0xe7,0x00,0x00,0xff,0xaf,
    0x00,0x00,0xfb,0xde,0x3d,0xe7,0x9e,0xef,0x3d,0xdf,0x3d,0xdf,0x7e,0xe7,0x7e,0xe7,0x3d,0xdf,0x3d,0xdf,0x9e,0xef,0x3d,0xe7,0xfb,0xde,0x00,0x00,
    0x00,0x00,0x5d,0xef,0x3d,0xe7,0x7e,0xe7,0x1c,0xdf,0x39,0xbe,0x19,0xb6,0x19,0xb6,0x39,0xbe,0x1c,0xdf,0x7e,0xe7,0x3d,0xe7,0x5d,0xef,0x00,0x00,
    0x00,0x00,0xff,0xff,0x5d,0xe7,0x9e,0xef,0x5d,0xe7,0x7e,0xe7,0x3d,0xdf,0x3d,0xdf,0x7e,0xe7,0x5d,0xe7,0x9e,0xef,0x5d,0xe7,0xff,0xff,0x00,0x00,
    0xff,0xff,0x00,0x00,0x5d,0xe7,0xbf,0xef,0x3d,0xe7,0x3d,0xe7,0x5d,0xe7,0x5d,0xe7,0x3d,0xe7,0x3d,0xe7,0xbf,0xef,0x5d,0xe7,0x00,0x00,0xff,0xff,
    0xff,0xff,0x00,0x00,0x3d,0xe7,0xdf,0xf7,0x3d,0xe7,0x5d,0xe7,0x5d,0xe7,0x5d,0xe7,0x5d,0xe7,0x3d,0xe7,0xdf,0xf7,0x3d,0xe7,0x00,0x00,0xff,0xff,
    0xff,0xff,0x00,0x00,0x5e,0xe7,0x5d,0xe7,0x5d,0xe7,0x5d,0xe7,0x3d,0xe7,0x3d,0xe7,0x5d,0xe7,0x5d,0xe7,0x5d,0xe7,0x5e,0xe7,0x00,0x00,0xff,0xff,
    0x00,0x00,0x55,0xad,0x00,0x00,0x3d,0xe7,0xbf,0xef,0x3d,0xe7,0x5d,0xe7,0x5d,0xe7,0x3d,0xe7,0xbf,0xef,0x3d,0xe7,0x00,0x00,0x55,0xad,0x00,0x00,
    0x00,0x00,0xf7,0xbd,0x00,0x00,0x3d,0xe7,0xbf,0xf7,0x5d,0xe7,0x3d,0xe7,0x3d,0xe7,0x5d,0xe7,0xbf,0xf7,0x3d,0xe7,0x00,0x00,0xf7,0xbd,0x00,0x00,
    0x00,0x00,0xff,0xff,0x00,0x00,0x5d,0xe7,0xbf,0xef,0x7e,0xe7,0x3d,0xdf,0x3d,0xdf,0x7e,0xe7,0xbf,0xef,0x5d,0xe7,0x00,0x00,0xff,0xff,0x00,0x00,
    0x00,0x00,0xff,0xff,0x00,0x00,0x5d,0xe7,0xff,0xff,0x3d,0xdf,0x00,0x00,0x00,0x00,0x3d,0xe7,0xff,0xff,0x5d,0xe7,0x00,0x00,0xff,0xff,0x00,0x00,
    0x00,0x00,0xff,0xff,0x00,0x00,0x5d,0xe7,0xff,0xff,0x3d,0xdf,0xff,0x7b,0xff,0x7b,0x3d,0xe7,0xff,0xff,0x5d,0xe7,0x00,0x00,0xff,0xff,0x00,0x00,
    0x00,0x00,0xff,0xbf,0x00,0x00,0x5d,0xe7,0xff,0xff,0x5d,0xdf,0x00,0x00,0x00,0x00,0x5d,0xe7,0xff,0xff,0x5d,0xe7,0x00,0x00,0xff,0xbf,0x00,0x00,
    0x00,0x00,0xff,0xff,0x00,0x00,0x5d,0xe7,0x5d,0xe7,0x3c,0xe7,0x00,0x00,0x00,0x00,0x3c,0xe7,0x5d,0xe7,0x5d,0xe7,0x00,0x00,0xff,0xff,0x00,0x00,
    0x03,0x00,0x89,0xfa,0xe1,0x90,0x52,0x52,0x90,0xe1,0xfa,0x89,0x00,0x03,0x00,0x08,0xe8,0xff,0xff,0xff,0xff,0xff,0xff,0xff,0xff,0xe8,0x08,0x00,
    0x00,0x0c,0xe6,0xff,0xfd,0xfc,0xfd,0xfd,0xfc,0xfd,0xff,0xe6,0x0c,0x00,0x00,0x01,0xd3,0xff,0xfd,0xff,0xff,0xff,0xff,0xfd,0xff,0xd3,0x01,0x00,
    0x03,0x00,0xa9,0xff,0xfb,0xff,0xff,0xff,0xff,0xfb,0xff,0xa9,0x00,0x03,0x04,0x00,0x6c,0xff,0xfb,0xff,0xff,0xff,0xff,0xfb,0xff,0x6c,0x00,0x04,
    0x02,0x00,0x23,0xfa,0xff,0xfe,0xfe,0xfe,0xfe,0xff,0xfa,0x23,0x00,0x02,0x00,0x03,0x00,0xaf,0xff,0xfb,0xff,0xff,0xfb,0xff,0xaf,0x00,0x03,0x00,
    0x00,0x04,0x00,0x96,0xff,0xfc,0xfd,0xfd,0xfc,0xff,0x96,0x00,0x04,0x00,0x00,0x03,0x00,0xac,0xff,0xfc,0x48,0x48,0xfc,0xff,0xac,0x00,0x03,0x00,
    0x00,0x03,0x00,0xae,0xff,0xc2,0x00,0x00,0xc1,0xff,0xae,0x00,0x03,0x00,0x00,0x03,0x00,0xa3,0xfe,0x78,0x02,0x02,0x78,0xfe,0xa3,0x00,0x03,0x00,
    0x00,0x04,0x00,0x7a,0xff,0x38,0x00,0x00,0x38,0xff,0x7a,0x00,0x04,0x00,0x00,0x02,0x00,0x2e,0xd6,0x0b,0x00,0x00,0x0b,0xd6,0x2e,0x00,0x02,0x00,

};

const lv_image_dsc_t emoji_tooth_14 = {
  .header.magic = LV_IMAGE_HEADER_MAGIC,
  .header.cf = LV_COLOR_FORMAT_RGB565A8,
  .header.flags = 0,
  .header.w = 14,
  .header.h = 14,
  .header.stride = 28,
  .data_size = sizeof(emoji_tooth_14_map),
  .data = emoji_tooth_14_map,
};




#ifndef LV_ATTRIBUTE_MEM_ALIGN
#define LV_ATTRIBUTE_MEM_ALIGN
#endif

#ifndef LV_ATTRIBUTE_EMOJI_PRETZEL_14
#define LV_ATTRIBUTE_EMOJI_PRETZEL_14
#endif

static const
LV_ATTRIBUTE_MEM_ALIGN LV_ATTRIBUTE_LARGE_CONST LV_ATTRIBUTE_EMOJI_PRETZEL_14
uint8_t emoji_pretzel_14_map[] = {

    0x00,0x00,0x00,0xf8,0xe0,0xfb,0x00,0x00,0x00,0x00,0x00,0x00,0x00,0x00,0x00,0x00,0x00,0x00,0x00,0x00,0x00,0x00,0xe0,0xfb,0xe0,0xff,0x00,0x00,
    0x00,0xf8,0x00,0x00,0x00,0x00,0xe7,0xbb,0x40,0xeb,0x40,0xf4,0x00,0x00,0x00,0x00,0x40,0xf3,0x40,0xf4,0xe0,0xbb,0x00,0x00,0x00,0x00,0x00,0xf8,
    0x00,0x00,0x60,0xe4,0x80,0xf4,0x80,0xfc,0xaa,0xfd,0xc3,0xf4,0x61,0xf4,0x82,0xf4,0x26,0xfd,0x82,0xf4,0x81,0xfc,0xa2,0xf4,0xeb,0xfd,0x00,0x00,
    0xa0,0xfa,0x82,0xf4,0x64,0xfd,0xa1,0xfc,0xc4,0xf4,0x81,0xf4,0xe3,0xfc,0xeb,0xfd,0x28,0xed,0xa2,0xf4,0x80,0xfc,0xc7,0xfd,0xaa,0xf5,0xa0,0xd2,
    0x81,0xf4,0x24,0xfd,0xca,0xfd,0x40,0xf4,0xe0,0xe2,0x61,0xf4,0x81,0xfc,0xc2,0xdb,0xa0,0xdb,0xe0,0xe3,0x61,0xf4,0x81,0xf4,0xe2,0xfc,0x81,0xf4,
    0x68,0xfd,0x09,0xfe,0x00,0xf4,0x00,0x00,0x43,0xfd,0x81,0xf4,0x61,0xec,0x41,0xec,0xa1,0xfc,0x60,0xe4,0x00,0x00,0x61,0xf4,0x01,0xfd,0x81,0xf4,
    0x81,0xf4,0x01,0xfd,0x81,0xf4,0x00,0x00,0x00,0x00,0x61,0xf4,0xa1,0xfc,0xc1,0xfc,0x61,0xf4,0x00,0x00,0x00,0x00,0x8a,0xf5,0xc8,0xfd,0x40,0xf4,
    0x81,0xf4,0xc1,0xfc,0x81,0xf4,0x81,0xf4,0x81,0xfc,0x81,0xfc,0x01,0xfd,0x61,0xf4,0x01,0xe4,0xc1,0xfc,0x61,0xec,0xa2,0xf4,0xe2,0xfc,0x61,0xf4,
    0xc4,0xf4,0x40,0xf4,0xca,0xfd,0xe4,0xfc,0x20,0xec,0x81,0xfc,0x61,0xec,0xc0,0xb2,0x40,0xf4,0x41,0xec,0x81,0xf4,0xa1,0xfc,0x61,0xf4,0x81,0xf4,
    0x00,0x00,0x61,0xf4,0xe2,0xfc,0x22,0xe4,0xa1,0xd3,0xa2,0xf4,0x60,0xf4,0x04,0xfd,0x46,0xfd,0xe1,0xdb,0x02,0xe4,0xc1,0xfc,0x61,0xf4,0x00,0x00,
    0xe0,0xff,0x81,0xf4,0x61,0xf4,0x81,0xd3,0xe2,0xfc,0x4b,0xfe,0x01,0xfd,0x85,0xfd,0xa7,0xfd,0xe9,0xfd,0x24,0xdc,0x40,0xf4,0x81,0xfc,0xe0,0xff,
    0x00,0x00,0xa1,0xf4,0x81,0xf4,0x81,0xf4,0x81,0xf4,0xa2,0xfc,0x81,0xf4,0x60,0xf4,0x40,0xf4,0xc2,0xf4,0xe3,0xf4,0x61,0xf4,0xa1,0xfc,0x00,0x00,
    0x00,0x00,0x00,0x00,0x00,0x00,0x00,0x00,0x00,0x00,0x00,0x00,0x00,0x00,0x00,0x00,0x00,0x00,0x00,0x00,0x00,0x00,0x00,0x00,0x00,0x00,0x00,0x00,
    0x00,0x00,0x00,0xf8,0xa0,0xaa,0xe0,0xff,0xe0,0xfb,0xe0,0xfb,0xe0,0xfb,0xe0,0xfb,0xe0,0xfb,0xe0,0xfb,0xe0,0xff,0xa0,0xaa,0x00,0xf8,0x00,0x00,
    0x00,0x01,0x04,0x00,0x00,0x00,0x00,0x00,0x00,0x00,0x00,0x04,0x01,0x00,0x01,0x00,0x00,0x04,0x18,0x18,0x00,0x00,0x18,0x18,0x04,0x00,0x00,0x01,
    0x00,0x09,0x83,0xd8,0xfc,0xf9,0xce,0xce,0xf9,0xfc,0xd8,0x83,0x08,0x00,0x06,0xb6,0xff,0xff,0xe5,0xf6,0xff,0xff,0xf5,0xe4,0xff,0xff,0xb6,0x06,
    0x5c,0xff,0xea,0x43,0x0b,0xd4,0xf2,0xf2,0xd4,0x0a,0x44,0xeb,0xff,0x5c,0x9e,0xfd,0x9f,0x00,0x09,0xff,0x98,0x98,0xff,0x09,0x00,0x9f,0xfd,0x9e,
    0xa6,0xfe,0xa2,0x00,0x00,0xb0,0xd5,0xd5,0xaf,0x00,0x00,0xa2,0xfe,0xa5,0x76,0xff,0xef,0x2c,0x57,0xcf,0xff,0xff,0xcf,0x57,0x2d,0xef,0xff,0x76,
    0x17,0xeb,0xff,0xf2,0xfb,0xa2,0x4f,0x4f,0xa2,0xfb,0xf2,0xff,0xeb,0x17,0x00,0x56,0xfb,0xff,0xf3,0xbe,0xa2,0xa2,0xbe,0xf3,0xff,0xfb,0x56,0x00,
    0x01,0x32,0xfa,0xe8,0xff,0xff,0xff,0xff,0xff,0xff,0xe8,0xfa,0x32,0x01,0x00,0x16,0x33,0x15,0x61,0x94,0xa6,0xa6,0x94,0x61,0x15,0x33,0x16,0x00,
    0x00,0x00,0x00,0x00,0x00,0x00,0x00,0x00,0x00,0x00,0x00,0x00,0x00,0x00,0x00,0x01,0x03,0x01,0x04,0x04,0x04,0x04,0x04,0x04,0x01,0x03,0x01,0x00,

};

const lv_image_dsc_t emoji_pretzel_14 = {
  .header.magic = LV_IMAGE_HEADER_MAGIC,
  .header.cf = LV_COLOR_FORMAT_RGB565A8,
  .header.flags = 0,
  .header.w = 14,
  .header.h = 14,
  .header.stride = 28,
  .data_size = sizeof(emoji_pretzel_14_map),
  .data = emoji_pretzel_14_map,
};




#ifndef LV_ATTRIBUTE_MEM_ALIGN
#define LV_ATTRIBUTE_MEM_ALIGN
#endif

#ifndef LV_ATTRIBUTE_EMOJI_ABACUS_14
#define LV_ATTRIBUTE_EMOJI_ABACUS_14
#endif

static const
LV_ATTRIBUTE_MEM_ALIGN LV_ATTRIBUTE_LARGE_CONST LV_ATTRIBUTE_EMOJI_ABACUS_14
uint8_t emoji_abacus_14_map[] = {

    0x50,0xd5,0x91,0xdd,0x51,0xd5,0x51,0xd5,0x51,0xd5,0x51,0xd5,0x51,0xd5,0x51,0xd5,0x51,0xd5,0x51,0xd5,0x51,0xd5,0x51,0xd5,0x91,0xdd,0x50,0xd5,
    0x51,0xd5,0x71,0xdd,0x50,0xdd,0x70,0xdd,0x70,0xdd,0x70,0xdd,0x70,0xdd,0x70,0xdd,0x2f,0xdd,0x2f,0xd5,0x2f,0xdd,0x50,0xdd,0x71,0xdd,0x51,0xd5,
    0x50,0xd5,0xd3,0xdd,0xbd,0x24,0x9c,0x2c,0x9c,0x2c,0x7c,0x2c,0x9c,0x24,0x9c,0x2c,0xde,0xb6,0x5e,0xd7,0x9c,0x6d,0x9d,0x24,0xd3,0xdd,0x50,0xd5,
    0x50,0xd5,0xf4,0xdd,0xfc,0x44,0xbb,0x3c,0xdb,0x3c,0xbb,0x3c,0xbb,0x3c,0xdb,0x44,0x7b,0xbe,0xdb,0xd6,0xbb,0x8d,0xfc,0x3c,0xf4,0xdd,0x50,0xd5,
    0x51,0xd5,0x0f,0xd5,0x06,0x50,0xcf,0x92,0x2d,0x8a,0x2d,0x8a,0x6e,0x8a,0xcc,0x81,0x00,0x00,0x00,0x00,0x00,0x00,0x49,0x60,0x2f,0xd5,0x51,0xd5,
    0x30,0xd5,0x15,0xde,0x48,0xb9,0xa5,0xc0,0xc5,0xb8,0xc5,0xb8,0xa5,0xc0,0x06,0xb9,0x39,0xce,0x3d,0xcf,0xf1,0xc3,0x07,0xb9,0x15,0xde,0x30,0xd5,
    0x50,0xd5,0xd3,0xdd,0xa7,0xc0,0x65,0xc8,0x66,0xc0,0x66,0xc0,0x66,0xc0,0xa7,0xc0,0xf8,0xcd,0x3d,0xcf,0x4f,0xcb,0x86,0xc0,0xd3,0xd5,0x50,0xd5,
    0x51,0xd5,0x50,0xd5,0xe4,0x2c,0x48,0x55,0x27,0x4d,0x27,0x4d,0x27,0x4d,0x06,0x45,0x00,0x00,0x00,0x00,0xa0,0x2c,0xe5,0x34,0x50,0xd5,0x51,0xd5,
    0x50,0xd5,0x15,0xde,0xea,0x6c,0x27,0x6d,0x28,0x6d,0x28,0x6d,0x28,0x6d,0x29,0x6d,0x79,0xc6,0xfd,0xd6,0xb2,0x9d,0xe9,0x64,0x16,0xde,0x50,0xd5,
    0x50,0xd5,0x71,0xdd,0x46,0x2c,0x67,0x4c,0x47,0x3c,0x67,0x3c,0x47,0x3c,0x47,0x3c,0xd4,0x8d,0xdf,0xfe,0xca,0x5c,0x46,0x2c,0x71,0xdd,0x51,0xd5,
    0x50,0xd5,0x92,0xd5,0x87,0xfd,0x66,0xfd,0x66,0xfd,0x66,0xfd,0x66,0xfd,0x67,0xfd,0x58,0xd6,0x9c,0xc6,0xce,0xf5,0x86,0xfd,0x92,0xd5,0x50,0xd5,
    0x70,0xd5,0x35,0xde,0xa8,0xfd,0xc6,0xfd,0xa6,0xfd,0xa6,0xfd,0xa6,0xfd,0x87,0xfd,0xda,0xd6,0x1e,0xcf,0x32,0xe6,0x87,0xfd,0x36,0xde,0x70,0xd5,
    0xcf,0xcc,0xae,0xcc,0xe7,0xdb,0x49,0xdc,0x28,0xdc,0x28,0xdc,0x48,0xdc,0x28,0xdc,0x04,0xba,0xe2,0xb9,0x67,0xcb,0x07,0xdc,0xae,0xcc,0xcf,0xcc,
    0x2a,0xbb,0x4a,0xc3,0x2a,0xbb,0x2a,0xbb,0x2a,0xbb,0x2a,0xbb,0x2a,0xbb,0x2a,0xbb,0x6a,0xc3,0x6a,0xc3,0x4a,0xc3,0x2a,0xbb,0x4a,0xc3,0x2a,0xbb,
    0xa9,0xe2,0xbb,0xbd,0xbc,0xbc,0xbc,0xbc,0xbe,0xbe,0xbf,0xba,0xe3,0xa8,0xb1,0xd2,0x90,0x97,0x94,0x94,0x94,0x94,0x8a,0x8a,0x8f,0x91,0xd2,0xb1,
    0xb6,0xb5,0x95,0xb5,0xb0,0xb0,0xb1,0xa9,0x4a,0x45,0x6c,0x9d,0xb4,0xb6,0xb0,0xd4,0xdb,0xf7,0xf4,0xf4,0xf5,0xee,0x9b,0x95,0xb7,0xe1,0xd3,0xb0,
    0xbf,0x8a,0x13,0x2e,0x27,0x27,0x28,0x23,0x00,0x00,0x00,0x1a,0x88,0xbf,0xaf,0xd7,0xe5,0xff,0xff,0xff,0xff,0xf8,0xa1,0x9b,0xbf,0xec,0xd7,0xaf,
    0xb6,0xb8,0x91,0xac,0xa8,0xa8,0xa9,0xa3,0x52,0x4d,0x6f,0x97,0xb7,0xb5,0xbd,0x94,0x30,0x4b,0x44,0x45,0x46,0x40,0x00,0x00,0x11,0x37,0x93,0xbd,
    0xad,0xe3,0xff,0xff,0xff,0xff,0xff,0xff,0xc1,0xba,0xdf,0xff,0xe2,0xac,0xbb,0x9d,0x47,0x62,0x5c,0x5c,0x5d,0x58,0x0b,0x07,0x28,0x4d,0x9b,0xbb,
    0xb8,0xae,0x73,0x8f,0x89,0x8a,0x8b,0x84,0x36,0x32,0x53,0x7a,0xad,0xb8,0xab,0xd8,0xed,0xff,0xff,0xff,0xff,0xff,0xa4,0x9e,0xc4,0xf4,0xd7,0xab,
    0xc8,0xa9,0x50,0x63,0x5e,0x5e,0x5f,0x5b,0x26,0x24,0x3b,0x54,0xa8,0xc8,0xfb,0xff,0xfc,0xf8,0xf9,0xf9,0xf8,0xf9,0xff,0xff,0xff,0xfb,0xff,0xfb,

};

const lv_image_dsc_t emoji_abacus_14 = {
  .header.magic = LV_IMAGE_HEADER_MAGIC,
  .header.cf = LV_COLOR_FORMAT_RGB565A8,
  .header.flags = 0,
  .header.w = 14,
  .header.h = 14,
  .header.stride = 28,
  .data_size = sizeof(emoji_abacus_14_map),
  .data = emoji_abacus_14_map,
};




#ifndef LV_ATTRIBUTE_MEM_ALIGN
#define LV_ATTRIBUTE_MEM_ALIGN
#endif

#ifndef LV_ATTRIBUTE_EMOJI_MOAI_14
#define LV_ATTRIBUTE_EMOJI_MOAI_14
#endif

static const
LV_ATTRIBUTE_MEM_ALIGN LV_ATTRIBUTE_LARGE_CONST LV_ATTRIBUTE_EMOJI_MOAI_14
uint8_t emoji_moai_14_map[] = {

    0x00,0x00,0xef,0x7b,0x00,0x00,0x9b,0xce,0x1c,0xd7,0xfc,0xd6,0xfc,0xd6,0xfc,0xd6,0xfc,0xd6,0x1c,0xd7,0x9b,0xc6,0xef,0x7b,0xef,0x7b,0x00,0x00,
    0xff,0xff,0x00,0x00,0xff,0xff,0xfc,0xd6,0xdc,0xd6,0xb7,0xad,0x76,0xa5,0x76,0xa5,0xb7,0xad,0xfc,0xd6,0xfc,0xd6,0xff,0xff,0x00,0x00,0xff,0xff,
    0x5f,0xad,0x00,0x00,0x76,0xa5,0x56,0x9d,0x6f,0x5b,0x4e,0x5b,0x4e,0x5b,0x4e,0x5b,0x4e,0x5b,0x6f,0x63,0x36,0x9d,0x15,0x95,0x00,0x00,0x55,0xad,
    0xff,0xff,0x00,0x00,0xb3,0x8c,0xd8,0xad,0x93,0x84,0x31,0x74,0xf8,0xb5,0xf8,0xb5,0x31,0x74,0x93,0x84,0xb8,0xad,0x93,0x84,0x00,0x00,0xff,0xff,
    0x00,0x00,0x00,0x00,0xb3,0x84,0x3d,0xdf,0xfc,0xd6,0xf8,0xb5,0x9a,0xc6,0x9b,0xce,0xd8,0xad,0xfc,0xd6,0x3d,0xdf,0x93,0x84,0x00,0x00,0x00,0x00,
    0x00,0x00,0x47,0x19,0x93,0x84,0xdc,0xd6,0xbb,0xce,0x19,0xb6,0x9b,0xc6,0x9b,0xce,0xf8,0xb5,0xbb,0xce,0xdc,0xd6,0x93,0x84,0x47,0x19,0x00,0x00,
    0x00,0x00,0x8b,0x3a,0x93,0x84,0xdc,0xd6,0xbb,0xce,0x5a,0xc6,0x97,0xa5,0xb7,0xad,0x5a,0xc6,0xbb,0xce,0xdc,0xd6,0x93,0x84,0x8b,0x3a,0x00,0x00,
    0x00,0x00,0xcc,0x4a,0x93,0x84,0xdc,0xce,0xdc,0xd6,0x97,0xa5,0x6f,0x5b,0x6f,0x5b,0x97,0xa5,0xdc,0xd6,0xdc,0xce,0x93,0x84,0xcc,0x4a,0x00,0x00,
    0x00,0x00,0xec,0x42,0xb4,0x8c,0xdc,0xd6,0xdb,0xce,0x19,0xb6,0x56,0x9d,0x56,0x9d,0x19,0xb6,0xdb,0xce,0xdc,0xce,0xb3,0x84,0xec,0x4a,0x00,0x00,
    0xff,0xff,0x4a,0x3a,0x73,0x84,0xfc,0xd6,0x39,0xbe,0x72,0x84,0x31,0x74,0x31,0x74,0x72,0x84,0x39,0xbe,0xfc,0xd6,0x72,0x7c,0xac,0x3a,0xff,0xff,
    0x55,0xad,0x00,0x00,0x7a,0xbe,0xdc,0xd6,0x39,0xbe,0xf5,0x94,0x15,0x95,0x15,0x95,0xf4,0x94,0x39,0xbe,0xdb,0xce,0x19,0xbe,0x00,0x00,0xff,0xff,
    0xef,0x7b,0x00,0x00,0x72,0x84,0xdc,0xd6,0x1d,0xdf,0x1d,0xdf,0x1d,0xdf,0x1d,0xdf,0x1d,0xdf,0x1d,0xdf,0xdc,0xce,0x52,0x7c,0x00,0x00,0xef,0x7b,
    0xef,0x7b,0x00,0x00,0x8f,0x63,0x15,0x95,0xb7,0xad,0xf8,0xb5,0x19,0xb6,0x19,0xb6,0xf8,0xb5,0xb7,0xad,0x15,0x95,0x8f,0x63,0x00,0x00,0xef,0x7b,
    0xef,0x7b,0x00,0x00,0xb0,0x63,0x8f,0x63,0x6f,0x5b,0x8f,0x63,0x8f,0x63,0x8f,0x63,0x8f,0x63,0x6f,0x5b,0x8f,0x63,0xaf,0x63,0x00,0x00,0xef,0x7b,
    0x00,0x02,0x01,0x4f,0xc5,0xf1,0xfe,0xfe,0xf1,0xc5,0x50,0x02,0x02,0x00,0x01,0x00,0x09,0xee,0xff,0xff,0xff,0xff,0xff,0xff,0xea,0x05,0x00,0x01,
    0x03,0x00,0x56,0xfe,0xfb,0xfe,0xff,0xff,0xfe,0xfb,0xfc,0x53,0x00,0x03,0x02,0x00,0xbe,0xff,0xfb,0xff,0xff,0xff,0xff,0xfb,0xff,0xbe,0x00,0x02,
    0x00,0x03,0xda,0xff,0xfd,0xff,0xff,0xff,0xff,0xfd,0xff,0xda,0x03,0x00,0x00,0x12,0xef,0xff,0xfe,0xff,0xff,0xff,0xff,0xfe,0xff,0xef,0x12,0x00,
    0x00,0x25,0xfd,0xff,0xfe,0xff,0xff,0xff,0xff,0xfe,0xff,0xfd,0x25,0x00,0x00,0x35,0xfe,0xfe,0xff,0xff,0xff,0xff,0xff,0xff,0xfe,0xfe,0x35,0x00,
    0x00,0x39,0xff,0xfe,0xff,0xff,0xff,0xff,0xff,0xff,0xfe,0xff,0x39,0x00,0x01,0x15,0xe0,0xff,0xfe,0xff,0xff,0xff,0xff,0xfe,0xff,0xdf,0x15,0x01,
    0x03,0x00,0x33,0xff,0xfe,0xff,0xff,0xff,0xfe,0xff,0xfd,0x2b,0x00,0x02,0x04,0x01,0x57,0xfd,0xfb,0xff,0xff,0xff,0xff,0xfb,0xfd,0x56,0x01,0x04,
    0x04,0x00,0xad,0xff,0xfe,0xff,0xff,0xff,0xff,0xfe,0xff,0xad,0x00,0x04,0x02,0x01,0x49,0xc3,0xea,0xfd,0xff,0xff,0xfd,0xea,0xc3,0x49,0x01,0x02,

};

const lv_image_dsc_t emoji_moai_14 = {
  .header.magic = LV_IMAGE_HEADER_MAGIC,
  .header.cf = LV_COLOR_FORMAT_RGB565A8,
  .header.flags = 0,
  .header.w = 14,
  .header.h = 14,
  .header.stride = 28,
  .data_size = sizeof(emoji_moai_14_map),
  .data = emoji_moai_14_map,
};




#ifndef LV_ATTRIBUTE_MEM_ALIGN
#define LV_ATTRIBUTE_MEM_ALIGN
#endif

#ifndef LV_ATTRIBUTE_EMOJI_TIPPING_14
#define LV_ATTRIBUTE_EMOJI_TIPPING_14
#endif

static const
LV_ATTRIBUTE_MEM_ALIGN LV_ATTRIBUTE_LARGE_CONST LV_ATTRIBUTE_EMOJI_TIPPING_14
uint8_t emoji_tipping_14_map[] = {

    0x00,0x00,0x46,0xfd,0xa6,0xfd,0x66,0xfd,0x66,0xfd,0x66,0xfd,0x86,0xfd,0x66,0xfd,0x66,0xfe,0x00,0xf8,0xe0,0xff,0x00,0x00,0x00,0x00,0x00,0x00,
    0x46,0xfd,0x66,0xfd,0xc6,0xfd,0x86,0xfd,0x66,0xfd,0x66,0xfd,0x66,0xfd,0xc6,0xfd,0x46,0xfd,0x4a,0xfd,0xe0,0xfb,0x00,0x00,0x00,0x00,0x00,0x00,
    0x66,0xfd,0xc6,0xfd,0x46,0xfd,0xe8,0xfd,0x66,0xfd,0x46,0xfd,0x66,0xfd,0x66,0xfd,0xe7,0xfd,0x46,0xfd,0x00,0x00,0xe7,0xfb,0x00,0x00,0x00,0x00,
    0x66,0xfd,0x86,0xfd,0xa7,0xfd,0xeb,0xfe,0x6a,0xfe,0x86,0xfd,0x46,0xfd,0x45,0xfd,0xa6,0xfd,0x66,0xfd,0x4a,0xfd,0xa9,0xfd,0xef,0xff,0xef,0xff,
    0x25,0xfd,0x28,0xfe,0xeb,0xfe,0xcb,0xfe,0xeb,0xfe,0xcb,0xfe,0x49,0xfe,0x08,0xfe,0x07,0xfe,0x45,0xfd,0x00,0x00,0x00,0x00,0x00,0x00,0x00,0x00,
    0x25,0xfd,0x69,0xfe,0xcb,0xfe,0x25,0x9b,0xab,0xfe,0x0b,0xff,0x46,0xa3,0x8b,0xee,0xaa,0xfe,0x26,0xfd,0x0c,0xf6,0x4a,0xfe,0x8b,0xfe,0xeb,0xfe,
    0x25,0xfd,0x49,0xfe,0xec,0xfe,0xea,0xe5,0xab,0xfe,0xab,0xfe,0xea,0xe5,0xcb,0xfe,0x69,0xfe,0xc9,0xfe,0x2a,0xff,0x8c,0xff,0xeb,0xfe,0xcb,0xfe,
    0x25,0xfd,0x28,0xfe,0xec,0xfe,0x4c,0xff,0x8b,0xf6,0x6b,0xf6,0x4c,0xff,0x0b,0xff,0xea,0xf5,0x93,0xbc,0xd5,0xc4,0xd0,0xdd,0xeb,0xfe,0x00,0x00,
    0x46,0xfd,0xa7,0xfd,0xcb,0xfe,0x0b,0xfe,0xe8,0xf3,0xe8,0xeb,0xab,0xf5,0x0b,0xff,0x0a,0xed,0xfa,0x8a,0x3b,0x93,0x5c,0x7a,0x00,0x00,0xd9,0xcc,
    0xa4,0xfd,0x84,0xfd,0xc5,0xfd,0x69,0xfe,0xa9,0xf4,0x89,0xf4,0x49,0xfe,0x05,0xfe,0xe9,0xec,0x59,0x93,0x9a,0x9b,0x98,0x9b,0xe0,0xff,0xbf,0xaa,
    0x19,0x93,0x51,0xc4,0x50,0xc4,0xae,0xd4,0x6b,0xff,0x8b,0xff,0x0e,0xd5,0x2f,0xc4,0x12,0xbc,0x39,0x8b,0x7a,0x9b,0x59,0x93,0x00,0x00,0xbf,0xaa,
    0x59,0x93,0x5b,0x93,0x1a,0x8b,0x59,0x93,0x2d,0xee,0x8c,0xf6,0x98,0x93,0x1b,0x83,0x3a,0x8b,0x59,0x93,0x7a,0x9b,0x59,0x93,0x00,0x00,0xbf,0xaa,
    0x59,0x93,0x38,0x8b,0x58,0x93,0x39,0x93,0x78,0x93,0x78,0x9b,0x39,0x93,0x58,0x93,0x38,0x8b,0x59,0x93,0x7a,0x9b,0x59,0x93,0x00,0x00,0xbf,0xaa,
    0x59,0x93,0xf7,0x82,0x38,0x8b,0x59,0x93,0x39,0x93,0x39,0x93,0x59,0x93,0x39,0x93,0xf7,0x82,0x59,0x93,0x7a,0x9b,0x59,0x93,0x00,0x00,0xbf,0xaa,
    0x00,0x2c,0x96,0xb0,0xed,0xfe,0xe7,0x88,0x05,0x01,0x01,0x00,0x00,0x00,0x2d,0xea,0xff,0xff,0xff,0xff,0xff,0xff,0xad,0x03,0x02,0x00,0x00,0x00,
    0x9b,0xff,0xf9,0xfd,0xfe,0xff,0xfe,0xfa,0xff,0x5c,0x00,0x04,0x00,0x00,0xa9,0xfe,0xfc,0xff,0xff,0xff,0xff,0xfb,0xfd,0xae,0x03,0x07,0x02,0x02,
    0xa6,0xff,0xfc,0xff,0xff,0xff,0xff,0xfc,0xff,0xb5,0x00,0x00,0x00,0x00,0xa7,0xff,0xfc,0xff,0xff,0xff,0xff,0xfd,0xff,0xc3,0x33,0x5d,0x2d,0x37,
    0xa6,0xff,0xfc,0xff,0xff,0xff,0xff,0xff,0xff,0xff,0xff,0xff,0xe6,0xa7,0xa8,0xff,0xfc,0xff,0xff,0xff,0xff,0xff,0xff,0xfd,0xfe,0x7b,0x16,0x00,
    0x9c,0xff,0xfc,0xff,0xff,0xff,0xff,0xff,0xff,0xfc,0xff,0x3d,0x00,0x05,0x3d,0xf7,0xfe,0xff,0xff,0xff,0xff,0xff,0xff,0xfc,0xff,0x4a,0x01,0x03,
    0x2e,0xe4,0xfe,0xfe,0xff,0xff,0xff,0xff,0xff,0xfc,0xff,0x48,0x00,0x03,0xed,0xff,0xfe,0xff,0xff,0xff,0xff,0xff,0xff,0xfc,0xff,0x48,0x00,0x03,
    0xff,0xfe,0xff,0xff,0xff,0xff,0xff,0xff,0xff,0xfc,0xff,0x48,0x00,0x03,0xfe,0xff,0xff,0xff,0xff,0xff,0xff,0xff,0xff,0xfc,0xff,0x48,0x00,0x03,

};

const lv_image_dsc_t emoji_tipping_14 = {
  .header.magic = LV_IMAGE_HEADER_MAGIC,
  .header.cf = LV_COLOR_FORMAT_RGB565A8,
  .header.flags = 0,
  .header.w = 14,
  .header.h = 14,
  .header.stride = 28,
  .data_size = sizeof(emoji_tipping_14_map),
  .data = emoji_tipping_14_map,
};




#ifndef LV_ATTRIBUTE_MEM_ALIGN
#define LV_ATTRIBUTE_MEM_ALIGN
#endif

#ifndef LV_ATTRIBUTE_EMOJI_HEDGEHOG_14
#define LV_ATTRIBUTE_EMOJI_HEDGEHOG_14
#endif

static const
LV_ATTRIBUTE_MEM_ALIGN LV_ATTRIBUTE_LARGE_CONST LV_ATTRIBUTE_EMOJI_HEDGEHOG_14
uint8_t emoji_hedgehog_14_map[] = {

    0x00,0x00,0x00,0x00,0x00,0x00,0x00,0x00,0x00,0x00,0x00,0x00,0x00,0x00,0x00,0x00,0x00,0x00,0x00,0x00,0x00,0x00,0x00,0x00,0x00,0x00,0x00,0x00,
    0x00,0x00,0x00,0x00,0x00,0x00,0x00,0x00,0x47,0x8a,0x67,0x8a,0x46,0x8a,0x46,0x8a,0x67,0x8a,0x47,0x8a,0x00,0x00,0x00,0x00,0x00,0x00,0x00,0x00,
    0x00,0x00,0xaa,0xaa,0x67,0x8a,0x46,0x8a,0x67,0x92,0x87,0x92,0x67,0x92,0x67,0x92,0x87,0x92,0x67,0x92,0x46,0x8a,0x67,0x8a,0xaa,0xaa,0x00,0x00,
    0xe7,0x79,0xff,0xff,0x47,0x8a,0x87,0x92,0x67,0x8a,0x46,0x8a,0x47,0x8a,0x47,0x8a,0x46,0x8a,0x67,0x8a,0x87,0x92,0x47,0x8a,0xff,0xff,0xe7,0x79,
    0x00,0x00,0xa4,0x71,0x46,0x8a,0x67,0x8a,0x47,0x8a,0x47,0x8a,0x46,0x82,0x46,0x82,0x47,0x8a,0x47,0x8a,0x67,0x8a,0x46,0x8a,0xa4,0x71,0x00,0x00,
    0xc1,0x60,0xa4,0x71,0x67,0x92,0x26,0x82,0x26,0x82,0x67,0x92,0xa8,0x9a,0xa8,0x9a,0x67,0x92,0x26,0x82,0x26,0x82,0x67,0x92,0xa4,0x71,0xc1,0x60,
    0xa1,0x50,0x84,0x71,0x46,0x8a,0xab,0xb3,0xec,0xc3,0xcb,0xcb,0x6a,0xc3,0x6a,0xc3,0xcb,0xcb,0xec,0xc3,0xab,0xb3,0x46,0x8a,0x84,0x71,0xa1,0x50,
    0xe2,0x60,0x43,0x71,0x46,0x8a,0x2d,0xc4,0xf0,0xdc,0xaf,0xc4,0x6e,0xd4,0x6e,0xd4,0xaf,0xc4,0xf0,0xdc,0x2d,0xc4,0x46,0x8a,0x43,0x71,0xe2,0x60,
    0x02,0x61,0x02,0x69,0xa4,0x71,0x29,0xa3,0x0d,0xb4,0x88,0x72,0x72,0xe5,0x52,0xe5,0x88,0x72,0x0d,0xb4,0x29,0xa3,0xa4,0x71,0x02,0x69,0x02,0x61,
    0x02,0x69,0x02,0x69,0x02,0x61,0x67,0x8a,0x10,0xdd,0x31,0xdd,0x3c,0xef,0x3c,0xef,0x31,0xdd,0x10,0xdd,0x67,0x8a,0x02,0x61,0x02,0x69,0x02,0x69,
    0x02,0x61,0x02,0x61,0xe2,0x60,0x22,0x61,0x8b,0xb3,0x56,0xf6,0xf0,0x7b,0xf0,0x7b,0x56,0xf6,0x8b,0xb3,0x22,0x61,0xe2,0x60,0x02,0x61,0x02,0x61,
    0x00,0x50,0xe2,0x60,0x43,0x71,0x06,0x82,0x26,0x82,0xab,0xb3,0xee,0x93,0xee,0x93,0xab,0xb3,0x26,0x82,0x06,0x82,0x43,0x71,0xe2,0x60,0x00,0x50,
    0xef,0x7b,0xe1,0x58,0xc4,0x79,0xc8,0x9a,0xcf,0xd4,0xaf,0xd4,0xc8,0x9a,0xc8,0x9a,0xaf,0xd4,0xcf,0xdc,0xc8,0x9a,0xa5,0x79,0xe1,0x58,0xef,0x7b,
    0x00,0x00,0x00,0x00,0x00,0x00,0x2d,0xc4,0x31,0xe5,0x71,0xed,0x0d,0xbc,0x0d,0xbc,0x71,0xed,0x31,0xe5,0x2d,0xc4,0x00,0x00,0x00,0x00,0x00,0x00,
    0x00,0x00,0x01,0x00,0x00,0x00,0x00,0x00,0x00,0x00,0x00,0x01,0x00,0x00,0x00,0x00,0x00,0x00,0x35,0x82,0xaf,0xaf,0x82,0x35,0x00,0x00,0x00,0x00,
    0x01,0x03,0x0d,0x80,0xf1,0xff,0xff,0xff,0xff,0xf1,0x80,0x0d,0x03,0x01,0x04,0x01,0x7a,0xff,0xff,0xfb,0xfc,0xfc,0xfb,0xff,0xff,0x7a,0x01,0x04,
    0x00,0x3f,0xf7,0xfc,0xfe,0xff,0xff,0xff,0xff,0xfe,0xfc,0xf7,0x3f,0x00,0x15,0xa9,0xff,0xfc,0xff,0xff,0xff,0xff,0xff,0xff,0xfc,0xff,0xa9,0x15,
    0x2c,0xf8,0xfe,0xfe,0xff,0xff,0xff,0xff,0xff,0xff,0xfe,0xfe,0xf8,0x2c,0x79,0xf7,0xfd,0xff,0xff,0xff,0xff,0xff,0xff,0xff,0xff,0xfd,0xf7,0x79,
    0x78,0xff,0xfd,0xff,0xff,0xff,0xff,0xff,0xff,0xff,0xff,0xfd,0xff,0x78,0x5a,0xf7,0xfd,0xfe,0xff,0xff,0xff,0xff,0xff,0xff,0xfe,0xfd,0xf7,0x5a,
    0x1e,0xdb,0xfe,0xfd,0xff,0xff,0xfe,0xfe,0xff,0xff,0xfd,0xfe,0xdb,0x1e,0x03,0x5a,0xff,0xff,0xfc,0xfc,0xff,0xff,0xfc,0xfc,0xff,0xff,0x5a,0x03,
    0x02,0x11,0x5a,0xf3,0xff,0xff,0xfb,0xfb,0xff,0xff,0xf3,0x59,0x11,0x02,0x00,0x00,0x00,0x33,0xa5,0xa7,0x40,0x40,0xa7,0xa5,0x33,0x00,0x00,0x00,

};

const lv_image_dsc_t emoji_hedgehog_14 = {
  .header.magic = LV_IMAGE_HEADER_MAGIC,
  .header.cf = LV_COLOR_FORMAT_RGB565A8,
  .header.flags = 0,
  .header.w = 14,
  .header.h = 14,
  .header.stride = 28,
  .data_size = sizeof(emoji_hedgehog_14_map),
  .data = emoji_hedgehog_14_map,
};




#ifndef LV_ATTRIBUTE_MEM_ALIGN
#define LV_ATTRIBUTE_MEM_ALIGN
#endif

#ifndef LV_ATTRIBUTE_EMOJI_DIAMOND_SUIT_14
#define LV_ATTRIBUTE_EMOJI_DIAMOND_SUIT_14
#endif

static const
LV_ATTRIBUTE_MEM_ALIGN LV_ATTRIBUTE_LARGE_CONST LV_ATTRIBUTE_EMOJI_DIAMOND_SUIT_14
uint8_t emoji_diamond_suit_14_map[] = {

    0x00,0x00,0x00,0x00,0x00,0x00,0x00,0x00,0x07,0xb8,0x00,0x00,0xc6,0xb8,0xc6,0xb8,0x00,0x00,0x07,0xb8,0x00,0x00,0x00,0x00,0x00,0x00,0x00,0x00,
    0x00,0x00,0x00,0x00,0x00,0x00,0x00,0xa8,0x00,0x00,0xc5,0xb8,0xc6,0xc0,0xc6,0xc0,0xc5,0xb8,0x00,0x00,0x00,0xa8,0x00,0x00,0x00,0x00,0x00,0x00,
    0x00,0x00,0x00,0x00,0x00,0xf8,0x00,0xf8,0x86,0xc8,0xc6,0xb8,0xc6,0xc0,0xc6,0xc0,0xc6,0xb8,0x86,0xc8,0x00,0xf8,0x00,0xf8,0x00,0x00,0x00,0x00,
    0x00,0x00,0x00,0x00,0x07,0xb8,0x00,0x00,0xc6,0xb8,0xc6,0xc8,0xc6,0xb8,0xc6,0xb8,0xc6,0xc8,0xc6,0xb8,0x00,0x00,0x07,0xb8,0x00,0x00,0x00,0x00,
    0x00,0x00,0x0a,0xa8,0x00,0x00,0xc6,0xb8,0xc6,0xc8,0xc6,0xb8,0xc6,0xb8,0xc6,0xb8,0xc6,0xb8,0xc6,0xc8,0xc6,0xb8,0x00,0x00,0x0a,0xa8,0x00,0x00,
    0x00,0xf8,0x00,0x00,0xa5,0xb8,0xc6,0xc0,0xc6,0xc0,0xc6,0xb8,0xc6,0xb8,0xc6,0xb8,0xc6,0xb8,0xc6,0xc0,0xc6,0xc0,0xa5,0xb8,0x00,0x00,0x00,0xf8,
    0x00,0x78,0x45,0xd1,0xc6,0xb8,0xc6,0xc0,0xc6,0xb8,0xc6,0xb8,0xc6,0xb8,0xc6,0xb8,0xc6,0xb8,0xc6,0xb8,0xc6,0xc0,0xc6,0xb8,0x45,0xd1,0x00,0x78,
    0x00,0x78,0x45,0xd1,0xc6,0xb8,0xc6,0xc0,0xc6,0xb8,0xc6,0xb8,0xc6,0xb8,0xc6,0xb8,0xc6,0xb8,0xc6,0xb8,0xc6,0xc0,0xc6,0xb8,0x45,0xd1,0x00,0x78,
    0x00,0xf8,0x00,0x00,0xa5,0xb8,0xc6,0xc0,0xc6,0xc0,0xc6,0xb8,0xc6,0xb8,0xc6,0xb8,0xc6,0xb8,0xc6,0xc0,0xc6,0xc0,0xa5,0xb8,0x00,0x00,0x00,0xf8,
    0x00,0x00,0x0a,0xa8,0x00,0x00,0xc6,0xb8,0xc6,0xc8,0xc6,0xb8,0xc6,0xb8,0xc6,0xb8,0xc6,0xb8,0xc6,0xc8,0xc6,0xb8,0x00,0x00,0x0a,0xa8,0x00,0x00,
    0x00,0x00,0x00,0x00,0x07,0xb8,0x00,0x00,0xc6,0xb8,0xc6,0xc8,0xc6,0xb8,0xc6,0xb8,0xc6,0xc8,0xc6,0xb8,0x00,0x00,0x07,0xb8,0x00,0x00,0x00,0x00,
    0x00,0x00,0x00,0x00,0x00,0xf8,0x00,0xf8,0x86,0xc8,0xc6,0xb8,0xc6,0xc0,0xc6,0xc0,0xc6,0xb8,0x86,0xc8,0x00,0xf8,0x00,0xf8,0x00,0x00,0x00,0x00,
    0x00,0x00,0x00,0x00,0x00,0x00,0x00,0xa8,0x00,0x00,0xc5,0xb8,0xc6,0xc0,0xc6,0xc0,0xc5,0xb8,0x00,0x00,0x00,0xa8,0x00,0x00,0x00,0x00,0x00,0x00,
    0x00,0x00,0x00,0x00,0x00,0x00,0x00,0x00,0x07,0xb8,0x00,0x00,0xc6,0xb8,0xc6,0xb8,0x00,0x00,0x07,0xb8,0x00,0x00,0x00,0x00,0x00,0x00,0x00,0x00,
    0x00,0x00,0x00,0x00,0x04,0x00,0x93,0x93,0x00,0x04,0x00,0x00,0x00,0x00,0x00,0x00,0x00,0x03,0x00,0x3b,0xfc,0xfc,0x3b,0x00,0x03,0x00,0x00,0x00,
    0x00,0x00,0x01,0x02,0x0e,0xdf,0xff,0xff,0xdf,0x0e,0x02,0x01,0x00,0x00,0x00,0x00,0x04,0x00,0xa3,0xff,0xfc,0xfc,0xff,0xa3,0x00,0x04,0x00,0x00,
    0x00,0x03,0x00,0x5c,0xff,0xfb,0xff,0xff,0xfb,0xff,0x5c,0x00,0x03,0x00,0x02,0x00,0x21,0xf1,0xfd,0xfe,0xff,0xff,0xfe,0xfd,0xf1,0x21,0x00,0x02,
    0x02,0x06,0xc7,0xff,0xfc,0xff,0xff,0xff,0xff,0xfc,0xff,0xc7,0x06,0x02,0x02,0x06,0xc7,0xff,0xfc,0xff,0xff,0xff,0xff,0xfc,0xff,0xc7,0x06,0x02,
    0x02,0x00,0x21,0xf1,0xfd,0xfe,0xff,0xff,0xfe,0xfd,0xf1,0x21,0x00,0x02,0x00,0x03,0x00,0x5c,0xff,0xfb,0xff,0xff,0xfb,0xff,0x5c,0x00,0x03,0x00,
    0x00,0x00,0x04,0x00,0xa3,0xff,0xfc,0xfc,0xff,0xa3,0x00,0x04,0x00,0x00,0x00,0x00,0x01,0x02,0x0e,0xdf,0xff,0xff,0xdf,0x0e,0x02,0x01,0x00,0x00,
    0x00,0x00,0x00,0x03,0x00,0x3b,0xfc,0xfc,0x3b,0x00,0x03,0x00,0x00,0x00,0x00,0x00,0x00,0x00,0x04,0x00,0x93,0x93,0x00,0x04,0x00,0x00,0x00,0x00,

};

const lv_image_dsc_t emoji_diamond_suit_14 = {
  .header.magic = LV_IMAGE_HEADER_MAGIC,
  .header.cf = LV_COLOR_FORMAT_RGB565A8,
  .header.flags = 0,
  .header.w = 14,
  .header.h = 14,
  .header.stride = 28,
  .data_size = sizeof(emoji_diamond_suit_14_map),
  .data = emoji_diamond_suit_14_map,
};




#ifndef LV_ATTRIBUTE_MEM_ALIGN
#define LV_ATTRIBUTE_MEM_ALIGN
#endif

#ifndef LV_ATTRIBUTE_EMOJI_SPADE_SUIT_14
#define LV_ATTRIBUTE_EMOJI_SPADE_SUIT_14
#endif

static const
LV_ATTRIBUTE_MEM_ALIGN LV_ATTRIBUTE_LARGE_CONST LV_ATTRIBUTE_EMOJI_SPADE_SUIT_14
uint8_t emoji_spade_suit_14_map[] = {

    0x00,0x00,0x00,0x00,0x00,0x00,0x00,0x00,0x00,0x00,0x00,0x00,0xa7,0x31,0xa7,0x31,0x00,0x00,0x00,0x00,0x00,0x00,0x00,0x00,0x00,0x00,0x00,0x00,
    0x00,0x00,0x00,0x00,0x00,0x00,0x00,0x00,0x00,0x00,0xa7,0x31,0xc8,0x31,0xc8,0x31,0xa7,0x31,0x00,0x00,0x00,0x00,0x00,0x00,0x00,0x00,0x00,0x00,
    0x00,0x00,0x00,0x00,0xaa,0x52,0xaa,0x52,0xc7,0x31,0xe8,0x31,0xa7,0x31,0xa7,0x31,0xe8,0x31,0xc7,0x31,0xaa,0x52,0xaa,0x52,0x00,0x00,0x00,0x00,
    0x00,0x00,0xaa,0x52,0x00,0x00,0xa7,0x31,0xe8,0x31,0xa7,0x31,0xa7,0x31,0xa7,0x31,0xa7,0x31,0xe8,0x31,0xa7,0x31,0x00,0x00,0xaa,0x52,0x00,0x00,
    0xaa,0x52,0x00,0x00,0xa7,0x31,0xc8,0x31,0xa7,0x31,0xa7,0x31,0xa7,0x31,0xa7,0x31,0xa7,0x31,0xa7,0x31,0xc8,0x31,0xa7,0x31,0x00,0x00,0xaa,0x52,
    0x00,0x00,0xc8,0x29,0xa7,0x31,0xa7,0x31,0xa7,0x31,0xa7,0x31,0xa7,0x31,0xa7,0x31,0xa7,0x31,0xa7,0x31,0xa7,0x31,0xa7,0x31,0xc8,0x29,0x00,0x00,
    0x00,0x00,0xa7,0x31,0xc8,0x31,0xa7,0x31,0xa7,0x31,0xa7,0x31,0xa7,0x31,0xa7,0x31,0xa7,0x31,0xa7,0x31,0xa7,0x31,0xc8,0x31,0xa7,0x31,0x00,0x00,
    0x00,0x00,0xa7,0x31,0xc8,0x31,0xa7,0x31,0xa7,0x31,0xa7,0x31,0xa7,0x31,0xa7,0x31,0xa7,0x31,0xa7,0x31,0xa7,0x31,0xc8,0x31,0xa7,0x31,0x00,0x00,
    0x00,0x00,0xa7,0x31,0xc8,0x31,0xa7,0x31,0xa7,0x31,0xa7,0x31,0xa7,0x31,0xa7,0x31,0xa7,0x31,0xa7,0x31,0xa7,0x31,0xc8,0x31,0xa7,0x31,0x00,0x00,
    0x00,0x00,0xa7,0x31,0xe8,0x31,0xc7,0x31,0xc7,0x31,0xc8,0x31,0xa7,0x31,0xa7,0x31,0xc8,0x31,0xc7,0x31,0xc7,0x31,0xe8,0x31,0xa7,0x31,0x00,0x00,
    0x00,0x00,0x00,0x00,0xa7,0x31,0xc7,0x31,0xc7,0x31,0xa7,0x31,0xa7,0x31,0xa7,0x31,0xa7,0x31,0xc7,0x31,0xc7,0x31,0xa7,0x31,0x00,0x00,0x00,0x00,
    0x00,0x00,0x00,0x00,0x00,0x00,0x00,0x00,0x00,0x00,0xa7,0x31,0xc7,0x31,0xc7,0x31,0xa7,0x31,0x00,0x00,0x00,0x00,0x00,0x00,0x00,0x00,0x00,0x00,
    0x00,0x00,0x00,0x00,0xa7,0x31,0xc8,0x31,0xa7,0x31,0xc8,0x31,0xa7,0x31,0xa7,0x31,0xc8,0x31,0xa7,0x31,0xc8,0x31,0xa7,0x29,0x00,0x00,0x00,0x00,
    0xe7,0x39,0x00,0x00,0xa7,0x31,0xe8,0x31,0xc8,0x31,0xa7,0x31,0xa7,0x31,0xa7,0x31,0xa7,0x31,0xc8,0x31,0xe8,0x31,0xa7,0x31,0x00,0x00,0xe7,0x39,
    0x00,0x00,0x00,0x01,0x01,0x00,0xa0,0xa0,0x00,0x01,0x01,0x00,0x00,0x00,0x00,0x00,0x01,0x01,0x03,0xa6,0xff,0xff,0xa6,0x03,0x01,0x01,0x00,0x00,
    0x00,0x01,0x03,0x03,0xad,0xff,0xfb,0xfb,0xff,0xad,0x03,0x03,0x01,0x00,0x00,0x03,0x00,0x9e,0xff,0xfa,0xff,0xff,0xfa,0xff,0x9e,0x00,0x03,0x00,
    0x03,0x00,0x6a,0xff,0xfa,0xff,0xff,0xff,0xff,0xfa,0xff,0x6a,0x00,0x03,0x00,0x1b,0xf3,0xfd,0xfe,0xff,0xff,0xff,0xff,0xfe,0xfd,0xf3,0x1b,0x00,
    0x00,0x80,0xff,0xfb,0xff,0xff,0xff,0xff,0xff,0xff,0xfb,0xff,0x80,0x00,0x00,0xbc,0xfe,0xfc,0xff,0xff,0xff,0xff,0xff,0xff,0xfc,0xfe,0xbc,0x00,
    0x00,0xb8,0xfd,0xf9,0xfd,0xfc,0xff,0xff,0xfc,0xfd,0xf9,0xfd,0xb8,0x00,0x00,0x55,0xff,0xff,0xff,0xff,0xfd,0xfd,0xff,0xff,0xff,0xff,0x55,0x00,
    0x02,0x00,0x63,0xcf,0xd4,0x83,0xec,0xec,0x83,0xd4,0xcf,0x63,0x00,0x02,0x00,0x01,0x00,0x00,0x00,0x7b,0xff,0xff,0x7b,0x00,0x00,0x00,0x01,0x00,
    0x01,0x00,0x21,0x53,0xb1,0xff,0xfe,0xfe,0xff,0xb1,0x53,0x21,0x00,0x01,0x04,0x00,0x9a,0xff,0xff,0xfd,0xff,0xff,0xfd,0xff,0xff,0x9b,0x00,0x04,

};

const lv_image_dsc_t emoji_spade_suit_14 = {
  .header.magic = LV_IMAGE_HEADER_MAGIC,
  .header.cf = LV_COLOR_FORMAT_RGB565A8,
  .header.flags = 0,
  .header.w = 14,
  .header.h = 14,
  .header.stride = 28,
  .data_size = sizeof(emoji_spade_suit_14_map),
  .data = emoji_spade_suit_14_map,
};




#ifndef LV_ATTRIBUTE_MEM_ALIGN
#define LV_ATTRIBUTE_MEM_ALIGN
#endif

#ifndef LV_ATTRIBUTE_EMOJI_PIZZA_14
#define LV_ATTRIBUTE_EMOJI_PIZZA_14
#endif

static const
LV_ATTRIBUTE_MEM_ALIGN LV_ATTRIBUTE_LARGE_CONST LV_ATTRIBUTE_EMOJI_PIZZA_14
uint8_t emoji_pizza_14_map[] = {

    0xe0,0xff,0x00,0x00,0x61,0xf4,0x60,0xfc,0x60,0xf4,0xc1,0xfc,0xe1,0xfc,0x81,0xf4,0x61,0xf4,0x60,0xf4,0x60,0xfc,0x61,0xf4,0x00,0x00,0xe0,0xff,
    0x00,0x00,0x61,0xf4,0xc2,0xfc,0x44,0xfd,0xe6,0xfd,0x66,0xec,0x86,0xe3,0xc7,0xfd,0x07,0xfe,0xa6,0xfd,0x44,0xfd,0xc2,0xfc,0x61,0xf4,0x00,0x00,
    0x00,0x00,0x81,0xf4,0x28,0xfe,0x2a,0xff,0x29,0xed,0xa6,0xb8,0x46,0xb0,0xc7,0xd2,0xea,0xfe,0xea,0xfe,0xea,0xfe,0x28,0xfe,0x81,0xf4,0x00,0x00,
    0x0a,0xa8,0x00,0x00,0x66,0xc1,0xa8,0xf4,0xe8,0xec,0x25,0xb8,0x25,0xb0,0x47,0xd2,0x09,0xfe,0x67,0xdb,0x09,0xf5,0x89,0xfe,0x00,0x00,0xea,0xff,
    0x0a,0xf8,0x40,0xfd,0x04,0xa8,0x46,0xc9,0x69,0xfe,0xa7,0xdb,0x87,0xd2,0xc9,0xf5,0x67,0xd2,0x05,0xb0,0xe6,0xc8,0x47,0xdb,0x40,0xfd,0xaa,0xfa,
    0x00,0x00,0xe0,0xff,0xe7,0xb9,0x67,0xdb,0xea,0xfe,0xe9,0xfe,0xea,0xfe,0xa9,0xfe,0xe6,0xc9,0x26,0xb8,0xa6,0xb8,0x00,0x50,0x00,0xf8,0x00,0x00,
    0x00,0x00,0xe7,0xfb,0x00,0x00,0xc9,0xfd,0x08,0xe3,0x26,0xca,0x89,0xf5,0x89,0xfe,0x69,0xf5,0x28,0xe3,0xc7,0xd2,0x00,0x00,0xe7,0xb9,0x00,0x00,
    0x00,0x00,0x00,0x78,0x00,0x00,0x05,0xa8,0x86,0xb8,0x05,0xb0,0xe7,0xd2,0xea,0xfe,0xa9,0xfe,0xea,0xfe,0xea,0xff,0x00,0x00,0xef,0xff,0x00,0x00,
    0x00,0x00,0x00,0x00,0x0a,0xa8,0x00,0x00,0xe6,0xb8,0x46,0xc0,0x28,0xe4,0xe9,0xfd,0x07,0xd2,0x06,0xca,0x00,0x00,0x0a,0xa8,0x00,0x00,0x00,0x00,
    0x00,0x00,0x00,0x00,0xaa,0xfa,0x00,0x00,0x87,0xdb,0x49,0xf5,0x0a,0xff,0xc7,0xd2,0x06,0xb8,0x65,0xb8,0x00,0x00,0x0a,0xf8,0x00,0x00,0x00,0x00,
    0x00,0x00,0x00,0x00,0x00,0x00,0x00,0x00,0xea,0xff,0xe8,0xe3,0xc9,0xfd,0x48,0xec,0x85,0xb8,0x6c,0xfe,0x00,0xf8,0x00,0x00,0x00,0x00,0x00,0x00,
    0x00,0x00,0x00,0x00,0x00,0x00,0x07,0xb8,0x00,0x00,0x05,0xa8,0x66,0xd1,0xaa,0xfe,0x48,0xf5,0x00,0x00,0xe7,0xfd,0x00,0x00,0x00,0x00,0x00,0x00,
    0x00,0x00,0x00,0x00,0x00,0x00,0x00,0x78,0x00,0x00,0xe5,0xb0,0x86,0xc9,0x29,0xfe,0xea,0xff,0x00,0x00,0xef,0xff,0x00,0x00,0x00,0x00,0x00,0x00,
    0x00,0x00,0x00,0x00,0x00,0x00,0x00,0x00,0xef,0xff,0x00,0x00,0x28,0xf5,0x69,0xfe,0x00,0x00,0xef,0xff,0x00,0x00,0x00,0x00,0x00,0x00,0x00,0x00,
    0x01,0x00,0x3c,0x96,0xd1,0xf3,0xff,0xff,0xf3,0xd1,0x96,0x3c,0x00,0x01,0x00,0x95,0xff,0xff,0xff,0xff,0xff,0xff,0xff,0xff,0xff,0xff,0x95,0x00,
    0x00,0x76,0xf6,0xfa,0xfd,0xff,0xff,0xff,0xff,0xfd,0xfa,0xf5,0x75,0x00,0x03,0x00,0xa7,0xff,0xfb,0xff,0xff,0xff,0xff,0xfb,0xff,0xa3,0x00,0x03,
    0x03,0x03,0x43,0xff,0xfd,0xff,0xff,0xff,0xff,0xfd,0xff,0x3f,0x03,0x03,0x00,0x01,0x04,0xd7,0xff,0xfd,0xff,0xff,0xfd,0xff,0xd3,0x03,0x01,0x00,
    0x00,0x04,0x00,0x77,0xff,0xfb,0xff,0xff,0xfb,0xff,0x74,0x00,0x04,0x00,0x00,0x02,0x00,0x1e,0xf6,0xfe,0xfe,0xfe,0xff,0xf5,0x1b,0x00,0x02,0x00,
    0x00,0x00,0x03,0x00,0xad,0xff,0xfb,0xfb,0xff,0xaa,0x00,0x03,0x00,0x00,0x00,0x00,0x03,0x01,0x4a,0xff,0xfc,0xfc,0xff,0x47,0x00,0x03,0x00,0x00,
    0x00,0x00,0x00,0x01,0x06,0xdb,0xff,0xff,0xda,0x05,0x01,0x00,0x00,0x00,0x00,0x00,0x00,0x04,0x00,0x7f,0xff,0xff,0x7d,0x00,0x04,0x00,0x00,0x00,
    0x00,0x00,0x00,0x02,0x00,0x20,0xfb,0xfb,0x20,0x00,0x02,0x00,0x00,0x00,0x00,0x00,0x00,0x00,0x02,0x00,0xb1,0xb0,0x00,0x02,0x00,0x00,0x00,0x00,

};

const lv_image_dsc_t emoji_pizza_14 = {
  .header.magic = LV_IMAGE_HEADER_MAGIC,
  .header.cf = LV_COLOR_FORMAT_RGB565A8,
  .header.flags = 0,
  .header.w = 14,
  .header.h = 14,
  .header.stride = 28,
  .data_size = sizeof(emoji_pizza_14_map),
  .data = emoji_pizza_14_map,
};




#ifndef LV_ATTRIBUTE_MEM_ALIGN
#define LV_ATTRIBUTE_MEM_ALIGN
#endif

#ifndef LV_ATTRIBUTE_EMOJI_FOUR_LEAF_CLOVER_14
#define LV_ATTRIBUTE_EMOJI_FOUR_LEAF_CLOVER_14
#endif

static const
LV_ATTRIBUTE_MEM_ALIGN LV_ATTRIBUTE_LARGE_CONST LV_ATTRIBUTE_EMOJI_FOUR_LEAF_CLOVER_14
uint8_t emoji_four_leaf_clover_14_map[] = {

    0xe7,0x7d,0x00,0x00,0x8a,0x75,0xcb,0x7d,0xaa,0x7d,0xaa,0x7d,0x00,0x00,0x00,0x00,0xaa,0x7d,0xaa,0x7d,0xcb,0x7d,0x8a,0x75,0x00,0x00,0xe7,0x7d,
    0x00,0x00,0x6a,0x75,0xaa,0x7d,0xcb,0x7d,0xcb,0x7d,0x8a,0x75,0xeb,0x7d,0xeb,0x7d,0x8a,0x75,0xcb,0x7d,0xcb,0x7d,0xaa,0x7d,0x6a,0x75,0x00,0x00,
    0x8a,0x75,0xca,0x7d,0xaa,0x7d,0x8a,0x75,0x8a,0x75,0x2b,0x86,0x8a,0x75,0x8a,0x75,0x2b,0x86,0x8a,0x75,0x8a,0x75,0xaa,0x7d,0xcb,0x7d,0x8a,0x75,
    0x8a,0x75,0x0b,0x86,0x8a,0x75,0x8a,0x75,0x8a,0x75,0xcb,0x7d,0x8a,0x75,0x8a,0x75,0xcb,0x7d,0x8a,0x75,0x8a,0x75,0x8a,0x75,0x0b,0x86,0x8a,0x75,
    0x00,0x00,0x8a,0x75,0xaa,0x7d,0xeb,0x85,0xcb,0x7d,0x8a,0x75,0x8a,0x7d,0x8a,0x7d,0x8a,0x75,0xcb,0x7d,0xeb,0x85,0xcb,0x7d,0x8a,0x75,0x00,0x00,
    0xef,0x7b,0x00,0x00,0xe9,0x6c,0xaa,0x7d,0xaa,0x7d,0xaa,0x7d,0x8a,0x75,0x8a,0x75,0xaa,0x7d,0xaa,0x7d,0xaa,0x7d,0xe9,0x6c,0x00,0x00,0xef,0x7b,
    0x00,0x00,0xa9,0x6d,0xaa,0x7d,0xaa,0x7d,0xaa,0x7d,0x8a,0x7d,0x8a,0x75,0x8a,0x75,0x8a,0x7d,0xaa,0x7d,0xaa,0x7d,0xaa,0x7d,0xa9,0x6d,0x00,0x00,
    0xaa,0x75,0xaa,0x7d,0x0b,0x86,0xeb,0x7d,0xaa,0x7d,0x8a,0x75,0xaa,0x7d,0x8a,0x7d,0x8a,0x75,0xaa,0x7d,0xeb,0x7d,0x0b,0x86,0xaa,0x7d,0xaa,0x75,
    0x8a,0x75,0x4c,0x86,0x8a,0x75,0x8a,0x75,0x8a,0x75,0x8a,0x7d,0x8a,0x75,0x8a,0x75,0x8a,0x7d,0x8a,0x75,0x8a,0x75,0x8a,0x75,0x4c,0x86,0x8a,0x75,
    0x8a,0x7d,0xca,0x7d,0xcb,0x7d,0x8a,0x75,0x8a,0x75,0xaa,0x7d,0x8a,0x75,0x8a,0x75,0x8a,0x75,0x8a,0x75,0x8a,0x75,0xcb,0x7d,0xca,0x7d,0x6a,0x75,
    0x00,0x00,0x00,0x00,0x8a,0x75,0x2b,0x86,0x0b,0x86,0x8a,0x75,0xaa,0x7d,0x8a,0x75,0x8a,0x75,0xeb,0x85,0x2b,0x86,0x8a,0x75,0x00,0x00,0x00,0x00,
    0xe7,0x7d,0x00,0x00,0x8b,0x75,0xcb,0x7d,0x8a,0x7d,0x00,0x00,0xef,0x7f,0x8a,0x75,0x8a,0x75,0x8a,0x75,0xeb,0x7d,0x89,0x75,0x00,0x00,0xe7,0x7d,
    0x00,0x00,0x00,0x00,0x00,0x00,0x00,0x00,0x00,0x00,0xe7,0x7d,0x00,0x00,0x8a,0x75,0x4c,0x86,0x8a,0x75,0x00,0x00,0x00,0x00,0x00,0x00,0x00,0x00,
    0x00,0x00,0x00,0x00,0xe0,0xff,0xe7,0x7d,0xe7,0x7d,0xe0,0x7b,0xe0,0xff,0x89,0x75,0xca,0x7d,0x8a,0x75,0xe7,0x7d,0xc6,0x64,0x00,0x00,0x00,0x00,
    0x04,0x00,0x3c,0xf8,0xcf,0x22,0x00,0x00,0x22,0xcf,0xf8,0x3c,0x00,0x04,0x00,0x2d,0xd2,0xff,0xff,0xd3,0x08,0x08,0xd3,0xff,0xff,0xd2,0x2d,0x00,
    0x7c,0xfa,0xff,0xfe,0xfa,0xff,0x5d,0x5d,0xff,0xfa,0xfe,0xff,0xfa,0x7c,0x7f,0xff,0xfe,0xfb,0xfb,0xfd,0xc8,0xc8,0xfd,0xfb,0xfb,0xfe,0xff,0x7f,
    0x00,0x7b,0xf7,0xff,0xff,0xff,0xff,0xff,0xff,0xff,0xff,0xf6,0x7b,0x00,0x02,0x00,0x10,0x67,0xca,0xfe,0xfe,0xfe,0xfe,0xca,0x67,0x10,0x00,0x02,
    0x00,0x07,0x5d,0xac,0xe4,0xff,0xfe,0xfe,0xff,0xe4,0xac,0x5d,0x07,0x00,0x18,0xbf,0xff,0xff,0xff,0xff,0xff,0xff,0xff,0xff,0xff,0xff,0xbf,0x18,
    0xa3,0xff,0xf7,0xfc,0xfe,0xfe,0xef,0xf9,0xff,0xfe,0xfc,0xf7,0xff,0xa3,0x46,0xc6,0xff,0xfa,0xfb,0xff,0x8b,0xce,0xfe,0xfd,0xfa,0xff,0xc6,0x47,
    0x00,0x00,0xa7,0xff,0xff,0x94,0x23,0xd7,0xa5,0xff,0xff,0xa6,0x00,0x00,0x04,0x00,0x14,0xa3,0x77,0x00,0x02,0xee,0x8c,0x60,0xa4,0x14,0x00,0x04,
    0x00,0x01,0x00,0x00,0x00,0x04,0x00,0x7f,0xff,0x52,0x00,0x00,0x01,0x00,0x00,0x00,0x01,0x04,0x04,0x02,0x01,0x0d,0xdd,0xaa,0x04,0x05,0x00,0x00,

};

const lv_image_dsc_t emoji_four_leaf_clover_14 = {
  .header.magic = LV_IMAGE_HEADER_MAGIC,
  .header.cf = LV_COLOR_FORMAT_RGB565A8,
  .header.flags = 0,
  .header.w = 14,
  .header.h = 14,
  .header.stride = 28,
  .data_size = sizeof(emoji_four_leaf_clover_14_map),
  .data = emoji_four_leaf_clover_14_map,
};




#ifndef LV_ATTRIBUTE_MEM_ALIGN
#define LV_ATTRIBUTE_MEM_ALIGN
#endif

#ifndef LV_ATTRIBUTE_EMOJI_CLOUD_14
#define LV_ATTRIBUTE_EMOJI_CLOUD_14
#endif

static const
LV_ATTRIBUTE_MEM_ALIGN LV_ATTRIBUTE_LARGE_CONST LV_ATTRIBUTE_EMOJI_CLOUD_14
uint8_t emoji_cloud_14_map[] = {

    0x00,0x00,0x00,0x00,0xff,0xff,0xff,0xbd,0xff,0xff,0x00,0x00,0x7a,0xc6,0x3d,0xdf,0xf7,0xad,0x00,0x00,0xff,0xff,0x00,0x00,0x00,0x00,0x00,0x00,
    0x00,0x00,0x00,0x00,0x00,0x00,0x00,0x00,0x00,0x00,0xbb,0xce,0xfc,0xd6,0xfc,0xd6,0xdc,0xd6,0xdb,0xce,0x00,0x00,0xff,0xbf,0xff,0x7b,0x00,0x00,
    0xff,0xff,0x00,0x00,0xba,0xc6,0xfc,0xd6,0xbb,0xce,0xbb,0xce,0x1c,0xd7,0xbb,0xce,0x5e,0xe7,0xbb,0xce,0xff,0xff,0x00,0x00,0x00,0x00,0xff,0xff,
    0xff,0x7b,0xff,0xaf,0xbb,0xce,0x7e,0xe7,0x1d,0xd7,0xbb,0xce,0x9b,0xce,0xbb,0xce,0xbb,0xce,0xbb,0xce,0xdb,0xce,0xfc,0xd6,0xbb,0xd6,0x00,0x00,
    0x00,0x00,0x9b,0xce,0xdb,0xce,0xbb,0xce,0xbb,0xce,0xdb,0xce,0xfc,0xd6,0xdb,0xce,0xbb,0xce,0xdb,0xce,0xdc,0xd6,0x5e,0xe7,0xbb,0xce,0x3a,0xc6,
    0xff,0xff,0x00,0x00,0x9b,0xce,0xfc,0xd6,0xfc,0xd6,0x5d,0xe7,0x5d,0xe7,0x5d,0xe7,0xfc,0xd6,0xbb,0xce,0xbb,0xce,0xbb,0xce,0xdc,0xd6,0xbb,0xce,
    0x00,0x00,0x3d,0xdf,0x7e,0xe7,0x5d,0xe7,0x3d,0xdf,0x5d,0xe7,0x5d,0xe7,0x5d,0xe7,0x3d,0xdf,0x1d,0xdf,0x1d,0xdf,0xdc,0xd6,0xfc,0xd6,0xbb,0xce,
    0x5d,0xe7,0xdf,0xf7,0x7e,0xe7,0x3d,0xe7,0x5d,0xe7,0x5d,0xe7,0x5d,0xe7,0x5d,0xe7,0x5d,0xe7,0x5d,0xe7,0x5d,0xe7,0x5e,0xe7,0x7a,0xc6,0x00,0x00,
    0x3d,0xe7,0x7e,0xe7,0x3d,0xdf,0x5d,0xe7,0x5d,0xe7,0x5d,0xe7,0x5d,0xe7,0x5d,0xe7,0x5d,0xe7,0x3d,0xe7,0x7e,0xe7,0x5e,0xe7,0x7e,0xe7,0x5d,0xd7,
    0x5d,0xe7,0x3d,0xe7,0x5d,0xe7,0x5d,0xe7,0x5d,0xe7,0x5d,0xe7,0x5d,0xe7,0x5d,0xe7,0x5d,0xe7,0x5d,0xe7,0x5d,0xe7,0x5d,0xe7,0xff,0xf7,0x5d,0xe7,
    0x5d,0xe7,0xbf,0xef,0x3d,0xdf,0x3d,0xe7,0x3d,0xe7,0x3d,0xe7,0x3d,0xe7,0x3d,0xe7,0x3d,0xe7,0x3d,0xe7,0x3d,0xe7,0x5d,0xe7,0x3d,0xe7,0x9f,0xef,
    0x5d,0xe7,0x7e,0xe7,0xff,0xf7,0xdf,0xf7,0xdf,0xf7,0xdf,0xf7,0xdf,0xf7,0xdf,0xf7,0xdf,0xf7,0xdf,0xf7,0xdf,0xf7,0xdf,0xf7,0xff,0xf7,0x5d,0xe7,
    0x00,0x00,0xfb,0xd6,0x9e,0xef,0x7e,0xe7,0x5d,0xe7,0x5d,0xe7,0x5d,0xe7,0x5d,0xe7,0x5d,0xe7,0x5d,0xe7,0x5d,0xe7,0x7e,0xe7,0x7e,0xe7,0x5d,0xef,
    0xff,0xff,0x00,0x00,0x00,0x00,0x00,0x00,0x00,0x00,0x00,0x00,0x00,0x00,0x00,0x00,0x00,0x00,0x00,0x00,0x00,0x00,0x00,0x00,0x00,0x00,0x00,0x00,
    0x00,0x00,0x01,0x04,0x04,0x00,0x1f,0x40,0x10,0x00,0x01,0x00,0x00,0x00,0x00,0x00,0x00,0x00,0x00,0x50,0xed,0xff,0xda,0x2b,0x00,0x04,0x02,0x00,
    0x01,0x00,0x12,0x8b,0xa8,0xee,0xff,0xf9,0xff,0xa9,0x02,0x00,0x00,0x01,0x02,0x03,0xba,0xff,0xff,0xff,0xfe,0xff,0xfd,0xf3,0xda,0xb4,0x26,0x00,
    0x00,0x1d,0xff,0xfb,0xfb,0xfe,0xff,0xff,0xff,0xff,0xff,0xff,0xd6,0x0d,0x02,0x00,0xd4,0xff,0xfd,0xff,0xff,0xff,0xff,0xfe,0xfd,0xfb,0xff,0x3f,
    0x00,0x57,0xda,0xfe,0xfe,0xff,0xff,0xff,0xff,0xff,0xff,0xff,0xff,0x32,0x71,0xff,0xff,0xfe,0xff,0xff,0xff,0xff,0xff,0xff,0xfd,0xfc,0x90,0x00,
    0xf2,0xfd,0xfd,0xff,0xff,0xff,0xff,0xff,0xff,0xfe,0xfe,0xe2,0x64,0x0d,0xff,0xfd,0xff,0xff,0xff,0xff,0xff,0xff,0xff,0xff,0xff,0xff,0xff,0xbf,
    0xd7,0xff,0xfa,0xfb,0xfb,0xfb,0xfb,0xfb,0xfb,0xfb,0xfb,0xfa,0xf8,0xff,0x39,0xe7,0xff,0xff,0xff,0xff,0xff,0xff,0xff,0xff,0xff,0xff,0xff,0xc0,
    0x00,0x18,0x63,0x6e,0x6f,0x6f,0x6f,0x6f,0x6f,0x6f,0x6f,0x6f,0x61,0x0c,0x02,0x00,0x00,0x00,0x00,0x00,0x00,0x00,0x00,0x00,0x00,0x00,0x00,0x00,

};

const lv_image_dsc_t emoji_cloud_14 = {
  .header.magic = LV_IMAGE_HEADER_MAGIC,
  .header.cf = LV_COLOR_FORMAT_RGB565A8,
  .header.flags = 0,
  .header.w = 14,
  .header.h = 14,
  .header.stride = 28,
  .data_size = sizeof(emoji_cloud_14_map),
  .data = emoji_cloud_14_map,
};




#ifndef LV_ATTRIBUTE_MEM_ALIGN
#define LV_ATTRIBUTE_MEM_ALIGN
#endif

#ifndef LV_ATTRIBUTE_EMOJI_ROCKET_14
#define LV_ATTRIBUTE_EMOJI_ROCKET_14
#endif

static const
LV_ATTRIBUTE_MEM_ALIGN LV_ATTRIBUTE_LARGE_CONST LV_ATTRIBUTE_EMOJI_ROCKET_14
uint8_t emoji_rocket_14_map[] = {

    0x00,0x00,0x00,0x00,0x00,0x00,0x00,0x00,0x00,0x00,0x00,0x00,0xff,0x07,0xff,0x7f,0x00,0x00,0x00,0x00,0x1f,0x66,0x7e,0x55,0x7e,0x55,0x7d,0x55,
    0x00,0x00,0x00,0x00,0x00,0x00,0x00,0xf8,0x00,0xf8,0x5f,0x55,0x00,0x00,0x00,0x00,0x9e,0x55,0x5d,0x55,0xda,0x4c,0xdf,0x5d,0xbf,0x5d,0x5d,0x55,
    0x00,0x00,0x00,0x00,0x00,0xa8,0x00,0x00,0x00,0x00,0x00,0x00,0x3d,0x4d,0x7e,0x55,0xbf,0x5d,0x73,0x33,0xa3,0x08,0xc9,0x19,0xdf,0x5d,0x5d,0x55,
    0x00,0x00,0x00,0xa8,0x00,0x00,0xa7,0x88,0x00,0xb0,0xdb,0x5c,0x9e,0x55,0xbf,0x5d,0x5d,0x55,0x7e,0x55,0xb9,0x4c,0x41,0x00,0xda,0x4c,0x3f,0x5e,
    0x00,0x00,0x00,0x00,0x44,0x98,0x02,0xa8,0x6a,0x89,0x7d,0x55,0x7e,0x5d,0xbf,0x55,0x5d,0x55,0x5d,0x55,0x7e,0x55,0x73,0x33,0x3c,0x55,0x00,0x00,
    0x05,0xa8,0x23,0x98,0x23,0xa0,0x44,0xa0,0x99,0x64,0x9e,0x55,0xbf,0x4d,0xb5,0x6b,0xcb,0x89,0x5d,0x55,0x5d,0x55,0xdf,0x5d,0xbe,0x5d,0x00,0x00,
    0x23,0x98,0x24,0xa0,0x02,0xa8,0xab,0x89,0xdf,0x4d,0x7e,0x55,0xaf,0x7a,0x01,0xa0,0xb5,0x6b,0xbf,0x4d,0xbf,0x5d,0x5d,0x55,0x00,0x00,0x5f,0x55,
    0x00,0x00,0x20,0x00,0x00,0x90,0xf7,0x63,0x7d,0x5d,0x8a,0x89,0x00,0xa8,0x8f,0x7a,0xbf,0x4d,0x7e,0x5d,0x9e,0x55,0x9e,0x5d,0xff,0x7b,0xff,0x03,
    0xe0,0xff,0x00,0x00,0x07,0xff,0xd3,0x94,0x09,0x91,0x00,0xa8,0x6a,0x89,0x7e,0x55,0xbf,0x55,0x9e,0x5d,0xfb,0x5c,0x00,0x00,0x5f,0x55,0x00,0x00,
    0x00,0x00,0x26,0xfd,0xa9,0xfe,0xa4,0xb9,0x01,0x98,0x08,0x91,0x7e,0x5d,0xdf,0x4d,0x99,0x64,0x69,0x89,0x00,0xc8,0xff,0x07,0x00,0x78,0x00,0x00,
    0x25,0xfd,0x86,0xfd,0x69,0xfe,0xa5,0xb1,0xc4,0xb9,0xb3,0x94,0xf6,0x63,0xab,0x89,0x24,0xa0,0x02,0xa0,0x85,0x90,0x00,0x00,0x00,0x78,0x00,0x00,
    0x46,0xfd,0xa6,0xfd,0xe8,0xfd,0x69,0xfe,0xa9,0xfe,0x22,0xff,0x00,0xa0,0x02,0xa8,0x03,0xa0,0x44,0x98,0x00,0x00,0x00,0xa8,0x00,0x00,0x00,0x00,
    0x66,0xfd,0xe7,0xfd,0x86,0xfd,0xa6,0xfd,0x46,0xfd,0x0a,0x50,0x20,0x00,0x24,0x98,0x23,0x98,0x00,0x00,0x00,0xa8,0x00,0x00,0x00,0x00,0x00,0x00,
    0x46,0xfd,0x86,0xfd,0x86,0xfd,0x25,0xfd,0x00,0x00,0xe0,0xff,0x00,0xf8,0x23,0xa0,0x00,0x00,0x00,0x78,0x00,0x00,0x00,0x00,0x00,0x00,0x00,0x00,
    0x00,0x00,0x00,0x00,0x00,0x00,0x01,0x02,0x00,0x00,0x3f,0x96,0xd8,0xf7,0x00,0x00,0x00,0x01,0x01,0x03,0x00,0x00,0x46,0xba,0xfe,0xff,0xff,0xdb,
    0x00,0x00,0x03,0x00,0x00,0x00,0x17,0xa5,0xff,0xff,0xff,0xf9,0xfe,0x97,0x00,0x03,0x00,0x19,0x21,0x44,0xdf,0xff,0xfd,0xfc,0xff,0xfe,0xfe,0x3b,
    0x01,0x00,0x4f,0xed,0xf7,0xff,0xff,0xfb,0xff,0xff,0xfc,0xfe,0xbf,0x00,0x06,0x73,0xff,0xff,0xff,0xff,0xfd,0xff,0xff,0xff,0xfc,0xff,0x41,0x00,
    0x3d,0xd5,0xff,0xff,0xfe,0xff,0xff,0xff,0xff,0xfc,0xff,0xa8,0x00,0x03,0x00,0x00,0x2c,0xc7,0xfe,0xfd,0xff,0xff,0xfd,0xff,0xe2,0x14,0x02,0x02,
    0x01,0x00,0x3f,0xc4,0xfe,0xfa,0xfd,0xff,0xfd,0xf9,0x3f,0x00,0x03,0x00,0x00,0x95,0xff,0xff,0xff,0xff,0xff,0xfe,0xff,0xf8,0x1a,0x01,0x02,0x00,
    0x31,0xff,0xfd,0xfa,0xfd,0xc9,0xca,0xfe,0xff,0xf4,0x1b,0x01,0x02,0x00,0x77,0xfb,0xf9,0xfe,0xff,0x37,0x24,0xff,0xff,0x4e,0x00,0x03,0x00,0x00,
    0xa8,0xff,0xff,0xf9,0x90,0x03,0x00,0xd9,0x72,0x00,0x03,0x00,0x00,0x00,0x74,0x9e,0x6e,0x30,0x00,0x01,0x01,0x3a,0x00,0x02,0x00,0x00,0x00,0x00,

};

const lv_image_dsc_t emoji_rocket_14 = {
  .header.magic = LV_IMAGE_HEADER_MAGIC,
  .header.cf = LV_COLOR_FORMAT_RGB565A8,
  .header.flags = 0,
  .header.w = 14,
  .header.h = 14,
  .header.stride = 28,
  .data_size = sizeof(emoji_rocket_14_map),
  .data = emoji_rocket_14_map,
};




#ifndef LV_ATTRIBUTE_MEM_ALIGN
#define LV_ATTRIBUTE_MEM_ALIGN
#endif

#ifndef LV_ATTRIBUTE_EMOJI_PASSPORT_CONTROL_14
#define LV_ATTRIBUTE_EMOJI_PASSPORT_CONTROL_14
#endif

static const
LV_ATTRIBUTE_MEM_ALIGN LV_ATTRIBUTE_LARGE_CONST LV_ATTRIBUTE_EMOJI_PASSPORT_CONTROL_14
uint8_t emoji_passport_control_14_map[] = {

    0x33,0x23,0x53,0x23,0x13,0x1b,0xf2,0x12,0x12,0x1b,0x33,0x23,0x33,0x23,0x12,0x1b,0x12,0x1b,0x12,0x1b,0x12,0x1b,0x12,0x1b,0x33,0x23,0x33,0x23,
    0x53,0x23,0xf2,0x12,0xd4,0x3b,0xd9,0x9d,0xdc,0xc6,0x94,0x33,0xf2,0x12,0x94,0x33,0x94,0x33,0x94,0x33,0x94,0x33,0x94,0x33,0x53,0x2b,0x33,0x23,
    0x33,0x23,0x99,0x8d,0x99,0x95,0xd7,0x6c,0x1a,0xae,0xd4,0x3b,0x56,0x54,0xdf,0xff,0xff,0xff,0xff,0xff,0xff,0xff,0xff,0xff,0x18,0x7d,0xd2,0x12,
    0x12,0x1b,0x1d,0xd7,0xff,0xff,0x7b,0xbe,0x76,0x5c,0xd4,0x43,0xb7,0x6c,0x99,0x8d,0x38,0x85,0x58,0x85,0x58,0x85,0x78,0x85,0xd4,0x43,0x12,0x1b,
    0x12,0x1b,0xbc,0xc6,0xdf,0xff,0xdc,0xce,0x96,0x64,0xf5,0x43,0x91,0x02,0xf7,0x74,0x5b,0xb6,0xfa,0xa5,0x1a,0xae,0x1a,0xa6,0x73,0x2b,0x33,0x1b,
    0x12,0x1b,0xfd,0xce,0xff,0xff,0x5e,0xe7,0x53,0x2b,0x53,0x23,0x12,0x1b,0xd7,0x6c,0xff,0xff,0xff,0xff,0xff,0xff,0xbc,0xc6,0x33,0x1b,0x33,0x23,
    0x32,0x1b,0x35,0x4c,0xb9,0x95,0xfa,0x9d,0x32,0x1b,0x53,0x23,0x53,0x23,0xd2,0x0a,0x15,0x4c,0x99,0x95,0x58,0x85,0x53,0x2b,0x12,0x1b,0x33,0x23,
    0x33,0x23,0xf2,0x12,0x73,0x2b,0xb9,0x95,0xb4,0x3b,0xd2,0x0a,0xd2,0x0a,0xb6,0x64,0xda,0x9d,0xfa,0xa5,0x96,0x5c,0xf2,0x12,0x53,0x2b,0x33,0x23,
    0x33,0x23,0x12,0x1b,0x35,0x4c,0xff,0xff,0x7e,0xe7,0x79,0x8d,0xfa,0xa5,0xdf,0xf7,0xff,0xff,0xfd,0xd6,0x94,0x33,0x1a,0xa6,0xd4,0x43,0x12,0x1b,
    0x33,0x23,0x33,0x23,0x12,0x1b,0x96,0x64,0x3d,0xdf,0xff,0xff,0xdf,0xf7,0xdf,0xff,0x9c,0xbe,0xf2,0x1a,0x1a,0xae,0xff,0xff,0x94,0x33,0x12,0x1b,
    0x33,0x23,0x33,0x23,0x33,0x23,0xf2,0x12,0x33,0x23,0xd4,0x3b,0x94,0x33,0xd7,0x6c,0x73,0x2b,0x1a,0xa6,0xff,0xff,0x9e,0xef,0xb4,0x33,0x12,0x1b,
    0x33,0x23,0x33,0x23,0x33,0x23,0x53,0x23,0x33,0x23,0x12,0x1b,0x12,0x1b,0x12,0x1b,0x3b,0xae,0xff,0xff,0xbf,0xf7,0xbf,0xf7,0xb4,0x3b,0x12,0x1b,
    0x53,0x23,0x33,0x23,0x33,0x23,0x33,0x23,0x33,0x23,0x53,0x23,0xf2,0x12,0x79,0x8d,0xff,0xff,0xbf,0xf7,0xff,0xff,0x9e,0xef,0x94,0x33,0x33,0x1b,
    0x33,0x23,0x53,0x23,0x33,0x23,0x33,0x23,0x33,0x23,0x33,0x23,0x32,0x1b,0xb4,0x3b,0x56,0x54,0x56,0x54,0x76,0x5c,0x15,0x4c,0x53,0x23,0x33,0x23,
    0xa1,0xfc,0xfd,0xff,0xff,0xff,0xff,0xff,0xff,0xff,0xff,0xfd,0xfc,0xa1,0xff,0xff,0xff,0xff,0xff,0xff,0xff,0xff,0xff,0xff,0xff,0xff,0xff,0xff,
    0xfe,0xff,0xff,0xff,0xff,0xff,0xff,0xff,0xff,0xff,0xff,0xff,0xff,0xfe,0xff,0xff,0xff,0xff,0xff,0xff,0xff,0xff,0xff,0xff,0xff,0xff,0xff,0xff,
    0xff,0xff,0xff,0xff,0xff,0xff,0xff,0xff,0xff,0xff,0xff,0xff,0xff,0xff,0xff,0xff,0xff,0xff,0xff,0xff,0xff,0xff,0xff,0xff,0xff,0xff,0xff,0xff,
    0xff,0xff,0xff,0xff,0xff,0xff,0xff,0xff,0xff,0xff,0xff,0xff,0xff,0xff,0xff,0xff,0xff,0xff,0xff,0xff,0xff,0xff,0xff,0xff,0xff,0xff,0xff,0xff,
    0xff,0xff,0xff,0xff,0xff,0xff,0xff,0xff,0xff,0xff,0xff,0xff,0xff,0xff,0xff,0xff,0xff,0xff,0xff,0xff,0xff,0xff,0xff,0xff,0xff,0xff,0xff,0xff,
    0xff,0xff,0xff,0xff,0xff,0xff,0xff,0xff,0xff,0xff,0xff,0xff,0xff,0xff,0xfe,0xff,0xff,0xff,0xff,0xff,0xff,0xff,0xff,0xff,0xff,0xff,0xff,0xfe,
    0xff,0xff,0xff,0xff,0xff,0xff,0xff,0xff,0xff,0xff,0xff,0xff,0xff,0xff,0xa1,0xfc,0xfd,0xff,0xff,0xff,0xff,0xff,0xff,0xff,0xff,0xfd,0xfc,0xa1,

};

const lv_image_dsc_t emoji_passport_control_14 = {
  .header.magic = LV_IMAGE_HEADER_MAGIC,
  .header.cf = LV_COLOR_FORMAT_RGB565A8,
  .header.flags = 0,
  .header.w = 14,
  .header.h = 14,
  .header.stride = 28,
  .data_size = sizeof(emoji_passport_control_14_map),
  .data = emoji_passport_control_14_map,
};




#ifndef LV_ATTRIBUTE_MEM_ALIGN
#define LV_ATTRIBUTE_MEM_ALIGN
#endif

#ifndef LV_ATTRIBUTE_EMOJI_EIGHT_SPOKED_ASTERISK_14
#define LV_ATTRIBUTE_EMOJI_EIGHT_SPOKED_ASTERISK_14
#endif

static const
LV_ATTRIBUTE_MEM_ALIGN LV_ATTRIBUTE_LARGE_CONST LV_ATTRIBUTE_EMOJI_EIGHT_SPOKED_ASTERISK_14
uint8_t emoji_eight_spoked_asterisk_14_map[] = {

    0x8a,0x75,0xab,0x7d,0x8a,0x7d,0x8a,0x7d,0x8a,0x7d,0x8a,0x75,0xed,0x8d,0xed,0x8d,0x8a,0x75,0x8a,0x7d,0x8a,0x7d,0x8a,0x7d,0xab,0x7d,0x8a,0x75,
    0xaa,0x7d,0x8a,0x75,0x69,0x75,0x69,0x75,0x8a,0x7d,0x69,0x75,0x7b,0xe7,0x7b,0xe7,0x69,0x75,0x8a,0x7d,0x69,0x75,0x69,0x75,0x8a,0x75,0xaa,0x7d,
    0x8a,0x7d,0x69,0x75,0xf7,0xce,0x17,0xcf,0x69,0x75,0x69,0x75,0x9c,0xef,0x9c,0xef,0x69,0x75,0x69,0x75,0x17,0xcf,0xf7,0xce,0x69,0x75,0x8a,0x7d,
    0x8a,0x7d,0x69,0x75,0x17,0xcf,0xff,0xff,0x17,0xcf,0x48,0x6d,0x9b,0xe7,0x9b,0xe7,0x48,0x6d,0x17,0xcf,0xff,0xff,0x17,0xcf,0x69,0x75,0x8a,0x7d,
    0x8a,0x7d,0x8a,0x7d,0x69,0x75,0x17,0xcf,0xff,0xff,0xf6,0xc6,0x9b,0xe7,0x9b,0xe7,0xf6,0xc6,0xff,0xff,0x17,0xcf,0x69,0x75,0x8a,0x7d,0x8a,0x7d,
    0x8a,0x75,0x69,0x75,0x69,0x75,0x48,0x6d,0xf6,0xc6,0xff,0xff,0xff,0xff,0xff,0xff,0xff,0xff,0xf6,0xc6,0x48,0x6d,0x69,0x75,0x69,0x75,0x8a,0x75,
    0xed,0x8d,0x7b,0xe7,0x9c,0xe7,0x9b,0xe7,0x9b,0xe7,0xff,0xff,0xff,0xff,0xff,0xff,0xff,0xff,0x9b,0xe7,0x9b,0xe7,0x9c,0xe7,0x7b,0xe7,0xed,0x8d,
    0xed,0x8d,0x7b,0xe7,0x9c,0xe7,0x9b,0xe7,0x9b,0xe7,0xff,0xff,0xff,0xff,0xff,0xff,0xff,0xff,0x9b,0xe7,0x9b,0xe7,0x9c,0xe7,0x7b,0xe7,0xed,0x8d,
    0x8a,0x75,0x69,0x75,0x69,0x75,0x48,0x6d,0xf6,0xc6,0xff,0xff,0xff,0xff,0xff,0xff,0xff,0xff,0xf6,0xc6,0x48,0x6d,0x69,0x75,0x69,0x75,0x8a,0x75,
    0x8a,0x7d,0x8a,0x7d,0x69,0x75,0x17,0xcf,0xff,0xff,0xf6,0xc6,0x9b,0xe7,0x9b,0xe7,0xf6,0xc6,0xff,0xff,0x17,0xcf,0x69,0x75,0x8a,0x7d,0x8a,0x7d,
    0x8a,0x7d,0x69,0x75,0x17,0xcf,0xff,0xff,0x17,0xcf,0x48,0x6d,0x9b,0xe7,0x9b,0xe7,0x48,0x6d,0x17,0xcf,0xff,0xff,0x17,0xcf,0x69,0x75,0x8a,0x7d,
    0x8a,0x7d,0x69,0x75,0xf7,0xce,0x17,0xcf,0x69,0x75,0x69,0x75,0x9c,0xef,0x9c,0xef,0x69,0x75,0x69,0x75,0x17,0xcf,0xf7,0xce,0x69,0x75,0x8a,0x7d,
    0xaa,0x7d,0x8a,0x75,0x69,0x75,0x69,0x75,0x8a,0x7d,0x69,0x75,0x7b,0xe7,0x7b,0xe7,0x69,0x75,0x8a,0x7d,0x69,0x75,0x69,0x75,0x8a,0x75,0xaa,0x7d,
    0x8a,0x75,0xab,0x7d,0x8a,0x7d,0x8a,0x7d,0x8a,0x7d,0x8a,0x75,0xed,0x8d,0xed,0x8d,0x8a,0x75,0x8a,0x7d,0x8a,0x7d,0x8a,0x7d,0xab,0x7d,0x8a,0x75,
    0xa1,0xfc,0xfd,0xff,0xff,0xff,0xff,0xff,0xff,0xff,0xff,0xfd,0xfc,0xa1,0xff,0xff,0xff,0xff,0xff,0xff,0xff,0xff,0xff,0xff,0xff,0xff,0xff,0xff,
    0xfe,0xff,0xff,0xff,0xff,0xff,0xff,0xff,0xff,0xff,0xff,0xff,0xff,0xfe,0xff,0xff,0xff,0xff,0xff,0xff,0xff,0xff,0xff,0xff,0xff,0xff,0xff,0xff,
    0xff,0xff,0xff,0xff,0xff,0xff,0xff,0xff,0xff,0xff,0xff,0xff,0xff,0xff,0xff,0xff,0xff,0xff,0xff,0xff,0xff,0xff,0xff,0xff,0xff,0xff,0xff,0xff,
    0xff,0xff,0xff,0xff,0xff,0xff,0xff,0xff,0xff,0xff,0xff,0xff,0xff,0xff,0xff,0xff,0xff,0xff,0xff,0xff,0xff,0xff,0xff,0xff,0xff,0xff,0xff,0xff,
    0xff,0xff,0xff,0xff,0xff,0xff,0xff,0xff,0xff,0xff,0xff,0xff,0xff,0xff,0xff,0xff,0xff,0xff,0xff,0xff,0xff,0xff,0xff,0xff,0xff,0xff,0xff,0xff,
    0xff,0xff,0xff,0xff,0xff,0xff,0xff,0xff,0xff,0xff,0xff,0xff,0xff,0xff,0xfe,0xff,0xff,0xff,0xff,0xff,0xff,0xff,0xff,0xff,0xff,0xff,0xff,0xfe,
    0xff,0xff,0xff,0xff,0xff,0xff,0xff,0xff,0xff,0xff,0xff,0xff,0xff,0xff,0xa1,0xfc,0xfd,0xff,0xff,0xff,0xff,0xff,0xff,0xff,0xff,0xfd,0xfc,0xa1,

};

const lv_image_dsc_t emoji_eight_spoked_asterisk_14 = {
  .header.magic = LV_IMAGE_HEADER_MAGIC,
  .header.cf = LV_COLOR_FORMAT_RGB565A8,
  .header.flags = 0,
  .header.w = 14,
  .header.h = 14,
  .header.stride = 28,
  .data_size = sizeof(emoji_eight_spoked_asterisk_14_map),
  .data = emoji_eight_spoked_asterisk_14_map,
};




#ifndef LV_ATTRIBUTE_MEM_ALIGN
#define LV_ATTRIBUTE_MEM_ALIGN
#endif

#ifndef LV_ATTRIBUTE_EMOJI_SIGNAL_STRENGTH_14
#define LV_ATTRIBUTE_EMOJI_SIGNAL_STRENGTH_14
#endif

static const
LV_ATTRIBUTE_MEM_ALIGN LV_ATTRIBUTE_LARGE_CONST LV_ATTRIBUTE_EMOJI_SIGNAL_STRENGTH_14
uint8_t emoji_signal_strength_14_map[] = {

    0x58,0x3c,0x59,0x3c,0x58,0x3c,0x58,0x3c,0x58,0x3c,0x58,0x3c,0x58,0x3c,0x58,0x3c,0x58,0x3c,0x58,0x3c,0x58,0x3c,0x58,0x3c,0x59,0x3c,0x38,0x3c,
    0x58,0x3c,0x58,0x3c,0x58,0x3c,0x58,0x3c,0x58,0x3c,0x58,0x3c,0x58,0x3c,0x58,0x3c,0x58,0x3c,0x58,0x3c,0x58,0x3c,0x58,0x3c,0x58,0x3c,0x58,0x3c,
    0x38,0x3c,0x58,0x3c,0x58,0x3c,0x58,0x3c,0x58,0x3c,0x58,0x3c,0x58,0x3c,0x58,0x3c,0x58,0x3c,0x58,0x3c,0x58,0x3c,0x58,0x3c,0x58,0x3c,0x38,0x3c,
    0x58,0x3c,0x58,0x3c,0x58,0x3c,0x58,0x3c,0x58,0x3c,0x58,0x3c,0x58,0x3c,0x58,0x3c,0x38,0x34,0xf7,0x2b,0xb9,0x4c,0x7e,0xe7,0xbb,0x85,0xf7,0x2b,
    0x58,0x3c,0x58,0x3c,0x58,0x3c,0x58,0x3c,0x58,0x3c,0x58,0x3c,0x58,0x3c,0x38,0x34,0xd9,0x5c,0x7a,0x7d,0xf9,0x5c,0xff,0xff,0xfb,0x95,0xf7,0x2b,
    0x58,0x3c,0x58,0x3c,0x58,0x3c,0x58,0x3c,0x58,0x3c,0x58,0x3c,0x38,0x3c,0xd7,0x23,0x1c,0x9e,0xff,0xff,0x3a,0x6d,0xff,0xff,0xfb,0x95,0xf7,0x2b,
    0x58,0x3c,0x58,0x3c,0x58,0x3c,0x38,0x3c,0x18,0x34,0x17,0x34,0xbd,0xbe,0x5c,0xa6,0xdb,0x8d,0xff,0xff,0x3a,0x6d,0xff,0xff,0xfb,0x95,0xf7,0x2b,
    0x58,0x3c,0x58,0x3c,0x58,0x3c,0x78,0x44,0x3a,0x6d,0x78,0x44,0x7e,0xe7,0x3e,0xd7,0xdb,0x8d,0xff,0xff,0x3a,0x6d,0xff,0xff,0xfb,0x95,0xf7,0x2b,
    0x58,0x3c,0x38,0x34,0xd7,0x23,0xb9,0x54,0xff,0xff,0xdb,0x8d,0x1e,0xcf,0x1e,0xcf,0xdb,0x8d,0xff,0xff,0x3a,0x6d,0xff,0xff,0xfb,0x95,0xf7,0x2b,
    0x18,0x34,0x7a,0x7d,0xdd,0xc6,0x1a,0x65,0xff,0xff,0xdb,0x8d,0x3e,0xd7,0x3e,0xd7,0xdb,0x8d,0xff,0xff,0x3a,0x6d,0xff,0xff,0xfb,0x95,0xf7,0x2b,
    0xf7,0x2b,0xdb,0x8d,0xbf,0xf7,0x1a,0x65,0x7e,0xe7,0x9b,0x85,0xbd,0xbe,0xbd,0xbe,0x9b,0x85,0x7e,0xe7,0x1a,0x65,0x7e,0xe7,0xbb,0x85,0xf7,0x2b,
    0x38,0x3c,0x58,0x3c,0x38,0x3c,0x58,0x3c,0x58,0x3c,0x58,0x3c,0x58,0x3c,0x58,0x3c,0x58,0x3c,0x58,0x3c,0x58,0x3c,0x58,0x3c,0x58,0x3c,0x58,0x3c,
    0x58,0x3c,0x58,0x3c,0x58,0x3c,0x58,0x3c,0x58,0x3c,0x58,0x3c,0x58,0x3c,0x58,0x3c,0x58,0x3c,0x58,0x3c,0x58,0x3c,0x58,0x3c,0x58,0x3c,0x58,0x3c,
    0x58,0x3c,0x59,0x3c,0x58,0x3c,0x58,0x3c,0x58,0x3c,0x58,0x3c,0x58,0x3c,0x58,0x3c,0x58,0x3c,0x58,0x3c,0x58,0x3c,0x58,0x3c,0x79,0x3c,0x58,0x3c,
    0xa8,0xfc,0xfe,0xff,0xff,0xff,0xff,0xff,0xff,0xff,0xff,0xfe,0xfc,0xa9,0xff,0xff,0xff,0xff,0xff,0xff,0xff,0xff,0xff,0xff,0xff,0xff,0xff,0xff,
    0xfe,0xff,0xff,0xff,0xff,0xff,0xff,0xff,0xff,0xff,0xff,0xff,0xff,0xfe,0xff,0xff,0xff,0xff,0xff,0xff,0xff,0xff,0xff,0xff,0xff,0xff,0xff,0xff,
    0xff,0xff,0xff,0xff,0xff,0xff,0xff,0xff,0xff,0xff,0xff,0xff,0xff,0xff,0xff,0xff,0xff,0xff,0xff,0xff,0xff,0xff,0xff,0xff,0xff,0xff,0xff,0xff,
    0xff,0xff,0xff,0xff,0xff,0xff,0xff,0xff,0xff,0xff,0xff,0xff,0xff,0xff,0xff,0xff,0xff,0xff,0xff,0xff,0xff,0xff,0xff,0xff,0xff,0xff,0xff,0xff,
    0xff,0xff,0xff,0xff,0xff,0xff,0xff,0xff,0xff,0xff,0xff,0xff,0xff,0xff,0xff,0xff,0xff,0xff,0xff,0xff,0xff,0xff,0xff,0xff,0xff,0xff,0xff,0xff,
    0xff,0xff,0xff,0xff,0xff,0xff,0xff,0xff,0xff,0xff,0xff,0xff,0xff,0xff,0xfe,0xff,0xff,0xff,0xff,0xff,0xff,0xff,0xff,0xff,0xff,0xff,0xff,0xfe,
    0xff,0xff,0xff,0xff,0xff,0xff,0xff,0xff,0xff,0xff,0xff,0xff,0xff,0xff,0xa8,0xfc,0xfe,0xff,0xff,0xff,0xff,0xff,0xff,0xff,0xff,0xfd,0xfd,0xa8,

};

const lv_image_dsc_t emoji_signal_strength_14 = {
  .header.magic = LV_IMAGE_HEADER_MAGIC,
  .header.cf = LV_COLOR_FORMAT_RGB565A8,
  .header.flags = 0,
  .header.w = 14,
  .header.h = 14,
  .header.stride = 28,
  .data_size = sizeof(emoji_signal_strength_14_map),
  .data = emoji_signal_strength_14_map,
};




#ifndef LV_ATTRIBUTE_MEM_ALIGN
#define LV_ATTRIBUTE_MEM_ALIGN
#endif

#ifndef LV_ATTRIBUTE_EMOJI_BEER_14
#define LV_ATTRIBUTE_EMOJI_BEER_14
#endif

static const
LV_ATTRIBUTE_MEM_ALIGN LV_ATTRIBUTE_LARGE_CONST LV_ATTRIBUTE_EMOJI_BEER_14
uint8_t emoji_beer_14_map[] = {

    0x7d,0xef,0xbe,0xf7,0x7d,0xef,0x7d,0xef,0x7d,0xef,0x7d,0xef,0x7d,0xef,0x7d,0xef,0x7d,0xef,0xbe,0xf7,0x5d,0xef,0x00,0xf8,0xf3,0xff,0xe0,0xfb,
    0x7d,0xef,0xdf,0xff,0x7d,0xef,0x7d,0xef,0x7d,0xef,0x7d,0xef,0x7d,0xef,0x7d,0xef,0x7d,0xef,0xff,0xff,0x7e,0xef,0x00,0x00,0x00,0x00,0x00,0x00,
    0x7d,0xef,0xdf,0xff,0x7d,0xef,0x9f,0xef,0x9f,0xef,0x9e,0xef,0x9f,0xef,0x9f,0xef,0x9e,0xef,0xdf,0xef,0x72,0xf6,0x44,0xfd,0x66,0xfd,0x26,0xfd,
    0x7d,0xef,0xdf,0xf7,0x7e,0xef,0x72,0xf6,0x50,0xf6,0x19,0xf7,0xd6,0xf6,0xd7,0xf6,0xd7,0xf6,0x70,0xf6,0x88,0xfd,0x45,0xfd,0x07,0xfe,0x46,0xfd,
    0x00,0x00,0xed,0xfd,0x2c,0xfe,0xe7,0xfd,0xe7,0xfd,0xc7,0xfd,0xc7,0xfd,0xc7,0xfd,0xe7,0xfd,0x88,0xfe,0x48,0xfe,0x00,0x00,0x86,0xfd,0x46,0xfd,
    0x1f,0x00,0x28,0xfe,0x48,0xfe,0xc7,0xfd,0x8a,0xfe,0xe7,0xfd,0x28,0xfe,0x69,0xfe,0xa6,0xfd,0x0b,0xff,0x69,0xfe,0x00,0x00,0x66,0xfd,0x46,0xfd,
    0x00,0x00,0x8a,0xfe,0x48,0xfe,0xe3,0xf4,0xaa,0xfe,0x24,0xf5,0xc7,0xfd,0x28,0xfe,0xe3,0xf4,0xea,0xfe,0x69,0xfe,0x00,0xf8,0x66,0xfd,0x46,0xfd,
    0x00,0x00,0x6a,0xfe,0x48,0xfe,0x04,0xf5,0xaa,0xfe,0x44,0xfd,0xe7,0xfd,0x49,0xfe,0x03,0xf5,0xea,0xfe,0x49,0xfe,0xe0,0xfb,0x66,0xfd,0x46,0xfd,
    0x00,0x00,0x6a,0xfe,0x48,0xfe,0x04,0xf5,0xaa,0xfe,0x44,0xfd,0xe7,0xfd,0x49,0xfe,0x03,0xf5,0xea,0xfe,0x69,0xfe,0x00,0x00,0x46,0xfd,0x66,0xfd,
    0x00,0x00,0x6a,0xfe,0x48,0xfe,0x04,0xf5,0xaa,0xfe,0x44,0xfd,0xe7,0xfd,0x49,0xfe,0x03,0xf5,0xea,0xfe,0x49,0xfe,0xe4,0xfc,0x86,0xfd,0x46,0xfd,
    0x00,0x00,0x6a,0xfe,0x48,0xfe,0x04,0xf5,0xaa,0xfe,0x44,0xfd,0xe7,0xfd,0x49,0xfe,0x04,0xf5,0x8a,0xfe,0xe8,0xfd,0x86,0xfd,0x07,0xfe,0x46,0xfd,
    0x00,0x00,0x8a,0xfe,0x48,0xfe,0xe3,0xf4,0xaa,0xfe,0x24,0xfd,0xc7,0xfd,0x49,0xfe,0xe3,0xf4,0xaa,0xfe,0xe8,0xfd,0x46,0xfd,0x66,0xfd,0x87,0xfd,
    0x00,0x00,0x69,0xfe,0x89,0xfe,0xc7,0xfd,0x6a,0xfe,0xe7,0xfd,0x28,0xfe,0x49,0xfe,0xc7,0xfd,0x0a,0xff,0x69,0xfe,0x00,0x00,0x00,0x00,0x00,0x00,
    0x00,0x00,0x49,0xfe,0xca,0xfe,0x8a,0xfe,0x49,0xfe,0x6a,0xfe,0x69,0xfe,0x69,0xfe,0x8a,0xfe,0x89,0xfe,0x69,0xfe,0xc6,0xfc,0xa5,0xfe,0xe0,0xff,
    0x6f,0xfa,0xfd,0xff,0xff,0xff,0xff,0xff,0xfd,0xf8,0x4f,0x01,0x05,0x02,0xac,0xff,0xfc,0xff,0xff,0xff,0xff,0xff,0xfb,0xff,0x81,0x00,0x00,0x00,
    0xad,0xff,0xfc,0xff,0xff,0xff,0xff,0xff,0xfe,0xff,0xea,0xd5,0xb2,0x26,0x6d,0xfb,0xfd,0xff,0xff,0xff,0xff,0xff,0xfe,0xff,0xe5,0xdd,0xff,0xa1,
    0x00,0xd0,0xff,0xfd,0xff,0xff,0xff,0xff,0xfb,0xff,0x76,0x00,0xf7,0xad,0x01,0xcb,0xff,0xfd,0xff,0xff,0xff,0xff,0xfb,0xff,0x7e,0x00,0xf6,0xae,
    0x00,0xcc,0xff,0xfd,0xff,0xff,0xff,0xff,0xfb,0xff,0x7d,0x01,0xf7,0xae,0x00,0xcc,0xff,0xfd,0xff,0xff,0xff,0xff,0xfb,0xff,0x7e,0x02,0xf7,0xae,
    0x00,0xcc,0xff,0xfd,0xff,0xff,0xff,0xff,0xfb,0xff,0x7a,0x00,0xf7,0xad,0x00,0xcc,0xff,0xfd,0xff,0xff,0xff,0xff,0xfb,0xff,0x83,0x20,0xfa,0xae,
    0x00,0xcc,0xff,0xfd,0xff,0xff,0xff,0xff,0xff,0xff,0xff,0xff,0xff,0x8d,0x00,0xcb,0xff,0xfd,0xff,0xff,0xff,0xff,0xfd,0xfe,0xca,0x93,0x7b,0x0d,
    0x00,0xcf,0xff,0xfd,0xff,0xff,0xff,0xff,0xfb,0xff,0x77,0x00,0x00,0x00,0x00,0x70,0xf9,0xfc,0xff,0xff,0xff,0xfe,0xfe,0xe6,0x33,0x05,0x06,0x01,

};

const lv_image_dsc_t emoji_beer_14 = {
  .header.magic = LV_IMAGE_HEADER_MAGIC,
  .header.cf = LV_COLOR_FORMAT_RGB565A8,
  .header.flags = 0,
  .header.w = 14,
  .header.h = 14,
  .header.stride = 28,
  .data_size = sizeof(emoji_beer_14_map),
  .data = emoji_beer_14_map,
};




#ifndef LV_ATTRIBUTE_MEM_ALIGN
#define LV_ATTRIBUTE_MEM_ALIGN
#endif

#ifndef LV_ATTRIBUTE_EMOJI_SUN_14
#define LV_ATTRIBUTE_EMOJI_SUN_14
#endif

static const
LV_ATTRIBUTE_MEM_ALIGN LV_ATTRIBUTE_LARGE_CONST LV_ATTRIBUTE_EMOJI_SUN_14
uint8_t emoji_sun_14_map[] = {

    0x00,0x00,0x00,0xf8,0x00,0x00,0xe0,0xfb,0xe0,0xfb,0x00,0x00,0x46,0xfd,0x66,0xfd,0x00,0x00,0xe0,0xfb,0xe0,0xfb,0x00,0x00,0x00,0x00,0x00,0x00,
    0x00,0x00,0x00,0x00,0xe0,0xf9,0x00,0x00,0x40,0xfd,0x4a,0xfd,0x66,0xfd,0x66,0xfd,0x4a,0xfd,0x40,0xfd,0x00,0x00,0x80,0xf9,0x00,0x00,0x00,0x00,
    0x00,0x00,0x46,0xfd,0xc6,0xfd,0x66,0xfd,0x00,0x00,0x00,0x00,0x46,0xfd,0x46,0xfd,0x00,0x00,0x00,0x00,0x66,0xfd,0xe6,0xfd,0x66,0xfd,0x00,0x00,
    0xe0,0xff,0x86,0xfd,0xa6,0xfd,0x66,0xfd,0x46,0xfd,0x86,0xfd,0x66,0xfd,0x66,0xfd,0x86,0xfd,0x46,0xfd,0x66,0xfd,0xa6,0xfd,0x46,0xfd,0xe0,0xff,
    0x4a,0xfd,0x00,0x00,0xc6,0xfc,0x66,0xfd,0x66,0xfd,0xc6,0xfd,0x86,0xfd,0x86,0xfd,0xc6,0xfd,0x66,0xfd,0x46,0xfd,0xc6,0xfc,0x00,0x00,0x4a,0xfd,
    0x00,0x00,0x00,0x00,0x00,0x00,0x46,0xfd,0xc7,0xfd,0x46,0xfd,0x66,0xfd,0x66,0xfd,0x46,0xfd,0xc7,0xfd,0x46,0xfd,0x00,0x00,0x00,0x00,0x00,0x00,
    0x46,0xfd,0x86,0xfd,0x46,0xfd,0x46,0xfd,0xa6,0xfd,0x66,0xfd,0x66,0xfd,0x66,0xfd,0x66,0xfd,0xa6,0xfd,0x66,0xfd,0x46,0xfd,0x86,0xfd,0x46,0xfd,
    0x46,0xfd,0x86,0xfd,0x66,0xfd,0x66,0xfd,0xa6,0xfd,0x66,0xfd,0x66,0xfd,0x66,0xfd,0x66,0xfd,0xa6,0xfd,0x66,0xfd,0x66,0xfd,0x86,0xfd,0x46,0xfd,
    0x00,0x00,0x00,0x00,0x00,0x00,0x66,0xfd,0xc7,0xfd,0x46,0xfd,0x66,0xfd,0x66,0xfd,0x46,0xfd,0xc7,0xfd,0x66,0xfd,0x00,0x00,0x00,0x00,0x00,0x00,
    0xe0,0xfb,0xe7,0xfb,0x00,0x00,0xa5,0xfc,0x66,0xfd,0xc6,0xfd,0x86,0xfd,0x86,0xfd,0xc6,0xfd,0x66,0xfd,0xe5,0xfc,0x00,0x00,0xe7,0xfb,0xe0,0xfb,
    0xe0,0xff,0x00,0x00,0x46,0xfd,0xa6,0xfd,0x46,0xfd,0x86,0xfd,0x66,0xfd,0x66,0xfd,0x86,0xfd,0x46,0xfd,0xa6,0xfd,0x66,0xfd,0x00,0x00,0xe0,0xff,
    0xe0,0xff,0x45,0xfd,0x46,0xfd,0x86,0xfd,0x26,0xfd,0x00,0x00,0x46,0xfd,0x66,0xfd,0x00,0x00,0x26,0xfd,0x86,0xfd,0x66,0xfd,0x84,0xfc,0xe0,0xff,
    0x00,0xf8,0x00,0x00,0x66,0xfd,0x25,0xfd,0x00,0x00,0x4a,0xfd,0x46,0xfd,0x66,0xfd,0x4a,0xfd,0x00,0x00,0x25,0xfd,0x46,0xfd,0x00,0x00,0x00,0xf8,
    0x00,0x00,0x00,0x00,0x00,0x00,0x00,0x00,0x4a,0xfd,0x00,0x00,0x66,0xfd,0x66,0xfd,0x00,0x00,0x4a,0xfd,0x00,0x00,0x00,0x00,0x00,0x00,0x00,0x00,
    0x00,0x01,0x00,0x02,0x02,0x00,0xbe,0xbf,0x00,0x02,0x02,0x00,0x00,0x00,0x00,0x00,0x04,0x00,0x03,0x03,0xd7,0xd8,0x03,0x03,0x00,0x05,0x00,0x00,
    0x00,0x42,0xe1,0x50,0x00,0x00,0x35,0x34,0x00,0x00,0x50,0xe1,0x41,0x00,0x01,0x24,0xef,0xbc,0x15,0x99,0xcb,0xcb,0x99,0x15,0xbc,0xef,0x24,0x01,
    0x03,0x00,0x19,0x32,0xdc,0xff,0xff,0xff,0xff,0xdc,0x33,0x19,0x00,0x03,0x00,0x00,0x00,0x98,0xff,0xf8,0xfd,0xfd,0xf8,0xff,0x98,0x00,0x00,0x00,
    0xbf,0xcf,0x37,0xd0,0xfd,0xfd,0xff,0xff,0xfd,0xfd,0xcf,0x37,0xcf,0xbf,0xbf,0xcf,0x35,0xcf,0xfd,0xfd,0xff,0xff,0xfd,0xfd,0xce,0x35,0xcf,0xbf,
    0x00,0x00,0x00,0x9f,0xff,0xf8,0xfd,0xfd,0xf8,0xff,0x9f,0x00,0x00,0x00,0x02,0x04,0x00,0x11,0xde,0xff,0xff,0xff,0xff,0xdd,0x10,0x00,0x04,0x02,
    0x02,0x00,0x4f,0xb6,0x32,0x94,0xcc,0xcc,0x94,0x32,0xb5,0x4e,0x00,0x02,0x01,0x06,0xf5,0xf6,0x14,0x00,0x36,0x36,0x00,0x14,0xf6,0xf6,0x07,0x01,
    0x01,0x00,0x42,0x20,0x00,0x03,0xd7,0xd8,0x03,0x00,0x20,0x42,0x00,0x01,0x00,0x00,0x00,0x00,0x03,0x00,0xbe,0xbe,0x00,0x03,0x00,0x00,0x00,0x00,

};

const lv_image_dsc_t emoji_sun_14 = {
  .header.magic = LV_IMAGE_HEADER_MAGIC,
  .header.cf = LV_COLOR_FORMAT_RGB565A8,
  .header.flags = 0,
  .header.w = 14,
  .header.h = 14,
  .header.stride = 28,
  .data_size = sizeof(emoji_sun_14_map),
  .data = emoji_sun_14_map,
};




#ifndef LV_ATTRIBUTE_MEM_ALIGN
#define LV_ATTRIBUTE_MEM_ALIGN
#endif

#ifndef LV_ATTRIBUTE_EMOJI_SUNGLASSES_14
#define LV_ATTRIBUTE_EMOJI_SUNGLASSES_14
#endif

static const
LV_ATTRIBUTE_MEM_ALIGN LV_ATTRIBUTE_LARGE_CONST LV_ATTRIBUTE_EMOJI_SUNGLASSES_14
uint8_t emoji_sunglasses_14_map[] = {

    0x00,0x00,0x4a,0xfd,0x00,0x00,0x49,0xfe,0x89,0xfe,0x69,0xfe,0x49,0xfe,0x49,0xfe,0x69,0xfe,0x89,0xfe,0x49,0xfe,0x00,0x00,0x4a,0xfd,0x00,0x00,
    0xe7,0x7b,0x00,0x00,0x09,0xf6,0x89,0xfe,0xaa,0xfe,0x69,0xfe,0x49,0xfe,0x49,0xfe,0x69,0xfe,0xaa,0xfe,0x89,0xfe,0x09,0xf6,0x00,0x00,0xe7,0x7b,
    0x00,0x00,0x4a,0xff,0x4a,0xff,0xca,0xfe,0xa9,0xfe,0xa9,0xfe,0xa9,0xfe,0xa9,0xfe,0xa9,0xfe,0xa9,0xfe,0xca,0xfe,0x4a,0xff,0x4a,0xff,0x00,0x00,
    0x46,0x21,0xe8,0x93,0x08,0x94,0xc7,0x93,0x08,0x9c,0xa8,0xb4,0x08,0xc5,0x08,0xc5,0xa8,0xb4,0x08,0x9c,0xc7,0x93,0x08,0x94,0xe8,0x93,0x46,0x21,
    0xa7,0x8b,0x86,0x29,0xe5,0x10,0x26,0x19,0x26,0x19,0x06,0x11,0x67,0x52,0x67,0x52,0x06,0x11,0x26,0x19,0x26,0x19,0xe5,0x10,0x86,0x29,0x87,0x83,
    0xc9,0xfe,0xe7,0x62,0x46,0x21,0xa6,0x31,0xa6,0x31,0x26,0x19,0x69,0xdd,0x89,0xdd,0x26,0x19,0xa6,0x31,0xa6,0x31,0x46,0x21,0xc7,0x62,0xc9,0xfe,
    0xa9,0xfe,0x08,0x94,0xc5,0x08,0x26,0x19,0xe6,0x10,0x06,0x3a,0x29,0xf6,0x49,0xf6,0x06,0x42,0xe6,0x10,0x26,0x19,0xc5,0x08,0xe8,0x93,0xa9,0xfe,
    0x69,0xfe,0x29,0xf6,0xe8,0x93,0x67,0x83,0xa7,0x8b,0x89,0xdd,0x89,0xfe,0x89,0xfe,0x89,0xdd,0xa7,0x8b,0x67,0x83,0xe8,0x93,0x09,0xf6,0x69,0xfe,
    0x69,0xfe,0x89,0xfe,0xa9,0xfe,0xa9,0xfe,0x0a,0xff,0x89,0xfe,0x49,0xfe,0x49,0xfe,0x89,0xfe,0x0a,0xff,0xa9,0xfe,0xa9,0xfe,0x89,0xfe,0x49,0xfe,
    0x49,0xfe,0xaa,0xfe,0x69,0xfe,0x65,0xbc,0x45,0xb4,0x49,0xf6,0x8a,0xfe,0x8a,0xfe,0x49,0xf6,0x45,0xb4,0x65,0xbc,0x69,0xfe,0xaa,0xfe,0x49,0xfe,
    0x49,0xfe,0x69,0xfe,0x89,0xfe,0x08,0xf6,0x42,0x93,0x60,0x6a,0xe1,0x82,0xe1,0x82,0x60,0x6a,0x42,0x93,0x08,0xf6,0x89,0xfe,0x69,0xfe,0x49,0xfe,
    0x00,0x00,0x49,0xfe,0xea,0xfe,0x8a,0xfe,0x8a,0xfe,0x47,0xd5,0x24,0xb4,0x24,0xb4,0x47,0xd5,0x8a,0xfe,0x8a,0xfe,0xea,0xfe,0x49,0xfe,0x00,0x00,
    0x4a,0xfd,0x00,0x00,0x49,0xfe,0x89,0xfe,0xaa,0xfe,0xaa,0xfe,0xaa,0xfe,0xaa,0xfe,0xaa,0xfe,0xaa,0xfe,0x89,0xfe,0x49,0xfe,0x00,0x00,0x4a,0xfd,
    0x00,0x00,0x4a,0xfd,0x00,0x00,0x49,0xfe,0x89,0xfe,0x69,0xfe,0x49,0xfe,0x49,0xfe,0x69,0xfe,0x89,0xfe,0x49,0xfe,0x00,0x00,0x4a,0xfd,0x00,0x00,
    0x00,0x03,0x00,0x2a,0x9a,0xe2,0xfe,0xfe,0xe2,0x9a,0x2a,0x00,0x03,0x00,0x04,0x00,0x66,0xf0,0xff,0xff,0xff,0xff,0xff,0xff,0xf0,0x66,0x00,0x04,
    0x00,0x64,0xff,0xff,0xfc,0xfe,0xff,0xff,0xfe,0xfc,0xff,0xff,0x64,0x00,0x46,0xf6,0xfd,0xfd,0xff,0xff,0xff,0xff,0xff,0xff,0xfd,0xfd,0xf6,0x47,
    0xb2,0xff,0xfc,0xff,0xff,0xff,0xff,0xff,0xff,0xff,0xff,0xfc,0xff,0xb3,0xe2,0xfe,0xfe,0xff,0xff,0xff,0xff,0xff,0xff,0xff,0xff,0xfe,0xfe,0xe1,
    0xff,0xff,0xff,0xff,0xff,0xff,0xff,0xff,0xff,0xff,0xff,0xff,0xff,0xff,0xfe,0xff,0xff,0xff,0xff,0xff,0xff,0xff,0xff,0xff,0xff,0xff,0xff,0xfe,
    0xe6,0xfe,0xfe,0xff,0xff,0xff,0xff,0xff,0xff,0xff,0xff,0xfe,0xfe,0xe6,0x9d,0xff,0xfc,0xff,0xff,0xff,0xff,0xff,0xff,0xff,0xff,0xfc,0xff,0x9d,
    0x27,0xf5,0xfd,0xfd,0xff,0xff,0xff,0xff,0xff,0xff,0xfd,0xfd,0xf5,0x27,0x00,0x64,0xff,0xff,0xfc,0xfe,0xff,0xff,0xfe,0xfc,0xff,0xff,0x64,0x00,
    0x03,0x00,0x66,0xf0,0xff,0xff,0xff,0xff,0xff,0xff,0xf0,0x66,0x00,0x03,0x00,0x03,0x00,0x2a,0x9a,0xe2,0xfe,0xfe,0xe2,0x9a,0x2a,0x00,0x03,0x00,

};

const lv_image_dsc_t emoji_sunglasses_14 = {
  .header.magic = LV_IMAGE_HEADER_MAGIC,
  .header.cf = LV_COLOR_FORMAT_RGB565A8,
  .header.flags = 0,
  .header.w = 14,
  .header.h = 14,
  .header.stride = 28,
  .data_size = sizeof(emoji_sunglasses_14_map),
  .data = emoji_sunglasses_14_map,
};




#ifndef LV_ATTRIBUTE_MEM_ALIGN
#define LV_ATTRIBUTE_MEM_ALIGN
#endif

#ifndef LV_ATTRIBUTE_EMOJI_BEACH_14
#define LV_ATTRIBUTE_EMOJI_BEACH_14
#endif

static const
LV_ATTRIBUTE_MEM_ALIGN LV_ATTRIBUTE_LARGE_CONST LV_ATTRIBUTE_EMOJI_BEACH_14
uint8_t emoji_beach_14_map[] = {

    0x00,0x00,0x00,0x00,0x00,0x00,0x0f,0xf8,0x00,0x00,0x00,0xb8,0x07,0xd9,0x72,0xfd,0x11,0xed,0x0d,0x9b,0x90,0xb4,0x00,0x00,0x00,0x00,0x00,0xf8,
    0x00,0x00,0x00,0x00,0x0f,0xf8,0x00,0x00,0xc7,0xd0,0x2a,0xe2,0x14,0xfe,0xf6,0xfe,0x6b,0xea,0x27,0xe1,0x11,0xf5,0xb0,0xf4,0x00,0xa8,0x00,0x00,
    0x00,0x00,0xaa,0xfa,0x00,0x00,0x48,0xd9,0x89,0xe9,0x34,0xfe,0xf9,0xff,0xad,0xeb,0xe7,0xd8,0x07,0xd9,0x0e,0xf4,0x98,0xff,0x4a,0xe2,0x00,0xa8,
    0x00,0x00,0x0f,0xf8,0x00,0x00,0xe7,0xd8,0x0f,0xfc,0xf8,0xff,0x16,0xff,0xe9,0xe1,0x68,0xd9,0x07,0xd9,0x6d,0xeb,0xf9,0xff,0x90,0xfc,0xa6,0xd8,
    0x00,0x00,0x00,0x00,0xff,0xff,0xc6,0xd8,0xb2,0xf5,0xd8,0xff,0xd3,0xf5,0x47,0xd9,0x68,0xe9,0x07,0xe9,0x70,0xfc,0xf8,0xff,0x92,0xf5,0x27,0xd9,
    0x00,0x00,0x00,0x00,0x00,0x00,0x00,0x00,0x00,0x00,0xef,0xfb,0x00,0x00,0xea,0xc1,0x4b,0xba,0x07,0xd1,0x92,0xf5,0xf9,0xff,0x72,0xfd,0x28,0xe1,
    0x00,0x00,0x00,0x00,0x00,0x00,0x0a,0xf8,0xef,0xfb,0xef,0x03,0xf5,0xff,0x11,0x4c,0xd0,0x5b,0x00,0x00,0x00,0x00,0x97,0xff,0x11,0xf5,0x07,0xd9,
    0x00,0x00,0x00,0x00,0x00,0x00,0xa0,0xaa,0x40,0xfd,0x55,0x55,0x00,0x00,0x8f,0x63,0x8f,0x6b,0xe0,0xf9,0xe9,0xb3,0x00,0x00,0x00,0x00,0x00,0x00,
    0xff,0x07,0xf7,0x3b,0xef,0xff,0x00,0x00,0x00,0x00,0x89,0xb4,0xa0,0xfc,0xaf,0x6b,0xb0,0x63,0x00,0x00,0x00,0x00,0x00,0x00,0xcc,0xcc,0xef,0xb9,
    0x00,0x00,0x00,0x00,0x00,0x00,0xa4,0xe4,0xa2,0xfc,0x82,0xf4,0x61,0xf4,0xae,0x73,0x27,0xbc,0xa0,0xfc,0x82,0xf4,0x83,0xec,0x00,0x00,0x00,0x00,
    0xf4,0x4b,0x7a,0x2c,0xd4,0x84,0x80,0xfc,0xa0,0xfc,0x80,0xfc,0xa1,0xfc,0x68,0xc4,0xa2,0xf4,0xa0,0xfc,0xa0,0xfc,0xa0,0xfc,0xc2,0xfc,0x5f,0x7e,
    0x58,0x3c,0x9a,0x3c,0x59,0x75,0x0c,0xc5,0xe9,0xd4,0xe8,0xd4,0x09,0xdd,0x29,0xe5,0x09,0xdd,0xe8,0xdc,0xe9,0xd4,0xea,0xcc,0x72,0xa5,0x79,0x3c,
    0x38,0x3c,0x58,0x3c,0x79,0x34,0x9b,0x34,0x9a,0x3c,0xba,0x44,0x9a,0x44,0x9a,0x44,0x9a,0x44,0xba,0x44,0xbb,0x44,0xbb,0x3c,0x5a,0x34,0x38,0x3c,
    0x00,0x00,0x58,0x3c,0x78,0x3c,0x37,0x3c,0x37,0x3c,0x37,0x3c,0x37,0x3c,0x37,0x3c,0x37,0x3c,0x38,0x3c,0x37,0x3c,0x58,0x3c,0x57,0x44,0x00,0x00,
    0x00,0x00,0x00,0x02,0x00,0x0f,0x52,0x78,0x84,0xd7,0x25,0x00,0x00,0x01,0x00,0x00,0x02,0x00,0x56,0xdd,0xff,0xff,0xff,0xff,0xe8,0x84,0x06,0x00,
    0x00,0x03,0x00,0x46,0xff,0xff,0xfa,0xfb,0xfc,0xfe,0xff,0xff,0xb8,0x09,0x00,0x02,0x00,0xd1,0xff,0xff,0xff,0xff,0xff,0xfb,0xfa,0xf9,0xff,0x8d,
    0x00,0x00,0x02,0x5c,0x88,0xda,0xb5,0xf8,0xff,0xff,0xff,0xfd,0xfc,0xef,0x00,0x00,0x00,0x00,0x00,0x04,0x00,0x48,0xf8,0x96,0x92,0xff,0xff,0xff,
    0x00,0x00,0x00,0x03,0x02,0x02,0x03,0x35,0xde,0x00,0x00,0x3e,0x47,0x85,0x00,0x00,0x00,0x03,0x03,0x03,0x00,0x75,0xbf,0x04,0x0a,0x00,0x00,0x00,
    0x01,0x04,0x02,0x00,0x00,0x07,0x0c,0xac,0x8f,0x00,0x00,0x00,0x05,0x04,0x00,0x00,0x00,0x3e,0xaa,0xd9,0xe5,0xfa,0xe9,0xc6,0x95,0x40,0x00,0x00,
    0x0e,0x6d,0xbb,0xff,0xff,0xff,0xff,0xff,0xff,0xff,0xff,0xff,0x93,0x0e,0xe5,0xff,0xff,0xfd,0xfa,0xfd,0xfd,0xff,0xfd,0xfb,0xf9,0xfa,0xff,0xe5,
    0xaf,0xfa,0xff,0xff,0xff,0xff,0xff,0xff,0xff,0xff,0xff,0xff,0xfb,0xaf,0x00,0x3c,0x8a,0xbe,0xe0,0xf2,0xfd,0xfd,0xf2,0xe0,0xbe,0x8a,0x3c,0x00,

};

const lv_image_dsc_t emoji_beach_14 = {
  .header.magic = LV_IMAGE_HEADER_MAGIC,
  .header.cf = LV_COLOR_FORMAT_RGB565A8,
  .header.flags = 0,
  .header.w = 14,
  .header.h = 14,
  .header.stride = 28,
  .data_size = sizeof(emoji_beach_14_map),
  .data = emoji_beach_14_map,
};




#ifndef LV_ATTRIBUTE_MEM_ALIGN
#define LV_ATTRIBUTE_MEM_ALIGN
#endif

#ifndef LV_ATTRIBUTE_EMOJI_POTATO_14
#define LV_ATTRIBUTE_EMOJI_POTATO_14
#endif

static const
LV_ATTRIBUTE_MEM_ALIGN LV_ATTRIBUTE_LARGE_CONST LV_ATTRIBUTE_EMOJI_POTATO_14
uint8_t emoji_potato_14_map[] = {

    0xff,0xff,0x00,0x00,0x00,0x00,0x11,0xe5,0x51,0xe5,0xcf,0xd4,0x00,0x00,0x00,0x00,0xff,0xff,0x00,0x00,0x00,0x00,0x00,0x00,0x00,0x00,0x00,0x00,
    0x00,0x00,0xcf,0xd4,0x10,0xdd,0x10,0xdd,0x10,0xdd,0x10,0xdd,0x10,0xdd,0xaa,0xaa,0x00,0x00,0xff,0xff,0x00,0x00,0x00,0x00,0x00,0x00,0x00,0x00,
    0xaf,0xd4,0xf0,0xdc,0x71,0xed,0x10,0xdd,0xf0,0xdc,0x10,0xdd,0x71,0xed,0xf0,0xdc,0xb4,0xed,0xd3,0xcc,0xd3,0xfc,0x55,0xad,0x00,0x00,0x00,0x00,
    0xf0,0xd4,0x51,0xed,0xf0,0xdc,0xf0,0xdc,0xf0,0xdc,0xf0,0xdc,0xf0,0xdc,0x72,0xed,0x8e,0xd4,0x00,0x00,0x00,0x00,0x00,0x00,0x00,0xf8,0x00,0x00,
    0xf0,0xdc,0x10,0xdd,0xf0,0xdc,0xf0,0xdc,0xf0,0xdc,0xf0,0xdc,0x10,0xdd,0x2d,0xd4,0xab,0xc3,0xcf,0xd4,0x10,0xe5,0x10,0xdd,0x00,0x00,0x00,0x00,
    0xf0,0xdc,0x10,0xdd,0x10,0xdd,0xcf,0xd4,0xcf,0xd4,0x10,0xdd,0xcf,0xd4,0x6e,0xd4,0xf0,0xdc,0x51,0xe5,0x51,0xe5,0x51,0xe5,0xf0,0xdc,0xef,0xdc,
    0xf0,0xdc,0x10,0xdd,0xf0,0xdc,0x8e,0xd4,0x8e,0xd4,0x10,0xdd,0xf0,0xdc,0x10,0xdd,0xf0,0xdc,0xf0,0xdc,0xf0,0xdc,0xf0,0xdc,0x51,0xed,0xf0,0xdc,
    0x31,0xdd,0xaf,0xdc,0xab,0xc3,0x10,0xdd,0xf0,0xdc,0xf0,0xdc,0xf0,0xdc,0xf0,0xdc,0xf0,0xdc,0xf0,0xdc,0xf0,0xdc,0xf0,0xdc,0x10,0xdd,0xf0,0xdc,
    0x30,0xe5,0xcf,0xdc,0xf0,0xdc,0xf0,0xdc,0xf0,0xdc,0x10,0xdd,0xf0,0xdc,0xf0,0xdc,0xf0,0xdc,0xf0,0xdc,0xf0,0xdc,0x10,0xdd,0xf0,0xdc,0xf0,0xdc,
    0x00,0x00,0xf0,0xdc,0x31,0xe5,0x31,0xe5,0xf0,0xdc,0xec,0xcb,0x8e,0xd4,0x10,0xdd,0xf0,0xdc,0xf0,0xdc,0xf0,0xdc,0x8e,0xd4,0xf0,0xdc,0xf0,0xdc,
    0x4a,0xad,0x00,0x00,0xcf,0xd4,0x10,0xe5,0x51,0xed,0x6e,0xdc,0xaf,0xd4,0xf0,0xdc,0xf0,0xdc,0xf0,0xdc,0xf0,0xdc,0x6e,0xd4,0x30,0xed,0x10,0xdd,
    0x00,0x00,0x4a,0xad,0x00,0x00,0xea,0xab,0x10,0xdd,0x31,0xe5,0x10,0xdd,0x51,0xed,0x51,0xed,0x51,0xed,0x51,0xed,0x72,0xed,0x10,0xdd,0x30,0xe5,
    0x00,0x00,0x00,0x00,0xef,0xfb,0x00,0x00,0x00,0x00,0x00,0x00,0xf0,0xdc,0x10,0xdd,0x10,0xdd,0x10,0xdd,0x10,0xdd,0x10,0xdd,0xef,0xfb,0x00,0x00,
    0x00,0x00,0x00,0x00,0x00,0x00,0x00,0xf8,0xef,0xbb,0xff,0xff,0x00,0x00,0x00,0x00,0x00,0x00,0x00,0x00,0x00,0x00,0x00,0x00,0x00,0x00,0xff,0xff,
    0x01,0x00,0x00,0x16,0x2c,0x12,0x00,0x00,0x01,0x00,0x00,0x00,0x00,0x00,0x00,0x12,0x9b,0xe8,0xf7,0xe5,0x84,0x03,0x00,0x01,0x00,0x00,0x00,0x00,
    0x11,0xce,0xff,0xff,0xff,0xff,0xff,0xb6,0x0e,0x05,0x05,0x03,0x00,0x00,0x95,0xff,0xf9,0xfe,0xfe,0xfe,0xf9,0xff,0xad,0x00,0x00,0x00,0x01,0x01,
    0xe8,0xfd,0xfe,0xff,0xff,0xff,0xfe,0xfc,0xfb,0x77,0x6b,0x41,0x00,0x00,0xed,0xff,0xfe,0xff,0xff,0xff,0xff,0xff,0xff,0xff,0xff,0xff,0xaa,0x08,
    0xce,0xfe,0xfd,0xff,0xff,0xff,0xff,0xff,0xff,0xfb,0xfb,0xfb,0xff,0x7f,0x7b,0xff,0xfb,0xff,0xff,0xff,0xff,0xff,0xff,0xff,0xff,0xfd,0xfd,0xde,
    0x11,0xe0,0xff,0xfb,0xff,0xff,0xff,0xff,0xff,0xff,0xff,0xff,0xff,0xf5,0x00,0x3b,0xf5,0xff,0xfb,0xfc,0xfe,0xff,0xff,0xff,0xff,0xfe,0xfd,0xea,
    0x03,0x00,0x37,0xcf,0xff,0xff,0xff,0xfc,0xfb,0xfb,0xfb,0xfa,0xff,0x9a,0x00,0x03,0x00,0x06,0x5f,0xc0,0xfb,0xff,0xff,0xff,0xff,0xff,0xbe,0x11,
    0x00,0x00,0x02,0x00,0x00,0x00,0x27,0x61,0x8f,0x9e,0x92,0x56,0x02,0x00,0x00,0x00,0x00,0x01,0x04,0x01,0x00,0x00,0x00,0x00,0x00,0x00,0x00,0x01,

};

const lv_image_dsc_t emoji_potato_14 = {
  .header.magic = LV_IMAGE_HEADER_MAGIC,
  .header.cf = LV_COLOR_FORMAT_RGB565A8,
  .header.flags = 0,
  .header.w = 14,
  .header.h = 14,
  .header.stride = 28,
  .data_size = sizeof(emoji_potato_14_map),
  .data = emoji_potato_14_map,
};




#ifndef LV_ATTRIBUTE_MEM_ALIGN
#define LV_ATTRIBUTE_MEM_ALIGN
#endif

#ifndef LV_ATTRIBUTE_EMOJI_HAMMER_PICK_14
#define LV_ATTRIBUTE_EMOJI_HAMMER_PICK_14
#endif

static const
LV_ATTRIBUTE_MEM_ALIGN LV_ATTRIBUTE_LARGE_CONST LV_ATTRIBUTE_EMOJI_HAMMER_PICK_14
uint8_t emoji_hammer_pick_14_map[] = {

    0xef,0x03,0x00,0x00,0xe7,0xb3,0xaf,0x63,0xd0,0x6b,0x8f,0x5b,0x00,0x00,0x00,0x00,0x8f,0x5b,0xb0,0x6b,0xaf,0x63,0x66,0x9b,0x00,0x00,0xff,0x07,
    0x00,0x00,0x62,0xec,0x0d,0x8c,0xb0,0x63,0xd0,0x6b,0xb0,0x6b,0xef,0x63,0xef,0x63,0xb0,0x6b,0xd0,0x6b,0xb0,0x63,0xcd,0x83,0xc2,0xd3,0x00,0x00,
    0xaa,0xec,0xec,0x83,0xd1,0x6b,0xaf,0x63,0xb0,0x63,0xb0,0x63,0xcf,0x6b,0x8f,0x6b,0xb0,0x63,0xb0,0x63,0xaf,0x63,0xf1,0x6b,0xac,0x7b,0xea,0xd3,
    0xaf,0x63,0xb0,0x63,0xaf,0x63,0xb0,0x63,0xf0,0x73,0xcb,0x8b,0x00,0x00,0x00,0x00,0xab,0x83,0xf0,0x73,0xb0,0x63,0xaf,0x63,0xd1,0x63,0xaf,0x63,
    0xaf,0x63,0xd0,0x6b,0xb0,0x63,0xf0,0x73,0x66,0xd4,0xa0,0xfc,0x62,0xf4,0x61,0xc3,0xe0,0xe3,0xc5,0xbb,0xd0,0x6b,0xb0,0x63,0xb0,0x6b,0xaf,0x63,
    0xaf,0x63,0xb0,0x6b,0xb0,0x63,0xea,0x9b,0x80,0xfc,0xe1,0xfc,0x81,0xf4,0xe1,0xdb,0x21,0xec,0xc0,0xdb,0xaa,0x8b,0xb0,0x63,0xd0,0x6b,0xaf,0x63,
    0x00,0x00,0x6f,0x63,0xae,0x73,0x00,0x00,0x82,0xf4,0xa1,0xfc,0xa1,0xfc,0x81,0xf4,0x01,0xe4,0xa2,0xc3,0x00,0x00,0x8f,0x6b,0xd0,0x6b,0xd0,0x6b,
    0xef,0x7b,0x00,0x00,0x00,0x00,0x00,0x00,0x40,0xcb,0x01,0xe4,0x81,0xf4,0xa1,0xfc,0x81,0xfc,0x81,0xf4,0x00,0x00,0x00,0x00,0xaf,0x63,0xaf,0x63,
    0x00,0x00,0x26,0xcb,0x00,0x00,0xa1,0xd3,0xc1,0xdb,0x01,0xe4,0xe1,0xdb,0x81,0xf4,0xc1,0xfc,0x81,0xf4,0x41,0xec,0x00,0x00,0x00,0x00,0x00,0x00,
    0xa0,0xaa,0x00,0x00,0xa1,0xd3,0xc1,0xdb,0x01,0xe4,0xe1,0xdb,0x80,0xcb,0xc1,0xfc,0x81,0xfc,0xc1,0xfc,0x81,0xf4,0x81,0xec,0x00,0x00,0x69,0x93,
    0x00,0x00,0xa1,0xd3,0xc1,0xdb,0x01,0xe4,0xc1,0xdb,0xa1,0xcb,0x00,0x00,0x00,0x00,0x61,0xf4,0x81,0xfc,0xc1,0xfc,0x81,0xfc,0x61,0xf4,0x00,0x00,
    0xc0,0xdb,0xc1,0xd3,0x01,0xe4,0xc1,0xdb,0xa1,0xd3,0x00,0x00,0xe0,0xbb,0xe0,0xfb,0x00,0x00,0x61,0xf4,0x81,0xfc,0xe1,0xfc,0x81,0xf4,0x61,0xf4,
    0xc1,0xd3,0xe1,0xe3,0xe1,0xdb,0xc1,0xd3,0x00,0x00,0xe0,0xbb,0x00,0x00,0x00,0x00,0xe0,0xfb,0x00,0x00,0x81,0xf4,0x81,0xfc,0xa1,0xfc,0x61,0xf4,
    0x00,0x00,0xc1,0xd3,0xc0,0xd3,0x00,0x00,0x40,0xfd,0x00,0x00,0x00,0x00,0x00,0x00,0x00,0x00,0x40,0xfd,0x00,0x00,0x61,0xec,0x81,0xf4,0x00,0x00,
    0x02,0x00,0x14,0xc6,0xe1,0x1b,0x00,0x00,0x1b,0xe1,0xc6,0x15,0x00,0x01,0x00,0x5b,0xe3,0xff,0xff,0xd4,0x14,0x14,0xd4,0xff,0xff,0xe3,0x5b,0x00,
    0x0c,0xec,0xff,0xfb,0xfd,0xfd,0x26,0x26,0xfd,0xfd,0xfb,0xff,0xeb,0x0c,0xc6,0xfd,0xfc,0xf8,0xfe,0x70,0x00,0x00,0x70,0xfe,0xf8,0xfb,0xff,0x85,
    0xe5,0xff,0xff,0xff,0xff,0xdc,0x27,0x27,0xdc,0xff,0xff,0xfe,0xfe,0xe1,0x1c,0xd5,0xfd,0x7a,0xea,0xff,0xe4,0xe4,0xff,0xea,0x7b,0xfc,0xff,0xf6,
    0x00,0x15,0x2f,0x00,0x2f,0xe3,0xff,0xff,0xe3,0x31,0x00,0x52,0xf9,0xff,0x02,0x00,0x00,0x00,0x26,0xe1,0xff,0xff,0xe1,0x26,0x00,0x00,0x39,0x66,
    0x00,0x05,0x00,0x2e,0xe9,0xff,0xea,0xea,0xff,0xe9,0x2e,0x00,0x00,0x00,0x03,0x00,0x2e,0xe7,0xff,0xed,0x2d,0x2d,0xed,0xff,0xe7,0x2e,0x00,0x07,
    0x00,0x2d,0xe7,0xff,0xec,0x36,0x00,0x00,0x36,0xec,0xff,0xe7,0x2d,0x00,0x22,0xe4,0xff,0xed,0x36,0x00,0x04,0x04,0x00,0x36,0xed,0xff,0xe4,0x22,
    0x3e,0xff,0xe7,0x35,0x00,0x04,0x00,0x00,0x04,0x00,0x35,0xe7,0xff,0x3e,0x00,0x46,0x28,0x00,0x03,0x00,0x00,0x00,0x00,0x03,0x00,0x28,0x46,0x00,

};

const lv_image_dsc_t emoji_hammer_pick_14 = {
  .header.magic = LV_IMAGE_HEADER_MAGIC,
  .header.cf = LV_COLOR_FORMAT_RGB565A8,
  .header.flags = 0,
  .header.w = 14,
  .header.h = 14,
  .header.stride = 28,
  .data_size = sizeof(emoji_hammer_pick_14_map),
  .data = emoji_hammer_pick_14_map,
};




#ifndef LV_ATTRIBUTE_MEM_ALIGN
#define LV_ATTRIBUTE_MEM_ALIGN
#endif

#ifndef LV_ATTRIBUTE_EMOJI_PENGUIN_14
#define LV_ATTRIBUTE_EMOJI_PENGUIN_14
#endif

static const
LV_ATTRIBUTE_MEM_ALIGN LV_ATTRIBUTE_LARGE_CONST LV_ATTRIBUTE_EMOJI_PENGUIN_14
uint8_t emoji_penguin_14_map[] = {

    0x00,0x00,0x00,0x00,0x00,0x00,0xaa,0x52,0x00,0x00,0xec,0x5a,0x29,0x42,0xa6,0x31,0xa7,0x5a,0x69,0x93,0x00,0x00,0x00,0x00,0x00,0x00,0x00,0x00,
    0x00,0x00,0x00,0x00,0xaa,0x02,0x00,0x00,0xc3,0x10,0x0d,0x5b,0x50,0x8c,0x64,0xd4,0x45,0xf5,0xc6,0xfd,0x66,0xfd,0xc5,0xfd,0xe0,0xff,0x00,0xf8,
    0x00,0x00,0x00,0x00,0x00,0x00,0x49,0x4a,0x25,0x21,0xab,0x4a,0xa7,0x29,0xa7,0x62,0x0b,0x9c,0xa5,0x72,0x26,0xf5,0xc5,0xe4,0x00,0x00,0xe0,0xff,
    0x00,0x00,0xe7,0x39,0x00,0x00,0xa3,0x10,0xaf,0x73,0xff,0xff,0x1c,0xdf,0xdc,0xd6,0xbf,0xef,0x4e,0x5b,0x03,0x00,0x00,0x00,0xe7,0x39,0x00,0x00,
    0xaa,0x02,0x00,0x00,0x25,0x19,0xc7,0x31,0x5d,0xe7,0xff,0xff,0xdf,0xff,0xff,0xff,0xff,0xff,0x5d,0xe7,0xe7,0x31,0x45,0x21,0x00,0x00,0xaa,0x52,
    0x00,0x00,0x2a,0x42,0x04,0x19,0xaf,0x73,0xff,0xff,0xbe,0xf7,0xbf,0xf7,0xbf,0xf7,0xbe,0xf7,0xff,0xff,0xaf,0x73,0x04,0x19,0x2a,0x42,0x00,0x00,
    0x00,0x00,0xa7,0x31,0x25,0x19,0x14,0x9d,0xff,0xff,0xbe,0xf7,0xdf,0xf7,0xdf,0xf7,0xbe,0xf7,0xff,0xff,0x14,0x9d,0x25,0x19,0xa7,0x31,0x00,0x00,
    0xe7,0x18,0x86,0x29,0x25,0x19,0x96,0xad,0xff,0xff,0xbe,0xf7,0xdf,0xf7,0xdf,0xf7,0xbe,0xf7,0xff,0xff,0x96,0xad,0x25,0x19,0x86,0x29,0xe7,0x18,
    0x66,0x29,0x86,0x29,0x04,0x19,0x35,0xa5,0xff,0xff,0xbe,0xf7,0xdf,0xf7,0xdf,0xf7,0xbe,0xf7,0xff,0xff,0x35,0xa5,0x04,0x19,0x86,0x29,0x66,0x29,
    0x66,0x29,0x86,0x29,0xc3,0x10,0x51,0x84,0xff,0xff,0xbe,0xf7,0xdf,0xf7,0xdf,0xf7,0xbe,0xf7,0xff,0xff,0x51,0x84,0xc3,0x10,0x86,0x29,0x66,0x29,
    0x66,0x21,0x86,0x29,0xa3,0x08,0x8a,0x4a,0xdf,0xff,0xbf,0xf7,0xbf,0xf7,0xbf,0xf7,0xbf,0xf7,0xdf,0xff,0x8a,0x4a,0xa3,0x08,0x86,0x29,0x66,0x21,
    0x00,0x00,0x00,0x00,0xad,0x3a,0xc4,0x10,0xf5,0x94,0xff,0xff,0xdf,0xf7,0xdf,0xf7,0xff,0xff,0xf5,0x94,0xc4,0x10,0xad,0x3a,0x00,0x00,0x00,0x00,
    0xe7,0xbb,0xaa,0x02,0xa6,0xfd,0xe6,0xdc,0x86,0x62,0x95,0xb5,0xfe,0xff,0xfe,0xff,0x95,0xb5,0x86,0x62,0xe6,0xdc,0xa6,0xfd,0xaa,0x02,0xe7,0xfb,
    0xe7,0xfd,0x00,0x00,0x46,0xfd,0x07,0xfe,0x66,0xfd,0x84,0xd4,0x8c,0xed,0x8c,0xed,0x84,0xd4,0x66,0xfd,0x07,0xfe,0x46,0xfd,0x00,0x00,0xe7,0xfd,
    0x00,0x00,0x00,0x03,0x00,0x56,0xee,0xed,0x5b,0x07,0x00,0x00,0x00,0x00,0x00,0x00,0x03,0x00,0x40,0xf9,0xff,0xff,0xff,0xd9,0x8e,0x0b,0x01,0x01,
    0x00,0x01,0x03,0x07,0xdf,0xff,0xfc,0xfe,0xff,0xfb,0x6b,0x12,0x01,0x01,0x00,0x04,0x00,0x7e,0xff,0xfb,0xff,0xff,0xfc,0xfd,0x6a,0x00,0x04,0x00,
    0x03,0x00,0x51,0xff,0xfc,0xff,0xff,0xff,0xff,0xfd,0xff,0x51,0x00,0x03,0x01,0x16,0xec,0xfe,0xfd,0xff,0xff,0xff,0xff,0xfd,0xfe,0xec,0x16,0x01,
    0x00,0x83,0xff,0xfb,0xff,0xff,0xff,0xff,0xff,0xff,0xfb,0xff,0x83,0x00,0x08,0xda,0xfd,0xfd,0xff,0xff,0xff,0xff,0xff,0xff,0xfd,0xfd,0xda,0x08,
    0x31,0xfd,0xff,0xff,0xff,0xff,0xff,0xff,0xff,0xff,0xff,0xff,0xfd,0x31,0x66,0xfb,0xaf,0xfe,0xfd,0xff,0xff,0xff,0xff,0xfd,0xfe,0xaf,0xfb,0x66,
    0x5b,0x6b,0x42,0xff,0xfc,0xff,0xff,0xff,0xff,0xfc,0xff,0x42,0x6b,0x5b,0x00,0x00,0x0c,0xd7,0xff,0xfb,0xfc,0xfc,0xfb,0xff,0xd7,0x0c,0x00,0x00,
    0x04,0x03,0x5c,0xe6,0xff,0xff,0xff,0xff,0xff,0xff,0xe6,0x5d,0x03,0x04,0x04,0x00,0x7d,0xff,0xe8,0xcb,0x89,0x89,0xcb,0xe8,0xff,0x7d,0x00,0x04,

};

const lv_image_dsc_t emoji_penguin_14 = {
  .header.magic = LV_IMAGE_HEADER_MAGIC,
  .header.cf = LV_COLOR_FORMAT_RGB565A8,
  .header.flags = 0,
  .header.w = 14,
  .header.h = 14,
  .header.stride = 28,
  .data_size = sizeof(emoji_penguin_14_map),
  .data = emoji_penguin_14_map,
};




#ifndef LV_ATTRIBUTE_MEM_ALIGN
#define LV_ATTRIBUTE_MEM_ALIGN
#endif

#ifndef LV_ATTRIBUTE_EMOJI_FOX_14
#define LV_ATTRIBUTE_EMOJI_FOX_14
#endif

static const
LV_ATTRIBUTE_MEM_ALIGN LV_ATTRIBUTE_LARGE_CONST LV_ATTRIBUTE_EMOJI_FOX_14
uint8_t emoji_fox_14_map[] = {

    0x81,0xf4,0xc0,0xfe,0x00,0x00,0x00,0x00,0xe0,0xfb,0x00,0x00,0x00,0x00,0x00,0x00,0x00,0x00,0xe0,0xfb,0x00,0x00,0x00,0x00,0xe0,0xfe,0x81,0xf4,
    0x41,0xf4,0x41,0xf4,0x41,0xfd,0xe0,0x7b,0x00,0x00,0x40,0xfd,0x00,0xf8,0x00,0xf8,0x40,0xfd,0x00,0x00,0xe0,0x7b,0x41,0xfd,0x41,0xf4,0x41,0xf4,
    0xe1,0xe3,0xe3,0xb0,0xc2,0xda,0x81,0xfc,0xc0,0xfc,0x00,0x00,0x00,0x00,0x00,0x00,0x00,0x00,0xc0,0xfc,0x81,0xfc,0xc2,0xda,0xe3,0xb8,0xe1,0xe3,
    0x61,0xf4,0xe3,0xb0,0x04,0x90,0xa3,0xc1,0x63,0xf4,0x64,0xf4,0x64,0xf4,0x64,0xf4,0x64,0xf4,0x63,0xf4,0xa3,0xc1,0x04,0x88,0xe3,0xb0,0x61,0xf4,
    0x21,0xfd,0x22,0xd2,0x63,0xa0,0xa4,0xe3,0x85,0xf4,0xa5,0xfc,0xa5,0xfc,0xa5,0xfc,0xa5,0xfc,0x85,0xf4,0xa4,0xe3,0x63,0xa0,0x22,0xd2,0x21,0xfd,
    0x80,0xfd,0xa2,0xe3,0xa4,0xe3,0xc4,0xfc,0x64,0xec,0x64,0xec,0x64,0xf4,0x64,0xf4,0x64,0xec,0x64,0xec,0xc4,0xfc,0xa4,0xe3,0xc1,0xeb,0x80,0xfd,
    0x00,0x00,0xa4,0xf4,0xe5,0xfc,0x84,0xfc,0x25,0x5a,0x05,0x93,0xa4,0xfc,0xa4,0xfc,0x05,0x93,0x25,0x5a,0x84,0xfc,0xe5,0xfc,0xa4,0xf4,0x00,0x00,
    0x00,0x00,0x23,0xec,0x84,0xfc,0x84,0xfc,0x84,0x7a,0x45,0xab,0xa4,0xfc,0xa4,0xfc,0x45,0xab,0x84,0x7a,0x84,0xfc,0x84,0xfc,0x23,0xec,0x00,0x00,
    0xc6,0xf4,0x48,0xf5,0x0c,0xfe,0x6e,0xfe,0xa9,0xfd,0x64,0xf4,0x64,0xec,0x64,0xec,0x64,0xf4,0xa9,0xfd,0x6e,0xfe,0x0c,0xfe,0x48,0xf5,0x86,0xf4,
    0xe6,0xf4,0x2c,0xfe,0x31,0xff,0x10,0xff,0x8f,0xfe,0x84,0xf4,0xa4,0xfc,0xa4,0xfc,0x84,0xf4,0x8f,0xfe,0x10,0xff,0x31,0xff,0x2c,0xfe,0xe6,0xf4,
    0x20,0xeb,0x28,0xf5,0x06,0xfd,0x44,0xec,0x6e,0xfe,0x4a,0xe5,0x63,0xb3,0x63,0xb3,0x4a,0xe5,0x6e,0xfe,0x44,0xec,0x06,0xfd,0x28,0xf5,0x60,0xeb,
    0x00,0x00,0x00,0x00,0x00,0x00,0x00,0x00,0x27,0xfd,0xd0,0xf6,0xa6,0x29,0xa6,0x29,0xd0,0xfe,0x27,0xfd,0x00,0x00,0x00,0x00,0x00,0x00,0x00,0x00,
    0x00,0xf8,0x00,0x00,0x45,0xfd,0x4a,0xfd,0x60,0xe3,0x67,0xfd,0xe9,0xdc,0xe9,0xdc,0x47,0xfd,0x60,0xdb,0xea,0xff,0x45,0xfd,0xff,0xff,0x00,0xf8,
    0x00,0x00,0x00,0x00,0x00,0x00,0x00,0xf8,0x00,0x00,0x00,0x00,0xa2,0xfc,0x82,0xfc,0x00,0x00,0x00,0x00,0x00,0xf8,0x00,0x00,0x00,0x00,0x00,0x00,
    0x32,0x07,0x00,0x00,0x02,0x00,0x00,0x00,0x00,0x02,0x00,0x00,0x08,0x32,0xf3,0xd4,0x62,0x02,0x00,0x03,0x01,0x01,0x03,0x00,0x02,0x63,0xd4,0xf1,
    0xe8,0xff,0xff,0xc5,0x2b,0x00,0x00,0x00,0x00,0x2b,0xc5,0xff,0xff,0xe7,0xc2,0xfc,0xf9,0xff,0xed,0xb3,0xc6,0xc6,0xb3,0xed,0xff,0xf9,0xfc,0xc2,
    0x84,0xff,0xfc,0xfd,0xff,0xff,0xff,0xff,0xff,0xff,0xfd,0xfc,0xff,0x84,0x2b,0xec,0xff,0xfe,0xfe,0xfc,0xfc,0xfc,0xfc,0xfe,0xfe,0xff,0xeb,0x2a,
    0x00,0xa4,0xff,0xfc,0xff,0xff,0xff,0xff,0xff,0xff,0xfc,0xff,0xa3,0x00,0x00,0xa1,0xff,0xfc,0xff,0xff,0xff,0xff,0xff,0xff,0xfc,0xff,0xa1,0x00,
    0x14,0xd6,0xfb,0xfa,0xff,0xff,0xff,0xff,0xff,0xff,0xfa,0xfb,0xd6,0x15,0x6a,0xfc,0xff,0xff,0xfe,0xff,0xff,0xff,0xff,0xfe,0xff,0xff,0xfd,0x68,
    0x0f,0x7b,0x93,0xa5,0xff,0xfc,0xff,0xff,0xfc,0xff,0x91,0x8b,0x79,0x0e,0x00,0x00,0x00,0x00,0xc9,0xff,0xfc,0xfc,0xff,0xc2,0x00,0x00,0x00,0x00,
    0x01,0x00,0x06,0x03,0x21,0xc6,0xff,0xfe,0xc3,0x1e,0x03,0x06,0x01,0x01,0x00,0x00,0x00,0x01,0x00,0x01,0x3a,0x39,0x00,0x00,0x01,0x00,0x00,0x00,

};

const lv_image_dsc_t emoji_fox_14 = {
  .header.magic = LV_IMAGE_HEADER_MAGIC,
  .header.cf = LV_COLOR_FORMAT_RGB565A8,
  .header.flags = 0,
  .header.w = 14,
  .header.h = 14,
  .header.stride = 28,
  .data_size = sizeof(emoji_fox_14_map),
  .data = emoji_fox_14_map,
};




#ifndef LV_ATTRIBUTE_MEM_ALIGN
#define LV_ATTRIBUTE_MEM_ALIGN
#endif

#ifndef LV_ATTRIBUTE_EMOJI_BAT_14
#define LV_ATTRIBUTE_EMOJI_BAT_14
#endif

static const
LV_ATTRIBUTE_MEM_ALIGN LV_ATTRIBUTE_LARGE_CONST LV_ATTRIBUTE_EMOJI_BAT_14
uint8_t emoji_bat_14_map[] = {

    0x00,0x00,0x00,0x00,0x00,0x00,0x00,0x00,0x00,0x00,0x00,0x00,0x00,0x00,0x00,0x00,0x00,0x00,0x00,0x00,0x00,0x00,0x00,0x00,0x00,0x00,0x00,0x00,
    0x00,0x00,0xef,0x7b,0xef,0x7b,0xef,0x7b,0x00,0x00,0xd0,0x6b,0x6f,0x5b,0x6f,0x5b,0xd0,0x6b,0x00,0x00,0xef,0x7b,0xef,0x7b,0xef,0x7b,0x00,0x00,
    0x00,0x00,0x00,0x00,0x00,0x00,0xef,0x7b,0x00,0x00,0x6e,0x5b,0x8f,0x63,0x8f,0x63,0x6e,0x5b,0x00,0x00,0xef,0x7b,0x00,0x00,0x00,0x00,0x00,0x00,
    0x00,0x00,0xaf,0x63,0xd0,0x6b,0xff,0xff,0x55,0xad,0x2d,0x5b,0x8f,0x63,0x8f,0x63,0x2d,0x5b,0x55,0xad,0xff,0xff,0xd0,0x6b,0x8f,0x63,0x00,0x00,
    0xe7,0x29,0x93,0x84,0x32,0x7c,0x00,0x00,0x00,0x00,0xec,0x52,0x8f,0x63,0x8f,0x63,0xec,0x52,0x00,0x00,0x00,0x00,0x52,0x7c,0x93,0x84,0x89,0x31,
    0xd0,0x6b,0x77,0x9d,0xd4,0x8c,0xd0,0x6b,0x8f,0x63,0xb0,0x63,0x11,0x74,0x11,0x74,0xb0,0x63,0x8f,0x63,0xd0,0x6b,0xd4,0x8c,0x77,0x9d,0xd0,0x6b,
    0x52,0x7c,0x97,0xa5,0x15,0x95,0xf5,0x8c,0xf0,0x6b,0xb0,0x6b,0x8f,0x63,0x8f,0x63,0xb0,0x6b,0xf0,0x6b,0xf5,0x8c,0x15,0x95,0x97,0xa5,0x72,0x7c,
    0x93,0x84,0x97,0x9d,0x15,0x95,0xf5,0x8c,0xd4,0x8c,0x8f,0x63,0xb0,0x63,0xb0,0x63,0x8f,0x63,0xd4,0x8c,0xf5,0x8c,0x15,0x95,0x97,0x9d,0x93,0x84,
    0xb3,0x84,0x97,0xa5,0x56,0x9d,0xd4,0x8c,0x77,0x9d,0x31,0x74,0x8f,0x63,0x8f,0x63,0x11,0x74,0x77,0x9d,0xd4,0x8c,0x56,0x9d,0x97,0xa5,0xb3,0x84,
    0x93,0x84,0x15,0x95,0xf5,0x8c,0xf4,0x8c,0xb8,0xa5,0xf5,0x8c,0x8f,0x63,0x8f,0x63,0xf5,0x8c,0xb8,0xa5,0xf4,0x8c,0xf5,0x8c,0x15,0x95,0x93,0x84,
    0xd0,0x6b,0x6e,0x5b,0xaf,0x63,0x73,0x7c,0x93,0x84,0xb4,0x84,0xf1,0x6b,0xf1,0x6b,0xb4,0x84,0x93,0x84,0x73,0x7c,0xb0,0x63,0x6f,0x63,0xd0,0x6b,
    0xeb,0x42,0x00,0x00,0x6d,0x5b,0x6e,0x5b,0x00,0x00,0x6e,0x5b,0xb0,0x63,0xb0,0x6b,0x2e,0x5b,0x00,0x00,0x6e,0x5b,0x4f,0x6b,0x00,0x00,0xeb,0x42,
    0x00,0x00,0xef,0x7b,0x00,0x00,0x00,0x00,0xff,0xff,0x00,0x00,0xae,0x52,0xae,0x52,0x00,0x00,0xff,0xff,0x00,0x00,0x00,0x00,0xef,0x7b,0x00,0x00,
    0x00,0x00,0x00,0x00,0x00,0x00,0xaa,0x52,0x00,0x00,0xef,0x7b,0x00,0x00,0x00,0x00,0xef,0x7b,0x00,0x00,0xaa,0x52,0x00,0x00,0x00,0x00,0x00,0x00,
    0x00,0x00,0x00,0x00,0x00,0x00,0x00,0x00,0x00,0x00,0x00,0x00,0x00,0x00,0x00,0x02,0x02,0x02,0x00,0x33,0x10,0x10,0x33,0x00,0x02,0x02,0x02,0x00,
    0x01,0x00,0x00,0x02,0x00,0xd8,0xa1,0xa1,0xd8,0x00,0x02,0x00,0x00,0x01,0x00,0x36,0x8a,0x01,0x03,0xc9,0xff,0xff,0xc9,0x03,0x01,0x8d,0x35,0x00,
    0x0c,0xe0,0xe3,0x00,0x00,0x8b,0xfd,0xfd,0x8b,0x00,0x00,0xe5,0xde,0x0a,0x6d,0xff,0xfc,0xa5,0x4f,0x99,0xff,0xff,0x99,0x4f,0xa7,0xfc,0xff,0x69,
    0xbe,0xfe,0xfc,0xff,0xff,0xff,0xff,0xff,0xff,0xff,0xff,0xfc,0xfe,0xbb,0xdf,0xfe,0xfe,0xfc,0xfc,0xfe,0xff,0xff,0xfe,0xfc,0xfc,0xfd,0xfe,0xdd,
    0xe6,0xff,0xfe,0xff,0xfd,0xfe,0xff,0xff,0xfe,0xfd,0xff,0xfe,0xff,0xe1,0xe8,0xff,0xff,0xff,0xff,0xff,0xfd,0xfd,0xff,0xff,0xff,0xff,0xff,0xe6,
    0xaf,0x38,0x6a,0xff,0xcc,0xf7,0xff,0xff,0xf6,0xcc,0xff,0x67,0x3a,0xae,0x0b,0x00,0x0e,0x4b,0x00,0x31,0xd8,0xd7,0x2f,0x00,0x4b,0x0c,0x00,0x0b,
    0x00,0x02,0x00,0x00,0x01,0x00,0x09,0x09,0x00,0x01,0x00,0x00,0x02,0x00,0x01,0x00,0x01,0x03,0x00,0x02,0x00,0x00,0x02,0x00,0x03,0x01,0x00,0x01,

};

const lv_image_dsc_t emoji_bat_14 = {
  .header.magic = LV_IMAGE_HEADER_MAGIC,
  .header.cf = LV_COLOR_FORMAT_RGB565A8,
  .header.flags = 0,
  .header.w = 14,
  .header.h = 14,
  .header.stride = 28,
  .data_size = sizeof(emoji_bat_14_map),
  .data = emoji_bat_14_map,
};




#ifndef LV_ATTRIBUTE_MEM_ALIGN
#define LV_ATTRIBUTE_MEM_ALIGN
#endif

#ifndef LV_ATTRIBUTE_EMOJI_FLOPPY_14
#define LV_ATTRIBUTE_EMOJI_FLOPPY_14
#endif

static const
LV_ATTRIBUTE_MEM_ALIGN LV_ATTRIBUTE_LARGE_CONST LV_ATTRIBUTE_EMOJI_FLOPPY_14
uint8_t emoji_floppy_14_map[] = {

    0xa7,0x31,0xc7,0x31,0xa7,0x31,0xe8,0x31,0x0c,0x5b,0x2d,0x5b,0x0d,0x5b,0x0d,0x5b,0x2d,0x5b,0x2d,0x63,0x2d,0x63,0xab,0x4a,0x87,0x29,0x00,0x00,
    0xc7,0x31,0xc7,0x31,0x86,0x29,0x8a,0x4a,0x5d,0xe7,0x7e,0xe7,0x5d,0xe7,0xbf,0xef,0x76,0xad,0x29,0x42,0x96,0xad,0xd7,0xb5,0x66,0x21,0xe8,0x31,
    0xa7,0x31,0xc7,0x31,0x86,0x29,0x8a,0x4a,0x3d,0xe7,0x5d,0xe7,0x3d,0xdf,0xbf,0xef,0xd3,0x94,0x83,0x08,0xd3,0x94,0xd8,0xb5,0x45,0x21,0xe8,0x31,
    0xa7,0x31,0xc7,0x31,0x86,0x29,0x8a,0x4a,0x3d,0xdf,0x3d,0xdf,0x1c,0xdf,0x9e,0xef,0xd3,0x94,0xa3,0x10,0xd4,0x94,0xd7,0xb5,0x45,0x21,0xc7,0x31,
    0xa7,0x31,0xc7,0x31,0x87,0x29,0x8b,0x4a,0xbf,0xef,0xbf,0xef,0x9f,0xef,0xff,0xff,0x76,0xa5,0x66,0x29,0x96,0xad,0x39,0xbe,0x45,0x21,0xc8,0x31,
    0xa7,0x31,0xa7,0x31,0x86,0x29,0xe8,0x39,0x10,0x7c,0x10,0x84,0x10,0x84,0x30,0x84,0xcf,0x7b,0x6d,0x6b,0xf0,0x7b,0x2d,0x63,0x87,0x29,0xc7,0x31,
    0xa7,0x31,0xc8,0x31,0x16,0x44,0x78,0x44,0x16,0x34,0x17,0x34,0x17,0x34,0xf7,0x33,0x17,0x3c,0x37,0x3c,0x38,0x3c,0xf0,0x32,0x86,0x31,0xc7,0x31,
    0x87,0x29,0x4a,0x3a,0x9e,0xae,0xdf,0xae,0xdf,0xae,0xdf,0xae,0xdf,0xae,0xdf,0xae,0xdf,0xae,0xbe,0xae,0x1f,0xb7,0x37,0x85,0x66,0x29,0xc8,0x31,
    0x87,0x29,0x49,0x42,0x3c,0xe7,0x7d,0xef,0x5d,0xef,0x5d,0xef,0x5d,0xef,0x5d,0xef,0x5d,0xef,0x5d,0xe7,0xbe,0xf7,0x76,0xad,0x66,0x21,0xc8,0x31,
    0x87,0x29,0x49,0x42,0x1d,0xdf,0x5d,0xe7,0x3d,0xdf,0x3d,0xdf,0x3d,0xdf,0x3d,0xdf,0x3d,0xdf,0x3d,0xdf,0x9f,0xef,0x76,0xa5,0x66,0x21,0xc8,0x31,
    0x87,0x29,0x49,0x42,0x1d,0xdf,0x5d,0xe7,0x3d,0xe7,0x5d,0xe7,0x5d,0xe7,0x5d,0xe7,0x5d,0xe7,0x3d,0xdf,0x9f,0xef,0x76,0xa5,0x66,0x21,0xc8,0x31,
    0x86,0x29,0x4a,0x42,0x3d,0xdf,0x5d,0xe7,0x3d,0xe7,0x5d,0xe7,0x5d,0xe7,0x5d,0xe7,0x5d,0xe7,0x3d,0xdf,0x9e,0xef,0x76,0xad,0x66,0x21,0xc8,0x31,
    0xa7,0x29,0x29,0x3a,0x1c,0xdf,0x7e,0xe7,0x5d,0xe7,0x5e,0xe7,0x5e,0xe7,0x5e,0xe7,0x5e,0xe7,0x5d,0xe7,0xbf,0xef,0x35,0xa5,0x66,0x21,0xc8,0x31,
    0xa7,0x31,0xa7,0x31,0xcb,0x52,0x2d,0x5b,0x0d,0x5b,0x0d,0x5b,0x0d,0x5b,0x0d,0x5b,0x0d,0x5b,0x0d,0x5b,0x2d,0x63,0x49,0x42,0xa7,0x29,0xc7,0x31,
    0xa8,0xfd,0xfd,0xff,0xff,0xff,0xff,0xff,0xff,0xff,0xfd,0xfe,0x95,0x00,0xff,0xff,0xff,0xff,0xff,0xff,0xff,0xff,0xff,0xff,0xff,0xfe,0xff,0x94,
    0xfe,0xff,0xff,0xff,0xff,0xff,0xff,0xff,0xff,0xff,0xff,0xff,0xfe,0xff,0xff,0xff,0xff,0xff,0xff,0xff,0xff,0xff,0xff,0xff,0xff,0xff,0xff,0xfd,
    0xff,0xff,0xff,0xff,0xff,0xff,0xff,0xff,0xff,0xff,0xff,0xff,0xff,0xff,0xff,0xff,0xff,0xff,0xff,0xff,0xff,0xff,0xff,0xff,0xff,0xff,0xff,0xff,
    0xff,0xff,0xff,0xff,0xff,0xff,0xff,0xff,0xff,0xff,0xff,0xff,0xff,0xff,0xff,0xff,0xff,0xff,0xff,0xff,0xff,0xff,0xff,0xff,0xff,0xff,0xff,0xff,
    0xff,0xff,0xff,0xff,0xff,0xff,0xff,0xff,0xff,0xff,0xff,0xff,0xff,0xff,0xff,0xff,0xff,0xff,0xff,0xff,0xff,0xff,0xff,0xff,0xff,0xff,0xff,0xff,
    0xff,0xff,0xff,0xff,0xff,0xff,0xff,0xff,0xff,0xff,0xff,0xff,0xff,0xff,0xfe,0xff,0xff,0xff,0xff,0xff,0xff,0xff,0xff,0xff,0xff,0xff,0xff,0xfe,
    0xff,0xff,0xff,0xff,0xff,0xff,0xff,0xff,0xff,0xff,0xff,0xff,0xff,0xff,0xa8,0xfc,0xfe,0xff,0xff,0xff,0xff,0xff,0xff,0xff,0xff,0xfd,0xfd,0xa8,

};

const lv_image_dsc_t emoji_floppy_14 = {
  .header.magic = LV_IMAGE_HEADER_MAGIC,
  .header.cf = LV_COLOR_FORMAT_RGB565A8,
  .header.flags = 0,
  .header.w = 14,
  .header.h = 14,
  .header.stride = 28,
  .data_size = sizeof(emoji_floppy_14_map),
  .data = emoji_floppy_14_map,
};




#ifndef LV_ATTRIBUTE_MEM_ALIGN
#define LV_ATTRIBUTE_MEM_ALIGN
#endif

#ifndef LV_ATTRIBUTE_EMOJI_ELEVATOR_14
#define LV_ATTRIBUTE_EMOJI_ELEVATOR_14
#endif

static const
LV_ATTRIBUTE_MEM_ALIGN LV_ATTRIBUTE_LARGE_CONST LV_ATTRIBUTE_EMOJI_ELEVATOR_14
uint8_t emoji_elevator_14_map[] = {

    0x33,0x23,0x53,0x23,0x33,0x23,0x12,0x1b,0x33,0x23,0x33,0x23,0x12,0x1b,0x12,0x1b,0xd4,0x43,0xb4,0x3b,0x12,0x1b,0x33,0x23,0x53,0x23,0x33,0x23,
    0x53,0x23,0x33,0x23,0x33,0x23,0x53,0x23,0x7b,0xb6,0xbc,0xc6,0x73,0x2b,0x33,0x1b,0xdc,0xce,0x5b,0xb6,0x12,0x1b,0x53,0x23,0x33,0x23,0x53,0x23,
    0x33,0x23,0x33,0x23,0xf2,0x12,0x33,0x1b,0xdc,0xce,0x5e,0xe7,0x33,0x23,0x73,0x2b,0x7e,0xe7,0x1d,0xd7,0x53,0x23,0xf2,0x12,0x33,0x23,0x33,0x23,
    0x33,0x1b,0x53,0x23,0x35,0x54,0xf5,0x43,0x79,0x8d,0xb9,0x9d,0xf5,0x43,0x15,0x4c,0x18,0x7d,0xf7,0x74,0x15,0x4c,0x35,0x4c,0x53,0x23,0x33,0x1b,
    0x12,0x1b,0x3b,0xae,0xbc,0xc6,0x1a,0xa6,0x1a,0xa6,0x3b,0xae,0x3b,0xae,0x3b,0xae,0x3b,0xae,0x1a,0xa6,0x1a,0xa6,0xbc,0xc6,0x3b,0xae,0x12,0x1b,
    0x33,0x23,0xbc,0xc6,0x53,0x23,0x15,0x4c,0xf5,0x43,0xb1,0x0a,0x15,0x44,0x15,0x44,0xb1,0x0a,0xd4,0x43,0x15,0x4c,0x53,0x23,0xbc,0xc6,0x53,0x23,
    0x53,0x23,0x9c,0xbe,0x73,0x2b,0x9e,0xef,0x9c,0xbe,0x71,0x02,0x3d,0xdf,0x3d,0xdf,0x71,0x02,0x9c,0xbe,0x9e,0xef,0x53,0x2b,0x9c,0xbe,0x53,0x23,
    0x53,0x23,0x7b,0xbe,0x15,0x4c,0x9e,0xef,0xdc,0xce,0x73,0x2b,0x5e,0xdf,0x5e,0xdf,0x73,0x2b,0xdc,0xce,0x9e,0xef,0x15,0x4c,0x7b,0xbe,0x53,0x23,
    0x53,0x23,0x3b,0xae,0x18,0x7d,0xff,0xff,0xdf,0xf7,0xd7,0x6c,0xff,0xff,0xff,0xff,0xd7,0x6c,0xdf,0xf7,0xff,0xff,0x18,0x7d,0x3b,0xae,0x53,0x23,
    0x53,0x23,0x5b,0xb6,0x76,0x5c,0xbf,0xf7,0x3d,0xdf,0xf5,0x43,0x9e,0xef,0x9e,0xef,0xf5,0x43,0x3d,0xdf,0xbf,0xf7,0x76,0x5c,0x5b,0xb6,0x53,0x23,
    0x53,0x23,0x7b,0xbe,0xd4,0x3b,0x9c,0xbe,0xfa,0xa5,0xf2,0x1a,0x5b,0xb6,0x5b,0xb6,0xf2,0x1a,0xfa,0xa5,0x9c,0xbe,0xd4,0x3b,0x7b,0xbe,0x53,0x23,
    0x53,0x23,0x9c,0xc6,0x73,0x2b,0xb7,0x64,0x76,0x5c,0xd2,0x0a,0x96,0x64,0x96,0x64,0xd2,0x0a,0x76,0x5c,0xb7,0x64,0x73,0x2b,0x9c,0xc6,0x53,0x23,
    0x13,0x1b,0x5b,0xb6,0x5b,0xb6,0xb9,0x95,0xda,0x9d,0xfa,0xa5,0xda,0x9d,0xda,0x9d,0xfa,0xa5,0xda,0x9d,0xb9,0x95,0x5b,0xb6,0x5b,0xb6,0x13,0x1b,
    0x12,0x1b,0x94,0x33,0xb7,0x6c,0xd7,0x6c,0xd7,0x6c,0xd7,0x6c,0xd7,0x6c,0xd7,0x6c,0xd7,0x6c,0xd7,0x6c,0xd7,0x6c,0xb7,0x6c,0x94,0x33,0x12,0x1b,
    0xa1,0xfc,0xfd,0xff,0xff,0xff,0xff,0xff,0xff,0xff,0xff,0xfd,0xfc,0xa1,0xff,0xff,0xff,0xff,0xff,0xff,0xff,0xff,0xff,0xff,0xff,0xff,0xff,0xff,
    0xfe,0xff,0xff,0xff,0xff,0xff,0xff,0xff,0xff,0xff,0xff,0xff,0xff,0xfe,0xff,0xff,0xff,0xff,0xff,0xff,0xff,0xff,0xff,0xff,0xff,0xff,0xff,0xff,
    0xff,0xff,0xff,0xff,0xff,0xff,0xff,0xff,0xff,0xff,0xff,0xff,0xff,0xff,0xff,0xff,0xff,0xff,0xff,0xff,0xff,0xff,0xff,0xff,0xff,0xff,0xff,0xff,
    0xff,0xff,0xff,0xff,0xff,0xff,0xff,0xff,0xff,0xff,0xff,0xff,0xff,0xff,0xff,0xff,0xff,0xff,0xff,0xff,0xff,0xff,0xff,0xff,0xff,0xff,0xff,0xff,
    0xff,0xff,0xff,0xff,0xff,0xff,0xff,0xff,0xff,0xff,0xff,0xff,0xff,0xff,0xff,0xff,0xff,0xff,0xff,0xff,0xff,0xff,0xff,0xff,0xff,0xff,0xff,0xff,
    0xff,0xff,0xff,0xff,0xff,0xff,0xff,0xff,0xff,0xff,0xff,0xff,0xff,0xff,0xfe,0xff,0xff,0xff,0xff,0xff,0xff,0xff,0xff,0xff,0xff,0xff,0xff,0xfe,
    0xff,0xff,0xff,0xff,0xff,0xff,0xff,0xff,0xff,0xff,0xff,0xff,0xff,0xff,0xa1,0xfc,0xfd,0xff,0xff,0xff,0xff,0xff,0xff,0xff,0xff,0xfd,0xfc,0xa1,

};

const lv_image_dsc_t emoji_elevator_14 = {
  .header.magic = LV_IMAGE_HEADER_MAGIC,
  .header.cf = LV_COLOR_FORMAT_RGB565A8,
  .header.flags = 0,
  .header.w = 14,
  .header.h = 14,
  .header.stride = 28,
  .data_size = sizeof(emoji_elevator_14_map),
  .data = emoji_elevator_14_map,
};




#ifndef LV_ATTRIBUTE_MEM_ALIGN
#define LV_ATTRIBUTE_MEM_ALIGN
#endif

#ifndef LV_ATTRIBUTE_EMOJI_CUCUMBER_14
#define LV_ATTRIBUTE_EMOJI_CUCUMBER_14
#endif

static const
LV_ATTRIBUTE_MEM_ALIGN LV_ATTRIBUTE_LARGE_CONST LV_ATTRIBUTE_EMOJI_CUCUMBER_14
uint8_t emoji_cucumber_14_map[] = {

    0x00,0x00,0x00,0x00,0x00,0x00,0x00,0x00,0x00,0x00,0x00,0x00,0x00,0x00,0x00,0x00,0x4a,0x55,0x00,0x00,0x6a,0x75,0xcb,0x7d,0x8a,0x75,0xa8,0x5c,
    0x00,0x00,0x00,0x00,0x00,0x00,0x00,0x00,0x00,0x00,0x00,0x00,0x00,0x00,0xe7,0x7d,0x00,0x00,0x6a,0x75,0xcb,0x7d,0xaa,0x7d,0xeb,0x7d,0xa7,0x5c,
    0x00,0x00,0x00,0x00,0x00,0x00,0x00,0x00,0x00,0x00,0x00,0x00,0x4a,0x55,0x00,0x00,0x8b,0x7d,0x8a,0x75,0x6a,0x75,0x8a,0x75,0xaa,0x75,0x87,0x5c,
    0x00,0x00,0x00,0x00,0x00,0x00,0x00,0x00,0x00,0x00,0xef,0x7f,0x00,0x00,0xaa,0x75,0xaa,0x7d,0x8a,0x75,0x6a,0x75,0xaa,0x7d,0x6a,0x75,0x66,0x54,
    0x00,0x00,0x00,0x00,0x00,0x00,0x00,0x00,0xef,0x7f,0xe0,0x07,0x4a,0x55,0x8a,0x75,0xcb,0x7d,0x6a,0x75,0x8a,0x75,0x6a,0x75,0xe8,0x64,0x46,0x54,
    0x00,0x00,0x00,0x00,0x00,0x00,0x4a,0x55,0x00,0x00,0x00,0x00,0xaa,0x7d,0xca,0x7d,0x49,0x75,0x8a,0x7d,0xaa,0x7d,0x8a,0x75,0x67,0x5c,0x00,0x00,
    0x00,0x00,0x00,0x00,0xe7,0x7d,0x00,0x00,0x29,0x6d,0xaa,0x7d,0xeb,0x7d,0x6a,0x75,0x8a,0x75,0x29,0x6d,0x8a,0x75,0xc8,0x64,0x67,0x5c,0x00,0x00,
    0x00,0x00,0xe0,0xff,0x00,0x00,0x8a,0x7d,0xcb,0x7d,0x8a,0x75,0x6a,0x75,0x8a,0x75,0x8a,0x75,0x8a,0x75,0x29,0x6d,0x46,0x54,0x00,0x00,0x4a,0x55,
    0xe0,0x07,0xef,0x7b,0xaa,0x7d,0x8a,0x75,0xaa,0x7d,0x8a,0x75,0x8a,0x75,0x6a,0x75,0x8a,0x75,0x69,0x75,0x67,0x5c,0x00,0x00,0x4a,0x55,0x00,0x00,
    0xef,0x7b,0x8a,0x75,0x2b,0x86,0x6a,0x75,0x8a,0x75,0x6a,0x75,0x6a,0x75,0x8a,0x75,0x69,0x75,0x87,0x5c,0x86,0x5c,0xe0,0x7b,0xe0,0x07,0x00,0x00,
    0x8a,0x7d,0xcb,0x7d,0x49,0x75,0x8a,0x7d,0x8a,0x75,0x6a,0x75,0x8a,0x75,0x8a,0x75,0xa7,0x5c,0x46,0x5c,0x00,0x00,0xe0,0x7b,0x00,0x00,0x00,0x00,
    0x8a,0x75,0xcb,0x7d,0x49,0x75,0x8a,0x75,0x49,0x75,0xaa,0x7d,0x8a,0x75,0xa7,0x5c,0x26,0x54,0x00,0x00,0x4a,0x55,0x00,0x00,0x00,0x00,0x00,0x00,
    0x8a,0x75,0x0b,0x86,0xcb,0x7d,0xaa,0x7d,0xaa,0x75,0xe8,0x64,0x87,0x5c,0x47,0x5c,0x00,0x00,0x4a,0x55,0x00,0x00,0x00,0x00,0x00,0x00,0x00,0x00,
    0xe7,0x7d,0x09,0x6d,0x08,0x6d,0xc8,0x64,0xa7,0x5c,0x66,0x54,0x00,0x00,0x00,0x00,0xaa,0x52,0x00,0x00,0x00,0x00,0x00,0x00,0x00,0x00,0x00,0x00,
    0x00,0x00,0x00,0x00,0x00,0x00,0x00,0x00,0x03,0x00,0x4d,0xa9,0xa9,0x1b,0x00,0x00,0x00,0x00,0x00,0x00,0x00,0x04,0x00,0x6e,0xff,0xff,0xff,0x9d,
    0x00,0x00,0x00,0x00,0x00,0x00,0x03,0x00,0x54,0xff,0xfd,0xf9,0xfc,0xb3,0x00,0x00,0x00,0x00,0x00,0x02,0x00,0x1c,0xed,0xfd,0xfd,0xfc,0xff,0x89,
    0x00,0x00,0x00,0x00,0x02,0x01,0x03,0xca,0xff,0xfc,0xff,0xfe,0xfe,0x40,0x00,0x00,0x00,0x03,0x00,0x01,0xb0,0xff,0xfc,0xff,0xfc,0xff,0xbb,0x00,
    0x00,0x00,0x04,0x00,0x17,0xbb,0xff,0xfc,0xff,0xfe,0xfc,0xff,0x31,0x00,0x01,0x01,0x00,0x46,0xe4,0xff,0xfc,0xff,0xff,0xfb,0xff,0x7f,0x00,0x03,
    0x01,0x02,0x80,0xfd,0xff,0xfc,0xff,0xff,0xfb,0xff,0xb0,0x00,0x03,0x01,0x02,0x98,0xff,0xfd,0xfd,0xff,0xff,0xfb,0xff,0xd7,0x0e,0x02,0x01,0x00,
    0x74,0xff,0xf9,0xfe,0xff,0xff,0xfa,0xff,0xe6,0x25,0x00,0x02,0x00,0x00,0xb8,0xfb,0xfa,0xfe,0xfd,0xfd,0xff,0xdc,0x31,0x00,0x03,0x00,0x00,0x00,
    0x7c,0xff,0xff,0xff,0xff,0xff,0xa7,0x1a,0x00,0x03,0x00,0x00,0x00,0x00,0x04,0x86,0xd3,0xd6,0xa9,0x46,0x00,0x00,0x03,0x00,0x00,0x00,0x00,0x00,

};

const lv_image_dsc_t emoji_cucumber_14 = {
  .header.magic = LV_IMAGE_HEADER_MAGIC,
  .header.cf = LV_COLOR_FORMAT_RGB565A8,
  .header.flags = 0,
  .header.w = 14,
  .header.h = 14,
  .header.stride = 28,
  .data_size = sizeof(emoji_cucumber_14_map),
  .data = emoji_cucumber_14_map,
};




#ifndef LV_ATTRIBUTE_MEM_ALIGN
#define LV_ATTRIBUTE_MEM_ALIGN
#endif

#ifndef LV_ATTRIBUTE_EMOJI_PREGNANT_MAN_14
#define LV_ATTRIBUTE_EMOJI_PREGNANT_MAN_14
#endif

static const
LV_ATTRIBUTE_MEM_ALIGN LV_ATTRIBUTE_LARGE_CONST LV_ATTRIBUTE_EMOJI_PREGNANT_MAN_14
uint8_t emoji_pregnant_man_14_map[] = {

    0x00,0x00,0x00,0x00,0xe0,0xff,0x00,0x00,0x00,0x00,0x66,0xfd,0xa6,0xfd,0x86,0xfd,0x66,0xfd,0x00,0x00,0xe0,0xfb,0x00,0x00,0x00,0x00,0x00,0x00,
    0x00,0x00,0xe0,0xff,0xe0,0xff,0xa7,0xfd,0x66,0xfd,0x86,0xfd,0x66,0xfd,0xc6,0xfd,0x66,0xfd,0xc5,0xfd,0xe0,0xff,0x00,0xf8,0x00,0x00,0x00,0x00,
    0x00,0x00,0xe0,0xff,0xe0,0xff,0x65,0xfd,0x66,0xfd,0x29,0xfe,0xc8,0xfd,0xe8,0xfd,0x86,0xfd,0x46,0xfd,0x00,0x00,0x4a,0xfd,0x00,0x00,0x00,0x00,
    0x00,0x00,0x00,0x00,0xef,0xff,0x00,0x00,0x8b,0xf6,0x89,0xd5,0xeb,0xfe,0x8a,0xfe,0x66,0xfd,0x87,0xf5,0x00,0x00,0xe0,0xff,0x00,0x00,0x00,0x00,
    0x00,0x00,0x00,0x00,0x00,0x00,0x4a,0xfd,0x00,0x00,0xea,0xf5,0xab,0xfe,0x2c,0xff,0x29,0xfe,0x00,0x00,0x6c,0xce,0x00,0x00,0x00,0x00,0x00,0x00,
    0x00,0x00,0x00,0x00,0x00,0x00,0x4a,0xad,0xe0,0xff,0xca,0x94,0xeb,0xb5,0xeb,0xf6,0x4b,0xae,0x4a,0x6d,0x00,0x00,0xe7,0x7d,0x00,0x00,0x00,0x00,
    0x00,0x00,0x00,0x00,0x00,0x00,0xe7,0x7d,0x00,0x00,0x69,0x6d,0xcb,0x75,0xaa,0x85,0xeb,0x85,0xcb,0x7d,0x6a,0x75,0x00,0x00,0xef,0x7f,0x00,0x00,
    0x00,0x00,0x00,0x00,0x00,0x00,0xaa,0x52,0xe0,0x07,0x29,0x6d,0xaa,0x7d,0xaa,0x75,0x49,0x75,0x6a,0x75,0xcb,0x7d,0x8a,0x75,0x00,0x00,0xef,0x7f,
    0x00,0x00,0x00,0x00,0x00,0x00,0x00,0x00,0x00,0x00,0xe8,0x64,0x69,0x75,0xab,0x7d,0x6a,0x75,0xe8,0x64,0xeb,0x7d,0x8a,0x75,0xa9,0x6d,0xe0,0x07,
    0x00,0x00,0x00,0x00,0xef,0x7b,0x00,0x00,0xc7,0x64,0x8a,0x75,0x8a,0x75,0x4a,0x6d,0xe8,0x64,0xaa,0x7d,0xcb,0x7d,0x8a,0x75,0xe0,0x7b,0xef,0x7b,
    0x00,0x00,0xaa,0x52,0x00,0x00,0x67,0x5c,0x8a,0x75,0x8a,0x75,0xca,0x8d,0xc9,0xa5,0xaa,0x85,0x8a,0x75,0x4a,0x75,0x00,0x00,0xe0,0xff,0x00,0x00,
    0x00,0x00,0xe7,0x7b,0x00,0x00,0xc7,0x64,0xca,0x7d,0x8a,0x6d,0xea,0xd5,0x6b,0xfe,0x2a,0xb6,0xe8,0x5c,0x00,0x00,0x4a,0x55,0x00,0x00,0x00,0x00,
    0x00,0x00,0x4a,0x55,0x00,0x00,0x87,0x5c,0xaa,0x7d,0x8a,0x75,0xaa,0xa5,0xea,0xcd,0xeb,0x8d,0x8a,0x75,0xef,0x7f,0x4a,0x55,0x00,0x00,0x00,0x00,
    0x00,0x00,0x00,0x00,0xe0,0x07,0xe3,0x4b,0x08,0x65,0xca,0x7d,0x8a,0x75,0x8a,0x6d,0xcb,0x7d,0x8a,0x75,0x00,0x00,0x4a,0x55,0x00,0x00,0x00,0x00,
    0x00,0x00,0x01,0x00,0x00,0x6d,0xc2,0xa8,0x29,0x00,0x02,0x00,0x00,0x00,0x00,0x01,0x01,0x11,0xb9,0xff,0xff,0xff,0xd8,0x0b,0x01,0x01,0x00,0x00,
    0x00,0x01,0x01,0x10,0xdd,0xfe,0xfb,0xfc,0xff,0x33,0x00,0x03,0x00,0x00,0x00,0x00,0x02,0x00,0x1c,0xf8,0xfe,0xff,0xf5,0x1a,0x00,0x01,0x00,0x00,
    0x00,0x00,0x00,0x03,0x00,0x9d,0xff,0xff,0x5f,0x00,0x05,0x00,0x00,0x00,0x00,0x00,0x00,0x03,0x01,0x33,0xf7,0xfd,0xbb,0x4e,0x00,0x04,0x00,0x00,
    0x00,0x00,0x00,0x04,0x00,0x94,0xff,0xfa,0xff,0xff,0x50,0x00,0x02,0x00,0x00,0x00,0x00,0x03,0x01,0xb9,0xff,0xfc,0xfb,0xfd,0xf9,0x49,0x00,0x02,
    0x00,0x00,0x01,0x00,0x00,0xd9,0xff,0xfd,0xff,0xfb,0xff,0xef,0x07,0x01,0x00,0x00,0x02,0x00,0x94,0xff,0xfd,0xff,0xfe,0xff,0xf5,0x65,0x02,0x02,
    0x00,0x03,0x00,0x3b,0xff,0xfe,0xff,0xfd,0xfe,0xdf,0x31,0x00,0x01,0x00,0x00,0x04,0x00,0x72,0xfd,0xfb,0xff,0xfc,0xff,0xb2,0x00,0x06,0x00,0x00,
    0x00,0x03,0x00,0x51,0xff,0xfc,0xff,0xfc,0xff,0xb8,0x02,0x03,0x00,0x00,0x00,0x01,0x01,0x0a,0xd2,0xff,0xfd,0xfc,0xff,0xb7,0x00,0x03,0x00,0x00,

};

const lv_image_dsc_t emoji_pregnant_man_14 = {
  .header.magic = LV_IMAGE_HEADER_MAGIC,
  .header.cf = LV_COLOR_FORMAT_RGB565A8,
  .header.flags = 0,
  .header.w = 14,
  .header.h = 14,
  .header.stride = 28,
  .data_size = sizeof(emoji_pregnant_man_14_map),
  .data = emoji_pregnant_man_14_map,
};




#ifndef LV_ATTRIBUTE_MEM_ALIGN
#define LV_ATTRIBUTE_MEM_ALIGN
#endif

#ifndef LV_ATTRIBUTE_EMOJI_SPEAKING_HEAD_14
#define LV_ATTRIBUTE_EMOJI_SPEAKING_HEAD_14
#endif

static const
LV_ATTRIBUTE_MEM_ALIGN LV_ATTRIBUTE_LARGE_CONST LV_ATTRIBUTE_EMOJI_SPEAKING_HEAD_14
uint8_t emoji_speaking_head_14_map[] = {

    0x1f,0x00,0x00,0x00,0x00,0x00,0x33,0x23,0x53,0x23,0x53,0x23,0x53,0x23,0x33,0x23,0x00,0x00,0x00,0x00,0x00,0x00,0x00,0x00,0x00,0x00,0x00,0x00,
    0xff,0x07,0x13,0x23,0x53,0x23,0x53,0x23,0x54,0x23,0x54,0x23,0x54,0x23,0x53,0x23,0x33,0x23,0xb1,0x1a,0xef,0x03,0x00,0x00,0x00,0x00,0x00,0x00,
    0xef,0x03,0x33,0x23,0x95,0x23,0x33,0x23,0x33,0x23,0x33,0x23,0x33,0x23,0x33,0x23,0x95,0x23,0x33,0x23,0x00,0x00,0xef,0x3b,0x00,0x00,0x00,0x00,
    0x33,0x23,0x54,0x23,0x33,0x23,0x33,0x23,0x33,0x23,0x33,0x23,0x33,0x23,0x33,0x23,0x74,0x23,0x33,0x23,0xb5,0x02,0xef,0x01,0x00,0x00,0x00,0x00,
    0x33,0x23,0x54,0x23,0x33,0x23,0x33,0x23,0x33,0x23,0x33,0x23,0x33,0x23,0x33,0x23,0x74,0x23,0x33,0x23,0x00,0x00,0xef,0x03,0xaa,0xfa,0xe0,0xff,
    0x33,0x23,0x54,0x23,0x33,0x23,0x33,0x23,0x33,0x23,0x33,0x23,0x33,0x23,0x33,0x23,0x33,0x23,0x53,0x23,0x33,0x23,0x91,0x43,0x00,0x00,0x00,0x00,
    0x33,0x23,0x54,0x23,0x33,0x23,0x33,0x23,0x33,0x23,0x33,0x23,0x33,0x23,0x33,0x23,0x33,0x23,0x53,0x23,0x33,0x1b,0x18,0x03,0xa8,0xfb,0x88,0xf3,
    0x73,0x1b,0x33,0x23,0x53,0x23,0x33,0x23,0x33,0x23,0x33,0x23,0x33,0x23,0x33,0x23,0x53,0x23,0x74,0x23,0x4f,0x6b,0xa6,0xfb,0xa8,0xfb,0x88,0xfb,
    0x00,0x00,0x33,0x23,0x74,0x23,0x33,0x23,0x33,0x23,0x33,0x23,0x33,0x23,0x53,0x23,0x33,0x23,0x13,0x1b,0x8c,0x93,0xa7,0xfb,0xa8,0xfb,0xa7,0xfb,
    0x1f,0x00,0xef,0x3b,0x32,0x23,0x53,0x23,0x33,0x23,0x33,0x23,0x33,0x23,0x53,0x23,0x53,0x23,0x33,0x1b,0x47,0xfb,0xa7,0xfb,0xc7,0xfb,0xa7,0xfb,
    0x1f,0x00,0x00,0x00,0x33,0x23,0x54,0x23,0x33,0x23,0x33,0x23,0x53,0x23,0x53,0x23,0x95,0x23,0x33,0x1b,0x88,0xf3,0xa7,0xfb,0xa7,0xfb,0x87,0xf3,
    0x00,0x00,0x32,0x23,0x74,0x23,0x33,0x23,0x33,0x23,0x53,0x23,0x33,0x23,0x33,0x23,0x53,0x23,0x32,0x23,0x00,0x00,0x00,0x00,0xa7,0xfb,0xa7,0xfb,
    0xff,0x07,0x13,0x23,0x53,0x23,0x54,0x23,0x74,0x23,0x33,0x23,0xef,0x03,0xff,0x07,0x00,0x00,0x00,0x00,0x00,0xf8,0x00,0xf8,0x00,0x00,0x00,0x00,
    0x1f,0x00,0x00,0x00,0x6f,0x1a,0x53,0x23,0x32,0x23,0x1f,0x00,0x00,0x00,0x00,0x00,0x00,0x00,0xb5,0x02,0x00,0x00,0x00,0x00,0xaa,0xfa,0xe0,0xfb,
    0x01,0x00,0x00,0x43,0x91,0xad,0x93,0x46,0x00,0x00,0x00,0x00,0x00,0x00,0x01,0x0d,0xa4,0xff,0xff,0xff,0xff,0xff,0xa2,0x09,0x02,0x01,0x00,0x00,
    0x02,0xb1,0xff,0xfd,0xfc,0xfd,0xfc,0xfb,0xff,0x7a,0x00,0x04,0x00,0x00,0x50,0xff,0xfb,0xff,0xff,0xff,0xff,0xfb,0xfc,0xa6,0x03,0x04,0x00,0x00,
    0x9a,0xfe,0xfc,0xff,0xff,0xff,0xff,0xfb,0xff,0x9d,0x00,0x02,0x03,0x01,0xa0,0xfe,0xfc,0xff,0xff,0xff,0xff,0xfe,0xfe,0xf2,0x78,0x0b,0x00,0x00,
    0x66,0xff,0xfd,0xff,0xff,0xff,0xff,0xff,0xfb,0xff,0xdd,0x0d,0x4e,0x2f,0x10,0xe0,0xff,0xfd,0xff,0xff,0xff,0xff,0xff,0xff,0x4b,0x9f,0xa6,0x1b,
    0x00,0x57,0xff,0xfc,0xff,0xff,0xfd,0xfe,0xd2,0x73,0x1b,0x87,0x73,0x64,0x01,0x04,0xdc,0xff,0xfd,0xff,0xfb,0xfc,0xd4,0x3e,0x0c,0x88,0x78,0x6b,
    0x01,0x00,0xc9,0xff,0xfc,0xfe,0xff,0xff,0xff,0xee,0x1b,0xab,0xa2,0x1b,0x00,0x45,0xff,0xfb,0xfc,0xff,0xd7,0xd4,0xcc,0x7b,0x00,0x00,0x52,0x30,
    0x01,0x24,0xcd,0xff,0xff,0x81,0x02,0x01,0x00,0x00,0x01,0x01,0x00,0x00,0x01,0x00,0x0a,0x5a,0x60,0x01,0x00,0x01,0x01,0x03,0x00,0x00,0x03,0x02,

};

const lv_image_dsc_t emoji_speaking_head_14 = {
  .header.magic = LV_IMAGE_HEADER_MAGIC,
  .header.cf = LV_COLOR_FORMAT_RGB565A8,
  .header.flags = 0,
  .header.w = 14,
  .header.h = 14,
  .header.stride = 28,
  .data_size = sizeof(emoji_speaking_head_14_map),
  .data = emoji_speaking_head_14_map,
};




#ifndef LV_ATTRIBUTE_MEM_ALIGN
#define LV_ATTRIBUTE_MEM_ALIGN
#endif

#ifndef LV_ATTRIBUTE_EMOJI_PHONE_14
#define LV_ATTRIBUTE_EMOJI_PHONE_14
#endif

static const
LV_ATTRIBUTE_MEM_ALIGN LV_ATTRIBUTE_LARGE_CONST LV_ATTRIBUTE_EMOJI_PHONE_14
uint8_t emoji_phone_14_map[] = {

    0x00,0xf8,0x0a,0xf8,0x00,0x00,0x00,0x00,0x00,0x00,0x00,0x00,0x00,0x00,0x00,0x00,0x00,0x00,0x00,0x00,0x00,0x00,0x00,0x00,0x0a,0xf8,0x00,0xf8,
    0x00,0x00,0x00,0x00,0xa5,0xb8,0xc6,0xc0,0xc6,0xc0,0xa5,0xb8,0xc6,0xb8,0xc6,0xb8,0xa5,0xb8,0xc6,0xc0,0xc6,0xc0,0xa5,0xb8,0x00,0x00,0x00,0x00,
    0x87,0xc0,0xc6,0xc0,0xc6,0xc0,0xc6,0xc0,0xe6,0xc8,0xe7,0xd0,0xc6,0xc8,0xc6,0xc8,0xe7,0xd0,0xe6,0xc8,0xc6,0xc0,0xc6,0xc0,0xc6,0xc0,0x87,0xc0,
    0xc6,0xb8,0xc6,0xc8,0xc6,0xc0,0xa5,0xb8,0x48,0xd1,0x68,0xd9,0xc6,0xb8,0xc6,0xb8,0x68,0xd9,0x48,0xd1,0xa5,0xb8,0xc6,0xc0,0xc6,0xc8,0xc6,0xb8,
    0xc6,0xc8,0xc6,0xb8,0xc6,0xb8,0x27,0xc9,0x27,0xd9,0x27,0xd9,0x07,0xd1,0x07,0xd1,0x27,0xd9,0x27,0xd9,0x27,0xc9,0xc6,0xb8,0xc6,0xb8,0xc6,0xc8,
    0xc6,0xb8,0xc6,0xc0,0x27,0xc9,0x47,0xd9,0x4f,0xe3,0xd1,0xeb,0x90,0xeb,0xb0,0xeb,0xd1,0xeb,0x4f,0xe3,0x47,0xd9,0x27,0xc9,0xc6,0xc0,0xc6,0xb8,
    0x06,0x98,0x47,0xd1,0x68,0xe1,0x68,0xd9,0x39,0xf6,0xf4,0xec,0x76,0xf5,0x76,0xf5,0xf4,0xec,0x39,0xf6,0x68,0xd9,0x68,0xe1,0x47,0xd1,0x06,0x98,
    0xaa,0xfa,0x68,0xd9,0x89,0xe9,0xd0,0xeb,0x59,0xf6,0x90,0xeb,0x97,0xf5,0x97,0xf5,0x90,0xeb,0x59,0xf6,0xd0,0xeb,0x89,0xe9,0x68,0xd9,0xaa,0xfa,
    0x88,0xd9,0x68,0xe9,0xea,0xd9,0xfc,0xfe,0x1c,0xff,0xf1,0xeb,0xdb,0xfe,0xdb,0xfe,0xf1,0xeb,0x1c,0xff,0xfc,0xfe,0xea,0xd9,0x68,0xe9,0x88,0xd9,
    0x68,0xd9,0x88,0xe1,0x48,0xd9,0x68,0xd9,0xa9,0xd9,0x47,0xd9,0x89,0xd9,0x89,0xd9,0x47,0xd9,0xa9,0xd9,0x68,0xd9,0x48,0xd9,0x88,0xe1,0x68,0xd9,
    0x68,0xe1,0x68,0xd9,0x68,0xd9,0x68,0xd9,0x48,0xd9,0x68,0xd9,0x68,0xd9,0x68,0xd9,0x68,0xd9,0x48,0xd9,0x68,0xd9,0x68,0xd9,0x68,0xd9,0x68,0xe1,
    0x68,0xd9,0x89,0xf1,0x89,0xe9,0x89,0xe9,0x89,0xe9,0x89,0xe9,0x89,0xe9,0x89,0xe9,0x89,0xe9,0x89,0xe9,0x89,0xe9,0x89,0xe9,0x89,0xf1,0x68,0xd9,
    0x48,0xe1,0x68,0xe1,0x68,0xd9,0x68,0xd9,0x68,0xd9,0x68,0xd9,0x68,0xd9,0x68,0xd9,0x68,0xd9,0x68,0xd9,0x68,0xd9,0x68,0xd9,0x68,0xe1,0x48,0xe1,
    0x00,0x00,0x00,0x00,0x00,0x00,0x00,0x00,0x00,0x00,0x00,0x00,0x00,0x00,0x00,0x00,0x00,0x00,0x00,0x00,0x00,0x00,0x00,0x00,0x00,0x00,0x00,0x00,
    0x01,0x03,0x00,0x00,0x00,0x00,0x00,0x00,0x00,0x00,0x00,0x00,0x03,0x01,0x00,0x00,0x0b,0x34,0x55,0x6c,0x6f,0x6f,0x6c,0x55,0x34,0x0b,0x00,0x00,
    0x0d,0x8b,0xe4,0xff,0xff,0xff,0xff,0xff,0xff,0xff,0xff,0xe4,0x8b,0x0d,0xbc,0xff,0xff,0xfe,0xfc,0xfb,0xfb,0xfb,0xfb,0xfc,0xfe,0xff,0xff,0xbc,
    0xff,0xfc,0xfe,0xff,0xff,0xff,0xff,0xff,0xff,0xff,0xff,0xfe,0xfc,0xff,0xc6,0xff,0xfe,0xff,0xff,0xff,0xff,0xff,0xff,0xff,0xff,0xfe,0xff,0xc6,
    0x05,0x71,0xff,0xfd,0xff,0xff,0xff,0xff,0xff,0xff,0xfd,0xff,0x71,0x05,0x03,0xc0,0xff,0xfc,0xff,0xff,0xff,0xff,0xff,0xff,0xfc,0xff,0xc0,0x03,
    0x69,0xff,0xfd,0xff,0xff,0xff,0xff,0xff,0xff,0xff,0xff,0xfd,0xff,0x69,0xe3,0xfe,0xfe,0xff,0xff,0xff,0xff,0xff,0xff,0xff,0xff,0xfe,0xfe,0xe3,
    0xff,0xfb,0xfb,0xfb,0xfb,0xfb,0xfb,0xfb,0xfb,0xfb,0xfb,0xfb,0xfb,0xff,0xc2,0xff,0xff,0xff,0xff,0xff,0xff,0xff,0xff,0xff,0xff,0xff,0xff,0xc2,
    0x13,0x69,0x6f,0x6f,0x6f,0x6f,0x6f,0x6f,0x6f,0x6f,0x6f,0x6f,0x69,0x13,0x00,0x00,0x00,0x00,0x00,0x00,0x00,0x00,0x00,0x00,0x00,0x00,0x00,0x00,

};

const lv_image_dsc_t emoji_phone_14 = {
  .header.magic = LV_IMAGE_HEADER_MAGIC,
  .header.cf = LV_COLOR_FORMAT_RGB565A8,
  .header.flags = 0,
  .header.w = 14,
  .header.h = 14,
  .header.stride = 28,
  .data_size = sizeof(emoji_phone_14_map),
  .data = emoji_phone_14_map,
};




#ifndef LV_ATTRIBUTE_MEM_ALIGN
#define LV_ATTRIBUTE_MEM_ALIGN
#endif

#ifndef LV_ATTRIBUTE_EMOJI_DOG_14
#define LV_ATTRIBUTE_EMOJI_DOG_14
#endif

static const
LV_ATTRIBUTE_MEM_ALIGN LV_ATTRIBUTE_LARGE_CONST LV_ATTRIBUTE_EMOJI_DOG_14
uint8_t emoji_dog_14_map[] = {

    0xe7,0x39,0xf7,0xfd,0x00,0x00,0x00,0x00,0x00,0x00,0x00,0x00,0x00,0x00,0x00,0x00,0x00,0x00,0x00,0x00,0xff,0xff,0x00,0x00,0x00,0x00,0x4a,0xad,
    0x00,0x00,0x00,0x00,0xcf,0xd4,0x51,0xe5,0xa8,0x9a,0x60,0x50,0xff,0xff,0x00,0x78,0x00,0x00,0x00,0x00,0x00,0x00,0x00,0x00,0x8d,0xdc,0x00,0x00,
    0x65,0x29,0xf5,0xed,0x4e,0xbc,0xed,0xa3,0xa4,0x81,0xe2,0x60,0xef,0xfb,0xe7,0x79,0xe7,0xbb,0x4a,0xfd,0xf0,0xd4,0xf0,0xdc,0x10,0xdd,0xf0,0xdc,
    0x0b,0x73,0x77,0xfe,0xf5,0xf5,0x2d,0xbc,0xe1,0x60,0xa1,0x58,0x00,0x00,0x00,0x00,0x00,0x00,0x00,0x00,0x10,0xdd,0xf0,0xdc,0x10,0xdd,0xf0,0xdc,
    0xf8,0xfe,0x76,0xfe,0x36,0xf6,0x30,0xe5,0xe9,0x9a,0xe9,0xa2,0x51,0xe5,0x6a,0xbb,0x6a,0xc3,0x2a,0xc3,0x6e,0xd4,0x00,0x00,0x00,0x00,0xf0,0xdc,
    0x00,0x00,0x37,0xf6,0x15,0xee,0x52,0xe5,0x71,0xed,0x31,0xe5,0x10,0xdd,0x2d,0xcc,0x29,0xc3,0x29,0xc3,0x8e,0xd4,0x10,0xdd,0xf0,0xdc,0xf0,0xdc,
    0x00,0x00,0x00,0x00,0x00,0x00,0x56,0xf6,0x92,0xed,0xcf,0xd4,0xf0,0xdc,0xf0,0xdc,0x2d,0xcc,0x4d,0xcc,0xf0,0xdc,0x71,0xed,0xf0,0xdc,0x00,0x00,
    0x00,0x00,0xb5,0xfe,0xef,0xff,0x77,0xfe,0xf4,0xf5,0xcf,0xd4,0xf0,0xdc,0xf0,0xdc,0x10,0xdd,0xf0,0xdc,0xf0,0xdc,0x31,0xe5,0xf0,0xdc,0xff,0xff,
    0x00,0x00,0xef,0xfb,0x00,0x00,0xda,0xfe,0xf5,0xed,0xf0,0xdc,0xf0,0xdc,0xf0,0xdc,0x31,0xe5,0x52,0xe5,0xf0,0xdc,0x51,0xe5,0xf0,0xdc,0x00,0x00,
    0x00,0x00,0x00,0x00,0xff,0xff,0x00,0x00,0xaf,0xd4,0x31,0xe5,0x52,0xe5,0xb4,0xed,0x15,0xf6,0xf0,0xdc,0xf0,0xdc,0x51,0xed,0xf0,0xdc,0x00,0x00,
    0x00,0x00,0x00,0x00,0xaa,0xaa,0xff,0xff,0x29,0xbb,0x30,0xed,0x51,0xe5,0x9c,0xff,0x00,0x00,0xa7,0xb2,0xec,0xcb,0x30,0xe5,0xf0,0xdc,0x00,0x00,
    0x00,0x00,0x00,0x00,0xaa,0xaa,0x00,0x00,0x09,0xbb,0xcf,0xec,0x10,0xdd,0x00,0x00,0xff,0xff,0x00,0x00,0x09,0xbb,0xcc,0xcb,0x10,0xdd,0xcf,0xd4,
    0x00,0x00,0x00,0x00,0x00,0x00,0x09,0xc3,0x29,0xbb,0x0c,0xcc,0x10,0xdd,0x6e,0xc4,0x00,0x78,0xe7,0xbb,0x4a,0xc3,0x08,0xbb,0x31,0xdd,0xcf,0xd4,
    0x00,0x00,0xaa,0xaa,0x00,0x00,0x6a,0xc3,0x29,0xc3,0xaf,0xd4,0xf0,0xdc,0xec,0xcb,0x00,0x00,0xcb,0xd3,0x4a,0xc3,0x29,0xbb,0x10,0xdd,0xf0,0xdc,
    0x04,0x04,0x00,0x00,0x00,0x00,0x00,0x00,0x00,0x00,0x01,0x00,0x00,0x03,0x00,0x00,0x34,0xc6,0xbd,0x31,0x01,0x02,0x00,0x00,0x00,0x00,0x07,0x00,
    0x66,0x73,0xe4,0xff,0xff,0xb8,0x02,0x04,0x04,0x03,0x1f,0xd4,0xee,0x61,0xdc,0xff,0xff,0xf9,0xfc,0xdd,0x00,0x00,0x00,0x00,0x44,0x78,0x60,0xf6,
    0x66,0xfa,0xfa,0xff,0xfe,0xf6,0x45,0x1c,0x31,0x36,0x32,0x00,0x00,0xe9,0x00,0x2d,0x29,0xc0,0xff,0xfe,0xfe,0xf5,0xff,0xff,0xff,0xd5,0xb6,0x8b,
    0x00,0x00,0x00,0x75,0xff,0xfa,0xff,0xff,0xff,0xfe,0xfc,0xff,0xba,0x00,0x00,0x06,0x02,0x58,0xff,0xfc,0xfe,0xfd,0xfc,0xfe,0xfc,0xfd,0xb0,0x01,
    0x00,0x02,0x00,0x1c,0xf3,0xff,0xff,0xff,0xff,0xff,0xfb,0xff,0xa7,0x00,0x00,0x00,0x01,0x00,0xc7,0xff,0xf6,0xef,0xcf,0xf4,0xfd,0xff,0x92,0x00,
    0x00,0x00,0x03,0x01,0xb4,0xfe,0x9e,0x15,0x00,0x5b,0xfb,0xff,0xc0,0x00,0x00,0x00,0x03,0x00,0xb3,0xff,0xbc,0x00,0x01,0x00,0xd5,0xaf,0xee,0x35,
    0x00,0x01,0x01,0x0d,0xd9,0xd6,0xdf,0x09,0x02,0x04,0xd4,0x81,0xae,0x9c,0x00,0x03,0x00,0x4d,0xc7,0xbd,0xd4,0x0a,0x00,0x11,0xc7,0x59,0xb3,0xa9,

};

const lv_image_dsc_t emoji_dog_14 = {
  .header.magic = LV_IMAGE_HEADER_MAGIC,
  .header.cf = LV_COLOR_FORMAT_RGB565A8,
  .header.flags = 0,
  .header.w = 14,
  .header.h = 14,
  .header.stride = 28,
  .data_size = sizeof(emoji_dog_14_map),
  .data = emoji_dog_14_map,
};




#ifndef LV_ATTRIBUTE_MEM_ALIGN
#define LV_ATTRIBUTE_MEM_ALIGN
#endif

#ifndef LV_ATTRIBUTE_EMOJI_LADYBUG_14
#define LV_ATTRIBUTE_EMOJI_LADYBUG_14
#endif

static const
LV_ATTRIBUTE_MEM_ALIGN LV_ATTRIBUTE_LARGE_CONST LV_ATTRIBUTE_EMOJI_LADYBUG_14
uint8_t emoji_ladybug_14_map[] = {

    0x00,0x00,0x00,0x00,0x00,0x00,0xe7,0x39,0x00,0x00,0xa7,0x31,0xc7,0x31,0xc7,0x31,0xa7,0x31,0x00,0x00,0xe7,0x39,0x00,0x00,0x00,0x00,0x00,0x00,
    0x00,0x00,0x00,0x00,0xef,0x03,0xaa,0x52,0xa7,0x31,0xc7,0x31,0xc7,0x31,0xc7,0x31,0xc7,0x31,0xa7,0x31,0xaa,0x52,0xef,0x03,0x00,0x00,0x00,0x00,
    0x00,0x00,0x00,0x00,0x86,0x61,0x00,0x00,0xa7,0x21,0xe8,0x29,0xa7,0x29,0xa7,0x29,0xe8,0x21,0xa7,0x21,0x00,0x00,0x86,0x61,0x00,0x00,0x00,0x00,
    0xa7,0x29,0xa7,0x31,0x00,0x00,0xa7,0x19,0xa8,0x51,0x88,0x81,0xa7,0x59,0xa7,0x59,0x88,0x81,0xa8,0x59,0xa7,0x21,0x00,0x00,0xa7,0x31,0x87,0x31,
    0xa7,0x31,0xa7,0x29,0xa7,0x59,0x88,0xa1,0x68,0xe1,0x68,0xf9,0x88,0x91,0x88,0x91,0x68,0xf1,0x88,0xa9,0xa8,0x99,0xa7,0x69,0xa7,0x29,0xc7,0x31,
    0x45,0x51,0xa7,0x21,0x88,0xa9,0x68,0xf9,0xa7,0x61,0xa7,0x61,0x88,0x91,0x88,0x99,0x88,0xa1,0xc7,0x01,0x88,0xa1,0x88,0xb9,0xa7,0x19,0x86,0x61,
    0x00,0x00,0x68,0xf9,0x88,0xd9,0x68,0xf1,0x88,0x99,0x88,0x99,0x88,0x91,0x88,0x91,0x68,0xe1,0x88,0x71,0x88,0xb9,0x68,0xe1,0x49,0xf9,0x00,0x00,
    0xa7,0x21,0xa7,0x71,0x68,0xe1,0x88,0x79,0x88,0x99,0x68,0xf9,0x88,0x89,0x88,0x91,0x88,0x91,0x68,0xc1,0x68,0xe9,0x68,0xe9,0xa7,0x69,0xa7,0x21,
    0xc7,0x21,0x88,0xa1,0x88,0xb1,0xc7,0x11,0xc7,0x21,0x68,0xd9,0x88,0x91,0x88,0x91,0x88,0x91,0x88,0xb9,0xa7,0x61,0xa8,0x89,0x88,0xa9,0xc7,0x21,
    0x00,0x00,0xe9,0xf8,0x68,0xd1,0xa7,0x69,0x88,0x89,0x68,0xf9,0x88,0x89,0x88,0x89,0x68,0xf9,0x68,0xe1,0xa8,0x71,0x88,0x89,0xe9,0xf8,0x00,0x00,
    0xe7,0x39,0xa7,0x21,0x88,0xb9,0x68,0xf9,0x88,0xa9,0x88,0xa9,0x88,0x91,0x88,0x91,0x88,0x91,0xa7,0x39,0x68,0xc9,0x88,0xc1,0xa7,0x21,0xe7,0x39,
    0xa7,0x39,0xa7,0x21,0x68,0xc9,0x68,0xe9,0xa8,0x61,0xa7,0x59,0x88,0x91,0x88,0x91,0xa7,0x59,0xc7,0x09,0xa8,0x91,0x68,0xf9,0xc7,0x21,0xc7,0x39,
    0x86,0x31,0xe7,0x79,0x00,0x00,0x48,0xd9,0x88,0xd9,0x89,0xf1,0xa8,0x91,0xa8,0x99,0x88,0xd9,0x88,0x91,0x68,0xc1,0x00,0x00,0xe7,0x59,0x86,0x31,
    0x00,0x00,0x00,0x00,0xaa,0xaa,0x00,0x00,0x47,0xe1,0x68,0xf1,0x88,0xb1,0x88,0xb1,0x68,0xf1,0x48,0xf9,0x00,0x00,0xaa,0xaa,0x00,0x00,0x00,0x00,
    0x00,0x00,0x00,0x04,0x00,0x8d,0xa2,0xa3,0x8c,0x00,0x04,0x00,0x00,0x00,0x01,0x02,0x02,0x03,0x38,0xe8,0xff,0xff,0xe8,0x38,0x03,0x02,0x02,0x01,
    0x00,0x00,0x05,0x00,0xb1,0xff,0xfa,0xfa,0xff,0xb1,0x00,0x05,0x00,0x00,0x18,0x25,0x00,0x6c,0xf6,0xfc,0xfe,0xfe,0xfc,0xf6,0x6c,0x00,0x25,0x19,
    0x43,0xb8,0x2f,0xff,0xff,0xfe,0xff,0xff,0xfe,0xff,0xff,0x30,0xb9,0x44,0x06,0x9e,0xe4,0xfc,0xfd,0xff,0xff,0xff,0xff,0xfd,0xfc,0xe7,0x9c,0x05,
    0x00,0x1b,0xff,0xfe,0xff,0xff,0xff,0xff,0xff,0xff,0xfe,0xff,0x18,0x00,0x9b,0xb8,0xfd,0xfe,0xff,0xff,0xff,0xff,0xff,0xff,0xff,0xfd,0xb8,0x9b,
    0x3f,0x71,0xff,0xfe,0xff,0xff,0xff,0xff,0xff,0xff,0xfe,0xff,0x71,0x3f,0x00,0x10,0xfc,0xfe,0xfe,0xff,0xff,0xff,0xff,0xfe,0xfe,0xfc,0x10,0x00,
    0x04,0x8e,0xf6,0xfd,0xfd,0xff,0xff,0xff,0xff,0xfd,0xfd,0xf8,0x8e,0x04,0x3c,0xaf,0x3d,0xff,0xff,0xfb,0xfd,0xfd,0xfb,0xff,0xff,0x3e,0xb0,0x3b,
    0x0a,0x08,0x00,0x57,0xed,0xff,0xff,0xff,0xff,0xed,0x57,0x00,0x08,0x0a,0x00,0x00,0x03,0x00,0x24,0x8c,0x74,0x74,0x8c,0x24,0x00,0x03,0x00,0x00,

};

const lv_image_dsc_t emoji_ladybug_14 = {
  .header.magic = LV_IMAGE_HEADER_MAGIC,
  .header.cf = LV_COLOR_FORMAT_RGB565A8,
  .header.flags = 0,
  .header.w = 14,
  .header.h = 14,
  .header.stride = 28,
  .data_size = sizeof(emoji_ladybug_14_map),
  .data = emoji_ladybug_14_map,
};




#ifndef LV_ATTRIBUTE_MEM_ALIGN
#define LV_ATTRIBUTE_MEM_ALIGN
#endif

#ifndef LV_ATTRIBUTE_EMOJI_PUSHPIN_14
#define LV_ATTRIBUTE_EMOJI_PUSHPIN_14
#endif

static const
LV_ATTRIBUTE_MEM_ALIGN LV_ATTRIBUTE_LARGE_CONST LV_ATTRIBUTE_EMOJI_PUSHPIN_14
uint8_t emoji_pushpin_14_map[] = {

    0x00,0x00,0x00,0x00,0x00,0xf8,0x00,0xf8,0x67,0xc9,0x68,0xe1,0x68,0xe1,0x68,0xe1,0x68,0xe1,0x67,0xc9,0x00,0xf8,0x00,0xf8,0x00,0x00,0x00,0x00,
    0x00,0x00,0x00,0x00,0x0f,0xf8,0x00,0x00,0x68,0xd9,0x89,0xf1,0x68,0xd9,0x68,0xd9,0x89,0xf1,0x68,0xd9,0x00,0x00,0x0f,0xf8,0x00,0x00,0x00,0x00,
    0x00,0x00,0x0f,0x78,0x00,0x00,0x69,0xe1,0x68,0xd9,0x68,0xd9,0x68,0xd9,0x68,0xd9,0x68,0xd9,0x68,0xd9,0x69,0xe1,0x00,0x00,0x0f,0x78,0x00,0x00,
    0x00,0x00,0x0f,0xf8,0x00,0x00,0xa9,0xe1,0x68,0xd9,0x68,0xd9,0x68,0xd9,0x68,0xd9,0x68,0xd9,0x68,0xd9,0xa9,0xe1,0x00,0x00,0x0f,0xf8,0x00,0x00,
    0x00,0x00,0x00,0x00,0x00,0xf8,0xe7,0xb9,0x68,0xd9,0x89,0xe9,0x68,0xd9,0x68,0xd9,0x89,0xe9,0x68,0xd9,0xe7,0xb9,0x00,0xf8,0x00,0x00,0x00,0x00,
    0x00,0x00,0x00,0x00,0x0f,0xf8,0x00,0x00,0x68,0xd9,0x88,0xe1,0x68,0xe1,0x68,0xe1,0x88,0xe1,0x68,0xd9,0x00,0x00,0x0f,0xf8,0x00,0x00,0x00,0x00,
    0x00,0x00,0x00,0x00,0x00,0x00,0x55,0xad,0x00,0x00,0x15,0x95,0x94,0xac,0x94,0xac,0x15,0x95,0x00,0x00,0x55,0xad,0x00,0x00,0x00,0x00,0x00,0x00,
    0x00,0x00,0x00,0x00,0x00,0x00,0xef,0x7b,0x00,0x78,0x57,0x9d,0x77,0x95,0x77,0x95,0x57,0x9d,0x00,0x78,0xef,0x7b,0x00,0x00,0x00,0x00,0x00,0x00,
    0x00,0x00,0x00,0x00,0x00,0x00,0xff,0xff,0x00,0x00,0x55,0x8d,0x56,0x9d,0x56,0x9d,0x55,0x8d,0x00,0x00,0xff,0xff,0x00,0x00,0x00,0x00,0x00,0x00,
    0x00,0x00,0x00,0x00,0x00,0x00,0x00,0x00,0x00,0x00,0x00,0x00,0x56,0x9d,0x56,0x9d,0x00,0x00,0x00,0x00,0x00,0x00,0x00,0x00,0x00,0x00,0x00,0x00,
    0x00,0x00,0x00,0x00,0x00,0x00,0x00,0x00,0x55,0xad,0x00,0x00,0x56,0x9d,0x56,0x9d,0x00,0x00,0x55,0xad,0x00,0x00,0x00,0x00,0x00,0x00,0x00,0x00,
    0x00,0x00,0x00,0x00,0x00,0x00,0x00,0x00,0xf7,0x7d,0x00,0x00,0x77,0x9d,0x77,0x9d,0x00,0x00,0xf7,0x7d,0x00,0x00,0x00,0x00,0x00,0x00,0x00,0x00,
    0x00,0x00,0x00,0x00,0x00,0x00,0x00,0x00,0x55,0xad,0xa2,0x10,0x93,0x84,0x93,0x84,0xa2,0x10,0x55,0xad,0x00,0x00,0x00,0x00,0x00,0x00,0x00,0x00,
    0x00,0x00,0x00,0x00,0x00,0x00,0xaa,0x52,0x00,0x00,0x25,0x19,0x08,0x3a,0x08,0x3a,0x25,0x19,0x00,0x00,0xaa,0x52,0x00,0x00,0x00,0x00,0x00,0x00,
    0x00,0x00,0x01,0x01,0x10,0xa8,0xf8,0xf8,0xa8,0x10,0x01,0x01,0x00,0x00,0x00,0x00,0x02,0x00,0xa7,0xff,0xfd,0xfd,0xff,0xa7,0x00,0x02,0x00,0x00,
    0x00,0x02,0x00,0x1c,0xfc,0xfd,0xfe,0xfe,0xfd,0xfc,0x1c,0x00,0x02,0x00,0x00,0x02,0x00,0x22,0xfd,0xfd,0xfe,0xfe,0xfd,0xfd,0x22,0x00,0x02,0x00,
    0x00,0x00,0x02,0x04,0xc9,0xff,0xfc,0xfc,0xff,0xc9,0x04,0x02,0x00,0x00,0x00,0x00,0x02,0x00,0x28,0xd1,0xfd,0xfd,0xd1,0x28,0x00,0x02,0x00,0x00,
    0x00,0x00,0x00,0x03,0x00,0x33,0xff,0xff,0x33,0x00,0x03,0x00,0x00,0x00,0x00,0x00,0x00,0x02,0x02,0x1e,0xfa,0xfa,0x1e,0x02,0x02,0x00,0x00,0x00,
    0x00,0x00,0x00,0x01,0x00,0x09,0xeb,0xeb,0x09,0x00,0x01,0x00,0x00,0x00,0x00,0x00,0x00,0x00,0x01,0x00,0xd7,0xd7,0x00,0x01,0x00,0x00,0x00,0x00,
    0x00,0x00,0x00,0x00,0x03,0x01,0xbe,0xbe,0x01,0x03,0x00,0x00,0x00,0x00,0x00,0x00,0x00,0x00,0x04,0x00,0x95,0x95,0x00,0x04,0x00,0x00,0x00,0x00,
    0x00,0x00,0x00,0x00,0x03,0x0c,0x8b,0x8b,0x0c,0x03,0x00,0x00,0x00,0x00,0x00,0x00,0x00,0x03,0x00,0x60,0xf9,0xf9,0x60,0x00,0x03,0x00,0x00,0x00,

};

const lv_image_dsc_t emoji_pushpin_14 = {
  .header.magic = LV_IMAGE_HEADER_MAGIC,
  .header.cf = LV_COLOR_FORMAT_RGB565A8,
  .header.flags = 0,
  .header.w = 14,
  .header.h = 14,
  .header.stride = 28,
  .data_size = sizeof(emoji_pushpin_14_map),
  .data = emoji_pushpin_14_map,
};




#ifndef LV_ATTRIBUTE_MEM_ALIGN
#define LV_ATTRIBUTE_MEM_ALIGN
#endif

#ifndef LV_ATTRIBUTE_EMOJI_OWL_14
#define LV_ATTRIBUTE_EMOJI_OWL_14
#endif

static const
LV_ATTRIBUTE_MEM_ALIGN LV_ATTRIBUTE_LARGE_CONST LV_ATTRIBUTE_EMOJI_OWL_14
uint8_t emoji_owl_14_map[] = {

    0xef,0xfb,0x00,0x00,0x6a,0xc3,0xc8,0xaa,0x61,0x50,0x00,0x30,0xe2,0x60,0xe2,0x60,0x00,0x30,0x61,0x50,0xc8,0xaa,0x6a,0xc3,0x00,0x00,0xef,0xfb,
    0xe7,0xbb,0x00,0x00,0x29,0xbb,0xaa,0xd3,0x0a,0xd4,0x86,0x9a,0x02,0x69,0x02,0x69,0x86,0x9a,0x0a,0xd4,0xaa,0xd3,0x29,0xbb,0x00,0x00,0xe7,0xbb,
    0xe7,0xbb,0x00,0x00,0xe9,0xba,0x4d,0xed,0xed,0xac,0xae,0xdd,0x08,0xb3,0x08,0xb3,0xae,0xdd,0xed,0xac,0x4d,0xed,0xe9,0xba,0x00,0x00,0xe7,0xbb,
    0xe7,0xbb,0x00,0x00,0x87,0xaa,0x2f,0xfe,0x27,0x3a,0x6c,0x9c,0xec,0xe4,0xec,0xe4,0x6c,0x9c,0x27,0x3a,0x2f,0xfe,0x87,0xaa,0x00,0x00,0xe7,0xbb,
    0xe0,0x79,0x00,0x00,0xe2,0x60,0x89,0xc3,0xee,0xed,0x4d,0xe5,0x49,0xfe,0x49,0xfe,0x4d,0xe5,0xee,0xed,0x89,0xc3,0xc2,0x60,0x00,0x00,0x80,0x61,
    0x00,0x78,0xe0,0xff,0xc1,0x58,0xe5,0x89,0x4a,0xc3,0x29,0xc3,0xe4,0xf4,0x04,0xf5,0x29,0xc3,0x4a,0xc3,0xe5,0x89,0xc1,0x58,0x00,0x00,0x00,0x78,
    0x00,0x00,0x23,0x71,0xe2,0x60,0xc8,0xaa,0x6a,0xc3,0x2a,0xbb,0x48,0xc3,0x48,0xc3,0x4a,0xbb,0x6a,0xc3,0xc8,0xaa,0xe2,0x60,0x43,0x71,0x00,0x00,
    0x00,0x00,0x22,0x69,0xe2,0x60,0xa8,0xaa,0x6a,0xc3,0x49,0xc3,0x4a,0xc3,0x4a,0xc3,0x49,0xc3,0x6a,0xc3,0xa8,0xaa,0xe2,0x60,0x22,0x69,0x00,0x00,
    0x00,0x00,0xc4,0x71,0xe1,0x58,0x67,0x9a,0x6a,0xc3,0x49,0xc3,0x49,0xc3,0x49,0xc3,0x49,0xc3,0x6a,0xc3,0x67,0xa2,0xc1,0x58,0xe5,0x79,0x00,0x00,
    0x00,0x50,0x00,0x00,0xe1,0x58,0xc4,0x89,0x6a,0xcb,0x29,0xbb,0x49,0xc3,0x49,0xc3,0x29,0xbb,0x6a,0xcb,0xc4,0x89,0xc1,0x58,0x00,0x00,0x00,0x50,
    0x00,0xa8,0x00,0x00,0x02,0x61,0xa1,0x58,0x87,0xa2,0x8a,0xcb,0x29,0xbb,0x29,0xbb,0x8a,0xcb,0x87,0xa2,0xa1,0x58,0x02,0x61,0x00,0x00,0x00,0x50,
    0x00,0x00,0x00,0x00,0xe7,0xfd,0x84,0xbb,0xa3,0x81,0x88,0xaa,0x8a,0xcb,0x8a,0xcb,0x88,0xaa,0xa3,0x81,0x84,0xbb,0x4a,0xfd,0x00,0x00,0x00,0x00,
    0xe0,0xff,0xe0,0xff,0xc6,0xcc,0xc6,0xfd,0x66,0xfd,0x63,0x9a,0x26,0x92,0x26,0x92,0x63,0x9a,0x66,0xfd,0xc6,0xfd,0xc6,0xe4,0xe0,0xff,0xe0,0xff,
    0x00,0x00,0x4a,0xfd,0x00,0x00,0x06,0xf5,0xc6,0xfd,0xc7,0xfe,0x00,0x00,0x00,0x00,0xc7,0xfe,0xc6,0xfd,0x06,0xf5,0x00,0x00,0x4a,0xfd,0x00,0x00,
    0x02,0x00,0x2c,0xaa,0x5d,0x33,0x40,0x40,0x33,0x5d,0xaa,0x2c,0x00,0x02,0x04,0x00,0x75,0xff,0xff,0xfd,0xff,0xff,0xfd,0xff,0xff,0x75,0x00,0x04,
    0x04,0x00,0x83,0xfc,0xf9,0xff,0xfe,0xfe,0xff,0xf9,0xfc,0x83,0x00,0x04,0x04,0x00,0x70,0xff,0xfb,0xff,0xff,0xff,0xff,0xfb,0xff,0x70,0x00,0x04,
    0x04,0x00,0x83,0xff,0xfb,0xff,0xff,0xff,0xff,0xfb,0xff,0x82,0x00,0x05,0x02,0x01,0xc0,0xff,0xfc,0xff,0xff,0xff,0xff,0xfc,0xff,0xbe,0x00,0x02,
    0x00,0x14,0xf3,0xff,0xfe,0xff,0xff,0xff,0xff,0xfe,0xff,0xf1,0x12,0x00,0x00,0x1c,0xf8,0xff,0xfe,0xff,0xff,0xff,0xff,0xfe,0xff,0xf8,0x1c,0x00,
    0x00,0x0d,0xea,0xff,0xfe,0xff,0xff,0xff,0xff,0xfe,0xff,0xe9,0x0c,0x00,0x03,0x00,0xb5,0xff,0xfb,0xff,0xff,0xff,0xff,0xfb,0xff,0xb2,0x00,0x03,
    0x03,0x00,0x47,0xf4,0xfc,0xfe,0xfd,0xfd,0xfe,0xfc,0xf4,0x46,0x00,0x03,0x00,0x00,0x04,0x7f,0xed,0xff,0xff,0xff,0xff,0xed,0x80,0x03,0x00,0x00,
    0x01,0x01,0x0a,0xb6,0xff,0xef,0xe0,0xe0,0xef,0xff,0xb6,0x0a,0x01,0x01,0x00,0x03,0x00,0x33,0xa6,0x28,0x0c,0x0c,0x28,0xa6,0x33,0x00,0x03,0x00,

};

const lv_image_dsc_t emoji_owl_14 = {
  .header.magic = LV_IMAGE_HEADER_MAGIC,
  .header.cf = LV_COLOR_FORMAT_RGB565A8,
  .header.flags = 0,
  .header.w = 14,
  .header.h = 14,
  .header.stride = 28,
  .data_size = sizeof(emoji_owl_14_map),
  .data = emoji_owl_14_map,
};




#ifndef LV_ATTRIBUTE_MEM_ALIGN
#define LV_ATTRIBUTE_MEM_ALIGN
#endif

#ifndef LV_ATTRIBUTE_EMOJI_SNAKE_14
#define LV_ATTRIBUTE_EMOJI_SNAKE_14
#endif

static const
LV_ATTRIBUTE_MEM_ALIGN LV_ATTRIBUTE_LARGE_CONST LV_ATTRIBUTE_EMOJI_SNAKE_14
uint8_t emoji_snake_14_map[] = {

    0x00,0x00,0x00,0x00,0x00,0x00,0x00,0x00,0x00,0x00,0xaa,0x7d,0x8a,0x75,0xa9,0x64,0x8a,0x75,0x8a,0x75,0xaa,0x7d,0xca,0x7d,0x6a,0x75,0x00,0x00,
    0x00,0x00,0x00,0x00,0xe7,0xb9,0x68,0xd9,0xe9,0xc9,0xaa,0x7d,0xeb,0x7d,0x29,0x5c,0xcb,0x7d,0xeb,0x7d,0xcb,0x7d,0xeb,0x7d,0x8a,0x7d,0x8a,0x7d,
    0x00,0x00,0xaa,0xaa,0x00,0xf8,0x88,0xd9,0x48,0xe9,0xa9,0xa3,0xca,0x75,0xca,0x7d,0x8a,0x75,0x8a,0x75,0x8a,0x75,0xaa,0x7d,0xeb,0x7d,0x8a,0x75,
    0x00,0x00,0x00,0xf8,0xe0,0x07,0xa8,0xd9,0xa8,0xd9,0x06,0xf8,0x4a,0x75,0x0a,0x7d,0x00,0x00,0x00,0x00,0xe7,0x7d,0xaa,0x75,0xcb,0x7d,0x8a,0x75,
    0x00,0x00,0xef,0x7b,0x00,0x00,0x00,0x00,0x00,0x00,0x00,0x00,0x00,0x00,0x00,0x00,0x00,0x00,0xe7,0x7c,0x00,0x00,0x8a,0x75,0xeb,0x7d,0x8a,0x75,
    0xef,0x7b,0x00,0x00,0x67,0x54,0xaa,0x7d,0xcb,0x85,0x8a,0x7d,0x4a,0x7d,0xa9,0x95,0xef,0x7f,0xe7,0x7d,0x00,0x00,0x8a,0x75,0xeb,0x7d,0x8a,0x75,
    0x00,0x00,0x6a,0x75,0xeb,0x85,0xaa,0x7d,0x8a,0x7d,0xea,0xaf,0x00,0x00,0x00,0x00,0x00,0x00,0xaa,0x7e,0x00,0x00,0x8a,0x75,0xeb,0x7d,0x8a,0x75,
    0xaa,0x75,0xaa,0x7d,0xcb,0x7d,0x0a,0x75,0x00,0x00,0x6a,0x75,0xaa,0x7d,0xaa,0x7d,0x6a,0x75,0x00,0x00,0x00,0x00,0x8a,0x75,0xeb,0x7d,0x8a,0x75,
    0x8a,0x75,0x2b,0x86,0x8a,0x75,0x00,0x00,0x8a,0x75,0xcb,0x7d,0xeb,0x7d,0xeb,0x7d,0xcb,0x7d,0x8a,0x75,0x00,0x00,0x8a,0x75,0xeb,0x7d,0x8a,0x75,
    0x8a,0x75,0x0b,0x86,0x8a,0x75,0x4a,0x75,0x8a,0x75,0xcb,0x7d,0x8a,0x75,0x8a,0x75,0xcb,0x7d,0x8a,0x75,0xeb,0x7d,0x8a,0x75,0xeb,0x85,0x8a,0x75,
    0x8a,0x75,0x0b,0x86,0x8a,0x75,0xaa,0x75,0xcb,0x7d,0xeb,0x7d,0x8a,0x75,0x8a,0x75,0xeb,0x7d,0xcb,0x7d,0x8a,0x7d,0x8a,0x75,0x0b,0x86,0x8a,0x75,
    0x8a,0x75,0xaa,0x7d,0x8a,0x75,0x8a,0x75,0x8a,0x7d,0x0b,0x86,0x8a,0x7d,0x8a,0x7d,0x0b,0x86,0xaa,0x7d,0x8a,0x75,0x8a,0x75,0xca,0x7d,0x8a,0x75,
    0x8a,0x75,0xeb,0x85,0xaa,0x7d,0xcb,0x7d,0xeb,0x7d,0x8a,0x75,0x89,0x75,0x89,0x75,0x8a,0x75,0xeb,0x7d,0xcb,0x7d,0xaa,0x7d,0xeb,0x7d,0x8a,0x75,
    0xeb,0x7c,0x8a,0x75,0xaa,0x7d,0xaa,0x7d,0xcb,0x7d,0x8a,0x75,0x00,0x00,0x00,0x00,0x8a,0x75,0xcb,0x7d,0xaa,0x7d,0xaa,0x7d,0x8a,0x7d,0x4a,0x7d,
    0x00,0x00,0x00,0x00,0x00,0x52,0xbe,0xea,0xfb,0xfa,0xe7,0x98,0x16,0x00,0x00,0x00,0x04,0x37,0x14,0xe9,0xff,0xff,0xff,0xff,0xff,0xff,0xd2,0x1b,
    0x00,0x03,0x01,0x8a,0xe5,0xd1,0xe8,0xec,0xce,0xa4,0xcf,0xff,0xff,0xad,0x00,0x01,0x01,0x53,0x37,0x05,0x12,0x13,0x00,0x00,0x04,0xc2,0xfd,0xf5,
    0x00,0x02,0x00,0x00,0x00,0x00,0x00,0x00,0x00,0x08,0x00,0x8d,0xff,0xfb,0x02,0x00,0x09,0x6c,0x9d,0x41,0x06,0x07,0x02,0x04,0x01,0x93,0xff,0xfb,
    0x00,0x32,0xd9,0xcf,0x3d,0x03,0x00,0x00,0x00,0x06,0x00,0x92,0xff,0xfb,0x20,0xea,0xfb,0x16,0x00,0x28,0x6f,0x6f,0x29,0x00,0x00,0x92,0xff,0xfb,
    0xa2,0xff,0xb9,0x00,0x5c,0xf8,0xff,0xff,0xf7,0x5b,0x00,0x95,0xff,0xfb,0xea,0xfe,0x93,0x09,0xf1,0xff,0xfe,0xfe,0xff,0xf1,0x08,0x90,0xff,0xfb,
    0xfb,0xff,0x88,0x1c,0xff,0xfd,0x81,0x81,0xfd,0xff,0x1b,0x82,0xff,0xfb,0xfb,0xfd,0xe3,0xc0,0xfb,0xff,0x39,0x39,0xff,0xfb,0xbe,0xdb,0xfd,0xf9,
    0x97,0xff,0xff,0xff,0xff,0xdb,0x0d,0x0d,0xdb,0xff,0xff,0xff,0xff,0x94,0x08,0x95,0xf2,0xf9,0xc4,0x2b,0x00,0x00,0x2b,0xc4,0xf9,0xf1,0x92,0x06,

};

const lv_image_dsc_t emoji_snake_14 = {
  .header.magic = LV_IMAGE_HEADER_MAGIC,
  .header.cf = LV_COLOR_FORMAT_RGB565A8,
  .header.flags = 0,
  .header.w = 14,
  .header.h = 14,
  .header.stride = 28,
  .data_size = sizeof(emoji_snake_14_map),
  .data = emoji_snake_14_map,
};




#ifndef LV_ATTRIBUTE_MEM_ALIGN
#define LV_ATTRIBUTE_MEM_ALIGN
#endif

#ifndef LV_ATTRIBUTE_EMOJI_RADIO_14
#define LV_ATTRIBUTE_EMOJI_RADIO_14
#endif

static const
LV_ATTRIBUTE_MEM_ALIGN LV_ATTRIBUTE_LARGE_CONST LV_ATTRIBUTE_EMOJI_RADIO_14
uint8_t emoji_radio_14_map[] = {

    0x00,0x00,0x00,0x00,0x00,0x00,0x00,0x00,0x00,0x00,0x66,0x29,0x86,0x29,0x00,0x00,0x00,0x00,0x00,0x00,0x00,0x00,0x00,0x00,0x00,0x00,0x00,0x00,
    0x00,0x00,0xb5,0x52,0xff,0xff,0xef,0x7b,0x86,0x29,0x86,0x29,0xa8,0x31,0x55,0xad,0xaa,0x52,0xef,0x7b,0xef,0x7b,0xef,0x7b,0xef,0x7b,0x00,0x00,
    0x00,0x00,0x00,0x00,0x00,0x00,0x45,0x21,0x25,0x21,0x00,0x00,0x00,0x00,0x00,0x00,0x00,0x00,0x00,0x00,0x00,0x00,0x00,0x00,0x00,0x00,0x00,0x00,
    0xaa,0x52,0x35,0x95,0x29,0x3a,0x29,0x3a,0x7a,0xbe,0xf4,0x8c,0xf4,0x94,0x57,0x9d,0x56,0x95,0x15,0x95,0xd8,0xa5,0x57,0x9d,0x35,0x9d,0xff,0xff,
    0x56,0x95,0x97,0xa5,0x97,0xa5,0xb8,0xa5,0x97,0x9d,0x77,0x9d,0x97,0xa5,0x56,0x9d,0x56,0x9d,0x97,0x9d,0x15,0x95,0x76,0x9d,0x97,0xa5,0x56,0x95,
    0xb8,0xa5,0x52,0x7c,0xd0,0x6b,0x52,0x7c,0xf0,0x73,0x31,0x7c,0xd0,0x6b,0x97,0x9d,0x56,0x9d,0x2d,0x5b,0x29,0x3a,0x6a,0x42,0xb4,0x8c,0xb8,0xa5,
    0x97,0x9d,0x52,0x7c,0xf0,0x73,0x52,0x7c,0x11,0x74,0x52,0x7c,0xf0,0x6b,0xd8,0xa5,0xd0,0x6b,0x09,0x3a,0xd0,0x6b,0xcc,0x4a,0x8b,0x4a,0x77,0x9d,
    0x97,0x9d,0x52,0x7c,0xf0,0x6b,0x52,0x7c,0xf1,0x73,0x52,0x7c,0xd0,0x6b,0xd8,0xad,0x6e,0x63,0x8b,0x42,0x32,0x74,0x6f,0x63,0x4a,0x42,0x56,0x9d,
    0x97,0x9d,0x72,0x7c,0x11,0x74,0x72,0x7c,0x11,0x74,0x52,0x7c,0x11,0x74,0x97,0xa5,0xd4,0x8c,0x09,0x3a,0x6a,0x42,0xe8,0x31,0xd0,0x6b,0x97,0xa5,
    0x97,0x9d,0x32,0x7c,0xd0,0x6b,0x32,0x7c,0xd0,0x6b,0x31,0x74,0xd0,0x6b,0x97,0x9d,0x77,0x9d,0x15,0x95,0xd0,0x6b,0x93,0x84,0x97,0x9d,0x56,0x9d,
    0x77,0x9d,0x93,0x84,0x31,0x74,0x93,0x84,0x32,0x7c,0x72,0x84,0x31,0x74,0x77,0x9d,0x77,0x9d,0x52,0x7c,0x6a,0x42,0x6e,0x63,0x56,0x9d,0x56,0x9d,
    0x97,0x9d,0x31,0x74,0xaf,0x6b,0x31,0x74,0xd0,0x6b,0x11,0x74,0xaf,0x6b,0x77,0x9d,0x97,0xa5,0x8a,0x4a,0x6a,0x42,0xc8,0x31,0xd4,0x8c,0x77,0x9d,
    0x97,0xa5,0x93,0x84,0x31,0x74,0x93,0x84,0x32,0x7c,0x72,0x7c,0x31,0x74,0x77,0x9d,0x77,0x9d,0x72,0x7c,0x49,0x42,0x4e,0x63,0x77,0x9d,0x77,0x9d,
    0x56,0x95,0xb8,0xa5,0x97,0x9d,0x77,0x9d,0x97,0x9d,0x97,0x9d,0x97,0xa5,0x56,0x9d,0x56,0x9d,0x77,0x9d,0x76,0x9d,0x77,0x9d,0x77,0x9d,0x56,0x9d,
    0x00,0x00,0x01,0x00,0x00,0xa0,0x1f,0x00,0x01,0x00,0x00,0x00,0x00,0x00,0x00,0x03,0x01,0x02,0xaa,0x79,0x13,0x03,0x03,0x02,0x02,0x02,0x02,0x01,
    0x00,0x00,0x02,0xb4,0x94,0x00,0x00,0x00,0x00,0x00,0x00,0x00,0x00,0x00,0x03,0x25,0xb2,0xb9,0x1a,0x27,0x25,0x24,0x24,0x24,0x24,0x24,0x23,0x01,
    0xb4,0xfd,0xff,0xf1,0xff,0xfe,0xfd,0xfd,0xfd,0xfd,0xfd,0xfc,0xfc,0xb4,0xff,0xff,0xfd,0xff,0xff,0xff,0xff,0xff,0xff,0xff,0xff,0xff,0xff,0xff,
    0xfd,0xfe,0xff,0xff,0xfe,0xfe,0xfe,0xfe,0xfe,0xfe,0xfe,0xfe,0xfe,0xfd,0xff,0xff,0xff,0xff,0xff,0xff,0xff,0xff,0xff,0xff,0xff,0xff,0xff,0xff,
    0xff,0xff,0xff,0xff,0xff,0xff,0xff,0xff,0xff,0xff,0xff,0xff,0xff,0xff,0xff,0xff,0xff,0xff,0xff,0xff,0xff,0xff,0xff,0xff,0xff,0xff,0xff,0xff,
    0xff,0xff,0xff,0xff,0xff,0xff,0xff,0xff,0xff,0xff,0xff,0xff,0xff,0xff,0xfe,0xff,0xff,0xff,0xff,0xff,0xff,0xff,0xff,0xff,0xff,0xff,0xff,0xfe,
    0xff,0xff,0xff,0xff,0xff,0xff,0xff,0xff,0xff,0xff,0xff,0xff,0xff,0xff,0xa8,0xfc,0xfe,0xff,0xff,0xff,0xff,0xff,0xff,0xff,0xff,0xfe,0xfc,0xa8,

};

const lv_image_dsc_t emoji_radio_14 = {
  .header.magic = LV_IMAGE_HEADER_MAGIC,
  .header.cf = LV_COLOR_FORMAT_RGB565A8,
  .header.flags = 0,
  .header.w = 14,
  .header.h = 14,
  .header.stride = 28,
  .data_size = sizeof(emoji_radio_14_map),
  .data = emoji_radio_14_map,
};




#ifndef LV_ATTRIBUTE_MEM_ALIGN
#define LV_ATTRIBUTE_MEM_ALIGN
#endif

#ifndef LV_ATTRIBUTE_EMOJI_BADGER_14
#define LV_ATTRIBUTE_EMOJI_BADGER_14
#endif

static const
LV_ATTRIBUTE_MEM_ALIGN LV_ATTRIBUTE_LARGE_CONST LV_ATTRIBUTE_EMOJI_BADGER_14
uint8_t emoji_badger_14_map[] = {

    0x00,0x00,0x00,0x00,0x00,0x00,0x00,0x00,0x00,0x00,0x00,0x00,0x00,0x00,0x00,0x00,0x00,0x00,0x00,0x00,0x00,0x00,0x00,0x00,0x00,0x00,0x00,0x00,
    0x00,0x00,0x00,0x00,0x00,0x00,0x00,0x00,0x00,0x00,0x00,0x00,0x00,0x00,0x00,0x00,0x00,0x00,0x00,0x00,0x00,0x00,0x00,0x00,0x00,0x00,0x00,0x00,
    0x00,0x00,0x00,0x00,0x00,0x00,0x00,0x00,0x00,0x00,0x00,0x00,0x00,0x00,0x00,0x00,0x00,0x00,0x00,0x00,0x00,0x00,0x00,0x00,0x00,0x00,0x00,0x00,
    0x00,0x00,0x00,0x00,0x00,0x00,0x00,0x00,0x00,0x00,0x00,0x00,0x00,0x00,0x00,0x00,0x00,0x00,0x00,0x00,0x00,0x00,0x00,0x00,0x00,0x00,0x00,0x00,
    0x00,0x00,0x00,0x00,0xff,0xff,0xef,0x7b,0x00,0x00,0xe7,0x39,0xef,0x3b,0xff,0xff,0x00,0x00,0x00,0x00,0x00,0x00,0xf7,0x7b,0xff,0x07,0x00,0x00,
    0x00,0x00,0xef,0x7b,0x00,0x00,0x00,0x00,0xff,0xff,0x00,0x00,0x00,0x00,0x00,0x00,0x00,0x00,0x00,0x00,0xff,0xff,0x00,0x00,0x00,0x00,0x00,0x00,
    0xef,0x7b,0x00,0x00,0x8e,0x6b,0x8b,0x4a,0x86,0x29,0x83,0x08,0x6a,0x4a,0x52,0x84,0xb7,0xad,0xdb,0xd6,0x35,0x9d,0x56,0x95,0x0e,0x63,0x00,0x00,
    0x00,0x00,0xdf,0xf7,0xf8,0xb5,0xa7,0x29,0xe8,0x31,0xd3,0x94,0xfc,0xd6,0xdf,0xf7,0xff,0xff,0x15,0x9d,0x31,0x7c,0x3a,0xb6,0xd0,0x6b,0x61,0x00,
    0x20,0x00,0x9a,0xce,0xaf,0x73,0xcf,0x73,0x1c,0xdf,0xff,0xf7,0x7e,0xe7,0xdb,0xd6,0xf0,0x73,0xcc,0x4a,0x76,0x9d,0x97,0x9d,0xb4,0x84,0x86,0x29,
    0xb3,0x8c,0x72,0x84,0x72,0x84,0x7a,0xc6,0x92,0x8c,0xec,0x5a,0xab,0x4a,0xc7,0x31,0xab,0x4a,0x56,0x9d,0x56,0x9d,0x77,0x9d,0xf4,0x8c,0xa7,0x29,
    0x87,0x29,0xf0,0x73,0x9a,0xce,0x66,0x21,0x83,0x08,0x86,0x29,0x66,0x29,0xf1,0x73,0xd8,0xa5,0x77,0x9d,0x56,0x9d,0xd8,0xa5,0x35,0x95,0x66,0x29,
    0x00,0x00,0x00,0x00,0x00,0x00,0x00,0x00,0x00,0x00,0xc8,0x31,0xc7,0x31,0x0d,0x53,0xb4,0x8c,0x36,0x95,0x56,0x9d,0x15,0x95,0xd0,0x6b,0x46,0x21,
    0xaa,0x52,0x55,0xad,0xf7,0xbd,0x2c,0x63,0x00,0x00,0xa7,0x31,0xa7,0x31,0x82,0x08,0x66,0x29,0xab,0x4a,0x49,0x42,0xc8,0x31,0x00,0x00,0x00,0x00,
    0x00,0x00,0x00,0x00,0x00,0x00,0xe7,0x39,0x00,0x00,0xa7,0x31,0xa7,0x31,0x00,0x00,0x00,0x00,0x00,0x00,0x66,0x29,0xa7,0x29,0x00,0x00,0x45,0x29,
    0x00,0x00,0x00,0x00,0x00,0x00,0x00,0x00,0x00,0x00,0x00,0x00,0x00,0x00,0x00,0x00,0x00,0x00,0x00,0x00,0x00,0x00,0x00,0x00,0x00,0x00,0x00,0x00,
    0x00,0x00,0x00,0x00,0x00,0x00,0x00,0x00,0x00,0x00,0x00,0x00,0x00,0x00,0x00,0x00,0x00,0x00,0x01,0x00,0x00,0x00,0x01,0x01,0x01,0x00,0x00,0x00,
    0x00,0x00,0x02,0x02,0x00,0x04,0x04,0x03,0x00,0x00,0x00,0x04,0x01,0x00,0x00,0x02,0x00,0x00,0x02,0x00,0x00,0x00,0x01,0x0b,0x01,0x00,0x00,0x01,
    0x02,0x00,0x69,0x9f,0xbf,0x55,0x63,0xad,0xd4,0xe6,0xd3,0x88,0x12,0x00,0x02,0x54,0xff,0xff,0xff,0xff,0xff,0xff,0xff,0xff,0xff,0xff,0xd0,0x14,
    0x00,0xd1,0xfc,0xfb,0xfb,0xfc,0xfc,0xfc,0xfd,0xfe,0xfd,0xf9,0xff,0x92,0x84,0xff,0xff,0xfa,0xff,0xff,0xff,0xfe,0xff,0xff,0xfe,0xff,0xe6,0xce,
    0xa1,0xa7,0x62,0x22,0x69,0xfe,0xfd,0xff,0xfe,0xfc,0xfb,0xfe,0xb1,0xda,0x00,0x00,0x00,0x00,0x00,0xd3,0xff,0xfd,0xff,0xff,0xff,0xff,0x61,0x6f,
    0x03,0x03,0x04,0x05,0x02,0xac,0xfd,0x2d,0x39,0x57,0xea,0xee,0x0e,0x00,0x00,0x00,0x00,0x04,0x00,0x8e,0x9e,0x00,0x00,0x00,0x95,0x7f,0x00,0x06,

};

const lv_image_dsc_t emoji_badger_14 = {
  .header.magic = LV_IMAGE_HEADER_MAGIC,
  .header.cf = LV_COLOR_FORMAT_RGB565A8,
  .header.flags = 0,
  .header.w = 14,
  .header.h = 14,
  .header.stride = 28,
  .data_size = sizeof(emoji_badger_14_map),
  .data = emoji_badger_14_map,
};

