/* Generated: Twemoji (jdecked) emoji at 16px, RGB565A8, LVGL 9.2. */
/* Graphics (c) Twitter/Twemoji contributors, CC BY 4.0. */

#include "lvgl.h"


#ifndef LV_ATTRIBUTE_MEM_ALIGN
#define LV_ATTRIBUTE_MEM_ALIGN
#endif

#ifndef LV_ATTRIBUTE_EMOJI_JOY_16
#define LV_ATTRIBUTE_EMOJI_JOY_16
#endif

static const
LV_ATTRIBUTE_MEM_ALIGN LV_ATTRIBUTE_LARGE_CONST LV_ATTRIBUTE_EMOJI_JOY_16
uint8_t emoji_joy_16_map[] = {

    0x00,0x00,0xe0,0xff,0x00,0x00,0x00,0x00,0x69,0xfe,0x89,0xfe,0x69,0xfe,0x69,0xfe,0x69,0xfe,0x69,0xfe,0x89,0xfe,0x69,0xfe,0x00,0x00,0x00,0x00,0xe0,0xff,0x00,0x00,
    0xe0,0xff,0x00,0x00,0x29,0xfe,0x89,0xfe,0x69,0xfe,0xaa,0xfe,0x69,0xfe,0x69,0xfe,0x69,0xfe,0x69,0xfe,0xaa,0xfe,0x69,0xfe,0x89,0xfe,0x29,0xfe,0x00,0x00,0xe0,0xff,
    0xef,0xff,0xa9,0xfe,0x69,0xfe,0xea,0xfe,0xaa,0xfe,0xaa,0xfe,0x49,0xfe,0x69,0xfe,0x69,0xfe,0x49,0xfe,0xaa,0xfe,0xaa,0xfe,0xea,0xfe,0x69,0xfe,0xa9,0xfe,0xef,0xff,
    0x00,0x00,0x49,0xfe,0x0a,0xff,0x8a,0xfe,0x06,0xcd,0xc6,0xc4,0x69,0xfe,0x49,0xfe,0x49,0xfe,0x69,0xfe,0xc5,0xc4,0x06,0xcd,0x8a,0xfe,0x0a,0xff,0x49,0xfe,0x00,0x00,
    0x49,0xfe,0x8a,0xfe,0x49,0xfe,0x63,0x93,0x81,0x72,0xa5,0xbc,0x69,0xfe,0x49,0xfe,0x49,0xfe,0x69,0xfe,0xa5,0xbc,0x81,0x72,0x63,0x93,0x49,0xfe,0x8a,0xfe,0x49,0xfe,
    0x49,0xfe,0xca,0xfe,0x42,0x8b,0x63,0x93,0xca,0xfe,0x0b,0xff,0x8a,0xfe,0x49,0xfe,0x49,0xfe,0x8a,0xfe,0x0b,0xff,0xca,0xfe,0x63,0x93,0x42,0x8b,0xca,0xfe,0x49,0xfe,
    0xaa,0xfe,0x87,0xe5,0xc1,0x7a,0x89,0xfe,0xc5,0xc4,0xa3,0x9b,0x87,0xdd,0x8a,0xfe,0x8a,0xfe,0x87,0xdd,0xa3,0x9b,0xc5,0xc4,0x89,0xfe,0xc1,0x7a,0x87,0xe5,0xaa,0xfe,
    0x69,0xfe,0x29,0xf6,0x48,0xfe,0x2a,0xbd,0x61,0x6a,0x81,0x72,0x60,0x72,0xc8,0xe5,0xc8,0xe5,0x60,0x72,0x81,0x72,0x61,0x6a,0x2a,0xbd,0x48,0xfe,0x29,0xf6,0x69,0xfe,
    0x49,0xfe,0x68,0xfe,0x12,0xbe,0x3e,0x4d,0x2e,0xde,0x0a,0xff,0x29,0xf6,0x49,0xfe,0x49,0xfe,0x29,0xf6,0x0a,0xff,0x2f,0xd6,0x3e,0x4d,0x12,0xbe,0x68,0xfe,0x49,0xfe,
    0x68,0xfe,0x30,0xce,0x5e,0x55,0x9f,0x5d,0xd1,0x84,0xe1,0xb3,0xc4,0xc4,0xe4,0xcc,0xe4,0xcc,0xc4,0xc4,0xe1,0xb3,0xd2,0x84,0x9f,0x55,0x5e,0x55,0x30,0xce,0x68,0xfe,
    0x2d,0xe6,0xdc,0x75,0x7e,0x5d,0x7d,0x5d,0x5a,0x75,0x31,0xb5,0x8d,0xa4,0x4c,0x9c,0x4c,0x9c,0x8d,0xa4,0x31,0xb5,0x5a,0x6d,0x7d,0x5d,0x7e,0x5d,0xdc,0x75,0x2c,0xe6,
    0x7e,0x55,0xbf,0x65,0x7d,0x5d,0x7e,0x5d,0x5b,0x6d,0xd3,0xc5,0x7c,0xf7,0xff,0xff,0xff,0xff,0x7c,0xf7,0xd3,0xc5,0x5b,0x6d,0x7e,0x5d,0x7d,0x5d,0xbf,0x65,0x5d,0x5d,
    0x7d,0x5d,0xff,0x65,0x5d,0x5d,0x9f,0x5d,0xb8,0x54,0x60,0x51,0x00,0x62,0x81,0x6a,0x81,0x6a,0x00,0x62,0x60,0x51,0xb8,0x54,0x9f,0x5d,0x5d,0x5d,0xff,0x65,0x7d,0x5d,
    0x7c,0x5d,0x7d,0x5d,0xbf,0x65,0xde,0x6d,0xcf,0xbd,0xc3,0xa3,0x40,0x6a,0xe0,0x59,0xe0,0x59,0x40,0x6a,0xc3,0xa3,0xcf,0xbd,0xde,0x6d,0xbf,0x65,0x7d,0x5d,0x3c,0x5d,
    0x00,0x00,0xda,0x75,0xbe,0x5d,0x2d,0xe6,0xa9,0xfe,0xea,0xfe,0x09,0xf6,0x67,0xdd,0x67,0xdd,0x09,0xf6,0xea,0xfe,0xa9,0xfe,0x2d,0xe6,0xbe,0x5d,0xda,0x75,0x00,0x00,
    0xff,0x07,0x00,0x00,0x00,0x00,0x00,0x00,0x4a,0xf6,0x69,0xfe,0x8a,0xfe,0x8a,0xfe,0x8a,0xfe,0x8a,0xfe,0x69,0xfe,0x4a,0xf6,0x00,0x00,0x00,0x00,0x00,0x00,0xff,0x07,
    0x00,0x01,0x00,0x00,0x46,0xab,0xe7,0xfe,0xfe,0xe7,0xab,0x46,0x00,0x00,0x01,0x00,0x01,0x00,0x0d,0x9f,0xfe,0xff,0xff,0xff,0xff,0xff,0xff,0xfe,0x9f,0x0d,0x00,0x01,
    0x02,0x0d,0xc7,0xff,0xfd,0xfd,0xfe,0xff,0xff,0xfe,0xfd,0xfd,0xff,0xc7,0x0d,0x02,0x00,0xa1,0xff,0xf9,0xff,0xff,0xff,0xff,0xff,0xff,0xff,0xff,0xf9,0xff,0xa1,0x00,
    0x42,0xff,0xfc,0xff,0xff,0xff,0xff,0xff,0xff,0xff,0xff,0xff,0xff,0xfc,0xff,0x42,0xae,0xff,0xfc,0xff,0xff,0xff,0xff,0xff,0xff,0xff,0xff,0xff,0xff,0xfc,0xff,0xae,
    0xea,0xff,0xfe,0xff,0xff,0xff,0xff,0xff,0xff,0xff,0xff,0xff,0xff,0xfe,0xff,0xea,0xff,0xff,0xff,0xff,0xff,0xff,0xff,0xff,0xff,0xff,0xff,0xff,0xff,0xff,0xff,0xff,
    0xff,0xff,0xff,0xff,0xff,0xff,0xff,0xff,0xff,0xff,0xff,0xff,0xff,0xff,0xff,0xff,0xec,0xff,0xfe,0xff,0xff,0xff,0xff,0xff,0xff,0xff,0xff,0xff,0xff,0xfe,0xff,0xec,
    0xa7,0xff,0xfc,0xff,0xff,0xff,0xff,0xff,0xff,0xff,0xff,0xff,0xff,0xfc,0xff,0xa7,0x8c,0xfd,0xfc,0xff,0xff,0xff,0xff,0xff,0xff,0xff,0xff,0xff,0xff,0xfc,0xfd,0x8a,
    0x91,0xff,0xfa,0xfc,0xff,0xff,0xff,0xff,0xff,0xff,0xff,0xff,0xfc,0xfa,0xff,0x8f,0x20,0xd4,0xff,0xff,0xff,0xfd,0xfe,0xff,0xff,0xfe,0xfd,0xff,0xff,0xff,0xd3,0x20,
    0x00,0x0b,0x3b,0x9e,0xff,0xff,0xff,0xff,0xff,0xff,0xff,0xff,0x9e,0x3b,0x0b,0x00,0x01,0x00,0x00,0x00,0x45,0xab,0xe7,0xfe,0xfe,0xe7,0xab,0x45,0x00,0x00,0x00,0x01,

};

const lv_image_dsc_t emoji_joy_16 = {
  .header.magic = LV_IMAGE_HEADER_MAGIC,
  .header.cf = LV_COLOR_FORMAT_RGB565A8,
  .header.flags = 0,
  .header.w = 16,
  .header.h = 16,
  .header.stride = 32,
  .data_size = sizeof(emoji_joy_16_map),
  .data = emoji_joy_16_map,
};




#ifndef LV_ATTRIBUTE_MEM_ALIGN
#define LV_ATTRIBUTE_MEM_ALIGN
#endif

#ifndef LV_ATTRIBUTE_EMOJI_FROWN_16
#define LV_ATTRIBUTE_EMOJI_FROWN_16
#endif

static const
LV_ATTRIBUTE_MEM_ALIGN LV_ATTRIBUTE_LARGE_CONST LV_ATTRIBUTE_EMOJI_FROWN_16
uint8_t emoji_frown_16_map[] = {

    0x00,0x00,0xe0,0xff,0x00,0x00,0x00,0x00,0x69,0xfe,0x89,0xfe,0x69,0xfe,0x69,0xfe,0x69,0xfe,0x69,0xfe,0x89,0xfe,0x69,0xfe,0x00,0x00,0x00,0x00,0xe0,0xff,0x00,0x00,
    0xe0,0xff,0x00,0x00,0x29,0xfe,0x89,0xfe,0x89,0xfe,0xaa,0xfe,0x69,0xfe,0x69,0xfe,0x69,0xfe,0x69,0xfe,0xaa,0xfe,0x89,0xfe,0x89,0xfe,0x29,0xfe,0x00,0x00,0xe0,0xff,
    0xef,0xff,0x29,0xfe,0x69,0xfe,0xea,0xfe,0x49,0xfe,0x49,0xfe,0x49,0xfe,0x69,0xfe,0x69,0xfe,0x49,0xfe,0x49,0xfe,0x49,0xfe,0xea,0xfe,0x69,0xfe,0x29,0xfe,0xef,0xff,
    0x00,0x00,0x49,0xfe,0xea,0xfe,0x49,0xfe,0x69,0xfe,0x69,0xfe,0x49,0xfe,0x69,0xfe,0x69,0xfe,0x49,0xfe,0x69,0xfe,0x69,0xfe,0x49,0xfe,0xea,0xfe,0x49,0xfe,0x00,0x00,
    0x69,0xfe,0x89,0xfe,0x69,0xfe,0x69,0xfe,0x29,0xfe,0x08,0xf6,0x69,0xfe,0x49,0xfe,0x49,0xfe,0x69,0xfe,0x08,0xf6,0x29,0xfe,0x69,0xfe,0x69,0xfe,0x89,0xfe,0x69,0xfe,
    0x49,0xfe,0xaa,0xfe,0x49,0xfe,0x69,0xfe,0x22,0x8b,0x60,0x72,0x08,0xf6,0x69,0xfe,0x69,0xfe,0x08,0xf6,0x60,0x72,0x22,0x8b,0x69,0xfe,0x49,0xfe,0xaa,0xfe,0x49,0xfe,
    0x49,0xfe,0x69,0xfe,0x69,0xfe,0x08,0xf6,0x40,0x6a,0xa0,0x51,0x47,0xdd,0x8a,0xfe,0x8a,0xfe,0x47,0xdd,0xa0,0x51,0x40,0x6a,0x08,0xf6,0x69,0xfe,0x69,0xfe,0x49,0xfe,
    0x69,0xfe,0x69,0xfe,0x69,0xfe,0x89,0xfe,0x83,0x9b,0xc1,0x7a,0x29,0xf6,0x69,0xfe,0x69,0xfe,0x29,0xf6,0xc1,0x7a,0x83,0x9b,0x89,0xfe,0x49,0xfe,0x69,0xfe,0x69,0xfe,
    0x69,0xfe,0x69,0xfe,0x69,0xfe,0x69,0xfe,0x49,0xfe,0x29,0xfe,0x8a,0xfe,0x8a,0xfe,0x8a,0xfe,0x8a,0xfe,0x29,0xfe,0x49,0xfe,0x69,0xfe,0x69,0xfe,0x69,0xfe,0x69,0xfe,
    0x49,0xfe,0x69,0xfe,0x69,0xfe,0x49,0xfe,0x69,0xfe,0xaa,0xfe,0x08,0xf6,0x67,0xdd,0x67,0xdd,0x08,0xf6,0xaa,0xfe,0x69,0xfe,0x49,0xfe,0x69,0xfe,0x69,0xfe,0x49,0xfe,
    0x49,0xfe,0xaa,0xfe,0x49,0xfe,0x89,0xfe,0x49,0xfe,0xc3,0xa3,0x20,0x62,0xe0,0x59,0xe0,0x59,0x20,0x62,0xc3,0xa3,0x49,0xfe,0x89,0xfe,0x49,0xfe,0xaa,0xfe,0x49,0xfe,
    0x69,0xfe,0x89,0xfe,0x69,0xfe,0x29,0xf6,0x22,0x8b,0x02,0x83,0xe6,0xc4,0x87,0xe5,0x87,0xe5,0xe6,0xc4,0x02,0x83,0x22,0x8b,0x29,0xf6,0x69,0xfe,0x89,0xfe,0x69,0xfe,
    0x00,0x00,0x49,0xfe,0x0a,0xff,0xc8,0xed,0x26,0xd5,0xaa,0xfe,0xaa,0xfe,0x8a,0xfe,0x8a,0xfe,0xaa,0xfe,0xaa,0xfe,0x26,0xd5,0xc8,0xed,0x0a,0xff,0x49,0xfe,0x00,0x00,
    0xef,0xff,0x29,0xfe,0x69,0xfe,0x0a,0xff,0x8a,0xfe,0x49,0xfe,0x49,0xfe,0x49,0xfe,0x49,0xfe,0x49,0xfe,0x49,0xfe,0x8a,0xfe,0x0a,0xff,0x69,0xfe,0x29,0xfe,0xef,0xff,
    0xe0,0xff,0x00,0x00,0x29,0xfe,0x69,0xfe,0x89,0xfe,0xaa,0xfe,0x69,0xfe,0x69,0xfe,0x69,0xfe,0x69,0xfe,0xaa,0xfe,0x89,0xfe,0x69,0xfe,0x29,0xfe,0x00,0x00,0xe0,0xff,
    0x00,0x00,0xe0,0xff,0x00,0x00,0x00,0x00,0x69,0xfe,0x89,0xfe,0x69,0xfe,0x69,0xfe,0x69,0xfe,0x69,0xfe,0x89,0xfe,0x69,0xfe,0x00,0x00,0x00,0x00,0xe0,0xff,0x00,0x00,
    0x00,0x01,0x00,0x00,0x46,0xab,0xe7,0xfe,0xfe,0xe7,0xab,0x46,0x00,0x00,0x01,0x00,0x01,0x00,0x0d,0x9f,0xfe,0xff,0xff,0xff,0xff,0xff,0xff,0xfe,0x9f,0x0d,0x00,0x01,
    0x02,0x0d,0xc7,0xff,0xfd,0xfd,0xfe,0xff,0xff,0xfe,0xfd,0xfd,0xff,0xc7,0x0d,0x02,0x00,0xa1,0xff,0xf9,0xff,0xff,0xff,0xff,0xff,0xff,0xff,0xff,0xf9,0xff,0xa1,0x00,
    0x42,0xff,0xfc,0xff,0xff,0xff,0xff,0xff,0xff,0xff,0xff,0xff,0xff,0xfc,0xff,0x42,0xae,0xff,0xfc,0xff,0xff,0xff,0xff,0xff,0xff,0xff,0xff,0xff,0xff,0xfc,0xff,0xae,
    0xea,0xff,0xfe,0xff,0xff,0xff,0xff,0xff,0xff,0xff,0xff,0xff,0xff,0xfe,0xff,0xea,0xff,0xff,0xff,0xff,0xff,0xff,0xff,0xff,0xff,0xff,0xff,0xff,0xff,0xff,0xff,0xff,
    0xff,0xff,0xff,0xff,0xff,0xff,0xff,0xff,0xff,0xff,0xff,0xff,0xff,0xff,0xff,0xff,0xea,0xff,0xfe,0xff,0xff,0xff,0xff,0xff,0xff,0xff,0xff,0xff,0xff,0xfe,0xff,0xea,
    0xae,0xff,0xfc,0xff,0xff,0xff,0xff,0xff,0xff,0xff,0xff,0xff,0xff,0xfc,0xff,0xae,0x42,0xff,0xfc,0xff,0xff,0xff,0xff,0xff,0xff,0xff,0xff,0xff,0xff,0xfc,0xff,0x42,
    0x00,0xa1,0xff,0xf9,0xff,0xff,0xff,0xff,0xff,0xff,0xff,0xff,0xf9,0xff,0xa1,0x00,0x02,0x0d,0xc7,0xff,0xfd,0xfd,0xfe,0xff,0xff,0xfe,0xfd,0xfd,0xff,0xc7,0x0d,0x02,
    0x01,0x00,0x0d,0x9f,0xfe,0xff,0xff,0xff,0xff,0xff,0xff,0xfe,0x9f,0x0d,0x00,0x01,0x00,0x01,0x00,0x00,0x46,0xab,0xe7,0xfe,0xfe,0xe7,0xab,0x46,0x00,0x00,0x01,0x00,

};

const lv_image_dsc_t emoji_frown_16 = {
  .header.magic = LV_IMAGE_HEADER_MAGIC,
  .header.cf = LV_COLOR_FORMAT_RGB565A8,
  .header.flags = 0,
  .header.w = 16,
  .header.h = 16,
  .header.stride = 32,
  .data_size = sizeof(emoji_frown_16_map),
  .data = emoji_frown_16_map,
};




#ifndef LV_ATTRIBUTE_MEM_ALIGN
#define LV_ATTRIBUTE_MEM_ALIGN
#endif

#ifndef LV_ATTRIBUTE_EMOJI_LOUDLY_CRYING_16
#define LV_ATTRIBUTE_EMOJI_LOUDLY_CRYING_16
#endif

static const
LV_ATTRIBUTE_MEM_ALIGN LV_ATTRIBUTE_LARGE_CONST LV_ATTRIBUTE_EMOJI_LOUDLY_CRYING_16
uint8_t emoji_loudly_crying_16_map[] = {

    0x00,0x00,0xe0,0xff,0x00,0x00,0x00,0x00,0x69,0xfe,0x89,0xfe,0x69,0xfe,0x69,0xfe,0x69,0xfe,0x69,0xfe,0x89,0xfe,0x69,0xfe,0x00,0x00,0x00,0x00,0xe0,0xff,0x00,0x00,
    0xe0,0xff,0x00,0x00,0x29,0xfe,0x89,0xfe,0x89,0xfe,0xaa,0xfe,0x69,0xfe,0x69,0xfe,0x69,0xfe,0x69,0xfe,0xaa,0xfe,0x89,0xfe,0x89,0xfe,0x29,0xfe,0x00,0x00,0xe0,0xff,
    0xef,0xff,0x29,0xfe,0x69,0xfe,0xea,0xfe,0x49,0xfe,0x8a,0xfe,0x69,0xfe,0x49,0xfe,0x49,0xfe,0x69,0xfe,0x8a,0xfe,0x49,0xfe,0xea,0xfe,0x69,0xfe,0x29,0xfe,0xef,0xff,
    0x00,0x00,0x49,0xfe,0xea,0xfe,0x49,0xfe,0xaa,0xfe,0x06,0xcd,0xc8,0xed,0x69,0xfe,0x69,0xfe,0xc8,0xed,0x06,0xcd,0xaa,0xfe,0x49,0xfe,0xea,0xfe,0x49,0xfe,0x00,0x00,
    0x69,0xfe,0x89,0xfe,0x8a,0xfe,0xaa,0xfe,0x44,0xb4,0x60,0x6a,0xe8,0xed,0x69,0xfe,0x69,0xfe,0xe8,0xed,0x60,0x6a,0x44,0xb4,0xaa,0xfe,0x8a,0xfe,0x89,0xfe,0x69,0xfe,
    0x49,0xfe,0xca,0xfe,0x47,0xd5,0x22,0x8b,0x22,0x8b,0x29,0xf6,0xaa,0xfe,0x49,0xfe,0x49,0xfe,0xaa,0xfe,0x29,0xf6,0x22,0x8b,0x22,0x8b,0x47,0xd5,0xca,0xfe,0x49,0xfe,
    0x49,0xfe,0x8a,0xfe,0x24,0xac,0xa3,0x9b,0x05,0xd5,0x06,0xd5,0xc8,0xed,0x69,0xfe,0x69,0xfe,0xc8,0xed,0x26,0xd5,0x05,0xd5,0xa3,0x9b,0x04,0xac,0x8a,0xfe,0x49,0xfe,
    0x49,0xfe,0x8a,0xfe,0xa7,0xe5,0xe4,0x7a,0x0a,0x5b,0x25,0x7b,0xe1,0x82,0x09,0xf6,0x09,0xf6,0xe1,0x82,0x04,0x7b,0x0a,0x5b,0xe4,0x72,0x87,0xe5,0x8a,0xfe,0x49,0xfe,
    0x69,0xfe,0x6a,0xfe,0x47,0xfe,0xd1,0xb5,0x9f,0x4d,0x51,0xd6,0x47,0xfe,0x8a,0xfe,0x8a,0xfe,0x47,0xfe,0x50,0xd6,0x9f,0x4d,0xd1,0xb5,0x47,0xfe,0x6a,0xfe,0x69,0xfe,
    0x49,0xfe,0x6a,0xfe,0x68,0xfe,0x12,0xbe,0x3f,0x45,0x0f,0xce,0x88,0xfe,0x04,0xac,0x04,0xac,0x88,0xfe,0x0f,0xce,0x3f,0x45,0x12,0xbe,0x68,0xfe,0x6a,0xfe,0x49,0xfe,
    0x49,0xfe,0xaa,0xfe,0x68,0xfe,0xf2,0xbd,0x3f,0x45,0x50,0xd6,0x83,0xc4,0xa0,0x51,0xa0,0x51,0x83,0xc4,0x50,0xd6,0x3f,0x45,0xf2,0xbd,0x68,0xfe,0xaa,0xfe,0x49,0xfe,
    0x69,0xfe,0x8a,0xfe,0x68,0xfe,0xf2,0xbd,0x5f,0x45,0x2f,0xce,0x44,0xab,0xac,0xd2,0xac,0xd2,0x44,0xab,0x2f,0xce,0x5f,0x45,0xf2,0xbd,0x68,0xfe,0x8a,0xfe,0x69,0xfe,
    0x1f,0x00,0x4a,0xf6,0x29,0xff,0xf2,0xb5,0x5f,0x45,0x4f,0xce,0x84,0xbb,0x4c,0xc2,0x4c,0xc2,0x84,0xbb,0x2f,0xce,0x5f,0x45,0xf2,0xb5,0x29,0xff,0x4a,0xf6,0x1f,0x00,
    0x00,0x00,0x00,0x00,0xa5,0xfe,0x31,0xce,0x3f,0x45,0x2f,0xd6,0x06,0xfe,0xe5,0xcc,0xe5,0xcc,0x06,0xfe,0x2f,0xd6,0x3f,0x45,0x31,0xce,0xa5,0xfe,0x00,0x00,0x00,0x00,
    0x7d,0x65,0x7e,0x5d,0x9b,0x75,0xba,0x85,0x7e,0x55,0x9a,0x75,0xb8,0x85,0xf9,0x8d,0xf9,0x8d,0xb8,0x85,0x9a,0x75,0x7e,0x55,0xba,0x85,0x9b,0x75,0x7e,0x5d,0x7d,0x65,
    0x7d,0x5d,0x9d,0x5d,0x7d,0x5d,0x5e,0x55,0x7d,0x5d,0x7e,0x55,0x5e,0x55,0x5e,0x55,0x5e,0x55,0x5e,0x55,0x7e,0x55,0x7d,0x5d,0x5e,0x55,0x7d,0x5d,0x9d,0x5d,0x7d,0x5d,
    0x00,0x01,0x00,0x00,0x46,0xab,0xe7,0xfe,0xfe,0xe7,0xab,0x46,0x00,0x00,0x01,0x00,0x01,0x00,0x0d,0x9f,0xfe,0xff,0xff,0xff,0xff,0xff,0xff,0xfe,0x9f,0x0d,0x00,0x01,
    0x02,0x0d,0xc7,0xff,0xfd,0xfd,0xfe,0xff,0xff,0xfe,0xfd,0xfd,0xff,0xc7,0x0d,0x02,0x00,0xa1,0xff,0xf9,0xff,0xff,0xff,0xff,0xff,0xff,0xff,0xff,0xf9,0xff,0xa1,0x00,
    0x42,0xff,0xfc,0xff,0xff,0xff,0xff,0xff,0xff,0xff,0xff,0xff,0xff,0xfc,0xff,0x42,0xae,0xff,0xfc,0xff,0xff,0xff,0xff,0xff,0xff,0xff,0xff,0xff,0xff,0xfc,0xff,0xae,
    0xea,0xff,0xfe,0xff,0xff,0xff,0xff,0xff,0xff,0xff,0xff,0xff,0xff,0xfe,0xff,0xea,0xff,0xff,0xff,0xff,0xff,0xff,0xff,0xff,0xff,0xff,0xff,0xff,0xff,0xff,0xff,0xff,
    0xff,0xff,0xff,0xff,0xff,0xff,0xff,0xff,0xff,0xff,0xff,0xff,0xff,0xff,0xff,0xff,0xea,0xff,0xfe,0xff,0xff,0xff,0xff,0xff,0xff,0xff,0xff,0xff,0xff,0xfe,0xff,0xea,
    0xae,0xff,0xfc,0xff,0xff,0xff,0xff,0xff,0xff,0xff,0xff,0xff,0xff,0xfc,0xff,0xae,0x42,0xff,0xfc,0xff,0xff,0xff,0xff,0xff,0xff,0xff,0xff,0xff,0xff,0xfc,0xff,0x42,
    0x01,0xa5,0xff,0xfc,0xff,0xff,0xff,0xff,0xff,0xff,0xff,0xff,0xfc,0xff,0xa5,0x01,0x00,0x00,0xb2,0xfd,0xfc,0xff,0xff,0xff,0xff,0xff,0xff,0xfc,0xfd,0xb2,0x00,0x00,
    0x4f,0x7a,0xa8,0xff,0xff,0xff,0xff,0xff,0xff,0xff,0xff,0xff,0xff,0xa8,0x7a,0x4f,0x82,0xc5,0xe4,0xe6,0xf2,0xfd,0xff,0xff,0xff,0xff,0xfd,0xf2,0xe6,0xe4,0xc5,0x82,

};

const lv_image_dsc_t emoji_loudly_crying_16 = {
  .header.magic = LV_IMAGE_HEADER_MAGIC,
  .header.cf = LV_COLOR_FORMAT_RGB565A8,
  .header.flags = 0,
  .header.w = 16,
  .header.h = 16,
  .header.stride = 32,
  .data_size = sizeof(emoji_loudly_crying_16_map),
  .data = emoji_loudly_crying_16_map,
};




#ifndef LV_ATTRIBUTE_MEM_ALIGN
#define LV_ATTRIBUTE_MEM_ALIGN
#endif

#ifndef LV_ATTRIBUTE_EMOJI_GRIMACE_16
#define LV_ATTRIBUTE_EMOJI_GRIMACE_16
#endif

static const
LV_ATTRIBUTE_MEM_ALIGN LV_ATTRIBUTE_LARGE_CONST LV_ATTRIBUTE_EMOJI_GRIMACE_16
uint8_t emoji_grimace_16_map[] = {

    0x00,0x00,0xe0,0xff,0x00,0x00,0x00,0x00,0x69,0xfe,0x89,0xfe,0x69,0xfe,0x69,0xfe,0x69,0xfe,0x69,0xfe,0x89,0xfe,0x69,0xfe,0x00,0x00,0x00,0x00,0xe0,0xff,0x00,0x00,
    0xe0,0xff,0x00,0x00,0x29,0xfe,0x89,0xfe,0x89,0xfe,0xaa,0xfe,0x69,0xfe,0x69,0xfe,0x69,0xfe,0x69,0xfe,0xaa,0xfe,0x89,0xfe,0x89,0xfe,0x29,0xfe,0x00,0x00,0xe0,0xff,
    0xef,0xff,0x29,0xfe,0x69,0xfe,0xea,0xfe,0x49,0xfe,0x49,0xfe,0x49,0xfe,0x69,0xfe,0x69,0xfe,0x49,0xfe,0x49,0xfe,0x49,0xfe,0xea,0xfe,0x69,0xfe,0x29,0xfe,0xef,0xff,
    0x00,0x00,0x49,0xfe,0xea,0xfe,0x49,0xfe,0x89,0xfe,0xaa,0xfe,0x69,0xfe,0x69,0xfe,0x69,0xfe,0x69,0xfe,0xaa,0xfe,0x89,0xfe,0x49,0xfe,0xea,0xfe,0x49,0xfe,0x00,0x00,
    0x69,0xfe,0x89,0xfe,0x69,0xfe,0x8a,0xfe,0x87,0xe5,0x24,0xac,0x29,0xfe,0x69,0xfe,0x69,0xfe,0x29,0xfe,0x24,0xac,0x87,0xe5,0x8a,0xfe,0x69,0xfe,0x89,0xfe,0x69,0xfe,
    0x49,0xfe,0xaa,0xfe,0x49,0xfe,0x8a,0xfe,0x42,0x93,0x60,0x49,0xa5,0xc4,0x8a,0xfe,0x8a,0xfe,0xc5,0xc4,0x60,0x49,0x42,0x8b,0x8a,0xfe,0x49,0xfe,0xaa,0xfe,0x49,0xfe,
    0x49,0xfe,0x69,0xfe,0x49,0xfe,0x8a,0xfe,0x42,0x8b,0x60,0x49,0xa5,0xc4,0x8a,0xfe,0x8a,0xfe,0xa5,0xc4,0x60,0x49,0x42,0x8b,0x8a,0xfe,0x49,0xfe,0x69,0xfe,0x49,0xfe,
    0x69,0xfe,0x69,0xfe,0x49,0xfe,0x89,0xfe,0xa8,0xe5,0x45,0xb4,0x69,0xfe,0x8a,0xfe,0x8a,0xfe,0x69,0xfe,0x45,0xb4,0xa8,0xe5,0x89,0xfe,0x49,0xfe,0x69,0xfe,0x69,0xfe,
    0x69,0xfe,0x69,0xfe,0x69,0xfe,0x89,0xfe,0xc7,0xed,0xe7,0xed,0x86,0xe5,0x86,0xe5,0x86,0xe5,0x86,0xe5,0xe7,0xed,0xc7,0xed,0x89,0xfe,0x69,0xfe,0x69,0xfe,0x69,0xfe,
    0x49,0xfe,0x69,0xfe,0x69,0xfe,0xc3,0xa3,0xe5,0x7a,0x26,0x83,0x87,0x8b,0x46,0x83,0x46,0x83,0x87,0x8b,0x26,0x83,0xe5,0x7a,0xc3,0xa3,0x69,0xfe,0x69,0xfe,0x49,0xfe,
    0x49,0xfe,0xea,0xfe,0xe5,0xcc,0xc5,0x72,0x36,0xd6,0x30,0xb5,0x15,0xce,0x92,0xc5,0x92,0xc5,0x15,0xce,0x30,0xb5,0x36,0xd6,0xc5,0x72,0x05,0xcd,0xea,0xfe,0x49,0xfe,
    0x29,0xf6,0xca,0xfe,0xc5,0xcc,0x06,0x7b,0x56,0xd6,0xef,0xac,0xd3,0xc5,0x51,0xbd,0x51,0xbd,0xd3,0xc5,0xee,0xac,0xf4,0xcd,0xe5,0x72,0xc5,0xcc,0xca,0xfe,0x29,0xf6,
    0x00,0x00,0x69,0xfe,0xca,0xfe,0x02,0x83,0xa9,0x8b,0xea,0x93,0x4c,0x9c,0x0b,0x94,0x0b,0x94,0x4c,0x9c,0xca,0x93,0xa9,0x8b,0x02,0x8b,0xca,0xfe,0x69,0xfe,0x00,0x00,
    0xef,0xff,0x87,0xed,0x8a,0xfe,0xc9,0xfe,0xa4,0xc4,0x84,0xc4,0x84,0xc4,0x84,0xc4,0x84,0xc4,0x84,0xc4,0x84,0xc4,0xa4,0xc4,0xc9,0xfe,0x8a,0xfe,0x87,0xed,0xef,0xff,
    0xe0,0xff,0x00,0x00,0x87,0xfd,0x8a,0xfe,0xca,0xfe,0x0b,0xff,0xca,0xfe,0xaa,0xfe,0xaa,0xfe,0xca,0xfe,0x0b,0xff,0xca,0xfe,0x8a,0xfe,0x87,0xfd,0x00,0x00,0xe0,0xff,
    0x00,0x00,0xe0,0xff,0x00,0x00,0x00,0x00,0x29,0xf6,0x69,0xfe,0x69,0xfe,0x49,0xfe,0x49,0xfe,0x69,0xfe,0x69,0xfe,0x29,0xf6,0x00,0x00,0x00,0x00,0xe0,0xff,0x00,0x00,
    0x00,0x01,0x00,0x00,0x46,0xab,0xe7,0xfe,0xfe,0xe7,0xab,0x46,0x00,0x00,0x01,0x00,0x01,0x00,0x0d,0x9f,0xfe,0xff,0xff,0xff,0xff,0xff,0xff,0xfe,0x9f,0x0d,0x00,0x01,
    0x02,0x0d,0xc7,0xff,0xfd,0xfd,0xfe,0xff,0xff,0xfe,0xfd,0xfd,0xff,0xc7,0x0d,0x02,0x00,0xa1,0xff,0xf9,0xff,0xff,0xff,0xff,0xff,0xff,0xff,0xff,0xf9,0xff,0xa1,0x00,
    0x42,0xff,0xfc,0xff,0xff,0xff,0xff,0xff,0xff,0xff,0xff,0xff,0xff,0xfc,0xff,0x42,0xae,0xff,0xfc,0xff,0xff,0xff,0xff,0xff,0xff,0xff,0xff,0xff,0xff,0xfc,0xff,0xae,
    0xea,0xff,0xfe,0xff,0xff,0xff,0xff,0xff,0xff,0xff,0xff,0xff,0xff,0xfe,0xff,0xea,0xff,0xff,0xff,0xff,0xff,0xff,0xff,0xff,0xff,0xff,0xff,0xff,0xff,0xff,0xff,0xff,
    0xff,0xff,0xff,0xff,0xff,0xff,0xff,0xff,0xff,0xff,0xff,0xff,0xff,0xff,0xff,0xff,0xea,0xff,0xfe,0xff,0xff,0xff,0xff,0xff,0xff,0xff,0xff,0xff,0xff,0xfe,0xff,0xea,
    0xae,0xff,0xfc,0xff,0xff,0xff,0xff,0xff,0xff,0xff,0xff,0xff,0xff,0xfc,0xff,0xae,0x42,0xff,0xfc,0xff,0xff,0xff,0xff,0xff,0xff,0xff,0xff,0xff,0xff,0xfc,0xff,0x42,
    0x00,0xa1,0xff,0xf9,0xff,0xff,0xff,0xff,0xff,0xff,0xff,0xff,0xf9,0xff,0xa1,0x00,0x02,0x0d,0xc7,0xff,0xfd,0xfd,0xfe,0xff,0xff,0xfe,0xfd,0xfd,0xff,0xc7,0x0d,0x02,
    0x01,0x00,0x0d,0x9f,0xfe,0xff,0xff,0xff,0xff,0xff,0xff,0xfe,0x9f,0x0d,0x00,0x01,0x00,0x01,0x00,0x00,0x46,0xab,0xe7,0xfe,0xfe,0xe7,0xab,0x46,0x00,0x00,0x01,0x00,

};

const lv_image_dsc_t emoji_grimace_16 = {
  .header.magic = LV_IMAGE_HEADER_MAGIC,
  .header.cf = LV_COLOR_FORMAT_RGB565A8,
  .header.flags = 0,
  .header.w = 16,
  .header.h = 16,
  .header.stride = 32,
  .data_size = sizeof(emoji_grimace_16_map),
  .data = emoji_grimace_16_map,
};




#ifndef LV_ATTRIBUTE_MEM_ALIGN
#define LV_ATTRIBUTE_MEM_ALIGN
#endif

#ifndef LV_ATTRIBUTE_EMOJI_ZANY_FACE_16
#define LV_ATTRIBUTE_EMOJI_ZANY_FACE_16
#endif

static const
LV_ATTRIBUTE_MEM_ALIGN LV_ATTRIBUTE_LARGE_CONST LV_ATTRIBUTE_EMOJI_ZANY_FACE_16
uint8_t emoji_zany_face_16_map[] = {

    0x00,0x00,0xe0,0xff,0x00,0x00,0x00,0x00,0x49,0xfe,0x89,0xfe,0x69,0xfe,0x49,0xfe,0x49,0xfe,0x48,0xfe,0x67,0xfe,0x47,0xfe,0x00,0x00,0x00,0x00,0xe0,0xff,0x00,0x00,
    0xe0,0xff,0x00,0x00,0xa9,0xfd,0x69,0xfe,0x89,0xfe,0xa9,0xfe,0x69,0xfe,0x48,0xfe,0x6a,0xfe,0xd0,0xfe,0x11,0xff,0xab,0xfe,0x48,0xfe,0x2c,0xfe,0x00,0x00,0xe0,0xff,
    0xef,0xff,0x29,0xfe,0x69,0xfe,0xea,0xfe,0x49,0xfe,0x49,0xfe,0x48,0xfe,0x8c,0xfe,0x9c,0xf7,0xff,0xff,0xff,0xff,0xbe,0xf7,0x50,0xff,0x48,0xfe,0xae,0xfe,0xef,0xff,
    0x00,0x00,0x49,0xfe,0xea,0xfe,0x49,0xfe,0x49,0xfe,0x69,0xfe,0x48,0xfe,0x58,0xff,0xdf,0xf7,0x6d,0x6b,0x51,0x84,0xff,0xff,0x7c,0xf7,0xea,0xfe,0x49,0xfe,0x00,0x00,
    0x69,0xfe,0x89,0xfe,0x49,0xfe,0x48,0xfe,0x6b,0xfe,0x48,0xfe,0x49,0xfe,0xbd,0xf7,0x9e,0xf7,0x08,0x3a,0x0c,0x5b,0xff,0xff,0xbe,0xf7,0x8c,0xfe,0x69,0xfe,0x4a,0xfe,
    0x49,0xfe,0xaa,0xfe,0x49,0xfe,0x57,0xff,0xff,0xff,0x99,0xff,0x49,0xfe,0x7a,0xf7,0xff,0xf7,0x7d,0xef,0x9e,0xf7,0xdf,0xf7,0x9d,0xf7,0x6a,0xfe,0xa9,0xfe,0x49,0xfe,
    0x49,0xfe,0x48,0xfe,0xef,0xfe,0xbc,0xce,0x49,0x42,0x3a,0xbe,0x10,0xff,0x8e,0xfe,0xdf,0xf7,0xff,0xf7,0xdf,0xf7,0xdf,0xf7,0x13,0xff,0x28,0xfe,0x69,0xfe,0x49,0xfe,
    0x49,0xfe,0x48,0xfe,0xcc,0xfe,0x58,0xce,0xc9,0x29,0xd7,0xb5,0xce,0xfe,0x07,0xfe,0xae,0xfe,0x56,0xff,0x98,0xff,0xd0,0xfe,0xe7,0xf5,0x69,0xfe,0x49,0xfe,0x49,0xfe,
    0x49,0xfe,0x69,0xfe,0x48,0xfe,0xce,0xfe,0x74,0xff,0x2f,0xff,0xa9,0xfe,0xaa,0xfe,0x68,0xfe,0xa6,0xed,0x43,0xbc,0x23,0x8b,0xc5,0x72,0xa8,0xed,0x69,0xfe,0x49,0xfe,
    0x49,0xfe,0x69,0xfe,0x69,0xfe,0xe8,0xf5,0xc5,0xcc,0x44,0xbc,0x04,0xb4,0x84,0x9b,0x24,0x8b,0x27,0x83,0x6f,0x9c,0x37,0xce,0x85,0x6a,0x27,0xd5,0xaa,0xfe,0x49,0xfe,
    0x49,0xfe,0x89,0xfe,0xaa,0xfe,0x46,0xb4,0xa7,0x6a,0xf1,0xa4,0x52,0xad,0x37,0xc6,0x3c,0xdf,0xff,0xff,0x7c,0xf7,0x8a,0x8b,0x42,0x6a,0x09,0xf6,0xaa,0xfe,0x49,0xfe,
    0x69,0xfe,0x69,0xfe,0x89,0xfe,0x87,0xdd,0x85,0x7a,0xd5,0xfc,0x7a,0xfe,0x7a,0xfe,0xf8,0xfd,0x74,0xf4,0x65,0x82,0x80,0x49,0x87,0xbc,0xa9,0xfe,0x69,0xfe,0x49,0xfe,
    0x00,0x00,0x49,0xfe,0xea,0xfe,0x89,0xfe,0xa8,0xd4,0x4c,0xda,0x6c,0xe2,0xa9,0xd9,0x4c,0xe2,0x8d,0xea,0x25,0x7a,0x05,0xa4,0x69,0xfe,0xea,0xfe,0x49,0xfe,0x00,0x00,
    0xef,0xff,0x49,0xfe,0x69,0xfe,0x0a,0xff,0xea,0xfd,0xce,0xe2,0xcd,0xea,0x2b,0xe2,0xed,0xea,0xae,0xe2,0xc9,0xe4,0xa9,0xfe,0xea,0xfe,0x69,0xfe,0x29,0xfe,0xef,0xff,
    0xe0,0xff,0x00,0x00,0xa9,0xfd,0x69,0xfe,0x69,0xfe,0x8d,0xf3,0xae,0xea,0xad,0xe2,0xad,0xe2,0x0d,0xeb,0x6a,0xfe,0x89,0xfe,0x69,0xfe,0xa9,0xfd,0x00,0x00,0xe0,0xff,
    0x00,0x00,0xe0,0xff,0x00,0x00,0x00,0x00,0xe8,0xfe,0x4b,0xfd,0xed,0xea,0xce,0xea,0x0d,0xeb,0x2b,0xfd,0xc9,0xfe,0x29,0xfe,0x00,0x00,0x00,0x00,0xe0,0xff,0x00,0x00,
    0x00,0x01,0x00,0x00,0x45,0xab,0xe6,0xfe,0xfe,0xe6,0xab,0x43,0x00,0x00,0x01,0x00,0x01,0x00,0x0e,0xa1,0xfe,0xff,0xff,0xff,0xff,0xff,0xff,0xfd,0x9e,0x0d,0x00,0x01,
    0x02,0x0d,0xc7,0xff,0xfd,0xfd,0xfe,0xff,0xff,0xfe,0xfd,0xfe,0xff,0xc7,0x0d,0x02,0x00,0xa1,0xff,0xf9,0xff,0xff,0xff,0xff,0xff,0xff,0xff,0xff,0xf9,0xff,0xa1,0x00,
    0x41,0xff,0xfc,0xff,0xff,0xff,0xff,0xff,0xff,0xff,0xff,0xff,0xff,0xfc,0xff,0x40,0xae,0xff,0xfc,0xff,0xff,0xff,0xff,0xff,0xff,0xff,0xff,0xff,0xff,0xfc,0xff,0xaf,
    0xea,0xff,0xfe,0xff,0xff,0xff,0xff,0xff,0xff,0xff,0xff,0xff,0xff,0xfe,0xff,0xe9,0xff,0xff,0xff,0xff,0xff,0xff,0xff,0xff,0xff,0xff,0xff,0xff,0xff,0xff,0xff,0xfe,
    0xff,0xff,0xff,0xff,0xff,0xff,0xff,0xff,0xff,0xff,0xff,0xff,0xff,0xff,0xff,0xff,0xeb,0xff,0xfe,0xff,0xff,0xff,0xff,0xff,0xff,0xff,0xff,0xff,0xff,0xfe,0xff,0xea,
    0xae,0xfe,0xfc,0xff,0xff,0xff,0xff,0xff,0xff,0xff,0xff,0xff,0xff,0xfc,0xff,0xaf,0x42,0xff,0xfc,0xff,0xff,0xff,0xff,0xff,0xff,0xff,0xff,0xff,0xff,0xfc,0xff,0x40,
    0x00,0xa3,0xff,0xf9,0xff,0xff,0xff,0xff,0xff,0xff,0xff,0xff,0xf9,0xff,0xa1,0x00,0x02,0x0e,0xc8,0xff,0xfd,0xfd,0xfe,0xff,0xff,0xfe,0xfd,0xfd,0xff,0xc7,0x0d,0x02,
    0x01,0x00,0x0e,0xa1,0xfe,0xff,0xff,0xff,0xff,0xff,0xff,0xfe,0xa1,0x0e,0x00,0x01,0x00,0x01,0x00,0x00,0x45,0xab,0xe8,0xfe,0xfe,0xe7,0xab,0x45,0x00,0x00,0x01,0x00,

};

const lv_image_dsc_t emoji_zany_face_16 = {
  .header.magic = LV_IMAGE_HEADER_MAGIC,
  .header.cf = LV_COLOR_FORMAT_RGB565A8,
  .header.flags = 0,
  .header.w = 16,
  .header.h = 16,
  .header.stride = 32,
  .data_size = sizeof(emoji_zany_face_16_map),
  .data = emoji_zany_face_16_map,
};




#ifndef LV_ATTRIBUTE_MEM_ALIGN
#define LV_ATTRIBUTE_MEM_ALIGN
#endif

#ifndef LV_ATTRIBUTE_EMOJI_HUNDRED_POINTS_16
#define LV_ATTRIBUTE_EMOJI_HUNDRED_POINTS_16
#endif

static const
LV_ATTRIBUTE_MEM_ALIGN LV_ATTRIBUTE_LARGE_CONST LV_ATTRIBUTE_EMOJI_HUNDRED_POINTS_16
uint8_t emoji_hundred_points_16_map[] = {

    0x00,0x00,0x00,0x00,0x00,0x00,0x00,0x00,0x00,0xf8,0x00,0x00,0x00,0x00,0x00,0x00,0x00,0x00,0x00,0x00,0x00,0xf8,0x00,0x00,0xc6,0xb8,0xc6,0xc0,0xc6,0xb8,0xa6,0xb8,
    0xe6,0xb8,0xc6,0xb8,0xc6,0xb8,0xc6,0xb0,0x00,0x00,0xc6,0xb0,0xc6,0xb8,0xc6,0xc0,0xc6,0xb0,0x00,0x00,0x00,0x00,0xc6,0xb0,0xc6,0xc0,0xc6,0xb8,0xc6,0xb8,0xc6,0xb8,
    0xc6,0xb8,0xc6,0xc0,0xc6,0xb8,0xa5,0xb8,0xc6,0xb0,0xe7,0xc8,0xc6,0xb8,0xc6,0xb8,0xe7,0xc8,0xc6,0xb8,0xc6,0xb8,0xe7,0xc8,0xc6,0xb8,0x00,0x00,0xc6,0xb8,0xe7,0xc8,
    0x26,0xb1,0xc6,0xb8,0xc6,0xb8,0x00,0x78,0xc6,0xb8,0xc6,0xb8,0x00,0x00,0xe6,0xb8,0xe7,0xc8,0xc6,0xb8,0xc6,0xb8,0xc6,0xc0,0xe7,0xc0,0x07,0xb8,0xc6,0xb8,0xc6,0xc0,
    0xe7,0xb8,0xc6,0xb8,0xc6,0xb8,0xc6,0xb8,0xe7,0xc8,0xc6,0xb8,0x86,0xc9,0xc6,0xb8,0xe7,0xc8,0xc6,0xb8,0xc6,0xb8,0xc6,0xb8,0x0a,0xa8,0x00,0x00,0xc6,0xb8,0xc6,0xb8,
    0xc6,0xb8,0xe7,0xc8,0xc6,0xb8,0xc6,0xb8,0xc6,0xb8,0xa5,0xb8,0x00,0x00,0xc6,0xb8,0xc6,0xb8,0xe5,0xb8,0xc6,0xb8,0xc6,0xb8,0x00,0x00,0xc6,0xb8,0xe7,0xc8,0xc6,0xb8,
    0xc6,0xb8,0xe6,0xc8,0xc6,0xb0,0xc6,0xb8,0xc6,0xc0,0xe7,0xa8,0xc6,0xb8,0xc6,0xc0,0xc6,0xb8,0x00,0x00,0xc6,0xb8,0xe6,0xc0,0xc6,0xb8,0xc6,0xc0,0xc6,0xb8,0x07,0xb8,
    0xc6,0xb8,0xc6,0xb8,0x00,0x00,0xc6,0xb8,0xc6,0xc0,0xc6,0xb8,0xc6,0xc0,0xc6,0xc0,0x29,0xd9,0x00,0x00,0x87,0xb0,0xc6,0xc0,0xc6,0xc0,0xc6,0xb8,0x00,0x00,0x00,0x00,
    0xc6,0xb8,0xc6,0xb8,0x07,0xb8,0x00,0x00,0xc5,0xb0,0xe7,0xc0,0xe6,0xc0,0x00,0x00,0x00,0x00,0xc6,0xc0,0xc6,0xc0,0xc6,0xb0,0xc6,0xb8,0xc6,0xb8,0xc6,0xb8,0xc6,0xb8,
    0xc6,0xb8,0xa6,0xb0,0x00,0x00,0x00,0x00,0x26,0xc9,0xc6,0xb0,0xc6,0xb8,0xc6,0xb8,0xc6,0xb8,0xc6,0xb8,0xe7,0xc8,0xe7,0xd0,0xe7,0xd0,0xe7,0xd0,0xe7,0xd0,0xc6,0xc0,
    0x00,0x00,0xe6,0xb8,0xc6,0xb8,0xc6,0xb8,0xc6,0xb8,0xe7,0xd0,0xe7,0xd0,0xe7,0xc8,0xc6,0xb8,0xc6,0xb8,0xc6,0xb8,0xc6,0xb8,0xc6,0xb8,0xc6,0xb8,0xe6,0xc0,0xc6,0xb8,
    0xc6,0xb8,0xe7,0xc8,0xe7,0xd0,0xc6,0xc0,0xc6,0xb8,0xc6,0xb8,0xc6,0xb8,0xc6,0xb8,0x06,0xc8,0x00,0x00,0x00,0x00,0x00,0x00,0x00,0x00,0x00,0x00,0x00,0x00,0x00,0x00,
    0xc6,0xb8,0xc6,0xb8,0xc6,0xb8,0xc6,0xc0,0x00,0x00,0x00,0x00,0x00,0x00,0xa5,0xd0,0xc6,0xc0,0xc6,0xb8,0xc6,0xb8,0xc6,0xb8,0xc6,0xb8,0xe6,0xc0,0xc6,0xb8,0x00,0xf8,
    0x00,0x00,0x00,0x00,0x00,0x00,0x00,0x00,0xc6,0xb8,0xc6,0xc0,0xc6,0xb8,0xc6,0xb8,0xe7,0xd0,0xe7,0xd0,0xe7,0xc8,0xc6,0xb8,0xc6,0xb8,0xc6,0xc0,0xc6,0xb8,0x00,0x00,
    0x00,0x00,0x00,0xf8,0x07,0xb8,0x87,0xc0,0xc6,0xb8,0xe7,0xd0,0xc6,0xb8,0xc6,0xb8,0xc6,0xb8,0xc6,0xb8,0xc6,0xb8,0xc6,0xb8,0xe7,0xc0,0x00,0x00,0x00,0x00,0x00,0x00,
    0x00,0x00,0x00,0x00,0x00,0x00,0x0a,0xa8,0xc6,0xb8,0xc6,0xb8,0xc6,0xb8,0x00,0x00,0x00,0x00,0x00,0x00,0x00,0x00,0x00,0x00,0x00,0x00,0x00,0x00,0x00,0xf8,0x00,0x00,
    0x00,0x00,0x00,0x00,0x02,0x00,0x00,0x00,0x00,0x00,0x02,0x00,0x3b,0xa2,0x8a,0x17,0x35,0x50,0x50,0x0a,0x00,0x46,0xc4,0xd6,0x6e,0x00,0x00,0x68,0xfe,0xbe,0xfa,0xc4,
    0xe7,0xff,0xff,0x0b,0x4e,0xff,0x94,0xa4,0xff,0x29,0x1d,0xff,0x81,0x00,0x88,0xff,0x0e,0xce,0xcd,0x02,0xf0,0xac,0x00,0x21,0xfd,0x46,0x84,0xf8,0x09,0x04,0x8c,0xff,
    0x08,0xf7,0x89,0x3c,0xff,0x39,0x05,0x46,0xff,0x3e,0xca,0xc6,0x03,0x00,0xcc,0xde,0x38,0xff,0x49,0x77,0xfd,0x16,0x00,0x8e,0xfd,0x10,0xe5,0xb2,0x00,0x3a,0xff,0x63,
    0x70,0xff,0x15,0x80,0xff,0x09,0x1d,0xff,0x94,0x00,0xaf,0xff,0x9a,0xfd,0xae,0x04,0xb1,0xf1,0x00,0x33,0xfd,0xe4,0xf7,0xb9,0x07,0x00,0x0d,0x8e,0xb4,0x5f,0x00,0x00,
    0xfa,0xbf,0x04,0x00,0x31,0x6d,0x3f,0x00,0x00,0x15,0x27,0x39,0x4f,0x66,0x8c,0x76,0x49,0x18,0x00,0x00,0x0e,0x32,0x6b,0xae,0xd9,0xf9,0xff,0xff,0xff,0xff,0xff,0xff,
    0x00,0x2d,0x7b,0xc2,0xfe,0xff,0xff,0xff,0xfb,0xd9,0xb4,0x90,0x6f,0x56,0x47,0x27,0xd4,0xff,0xff,0xff,0xdc,0xa3,0x66,0x2e,0x05,0x00,0x00,0x00,0x00,0x00,0x00,0x00,
    0xce,0xc3,0x6c,0x29,0x00,0x00,0x00,0x0b,0x3d,0x73,0xa2,0xcc,0xe5,0xfd,0x8f,0x02,0x00,0x00,0x00,0x00,0x28,0x81,0xc9,0xff,0xff,0xff,0xff,0xff,0xea,0xd3,0x69,0x00,
    0x01,0x02,0x04,0x0d,0xf3,0xff,0xff,0xd2,0x97,0x62,0x3a,0x1c,0x09,0x00,0x00,0x00,0x00,0x01,0x01,0x03,0x78,0x78,0x2a,0x00,0x00,0x00,0x00,0x00,0x00,0x00,0x02,0x00,

};

const lv_image_dsc_t emoji_hundred_points_16 = {
  .header.magic = LV_IMAGE_HEADER_MAGIC,
  .header.cf = LV_COLOR_FORMAT_RGB565A8,
  .header.flags = 0,
  .header.w = 16,
  .header.h = 16,
  .header.stride = 32,
  .data_size = sizeof(emoji_hundred_points_16_map),
  .data = emoji_hundred_points_16_map,
};




#ifndef LV_ATTRIBUTE_MEM_ALIGN
#define LV_ATTRIBUTE_MEM_ALIGN
#endif

#ifndef LV_ATTRIBUTE_EMOJI_GRINNING_16
#define LV_ATTRIBUTE_EMOJI_GRINNING_16
#endif

static const
LV_ATTRIBUTE_MEM_ALIGN LV_ATTRIBUTE_LARGE_CONST LV_ATTRIBUTE_EMOJI_GRINNING_16
uint8_t emoji_grinning_16_map[] = {

    0x00,0x00,0xe0,0xff,0x00,0x00,0x00,0x00,0x69,0xfe,0x89,0xfe,0x69,0xfe,0x69,0xfe,0x69,0xfe,0x69,0xfe,0x89,0xfe,0x69,0xfe,0x00,0x00,0x00,0x00,0xe0,0xff,0x00,0x00,
    0xe0,0xff,0x00,0x00,0x29,0xfe,0x89,0xfe,0x89,0xfe,0xaa,0xfe,0x69,0xfe,0x69,0xfe,0x69,0xfe,0x69,0xfe,0xaa,0xfe,0x89,0xfe,0x89,0xfe,0x29,0xfe,0x00,0x00,0xe0,0xff,
    0xef,0xff,0x29,0xfe,0x69,0xfe,0xea,0xfe,0x49,0xfe,0x49,0xfe,0x49,0xfe,0x69,0xfe,0x69,0xfe,0x49,0xfe,0x49,0xfe,0x49,0xfe,0xea,0xfe,0x69,0xfe,0x29,0xfe,0xef,0xff,
    0x00,0x00,0x49,0xfe,0xea,0xfe,0x49,0xfe,0x69,0xfe,0x49,0xfe,0x49,0xfe,0x69,0xfe,0x69,0xfe,0x49,0xfe,0x49,0xfe,0x69,0xfe,0x49,0xfe,0xea,0xfe,0x49,0xfe,0x00,0x00,
    0x69,0xfe,0x89,0xfe,0x69,0xfe,0x69,0xfe,0x49,0xfe,0x8a,0xfe,0x89,0xfe,0x49,0xfe,0x49,0xfe,0x89,0xfe,0x8a,0xfe,0x49,0xfe,0x69,0xfe,0x69,0xfe,0x89,0xfe,0x69,0xfe,
    0x49,0xfe,0xaa,0xfe,0x49,0xfe,0x69,0xfe,0x89,0xfe,0x47,0xdd,0xe8,0xed,0x8a,0xfe,0x8a,0xfe,0xe8,0xed,0x47,0xdd,0x89,0xfe,0x69,0xfe,0x49,0xfe,0xaa,0xfe,0x49,0xfe,
    0x49,0xfe,0x69,0xfe,0x49,0xfe,0x8a,0xfe,0x04,0xac,0x81,0x72,0xa1,0x7a,0xc8,0xed,0xc8,0xed,0xa1,0x7a,0x81,0x72,0x04,0xac,0x8a,0xfe,0x49,0xfe,0x69,0xfe,0x49,0xfe,
    0x69,0xfe,0x69,0xfe,0x69,0xfe,0x09,0xf6,0xe1,0x82,0x29,0xf6,0x24,0xb4,0x65,0xb4,0x44,0xb4,0x24,0xb4,0x29,0xf6,0xe1,0x82,0x09,0xf6,0x69,0xfe,0x69,0xfe,0x69,0xfe,
    0x69,0xfe,0x69,0xfe,0x69,0xfe,0x8a,0xfe,0x8a,0xfe,0xcb,0xfe,0xca,0xfe,0x8a,0xfe,0x8a,0xfe,0xaa,0xfe,0xcb,0xfe,0x8a,0xfe,0x8a,0xfe,0x69,0xfe,0x69,0xfe,0x69,0xfe,
    0x49,0xfe,0x69,0xfe,0x69,0xfe,0x24,0xac,0x62,0x9b,0x02,0xb4,0x84,0xc4,0xc4,0xcc,0xc4,0xcc,0x84,0xc4,0x02,0xb4,0x62,0x93,0x24,0xb4,0x69,0xfe,0x69,0xfe,0x49,0xfe,
    0x49,0xfe,0xaa,0xfe,0x49,0xfe,0xa1,0x72,0x31,0xb5,0x31,0xb5,0xae,0xa4,0xae,0xa4,0xae,0xa4,0xae,0xa4,0x31,0xb5,0x31,0xb5,0xa1,0x72,0x49,0xfe,0xaa,0xfe,0x49,0xfe,
    0x69,0xfe,0x89,0xfe,0xaa,0xfe,0xc3,0xa3,0x06,0x7b,0x0f,0xb5,0xef,0xb4,0xee,0xac,0xee,0xac,0xef,0xb4,0x0f,0xb5,0x06,0x7b,0xc3,0xa3,0xaa,0xfe,0x89,0xfe,0x69,0xfe,
    0x00,0x00,0x49,0xfe,0x0a,0xff,0x09,0xf6,0x60,0x72,0x47,0x7b,0xb3,0xc5,0xf4,0xcd,0xf4,0xcd,0xb3,0xc5,0x47,0x83,0x60,0x72,0x09,0xf6,0x0a,0xff,0x49,0xfe,0x00,0x00,
    0xef,0xff,0x29,0xfe,0x69,0xfe,0x0a,0xff,0x29,0xf6,0x83,0x9b,0x25,0x83,0xc9,0x8b,0xc9,0x8b,0x25,0x83,0x83,0x9b,0x29,0xf6,0x0a,0xff,0x69,0xfe,0x29,0xfe,0xef,0xff,
    0xe0,0xff,0x00,0x00,0x29,0xfe,0x69,0xfe,0xaa,0xfe,0xea,0xfe,0xe7,0xed,0x05,0xd5,0x05,0xd5,0xe7,0xed,0xea,0xfe,0xaa,0xfe,0x69,0xfe,0x29,0xfe,0x00,0x00,0xe0,0xff,
    0x00,0x00,0xe0,0xff,0x00,0x00,0x00,0x00,0x49,0xfe,0x69,0xfe,0x8a,0xfe,0xaa,0xfe,0xaa,0xfe,0x8a,0xfe,0x69,0xfe,0x49,0xfe,0x00,0x00,0x00,0x00,0xe0,0xff,0x00,0x00,
    0x00,0x01,0x00,0x00,0x46,0xab,0xe7,0xfe,0xfe,0xe7,0xab,0x46,0x00,0x00,0x01,0x00,0x01,0x00,0x0d,0x9f,0xfe,0xff,0xff,0xff,0xff,0xff,0xff,0xfe,0x9f,0x0d,0x00,0x01,
    0x02,0x0d,0xc7,0xff,0xfd,0xfd,0xfe,0xff,0xff,0xfe,0xfd,0xfd,0xff,0xc7,0x0d,0x02,0x00,0xa1,0xff,0xf9,0xff,0xff,0xff,0xff,0xff,0xff,0xff,0xff,0xf9,0xff,0xa1,0x00,
    0x42,0xff,0xfc,0xff,0xff,0xff,0xff,0xff,0xff,0xff,0xff,0xff,0xff,0xfc,0xff,0x42,0xae,0xff,0xfc,0xff,0xff,0xff,0xff,0xff,0xff,0xff,0xff,0xff,0xff,0xfc,0xff,0xae,
    0xea,0xff,0xfe,0xff,0xff,0xff,0xff,0xff,0xff,0xff,0xff,0xff,0xff,0xfe,0xff,0xea,0xff,0xff,0xff,0xff,0xff,0xff,0xff,0xff,0xff,0xff,0xff,0xff,0xff,0xff,0xff,0xff,
    0xff,0xff,0xff,0xff,0xff,0xff,0xff,0xff,0xff,0xff,0xff,0xff,0xff,0xff,0xff,0xff,0xea,0xff,0xfe,0xff,0xff,0xff,0xff,0xff,0xff,0xff,0xff,0xff,0xff,0xfe,0xff,0xea,
    0xae,0xff,0xfc,0xff,0xff,0xff,0xff,0xff,0xff,0xff,0xff,0xff,0xff,0xfc,0xff,0xae,0x42,0xff,0xfc,0xff,0xff,0xff,0xff,0xff,0xff,0xff,0xff,0xff,0xff,0xfc,0xff,0x42,
    0x00,0xa1,0xff,0xf9,0xff,0xff,0xff,0xff,0xff,0xff,0xff,0xff,0xf9,0xff,0xa1,0x00,0x02,0x0d,0xc7,0xff,0xfd,0xfd,0xfe,0xff,0xff,0xfe,0xfd,0xfd,0xff,0xc7,0x0d,0x02,
    0x01,0x00,0x0d,0x9f,0xfe,0xff,0xff,0xff,0xff,0xff,0xff,0xfe,0x9f,0x0d,0x00,0x01,0x00,0x01,0x00,0x00,0x46,0xab,0xe7,0xfe,0xfe,0xe7,0xab,0x46,0x00,0x00,0x01,0x00,

};

const lv_image_dsc_t emoji_grinning_16 = {
  .header.magic = LV_IMAGE_HEADER_MAGIC,
  .header.cf = LV_COLOR_FORMAT_RGB565A8,
  .header.flags = 0,
  .header.w = 16,
  .header.h = 16,
  .header.stride = 32,
  .data_size = sizeof(emoji_grinning_16_map),
  .data = emoji_grinning_16_map,
};




#ifndef LV_ATTRIBUTE_MEM_ALIGN
#define LV_ATTRIBUTE_MEM_ALIGN
#endif

#ifndef LV_ATTRIBUTE_EMOJI_COWBOY_16
#define LV_ATTRIBUTE_EMOJI_COWBOY_16
#endif

static const
LV_ATTRIBUTE_MEM_ALIGN LV_ATTRIBUTE_LARGE_CONST LV_ATTRIBUTE_EMOJI_COWBOY_16
uint8_t emoji_cowboy_16_map[] = {

    0x00,0x78,0xa0,0x52,0x00,0x00,0x00,0x00,0x00,0x00,0x00,0x62,0x20,0x6a,0xe0,0x59,0xe0,0x59,0x20,0x6a,0x00,0x62,0x00,0x00,0x00,0x00,0x00,0x00,0xa0,0x52,0x00,0x78,
    0x00,0x00,0x00,0x00,0xa0,0x52,0xe0,0x79,0x00,0x62,0x60,0x72,0xc1,0x7a,0x60,0x72,0x60,0x72,0xc1,0x7a,0x60,0x72,0x00,0x62,0xe0,0x79,0xa0,0x52,0x00,0x00,0x00,0x00,
    0x20,0x62,0x20,0x62,0x00,0x00,0x00,0x00,0x00,0x62,0xa1,0x7a,0x02,0x83,0x02,0x83,0x02,0x83,0x02,0x83,0xa1,0x7a,0x00,0x62,0x00,0x00,0x00,0x00,0x20,0x62,0x20,0x62,
    0x20,0x62,0x40,0x6a,0x20,0x62,0x20,0x62,0x20,0x62,0x60,0x6a,0x60,0x6a,0x60,0x72,0x60,0x72,0x60,0x6a,0x60,0x6a,0x20,0x62,0x20,0x62,0x20,0x62,0x40,0x6a,0x20,0x62,
    0x20,0x62,0x20,0x6a,0x40,0x6a,0x40,0x6a,0x40,0x6a,0xa1,0x7a,0xa1,0x7a,0x81,0x72,0x81,0x72,0xa1,0x7a,0xa1,0x7a,0x40,0x6a,0x40,0x6a,0x40,0x6a,0x20,0x6a,0x20,0x62,
    0x00,0x00,0x00,0x62,0x40,0x6a,0xe0,0x59,0xe0,0x59,0x00,0x62,0x40,0x6a,0x60,0x72,0x60,0x72,0x40,0x6a,0x00,0x62,0xe0,0x59,0xe0,0x59,0x40,0x6a,0x00,0x62,0x00,0x00,
    0x00,0x78,0xf0,0xff,0x08,0xf6,0x85,0xbc,0x22,0x8b,0xc1,0x7a,0x40,0x6a,0x00,0x62,0x00,0x62,0x40,0x6a,0xc1,0x7a,0x22,0x8b,0x85,0xbc,0x08,0xf6,0xf0,0xff,0x00,0x78,
    0x00,0x00,0x29,0xfe,0x0a,0xff,0xaa,0xfe,0x69,0xfe,0x45,0xb4,0x47,0xdd,0xe8,0xed,0xe8,0xed,0x47,0xdd,0x45,0xb4,0x69,0xfe,0xaa,0xfe,0x0a,0xff,0x29,0xfe,0x00,0x00,
    0x00,0x00,0x49,0xfe,0xaa,0xfe,0x8a,0xfe,0x26,0xd5,0x40,0x49,0x24,0xb4,0xca,0xfe,0xca,0xfe,0x24,0xb4,0x40,0x49,0x26,0xd5,0x8a,0xfe,0xaa,0xfe,0x49,0xfe,0x00,0x00,
    0x00,0x00,0x49,0xfe,0xca,0xfe,0x8a,0xfe,0xa7,0xe5,0x20,0x62,0xa5,0xc4,0x8a,0xfe,0x8a,0xfe,0xa5,0xc4,0x20,0x62,0xa7,0xe5,0x8a,0xfe,0xca,0xfe,0x49,0xfe,0x00,0x00,
    0x00,0x00,0x69,0xfe,0xca,0xfe,0x49,0xfe,0x8a,0xfe,0x49,0xfe,0x69,0xfe,0x49,0xfe,0x49,0xfe,0x69,0xfe,0x49,0xfe,0x8a,0xfe,0x49,0xfe,0xca,0xfe,0x69,0xfe,0x00,0x00,
    0x00,0x00,0x49,0xfe,0xca,0xfe,0x89,0xfe,0x26,0xd5,0xc6,0xc4,0x89,0xfe,0xaa,0xfe,0xaa,0xfe,0x89,0xfe,0xc6,0xc4,0x26,0xd5,0x89,0xfe,0xca,0xfe,0x49,0xfe,0x00,0x00,
    0xe0,0xff,0x88,0xfe,0x49,0xfe,0xaa,0xfe,0x08,0xf6,0x63,0x93,0xa1,0x72,0x63,0x93,0x63,0x93,0xa1,0x72,0x63,0x93,0x08,0xf6,0xaa,0xfe,0x49,0xfe,0x88,0xfe,0xe0,0xff,
    0x4a,0xfd,0x00,0x00,0x69,0xfe,0x8a,0xfe,0xaa,0xfe,0x8a,0xfe,0x06,0xcd,0xc3,0xa3,0xc3,0xa3,0x06,0xcd,0x8a,0xfe,0xaa,0xfe,0x8a,0xfe,0x69,0xfe,0x00,0x00,0x4a,0xfd,
    0x00,0x00,0x4a,0xfd,0x00,0x00,0x49,0xfe,0x89,0xfe,0xaa,0xfe,0xca,0xfe,0xca,0xfe,0xca,0xfe,0xca,0xfe,0xaa,0xfe,0x89,0xfe,0x49,0xfe,0x00,0x00,0x4a,0xfd,0x00,0x00,
    0x00,0x00,0x00,0x00,0x4a,0xfd,0x00,0x00,0x49,0xfe,0x89,0xfe,0x69,0xfe,0x49,0xfe,0x49,0xfe,0x69,0xfe,0x89,0xfe,0x49,0xfe,0x00,0x00,0x4a,0xfd,0x00,0x00,0x00,0x00,
    0x02,0x03,0x01,0x01,0x00,0x6b,0x93,0x3f,0x3f,0x93,0x6b,0x00,0x01,0x01,0x03,0x02,0x00,0x00,0x03,0x04,0x45,0xff,0xff,0xff,0xff,0xff,0xff,0x45,0x04,0x03,0x00,0x00,
    0xc1,0x8f,0x00,0x00,0xb1,0xfe,0xf8,0xff,0xff,0xf8,0xfe,0xb1,0x00,0x00,0x90,0xc1,0xfb,0xff,0xbf,0x76,0xec,0xff,0xfe,0xff,0xff,0xfe,0xff,0xec,0x76,0xbf,0xff,0xfb,
    0x58,0xff,0xff,0xff,0xff,0xff,0xff,0xff,0xff,0xff,0xff,0xff,0xff,0xff,0xff,0x58,0x00,0x58,0xee,0xf9,0xfd,0xff,0xff,0xff,0xff,0xff,0xff,0xfd,0xf9,0xee,0x58,0x00,
    0x02,0x13,0xef,0xff,0xfe,0xff,0xff,0xff,0xff,0xff,0xff,0xfe,0xff,0xef,0x13,0x02,0x00,0x73,0xff,0xfb,0xff,0xff,0xff,0xff,0xff,0xff,0xff,0xff,0xfb,0xff,0x73,0x00,
    0x00,0xa1,0xfe,0xfb,0xff,0xff,0xff,0xff,0xff,0xff,0xff,0xff,0xfb,0xfe,0xa1,0x00,0x00,0xa9,0xff,0xfb,0xff,0xff,0xff,0xff,0xff,0xff,0xff,0xff,0xfb,0xff,0xa9,0x00,
    0x00,0x96,0xfe,0xfb,0xff,0xff,0xff,0xff,0xff,0xff,0xff,0xff,0xfb,0xfe,0x96,0x00,0x00,0x56,0xff,0xfc,0xff,0xff,0xff,0xff,0xff,0xff,0xff,0xff,0xfc,0xff,0x56,0x00,
    0x01,0x0b,0xdf,0xff,0xfc,0xff,0xff,0xff,0xff,0xff,0xff,0xfc,0xff,0xdf,0x0b,0x01,0x03,0x00,0x44,0xff,0xff,0xfb,0xfe,0xff,0xff,0xfe,0xfb,0xff,0xff,0x44,0x00,0x03,
    0x00,0x03,0x00,0x51,0xe9,0xff,0xff,0xff,0xff,0xff,0xff,0xe9,0x51,0x00,0x03,0x00,0x00,0x00,0x03,0x00,0x21,0x96,0xe1,0xfe,0xfe,0xe1,0x96,0x21,0x00,0x03,0x00,0x00,

};

const lv_image_dsc_t emoji_cowboy_16 = {
  .header.magic = LV_IMAGE_HEADER_MAGIC,
  .header.cf = LV_COLOR_FORMAT_RGB565A8,
  .header.flags = 0,
  .header.w = 16,
  .header.h = 16,
  .header.stride = 32,
  .data_size = sizeof(emoji_cowboy_16_map),
  .data = emoji_cowboy_16_map,
};




#ifndef LV_ATTRIBUTE_MEM_ALIGN
#define LV_ATTRIBUTE_MEM_ALIGN
#endif

#ifndef LV_ATTRIBUTE_EMOJI_THUMBSUP_16
#define LV_ATTRIBUTE_EMOJI_THUMBSUP_16
#endif

static const
LV_ATTRIBUTE_MEM_ALIGN LV_ATTRIBUTE_LARGE_CONST LV_ATTRIBUTE_EMOJI_THUMBSUP_16
uint8_t emoji_thumbsup_16_map[] = {

    0x00,0x00,0x00,0x00,0x00,0x00,0xef,0xfb,0x00,0x00,0xcb,0xfe,0x4c,0xff,0xec,0xfe,0x00,0x00,0x4a,0xfd,0x00,0x00,0x00,0x00,0x00,0x00,0x00,0x00,0x00,0x00,0x00,0x00,
    0x00,0x00,0x00,0x00,0x00,0x00,0x00,0x00,0x00,0x00,0xcb,0xfe,0x8d,0xff,0xcb,0xfe,0x4a,0xfd,0xe0,0xfb,0x00,0x00,0x00,0x00,0x00,0x00,0x00,0x00,0x00,0x00,0x00,0x00,
    0x00,0x00,0x00,0x00,0x00,0x00,0x00,0x00,0x00,0x00,0xcb,0xfe,0x2c,0xff,0xcb,0xfe,0xeb,0xfe,0x00,0x00,0xe0,0xff,0x00,0x00,0x00,0x00,0x00,0x00,0x00,0x00,0x00,0x00,
    0x00,0x00,0x00,0x00,0xe0,0xff,0x00,0x00,0x8b,0xfe,0xcb,0xfe,0x2c,0xff,0xcb,0xfe,0x4c,0xff,0xe7,0xfd,0x6c,0xfe,0xef,0xff,0xe7,0xfd,0x4a,0xfd,0x00,0xf8,0x00,0x00,
    0x00,0x00,0x00,0x00,0xef,0xff,0x4a,0xfd,0xcb,0xfe,0x0c,0xff,0x2c,0xff,0xcb,0xfe,0x00,0x00,0x00,0x00,0x00,0x00,0x00,0x00,0x00,0x00,0x00,0x00,0x00,0x00,0xe0,0xff,
    0x00,0x00,0xef,0xff,0x00,0x00,0x00,0x00,0xcb,0xfe,0x2c,0xff,0xeb,0xfe,0xcb,0xfe,0xcb,0xfe,0x0c,0xff,0x2c,0xff,0x4c,0xff,0x6c,0xff,0x4b,0xff,0x00,0x00,0x00,0x00,
    0x00,0xf8,0x00,0x00,0x29,0xfe,0x0b,0xff,0x0c,0xff,0xeb,0xfe,0xcb,0xfe,0xec,0xfe,0x6c,0xff,0x6b,0xfe,0xea,0xfd,0x0a,0xfe,0xea,0xfd,0xec,0xfe,0xeb,0xfe,0x8b,0xf6,
    0x00,0xf8,0xcb,0xfe,0x2c,0xff,0x2c,0xff,0xcb,0xfe,0xcb,0xfe,0xcb,0xfe,0xeb,0xfe,0x0a,0xfe,0x09,0xf5,0x4b,0xfe,0x2a,0xfe,0x2b,0xfe,0xeb,0xfe,0xad,0xff,0xcb,0xfe,
    0x00,0x00,0xcb,0xfe,0x6c,0xff,0xcb,0xfe,0xcb,0xfe,0xcb,0xfe,0xcb,0xfe,0xeb,0xfe,0x2a,0xfe,0x29,0xf5,0x0a,0xfe,0xea,0xfd,0xea,0xfd,0xea,0xf5,0x8a,0xfd,0x29,0xf5,
    0x00,0x00,0xcb,0xfe,0x2c,0xff,0xcb,0xfe,0xcb,0xfe,0xcb,0xfe,0xcb,0xfe,0xeb,0xfe,0x6b,0xfe,0xe9,0xf4,0xca,0xf5,0xca,0xf5,0xca,0xf5,0xca,0xf5,0x4b,0xfe,0xab,0xfe,
    0x00,0x00,0xcb,0xfe,0x4c,0xff,0xcb,0xfe,0xcb,0xfe,0xcb,0xfe,0xcb,0xfe,0xeb,0xfe,0x2b,0xfe,0x49,0xf5,0x8b,0xfe,0x6b,0xfe,0x6b,0xfe,0x8b,0xfe,0x0a,0xfe,0xaa,0xf5,
    0x00,0x00,0xcb,0xfe,0x4c,0xff,0xcb,0xfe,0xcb,0xfe,0xcb,0xfe,0xcb,0xfe,0xeb,0xfe,0xab,0xfe,0xe9,0xf4,0x49,0xf5,0x69,0xf5,0x69,0xf5,0x8a,0xfd,0x89,0xf5,0x85,0xe3,
    0x00,0x00,0xcb,0xfe,0x2c,0xff,0xcb,0xfe,0xcb,0xfe,0xcb,0xfe,0xcb,0xfe,0xeb,0xfe,0x6b,0xfe,0x29,0xf5,0xcb,0xfe,0xab,0xfe,0xab,0xfe,0xcb,0xfe,0x0a,0xfe,0xee,0xff,
    0x00,0x00,0xcb,0xfe,0x4c,0xff,0xcb,0xfe,0xcb,0xfe,0xcb,0xfe,0xcb,0xfe,0xcb,0xfe,0xeb,0xfe,0x29,0xf5,0x09,0xf5,0x49,0xf5,0x29,0xf5,0x8a,0xfd,0xe9,0xf4,0x00,0x00,
    0x00,0x00,0xcb,0xfe,0x4c,0xff,0x0c,0xff,0xeb,0xfe,0xcb,0xfe,0xcb,0xfe,0xeb,0xfe,0xcb,0xfe,0x09,0xf5,0x8b,0xfe,0xeb,0xfe,0xcb,0xfe,0x0c,0xff,0x6b,0xfe,0x00,0x00,
    0x00,0x00,0x00,0x00,0xeb,0xfe,0xeb,0xfe,0x0c,0xff,0xcb,0xfe,0xcb,0xfe,0xcb,0xfe,0xeb,0xfe,0xaa,0xf5,0xe9,0xf4,0x29,0xf5,0x29,0xf5,0xe9,0xf4,0x68,0xec,0x00,0xf8,
    0x00,0x00,0x00,0x02,0x00,0xa9,0xe5,0x3c,0x00,0x03,0x00,0x00,0x00,0x00,0x00,0x00,0x00,0x00,0x00,0x00,0x00,0xd0,0xff,0xc8,0x03,0x02,0x00,0x00,0x00,0x00,0x00,0x00,
    0x00,0x00,0x00,0x00,0x00,0xd1,0xfe,0xf3,0x16,0x00,0x01,0x00,0x00,0x00,0x00,0x00,0x00,0x00,0x01,0x00,0x11,0xeb,0xff,0xe2,0x0d,0x04,0x05,0x04,0x04,0x03,0x01,0x00,
    0x00,0x00,0x04,0x03,0x42,0xff,0xff,0xba,0x00,0x00,0x00,0x00,0x00,0x00,0x00,0x01,0x00,0x02,0x00,0x00,0xa7,0xff,0xfe,0xe1,0x8f,0x8c,0x80,0x77,0x62,0x38,0x00,0x00,
    0x01,0x00,0x0d,0x75,0xfd,0xfd,0xff,0xff,0xff,0xff,0xff,0xff,0xff,0xff,0xbf,0x16,0x01,0x53,0xe3,0xff,0xfe,0xff,0xff,0xfe,0xfb,0xfb,0xfb,0xfb,0xfc,0xfb,0xff,0x89,
    0x00,0xb9,0xff,0xf9,0xff,0xff,0xff,0xff,0xff,0xff,0xff,0xff,0xff,0xfc,0xfb,0x73,0x00,0xb2,0xfd,0xfc,0xff,0xff,0xff,0xff,0xff,0xff,0xff,0xff,0xff,0xfe,0xfd,0x4f,
    0x00,0xb3,0xff,0xfc,0xff,0xff,0xff,0xff,0xff,0xff,0xff,0xff,0xff,0xfc,0xff,0x69,0x00,0xb3,0xff,0xfc,0xff,0xff,0xff,0xff,0xff,0xff,0xff,0xff,0xfd,0xff,0xd9,0x0b,
    0x00,0xb2,0xfe,0xfc,0xff,0xff,0xff,0xff,0xff,0xff,0xff,0xff,0xfe,0xff,0xe1,0x09,0x00,0xba,0xff,0xfa,0xff,0xff,0xff,0xff,0xff,0xff,0xff,0xff,0xfc,0xfe,0x82,0x00,
    0x00,0x72,0xf7,0xff,0xff,0xff,0xff,0xff,0xff,0xff,0xff,0xff,0xfb,0xff,0x75,0x00,0x00,0x00,0x29,0x9b,0xf9,0xfd,0xff,0xff,0xff,0xff,0xff,0xfe,0xfd,0xeb,0x39,0x01,

};

const lv_image_dsc_t emoji_thumbsup_16 = {
  .header.magic = LV_IMAGE_HEADER_MAGIC,
  .header.cf = LV_COLOR_FORMAT_RGB565A8,
  .header.flags = 0,
  .header.w = 16,
  .header.h = 16,
  .header.stride = 32,
  .data_size = sizeof(emoji_thumbsup_16_map),
  .data = emoji_thumbsup_16_map,
};




#ifndef LV_ATTRIBUTE_MEM_ALIGN
#define LV_ATTRIBUTE_MEM_ALIGN
#endif

#ifndef LV_ATTRIBUTE_EMOJI_HEART_16
#define LV_ATTRIBUTE_EMOJI_HEART_16
#endif

static const
LV_ATTRIBUTE_MEM_ALIGN LV_ATTRIBUTE_LARGE_CONST LV_ATTRIBUTE_EMOJI_HEART_16
uint8_t emoji_heart_16_map[] = {

    0x00,0x00,0x00,0x78,0x00,0x00,0x00,0x00,0x00,0x00,0x00,0x00,0x00,0x00,0x00,0xf8,0x00,0xf8,0x00,0x00,0x00,0x00,0x00,0x00,0x00,0x00,0x00,0x00,0x00,0x78,0x00,0x00,
    0x00,0xf8,0x00,0x00,0xc6,0xb8,0xc6,0xc0,0xc6,0xc0,0xc6,0xc0,0xc6,0xa8,0x00,0x00,0x00,0x00,0xc6,0xa8,0xc6,0xc0,0xc6,0xc0,0xc6,0xc0,0xc6,0xb8,0x00,0x00,0x00,0xf8,
    0x00,0x00,0xc6,0xc0,0xc6,0xc0,0xc6,0xc8,0xc6,0xc8,0xc6,0xc8,0xc6,0xc0,0xa6,0xb8,0xa6,0xb8,0xc6,0xc0,0xc6,0xc8,0xc6,0xc8,0xc6,0xc8,0xc6,0xc0,0xc6,0xb8,0x00,0x00,
    0x00,0xf8,0xc6,0xb8,0xc6,0xc8,0xc6,0xb8,0xc6,0xb8,0xc6,0xb8,0xc6,0xc8,0xc6,0xb8,0xc6,0xb8,0xc6,0xc8,0xc6,0xb8,0xc6,0xb8,0xc6,0xb8,0xc6,0xc8,0xc6,0xb8,0x00,0xf8,
    0xa5,0xb8,0xc6,0xb8,0xc6,0xb8,0xc6,0xb8,0xc6,0xb8,0xc6,0xb8,0xc6,0xb8,0xc6,0xc0,0xc6,0xc0,0xc6,0xb8,0xc6,0xb8,0xc6,0xb8,0xc6,0xb8,0xc6,0xb8,0xc6,0xb8,0xa5,0xb8,
    0xa6,0xc0,0xc6,0xb8,0xc6,0xc0,0xc6,0xb8,0xc6,0xb8,0xc6,0xb8,0xc6,0xb8,0xc6,0xb8,0xc6,0xb8,0xc6,0xb8,0xc6,0xb8,0xc6,0xb8,0xc6,0xb8,0xc6,0xc0,0xc6,0xb8,0xa6,0xc0,
    0x07,0xb8,0xc6,0xb8,0xc6,0xc0,0xc6,0xb8,0xc6,0xb8,0xc6,0xb8,0xc6,0xb8,0xc6,0xb8,0xc6,0xb8,0xc6,0xb8,0xc6,0xb8,0xc6,0xb8,0xc6,0xb8,0xc6,0xc0,0xc6,0xb8,0x07,0xb8,
    0x00,0x00,0xc6,0xb8,0xc6,0xc8,0xc6,0xb8,0xc6,0xb8,0xc6,0xb8,0xc6,0xb8,0xc6,0xb8,0xc6,0xb8,0xc6,0xb8,0xc6,0xb8,0xc6,0xb8,0xc6,0xb8,0xc6,0xc8,0xc6,0xb8,0x00,0x00,
    0x00,0xf8,0xa5,0xb8,0xc6,0xb8,0xc6,0xc0,0xc6,0xb8,0xc6,0xb8,0xc6,0xb8,0xc6,0xb8,0xc6,0xb8,0xc6,0xb8,0xc6,0xb8,0xc6,0xb8,0xc6,0xc0,0xc6,0xb8,0xa5,0xb8,0x00,0xf8,
    0x0a,0xa8,0x00,0x00,0xa5,0xb8,0xc6,0xc0,0xc6,0xc0,0xc6,0xb8,0xc6,0xb8,0xc6,0xb8,0xc6,0xb8,0xc6,0xb8,0xc6,0xb8,0xc6,0xc0,0xc6,0xc0,0xa5,0xb8,0x00,0x00,0x0a,0xa8,
    0x00,0x00,0x0a,0xf8,0x00,0x00,0xc6,0xb8,0xc6,0xc8,0xc6,0xb8,0xc6,0xb8,0xc6,0xb8,0xc6,0xb8,0xc6,0xb8,0xc6,0xb8,0xc6,0xc8,0xc6,0xb8,0x00,0x00,0x0a,0xf8,0x00,0x00,
    0x00,0x00,0x00,0x00,0x07,0xb8,0x00,0x00,0xc5,0xb8,0xc6,0xc8,0xc6,0xb8,0xc6,0xb8,0xc6,0xb8,0xc6,0xb8,0xc6,0xc8,0xc5,0xb8,0x00,0x00,0x07,0xb8,0x00,0x00,0x00,0x00,
    0x00,0x00,0x00,0x00,0x00,0x00,0x07,0xb8,0x00,0x00,0xc6,0xb8,0xc6,0xc8,0xc6,0xb8,0xc6,0xb8,0xc6,0xc8,0xc6,0xb8,0x00,0x00,0x07,0xb8,0x00,0x00,0x00,0x00,0x00,0x00,
    0x00,0x00,0x00,0x00,0x00,0x00,0x00,0x00,0x0a,0xa8,0x00,0x00,0xc6,0xb8,0xc6,0xc8,0xc6,0xc8,0xc6,0xb8,0x00,0x00,0x0a,0xf8,0x00,0x00,0x00,0x00,0x00,0x00,0x00,0x00,
    0x00,0x00,0x00,0x00,0x00,0x00,0x00,0x00,0x00,0x00,0x00,0xa8,0x00,0x00,0xc5,0xb8,0xc5,0xb8,0x00,0x00,0x00,0xa8,0x00,0x00,0x00,0x00,0x00,0x00,0x00,0x00,0x00,0x00,
    0x00,0x00,0x00,0x00,0x00,0x00,0x00,0x00,0x00,0x00,0x00,0x00,0x00,0xf8,0x00,0x00,0x00,0x00,0x00,0xf8,0x00,0x00,0x00,0x00,0x00,0x00,0x00,0x00,0x00,0x00,0x00,0x00,
    0x00,0x02,0x00,0x00,0x00,0x00,0x00,0x01,0x01,0x00,0x00,0x00,0x00,0x00,0x02,0x00,0x01,0x00,0x1e,0x7b,0x9b,0x73,0x13,0x00,0x00,0x13,0x73,0x9b,0x7b,0x1e,0x00,0x01,
    0x00,0x32,0xeb,0xff,0xff,0xff,0xdd,0x17,0x17,0xdd,0xff,0xff,0xff,0xeb,0x32,0x00,0x02,0xc5,0xff,0xf8,0xfc,0xf9,0xff,0xae,0xae,0xff,0xf9,0xfc,0xf8,0xff,0xc4,0x02,
    0x20,0xf6,0xfe,0xfe,0xff,0xff,0xfd,0xff,0xff,0xfd,0xff,0xff,0xfe,0xfe,0xf6,0x20,0x22,0xf5,0xff,0xfe,0xff,0xff,0xff,0xfe,0xfe,0xff,0xff,0xff,0xfe,0xff,0xf5,0x22,
    0x04,0xd2,0xfe,0xfd,0xff,0xff,0xff,0xff,0xff,0xff,0xff,0xff,0xfd,0xfe,0xd2,0x04,0x00,0x74,0xff,0xfb,0xff,0xff,0xff,0xff,0xff,0xff,0xff,0xff,0xfb,0xff,0x74,0x00,
    0x01,0x0c,0xde,0xff,0xfd,0xff,0xff,0xff,0xff,0xff,0xff,0xfd,0xff,0xde,0x0c,0x01,0x03,0x00,0x40,0xfe,0xfb,0xfe,0xff,0xff,0xff,0xff,0xfe,0xfb,0xfe,0x40,0x00,0x03,
    0x00,0x03,0x00,0x6f,0xff,0xfa,0xfe,0xff,0xff,0xfe,0xfa,0xff,0x6f,0x00,0x03,0x00,0x00,0x00,0x04,0x00,0x85,0xff,0xfb,0xfe,0xfe,0xfb,0xff,0x85,0x00,0x04,0x00,0x00,
    0x00,0x00,0x01,0x04,0x00,0x86,0xff,0xfb,0xfb,0xff,0x85,0x00,0x04,0x01,0x00,0x00,0x00,0x00,0x00,0x01,0x03,0x00,0x78,0xff,0xff,0x78,0x00,0x03,0x01,0x00,0x00,0x00,
    0x00,0x00,0x00,0x00,0x00,0x03,0x00,0x5c,0x5c,0x00,0x03,0x00,0x00,0x00,0x00,0x00,0x00,0x00,0x00,0x00,0x00,0x00,0x02,0x00,0x00,0x02,0x00,0x00,0x00,0x00,0x00,0x00,

};

const lv_image_dsc_t emoji_heart_16 = {
  .header.magic = LV_IMAGE_HEADER_MAGIC,
  .header.cf = LV_COLOR_FORMAT_RGB565A8,
  .header.flags = 0,
  .header.w = 16,
  .header.h = 16,
  .header.stride = 32,
  .data_size = sizeof(emoji_heart_16_map),
  .data = emoji_heart_16_map,
};




#ifndef LV_ATTRIBUTE_MEM_ALIGN
#define LV_ATTRIBUTE_MEM_ALIGN
#endif

#ifndef LV_ATTRIBUTE_EMOJI_WIRELESS_16
#define LV_ATTRIBUTE_EMOJI_WIRELESS_16
#endif

static const
LV_ATTRIBUTE_MEM_ALIGN LV_ATTRIBUTE_LARGE_CONST LV_ATTRIBUTE_EMOJI_WIRELESS_16
uint8_t emoji_wireless_16_map[] = {

    0x38,0x2c,0x59,0x2c,0x59,0x2c,0x38,0x2c,0x38,0x2c,0x38,0x2c,0x38,0x2c,0x38,0x2c,0x38,0x2c,0x38,0x2c,0x38,0x2c,0x38,0x2c,0x38,0x2c,0x59,0x2c,0x59,0x2c,0x38,0x2c,
    0x38,0x2c,0x59,0x2c,0x38,0x2c,0x38,0x2c,0x38,0x2c,0x38,0x2c,0x58,0x2c,0x59,0x2c,0x59,0x2c,0x58,0x2c,0x38,0x2c,0x38,0x2c,0x38,0x2c,0x38,0x2c,0x59,0x2c,0x38,0x2c,
    0x38,0x2c,0x38,0x2c,0x38,0x2c,0x59,0x2c,0x59,0x2c,0x38,0x2c,0x18,0x24,0x18,0x24,0x18,0x24,0x18,0x24,0x38,0x2c,0x59,0x2c,0x59,0x2c,0x38,0x2c,0x38,0x2c,0x38,0x2c,
    0x38,0x2c,0x38,0x2c,0x58,0x2c,0x18,0x24,0xf8,0x1b,0x59,0x2c,0xb9,0x4c,0x1a,0x5d,0x1a,0x5d,0xb9,0x44,0x58,0x2c,0xf8,0x1b,0x18,0x24,0x58,0x2c,0x38,0x2c,0x38,0x2c,
    0x38,0x2c,0x58,0x2c,0x18,0x24,0xfa,0x54,0xbd,0xb6,0xdf,0xf7,0xff,0xff,0xff,0xff,0xff,0xff,0xff,0xff,0xbf,0xf7,0x9d,0xb6,0xfa,0x54,0x18,0x24,0x58,0x2c,0x38,0x2c,
    0x59,0x2c,0x18,0x24,0x3c,0x9e,0xff,0xff,0x9f,0xe7,0x1c,0x96,0x1a,0x5d,0x99,0x3c,0x99,0x44,0x1a,0x5d,0x1c,0x96,0x9f,0xe7,0xff,0xff,0x3c,0x96,0x18,0x24,0x59,0x2c,
    0x58,0x2c,0x18,0x24,0x3a,0x5d,0xbb,0x7d,0xf8,0x13,0x38,0x2c,0x5a,0x65,0xfc,0x8d,0xfc,0x8d,0x3a,0x65,0x38,0x24,0xf8,0x1b,0xbb,0x7d,0x3a,0x65,0x18,0x24,0x58,0x2c,
    0x38,0x2c,0x58,0x2c,0x18,0x24,0xd8,0x13,0x1c,0x96,0xff,0xff,0xff,0xff,0xbf,0xf7,0xdf,0xf7,0xff,0xff,0xff,0xff,0xfc,0x8d,0xd8,0x13,0x18,0x24,0x58,0x2c,0x38,0x2c,
    0x38,0x2c,0x38,0x2c,0x59,0x2c,0x18,0x24,0xdb,0x85,0x3c,0x9e,0x59,0x34,0x18,0x24,0x18,0x24,0x59,0x34,0x5c,0xa6,0xdb,0x85,0x18,0x24,0x59,0x2c,0x38,0x2c,0x38,0x2c,
    0x38,0x2c,0x38,0x2c,0x38,0x2c,0x38,0x2c,0x18,0x24,0xf8,0x1b,0xdb,0x85,0x5e,0xdf,0x5e,0xdf,0xdb,0x85,0xf8,0x1b,0x18,0x24,0x38,0x2c,0x38,0x2c,0x38,0x2c,0x38,0x2c,
    0x38,0x2c,0x38,0x2c,0x38,0x2c,0x38,0x2c,0x59,0x2c,0x38,0x2c,0x7d,0xae,0x9d,0xb6,0xbd,0xb6,0x7c,0xa6,0x38,0x24,0x59,0x2c,0x38,0x2c,0x38,0x2c,0x38,0x2c,0x38,0x2c,
    0x38,0x2c,0x38,0x2c,0x38,0x2c,0x38,0x2c,0x38,0x2c,0x38,0x2c,0xf8,0x1b,0x7b,0x6d,0x3a,0x65,0xf8,0x1b,0x38,0x2c,0x38,0x2c,0x38,0x2c,0x38,0x2c,0x38,0x2c,0x38,0x2c,
    0x38,0x2c,0x38,0x2c,0x38,0x2c,0x38,0x2c,0x38,0x2c,0x58,0x2c,0x18,0x24,0x7e,0xdf,0x1e,0xcf,0x18,0x1c,0x59,0x2c,0x38,0x2c,0x38,0x2c,0x38,0x2c,0x38,0x2c,0x38,0x2c,
    0x38,0x2c,0x38,0x2c,0x38,0x2c,0x38,0x2c,0x38,0x2c,0x38,0x2c,0x38,0x2c,0x79,0x34,0x79,0x34,0x38,0x2c,0x38,0x2c,0x38,0x2c,0x38,0x2c,0x38,0x2c,0x38,0x2c,0x38,0x2c,
    0x38,0x2c,0x59,0x2c,0x38,0x2c,0x38,0x2c,0x38,0x2c,0x38,0x2c,0x38,0x2c,0x38,0x2c,0x38,0x2c,0x38,0x2c,0x38,0x2c,0x38,0x2c,0x38,0x2c,0x38,0x2c,0x59,0x2c,0x38,0x2c,
    0x38,0x2c,0x59,0x2c,0x59,0x2c,0x38,0x2c,0x38,0x2c,0x38,0x2c,0x38,0x2c,0x58,0x2c,0x38,0x2c,0x38,0x2c,0x38,0x2c,0x38,0x2c,0x38,0x2c,0x59,0x2c,0x59,0x2c,0x38,0x2c,
    0x7f,0xf3,0xfd,0xff,0xff,0xff,0xff,0xff,0xff,0xff,0xff,0xff,0xff,0xfd,0xf3,0x7f,0xfe,0xff,0xff,0xff,0xff,0xff,0xff,0xff,0xff,0xff,0xff,0xff,0xff,0xff,0xff,0xfe,
    0xff,0xff,0xff,0xff,0xff,0xff,0xff,0xff,0xff,0xff,0xff,0xff,0xff,0xff,0xff,0xff,0xff,0xff,0xff,0xff,0xff,0xff,0xff,0xff,0xff,0xff,0xff,0xff,0xff,0xff,0xff,0xff,
    0xff,0xff,0xff,0xff,0xff,0xff,0xff,0xff,0xff,0xff,0xff,0xff,0xff,0xff,0xff,0xff,0xff,0xff,0xff,0xff,0xff,0xff,0xff,0xff,0xff,0xff,0xff,0xff,0xff,0xff,0xff,0xff,
    0xff,0xff,0xff,0xff,0xff,0xff,0xff,0xff,0xff,0xff,0xff,0xff,0xff,0xff,0xff,0xff,0xff,0xff,0xff,0xff,0xff,0xff,0xff,0xff,0xff,0xff,0xff,0xff,0xff,0xff,0xff,0xff,
    0xff,0xff,0xff,0xff,0xff,0xff,0xff,0xff,0xff,0xff,0xff,0xff,0xff,0xff,0xff,0xff,0xff,0xff,0xff,0xff,0xff,0xff,0xff,0xff,0xff,0xff,0xff,0xff,0xff,0xff,0xff,0xff,
    0xff,0xff,0xff,0xff,0xff,0xff,0xff,0xff,0xff,0xff,0xff,0xff,0xff,0xff,0xff,0xff,0xff,0xff,0xff,0xff,0xff,0xff,0xff,0xff,0xff,0xff,0xff,0xff,0xff,0xff,0xff,0xff,
    0xff,0xff,0xff,0xff,0xff,0xff,0xff,0xff,0xff,0xff,0xff,0xff,0xff,0xff,0xff,0xff,0xff,0xff,0xff,0xff,0xff,0xff,0xff,0xff,0xff,0xff,0xff,0xff,0xff,0xff,0xff,0xff,
    0xfa,0xff,0xff,0xff,0xff,0xff,0xff,0xff,0xff,0xff,0xff,0xff,0xff,0xff,0xff,0xfe,0x7f,0xf6,0xfd,0xff,0xff,0xff,0xff,0xff,0xff,0xff,0xff,0xff,0xff,0xfd,0xf3,0x7f,

};

const lv_image_dsc_t emoji_wireless_16 = {
  .header.magic = LV_IMAGE_HEADER_MAGIC,
  .header.cf = LV_COLOR_FORMAT_RGB565A8,
  .header.flags = 0,
  .header.w = 16,
  .header.h = 16,
  .header.stride = 32,
  .data_size = sizeof(emoji_wireless_16_map),
  .data = emoji_wireless_16_map,
};




#ifndef LV_ATTRIBUTE_MEM_ALIGN
#define LV_ATTRIBUTE_MEM_ALIGN
#endif

#ifndef LV_ATTRIBUTE_EMOJI_INFINITY_16
#define LV_ATTRIBUTE_EMOJI_INFINITY_16
#endif

static const
LV_ATTRIBUTE_MEM_ALIGN LV_ATTRIBUTE_LARGE_CONST LV_ATTRIBUTE_EMOJI_INFINITY_16
uint8_t emoji_infinity_16_map[] = {

    0x00,0x00,0xff,0x07,0x00,0x00,0x00,0x00,0xbb,0x3c,0xdb,0x3c,0xbb,0x3c,0xbb,0x3c,0xbb,0x3c,0xbb,0x3c,0xdb,0x3c,0xbb,0x3c,0x00,0x00,0x00,0x00,0xff,0x07,0x00,0x00,
    0xff,0x07,0x00,0x00,0x5a,0x3c,0xbb,0x3c,0xdb,0x3c,0xdc,0x3c,0xbb,0x3c,0xbb,0x3c,0xbb,0x3c,0xbb,0x3c,0xdc,0x3c,0xdb,0x3c,0xbb,0x3c,0x5a,0x3c,0x00,0x00,0xff,0x07,
    0xff,0x7f,0xfa,0x3c,0xbb,0x3c,0x1d,0x45,0xbb,0x3c,0xbb,0x3c,0xbb,0x3c,0xbb,0x3c,0xbb,0x3c,0xbb,0x3c,0xbb,0x3c,0xbb,0x3c,0x1d,0x45,0xbb,0x3c,0xfa,0x3c,0xff,0x7f,
    0x00,0x00,0x9a,0x3c,0x1d,0x45,0x9b,0x3c,0x9b,0x3c,0xbb,0x3c,0xbb,0x3c,0xbb,0x3c,0xbb,0x3c,0xbb,0x3c,0xbb,0x3c,0x9b,0x3c,0x9b,0x3c,0x1d,0x45,0x9a,0x3c,0x00,0x00,
    0x9b,0x3c,0xdb,0x3c,0x9b,0x34,0x9b,0x34,0xdb,0x44,0x9b,0x3c,0x7a,0x2c,0xbb,0x3c,0xbb,0x3c,0x7a,0x2c,0x9b,0x3c,0xdb,0x44,0x9b,0x34,0x9b,0x34,0xdb,0x3c,0x9b,0x3c,
    0xbb,0x3c,0xbc,0x34,0x3b,0x5d,0x5e,0xd7,0xff,0xff,0x9f,0xe7,0xdc,0x85,0x7a,0x34,0xbb,0x3c,0xfd,0x85,0x9f,0xe7,0xff,0xff,0x5e,0xd7,0x3b,0x5d,0xbc,0x34,0xbb,0x3c,
    0x9b,0x3c,0xdb,0x44,0xbf,0xef,0x7f,0xe7,0xdc,0x7d,0xde,0xbe,0xff,0xff,0x7d,0xa6,0xbb,0x3c,0xdf,0xf7,0xfe,0xc6,0xdc,0x7d,0x7f,0xe7,0xbf,0xef,0xdb,0x44,0x9b,0x3c,
    0x7a,0x2c,0xdc,0x7d,0xff,0xff,0xfb,0x4c,0x5a,0x2c,0x7a,0x2c,0xfc,0x85,0xff,0xff,0x3d,0x96,0x9b,0x3c,0x9b,0x3c,0x5a,0x2c,0xfb,0x4c,0xff,0xff,0xdc,0x7d,0x7a,0x2c,
    0x7a,0x2c,0xdc,0x7d,0xff,0xff,0xfb,0x4c,0x5a,0x2c,0x9b,0x3c,0x7a,0x34,0x3d,0x96,0xff,0xff,0xdc,0x85,0x7a,0x2c,0x5a,0x2c,0xfb,0x4c,0xff,0xff,0xdc,0x7d,0x7a,0x2c,
    0x9b,0x3c,0xdb,0x44,0xbf,0xef,0x7f,0xe7,0xdc,0x7d,0x1e,0xc7,0x9f,0xef,0x9b,0x34,0x7d,0xa6,0xff,0xff,0xde,0xbe,0xdc,0x7d,0x7f,0xe7,0xbf,0xef,0xdb,0x44,0x9b,0x3c,
    0xbb,0x3c,0xbc,0x34,0x3b,0x5d,0x5e,0xd7,0xff,0xff,0x9f,0xe7,0xfd,0x85,0xbb,0x3c,0x7a,0x34,0xdc,0x85,0x9f,0xe7,0xff,0xff,0x5e,0xd7,0x3b,0x5d,0xbc,0x34,0xbb,0x3c,
    0x9b,0x3c,0xdb,0x3c,0x9b,0x34,0x9b,0x34,0xdb,0x44,0x9b,0x3c,0x7a,0x2c,0xbb,0x3c,0xbb,0x3c,0x7a,0x2c,0x9b,0x3c,0xdb,0x44,0x9b,0x34,0x9b,0x34,0xdb,0x3c,0x9b,0x3c,
    0x00,0x00,0x9a,0x3c,0x1d,0x45,0x9b,0x3c,0x9b,0x3c,0xbb,0x3c,0xbb,0x3c,0xbb,0x3c,0xbb,0x3c,0xbb,0x3c,0xbb,0x3c,0x9b,0x3c,0x9b,0x3c,0x1d,0x45,0x9a,0x3c,0x00,0x00,
    0xff,0x7f,0xfa,0x3c,0xbb,0x3c,0x1d,0x45,0xbb,0x3c,0xbb,0x3c,0xbb,0x3c,0xbb,0x3c,0xbb,0x3c,0xbb,0x3c,0xbb,0x3c,0xbb,0x3c,0x1d,0x45,0xbb,0x3c,0xfa,0x3c,0xff,0x7f,
    0xff,0x07,0x00,0x00,0x5a,0x3c,0xbb,0x3c,0xdb,0x3c,0xdc,0x3c,0xbb,0x3c,0xbb,0x3c,0xbb,0x3c,0xbb,0x3c,0xdc,0x3c,0xdb,0x3c,0xbb,0x3c,0x5a,0x3c,0x00,0x00,0xff,0x07,
    0x00,0x00,0xff,0x07,0x00,0x00,0x00,0x00,0xbb,0x3c,0xdb,0x3c,0xbb,0x3c,0xbb,0x3c,0xbb,0x3c,0xbb,0x3c,0xdb,0x3c,0xbb,0x3c,0x00,0x00,0x00,0x00,0xff,0x07,0x00,0x00,
    0x00,0x01,0x00,0x00,0x46,0xab,0xe7,0xfe,0xfe,0xe7,0xab,0x46,0x00,0x00,0x01,0x00,0x01,0x00,0x0d,0x9f,0xfe,0xff,0xff,0xff,0xff,0xff,0xff,0xfe,0x9f,0x0d,0x00,0x01,
    0x02,0x0d,0xc7,0xff,0xfd,0xfd,0xfe,0xff,0xff,0xfe,0xfd,0xfd,0xff,0xc7,0x0d,0x02,0x00,0xa1,0xff,0xf9,0xff,0xff,0xff,0xff,0xff,0xff,0xff,0xff,0xf9,0xff,0xa1,0x00,
    0x42,0xff,0xfc,0xff,0xff,0xff,0xff,0xff,0xff,0xff,0xff,0xff,0xff,0xfc,0xff,0x42,0xae,0xff,0xfc,0xff,0xff,0xff,0xff,0xff,0xff,0xff,0xff,0xff,0xff,0xfc,0xff,0xae,
    0xea,0xff,0xfe,0xff,0xff,0xff,0xff,0xff,0xff,0xff,0xff,0xff,0xff,0xfe,0xff,0xea,0xff,0xff,0xff,0xff,0xff,0xff,0xff,0xff,0xff,0xff,0xff,0xff,0xff,0xff,0xff,0xff,
    0xff,0xff,0xff,0xff,0xff,0xff,0xff,0xff,0xff,0xff,0xff,0xff,0xff,0xff,0xff,0xff,0xea,0xff,0xfe,0xff,0xff,0xff,0xff,0xff,0xff,0xff,0xff,0xff,0xff,0xfe,0xff,0xea,
    0xae,0xff,0xfc,0xff,0xff,0xff,0xff,0xff,0xff,0xff,0xff,0xff,0xff,0xfc,0xff,0xae,0x42,0xff,0xfc,0xff,0xff,0xff,0xff,0xff,0xff,0xff,0xff,0xff,0xff,0xfc,0xff,0x42,
    0x00,0xa1,0xff,0xf9,0xff,0xff,0xff,0xff,0xff,0xff,0xff,0xff,0xf9,0xff,0xa1,0x00,0x02,0x0d,0xc7,0xff,0xfd,0xfd,0xfe,0xff,0xff,0xfe,0xfd,0xfd,0xff,0xc7,0x0d,0x02,
    0x01,0x00,0x0d,0x9f,0xfe,0xff,0xff,0xff,0xff,0xff,0xff,0xfe,0x9f,0x0d,0x00,0x01,0x00,0x01,0x00,0x00,0x46,0xab,0xe7,0xfe,0xfe,0xe7,0xab,0x46,0x00,0x00,0x01,0x00,

};

const lv_image_dsc_t emoji_infinity_16 = {
  .header.magic = LV_IMAGE_HEADER_MAGIC,
  .header.cf = LV_COLOR_FORMAT_RGB565A8,
  .header.flags = 0,
  .header.w = 16,
  .header.h = 16,
  .header.stride = 32,
  .data_size = sizeof(emoji_infinity_16_map),
  .data = emoji_infinity_16_map,
};




#ifndef LV_ATTRIBUTE_MEM_ALIGN
#define LV_ATTRIBUTE_MEM_ALIGN
#endif

#ifndef LV_ATTRIBUTE_EMOJI_TREX_16
#define LV_ATTRIBUTE_EMOJI_TREX_16
#endif

static const
LV_ATTRIBUTE_MEM_ALIGN LV_ATTRIBUTE_LARGE_CONST LV_ATTRIBUTE_EMOJI_TREX_16
uint8_t emoji_trex_16_map[] = {

    0x4a,0x55,0x00,0x00,0x00,0x00,0x0e,0xa7,0xaa,0x7d,0xaa,0x7d,0x4a,0x75,0x00,0x00,0xe0,0x07,0x00,0x00,0x00,0x00,0x00,0x00,0x00,0x00,0x00,0x00,0x00,0x00,0x00,0x00,
    0x00,0x00,0xcb,0x7d,0x09,0x6d,0x27,0x54,0xaa,0x7d,0xcb,0x7d,0xaa,0x7d,0x8a,0x7d,0x00,0x00,0xef,0x7b,0x00,0x00,0x00,0x00,0x00,0x00,0x00,0x00,0x00,0x00,0x00,0x00,
    0x8a,0x75,0xcb,0x7d,0xca,0x75,0x09,0x6d,0xaa,0x7d,0x8a,0x75,0x0b,0x86,0x8a,0x75,0x00,0x00,0xe7,0x7d,0x00,0x00,0x00,0x00,0x00,0x00,0x00,0x00,0x00,0x00,0x00,0x00,
    0x8a,0x7d,0x8a,0x85,0x69,0x8d,0x4a,0x75,0xea,0x6c,0x8a,0x7d,0xeb,0x85,0x8a,0x75,0x00,0x00,0xaa,0x7e,0x00,0x00,0x00,0x00,0x00,0x00,0x00,0x00,0x00,0x00,0x00,0x00,
    0x47,0xa5,0xc4,0xcc,0x46,0xb5,0x68,0x64,0xea,0x6c,0xaa,0x7d,0xcb,0x7d,0x8a,0x7d,0xef,0x7b,0x00,0x00,0x4a,0x55,0x00,0x00,0x00,0x00,0x00,0x00,0x00,0x00,0x00,0x00,
    0x00,0x00,0x69,0x85,0xaa,0x7d,0xcb,0x7d,0xeb,0x7d,0x8a,0x75,0x8a,0x75,0xcb,0x7d,0x8a,0x75,0x2a,0x6d,0x00,0x00,0xef,0x7f,0x00,0x00,0x00,0x00,0x00,0x00,0x00,0x00,
    0x4a,0x55,0x00,0x00,0x00,0x00,0x02,0x33,0x6a,0x75,0xcb,0x7d,0x8a,0x75,0x8a,0x75,0x8a,0x75,0x69,0x75,0x8a,0x75,0x00,0x00,0xef,0x7f,0x00,0x00,0x00,0x00,0x00,0x00,
    0xe0,0x7b,0x00,0xf8,0x06,0x54,0xa4,0x43,0x46,0x54,0xaa,0x7d,0x8a,0x75,0x8a,0x7d,0x6a,0x75,0xe8,0x64,0x8a,0x75,0x6a,0x75,0x00,0x00,0x4a,0x55,0x00,0x00,0x00,0x00,
    0xef,0x7f,0x00,0x00,0xab,0x7d,0xcb,0x7d,0x29,0x6d,0xaa,0x7d,0x8a,0x75,0x8a,0x75,0x8a,0x75,0x49,0x75,0x08,0x6d,0x49,0x6d,0x00,0x00,0xef,0x7b,0x00,0x00,0x00,0x00,
    0x00,0x00,0x00,0x00,0x00,0x00,0x00,0x00,0x8e,0xa6,0xe8,0x64,0xaa,0x7d,0x8a,0x75,0x8a,0x75,0x8a,0x7d,0x09,0x6d,0x29,0x6d,0x2c,0x86,0x00,0x00,0xe0,0xff,0xe0,0xff,
    0x00,0x00,0x00,0x00,0x00,0x00,0x4a,0x55,0xe0,0x19,0x05,0x4c,0x8a,0x7d,0x8a,0x75,0x8a,0x75,0x8a,0x7d,0x49,0x6d,0x49,0x75,0xab,0x7d,0x00,0x00,0xef,0x7f,0x00,0x00,
    0x00,0x00,0x00,0x00,0xe0,0x3b,0x00,0x00,0x43,0x33,0x25,0x4c,0xaa,0x7d,0x8a,0x75,0x8a,0x75,0x8a,0x75,0x8a,0x75,0xeb,0x7d,0x6a,0x75,0x00,0x00,0x89,0x7d,0x89,0x75,
    0x00,0x00,0x00,0x00,0xe0,0x07,0x00,0x00,0x83,0x3b,0x83,0x3b,0xe8,0x64,0xeb,0x7d,0xaa,0x7d,0x8a,0x7d,0x8a,0x7d,0xcb,0x7d,0x8a,0x75,0x00,0x00,0x00,0x00,0x8a,0x75,
    0x00,0x00,0x00,0x00,0x00,0x00,0xe0,0x03,0x00,0x00,0x22,0x33,0x83,0x3b,0x87,0x5c,0xab,0x7d,0x6a,0x75,0xe8,0x64,0xcb,0x7d,0xcb,0x7d,0x8a,0x75,0xab,0x7d,0x8a,0x75,
    0x00,0x00,0x00,0x00,0x00,0x00,0xe0,0x7b,0xe5,0x2b,0x83,0x3b,0x04,0x44,0xe1,0x2a,0xab,0x7d,0x8a,0x75,0xc4,0x43,0x08,0x65,0x6a,0x75,0xeb,0x85,0xaa,0x7d,0x8a,0x75,
    0x00,0x00,0x00,0x00,0x00,0x00,0x00,0x00,0x43,0x3b,0x83,0x43,0x63,0x3b,0x29,0x6d,0xeb,0x7d,0x8a,0x75,0x00,0x00,0x20,0x01,0xa7,0x5c,0x08,0x6d,0xa7,0x64,0x00,0x00,
    0x03,0x00,0x00,0x23,0xaa,0x7b,0x2b,0x00,0x01,0x00,0x00,0x00,0x00,0x00,0x00,0x00,0x00,0x28,0x96,0xee,0xff,0xff,0xf2,0x2a,0x00,0x02,0x00,0x00,0x00,0x00,0x00,0x00,
    0x6b,0xfa,0xff,0xff,0xfd,0xf9,0xff,0x85,0x01,0x04,0x00,0x00,0x00,0x00,0x00,0x00,0xf9,0xf9,0xcb,0xe6,0xff,0xfa,0xfe,0x88,0x00,0x06,0x00,0x00,0x00,0x00,0x00,0x00,
    0x4a,0x90,0xa1,0xdc,0xfe,0xfb,0xff,0xbd,0x02,0x00,0x03,0x00,0x00,0x00,0x00,0x00,0x00,0xb3,0xc5,0xd1,0xff,0xfe,0xfd,0xff,0xba,0x29,0x00,0x02,0x00,0x00,0x00,0x00,
    0x03,0x00,0x00,0x1f,0x9d,0xfe,0xfc,0xfd,0xff,0xf6,0x61,0x00,0x02,0x00,0x00,0x00,0x02,0x01,0x25,0x93,0xcb,0xff,0xfe,0xff,0xfc,0xff,0xff,0x3e,0x00,0x03,0x00,0x00,
    0x02,0x01,0x32,0x77,0xdb,0xff,0xfe,0xff,0xff,0xfb,0xfe,0xba,0x00,0x02,0x00,0x00,0x00,0x00,0x00,0x00,0x0b,0xd4,0xfe,0xfd,0xff,0xfe,0xff,0xf3,0x17,0x00,0x01,0x01,
    0x00,0x00,0x01,0x03,0x14,0xe6,0xff,0xfe,0xff,0xff,0xfd,0xff,0x41,0x01,0x02,0x00,0x00,0x00,0x04,0x00,0x55,0xff,0xfc,0xfd,0xfe,0xfe,0xf9,0xff,0x73,0x00,0x0a,0x14,
    0x00,0x00,0x01,0x01,0x1d,0xd6,0xfd,0xff,0xff,0xff,0xff,0xfd,0xcd,0x00,0x00,0x82,0x00,0x00,0x00,0x02,0x00,0x0f,0xf7,0xb1,0xe0,0xe4,0xe3,0xff,0xff,0xa7,0x56,0xd2,
    0x00,0x00,0x00,0x02,0x06,0x78,0xff,0x48,0xcd,0xc4,0x28,0xcf,0xff,0xff,0xf9,0x68,0x00,0x00,0x01,0x00,0x18,0xab,0x99,0xa9,0xff,0xdd,0x00,0x07,0x4a,0x58,0x1d,0x00,

};

const lv_image_dsc_t emoji_trex_16 = {
  .header.magic = LV_IMAGE_HEADER_MAGIC,
  .header.cf = LV_COLOR_FORMAT_RGB565A8,
  .header.flags = 0,
  .header.w = 16,
  .header.h = 16,
  .header.stride = 32,
  .data_size = sizeof(emoji_trex_16_map),
  .data = emoji_trex_16_map,
};




#ifndef LV_ATTRIBUTE_MEM_ALIGN
#define LV_ATTRIBUTE_MEM_ALIGN
#endif

#ifndef LV_ATTRIBUTE_EMOJI_SKULL_16
#define LV_ATTRIBUTE_EMOJI_SKULL_16
#endif

static const
LV_ATTRIBUTE_MEM_ALIGN LV_ATTRIBUTE_LARGE_CONST LV_ATTRIBUTE_EMOJI_SKULL_16
uint8_t emoji_skull_16_map[] = {

    0x00,0x00,0xb8,0xad,0x19,0xb6,0xd8,0xad,0xb8,0xad,0xff,0x07,0xff,0x7f,0xff,0xff,0xff,0xff,0xff,0xff,0xff,0x07,0xb8,0xad,0xd8,0xad,0x19,0xb6,0xb8,0xad,0x00,0x00,
    0xd8,0xad,0xf8,0xad,0xf8,0xad,0x3a,0xbe,0xd8,0xad,0x55,0xad,0x79,0xce,0x00,0x00,0x00,0x00,0x79,0xce,0x55,0xad,0xd8,0xa5,0x3a,0xbe,0xd8,0xad,0xf8,0xad,0xb8,0xad,
    0xd8,0xad,0xd8,0xad,0xb8,0xad,0x19,0xb6,0xb8,0xad,0x00,0x00,0x00,0x00,0xbc,0xd6,0x1c,0xd7,0x00,0x00,0x00,0x00,0xb8,0xad,0x19,0xb6,0xb8,0xad,0xf8,0xad,0xd8,0xad,
    0xd8,0xad,0x3a,0xbe,0x19,0xb6,0x5a,0xbe,0xb8,0xad,0x7a,0xc6,0xdc,0xd6,0xdb,0xce,0xbb,0xce,0xdc,0xce,0x7a,0xc6,0xb8,0xad,0x5a,0xbe,0x19,0xb6,0x3a,0xbe,0xb8,0xad,
    0xb7,0xad,0xf9,0xad,0xb8,0xad,0xd8,0xad,0x7a,0xc6,0x5e,0xe7,0x7e,0xe7,0xdc,0xd6,0xdc,0xd6,0x7e,0xe7,0x5e,0xe7,0x7a,0xc6,0xb8,0xad,0xd8,0xad,0xf9,0xb5,0x98,0xad,
    0x00,0x00,0x00,0x00,0x00,0x00,0x5a,0xc6,0xdc,0xce,0xd3,0x94,0x72,0x84,0xbb,0xce,0xbb,0xce,0x72,0x84,0xd3,0x94,0xdc,0xce,0x7a,0xc6,0x00,0x00,0x00,0x00,0x00,0x00,
    0xef,0x7b,0xf7,0xbd,0x5f,0xad,0x9f,0xe7,0xb7,0xad,0xe4,0x18,0xc3,0x10,0x14,0x9d,0xf4,0x94,0xc3,0x10,0xe4,0x18,0xb7,0xad,0x9e,0xe7,0x5f,0xad,0xf7,0xbd,0xef,0x7b,
    0x00,0x00,0xff,0xbd,0x00,0x00,0x7e,0xe7,0x97,0xad,0x04,0x19,0xe4,0x18,0xf4,0x94,0xf4,0x94,0xe4,0x18,0x04,0x19,0x97,0xad,0x5e,0xe7,0x00,0x00,0xf7,0xbd,0x00,0x00,
    0x00,0x00,0xff,0xbd,0x00,0x00,0xbb,0xce,0x1d,0xdf,0x76,0xa5,0x56,0xa5,0xbb,0xce,0xbb,0xce,0x56,0xa5,0x76,0xa5,0x1d,0xd7,0xbb,0xce,0x00,0x00,0xf7,0xbd,0x00,0x00,
    0xef,0x7b,0xbb,0xb5,0xf7,0x7d,0xdb,0xce,0x3d,0xdf,0x1c,0xd7,0x3d,0xdf,0x4d,0x63,0x4d,0x63,0x3d,0xdf,0x1c,0xd7,0x3d,0xdf,0xdc,0xd6,0xf7,0x7d,0xbb,0xb5,0xef,0x7b,
    0x00,0x00,0x00,0x00,0x00,0x00,0x97,0xa5,0x9b,0xc6,0xdc,0xd6,0xbb,0xce,0x97,0xad,0x97,0xad,0xbb,0xce,0xdc,0xd6,0x9b,0xc6,0x97,0xa5,0x00,0x00,0x00,0x00,0x00,0x00,
    0xb8,0xad,0xf9,0xb5,0xb8,0xad,0xf8,0xad,0x97,0xa5,0xbb,0xce,0x5e,0xdf,0x1d,0xdf,0x1d,0xdf,0x5e,0xdf,0xbb,0xce,0x97,0xa5,0xf8,0xad,0xd8,0xad,0xf9,0xad,0x98,0xad,
    0xd8,0xad,0x3a,0xbe,0x19,0xb6,0x39,0xb6,0xb8,0xa5,0xbb,0xce,0xdc,0xd6,0xbb,0xce,0xbb,0xce,0xdc,0xd6,0xbb,0xce,0xb7,0xa5,0x39,0xb6,0x19,0xb6,0x3a,0xbe,0xb8,0xad,
    0xd8,0xad,0xd8,0xad,0xb8,0xad,0x19,0xb6,0xb8,0xad,0x00,0x00,0xd7,0xbd,0x5f,0xad,0x5f,0xad,0xd7,0xbd,0x00,0x00,0xb8,0xad,0x19,0xb6,0xb8,0xad,0xf8,0xad,0xd8,0xad,
    0xd8,0xad,0xf8,0xad,0xf8,0xad,0x3a,0xbe,0xb8,0xad,0x00,0x00,0xef,0xff,0x00,0x00,0x00,0x00,0xef,0xff,0x00,0x00,0xb8,0xad,0x3a,0xbe,0xd8,0xad,0xf8,0xad,0xb8,0xad,
    0x00,0x00,0xb8,0xad,0x19,0xb6,0xd8,0xad,0xb8,0xad,0xff,0xff,0x55,0xad,0xff,0xff,0xff,0xff,0x55,0xad,0xff,0xff,0xb8,0xad,0xd8,0xad,0x19,0xb6,0xb8,0xad,0x00,0x00,
    0x00,0x47,0xf7,0xe4,0x2a,0x01,0x02,0x01,0x01,0x02,0x01,0x2a,0xe4,0xf7,0x47,0x00,0x4c,0xdf,0xfd,0xff,0x6c,0x03,0x05,0x00,0x00,0x05,0x03,0x6c,0xff,0xfe,0xde,0x44,
    0xff,0xff,0xf8,0xfc,0x6a,0x00,0x00,0x12,0x11,0x00,0x00,0x6a,0xfc,0xf7,0xff,0xfa,0xe7,0xff,0xff,0xff,0xb0,0x58,0xc6,0xe9,0xe9,0xc3,0x52,0xb0,0xff,0xff,0xff,0xde,
    0x27,0x6c,0x68,0xbf,0x92,0xff,0xff,0xff,0xff,0xff,0xff,0x8d,0xbf,0x6b,0x6b,0x21,0x00,0x00,0x00,0x22,0xf5,0xfe,0xfb,0xfe,0xfe,0xfb,0xfe,0xf2,0x1e,0x00,0x00,0x00,
    0x02,0x08,0x03,0x59,0xff,0xfb,0xff,0xff,0xff,0xff,0xfb,0xff,0x56,0x03,0x08,0x02,0x00,0x04,0x00,0x72,0xfe,0xfb,0xff,0xff,0xff,0xff,0xfb,0xfe,0x66,0x00,0x04,0x00,
    0x00,0x04,0x00,0x6d,0xfe,0xfa,0xff,0xff,0xff,0xff,0xfa,0xfe,0x67,0x00,0x04,0x00,0x02,0x07,0x04,0x37,0xff,0xff,0xff,0xff,0xff,0xff,0xff,0xff,0x37,0x04,0x07,0x02,
    0x00,0x00,0x00,0x21,0x8f,0xee,0xfb,0xfc,0xfc,0xfb,0xee,0x8f,0x21,0x00,0x00,0x00,0x27,0x6c,0x62,0xef,0xa5,0xb4,0xff,0xff,0xff,0xff,0xb4,0xa6,0xef,0x65,0x6c,0x21,
    0xe7,0xff,0xff,0xff,0xd4,0x91,0xda,0xcb,0xcb,0xda,0x91,0xd4,0xff,0xff,0xff,0xde,0xff,0xff,0xf7,0xfd,0x5f,0x00,0x0b,0x03,0x03,0x0b,0x00,0x5f,0xfd,0xf7,0xff,0xfa,
    0x4c,0xdf,0xfd,0xff,0x6f,0x00,0x02,0x00,0x00,0x02,0x00,0x6f,0xff,0xfe,0xde,0x44,0x00,0x47,0xf7,0xe4,0x2a,0x01,0x03,0x01,0x01,0x03,0x01,0x2a,0xe4,0xf7,0x47,0x00,

};

const lv_image_dsc_t emoji_skull_16 = {
  .header.magic = LV_IMAGE_HEADER_MAGIC,
  .header.cf = LV_COLOR_FORMAT_RGB565A8,
  .header.flags = 0,
  .header.w = 16,
  .header.h = 16,
  .header.stride = 32,
  .data_size = sizeof(emoji_skull_16_map),
  .data = emoji_skull_16_map,
};




#ifndef LV_ATTRIBUTE_MEM_ALIGN
#define LV_ATTRIBUTE_MEM_ALIGN
#endif

#ifndef LV_ATTRIBUTE_EMOJI_CROSS_16
#define LV_ATTRIBUTE_EMOJI_CROSS_16
#endif

static const
LV_ATTRIBUTE_MEM_ALIGN LV_ATTRIBUTE_LARGE_CONST LV_ATTRIBUTE_EMOJI_CROSS_16
uint8_t emoji_cross_16_map[] = {

    0x39,0x93,0x5a,0x93,0x39,0x93,0x39,0x93,0x39,0x93,0x39,0x93,0x39,0x93,0xf9,0x8a,0xf9,0x8a,0x39,0x93,0x39,0x93,0x39,0x93,0x39,0x93,0x39,0x93,0x5a,0x93,0x39,0x93,
    0x39,0x93,0x39,0x93,0x39,0x93,0x39,0x93,0x39,0x93,0x39,0x93,0x39,0x93,0xfd,0xd5,0xfd,0xd5,0x39,0x93,0x39,0x93,0x39,0x93,0x39,0x93,0x39,0x93,0x39,0x93,0x39,0x93,
    0x39,0x93,0x39,0x93,0x39,0x93,0x39,0x93,0x59,0x93,0x59,0x93,0x59,0x93,0xdf,0xff,0xdf,0xff,0x59,0x93,0x59,0x93,0x59,0x93,0x39,0x93,0x39,0x93,0x39,0x93,0x39,0x93,
    0x39,0x93,0x39,0x93,0x39,0x93,0x39,0x93,0xd9,0x8a,0xd9,0x8a,0xd9,0x8a,0x5f,0xf7,0x5f,0xf7,0xd9,0x8a,0xd9,0x8a,0xd9,0x8a,0x39,0x93,0x39,0x93,0x39,0x93,0x39,0x93,
    0x39,0x93,0x39,0x93,0x39,0x93,0x59,0x93,0x9c,0xcd,0xdd,0xcd,0xdd,0xcd,0xbf,0xff,0xbf,0xff,0xdd,0xcd,0xdd,0xcd,0x9c,0xcd,0x59,0x93,0x39,0x93,0x39,0x93,0x39,0x93,
    0x39,0x93,0x39,0x93,0x19,0x93,0x99,0x9b,0xff,0xff,0xff,0xff,0xff,0xff,0xff,0xff,0xff,0xff,0xff,0xff,0xff,0xff,0xff,0xff,0x99,0x9b,0x19,0x93,0x39,0x93,0x39,0x93,
    0x39,0x93,0x39,0x93,0x39,0x93,0x39,0x93,0x1a,0xa4,0x3a,0xac,0x3a,0xac,0x9f,0xf7,0x9f,0xf7,0x3a,0xac,0x3a,0xac,0x1a,0xa4,0x39,0x93,0x39,0x93,0x39,0x93,0x39,0x93,
    0x39,0x93,0x39,0x93,0x39,0x93,0x39,0x93,0xf9,0x8a,0xf9,0x8a,0xf9,0x8a,0x7f,0xf7,0x7f,0xf7,0xf9,0x8a,0xf9,0x8a,0xf9,0x8a,0x39,0x93,0x39,0x93,0x39,0x93,0x39,0x93,
    0x39,0x93,0x39,0x93,0x39,0x93,0x39,0x93,0x39,0x93,0x59,0x93,0x59,0x93,0x7f,0xf7,0x7f,0xf7,0x59,0x93,0x59,0x93,0x39,0x93,0x39,0x93,0x39,0x93,0x39,0x93,0x39,0x93,
    0x39,0x93,0x39,0x93,0x39,0x93,0x39,0x93,0x39,0x93,0x39,0x93,0x39,0x93,0x7f,0xf7,0x7f,0xf7,0x39,0x93,0x39,0x93,0x39,0x93,0x39,0x93,0x39,0x93,0x39,0x93,0x39,0x93,
    0x39,0x93,0x39,0x93,0x39,0x93,0x39,0x93,0x39,0x93,0x39,0x93,0x39,0x93,0x7f,0xf7,0x7f,0xf7,0x39,0x93,0x39,0x93,0x39,0x93,0x39,0x93,0x39,0x93,0x39,0x93,0x39,0x93,
    0x39,0x93,0x39,0x93,0x39,0x93,0x39,0x93,0x39,0x93,0x39,0x93,0x39,0x93,0x7f,0xf7,0x7f,0xf7,0x39,0x93,0x39,0x93,0x39,0x93,0x39,0x93,0x39,0x93,0x39,0x93,0x39,0x93,
    0x39,0x93,0x39,0x93,0x39,0x93,0x39,0x93,0x39,0x93,0x39,0x93,0x39,0x93,0x7f,0xf7,0x7f,0xf7,0x39,0x93,0x39,0x93,0x39,0x93,0x39,0x93,0x39,0x93,0x39,0x93,0x39,0x93,
    0x39,0x93,0x39,0x93,0x39,0x93,0x39,0x93,0x39,0x93,0x39,0x93,0x39,0x93,0xbf,0xff,0xbf,0xff,0x39,0x93,0x39,0x93,0x39,0x93,0x39,0x93,0x39,0x93,0x39,0x93,0x39,0x93,
    0x39,0x93,0x39,0x93,0x39,0x93,0x39,0x93,0x39,0x93,0x39,0x93,0x39,0x93,0xfd,0xd5,0xfd,0xd5,0x39,0x93,0x39,0x93,0x39,0x93,0x39,0x93,0x39,0x93,0x39,0x93,0x39,0x93,
    0x39,0x93,0x5a,0x93,0x39,0x93,0x39,0x93,0x39,0x93,0x39,0x93,0x39,0x93,0xf9,0x8a,0xf9,0x8a,0x39,0x93,0x39,0x93,0x39,0x93,0x39,0x93,0x39,0x93,0x5a,0x93,0x39,0x93,
    0x86,0xf8,0xfd,0xff,0xff,0xff,0xff,0xff,0xff,0xff,0xff,0xff,0xff,0xfd,0xf8,0x86,0xff,0xff,0xff,0xff,0xff,0xff,0xff,0xff,0xff,0xff,0xff,0xff,0xff,0xff,0xff,0xff,
    0xff,0xff,0xff,0xff,0xff,0xff,0xff,0xff,0xff,0xff,0xff,0xff,0xff,0xff,0xff,0xff,0xff,0xff,0xff,0xff,0xff,0xff,0xff,0xff,0xff,0xff,0xff,0xff,0xff,0xff,0xff,0xff,
    0xff,0xff,0xff,0xff,0xff,0xff,0xff,0xff,0xff,0xff,0xff,0xff,0xff,0xff,0xff,0xff,0xff,0xff,0xff,0xff,0xff,0xff,0xff,0xff,0xff,0xff,0xff,0xff,0xff,0xff,0xff,0xff,
    0xff,0xff,0xff,0xff,0xff,0xff,0xff,0xff,0xff,0xff,0xff,0xff,0xff,0xff,0xff,0xff,0xff,0xff,0xff,0xff,0xff,0xff,0xff,0xff,0xff,0xff,0xff,0xff,0xff,0xff,0xff,0xff,
    0xff,0xff,0xff,0xff,0xff,0xff,0xff,0xff,0xff,0xff,0xff,0xff,0xff,0xff,0xff,0xff,0xff,0xff,0xff,0xff,0xff,0xff,0xff,0xff,0xff,0xff,0xff,0xff,0xff,0xff,0xff,0xff,
    0xff,0xff,0xff,0xff,0xff,0xff,0xff,0xff,0xff,0xff,0xff,0xff,0xff,0xff,0xff,0xff,0xff,0xff,0xff,0xff,0xff,0xff,0xff,0xff,0xff,0xff,0xff,0xff,0xff,0xff,0xff,0xff,
    0xff,0xff,0xff,0xff,0xff,0xff,0xff,0xff,0xff,0xff,0xff,0xff,0xff,0xff,0xff,0xff,0xff,0xff,0xff,0xff,0xff,0xff,0xff,0xff,0xff,0xff,0xff,0xff,0xff,0xff,0xff,0xff,
    0xff,0xff,0xff,0xff,0xff,0xff,0xff,0xff,0xff,0xff,0xff,0xff,0xff,0xff,0xff,0xff,0x86,0xf8,0xfd,0xff,0xff,0xff,0xff,0xff,0xff,0xff,0xff,0xff,0xff,0xfd,0xf8,0x86,

};

const lv_image_dsc_t emoji_cross_16 = {
  .header.magic = LV_IMAGE_HEADER_MAGIC,
  .header.cf = LV_COLOR_FORMAT_RGB565A8,
  .header.flags = 0,
  .header.w = 16,
  .header.h = 16,
  .header.stride = 32,
  .data_size = sizeof(emoji_cross_16_map),
  .data = emoji_cross_16_map,
};




#ifndef LV_ATTRIBUTE_MEM_ALIGN
#define LV_ATTRIBUTE_MEM_ALIGN
#endif

#ifndef LV_ATTRIBUTE_EMOJI_LIGHTNING_16
#define LV_ATTRIBUTE_EMOJI_LIGHTNING_16
#endif

static const
LV_ATTRIBUTE_MEM_ALIGN LV_ATTRIBUTE_LARGE_CONST LV_ATTRIBUTE_EMOJI_LIGHTNING_16
uint8_t emoji_lightning_16_map[] = {

    0x00,0x00,0x00,0x00,0x00,0x00,0x00,0x00,0x00,0x00,0x00,0x00,0x00,0x00,0x00,0xf8,0xe7,0xfd,0x00,0x00,0x46,0xfd,0x46,0xfd,0x45,0xfd,0x00,0x00,0xe0,0xff,0x00,0x00,
    0x00,0x00,0x00,0x00,0x00,0x00,0x00,0x00,0x00,0x00,0x00,0x00,0xe0,0xff,0xaa,0xfa,0x00,0x00,0x66,0xfd,0xc7,0xfd,0x66,0xfd,0x00,0x00,0xea,0xff,0x00,0x00,0x00,0x00,
    0x00,0x00,0x00,0x00,0x00,0x00,0x00,0x00,0x00,0x00,0xe0,0xfb,0x00,0x00,0x00,0x00,0x66,0xfd,0xc6,0xfd,0x66,0xfd,0x67,0xfd,0x00,0x00,0xe0,0xfb,0x00,0x00,0x00,0x00,
    0x00,0x00,0x00,0x00,0x00,0x00,0x00,0x00,0x4a,0xfd,0x00,0x00,0x63,0xfc,0x66,0xfd,0xa6,0xfd,0xa6,0xfd,0x46,0xfd,0x00,0x00,0x4a,0xfd,0x00,0x00,0x00,0x00,0x00,0x00,
    0x00,0x00,0x00,0x00,0x00,0x00,0xe7,0xfd,0x00,0x00,0x06,0xfd,0x66,0xfd,0xa6,0xfd,0x66,0xfd,0x66,0xfd,0x66,0xfd,0xc6,0xfc,0xc6,0xfc,0xe7,0xfd,0xe0,0xfb,0x00,0x00,
    0x00,0x00,0x00,0x00,0xe7,0xfd,0x00,0x00,0x46,0xfd,0x86,0xfd,0xa6,0xfd,0x46,0xfd,0xa6,0xfd,0x46,0xfd,0x00,0x00,0x00,0x00,0x00,0x00,0x00,0x00,0x00,0x00,0x00,0x00,
    0x00,0x00,0x4a,0xfd,0x00,0x00,0x66,0xfd,0x86,0xfd,0x86,0xfd,0x46,0xfd,0x66,0xfd,0x66,0xfd,0x66,0xfd,0x46,0xfd,0x66,0xfd,0x66,0xfd,0xe6,0xfd,0x46,0xfd,0x00,0x00,
    0xe0,0xfb,0x00,0x00,0x46,0xfd,0x86,0xfd,0x66,0xfd,0x46,0xfd,0x66,0xfd,0x66,0xfd,0x66,0xfd,0xa6,0xfd,0xa6,0xfd,0xa6,0xfd,0xa6,0xfd,0x27,0xfe,0x66,0xfd,0x00,0x00,
    0x00,0x00,0x66,0xfd,0x27,0xfe,0xa6,0xfd,0xa6,0xfd,0xa6,0xfd,0xa6,0xfd,0x66,0xfd,0x66,0xfd,0x66,0xfd,0x46,0xfd,0x66,0xfd,0x86,0xfd,0x46,0xfd,0x00,0x00,0xe0,0xfb,
    0x00,0x00,0x46,0xfd,0xe6,0xfd,0x66,0xfd,0x66,0xfd,0x46,0xfd,0x66,0xfd,0x66,0xfd,0x66,0xfd,0x46,0xfd,0x86,0xfd,0x86,0xfd,0x66,0xfd,0x00,0x00,0x4a,0xfd,0x00,0x00,
    0x00,0x00,0x00,0x00,0x00,0x00,0x00,0x00,0x00,0x00,0x00,0x00,0x46,0xfd,0xa6,0xfd,0x46,0xfd,0xa6,0xfd,0x86,0xfd,0x46,0xfd,0x00,0x00,0xe7,0xfd,0x00,0x00,0x00,0x00,
    0x00,0x00,0xe0,0xfb,0xe7,0xfd,0xc6,0xfc,0xc6,0xfc,0x66,0xfd,0x66,0xfd,0x66,0xfd,0xa6,0xfd,0x66,0xfd,0x06,0xfd,0x00,0x00,0xe7,0xfd,0x00,0x00,0x00,0x00,0x00,0x00,
    0x00,0x00,0x00,0x00,0x00,0x00,0x4a,0xfd,0x00,0x00,0x46,0xfd,0xa6,0xfd,0xa6,0xfd,0x66,0xfd,0x63,0xfc,0x00,0x00,0x4a,0xfd,0x00,0x00,0x00,0x00,0x00,0x00,0x00,0x00,
    0x00,0x00,0x00,0x00,0xe0,0xfb,0x00,0x00,0x67,0xfd,0x66,0xfd,0xc6,0xfd,0x66,0xfd,0x00,0x00,0x00,0x00,0xe0,0xfb,0x00,0x00,0x00,0x00,0x00,0x00,0x00,0x00,0x00,0x00,
    0x00,0x00,0x00,0x00,0xea,0xff,0x00,0x00,0x66,0xfd,0xc7,0xfd,0x66,0xfd,0x00,0x00,0xaa,0xfa,0xe0,0xff,0x00,0x00,0x00,0x00,0x00,0x00,0x00,0x00,0x00,0x00,0x00,0x00,
    0x00,0x00,0xe0,0xff,0x00,0x00,0x45,0xfd,0x46,0xfd,0x46,0xfd,0x00,0x00,0xe7,0xfd,0x00,0xf8,0x00,0x00,0x00,0x00,0x00,0x00,0x00,0x00,0x00,0x00,0x00,0x00,0x00,0x00,
    0x00,0x00,0x00,0x00,0x00,0x00,0x00,0x01,0x04,0x00,0x5c,0xe3,0x0c,0x00,0x01,0x00,0x00,0x00,0x00,0x00,0x00,0x00,0x01,0x03,0x00,0x69,0xff,0x95,0x00,0x03,0x00,0x00,
    0x00,0x00,0x00,0x00,0x00,0x02,0x00,0x00,0x8c,0xff,0xee,0x16,0x00,0x02,0x00,0x00,0x00,0x00,0x00,0x00,0x03,0x00,0x09,0xa9,0xff,0xff,0x86,0x00,0x03,0x00,0x00,0x00,
    0x00,0x00,0x00,0x04,0x00,0x19,0xc4,0xff,0xfb,0xf0,0x19,0x05,0x05,0x04,0x02,0x00,0x00,0x00,0x04,0x00,0x2e,0xdc,0xff,0xf7,0xff,0x6f,0x00,0x00,0x00,0x00,0x00,0x00,
    0x00,0x03,0x00,0x47,0xee,0xff,0xfb,0xff,0xf7,0x66,0x56,0x57,0x53,0x54,0x3c,0x00,0x02,0x00,0x61,0xf8,0xfd,0xf9,0xfd,0xff,0xff,0xff,0xff,0xff,0xff,0xff,0x75,0x00,
    0x00,0x75,0xff,0xff,0xff,0xff,0xff,0xff,0xff,0xfd,0xf9,0xfd,0xf8,0x61,0x00,0x02,0x00,0x3c,0x54,0x53,0x57,0x56,0x66,0xf7,0xff,0xfb,0xff,0xee,0x47,0x00,0x03,0x00,
    0x00,0x00,0x00,0x00,0x00,0x00,0x6f,0xff,0xf7,0xff,0xdc,0x2e,0x00,0x04,0x00,0x00,0x00,0x02,0x04,0x05,0x05,0x19,0xf0,0xfb,0xff,0xc4,0x19,0x00,0x04,0x00,0x00,0x00,
    0x00,0x00,0x00,0x03,0x00,0x86,0xff,0xff,0xa9,0x09,0x00,0x03,0x00,0x00,0x00,0x00,0x00,0x00,0x02,0x00,0x16,0xee,0xff,0x8c,0x00,0x00,0x02,0x00,0x00,0x00,0x00,0x00,
    0x00,0x00,0x03,0x00,0x95,0xff,0x69,0x00,0x03,0x01,0x00,0x00,0x00,0x00,0x00,0x00,0x00,0x01,0x00,0x0c,0xe3,0x5c,0x00,0x04,0x01,0x00,0x00,0x00,0x00,0x00,0x00,0x00,

};

const lv_image_dsc_t emoji_lightning_16 = {
  .header.magic = LV_IMAGE_HEADER_MAGIC,
  .header.cf = LV_COLOR_FORMAT_RGB565A8,
  .header.flags = 0,
  .header.w = 16,
  .header.h = 16,
  .header.stride = 32,
  .data_size = sizeof(emoji_lightning_16_map),
  .data = emoji_lightning_16_map,
};




#ifndef LV_ATTRIBUTE_MEM_ALIGN
#define LV_ATTRIBUTE_MEM_ALIGN
#endif

#ifndef LV_ATTRIBUTE_EMOJI_TOPHAT_16
#define LV_ATTRIBUTE_EMOJI_TOPHAT_16
#endif

static const
LV_ATTRIBUTE_MEM_ALIGN LV_ATTRIBUTE_LARGE_CONST LV_ATTRIBUTE_EMOJI_TOPHAT_16
uint8_t emoji_tophat_16_map[] = {

    0x00,0x00,0x1f,0x00,0x86,0x29,0x66,0x29,0x86,0x29,0x87,0x29,0xa7,0x29,0xa7,0x31,0xa7,0x31,0xa7,0x29,0x87,0x29,0x86,0x29,0x66,0x29,0x86,0x29,0x1f,0x00,0x00,0x00,
    0x00,0x00,0x45,0x21,0x29,0x3a,0x2d,0x5b,0x8b,0x4a,0x29,0x3a,0xe8,0x39,0xe8,0x31,0xe8,0x31,0x09,0x3a,0x4a,0x42,0xab,0x4a,0x2d,0x5b,0x29,0x3a,0x45,0x21,0x00,0x00,
    0x00,0x00,0x86,0x29,0xe8,0x31,0xab,0x4a,0x0d,0x53,0x4e,0x5b,0x4e,0x5b,0x4e,0x5b,0x4e,0x5b,0x4e,0x5b,0x2e,0x5b,0xed,0x52,0x8b,0x4a,0xe8,0x31,0x86,0x29,0x00,0x00,
    0x00,0x00,0xa7,0x31,0xa7,0x31,0x87,0x29,0x87,0x29,0xa7,0x31,0xc7,0x31,0xc8,0x31,0xc8,0x31,0xc7,0x31,0xa7,0x29,0x87,0x29,0x87,0x29,0xa7,0x31,0xa7,0x31,0x00,0x00,
    0x00,0x00,0xa6,0x29,0xa7,0x31,0xc7,0x31,0xc7,0x31,0xa7,0x31,0xa7,0x31,0xa7,0x31,0xa7,0x31,0xa7,0x31,0xa7,0x31,0xc7,0x31,0xc7,0x31,0xa7,0x31,0xa6,0x29,0x00,0x00,
    0x00,0x00,0x28,0x2a,0xa7,0x31,0xc7,0x31,0xa7,0x31,0xa7,0x31,0xa7,0x31,0xa7,0x31,0xa7,0x31,0xa7,0x31,0xa7,0x31,0xa7,0x31,0xc7,0x31,0xa7,0x31,0x28,0x2a,0x00,0x00,
    0x00,0x00,0xaa,0x52,0xa7,0x31,0xc7,0x31,0xa7,0x31,0xa7,0x31,0xa7,0x31,0xa7,0x31,0xa7,0x31,0xa7,0x31,0xa7,0x31,0xa7,0x31,0xc7,0x31,0xa7,0x31,0xe7,0x39,0x00,0x00,
    0x00,0x00,0x00,0x00,0xa7,0x31,0xc8,0x31,0xa7,0x31,0xa7,0x31,0xa7,0x31,0xa7,0x31,0xa7,0x31,0xa7,0x31,0xa7,0x31,0xa7,0x31,0xc8,0x31,0xa7,0x31,0x00,0x00,0x00,0x00,
    0xaa,0x52,0x00,0x00,0xa6,0x29,0xc7,0x31,0xa7,0x29,0xa7,0x31,0xa7,0x31,0xa7,0x31,0xa7,0x31,0xa7,0x31,0xa7,0x31,0xa7,0x29,0xc7,0x31,0xa6,0x29,0x00,0x00,0xaa,0x52,
    0xb5,0x52,0x00,0x00,0x0e,0x52,0x0c,0x4a,0xc9,0x31,0xc8,0x31,0xa7,0x31,0xa7,0x29,0xa7,0x29,0xa7,0x29,0xa7,0x31,0xc8,0x31,0xeb,0x41,0x0c,0x4a,0x00,0x00,0xb5,0x52,
    0x4f,0x51,0xe7,0x39,0x96,0x7a,0xb7,0x82,0x74,0x72,0x53,0x6a,0x52,0x62,0x51,0x62,0x51,0x62,0x52,0x62,0x53,0x6a,0x74,0x6a,0xb7,0x7a,0x96,0x7a,0xe7,0x39,0x4f,0x51,
    0x00,0x00,0x00,0x00,0x75,0x72,0x96,0x7a,0x75,0x72,0x75,0x72,0x75,0x72,0x76,0x7a,0x76,0x7a,0x75,0x72,0x75,0x72,0x75,0x72,0x96,0x7a,0x75,0x72,0x00,0x00,0x00,0x00,
    0xc8,0x39,0xa6,0x29,0x0d,0x4a,0x96,0x7a,0x75,0x72,0x75,0x72,0x75,0x72,0x75,0x72,0x75,0x72,0x75,0x72,0x75,0x72,0x75,0x72,0x97,0x7a,0x0e,0x52,0xa6,0x29,0xc8,0x39,
    0xa7,0x31,0xe8,0x31,0xc7,0x31,0x0f,0x52,0x53,0x6a,0x75,0x72,0x75,0x72,0x75,0x72,0x75,0x72,0x75,0x72,0x75,0x72,0x74,0x6a,0x30,0x5a,0xc8,0x31,0xe8,0x31,0xa7,0x31,
    0xa7,0x31,0xa7,0x31,0xc7,0x31,0xc7,0x29,0xc8,0x31,0xc9,0x39,0xea,0x41,0xeb,0x41,0xeb,0x41,0xea,0x41,0xc9,0x39,0xc8,0x31,0xc7,0x31,0xc7,0x31,0xa7,0x31,0xa7,0x31,
    0x00,0x00,0xc8,0x31,0xa7,0x31,0xa7,0x31,0xa7,0x31,0xa7,0x29,0xa6,0x29,0xa6,0x29,0xa6,0x29,0xa6,0x29,0xa7,0x29,0xa7,0x31,0xa7,0x31,0xc8,0x31,0xc8,0x31,0x00,0x00,
    0x01,0x01,0x41,0x95,0xc8,0xe5,0xf7,0xff,0xff,0xf7,0xe5,0xc8,0x95,0x41,0x01,0x01,0x00,0x31,0xff,0xff,0xff,0xff,0xff,0xff,0xff,0xff,0xff,0xff,0xff,0xff,0x31,0x00,
    0x00,0x37,0xff,0xfb,0xfd,0xfe,0xff,0xff,0xff,0xff,0xfe,0xfd,0xfb,0xff,0x37,0x00,0x00,0x25,0xfc,0xff,0xfe,0xff,0xff,0xff,0xff,0xff,0xff,0xfe,0xff,0xfc,0x25,0x00,
    0x00,0x17,0xf4,0xff,0xfe,0xff,0xff,0xff,0xff,0xff,0xff,0xfe,0xff,0xf4,0x17,0x00,0x00,0x0b,0xe8,0xff,0xfd,0xff,0xff,0xff,0xff,0xff,0xff,0xfd,0xff,0xe8,0x0b,0x00,
    0x00,0x03,0xd9,0xff,0xfd,0xff,0xff,0xff,0xff,0xff,0xff,0xfd,0xff,0xd9,0x04,0x00,0x01,0x00,0xcb,0xff,0xfd,0xff,0xff,0xff,0xff,0xff,0xff,0xfd,0xff,0xcb,0x00,0x01,
    0x03,0x00,0xba,0xff,0xfc,0xff,0xff,0xff,0xff,0xff,0xff,0xfc,0xff,0xba,0x00,0x03,0x03,0x00,0xa7,0xff,0xfb,0xff,0xff,0xff,0xff,0xff,0xff,0xfb,0xff,0xa7,0x00,0x03,
    0x06,0x04,0x95,0xff,0xfb,0xff,0xff,0xff,0xff,0xff,0xff,0xfb,0xff,0x95,0x04,0x06,0x00,0x00,0x7c,0xff,0xfb,0xff,0xff,0xff,0xff,0xff,0xff,0xfb,0xff,0x7c,0x00,0x00,
    0x1a,0x82,0xde,0xfe,0xfe,0xff,0xff,0xff,0xff,0xff,0xff,0xfe,0xfe,0xde,0x82,0x1a,0xf5,0xff,0xff,0xfc,0xfe,0xfe,0xff,0xff,0xff,0xff,0xfe,0xfe,0xfc,0xff,0xff,0xf5,
    0x93,0xed,0xff,0xff,0xff,0xff,0xff,0xff,0xff,0xff,0xff,0xff,0xff,0xff,0xed,0x93,0x00,0x23,0x6f,0xaa,0xd3,0xec,0xfc,0xff,0xff,0xfc,0xec,0xd3,0xaa,0x6f,0x23,0x00,

};

const lv_image_dsc_t emoji_tophat_16 = {
  .header.magic = LV_IMAGE_HEADER_MAGIC,
  .header.cf = LV_COLOR_FORMAT_RGB565A8,
  .header.flags = 0,
  .header.w = 16,
  .header.h = 16,
  .header.stride = 32,
  .data_size = sizeof(emoji_tophat_16_map),
  .data = emoji_tophat_16_map,
};




#ifndef LV_ATTRIBUTE_MEM_ALIGN
#define LV_ATTRIBUTE_MEM_ALIGN
#endif

#ifndef LV_ATTRIBUTE_EMOJI_MOTORCYCLE_16
#define LV_ATTRIBUTE_EMOJI_MOTORCYCLE_16
#endif

static const
LV_ATTRIBUTE_MEM_ALIGN LV_ATTRIBUTE_LARGE_CONST LV_ATTRIBUTE_EMOJI_MOTORCYCLE_16
uint8_t emoji_motorcycle_16_map[] = {

    0x00,0x00,0x00,0x00,0x00,0x00,0x00,0x00,0x00,0x00,0x00,0x00,0x00,0x00,0x00,0x00,0x00,0x00,0x00,0x00,0x00,0x00,0x00,0x00,0x00,0x00,0x00,0x00,0x00,0x00,0x00,0x00,
    0x00,0x00,0x00,0x00,0x00,0x00,0x00,0x00,0x00,0x00,0x00,0x00,0x00,0x00,0x00,0x00,0x00,0x00,0x00,0x00,0x00,0x00,0x00,0x00,0x00,0x00,0x00,0x00,0x00,0x00,0x00,0x00,
    0x00,0x00,0x00,0x00,0x00,0x00,0xff,0xff,0x00,0x00,0x00,0x00,0x00,0x00,0x00,0x00,0x00,0x00,0x00,0x00,0x00,0x00,0x00,0x00,0x00,0x00,0x00,0x00,0x00,0x00,0x00,0x00,
    0x00,0x00,0x00,0x00,0xef,0x7b,0x00,0x00,0x00,0x00,0x00,0x00,0x00,0x00,0x00,0x00,0x00,0x00,0x00,0x00,0x00,0x00,0x00,0x00,0x00,0x00,0x00,0x00,0x00,0x00,0x00,0x00,
    0x00,0x00,0xff,0xff,0x00,0x00,0x9a,0xce,0x59,0xb6,0x00,0x00,0xff,0xff,0x00,0x00,0x00,0x00,0x00,0x00,0x00,0x00,0x00,0x00,0x00,0x00,0x00,0x00,0x00,0x00,0x00,0x00,
    0xff,0xff,0x00,0x00,0x9e,0xd6,0xbc,0xd6,0xff,0xff,0x47,0x3a,0x00,0x00,0xef,0x7f,0x00,0x00,0x00,0x00,0x00,0x00,0x00,0x00,0x4a,0x55,0xe7,0x39,0xe7,0x39,0xe7,0x7b,
    0xff,0xff,0x73,0x9e,0x77,0xbe,0x55,0xae,0x2a,0x3a,0x46,0x21,0xe0,0x07,0x00,0x00,0x00,0x00,0x00,0x00,0x00,0x00,0x00,0x00,0x00,0x00,0x00,0x00,0x00,0x00,0x00,0x00,
    0x00,0x00,0x8b,0x7d,0x6c,0x8e,0x2b,0x75,0x0e,0x6c,0xaa,0x7d,0xeb,0x7d,0xcb,0x7d,0x88,0x53,0xef,0x7d,0x65,0x11,0x01,0x00,0x4b,0x75,0x27,0x32,0x06,0x32,0x4a,0x75,
    0xaa,0x52,0x86,0x31,0x6a,0x75,0xab,0x7d,0xaa,0x7d,0xeb,0x7d,0x2a,0x75,0x08,0x4b,0x86,0x29,0x26,0x21,0x46,0x21,0x68,0x4b,0x0b,0x86,0xcb,0x7d,0x8b,0x7d,0x8a,0x75,
    0x00,0x00,0xf7,0xff,0x2c,0x9f,0x69,0x75,0xac,0x7d,0xeb,0x85,0x88,0x53,0x26,0x21,0x66,0x29,0xc8,0x42,0x0a,0x6d,0xca,0x7d,0xea,0x7d,0x2b,0x86,0xcd,0xa7,0x00,0x00,
    0xaa,0x52,0x46,0x32,0xca,0x6c,0xac,0x7d,0xba,0xc6,0xed,0x8d,0xaa,0x75,0x0a,0x6d,0xc9,0x6c,0xca,0x7d,0x2e,0x8e,0xb2,0x84,0xe5,0x18,0xc4,0x10,0xc5,0x18,0x3d,0xdf,
    0x25,0x21,0x8b,0x4a,0xf0,0x6b,0x78,0xbe,0xf5,0xad,0xe7,0x53,0xab,0x7d,0xcb,0x7d,0xab,0x7d,0xca,0x7d,0x67,0x3a,0x73,0x84,0xd3,0x8c,0x55,0x9d,0x9a,0xce,0x7a,0xc6,
    0x29,0x3a,0x93,0x84,0xff,0xff,0x1d,0xd7,0xaf,0x6b,0x26,0x21,0x0a,0x7e,0x6d,0x7d,0xd0,0x6b,0x2e,0x7d,0xf0,0x6b,0x56,0x9d,0x7e,0xe7,0x39,0xbe,0x35,0x95,0x6a,0x42,
    0x29,0x3a,0xd4,0x8c,0xff,0xff,0xff,0xff,0xd0,0x6b,0x87,0x29,0xea,0x7d,0x2c,0x75,0xb0,0x63,0x0e,0x7d,0x4d,0x5b,0xd4,0x8c,0x15,0x95,0xec,0x42,0x93,0x7c,0x09,0x3a,
    0x45,0x21,0xcc,0x52,0xb3,0x84,0x52,0x7c,0x8b,0x4a,0x04,0x19,0x00,0x00,0x00,0x00,0x00,0x00,0x00,0x00,0x61,0x00,0x4a,0x42,0x72,0x7c,0xf4,0x8c,0xec,0x52,0x45,0x21,
    0xa6,0x21,0x45,0x21,0x29,0x3a,0xe8,0x31,0x25,0x21,0x00,0x00,0x4a,0x55,0xef,0x7b,0xef,0x7b,0xef,0x3b,0x00,0x00,0x25,0x21,0xe8,0x39,0x29,0x3a,0x45,0x21,0xa6,0x21,
    0x00,0x00,0x00,0x00,0x00,0x00,0x00,0x00,0x00,0x00,0x00,0x00,0x00,0x00,0x00,0x00,0x00,0x00,0x00,0x00,0x00,0x00,0x00,0x00,0x00,0x00,0x00,0x00,0x00,0x00,0x00,0x00,
    0x00,0x00,0x00,0x01,0x00,0x00,0x00,0x00,0x00,0x00,0x00,0x00,0x00,0x00,0x00,0x00,0x00,0x00,0x02,0x00,0x00,0x01,0x00,0x00,0x00,0x00,0x00,0x00,0x00,0x00,0x00,0x00,
    0x00,0x01,0x00,0x1c,0x0e,0x00,0x01,0x00,0x00,0x00,0x00,0x00,0x00,0x00,0x00,0x00,0x02,0x00,0x23,0xaf,0x06,0x11,0x00,0x02,0x01,0x01,0x01,0x01,0x03,0x04,0x04,0x04,
    0x02,0x0a,0xca,0x80,0x92,0x60,0x01,0x00,0x00,0x00,0x00,0x00,0x00,0x00,0x00,0x00,0x00,0x46,0xff,0xfa,0xf3,0xb3,0xdb,0x9c,0x12,0x04,0x0b,0x10,0x3b,0x6e,0x6f,0xa0,
    0x03,0x05,0x68,0xee,0xff,0xff,0xff,0xff,0xe9,0xd8,0xe3,0xf5,0xff,0xff,0xff,0xc3,0x00,0x08,0x2b,0x57,0xcf,0xff,0xfb,0xfc,0xff,0xff,0xff,0xe7,0xa4,0x7d,0x2e,0x00,
    0x03,0xa5,0xff,0xf9,0xea,0xd5,0xfe,0xff,0xfd,0xff,0xf1,0xbb,0xae,0xba,0x6a,0x26,0x96,0xff,0xa4,0xee,0xff,0xb4,0xd6,0xfc,0xfc,0xe2,0x86,0xff,0xf4,0xff,0xff,0xec,
    0xff,0x7c,0x29,0xd0,0xc7,0xc0,0xc5,0xff,0xff,0xf0,0xdc,0xff,0xff,0xf6,0xd1,0xfc,0xff,0x69,0x06,0x0f,0xad,0xd3,0x90,0xc5,0xc4,0xa9,0xe0,0xe5,0x82,0x2c,0x68,0xff,
    0xaf,0xfd,0x6e,0x83,0xff,0x69,0x00,0x00,0x00,0x00,0x65,0xff,0x78,0x69,0xfb,0xaf,0x0e,0xa7,0xff,0xff,0x85,0x00,0x03,0x02,0x02,0x04,0x00,0x86,0xff,0xff,0xa7,0x0e,

};

const lv_image_dsc_t emoji_motorcycle_16 = {
  .header.magic = LV_IMAGE_HEADER_MAGIC,
  .header.cf = LV_COLOR_FORMAT_RGB565A8,
  .header.flags = 0,
  .header.w = 16,
  .header.h = 16,
  .header.stride = 32,
  .data_size = sizeof(emoji_motorcycle_16_map),
  .data = emoji_motorcycle_16_map,
};




#ifndef LV_ATTRIBUTE_MEM_ALIGN
#define LV_ATTRIBUTE_MEM_ALIGN
#endif

#ifndef LV_ATTRIBUTE_EMOJI_SEEDLING_16
#define LV_ATTRIBUTE_EMOJI_SEEDLING_16
#endif

static const
LV_ATTRIBUTE_MEM_ALIGN LV_ATTRIBUTE_LARGE_CONST LV_ATTRIBUTE_EMOJI_SEEDLING_16
uint8_t emoji_seedling_16_map[] = {

    0x8a,0x75,0xaa,0x7d,0x8a,0x75,0xaa,0x7d,0xaa,0x7d,0x6a,0x7d,0xef,0x7b,0x4a,0x55,0x00,0x00,0x00,0x00,0x00,0x00,0x00,0x00,0x00,0x00,0x00,0x00,0x00,0x00,0x00,0x00,
    0x8a,0x75,0xaa,0x7d,0xcb,0x7d,0xaa,0x7d,0x0b,0x86,0xaa,0x7d,0x00,0x00,0x00,0x00,0xe0,0x07,0x00,0x00,0x00,0x00,0x00,0x00,0x00,0x00,0x00,0x00,0x00,0x00,0x00,0x00,
    0x00,0x00,0x8a,0x75,0x0b,0x86,0x8a,0x75,0x8a,0x75,0xcb,0x7d,0xaa,0x7d,0x6a,0x75,0x00,0x00,0xe0,0x7b,0xe0,0x07,0xe7,0x7d,0x4a,0x55,0xef,0x7f,0xe7,0x7d,0x4a,0x55,
    0xc6,0x64,0x00,0x00,0x6a,0x75,0xeb,0x85,0xeb,0x7d,0x8a,0x75,0x2b,0x86,0x8a,0x75,0x4a,0x7d,0xef,0x7b,0x00,0x00,0x00,0x00,0x00,0x00,0x00,0x00,0x00,0x00,0x00,0x00,
    0x00,0x00,0xef,0x7b,0x00,0x00,0xaa,0x75,0xaa,0x7d,0x8a,0x7d,0x8a,0x75,0x4c,0x86,0x8a,0x7d,0xef,0x7b,0xca,0x75,0xaa,0x7d,0xaa,0x7d,0x8a,0x75,0xaa,0x7d,0x8a,0x75,
    0x00,0x00,0x00,0x00,0xe0,0xff,0x00,0x00,0x00,0x00,0x00,0x00,0x8a,0x75,0x0b,0x86,0x8a,0x75,0x00,0x00,0x8a,0x75,0x4c,0x86,0xcb,0x7d,0xeb,0x7d,0xaa,0x7d,0x8a,0x7d,
    0x00,0x00,0x00,0x00,0x00,0x00,0x4a,0x55,0x6c,0x9e,0xef,0x7b,0x4a,0x75,0x8a,0x75,0x8a,0x75,0x8a,0x7d,0xaa,0x7d,0xaa,0x7d,0x8a,0x75,0x0b,0x86,0x6a,0x75,0x00,0x00,
    0x00,0x00,0x00,0x00,0x00,0x00,0x00,0x00,0x00,0x00,0x00,0x00,0xe7,0x7b,0x8a,0x75,0xaa,0x7d,0x8a,0x75,0xeb,0x7d,0xcb,0x7d,0x0b,0x86,0x8a,0x75,0xef,0x7b,0xe7,0x7d,
    0x00,0x00,0x00,0x00,0x00,0x00,0x00,0x00,0x00,0x00,0x00,0x00,0xef,0x7b,0x8a,0x75,0xcb,0x7d,0xcb,0x7d,0x8a,0x75,0x8a,0x7d,0x8a,0x75,0x00,0x00,0x00,0x00,0x00,0x00,
    0x00,0x00,0x00,0x00,0x00,0x00,0x00,0x00,0x00,0x00,0x00,0x00,0x4a,0x55,0x8a,0x75,0x0b,0x86,0x8a,0x75,0x00,0x00,0x00,0x00,0x00,0x00,0x00,0x00,0x00,0x00,0x00,0x00,
    0x00,0x00,0x00,0x00,0x00,0x00,0x00,0x00,0x00,0x00,0x00,0x00,0x00,0x00,0x8a,0x75,0xaa,0x7d,0xad,0x6d,0xef,0x7b,0xcc,0x64,0x4a,0xad,0x00,0x00,0x00,0x00,0x00,0x00,
    0x00,0x00,0x00,0x00,0x00,0x00,0x00,0x00,0x00,0x00,0x00,0x00,0x00,0x00,0x8a,0x75,0x8a,0x75,0x00,0x00,0x00,0x00,0x00,0x00,0x00,0x00,0x00,0x00,0x00,0x00,0x00,0x00,
    0x00,0x00,0x00,0x00,0x00,0x00,0x00,0x00,0x00,0x00,0x00,0x00,0x00,0x00,0x8a,0x75,0x8a,0x75,0x00,0x00,0x00,0x00,0x00,0x00,0x00,0x00,0x00,0x00,0x00,0x00,0x00,0x00,
    0x00,0x00,0x00,0x00,0x00,0x00,0x00,0x00,0x00,0x00,0x00,0x00,0x00,0x00,0x8a,0x75,0x8a,0x75,0x00,0x00,0x00,0x00,0x00,0x00,0x00,0x00,0x00,0x00,0x00,0x00,0x00,0x00,
    0x00,0x00,0x00,0x00,0x00,0x00,0x00,0x00,0x00,0x00,0x00,0x00,0x00,0x00,0x8a,0x75,0x8a,0x75,0x00,0x00,0x00,0x00,0x00,0x00,0x00,0x00,0x00,0x00,0x00,0x00,0x00,0x00,
    0x00,0x00,0x00,0x00,0x00,0x00,0x00,0x00,0x00,0x00,0x00,0x00,0x00,0x00,0x8a,0x75,0x8a,0x75,0x00,0x00,0x00,0x00,0x00,0x00,0x00,0x00,0x00,0x00,0x00,0x00,0x00,0x00,
    0x69,0xa8,0xc1,0xb9,0x81,0x13,0x02,0x03,0x00,0x00,0x00,0x00,0x00,0x00,0x00,0x00,0x50,0xfe,0xff,0xff,0xff,0xb8,0x00,0x00,0x01,0x00,0x00,0x00,0x00,0x00,0x00,0x00,
    0x00,0x59,0xff,0xf8,0xf6,0xff,0xb5,0x16,0x00,0x02,0x01,0x04,0x03,0x02,0x04,0x03,0x05,0x00,0x8e,0xff,0xff,0xf0,0xff,0xc5,0x06,0x02,0x00,0x00,0x00,0x00,0x00,0x00,
    0x01,0x02,0x00,0x4b,0x6f,0x21,0xb5,0xff,0x5b,0x02,0x0f,0x74,0xad,0xb5,0x9c,0x5a,0x00,0x00,0x01,0x00,0x00,0x00,0x39,0xfe,0xb3,0x00,0xa1,0xff,0xff,0xff,0xff,0x48,
    0x00,0x00,0x00,0x03,0x05,0x02,0x0f,0xf7,0xd3,0x32,0xec,0xf6,0xf5,0xff,0x64,0x00,0x00,0x00,0x00,0x00,0x01,0x00,0x04,0xdf,0xf6,0xf2,0xff,0xff,0xff,0xa5,0x02,0x04,
    0x00,0x00,0x00,0x00,0x01,0x00,0x02,0xda,0xff,0xff,0x7c,0x66,0x58,0x00,0x00,0x01,0x00,0x00,0x00,0x00,0x01,0x00,0x03,0xd9,0xff,0x8e,0x00,0x00,0x00,0x00,0x00,0x00,
    0x00,0x00,0x00,0x00,0x01,0x00,0x00,0xe0,0xee,0x07,0x02,0x05,0x03,0x00,0x00,0x00,0x00,0x00,0x00,0x00,0x01,0x00,0x00,0xe4,0xe1,0x00,0x00,0x01,0x00,0x00,0x00,0x00,
    0x00,0x00,0x00,0x00,0x01,0x00,0x00,0xe3,0xe3,0x01,0x00,0x01,0x00,0x00,0x00,0x00,0x00,0x00,0x00,0x00,0x01,0x00,0x00,0xe2,0xe2,0x00,0x00,0x01,0x00,0x00,0x00,0x00,
    0x00,0x00,0x00,0x00,0x01,0x00,0x00,0xe6,0xe6,0x00,0x00,0x01,0x00,0x00,0x00,0x00,0x00,0x00,0x00,0x00,0x01,0x00,0x00,0xd1,0xd1,0x00,0x00,0x01,0x00,0x00,0x00,0x00,

};

const lv_image_dsc_t emoji_seedling_16 = {
  .header.magic = LV_IMAGE_HEADER_MAGIC,
  .header.cf = LV_COLOR_FORMAT_RGB565A8,
  .header.flags = 0,
  .header.w = 16,
  .header.h = 16,
  .header.stride = 32,
  .data_size = sizeof(emoji_seedling_16_map),
  .data = emoji_seedling_16_map,
};




#ifndef LV_ATTRIBUTE_MEM_ALIGN
#define LV_ATTRIBUTE_MEM_ALIGN
#endif

#ifndef LV_ATTRIBUTE_EMOJI_FLAG_AU_16
#define LV_ATTRIBUTE_EMOJI_FLAG_AU_16
#endif

static const
LV_ATTRIBUTE_MEM_ALIGN LV_ATTRIBUTE_LARGE_CONST LV_ATTRIBUTE_EMOJI_FLAG_AU_16
uint8_t emoji_flag_au_16_map[] = {

    0xaa,0xaa,0xef,0xff,0xff,0xff,0xef,0x7b,0x0f,0xf8,0xef,0x7b,0xef,0xfb,0xef,0xfb,0xff,0x7f,0x0f,0x00,0x0f,0x00,0x0f,0x00,0x0f,0x00,0x0f,0x00,0x0f,0x00,0x0a,0x00,
    0x00,0x00,0x00,0x00,0x00,0x00,0x00,0x00,0x00,0x00,0x00,0x00,0x00,0x00,0x00,0x00,0x00,0x00,0x00,0x00,0x00,0x00,0x00,0x00,0x00,0x00,0x00,0x00,0x00,0x00,0x00,0x00,
    0x6a,0xea,0x97,0xe5,0x76,0x3b,0xee,0xb2,0xe8,0xe9,0x14,0x3b,0x6e,0x31,0x4d,0xeb,0xd1,0x6a,0xcf,0x00,0x2f,0x01,0x0f,0x01,0xae,0x00,0x0f,0x01,0x30,0x01,0x0f,0x01,
    0x13,0x53,0x32,0xdc,0xdc,0xe6,0x93,0xdc,0xc8,0xe1,0x38,0xad,0x32,0xdc,0x9b,0xde,0xd4,0x32,0xef,0x00,0x10,0x01,0x32,0x22,0xfb,0xb5,0x91,0x09,0x10,0x01,0x0f,0x01,
    0xee,0xc2,0x0d,0xcb,0x0d,0xdb,0x4a,0xd2,0x06,0xc9,0x2d,0xe3,0x8f,0xdb,0x4e,0xdb,0xae,0x51,0x0f,0x01,0xce,0x00,0xb0,0x11,0xf6,0x6b,0x50,0x09,0x70,0x09,0x2f,0x01,
    0x09,0xda,0xe9,0xd1,0x4b,0xd2,0x47,0xd1,0xe5,0xc8,0x29,0xda,0xc9,0xc9,0x29,0xe2,0x8d,0x61,0x10,0x01,0xf1,0x21,0x4f,0x01,0x8e,0x00,0x50,0x01,0x7c,0xc6,0xd3,0x3a,
    0xb6,0x53,0x7b,0xce,0x75,0xf5,0xd0,0xdb,0x67,0xd9,0x3d,0xd7,0xb6,0xf5,0x53,0xc4,0x32,0x2a,0x2f,0x01,0xbc,0xce,0xd3,0x3a,0xef,0x00,0x2f,0x01,0x72,0x32,0x90,0x09,
    0xd6,0xb4,0x0e,0xcb,0x71,0x4a,0x30,0xab,0xc8,0xd9,0xf3,0x42,0x74,0x53,0xd4,0xe4,0xae,0x51,0x0f,0x01,0xf1,0x21,0x70,0x09,0xcf,0x00,0x34,0x4b,0xb0,0x11,0xce,0x00,
    0x2f,0x11,0x2f,0x01,0x30,0x01,0x2f,0x09,0x2f,0x09,0x4f,0x01,0xce,0x00,0xd1,0x09,0x50,0x09,0x0f,0x01,0xef,0x00,0x0f,0x01,0x2f,0x01,0x50,0x09,0x50,0x01,0x2f,0x01,
    0x0f,0x01,0x2f,0x01,0x0f,0x01,0x30,0x01,0x50,0x01,0x0f,0x01,0x2f,0x01,0xef,0x00,0x0f,0x01,0x2f,0x01,0x2f,0x01,0x2f,0x01,0x2f,0x01,0x0f,0x01,0x0f,0x01,0x2f,0x01,
    0x2f,0x01,0x2f,0x01,0x2f,0x01,0x3b,0xbe,0x3b,0xbe,0x2f,0x01,0x0f,0x01,0x2f,0x01,0x2f,0x01,0x2f,0x01,0x2f,0x01,0x0f,0x01,0xce,0x00,0x0f,0x01,0x2f,0x01,0x2f,0x01,
    0x2f,0x01,0x0f,0x01,0x0f,0x09,0x9a,0xa5,0x9a,0xa5,0x0f,0x09,0x0f,0x01,0x2f,0x01,0x2f,0x01,0x2f,0x01,0xef,0x00,0x32,0x22,0xfb,0xb5,0x90,0x09,0x0f,0x01,0x2f,0x01,
    0x0f,0x01,0x30,0x01,0x30,0x01,0x10,0x01,0x10,0x01,0x30,0x01,0x30,0x01,0x30,0x01,0x30,0x01,0x30,0x01,0x10,0x01,0xd1,0x11,0xf7,0x63,0x70,0x09,0x30,0x01,0x2f,0x01,
    0x0f,0x01,0x30,0x01,0x2f,0x01,0x2f,0x01,0x2f,0x01,0x2f,0x01,0x2f,0x01,0x2f,0x01,0x2f,0x01,0x2f,0x01,0x2f,0x01,0xef,0x00,0x8e,0x00,0x0f,0x01,0x30,0x01,0x0f,0x01,
    0x00,0x00,0x00,0x00,0x00,0x00,0x00,0x00,0x00,0x00,0x00,0x00,0x00,0x00,0x00,0x00,0x00,0x00,0x00,0x00,0x00,0x00,0x00,0x00,0x00,0x00,0x00,0x00,0x00,0x00,0x00,0x00,
    0x0a,0x00,0x0f,0x00,0x0f,0x00,0x0f,0x00,0x0f,0x00,0x0f,0x00,0x0f,0x00,0x0f,0x00,0x0f,0x00,0x0f,0x00,0x0f,0x00,0x0f,0x00,0x0f,0x00,0x0f,0x00,0x0f,0x00,0x0a,0x00,
    0x03,0x02,0x02,0x02,0x02,0x02,0x02,0x02,0x02,0x02,0x02,0x02,0x02,0x02,0x02,0x03,0x00,0x00,0x00,0x00,0x00,0x00,0x00,0x00,0x00,0x00,0x00,0x00,0x00,0x00,0x00,0x00,
    0x4f,0xbc,0xc3,0xc4,0xc5,0xc5,0xc5,0xc5,0xc5,0xc5,0xc5,0xc5,0xc4,0xc3,0xbc,0x4f,0xf9,0xff,0xff,0xff,0xff,0xff,0xff,0xff,0xff,0xff,0xff,0xff,0xff,0xff,0xff,0xf9,
    0xff,0xfc,0xfc,0xfc,0xfc,0xfc,0xfc,0xfc,0xfc,0xfc,0xfc,0xfc,0xfc,0xfc,0xfc,0xff,0xfe,0xff,0xff,0xff,0xff,0xff,0xff,0xff,0xff,0xff,0xff,0xff,0xff,0xff,0xff,0xfe,
    0xff,0xff,0xff,0xff,0xff,0xff,0xff,0xff,0xff,0xff,0xff,0xff,0xff,0xff,0xff,0xff,0xff,0xff,0xff,0xff,0xff,0xff,0xff,0xff,0xff,0xff,0xff,0xff,0xff,0xff,0xff,0xff,
    0xff,0xff,0xff,0xff,0xff,0xff,0xff,0xff,0xff,0xff,0xff,0xff,0xff,0xff,0xff,0xff,0xff,0xff,0xff,0xff,0xff,0xff,0xff,0xff,0xff,0xff,0xff,0xff,0xff,0xff,0xff,0xff,
    0xfe,0xff,0xff,0xff,0xff,0xff,0xff,0xff,0xff,0xff,0xff,0xff,0xff,0xff,0xff,0xfe,0xff,0xfc,0xfc,0xfc,0xfc,0xfc,0xfc,0xfc,0xfc,0xfc,0xfc,0xfc,0xfc,0xfc,0xfc,0xff,
    0xf9,0xff,0xff,0xff,0xff,0xff,0xff,0xff,0xff,0xff,0xff,0xff,0xff,0xff,0xff,0xf9,0x4f,0xbc,0xc3,0xc4,0xc5,0xc5,0xc5,0xc5,0xc5,0xc5,0xc5,0xc5,0xc4,0xc3,0xbc,0x4f,
    0x00,0x00,0x00,0x00,0x00,0x00,0x00,0x00,0x00,0x00,0x00,0x00,0x00,0x00,0x00,0x00,0x03,0x02,0x02,0x02,0x02,0x02,0x02,0x02,0x02,0x02,0x02,0x02,0x02,0x02,0x02,0x03,

};

const lv_image_dsc_t emoji_flag_au_16 = {
  .header.magic = LV_IMAGE_HEADER_MAGIC,
  .header.cf = LV_COLOR_FORMAT_RGB565A8,
  .header.flags = 0,
  .header.w = 16,
  .header.h = 16,
  .header.stride = 32,
  .data_size = sizeof(emoji_flag_au_16_map),
  .data = emoji_flag_au_16_map,
};




#ifndef LV_ATTRIBUTE_MEM_ALIGN
#define LV_ATTRIBUTE_MEM_ALIGN
#endif

#ifndef LV_ATTRIBUTE_EMOJI_UMBRELLA_16
#define LV_ATTRIBUTE_EMOJI_UMBRELLA_16
#endif

static const
LV_ATTRIBUTE_MEM_ALIGN LV_ATTRIBUTE_LARGE_CONST LV_ATTRIBUTE_EMOJI_UMBRELLA_16
uint8_t emoji_umbrella_16_map[] = {

    0x00,0x00,0x00,0x00,0x00,0x00,0x00,0x00,0xb5,0x52,0xb5,0xaa,0x00,0x00,0x00,0x00,0x4c,0x5c,0x00,0x00,0x00,0x00,0xff,0xff,0xf7,0x79,0x00,0x00,0x00,0x00,0x00,0x00,
    0x00,0x00,0x00,0x00,0x00,0x00,0xff,0x7b,0x00,0x00,0x00,0x00,0x54,0x7a,0x37,0x8b,0x71,0x6b,0x53,0x73,0xf7,0x8a,0x00,0x00,0x00,0x00,0x00,0x00,0x0f,0x78,0x00,0x00,
    0x00,0x00,0x00,0x00,0x00,0x00,0x00,0x00,0x54,0x6a,0xd7,0x82,0x39,0x93,0xd7,0x82,0x75,0x72,0xb6,0x7a,0x19,0x8b,0xf8,0x8a,0x75,0x72,0xef,0x39,0x00,0x00,0xef,0x7b,
    0x00,0x00,0xff,0x7b,0xef,0x7b,0x74,0x72,0xd7,0x82,0x7b,0x9b,0x19,0x8b,0x75,0x72,0x75,0x72,0x54,0x72,0xd7,0x82,0x7b,0x9b,0x19,0x8b,0x75,0x72,0x54,0x72,0x00,0x00,
    0xff,0x7b,0x00,0x00,0x74,0x72,0xd7,0x82,0x39,0x93,0x59,0x93,0xd7,0x82,0x75,0x72,0x75,0x72,0x75,0x72,0x96,0x7a,0x39,0x93,0x59,0x93,0xf8,0x8a,0x75,0x72,0x76,0x72,
    0x00,0x00,0x75,0x72,0x96,0x72,0xd7,0x82,0x39,0x93,0x39,0x93,0xb6,0x7a,0x75,0x72,0x75,0x72,0x75,0x72,0x75,0x72,0x39,0x8b,0x39,0x93,0x18,0x8b,0x96,0x7a,0x75,0x72,
    0x00,0x00,0x75,0x72,0xb7,0x7a,0x18,0x8b,0x39,0x93,0x5a,0x93,0xd7,0x82,0x74,0x72,0x75,0x72,0x75,0x72,0x95,0x7a,0x39,0x93,0x39,0x93,0x39,0x93,0xb6,0x7a,0x74,0x72,
    0x00,0x00,0x75,0x72,0x96,0x7a,0x39,0x93,0x9c,0xa3,0x39,0x93,0x96,0x7a,0x95,0x7a,0x55,0x72,0x96,0x7a,0x75,0x72,0x19,0x8b,0x7b,0x9b,0x7b,0x9b,0x96,0x7a,0x96,0x7a,
    0x00,0x00,0x75,0x72,0x54,0x6a,0x39,0x93,0x5b,0x9b,0x39,0x8b,0x00,0x00,0xb4,0x72,0x33,0x73,0xf3,0x72,0xf2,0x69,0x00,0x00,0x5a,0x93,0x39,0x93,0x96,0x7a,0x75,0x72,
    0x00,0x00,0x00,0x00,0x00,0x00,0x00,0x00,0x00,0x00,0x00,0x00,0x1f,0x00,0xe9,0x64,0xcf,0x63,0xee,0x63,0x00,0x00,0xef,0x3b,0x00,0x00,0x00,0x00,0x00,0x00,0x00,0x00,
    0x00,0x00,0xb5,0x52,0xef,0x7b,0xb5,0xaa,0xff,0xfb,0xb5,0xaa,0x00,0x00,0x90,0x63,0xb0,0x6b,0x90,0x63,0x1f,0x00,0xef,0x3b,0xbf,0xaa,0xf7,0x7b,0x1f,0xf8,0xef,0x79,
    0x00,0x00,0x00,0x00,0x00,0x00,0x00,0x00,0x72,0x6b,0xef,0x7b,0x00,0x00,0xaf,0x6b,0xd0,0x6b,0xb0,0x63,0x00,0x00,0xef,0x3b,0x00,0x00,0x00,0x00,0x00,0x00,0x00,0x00,
    0x00,0x00,0xff,0x07,0x00,0x00,0xae,0x63,0xb0,0x63,0xaf,0x63,0x00,0x00,0xd0,0x63,0xb0,0x63,0xaf,0x63,0x00,0x00,0xef,0x3b,0x00,0x00,0x00,0x00,0x00,0x00,0x00,0x00,
    0x00,0x00,0x00,0x00,0x00,0x00,0x8e,0x53,0xb0,0x63,0xb0,0x63,0x00,0x00,0x8f,0x63,0xf1,0x6b,0xaf,0x63,0x00,0x00,0x55,0x55,0x00,0x00,0x00,0x00,0x00,0x00,0x00,0x00,
    0x00,0x00,0x00,0x00,0xb5,0x52,0x00,0x00,0xaf,0x63,0xf1,0x6b,0xb0,0x63,0xd0,0x6b,0xb0,0x6b,0x8e,0x73,0xff,0xff,0x00,0x00,0x00,0x00,0x00,0x00,0x00,0x00,0x00,0x00,
    0x00,0x00,0x00,0x00,0x00,0x00,0x00,0x00,0x00,0x00,0xaf,0x63,0xd0,0x6b,0xb0,0x63,0x8e,0x5b,0x00,0x00,0xff,0xff,0x00,0x00,0x00,0x00,0x00,0x00,0x00,0x00,0x00,0x00,
    0x00,0x00,0x00,0x00,0x03,0x03,0x00,0x00,0x1a,0x00,0x00,0x01,0x04,0x01,0x00,0x00,0x00,0x00,0x00,0x02,0x00,0x00,0x11,0x3c,0xeb,0x74,0x1e,0x00,0x00,0x00,0x02,0x00,
    0x00,0x00,0x01,0x00,0x43,0xad,0xea,0xff,0xff,0xff,0xf6,0xc7,0x68,0x04,0x00,0x02,0x01,0x02,0x02,0x91,0xff,0xff,0xff,0xfe,0xfe,0xfe,0xff,0xff,0xff,0xc8,0x1f,0x00,
    0x02,0x00,0x95,0xff,0xfc,0xfc,0xfe,0xff,0xff,0xff,0xfe,0xfd,0xfa,0xff,0xd6,0x14,0x00,0x3a,0xff,0xfa,0xfe,0xfd,0xfc,0xff,0xff,0xff,0xfd,0xfc,0xff,0xfa,0xff,0x96,
    0x00,0x90,0xff,0xfc,0xfb,0xff,0xff,0xfe,0xff,0xfd,0xff,0xff,0xfd,0xfb,0xff,0xed,0x00,0xb8,0xf8,0xf6,0xff,0xe2,0xc4,0xff,0xfe,0xff,0xda,0xc9,0xff,0xff,0xe6,0xff,
    0x00,0x44,0x30,0x43,0x66,0x14,0x00,0x52,0xfe,0x8d,0x0c,0x00,0x50,0x66,0x19,0x5d,0x00,0x00,0x00,0x00,0x00,0x00,0x01,0x0d,0xff,0x4e,0x00,0x04,0x00,0x00,0x00,0x00,
    0x00,0x03,0x02,0x03,0x02,0x03,0x00,0x1b,0xff,0x5a,0x01,0x04,0x03,0x04,0x01,0x04,0x00,0x00,0x00,0x00,0x07,0x04,0x01,0x1a,0xff,0x57,0x00,0x04,0x00,0x00,0x00,0x00,
    0x00,0x01,0x00,0x0d,0xde,0x48,0x00,0x15,0xfd,0x5a,0x00,0x04,0x00,0x00,0x00,0x00,0x00,0x01,0x00,0x09,0xff,0x9b,0x00,0x42,0xff,0x48,0x00,0x03,0x00,0x00,0x00,0x00,
    0x00,0x00,0x03,0x00,0x7f,0xff,0xdd,0xff,0xcb,0x09,0x01,0x01,0x00,0x00,0x00,0x00,0x00,0x00,0x00,0x01,0x00,0x61,0xa1,0x82,0x16,0x00,0x01,0x00,0x00,0x00,0x00,0x00,

};

const lv_image_dsc_t emoji_umbrella_16 = {
  .header.magic = LV_IMAGE_HEADER_MAGIC,
  .header.cf = LV_COLOR_FORMAT_RGB565A8,
  .header.flags = 0,
  .header.w = 16,
  .header.h = 16,
  .header.stride = 32,
  .data_size = sizeof(emoji_umbrella_16_map),
  .data = emoji_umbrella_16_map,
};




#ifndef LV_ATTRIBUTE_MEM_ALIGN
#define LV_ATTRIBUTE_MEM_ALIGN
#endif

#ifndef LV_ATTRIBUTE_EMOJI_NAZAR_16
#define LV_ATTRIBUTE_EMOJI_NAZAR_16
#endif

static const
LV_ATTRIBUTE_MEM_ALIGN LV_ATTRIBUTE_LARGE_CONST LV_ATTRIBUTE_EMOJI_NAZAR_16
uint8_t emoji_nazar_16_map[] = {

    0x00,0x00,0x00,0x00,0x15,0x00,0x00,0x00,0x76,0x08,0xb8,0x10,0xb8,0x10,0xb7,0x10,0xb7,0x10,0xb8,0x10,0x98,0x10,0xb8,0x10,0x00,0x00,0x00,0x00,0x1f,0x00,0x00,0x00,
    0x00,0x00,0x15,0x00,0x00,0x00,0x97,0x10,0xb8,0x10,0x98,0x10,0x37,0x00,0x17,0x00,0x17,0x00,0x37,0x00,0xb8,0x10,0xb8,0x10,0x97,0x10,0x16,0x00,0x00,0x00,0x1f,0x00,
    0x1f,0x00,0x00,0x00,0x97,0x10,0xb9,0x10,0x57,0x08,0xb7,0x10,0xda,0x52,0x5b,0x8c,0x5b,0x8c,0x99,0x52,0x77,0x08,0x77,0x08,0xd9,0x10,0x97,0x10,0x5a,0x29,0x15,0x00,
    0x00,0x00,0x97,0x10,0xb9,0x10,0x37,0x00,0x39,0x42,0x9e,0xd6,0xff,0xff,0xff,0xff,0xff,0xff,0xff,0xff,0xfd,0xbd,0x38,0x21,0x57,0x08,0xb9,0x10,0x97,0x10,0x00,0x00,
    0xb7,0x10,0xb7,0x10,0x57,0x08,0x19,0x3a,0xbf,0xf7,0xff,0xff,0x9f,0xe7,0x5f,0xc7,0x5f,0xcf,0x9f,0xe7,0xff,0xff,0xfe,0xde,0x38,0x21,0x77,0x08,0xb8,0x10,0x97,0x08,
    0x97,0x10,0xb9,0x10,0x57,0x08,0x3d,0xc6,0xff,0xff,0x1f,0xc7,0x7f,0x86,0x5a,0x6d,0x19,0x6d,0x5f,0x86,0x1f,0xc7,0xff,0xff,0xbd,0xb5,0x37,0x00,0xb8,0x10,0x97,0x10,
    0xb7,0x10,0x78,0x08,0x78,0x29,0xdf,0xff,0xbf,0xef,0x7f,0x8e,0xf2,0x5b,0x45,0x21,0x45,0x21,0x0e,0x4b,0x3f,0x86,0x9f,0xe7,0xff,0xff,0xd8,0x39,0x57,0x08,0xb7,0x10,
    0xb7,0x10,0x57,0x00,0x59,0x42,0xff,0xff,0x5f,0xcf,0xdd,0x7d,0xa7,0x29,0x66,0x29,0x86,0x29,0x24,0x21,0xf8,0x6c,0x5f,0xc7,0xff,0xff,0x1a,0x5b,0x37,0x00,0xb7,0x10,
    0xb7,0x10,0x57,0x00,0x59,0x42,0xff,0xff,0x5f,0xcf,0xfd,0x7d,0xc7,0x31,0x45,0x21,0x66,0x29,0x45,0x21,0x39,0x6d,0x5f,0xc7,0xff,0xff,0x1a,0x63,0x37,0x00,0xb7,0x10,
    0xb7,0x10,0x77,0x08,0x38,0x21,0xbf,0xf7,0xbf,0xef,0x7f,0x8e,0x75,0x64,0xa7,0x29,0x86,0x29,0xb1,0x53,0x5f,0x86,0x9f,0xe7,0xff,0xff,0x39,0x42,0x57,0x08,0xb7,0x10,
    0x97,0x10,0xb8,0x10,0x37,0x00,0xfc,0x9c,0xff,0xff,0xff,0xbe,0x5f,0x86,0xbc,0x75,0x9b,0x75,0x5f,0x86,0xff,0xbe,0xff,0xff,0xde,0xd6,0x97,0x10,0xb8,0x10,0x97,0x10,
    0x97,0x10,0xb8,0x10,0x97,0x08,0xd7,0x18,0x7e,0xce,0xff,0xff,0x9f,0xe7,0x1f,0xbf,0x1f,0xbf,0x9f,0xdf,0xff,0xff,0xff,0xff,0x99,0x52,0x37,0x00,0xb8,0x10,0x77,0x08,
    0xf5,0x18,0x97,0x10,0xb8,0x10,0x77,0x08,0xf8,0x18,0xbc,0x94,0x5f,0xef,0xff,0xff,0xff,0xff,0x9f,0xf7,0x1d,0xc6,0x79,0x4a,0x37,0x00,0xba,0x10,0x97,0x10,0x00,0x00,
    0x00,0x00,0x98,0x10,0x98,0x10,0xb8,0x10,0x97,0x08,0x37,0x00,0xf7,0x18,0xd9,0x39,0xd9,0x39,0x38,0x21,0x77,0x08,0x57,0x00,0xb9,0x10,0x97,0x10,0x0f,0x00,0x15,0x00,
    0x15,0x00,0x00,0x00,0x97,0x10,0x98,0x10,0xb8,0x10,0xb8,0x10,0x97,0x08,0x57,0x08,0x57,0x08,0x77,0x08,0xb8,0x10,0xb8,0x10,0x97,0x10,0x1f,0x00,0x1f,0x00,0x1f,0x00,
    0x00,0x00,0x15,0x00,0x00,0x00,0x74,0x08,0x98,0x10,0x98,0x10,0xb7,0x10,0xb7,0x10,0xb7,0x10,0xb7,0x10,0xb8,0x10,0x97,0x10,0x00,0x00,0x1f,0x00,0x1f,0x00,0x00,0x00,
    0x00,0x00,0x03,0x00,0x20,0x90,0xde,0xfd,0xfe,0xe7,0xa7,0x3d,0x00,0x00,0x01,0x00,0x00,0x03,0x00,0x60,0xe9,0xff,0xff,0xff,0xff,0xff,0xff,0xfb,0x95,0x07,0x00,0x01,
    0x03,0x00,0x79,0xff,0xff,0xfc,0xfe,0xff,0xff,0xfe,0xfc,0xfe,0xff,0xbc,0x06,0x03,0x00,0x55,0xff,0xfb,0xfd,0xff,0xff,0xff,0xff,0xff,0xff,0xff,0xf9,0xff,0x91,0x00,
    0x18,0xe9,0xfe,0xfd,0xff,0xff,0xff,0xff,0xff,0xff,0xff,0xff,0xfe,0xfc,0xfd,0x34,0x87,0xff,0xfc,0xff,0xff,0xff,0xff,0xff,0xff,0xff,0xff,0xff,0xff,0xfc,0xff,0xa3,
    0xdc,0xfe,0xfe,0xff,0xff,0xff,0xff,0xff,0xff,0xff,0xff,0xff,0xff,0xfe,0xff,0xe4,0xfd,0xff,0xff,0xff,0xff,0xff,0xff,0xff,0xff,0xff,0xff,0xff,0xff,0xff,0xff,0xfe,
    0xff,0xff,0xff,0xff,0xff,0xff,0xff,0xff,0xff,0xff,0xff,0xff,0xff,0xff,0xff,0xff,0xf0,0xff,0xff,0xff,0xff,0xff,0xff,0xff,0xff,0xff,0xff,0xff,0xff,0xfe,0xfe,0xeb,
    0xbf,0xfe,0xfd,0xff,0xff,0xff,0xff,0xff,0xff,0xff,0xff,0xff,0xff,0xfc,0xff,0xa6,0x62,0xff,0xfc,0xff,0xff,0xff,0xff,0xff,0xff,0xff,0xff,0xff,0xfe,0xfc,0xfb,0x32,
    0x09,0xd4,0xff,0xfb,0xff,0xff,0xff,0xff,0xff,0xff,0xff,0xfe,0xf9,0xff,0x81,0x00,0x00,0x39,0xfb,0xff,0xfb,0xfd,0xfe,0xff,0xff,0xfe,0xfc,0xfe,0xff,0xa9,0x02,0x03,
    0x03,0x00,0x47,0xdf,0xff,0xff,0xff,0xff,0xff,0xff,0xff,0xfb,0x8d,0x01,0x01,0x01,0x00,0x03,0x00,0x14,0x74,0xc0,0xe8,0xfc,0xfc,0xe1,0xa5,0x3c,0x00,0x01,0x01,0x00,

};

const lv_image_dsc_t emoji_nazar_16 = {
  .header.magic = LV_IMAGE_HEADER_MAGIC,
  .header.cf = LV_COLOR_FORMAT_RGB565A8,
  .header.flags = 0,
  .header.w = 16,
  .header.h = 16,
  .header.stride = 32,
  .data_size = sizeof(emoji_nazar_16_map),
  .data = emoji_nazar_16_map,
};




#ifndef LV_ATTRIBUTE_MEM_ALIGN
#define LV_ATTRIBUTE_MEM_ALIGN
#endif

#ifndef LV_ATTRIBUTE_EMOJI_GLOBE_16
#define LV_ATTRIBUTE_EMOJI_GLOBE_16
#endif

static const
LV_ATTRIBUTE_MEM_ALIGN LV_ATTRIBUTE_LARGE_CONST LV_ATTRIBUTE_EMOJI_GLOBE_16
uint8_t emoji_globe_16_map[] = {

    0x00,0x00,0xe0,0x07,0x00,0x00,0x00,0x00,0x51,0x75,0x5e,0x8e,0x9f,0x8e,0x7f,0x8e,0x7f,0x8e,0x9f,0x8e,0x9f,0x96,0x9f,0x96,0x00,0x00,0x00,0x00,0xff,0xff,0x00,0x00,
    0xe0,0x07,0x00,0x00,0x47,0x64,0xa8,0x5c,0xa7,0x5c,0x4f,0x6d,0x50,0x6d,0x51,0x6d,0xb6,0x7d,0x73,0x75,0xf8,0x7d,0x1a,0x86,0x3c,0x86,0xbf,0x8e,0x00,0x00,0xff,0xff,
    0xef,0x7b,0x47,0x64,0x87,0x5c,0xe8,0x64,0x87,0x5c,0x66,0x5c,0x65,0x5c,0x65,0x5c,0x65,0x5c,0x65,0x5c,0xa8,0x5c,0x66,0x5c,0x38,0x86,0x7f,0x8e,0x3a,0x8e,0xff,0x7f,
    0x00,0x00,0x87,0x5c,0xe8,0x64,0x87,0x5c,0x87,0x5c,0x87,0x5c,0x87,0x5c,0x87,0x5c,0x87,0x5c,0x87,0x5c,0xb6,0x75,0x1c,0x86,0x5e,0x86,0xdf,0x96,0x3e,0x86,0x00,0x00,
    0x88,0x5c,0xa7,0x5c,0x87,0x5c,0x87,0x5c,0x87,0x5c,0x87,0x5c,0x87,0x5c,0x87,0x5c,0x87,0x5c,0x87,0x5c,0x30,0x6d,0x7f,0x8e,0x5f,0x8e,0x5f,0x8e,0x7f,0x8e,0x5e,0x86,
    0x87,0x5c,0xc7,0x64,0x87,0x5c,0x66,0x5c,0x87,0x5c,0x87,0x5c,0x87,0x5c,0x87,0x5c,0x66,0x5c,0x0f,0x6d,0xd9,0x7d,0x5f,0x8e,0x5e,0x8e,0x5f,0x8e,0x9f,0x8e,0x5f,0x8e,
    0xec,0x64,0xa8,0x5c,0x66,0x5c,0x0e,0x6d,0xa9,0x5c,0x86,0x5c,0x66,0x5c,0x88,0x5c,0x45,0x5c,0x2f,0x6d,0xfa,0x85,0x5f,0x8e,0x5f,0x8e,0x5f,0x8e,0x7f,0x8e,0x5f,0x8e,
    0xec,0x64,0x52,0x75,0x73,0x75,0x9f,0x8e,0x2f,0x6d,0xa8,0x5c,0x0e,0x6d,0x65,0x5c,0x0d,0x65,0x1c,0x86,0x5f,0x8e,0x5f,0x8e,0x5f,0x8e,0x5f,0x8e,0x5f,0x8e,0x5f,0x8e,
    0x87,0x5c,0xa9,0x5c,0x95,0x75,0x7f,0x8e,0xf9,0x7d,0x30,0x6d,0x5e,0x86,0x0d,0x65,0x5f,0x8e,0x7f,0x8e,0x5e,0x86,0x5e,0x8e,0x5f,0x8e,0x5f,0x8e,0x5f,0x8e,0x5f,0x8e,
    0x66,0x5c,0x0d,0x6d,0x3c,0x86,0x5f,0x8e,0x5f,0x8e,0x5f,0x8e,0x3d,0x86,0xf9,0x7d,0xb6,0x7d,0x1b,0x86,0x5f,0x8e,0x7f,0x8e,0x5f,0x8e,0x5f,0x8e,0x7f,0x8e,0x5f,0x8e,
    0x65,0x5c,0x19,0x86,0x7f,0x8e,0x5e,0x86,0x5e,0x8e,0x5f,0x8e,0x3d,0x86,0x73,0x75,0x95,0x75,0xb6,0x7d,0x73,0x75,0xd8,0x7d,0x3e,0x86,0x5f,0x8e,0x9f,0x8e,0x5f,0x8e,
    0x24,0x54,0xf8,0x7d,0x7f,0x8e,0x5e,0x86,0x5f,0x8e,0x5e,0x8e,0x5f,0x8e,0xf9,0x7d,0x0e,0x6d,0xed,0x64,0x30,0x6d,0xd8,0x7d,0x1b,0x86,0x5f,0x8e,0x7f,0x8e,0x5e,0x86,
    0x00,0x00,0x3e,0x86,0xdf,0x96,0x5e,0x8e,0x5e,0x8e,0x5f,0x8e,0x1c,0x86,0x87,0x5c,0x44,0x54,0x66,0x5c,0x65,0x5c,0x73,0x75,0x7f,0x8e,0xdf,0x96,0x3f,0x86,0x00,0x00,
    0xff,0x7f,0x3f,0x8e,0x5f,0x8e,0xdf,0x96,0x5e,0x8e,0x5f,0x8e,0xfa,0x7d,0xa9,0x5c,0x52,0x75,0x88,0x5c,0x43,0x54,0x30,0x6d,0xff,0x96,0x5e,0x8e,0x3f,0x8e,0xff,0x7f,
    0xff,0xff,0x00,0x00,0x3f,0x8e,0x7f,0x8e,0x7f,0x8e,0x9f,0x8e,0x3d,0x86,0x1c,0x86,0x7f,0x8e,0xb6,0x7d,0x70,0x75,0x5d,0x8e,0x7f,0x8e,0x3d,0x8e,0x00,0x00,0xff,0xff,
    0x00,0x00,0xff,0xff,0x00,0x00,0x00,0x00,0x5e,0x86,0x7f,0x8e,0x7f,0x8e,0x5f,0x8e,0x5e,0x86,0x7f,0x8e,0x9f,0x8e,0x7f,0x8e,0x00,0x00,0x00,0x00,0xff,0xff,0x00,0x00,
    0x00,0x01,0x00,0x00,0x46,0xab,0xe7,0xfe,0xfe,0xe7,0xab,0x46,0x00,0x00,0x01,0x00,0x01,0x00,0x0d,0x9f,0xfe,0xff,0xff,0xff,0xff,0xff,0xff,0xfe,0x9f,0x0d,0x00,0x01,
    0x02,0x0d,0xc7,0xff,0xfd,0xfd,0xfe,0xff,0xff,0xfe,0xfd,0xfd,0xff,0xc7,0x0d,0x02,0x00,0xa1,0xff,0xf9,0xff,0xff,0xff,0xff,0xff,0xff,0xff,0xff,0xf9,0xff,0xa1,0x00,
    0x42,0xff,0xfc,0xff,0xff,0xff,0xff,0xff,0xff,0xff,0xff,0xff,0xff,0xfc,0xff,0x42,0xae,0xff,0xfc,0xff,0xff,0xff,0xff,0xff,0xff,0xff,0xff,0xff,0xff,0xfc,0xff,0xae,
    0xea,0xff,0xfe,0xff,0xff,0xff,0xff,0xff,0xff,0xff,0xff,0xff,0xff,0xfe,0xff,0xea,0xff,0xff,0xff,0xff,0xff,0xff,0xff,0xff,0xff,0xff,0xff,0xff,0xff,0xff,0xff,0xff,
    0xff,0xff,0xff,0xff,0xff,0xff,0xff,0xff,0xff,0xff,0xff,0xff,0xff,0xff,0xff,0xff,0xea,0xff,0xfe,0xff,0xff,0xff,0xff,0xff,0xff,0xff,0xff,0xff,0xff,0xfe,0xff,0xea,
    0xae,0xff,0xfc,0xff,0xff,0xff,0xff,0xff,0xff,0xff,0xff,0xff,0xff,0xfc,0xff,0xae,0x42,0xff,0xfc,0xff,0xff,0xff,0xff,0xff,0xff,0xff,0xff,0xff,0xff,0xfc,0xff,0x42,
    0x00,0xa1,0xff,0xf9,0xff,0xff,0xff,0xff,0xff,0xff,0xff,0xff,0xf9,0xff,0xa1,0x00,0x02,0x0d,0xc7,0xff,0xfd,0xfd,0xfe,0xff,0xff,0xfe,0xfd,0xfd,0xff,0xc7,0x0d,0x02,
    0x01,0x00,0x0d,0x9f,0xfe,0xff,0xff,0xff,0xff,0xff,0xff,0xfe,0x9f,0x0d,0x00,0x01,0x00,0x01,0x00,0x00,0x46,0xab,0xe7,0xfe,0xfe,0xe7,0xab,0x46,0x00,0x00,0x01,0x00,

};

const lv_image_dsc_t emoji_globe_16 = {
  .header.magic = LV_IMAGE_HEADER_MAGIC,
  .header.cf = LV_COLOR_FORMAT_RGB565A8,
  .header.flags = 0,
  .header.w = 16,
  .header.h = 16,
  .header.stride = 32,
  .data_size = sizeof(emoji_globe_16_map),
  .data = emoji_globe_16_map,
};




#ifndef LV_ATTRIBUTE_MEM_ALIGN
#define LV_ATTRIBUTE_MEM_ALIGN
#endif

#ifndef LV_ATTRIBUTE_EMOJI_RADIOACTIVE_16
#define LV_ATTRIBUTE_EMOJI_RADIOACTIVE_16
#endif

static const
LV_ATTRIBUTE_MEM_ALIGN LV_ATTRIBUTE_LARGE_CONST LV_ATTRIBUTE_EMOJI_RADIOACTIVE_16
uint8_t emoji_radioactive_16_map[] = {

    0x00,0x00,0x00,0x00,0x40,0xfd,0x00,0x00,0x00,0x00,0xa1,0xfc,0x81,0xfc,0x81,0xf4,0x81,0xf4,0x81,0xfc,0xa1,0xfc,0x00,0x00,0x00,0x00,0x40,0xfd,0x00,0x00,0x00,0x00,
    0x00,0x00,0xa0,0xfa,0x00,0x00,0x41,0xec,0xa1,0xfc,0xa1,0xf4,0xa1,0xfc,0xc1,0xfc,0xc1,0xfc,0xa1,0xfc,0xa1,0xf4,0xa1,0xfc,0x41,0xec,0x00,0x00,0xa0,0xfa,0x00,0x00,
    0xa0,0xaa,0x00,0x00,0x41,0xf4,0xa1,0xfc,0xa0,0xfc,0x40,0xf4,0x81,0xf4,0x61,0xf4,0x61,0xf4,0x81,0xf4,0x40,0xf4,0xa0,0xfc,0xa1,0xfc,0x41,0xf4,0x00,0x00,0xa0,0xaa,
    0xe0,0xff,0x61,0xf4,0xa1,0xfc,0x60,0xfc,0x07,0xf5,0x0f,0xfe,0x60,0xf4,0x81,0xf4,0x81,0xf4,0x60,0xf4,0x0f,0xfe,0x07,0xf5,0x60,0xfc,0xa1,0xfc,0x61,0xf4,0xe0,0xff,
    0x00,0x00,0x81,0xf4,0xa0,0xfc,0xe5,0xf4,0xbd,0xff,0xff,0xff,0x27,0xf5,0x40,0xf4,0x40,0xf4,0x27,0xf5,0xff,0xff,0xbd,0xff,0xe5,0xf4,0xa0,0xfc,0x81,0xf4,0x00,0x00,
    0x81,0xf4,0x81,0xf4,0x60,0xf4,0x17,0xff,0xff,0xff,0xff,0xff,0x7a,0xff,0x81,0xf4,0x81,0xf4,0x7a,0xff,0xff,0xff,0xff,0xff,0x17,0xff,0x60,0xf4,0x81,0xf4,0x81,0xf4,
    0x82,0xf4,0x80,0xfc,0x06,0xf5,0xff,0xff,0xff,0xff,0xff,0xff,0xf7,0xfe,0x61,0xf4,0x61,0xf4,0x17,0xff,0xff,0xff,0xff,0xff,0xff,0xff,0x06,0xf5,0x80,0xfc,0x82,0xf4,
    0x82,0xf4,0x80,0xfc,0xac,0xf5,0xff,0xff,0xff,0xff,0xff,0xff,0xc4,0xf4,0xf6,0xfe,0xf6,0xfe,0xc4,0xf4,0xff,0xff,0xff,0xff,0xff,0xff,0xac,0xf5,0x80,0xfc,0x82,0xf4,
    0x81,0xf4,0xa1,0xfc,0xc4,0xf4,0x48,0xf5,0x48,0xf5,0x48,0xf5,0x60,0xf4,0xd6,0xfe,0xd6,0xfe,0x40,0xf4,0x48,0xf5,0x48,0xf5,0x48,0xf5,0xc3,0xf4,0xa1,0xfc,0x81,0xf4,
    0x61,0xf4,0xc1,0xfc,0x61,0xf4,0x40,0xf4,0x40,0xf4,0x40,0xf4,0xe5,0xf4,0xe5,0xf4,0xe5,0xf4,0xe5,0xf4,0x40,0xf4,0x40,0xf4,0x40,0xf4,0x61,0xf4,0xc1,0xfc,0x61,0xf4,
    0x81,0xf4,0x81,0xf4,0x81,0xf4,0x81,0xf4,0x81,0xf4,0x60,0xf4,0x59,0xff,0xff,0xff,0xff,0xff,0x59,0xff,0x60,0xf4,0x81,0xf4,0x81,0xf4,0x81,0xf4,0x81,0xf4,0x81,0xf4,
    0x00,0x00,0x61,0xf4,0xc1,0xfc,0x81,0xf4,0x40,0xf4,0x0f,0xfe,0xff,0xff,0xff,0xff,0xff,0xff,0xff,0xff,0x0f,0xfe,0x40,0xf4,0x81,0xf4,0xc1,0xfc,0x61,0xf4,0x00,0x00,
    0xe0,0xff,0x61,0xf4,0x81,0xfc,0xa1,0xfc,0x60,0xf4,0xb5,0xfe,0xff,0xff,0xff,0xff,0xff,0xff,0xff,0xff,0xd5,0xfe,0x61,0xf4,0xa1,0xfc,0x81,0xfc,0x61,0xf4,0xe0,0xff,
    0xa0,0xaa,0x00,0x00,0x61,0xf4,0xa1,0xfc,0xc1,0xfc,0x60,0xf4,0x06,0xf5,0xab,0xf5,0xab,0xf5,0x06,0xf5,0x60,0xf4,0xc1,0xfc,0xa1,0xfc,0x61,0xf4,0x00,0x00,0xa0,0xaa,
    0x00,0x00,0xa0,0xfa,0x00,0x00,0x41,0xec,0xa1,0xfc,0x81,0xf4,0x80,0xfc,0x80,0xfc,0x80,0xfc,0x80,0xfc,0x81,0xf4,0xa1,0xfc,0x41,0xec,0x00,0x00,0xa0,0xfa,0x00,0x00,
    0x00,0x00,0x00,0x00,0x40,0xfd,0x00,0x00,0x00,0x00,0xa1,0xfc,0xa2,0xfc,0x82,0xf4,0x82,0xf4,0xa2,0xfc,0xa1,0xfc,0x00,0x00,0x00,0x00,0x40,0xfd,0x00,0x00,0x00,0x00,
    0x00,0x00,0x03,0x00,0x00,0x35,0x76,0x97,0x97,0x76,0x35,0x00,0x00,0x03,0x00,0x00,0x00,0x03,0x00,0x2b,0xb3,0xfa,0xff,0xff,0xff,0xff,0xfa,0xb3,0x2b,0x00,0x03,0x00,
    0x03,0x00,0x49,0xf3,0xff,0xff,0xfc,0xfc,0xfc,0xfc,0xff,0xff,0xf3,0x49,0x00,0x03,0x01,0x29,0xf5,0xff,0xfb,0xff,0xff,0xff,0xff,0xff,0xff,0xfb,0xff,0xf5,0x29,0x01,
    0x00,0xb7,0xff,0xfb,0xff,0xff,0xff,0xff,0xff,0xff,0xff,0xff,0xfb,0xff,0xb7,0x00,0x33,0xfc,0xfe,0xff,0xff,0xff,0xff,0xff,0xff,0xff,0xff,0xff,0xff,0xfe,0xfc,0x33,
    0x79,0xff,0xfc,0xff,0xff,0xff,0xff,0xff,0xff,0xff,0xff,0xff,0xff,0xfc,0xff,0x79,0x99,0xff,0xfc,0xff,0xff,0xff,0xff,0xff,0xff,0xff,0xff,0xff,0xff,0xfc,0xff,0x98,
    0x99,0xff,0xfc,0xff,0xff,0xff,0xff,0xff,0xff,0xff,0xff,0xff,0xff,0xfc,0xff,0x98,0x79,0xff,0xfc,0xff,0xff,0xff,0xff,0xff,0xff,0xff,0xff,0xff,0xff,0xfc,0xff,0x79,
    0x33,0xfc,0xfe,0xff,0xff,0xff,0xff,0xff,0xff,0xff,0xff,0xff,0xff,0xfe,0xfc,0x33,0x00,0xb7,0xff,0xfb,0xff,0xff,0xff,0xff,0xff,0xff,0xff,0xff,0xfb,0xff,0xb7,0x00,
    0x01,0x29,0xf5,0xff,0xfb,0xff,0xff,0xff,0xff,0xff,0xff,0xfb,0xff,0xf5,0x29,0x01,0x03,0x00,0x49,0xf3,0xff,0xff,0xfc,0xfc,0xfc,0xfc,0xff,0xff,0xf3,0x49,0x00,0x03,
    0x00,0x03,0x00,0x2b,0xb3,0xfa,0xff,0xff,0xff,0xff,0xfa,0xb3,0x2b,0x00,0x03,0x00,0x00,0x00,0x03,0x00,0x00,0x35,0x76,0x97,0x97,0x76,0x35,0x00,0x00,0x03,0x00,0x00,

};

const lv_image_dsc_t emoji_radioactive_16 = {
  .header.magic = LV_IMAGE_HEADER_MAGIC,
  .header.cf = LV_COLOR_FORMAT_RGB565A8,
  .header.flags = 0,
  .header.w = 16,
  .header.h = 16,
  .header.stride = 32,
  .data_size = sizeof(emoji_radioactive_16_map),
  .data = emoji_radioactive_16_map,
};




#ifndef LV_ATTRIBUTE_MEM_ALIGN
#define LV_ATTRIBUTE_MEM_ALIGN
#endif

#ifndef LV_ATTRIBUTE_EMOJI_COW_16
#define LV_ATTRIBUTE_EMOJI_COW_16
#endif

static const
LV_ATTRIBUTE_MEM_ALIGN LV_ATTRIBUTE_LARGE_CONST LV_ATTRIBUTE_EMOJI_COW_16
uint8_t emoji_cow_16_map[] = {

    0x00,0x00,0x00,0x00,0xff,0xff,0xff,0xff,0x00,0x00,0x00,0x00,0x00,0x00,0x00,0x00,0x00,0x00,0x00,0x00,0x00,0x00,0x00,0x00,0x00,0x00,0x00,0x00,0x00,0x00,0x00,0x00,
    0x00,0x00,0x00,0x00,0x00,0x00,0x00,0x00,0xff,0xaf,0x00,0x00,0x00,0x00,0x00,0x00,0x00,0x00,0x00,0x00,0x00,0x00,0x00,0x00,0x00,0x00,0x00,0x00,0x00,0x00,0x00,0x00,
    0x00,0x00,0x00,0x00,0xfc,0xd6,0x3c,0xd7,0x00,0x00,0x00,0x00,0xf7,0xbd,0xff,0xff,0xff,0xff,0x00,0x00,0x00,0x00,0x00,0x00,0x00,0x00,0x0f,0x00,0x00,0x00,0x00,0x00,
    0x55,0xad,0x00,0x00,0x5a,0xc6,0x1d,0xdf,0x7e,0xe7,0x00,0x00,0x00,0x00,0x00,0x00,0x00,0x00,0x00,0x00,0xef,0x03,0x00,0x00,0x00,0x00,0x00,0x00,0x00,0x00,0x00,0x00,
    0x0f,0x00,0x00,0x00,0x45,0x21,0xec,0x52,0xaf,0x6b,0xec,0x5a,0xfc,0xd6,0xbb,0xce,0x9a,0xbe,0x00,0x00,0x00,0x00,0x00,0x00,0x45,0x29,0xa7,0x29,0xaa,0x52,0x00,0x00,
    0xe7,0x39,0x00,0x00,0xc8,0x31,0x11,0x7c,0xa7,0x29,0x87,0x29,0xd7,0xad,0xfc,0xd6,0xfc,0xd6,0xd0,0x73,0x46,0x21,0xc7,0x31,0xa7,0x31,0xc8,0x31,0xa7,0x31,0x00,0x00,
    0x00,0x00,0xa7,0x31,0xc7,0x31,0xcc,0x52,0x09,0x3a,0x25,0x21,0x52,0x84,0x3d,0xdf,0x7a,0xc6,0x49,0x42,0xa7,0x31,0xc8,0x31,0xc7,0x31,0xa7,0x31,0xc7,0x31,0xa7,0x31,
    0xa7,0x31,0xc7,0x31,0xa7,0x31,0x86,0x29,0x66,0x29,0xe8,0x31,0xd8,0xb5,0xfc,0xd6,0xd8,0xb5,0xa7,0x29,0xa7,0x31,0xa7,0x31,0xa7,0x31,0xa7,0x31,0xc7,0x31,0xa7,0x31,
    0xa7,0x31,0xc8,0x31,0xc8,0x31,0x86,0x29,0x6e,0x63,0x39,0xbe,0xfc,0xd6,0x1d,0xdf,0x9b,0xce,0xe8,0x39,0xa7,0x31,0xc7,0x31,0xa7,0x31,0xc7,0x31,0xa7,0x31,0xa7,0x31,
    0xc7,0x31,0xc7,0x31,0xc7,0x31,0x09,0x3a,0x93,0x8c,0x3d,0xdf,0xd8,0xb5,0x4d,0x63,0x93,0x8c,0xd0,0x73,0x25,0x21,0xa7,0x31,0xa7,0x31,0x66,0x21,0xc8,0x31,0xe8,0x31,
    0x00,0x00,0x00,0x00,0x00,0x00,0x5d,0xe7,0xbb,0xce,0x3d,0xdf,0xec,0x52,0x25,0x21,0x46,0x21,0x35,0x9d,0xf0,0x73,0xc7,0x31,0xc8,0x31,0x0d,0x5b,0x56,0xa5,0x49,0x42,
    0xef,0x03,0x00,0x00,0xff,0xff,0x00,0x00,0x00,0x00,0x1d,0xd7,0xcf,0x73,0x05,0x19,0x66,0x29,0x97,0xad,0x3d,0xdf,0x59,0xbe,0x35,0x9d,0x15,0x9d,0xdc,0xce,0x00,0x00,
    0x00,0x00,0x00,0x00,0x00,0x00,0x55,0xad,0x00,0x00,0xdc,0xd6,0xfc,0xd6,0x72,0x84,0xb7,0xad,0x3d,0xdf,0xdc,0xd6,0x9f,0xe7,0x11,0x7c,0x25,0x21,0xb3,0x8c,0xaa,0x52,
    0x00,0x00,0x00,0x00,0x00,0x00,0x55,0xad,0x00,0x00,0x7b,0xc6,0xfc,0xd6,0x1d,0xdf,0xfc,0xd6,0xbb,0xce,0xbb,0xce,0xdc,0xce,0x39,0xbe,0x97,0xad,0x7a,0xc6,0x00,0x00,
    0x00,0x00,0x00,0x00,0x00,0x00,0xef,0x7b,0x00,0x00,0xba,0xce,0xfc,0xd6,0x9b,0xc6,0x00,0x00,0x00,0x00,0x00,0x00,0x00,0x00,0xdc,0xce,0xfc,0xd6,0x7f,0xce,0xff,0xff,
    0x00,0x00,0x00,0x00,0x00,0x00,0xff,0xff,0x00,0x00,0xbc,0xd6,0xbb,0xce,0xba,0xce,0xff,0xff,0xff,0xff,0xff,0xcf,0xff,0xff,0xbb,0xce,0x9a,0xc6,0x00,0x00,0xf7,0xbd,
    0x00,0x00,0x01,0x01,0x00,0x00,0x00,0x00,0x00,0x00,0x00,0x00,0x00,0x00,0x00,0x00,0x00,0x00,0x00,0x00,0x03,0x00,0x00,0x00,0x00,0x00,0x00,0x00,0x00,0x00,0x00,0x00,
    0x00,0x00,0x20,0x0b,0x00,0x01,0x04,0x02,0x01,0x00,0x00,0x00,0x01,0x02,0x01,0x00,0x03,0x00,0x6f,0xe1,0x73,0x00,0x00,0x00,0x00,0x01,0x02,0x02,0x00,0x00,0x00,0x00,
    0x02,0x02,0xa1,0xff,0xff,0xc4,0x71,0x31,0x0b,0x00,0x00,0x00,0x06,0x2b,0x03,0x02,0x04,0x00,0xc9,0xfe,0xf9,0xff,0xff,0xff,0xe4,0xc6,0xb5,0xbc,0xdb,0xff,0xa4,0x00,
    0x00,0x42,0xf2,0xfe,0xfe,0xfc,0xfb,0xff,0xff,0xff,0xff,0xff,0xff,0xfe,0xff,0x6a,0x81,0xf7,0xfe,0xfd,0xff,0xff,0xff,0xff,0xfd,0xfc,0xfc,0xfc,0xfd,0xfe,0xff,0xff,
    0xfe,0xff,0xff,0xff,0xfc,0xff,0xff,0xff,0xff,0xff,0xff,0xff,0xff,0xff,0xfc,0xf9,0x63,0xcd,0xcd,0xee,0xff,0xfd,0xff,0xff,0xff,0xff,0xff,0xff,0xfe,0xff,0xf1,0xfe,
    0x00,0x00,0x00,0x19,0xa2,0xff,0xfd,0xff,0xff,0xff,0xff,0xff,0xfd,0xff,0xdc,0x8a,0x02,0x00,0x01,0x00,0x00,0xd0,0xff,0xfc,0xfc,0xfc,0xfc,0xfc,0xfb,0xff,0xb1,0x00,
    0x00,0x00,0x00,0x06,0x00,0x6b,0xff,0xfd,0xff,0xff,0xff,0xff,0xfc,0xfe,0x7a,0x03,0x00,0x00,0x00,0x03,0x01,0x35,0xfe,0xf3,0xc5,0xc5,0xc5,0xc6,0xf7,0xff,0x39,0x00,
    0x00,0x00,0x00,0x02,0x00,0x18,0xff,0x84,0x00,0x00,0x00,0x00,0xd7,0xe4,0x05,0x01,0x00,0x00,0x00,0x01,0x00,0x12,0xcb,0x1a,0x02,0x03,0x05,0x02,0x9c,0x7c,0x00,0x04,

};

const lv_image_dsc_t emoji_cow_16 = {
  .header.magic = LV_IMAGE_HEADER_MAGIC,
  .header.cf = LV_COLOR_FORMAT_RGB565A8,
  .header.flags = 0,
  .header.w = 16,
  .header.h = 16,
  .header.stride = 32,
  .data_size = sizeof(emoji_cow_16_map),
  .data = emoji_cow_16_map,
};




#ifndef LV_ATTRIBUTE_MEM_ALIGN
#define LV_ATTRIBUTE_MEM_ALIGN
#endif

#ifndef LV_ATTRIBUTE_EMOJI_ALIEN_16
#define LV_ATTRIBUTE_EMOJI_ALIEN_16
#endif

static const
LV_ATTRIBUTE_MEM_ALIGN LV_ATTRIBUTE_LARGE_CONST LV_ATTRIBUTE_EMOJI_ALIEN_16
uint8_t emoji_alien_16_map[] = {

    0x00,0x00,0x00,0x00,0xff,0xff,0x00,0x00,0xbb,0xce,0xdc,0xd6,0xdc,0xce,0xbb,0xce,0xbb,0xce,0xdc,0xce,0xdc,0xd6,0xbb,0xce,0x00,0x00,0xff,0xff,0x00,0x00,0x00,0x00,
    0xff,0xff,0xef,0x7b,0xff,0xff,0xbb,0xce,0xfc,0xd6,0x1d,0xd7,0xdc,0xce,0xbb,0xce,0xbb,0xce,0xdc,0xce,0x1d,0xd7,0xfc,0xd6,0xbb,0xce,0xff,0xff,0xef,0x7b,0xff,0xff,
    0x55,0xad,0x00,0x00,0xbb,0xce,0x5e,0xdf,0xbb,0xce,0xbb,0xce,0xbb,0xce,0xbb,0xce,0xbb,0xce,0xbb,0xce,0xbb,0xce,0xbb,0xce,0x5e,0xdf,0xbb,0xce,0x00,0x00,0x55,0xad,
    0x00,0x00,0x9b,0xce,0x5e,0xdf,0xdb,0xce,0x9b,0xce,0xbb,0xce,0xbb,0xce,0xbb,0xce,0xbb,0xce,0xbb,0xce,0xbb,0xce,0x9b,0xce,0xdb,0xce,0x5e,0xdf,0x9b,0xce,0x00,0x00,
    0x59,0xb6,0xbb,0xce,0xdc,0xd6,0x7a,0xc6,0x1d,0xd7,0xdb,0xce,0xbb,0xce,0xbb,0xce,0xbb,0xce,0xbb,0xce,0xdb,0xce,0x1d,0xd7,0x7a,0xc6,0xdc,0xd6,0xbb,0xce,0x59,0xb6,
    0xdc,0xd6,0xbb,0xce,0x8a,0x4a,0xe8,0x31,0xcf,0x73,0x9a,0xc6,0xdc,0xd6,0xbb,0xce,0xbb,0xce,0xdc,0xd6,0x9a,0xc6,0xcf,0x73,0xe8,0x31,0x8a,0x4a,0xbb,0xce,0xdc,0xd6,
    0x1c,0xd7,0x7a,0xc6,0x45,0x21,0x45,0x21,0x04,0x19,0x49,0x42,0x59,0xbe,0xdc,0xce,0xdc,0xce,0x59,0xbe,0x49,0x42,0x04,0x19,0x45,0x21,0x45,0x21,0x7a,0xc6,0x1c,0xd7,
    0x9b,0xce,0x5d,0xdf,0xcb,0x52,0x25,0x19,0xa7,0x31,0x04,0x19,0xab,0x4a,0xdb,0xce,0xdb,0xce,0xab,0x4a,0x04,0x19,0xa7,0x31,0x25,0x19,0xcb,0x52,0x5d,0xdf,0x9b,0xce,
    0x9b,0xce,0x3d,0xdf,0xf8,0xb5,0x86,0x29,0x45,0x21,0xa7,0x31,0x25,0x19,0x35,0x9d,0x35,0x9d,0x25,0x19,0xa7,0x31,0x45,0x21,0x86,0x29,0xf8,0xb5,0x3d,0xdf,0x9b,0xce,
    0x9b,0xce,0xbb,0xce,0xfc,0xd6,0x97,0xad,0xe8,0x31,0x25,0x19,0xa3,0x10,0x10,0x7c,0x10,0x7c,0xa3,0x10,0x25,0x19,0xe8,0x31,0x97,0xad,0xfc,0xd6,0xbb,0xce,0x9b,0xce,
    0x00,0x00,0xbb,0xce,0x1d,0xd7,0xfc,0xd6,0x5a,0xc6,0x10,0x7c,0xec,0x5a,0xb7,0xad,0xb7,0xad,0xec,0x5a,0x10,0x7c,0x5a,0xc6,0xfc,0xd6,0x1d,0xd7,0xbb,0xce,0x00,0x00,
    0xff,0xff,0xbb,0xce,0xfc,0xd6,0xdb,0xce,0xdb,0xce,0x1d,0xd7,0x7e,0xe7,0x3d,0xdf,0x3d,0xdf,0x7e,0xe7,0x1d,0xd7,0xdb,0xce,0xdb,0xce,0xfc,0xd6,0xbb,0xce,0xff,0xff,
    0x55,0xad,0x00,0x00,0x9b,0xce,0xfc,0xd6,0xbb,0xce,0xbb,0xce,0x51,0x84,0xf4,0x94,0xf4,0x94,0x51,0x84,0xbb,0xce,0xbb,0xce,0xfc,0xd6,0x9b,0xce,0x00,0x00,0x55,0xad,
    0x00,0x00,0xf7,0xbd,0x00,0x00,0x9b,0xce,0xfc,0xd6,0x3d,0xdf,0x93,0x8c,0x8a,0x4a,0x8a,0x4a,0x93,0x8c,0x3d,0xdf,0xfc,0xd6,0x9b,0xce,0x00,0x00,0xf7,0xbd,0x00,0x00,
    0x00,0x00,0x00,0x00,0xff,0xff,0x00,0x00,0x9b,0xc6,0xdc,0xd6,0x7e,0xe7,0xfc,0xd6,0xfc,0xd6,0x7e,0xe7,0xdc,0xd6,0x9b,0xc6,0x00,0x00,0xff,0xff,0x00,0x00,0x00,0x00,
    0x00,0x00,0x00,0x00,0x00,0x00,0xf7,0xbd,0x00,0x00,0x79,0xbe,0xbb,0xce,0xdb,0xce,0xdb,0xce,0xbb,0xce,0x79,0xbe,0x00,0x00,0xf7,0xbd,0x00,0x00,0x00,0x00,0x00,0x00,
    0x00,0x01,0x01,0x00,0x3a,0xa5,0xe5,0xfe,0xfe,0xe5,0xa5,0x3a,0x00,0x01,0x01,0x00,0x01,0x02,0x01,0x88,0xfa,0xff,0xff,0xff,0xff,0xff,0xff,0xfa,0x88,0x01,0x02,0x01,
    0x03,0x00,0xa3,0xff,0xfe,0xfc,0xfe,0xff,0xff,0xfe,0xfc,0xfe,0xff,0xa3,0x00,0x03,0x00,0x67,0xff,0xf9,0xfe,0xff,0xff,0xff,0xff,0xff,0xff,0xfe,0xf9,0xff,0x67,0x00,
    0x0e,0xe4,0xfd,0xfd,0xff,0xff,0xff,0xff,0xff,0xff,0xff,0xff,0xfd,0xfd,0xe4,0x0e,0x55,0xff,0xfd,0xff,0xff,0xff,0xff,0xff,0xff,0xff,0xff,0xff,0xff,0xfd,0xff,0x55,
    0x8c,0xfe,0xfc,0xff,0xff,0xff,0xff,0xff,0xff,0xff,0xff,0xff,0xff,0xfc,0xfe,0x8c,0x9b,0xff,0xfc,0xff,0xff,0xff,0xff,0xff,0xff,0xff,0xff,0xff,0xff,0xfc,0xff,0x9b,
    0x87,0xff,0xfc,0xff,0xff,0xff,0xff,0xff,0xff,0xff,0xff,0xff,0xff,0xfc,0xff,0x87,0x3b,0xff,0xfd,0xff,0xff,0xff,0xff,0xff,0xff,0xff,0xff,0xff,0xff,0xfd,0xff,0x3b,
    0x00,0xb5,0xff,0xfb,0xff,0xff,0xff,0xff,0xff,0xff,0xff,0xff,0xfb,0xff,0xb5,0x00,0x01,0x24,0xf3,0xfe,0xfd,0xff,0xff,0xff,0xff,0xff,0xff,0xfd,0xfe,0xf3,0x24,0x01,
    0x03,0x00,0x4f,0xfe,0xfe,0xfc,0xff,0xff,0xff,0xff,0xfc,0xfe,0xfe,0x4f,0x00,0x03,0x00,0x04,0x00,0x55,0xfa,0xff,0xfc,0xff,0xff,0xfc,0xff,0xfa,0x55,0x00,0x04,0x00,
    0x00,0x00,0x03,0x00,0x3b,0xd5,0xff,0xff,0xff,0xff,0xd5,0x3b,0x00,0x03,0x00,0x00,0x00,0x00,0x00,0x04,0x00,0x10,0x8e,0xf1,0xf1,0x8e,0x10,0x00,0x04,0x00,0x00,0x00,

};

const lv_image_dsc_t emoji_alien_16 = {
  .header.magic = LV_IMAGE_HEADER_MAGIC,
  .header.cf = LV_COLOR_FORMAT_RGB565A8,
  .header.flags = 0,
  .header.w = 16,
  .header.h = 16,
  .header.stride = 32,
  .data_size = sizeof(emoji_alien_16_map),
  .data = emoji_alien_16_map,
};




#ifndef LV_ATTRIBUTE_MEM_ALIGN
#define LV_ATTRIBUTE_MEM_ALIGN
#endif

#ifndef LV_ATTRIBUTE_EMOJI_INVADER_16
#define LV_ATTRIBUTE_EMOJI_INVADER_16
#endif

static const
LV_ATTRIBUTE_MEM_ALIGN LV_ATTRIBUTE_LARGE_CONST LV_ATTRIBUTE_EMOJI_INVADER_16
uint8_t emoji_invader_16_map[] = {

    0xb5,0x52,0x00,0x00,0x00,0x00,0x00,0x00,0x0f,0x78,0xb2,0x59,0xb1,0x51,0xef,0x39,0xef,0x39,0xb1,0x51,0xb2,0x59,0x0f,0x78,0x00,0x00,0x00,0x00,0x00,0x00,0xb5,0x52,
    0x00,0x00,0x00,0x00,0x00,0x00,0x8c,0x61,0x00,0x00,0xd0,0x51,0xd0,0x51,0x00,0x00,0x00,0x00,0xd0,0x51,0xd0,0x51,0x00,0x00,0x8c,0x61,0x00,0x00,0x00,0x00,0x00,0x00,
    0xb0,0x51,0x0f,0x78,0xef,0x7b,0x00,0x00,0xd0,0x49,0xd1,0x59,0xd0,0x51,0xd0,0x51,0xd0,0x51,0xd0,0x51,0xd1,0x59,0xd0,0x49,0x00,0x00,0xef,0x7b,0x0f,0x78,0xb0,0x51,
    0xd0,0x51,0xce,0x51,0x00,0x00,0x8f,0x51,0xd1,0x59,0xf2,0x59,0xd0,0x51,0xf1,0x59,0xf1,0x59,0xd0,0x51,0xf2,0x59,0xd1,0x59,0x8f,0x51,0x00,0x00,0xce,0x51,0xd0,0x51,
    0xd0,0x51,0x8c,0x31,0xb0,0x51,0xd1,0x59,0xf1,0x59,0xd0,0x51,0xf1,0x59,0xd0,0x51,0xd0,0x51,0xf1,0x59,0xd0,0x51,0xf1,0x59,0xd1,0x59,0xb0,0x51,0x8c,0x31,0xd0,0x51,
    0xd0,0x51,0xb5,0x52,0xd0,0x51,0xf2,0x59,0xd0,0x51,0xd0,0x51,0xd0,0x51,0xd0,0x51,0xd0,0x51,0xd0,0x51,0xd0,0x51,0xd0,0x51,0xf2,0x59,0xd0,0x51,0xb5,0x52,0xd0,0x51,
    0xd0,0x51,0x00,0x00,0xd0,0x51,0xf1,0x59,0xf1,0x59,0xd0,0x51,0x00,0x00,0xd0,0x51,0xd0,0x51,0x00,0x00,0xd0,0x51,0xf1,0x59,0xf1,0x59,0xd0,0x51,0x00,0x00,0xd0,0x51,
    0xd0,0x51,0xd0,0x51,0xd0,0x51,0xd1,0x51,0xf1,0x59,0xd0,0x51,0x93,0x61,0xd0,0x51,0xd0,0x51,0x93,0x61,0xd0,0x51,0xf1,0x59,0xd1,0x51,0xd0,0x51,0xd0,0x51,0xd0,0x51,
    0xaf,0x52,0xd0,0x51,0xd0,0x51,0xd1,0x51,0xf1,0x59,0xd0,0x51,0x00,0x00,0xd0,0x51,0xd0,0x51,0x00,0x00,0xd0,0x51,0xf1,0x59,0xd1,0x51,0xd0,0x51,0xd0,0x51,0xaf,0x52,
    0xef,0x39,0x00,0x00,0xb0,0x51,0xf1,0x59,0xd1,0x51,0xd0,0x51,0xd0,0x51,0xd0,0x51,0xd0,0x51,0xd0,0x51,0xd0,0x51,0xd1,0x51,0xf1,0x59,0xb0,0x51,0x00,0x00,0xef,0x39,
    0x8c,0x31,0xef,0x39,0xd0,0x51,0x13,0x62,0xd1,0x51,0xd1,0x59,0xf2,0x59,0xf2,0x59,0xf2,0x59,0xf2,0x59,0xd1,0x59,0xd1,0x51,0x13,0x62,0xd0,0x51,0xef,0x39,0x8c,0x31,
    0xef,0x7b,0x00,0x00,0xd0,0x51,0xf1,0x59,0xd0,0x51,0xf1,0x59,0xd0,0x51,0xd0,0x51,0xd0,0x51,0xd0,0x51,0xf1,0x59,0xd0,0x51,0xf1,0x59,0xd0,0x51,0x00,0x00,0xef,0x7b,
    0x00,0x00,0x00,0x00,0x00,0x00,0x00,0x00,0xd0,0x51,0x34,0x62,0xd0,0x51,0x00,0x00,0x00,0x00,0xd0,0x51,0x34,0x62,0xd0,0x51,0x00,0x00,0x00,0x00,0x00,0x00,0x00,0x00,
    0x00,0x00,0x00,0x00,0xd1,0x51,0xf2,0x61,0xd0,0x51,0x12,0x62,0xd0,0x51,0xef,0x39,0xef,0x39,0xd0,0x51,0x12,0x62,0xd0,0x51,0xf2,0x61,0xd1,0x51,0x00,0x00,0x00,0x00,
    0xef,0x39,0x00,0x00,0xd1,0x51,0x34,0x6a,0xd0,0x51,0x00,0x00,0x00,0x00,0x00,0x00,0x00,0x00,0x00,0x00,0x00,0x00,0xd0,0x51,0x34,0x6a,0xd1,0x51,0x00,0x00,0xef,0x39,
    0xef,0x7b,0x00,0x00,0xd0,0x51,0x12,0x62,0xd0,0x51,0xef,0x7b,0xef,0x39,0x00,0x00,0x00,0x00,0xef,0x39,0xef,0x7b,0xd0,0x51,0x12,0x62,0xd0,0x51,0x00,0x00,0xef,0x7b,
    0x03,0x00,0x00,0x00,0x02,0x0e,0x1c,0x04,0x04,0x1c,0x0e,0x02,0x00,0x00,0x00,0x03,0x00,0x00,0x00,0x05,0x00,0x3f,0xaa,0x00,0x00,0xaa,0x3f,0x00,0x05,0x00,0x00,0x00,
    0x49,0x02,0x02,0x00,0x27,0x89,0xcc,0x56,0x56,0xcc,0x89,0x27,0x00,0x02,0x02,0x49,0xe5,0x09,0x00,0x28,0xc9,0xff,0xfe,0xff,0xff,0xfe,0xff,0xc9,0x28,0x00,0x09,0xe5,
    0xd7,0x05,0x2f,0xc9,0xff,0xff,0xff,0xfd,0xfd,0xff,0xff,0xff,0xc9,0x2f,0x05,0xd7,0xd9,0x03,0x5d,0xff,0xfa,0xd8,0xc4,0xf9,0xf9,0xc4,0xd8,0xfa,0xff,0x5d,0x03,0xd9,
    0xe9,0x00,0x43,0xfd,0xff,0x4e,0x00,0xe6,0xe6,0x00,0x4e,0xff,0xfd,0x43,0x00,0xe9,0x8e,0x81,0xac,0xfd,0xff,0x58,0x05,0xe8,0xe8,0x05,0x58,0xff,0xfd,0xac,0x81,0x8e,
    0x06,0x81,0xae,0xfd,0xff,0x49,0x00,0xe6,0xe6,0x00,0x49,0xff,0xfd,0xae,0x81,0x06,0x04,0x00,0x45,0xfb,0xfa,0xc6,0xa8,0xf3,0xf3,0xa8,0xc6,0xfa,0xfb,0x45,0x00,0x04,
    0x05,0x04,0x5f,0xff,0xff,0xff,0xff,0xff,0xff,0xff,0xff,0xff,0xff,0x5f,0x04,0x05,0x02,0x00,0x32,0x91,0xc9,0xfa,0xd2,0x8d,0x8d,0xd2,0xfa,0xc9,0x91,0x32,0x00,0x02,
    0x00,0x00,0x00,0x00,0x83,0xff,0xa8,0x00,0x00,0xa8,0xff,0x83,0x00,0x00,0x00,0x00,0x01,0x00,0x16,0x3c,0x84,0xc5,0x82,0x04,0x04,0x82,0xc5,0x84,0x3c,0x16,0x00,0x01,
    0x04,0x00,0x58,0xff,0x73,0x00,0x00,0x00,0x00,0x00,0x00,0x73,0xff,0x58,0x00,0x04,0x02,0x00,0x30,0x96,0x42,0x02,0x04,0x00,0x00,0x04,0x02,0x42,0x96,0x30,0x00,0x02,

};

const lv_image_dsc_t emoji_invader_16 = {
  .header.magic = LV_IMAGE_HEADER_MAGIC,
  .header.cf = LV_COLOR_FORMAT_RGB565A8,
  .header.flags = 0,
  .header.w = 16,
  .header.h = 16,
  .header.stride = 32,
  .data_size = sizeof(emoji_invader_16_map),
  .data = emoji_invader_16_map,
};




#ifndef LV_ATTRIBUTE_MEM_ALIGN
#define LV_ATTRIBUTE_MEM_ALIGN
#endif

#ifndef LV_ATTRIBUTE_EMOJI_DAGGER_16
#define LV_ATTRIBUTE_EMOJI_DAGGER_16
#endif

static const
LV_ATTRIBUTE_MEM_ALIGN LV_ATTRIBUTE_LARGE_CONST LV_ATTRIBUTE_EMOJI_DAGGER_16
uint8_t emoji_dagger_16_map[] = {

    0x00,0x00,0x00,0x00,0x00,0x00,0x00,0x00,0x00,0x00,0x00,0x00,0x00,0x00,0x00,0x00,0x00,0x00,0x00,0x00,0x00,0xf8,0x00,0x00,0x00,0x00,0x46,0x8a,0x26,0x8a,0x26,0x8a,
    0x00,0x00,0x00,0x00,0x00,0x00,0x00,0x00,0x00,0x00,0x00,0x00,0xef,0xff,0xef,0xff,0xe0,0xff,0xe0,0xff,0xe7,0x79,0x03,0xfe,0xa6,0xc3,0x26,0x8a,0x66,0x92,0x26,0x8a,
    0x00,0x00,0x00,0x00,0x00,0x00,0x00,0x00,0x00,0x00,0x00,0x00,0x00,0x00,0x00,0x00,0x00,0x00,0xea,0xd3,0x00,0x00,0x4c,0xed,0x08,0xfe,0x65,0xb3,0xe6,0x81,0x26,0x8a,
    0x00,0x00,0x00,0x00,0x00,0x00,0x00,0x00,0xef,0xfb,0x00,0x00,0x87,0xfd,0x07,0xfe,0x06,0xf5,0x00,0x00,0xcb,0xcb,0xac,0xc3,0x0b,0xd4,0x86,0xfd,0xa6,0xc3,0xe6,0x81,
    0x00,0x00,0x00,0x00,0x00,0x00,0x00,0xf8,0xe0,0xff,0x00,0xf8,0xc8,0xfd,0x6a,0xff,0x66,0xfd,0xad,0xa2,0x8e,0xd4,0x8e,0xd4,0x2e,0xd4,0x6a,0xdc,0xc5,0xfd,0x00,0x00,
    0x00,0x00,0x00,0x00,0x00,0x00,0x00,0x00,0xe0,0xff,0xf7,0xfd,0x43,0xfd,0xa6,0xfd,0x85,0xfd,0x49,0xdc,0xac,0xc3,0x0c,0xd4,0x4d,0xd4,0x7f,0x9e,0x00,0x00,0xaa,0xaa,
    0x00,0x00,0x00,0x00,0x00,0x00,0x00,0x00,0xf7,0xbd,0x00,0x00,0xff,0xc6,0xfd,0xce,0x2f,0xf6,0x64,0xfd,0x2c,0xed,0x4f,0xcc,0x00,0x78,0xe0,0x7b,0xe7,0xfb,0x00,0x00,
    0x00,0x00,0x00,0x00,0x00,0x00,0xf7,0xbd,0x00,0x00,0x9b,0xce,0xdc,0xd6,0x3d,0xdf,0x5b,0xbe,0x4c,0xdd,0xc6,0xfd,0x26,0xf5,0x00,0x00,0x00,0x00,0x00,0x00,0x00,0x00,
    0x00,0x00,0x00,0x00,0xf7,0xbd,0x00,0x00,0x9b,0xce,0xfc,0xd6,0xfc,0xd6,0x7a,0xc6,0x56,0x9d,0x57,0x95,0x6a,0xe5,0xc6,0xfd,0xe8,0xfd,0x05,0xfd,0x00,0x00,0xe0,0xfb,
    0x00,0x00,0x55,0xad,0x00,0x00,0x9a,0xc6,0xfc,0xd6,0xdc,0xd6,0x7a,0xc6,0x56,0x9d,0xb7,0xa5,0x57,0x9d,0xef,0xcb,0xe8,0xfd,0xc9,0xfe,0x25,0xfd,0x00,0x00,0x4a,0xfd,
    0xff,0xff,0xff,0xff,0x9c,0xce,0xdc,0xce,0xfc,0xd6,0x7a,0xc6,0x56,0x9d,0x97,0xa5,0x76,0x9d,0x74,0xa5,0x00,0x00,0x46,0xfd,0x46,0xfd,0x00,0x00,0x00,0xf8,0x00,0x00,
    0xff,0xff,0x00,0x00,0x9b,0xce,0x3d,0xdf,0x5a,0xc6,0x56,0x9d,0x97,0xa5,0x77,0x9d,0x35,0x95,0x00,0x00,0x4a,0xad,0x00,0x00,0x00,0x00,0x00,0x00,0x00,0x00,0x00,0x00,
    0x00,0x00,0x9b,0xce,0x3d,0xdf,0x7a,0xc6,0x56,0x9d,0xb8,0xa5,0x77,0x9d,0x35,0x95,0x00,0x00,0x55,0x55,0x00,0x00,0x4a,0xad,0x4a,0xfd,0x00,0x00,0x00,0x00,0x00,0x00,
    0x00,0x00,0xdb,0xce,0xdc,0xce,0x97,0xa5,0x97,0xa5,0x77,0x9d,0x94,0x94,0x00,0x00,0x55,0xad,0x00,0x00,0x00,0x00,0x00,0x00,0x00,0x00,0x00,0x00,0x00,0x00,0x00,0x00,
    0xfc,0xd6,0xbb,0xce,0x97,0xa5,0x76,0x9d,0x77,0x9d,0x00,0x00,0x00,0x00,0xef,0x7b,0x00,0x00,0x00,0x00,0x00,0x00,0x00,0x00,0x00,0x00,0x00,0x00,0x00,0x00,0x00,0x00,
    0x5a,0xbe,0xd8,0xad,0x36,0x95,0xef,0x7b,0x00,0x00,0xff,0xff,0xff,0xff,0x00,0x00,0x00,0x00,0x00,0x00,0x00,0x00,0x00,0x00,0x00,0x00,0x00,0x00,0x00,0x00,0x00,0x00,
    0x00,0x00,0x00,0x00,0x00,0x00,0x00,0x00,0x00,0x00,0x01,0x00,0x01,0x84,0x9d,0x27,0x00,0x00,0x00,0x00,0x00,0x00,0x02,0x02,0x01,0x01,0x04,0x1e,0xa8,0xff,0xff,0xd5,
    0x00,0x00,0x00,0x00,0x00,0x00,0x00,0x00,0x00,0x06,0x00,0x56,0xff,0xf7,0xfc,0xfc,0x00,0x00,0x00,0x00,0x02,0x00,0x70,0xb0,0x19,0x00,0x30,0xe1,0xf8,0xff,0xff,0x67,
    0x00,0x00,0x00,0x01,0x01,0x02,0xe3,0xff,0x79,0x29,0xeb,0xff,0xff,0xc4,0x72,0x00,0x00,0x00,0x00,0x00,0x01,0x04,0x30,0xaa,0xf5,0xee,0xff,0xff,0xb3,0x05,0x00,0x03,
    0x00,0x00,0x00,0x00,0x04,0x00,0x25,0xbf,0xff,0xfe,0xfb,0xa7,0x06,0x02,0x04,0x00,0x00,0x00,0x00,0x04,0x00,0x56,0xf6,0xff,0xfd,0xfb,0xff,0x66,0x00,0x00,0x00,0x00,
    0x00,0x00,0x04,0x00,0x62,0xff,0xff,0xfc,0xfe,0xff,0xcd,0xff,0xc0,0x1b,0x00,0x02,0x00,0x03,0x00,0x4e,0xff,0xfc,0xfd,0xfb,0xff,0xab,0x0a,0xed,0xff,0x36,0x00,0x03,
    0x02,0x01,0x23,0xf0,0xfe,0xfd,0xfb,0xff,0xd7,0x13,0x00,0x39,0x4b,0x00,0x01,0x00,0x02,0x00,0xbd,0xff,0xfc,0xfb,0xff,0xe1,0x23,0x00,0x03,0x00,0x00,0x00,0x00,0x00,
    0x00,0x51,0xff,0xf9,0xfc,0xff,0xd0,0x22,0x00,0x03,0x00,0x03,0x03,0x00,0x00,0x00,0x01,0xc6,0xfd,0xff,0xff,0x9f,0x0e,0x00,0x03,0x00,0x00,0x00,0x00,0x00,0x00,0x00,
    0x41,0xff,0xff,0xc7,0x4d,0x00,0x00,0x02,0x00,0x00,0x00,0x00,0x00,0x00,0x00,0x00,0x90,0xbc,0x51,0x02,0x00,0x02,0x01,0x00,0x00,0x00,0x00,0x00,0x00,0x00,0x00,0x00,

};

const lv_image_dsc_t emoji_dagger_16 = {
  .header.magic = LV_IMAGE_HEADER_MAGIC,
  .header.cf = LV_COLOR_FORMAT_RGB565A8,
  .header.flags = 0,
  .header.w = 16,
  .header.h = 16,
  .header.stride = 32,
  .data_size = sizeof(emoji_dagger_16_map),
  .data = emoji_dagger_16_map,
};




#ifndef LV_ATTRIBUTE_MEM_ALIGN
#define LV_ATTRIBUTE_MEM_ALIGN
#endif

#ifndef LV_ATTRIBUTE_EMOJI_MOUNTAIN_16
#define LV_ATTRIBUTE_EMOJI_MOUNTAIN_16
#endif

static const
LV_ATTRIBUTE_MEM_ALIGN LV_ATTRIBUTE_LARGE_CONST LV_ATTRIBUTE_EMOJI_MOUNTAIN_16
uint8_t emoji_mountain_16_map[] = {

    0x00,0x00,0x00,0x00,0x00,0x00,0x00,0x00,0x00,0x00,0x00,0x00,0xef,0x7b,0x00,0x00,0x00,0x00,0x00,0x00,0x00,0x00,0x00,0x00,0x00,0x00,0x00,0x00,0x00,0x00,0x00,0x00,
    0x00,0x00,0x00,0x00,0x00,0x00,0x00,0x00,0x00,0x00,0xe7,0x39,0x00,0x00,0x6b,0x42,0xc8,0x31,0x00,0x00,0xe7,0x39,0x00,0x00,0x00,0x00,0x00,0x00,0x00,0x00,0x00,0x00,
    0x00,0x00,0x00,0x00,0x00,0x00,0x00,0x00,0xaa,0x52,0x00,0x00,0x8b,0x4a,0xcc,0x52,0x09,0x3a,0x25,0x21,0x00,0x00,0xe7,0x39,0x00,0x00,0x00,0x00,0x00,0x00,0x00,0x00,
    0x00,0x00,0x00,0x00,0x00,0x00,0xef,0x7b,0x00,0x00,0xab,0x4a,0xab,0x4a,0xcc,0x4a,0x4a,0x42,0x86,0x29,0x66,0x21,0x00,0x00,0xe7,0x39,0x00,0x00,0x00,0x00,0x00,0x00,
    0x00,0x00,0x00,0x00,0x00,0x00,0x0f,0x00,0xaa,0x52,0x8b,0x4a,0xcc,0x4a,0xab,0x4a,0x8b,0x42,0x86,0x29,0x86,0x29,0x65,0x29,0x00,0x00,0x00,0x00,0x00,0x00,0x00,0x00,
    0x00,0x00,0x00,0x00,0xe7,0x39,0x00,0x00,0x6a,0x42,0xcc,0x4a,0x8b,0x4a,0xab,0x4a,0x29,0x3a,0xe8,0x31,0x66,0x29,0x86,0x29,0x66,0x29,0x00,0x00,0xaa,0x52,0x00,0x00,
    0x00,0x00,0xe7,0x01,0x00,0x00,0xe3,0x10,0x29,0x3a,0xac,0x4a,0xab,0x4a,0x29,0x3a,0x49,0x42,0xac,0x4a,0xa7,0x29,0x86,0x29,0x66,0x29,0x00,0x00,0xaa,0x52,0x00,0x00,
    0x00,0x00,0x00,0x00,0x65,0x19,0x66,0x29,0x6a,0x42,0xcc,0x4a,0x6a,0x42,0x08,0x3a,0xab,0x4a,0xac,0x4a,0x09,0x3a,0x65,0x21,0x66,0x29,0x46,0x29,0x00,0x00,0x00,0x00,
    0x00,0x00,0x86,0x29,0x66,0x29,0xa7,0x29,0x8b,0x4a,0xac,0x4a,0xe8,0x39,0x6a,0x42,0xab,0x4a,0xab,0x4a,0xc8,0x31,0x86,0x29,0x86,0x29,0x86,0x29,0x00,0x00,0x45,0x29,
    0x00,0x00,0x86,0x29,0x86,0x29,0x08,0x3a,0xac,0x4a,0x8b,0x4a,0xc7,0x31,0x8b,0x4a,0xac,0x4a,0x6a,0x42,0xe8,0x31,0x29,0x3a,0x66,0x29,0x86,0x29,0x65,0x29,0x00,0x00,
    0xaa,0x52,0x66,0x29,0xa7,0x29,0x8b,0x4a,0xac,0x4a,0x4a,0x42,0xa7,0x29,0xab,0x4a,0xac,0x4a,0x09,0x3a,0x08,0x3a,0x8b,0x4a,0x66,0x29,0x86,0x29,0x66,0x29,0x66,0x29,
    0x87,0x29,0x65,0x21,0x29,0x3a,0xab,0x4a,0xac,0x4a,0xe8,0x31,0xa7,0x31,0xab,0x4a,0xac,0x4a,0xc8,0x31,0x29,0x3a,0xcc,0x4a,0xa7,0x31,0x66,0x21,0x86,0x29,0x66,0x29,
    0x65,0x21,0xa7,0x31,0xab,0x4a,0xab,0x4a,0x8b,0x4a,0x86,0x29,0xe8,0x31,0xab,0x4a,0xab,0x4a,0x29,0x3a,0xa7,0x29,0xcc,0x52,0xe8,0x31,0x66,0x21,0x86,0x29,0x86,0x29,
    0x25,0x21,0x2a,0x42,0x8c,0x4a,0x8c,0x4a,0xc8,0x31,0x25,0x21,0xe9,0x39,0x8c,0x4a,0x6b,0x4a,0xab,0x4a,0xc6,0x29,0xe9,0x39,0x67,0x29,0x26,0x21,0x46,0x21,0x46,0x21,
    0xe7,0x31,0xe9,0x53,0xe9,0x53,0x49,0x53,0x07,0x43,0x87,0x4b,0xa8,0x53,0x6a,0x53,0x89,0x53,0x48,0x5c,0x67,0x5c,0x67,0x4b,0xa7,0x3a,0xe7,0x42,0x67,0x4b,0x86,0x3a,
    0xe7,0x53,0xa7,0x5c,0x87,0x5c,0xa7,0x5c,0xa8,0x64,0xa8,0x5c,0xa7,0x5c,0xa7,0x5c,0xa7,0x5c,0x87,0x5c,0x87,0x5c,0xa8,0x5c,0xa8,0x64,0xa8,0x64,0xc8,0x64,0x47,0x5c,
    0x00,0x00,0x00,0x00,0x00,0x00,0x02,0x00,0x00,0x02,0x00,0x00,0x00,0x00,0x00,0x00,0x00,0x00,0x00,0x00,0x00,0x04,0x00,0x7f,0x7d,0x00,0x04,0x00,0x00,0x00,0x00,0x00,
    0x00,0x00,0x00,0x00,0x03,0x00,0x51,0xff,0xff,0x4b,0x00,0x04,0x00,0x00,0x00,0x00,0x00,0x00,0x00,0x02,0x00,0x2f,0xf3,0xfc,0xfd,0xef,0x27,0x00,0x04,0x00,0x00,0x00,
    0x00,0x00,0x01,0x02,0x06,0xd5,0xff,0xfc,0xfd,0xff,0xde,0x2b,0x00,0x02,0x00,0x00,0x00,0x00,0x04,0x00,0x40,0xff,0xfc,0xff,0xff,0xfd,0xff,0xec,0x37,0x01,0x03,0x00,
    0x00,0x04,0x00,0x18,0xdf,0xfd,0xfd,0xff,0xff,0xff,0xfa,0xff,0xb9,0x00,0x03,0x00,0x01,0x00,0x11,0xbe,0xff,0xfc,0xff,0xff,0xff,0xff,0xfe,0xfd,0xf5,0x1d,0x01,0x02,
    0x01,0x25,0xd5,0xff,0xfc,0xff,0xff,0xff,0xff,0xff,0xff,0xfb,0xff,0x6a,0x00,0x06,0x00,0x9f,0xff,0xf9,0xff,0xff,0xff,0xff,0xff,0xff,0xff,0xfd,0xfe,0xcd,0x11,0x00,
    0x03,0xd2,0xfd,0xfd,0xff,0xff,0xff,0xff,0xff,0xff,0xff,0xff,0xfd,0xff,0xda,0x22,0x23,0xf6,0xff,0xfe,0xff,0xff,0xff,0xff,0xff,0xff,0xff,0xff,0xff,0xfb,0xff,0x85,
    0x55,0xff,0xfe,0xff,0xff,0xff,0xff,0xff,0xff,0xff,0xff,0xff,0xff,0xfc,0xfd,0xaa,0x8d,0xff,0xfc,0xff,0xff,0xff,0xff,0xff,0xff,0xff,0xff,0xff,0xff,0xfd,0xff,0xc7,
    0xc5,0xff,0xfd,0xff,0xff,0xff,0xff,0xff,0xff,0xff,0xff,0xff,0xff,0xfe,0xff,0xe5,0xf0,0xff,0xfe,0xff,0xff,0xff,0xff,0xff,0xff,0xff,0xff,0xff,0xff,0xff,0xff,0xfa,

};

const lv_image_dsc_t emoji_mountain_16 = {
  .header.magic = LV_IMAGE_HEADER_MAGIC,
  .header.cf = LV_COLOR_FORMAT_RGB565A8,
  .header.flags = 0,
  .header.w = 16,
  .header.h = 16,
  .header.stride = 32,
  .data_size = sizeof(emoji_mountain_16_map),
  .data = emoji_mountain_16_map,
};




#ifndef LV_ATTRIBUTE_MEM_ALIGN
#define LV_ATTRIBUTE_MEM_ALIGN
#endif

#ifndef LV_ATTRIBUTE_EMOJI_END_ARROW_16
#define LV_ATTRIBUTE_EMOJI_END_ARROW_16
#endif

static const
LV_ATTRIBUTE_MEM_ALIGN LV_ATTRIBUTE_LARGE_CONST LV_ATTRIBUTE_EMOJI_END_ARROW_16
uint8_t emoji_end_arrow_16_map[] = {

    0xaa,0x52,0x00,0x00,0x00,0x00,0xa7,0x31,0xc8,0x31,0xa7,0x31,0x00,0x00,0x00,0x00,0x00,0x00,0x00,0x00,0x00,0x00,0x00,0x00,0x00,0x00,0x00,0x00,0x00,0x00,0x00,0x00,
    0x00,0x00,0x86,0x31,0xa7,0x31,0xc7,0x31,0xc8,0x31,0xa7,0x31,0xa7,0x31,0xa7,0x31,0xa7,0x31,0xa7,0x31,0xa7,0x31,0xa7,0x31,0xa7,0x31,0xa7,0x31,0xc7,0x31,0xa7,0x31,
    0xc7,0x31,0xc7,0x31,0xc8,0x31,0xc7,0x31,0xa7,0x31,0xc7,0x31,0xc8,0x31,0xc8,0x31,0xc8,0x31,0xc8,0x31,0xc8,0x31,0xc8,0x31,0xc8,0x31,0xc8,0x31,0xc8,0x31,0xc8,0x31,
    0xa7,0x31,0xe8,0x31,0xa7,0x31,0xa7,0x31,0xa7,0x31,0xa7,0x31,0xa7,0x31,0xa7,0x31,0xa7,0x31,0xa7,0x31,0xa7,0x31,0xa7,0x31,0xa7,0x31,0xa7,0x31,0xa7,0x31,0xa7,0x31,
    0xa7,0x29,0xa7,0x31,0xc8,0x31,0xa7,0x31,0xa7,0x31,0xc7,0x31,0xc8,0x31,0xc8,0x31,0xc8,0x31,0xc8,0x31,0xc8,0x31,0xc8,0x31,0xc8,0x31,0xc8,0x31,0xc7,0x31,0xc8,0x31,
    0x00,0x00,0x00,0x00,0xa7,0x31,0xc7,0x31,0xc8,0x31,0xa7,0x31,0xa7,0x31,0xa7,0x31,0xa7,0x31,0xa7,0x31,0xa7,0x31,0xa7,0x31,0xa7,0x31,0xa7,0x31,0xa7,0x31,0xa7,0x31,
    0x0f,0x00,0x00,0x00,0x00,0x00,0xc7,0x31,0xc8,0x31,0xa7,0x31,0x00,0x00,0x00,0x00,0x00,0x00,0x00,0x00,0x00,0x00,0x00,0x00,0x00,0x00,0x00,0x00,0x00,0x00,0x00,0x00,
    0xe7,0x39,0xe7,0x39,0x49,0x4a,0x00,0x00,0xe3,0x18,0xa6,0x29,0x00,0x00,0x00,0x00,0xaa,0x52,0xaa,0x52,0x00,0x00,0xe7,0x39,0xe7,0x39,0xe7,0x39,0xaa,0x52,0xef,0x03,
    0x00,0x00,0x00,0x00,0x00,0x00,0x00,0x00,0x00,0x00,0x00,0x00,0x00,0x00,0x00,0x00,0x00,0x00,0x00,0x00,0x00,0x00,0x00,0x00,0x00,0x00,0x00,0x00,0x00,0x00,0x00,0x00,
    0xa7,0x31,0xa7,0x31,0xc8,0x31,0xa7,0x31,0xa7,0x31,0xa7,0x31,0x00,0x00,0x00,0x00,0xa7,0x31,0xa7,0x31,0xa7,0x29,0xc7,0x31,0xa7,0x31,0xc8,0x31,0xa7,0x29,0x00,0x00,
    0xe8,0x31,0xa7,0x31,0xc8,0x31,0xa7,0x31,0xa7,0x31,0xe8,0x31,0x87,0x29,0x00,0x00,0xa7,0x31,0xa7,0x31,0xa7,0x31,0xe8,0x31,0xa7,0x31,0xa7,0x31,0xc8,0x31,0xa7,0x29,
    0xc8,0x31,0xa7,0x29,0xaa,0x52,0x00,0x00,0xa7,0x31,0xe8,0x31,0xa7,0x31,0x86,0x31,0xa7,0x31,0xa7,0x31,0xa7,0x31,0xa7,0x31,0x00,0x00,0x00,0x00,0xc7,0x31,0xa7,0x31,
    0xa7,0x31,0xa7,0x31,0xe8,0x31,0xa7,0x31,0xa7,0x31,0xa7,0x31,0xa7,0x31,0xa7,0x31,0xa7,0x29,0xa7,0x31,0xa7,0x31,0xa7,0x31,0xa8,0x29,0xaa,0x52,0xa7,0x31,0xe8,0x31,
    0xc8,0x31,0xa7,0x31,0xc8,0x31,0xe7,0x29,0xa7,0x31,0xa7,0x31,0xc7,0x31,0xc7,0x31,0xc8,0x31,0xa7,0x31,0xa7,0x31,0xa7,0x29,0x00,0x00,0x00,0x00,0xa7,0x31,0xc8,0x31,
    0xc8,0x31,0xa7,0x31,0xc8,0x31,0xc7,0x29,0xa7,0x31,0xa7,0x31,0x00,0x00,0xa7,0x31,0xe8,0x31,0xa7,0x31,0xa7,0x31,0xc7,0x31,0xa7,0x31,0xa7,0x31,0xc8,0x31,0xa7,0x31,
    0xa7,0x31,0xa7,0x31,0xe8,0x31,0xa7,0x31,0xa7,0x31,0xa7,0x31,0x00,0x00,0x00,0x00,0xa7,0x31,0xa7,0x31,0xc7,0x31,0xc8,0x31,0xa7,0x31,0xc7,0x31,0xc7,0x31,0xe7,0x39,
    0x03,0x00,0x00,0x2a,0xcc,0x87,0x00,0x00,0x00,0x00,0x00,0x00,0x00,0x00,0x00,0x00,0x00,0x05,0x77,0xee,0xff,0xd7,0xa7,0xa8,0xa7,0xa7,0xa7,0xa7,0xa7,0xa6,0xa7,0x8b,
    0x44,0xc8,0xff,0xff,0xfd,0xff,0xff,0xff,0xff,0xff,0xff,0xff,0xff,0xff,0xff,0xff,0xf6,0xff,0xf8,0xfd,0xff,0xfc,0xf9,0xf9,0xf9,0xf9,0xf9,0xf9,0xf9,0xf9,0xf9,0xf8,
    0x2b,0xb8,0xff,0xff,0xfd,0xff,0xff,0xff,0xff,0xff,0xff,0xff,0xff,0xff,0xff,0xff,0x00,0x00,0x73,0xf5,0xff,0xe9,0xcc,0xcf,0xce,0xce,0xce,0xce,0xce,0xce,0xce,0xaa,
    0x02,0x02,0x00,0x2c,0xcd,0x8e,0x00,0x01,0x00,0x00,0x00,0x00,0x00,0x00,0x00,0x00,0x04,0x04,0x07,0x00,0x08,0x17,0x01,0x01,0x03,0x03,0x02,0x04,0x04,0x04,0x03,0x02,
    0x00,0x00,0x00,0x00,0x00,0x00,0x02,0x00,0x00,0x00,0x00,0x00,0x00,0x00,0x00,0x02,0x8c,0xb3,0xbc,0x5e,0x73,0x69,0x00,0x01,0x61,0x77,0x2b,0xa8,0xb7,0x9b,0x3d,0x00,
    0xff,0xdb,0xb4,0x66,0xc8,0xff,0x36,0x00,0xb9,0xd9,0x80,0xff,0xb6,0xdd,0xff,0x60,0xfc,0x75,0x03,0x00,0xbd,0xff,0xe3,0x05,0xa3,0xcb,0x7e,0xf2,0x00,0x00,0xc3,0xf0,
    0xff,0xff,0xff,0x7c,0xc0,0xb9,0xdc,0xa3,0xa0,0xce,0x7f,0xf6,0x13,0x03,0x71,0xff,0xfe,0x93,0x3b,0x11,0xd4,0x9a,0x24,0xff,0xf1,0xbb,0x82,0xf5,0x00,0x00,0x9d,0xff,
    0xff,0xa4,0x57,0x36,0xd3,0xb1,0x00,0x67,0xff,0xbc,0x85,0xfe,0x66,0x8d,0xff,0x9c,0xde,0xff,0xff,0xa3,0xb6,0x9a,0x02,0x00,0xb3,0xb3,0x56,0xf3,0xff,0xf7,0x90,0x08,

};

const lv_image_dsc_t emoji_end_arrow_16 = {
  .header.magic = LV_IMAGE_HEADER_MAGIC,
  .header.cf = LV_COLOR_FORMAT_RGB565A8,
  .header.flags = 0,
  .header.w = 16,
  .header.h = 16,
  .header.stride = 32,
  .data_size = sizeof(emoji_end_arrow_16_map),
  .data = emoji_end_arrow_16_map,
};




#ifndef LV_ATTRIBUTE_MEM_ALIGN
#define LV_ATTRIBUTE_MEM_ALIGN
#endif

#ifndef LV_ATTRIBUTE_EMOJI_HOLLOW_CIRCLE_16
#define LV_ATTRIBUTE_EMOJI_HOLLOW_CIRCLE_16
#endif

static const
LV_ATTRIBUTE_MEM_ALIGN LV_ATTRIBUTE_LARGE_CONST LV_ATTRIBUTE_EMOJI_HOLLOW_CIRCLE_16
uint8_t emoji_hollow_circle_16_map[] = {

    0x00,0x00,0x00,0xf8,0x00,0x00,0x00,0x00,0x68,0xd9,0x68,0xe1,0x68,0xe1,0x68,0xd9,0x68,0xd9,0x68,0xe1,0x68,0xe1,0x68,0xd9,0x00,0x00,0x00,0x00,0x00,0xf8,0x00,0x00,
    0x00,0xf8,0x00,0x00,0x27,0xd1,0x68,0xe1,0x68,0xe1,0x88,0xe1,0x88,0xe1,0x89,0xe9,0x89,0xe9,0x88,0xe1,0x88,0xe1,0x68,0xe1,0x68,0xe1,0x27,0xd1,0x00,0x00,0x00,0xf8,
    0xef,0xfb,0x29,0xd1,0x68,0xe1,0x89,0xe9,0x68,0xe1,0x88,0xe1,0x68,0xd9,0x68,0xd9,0x68,0xd9,0x68,0xd9,0x88,0xe1,0x68,0xe1,0x89,0xe9,0x68,0xe1,0x29,0xd1,0xef,0xfb,
    0x00,0x00,0x68,0xd9,0x89,0xe9,0x68,0xe1,0x68,0xe1,0x68,0xe1,0x68,0xd1,0x00,0x00,0x00,0x00,0x68,0xd1,0x68,0xe1,0x68,0xe1,0x68,0xe1,0x89,0xe9,0x68,0xd9,0x00,0x00,
    0x68,0xd9,0x68,0xe1,0x68,0xe1,0x68,0xe1,0x68,0xd9,0x00,0x00,0x00,0x00,0x0f,0xf8,0x0f,0xf8,0x00,0x00,0x00,0x00,0x68,0xd9,0x68,0xe1,0x68,0xe1,0x68,0xe1,0x68,0xd9,
    0x68,0xd9,0x88,0xe1,0x88,0xe1,0x68,0xd9,0x00,0x00,0x4a,0xf9,0x00,0xf8,0x00,0x00,0x00,0x00,0x00,0xf8,0x4a,0xf9,0x00,0x00,0x68,0xd9,0x88,0xe1,0x88,0xe1,0x68,0xd9,
    0x68,0xd9,0x88,0xe1,0x68,0xd9,0x8c,0xf9,0x00,0xf8,0x00,0xf8,0x00,0x00,0x00,0x00,0x00,0x00,0x00,0x00,0x00,0xf8,0x00,0xf8,0x8c,0xf9,0x68,0xd9,0x88,0xe1,0x68,0xd9,
    0x68,0xd9,0x89,0xe9,0x68,0xd9,0x00,0x00,0x0f,0xf8,0x00,0x00,0x00,0x00,0x00,0x00,0x00,0x00,0x00,0x00,0x00,0x00,0x0f,0xf8,0x00,0x00,0x68,0xd9,0x89,0xe9,0x68,0xd9,
    0x68,0xd9,0x89,0xe9,0x68,0xd9,0x00,0x00,0x0f,0xf8,0x00,0x00,0x00,0x00,0x00,0x00,0x00,0x00,0x00,0x00,0x00,0x00,0x0f,0xf8,0x00,0x00,0x68,0xd9,0x89,0xe9,0x68,0xd9,
    0x68,0xd9,0x88,0xe1,0x68,0xd9,0x8c,0xf9,0x00,0xf8,0x00,0xf8,0x00,0x00,0x00,0x00,0x00,0x00,0x00,0x00,0x00,0xf8,0x00,0xf8,0x8c,0xf9,0x68,0xd9,0x88,0xe1,0x68,0xd9,
    0x68,0xd9,0x88,0xe1,0x88,0xe1,0x68,0xd9,0x00,0x00,0x4a,0xf9,0x00,0xf8,0x00,0x00,0x00,0x00,0x00,0xf8,0x4a,0xf9,0x00,0x00,0x68,0xd9,0x88,0xe1,0x88,0xe1,0x68,0xd9,
    0x68,0xd9,0x68,0xe1,0x68,0xe1,0x68,0xe1,0x68,0xd9,0x00,0x00,0x00,0x00,0x0f,0xf8,0x0f,0xf8,0x00,0x00,0x00,0x00,0x68,0xd9,0x68,0xe1,0x68,0xe1,0x68,0xe1,0x68,0xd9,
    0x00,0x00,0x68,0xd9,0x89,0xe9,0x68,0xe1,0x68,0xe1,0x68,0xe1,0x68,0xd1,0x00,0x00,0x00,0x00,0x68,0xd1,0x68,0xe1,0x68,0xe1,0x68,0xe1,0x89,0xe9,0x68,0xd9,0x00,0x00,
    0xef,0xfb,0x29,0xd1,0x68,0xe1,0x89,0xe9,0x68,0xe1,0x88,0xe1,0x68,0xd9,0x68,0xd9,0x68,0xd9,0x68,0xd9,0x88,0xe1,0x68,0xe1,0x89,0xe9,0x68,0xe1,0x29,0xd1,0xef,0xfb,
    0x00,0xf8,0x00,0x00,0x27,0xd1,0x68,0xe1,0x68,0xe1,0x88,0xe1,0x88,0xe1,0x89,0xe9,0x89,0xe9,0x88,0xe1,0x88,0xe1,0x68,0xe1,0x68,0xe1,0x27,0xd1,0x00,0x00,0x00,0xf8,
    0x00,0x00,0x00,0xf8,0x00,0x00,0x00,0x00,0x68,0xd9,0x68,0xe1,0x68,0xe1,0x68,0xd9,0x68,0xd9,0x68,0xe1,0x68,0xe1,0x68,0xd9,0x00,0x00,0x00,0x00,0x00,0xf8,0x00,0x00,
    0x00,0x01,0x00,0x00,0x46,0xab,0xe5,0xfb,0xfb,0xe5,0xab,0x46,0x00,0x00,0x01,0x00,0x01,0x00,0x0d,0x9f,0xfd,0xff,0xff,0xff,0xff,0xff,0xff,0xfd,0x9f,0x0d,0x00,0x01,
    0x02,0x0d,0xc7,0xff,0xff,0xff,0xdf,0xb9,0xb9,0xdf,0xff,0xff,0xff,0xc7,0x0d,0x02,0x00,0xa1,0xff,0xfd,0xe7,0x5b,0x0b,0x00,0x00,0x0b,0x5b,0xe7,0xfd,0xff,0xa1,0x00,
    0x42,0xff,0xfd,0xe8,0x27,0x00,0x00,0x02,0x02,0x00,0x00,0x27,0xe8,0xfd,0xff,0x42,0xae,0xff,0xff,0x59,0x00,0x06,0x01,0x00,0x00,0x01,0x06,0x00,0x59,0xff,0xff,0xae,
    0xe8,0xff,0xdf,0x05,0x02,0x01,0x00,0x00,0x00,0x00,0x01,0x02,0x05,0xdf,0xff,0xe8,0xfc,0xff,0xb7,0x00,0x02,0x00,0x00,0x00,0x00,0x00,0x00,0x02,0x00,0xb7,0xff,0xfc,
    0xfc,0xff,0xb7,0x00,0x02,0x00,0x00,0x00,0x00,0x00,0x00,0x02,0x00,0xb7,0xff,0xfc,0xe8,0xff,0xdf,0x05,0x02,0x01,0x00,0x00,0x00,0x00,0x01,0x02,0x05,0xdf,0xff,0xe8,
    0xae,0xff,0xff,0x59,0x00,0x06,0x01,0x00,0x00,0x01,0x06,0x00,0x59,0xff,0xff,0xae,0x42,0xff,0xfd,0xe8,0x27,0x00,0x00,0x02,0x02,0x00,0x00,0x27,0xe8,0xfd,0xff,0x42,
    0x00,0xa1,0xff,0xfd,0xe7,0x5b,0x0b,0x00,0x00,0x0b,0x5b,0xe7,0xfd,0xff,0xa1,0x00,0x02,0x0d,0xc7,0xff,0xff,0xff,0xdf,0xb8,0xb8,0xdf,0xff,0xff,0xff,0xc7,0x0d,0x02,
    0x01,0x00,0x0d,0x9f,0xfd,0xff,0xff,0xff,0xff,0xff,0xff,0xfd,0x9f,0x0d,0x00,0x01,0x00,0x01,0x00,0x00,0x46,0xab,0xe5,0xfb,0xfb,0xe5,0xab,0x46,0x00,0x00,0x01,0x00,

};

const lv_image_dsc_t emoji_hollow_circle_16 = {
  .header.magic = LV_IMAGE_HEADER_MAGIC,
  .header.cf = LV_COLOR_FORMAT_RGB565A8,
  .header.flags = 0,
  .header.w = 16,
  .header.h = 16,
  .header.stride = 32,
  .data_size = sizeof(emoji_hollow_circle_16_map),
  .data = emoji_hollow_circle_16_map,
};




#ifndef LV_ATTRIBUTE_MEM_ALIGN
#define LV_ATTRIBUTE_MEM_ALIGN
#endif

#ifndef LV_ATTRIBUTE_EMOJI_DRAGON_16
#define LV_ATTRIBUTE_EMOJI_DRAGON_16
#endif

static const
LV_ATTRIBUTE_MEM_ALIGN LV_ATTRIBUTE_LARGE_CONST LV_ATTRIBUTE_EMOJI_DRAGON_16
uint8_t emoji_dragon_16_map[] = {

    0x00,0x00,0x00,0x00,0xe0,0x3b,0x4a,0x55,0x22,0x33,0x63,0x3b,0xe4,0x43,0xa4,0x43,0x01,0x2b,0x00,0x00,0x00,0x00,0x00,0x00,0x00,0x00,0x00,0x00,0x00,0x00,0x00,0x00,
    0x4a,0x55,0xe7,0x7d,0x00,0x00,0x00,0x00,0x25,0x54,0x48,0x6d,0xe8,0x64,0x28,0x6d,0x66,0x54,0x42,0x33,0x00,0x00,0x00,0x00,0x80,0x01,0xe4,0x43,0x86,0x5c,0x46,0x54,
    0x00,0x00,0x00,0x00,0x0b,0x75,0xcb,0x7d,0x49,0x6d,0xa4,0x43,0x64,0x3b,0xe8,0x64,0xeb,0x7d,0xe5,0x4b,0x00,0x00,0xa0,0x2a,0x46,0x54,0xeb,0x7d,0x8a,0x75,0x49,0x6d,
    0x6a,0x75,0x8a,0x75,0x8a,0x75,0xeb,0x7d,0x6a,0x75,0xa6,0x4b,0x69,0x64,0xcb,0x7d,0xcb,0x7d,0x87,0x5c,0x00,0x00,0x83,0x3b,0x89,0x75,0xcb,0x7d,0x8a,0x75,0x00,0x00,
    0x08,0x6d,0xea,0x7d,0xeb,0x85,0xb4,0xb6,0xb5,0xbe,0xcb,0x7d,0xaa,0x7d,0x8a,0x75,0xeb,0x7d,0x86,0x5c,0x00,0x00,0xe5,0x4b,0xeb,0x7d,0x8a,0x75,0x00,0x00,0xef,0x7d,
    0x8a,0x75,0x29,0x6d,0xe7,0x64,0x0a,0x75,0xe8,0x64,0x6a,0x75,0x8a,0x75,0x8a,0x75,0xcb,0x7d,0x26,0x54,0x00,0x00,0xe5,0x43,0xca,0x7d,0xaa,0x7d,0x89,0x7d,0x00,0x00,
    0x00,0x00,0xe0,0x11,0x49,0x6d,0x69,0x6d,0xaa,0x7d,0xaa,0x7d,0xaa,0x7d,0xaa,0x7d,0x8a,0x75,0xc4,0x43,0x00,0x00,0x22,0x33,0x29,0x6d,0x0b,0x86,0x6a,0x75,0x00,0x00,
    0xef,0x7b,0x00,0x00,0x00,0x00,0x00,0x00,0x00,0x00,0x8a,0x75,0xeb,0x7d,0xab,0x7d,0xc8,0x64,0x60,0x22,0x00,0x00,0xe0,0x09,0xa7,0x5c,0x2b,0x86,0x8a,0x75,0x00,0x00,
    0xe7,0x3b,0x87,0x5c,0xc7,0x64,0x87,0x5c,0xe7,0x5b,0x8a,0x75,0xcb,0x7d,0xca,0x7d,0x46,0x54,0xe0,0x03,0x89,0x6c,0x00,0x00,0x25,0x4c,0xeb,0x7d,0x8a,0x75,0x8b,0x75,
    0x89,0x6c,0x87,0x5c,0xc7,0x64,0x87,0x5c,0xe8,0x64,0xaa,0x7d,0xab,0x7d,0x49,0x6d,0x83,0x43,0x00,0x00,0xe5,0x53,0xe0,0x03,0xe4,0x4b,0x8a,0x75,0x8a,0x7d,0x6a,0x75,
    0x00,0x00,0x87,0x5c,0x05,0x4c,0xc4,0x43,0xe8,0x64,0x8a,0x75,0xab,0x7d,0x09,0x6d,0xc0,0x2a,0xff,0xff,0x4a,0x7d,0x00,0x00,0xe5,0x4b,0xca,0x7d,0xaa,0x7d,0x6a,0x75,
    0xa0,0x52,0x00,0x00,0x63,0x3b,0xa3,0x3b,0xc8,0x64,0x8a,0x7d,0xaa,0x7d,0x89,0x75,0x63,0x3b,0x00,0x00,0x00,0x00,0xa0,0x22,0xc7,0x64,0xab,0x7d,0x8a,0x75,0x6a,0x75,
    0x00,0x00,0xe0,0x07,0x42,0x33,0xc4,0x43,0x8a,0x75,0xaa,0x7d,0x8a,0x75,0xaa,0x7d,0xc7,0x64,0xe5,0x4b,0x05,0x4c,0xc7,0x5c,0xaa,0x7d,0xaa,0x7d,0x8a,0x75,0xca,0x7d,
    0x00,0x00,0x00,0x00,0x00,0x00,0x00,0x00,0x8a,0x75,0x0b,0x86,0x8a,0x75,0x8a,0x75,0xab,0x7d,0xaa,0x7d,0xca,0x7d,0xab,0x7d,0x8a,0x75,0x2b,0x86,0x8a,0x75,0x00,0x00,
    0x00,0x00,0x00,0x00,0x4a,0x55,0x40,0x55,0xaa,0x75,0xaa,0x7d,0xeb,0x7d,0xaa,0x7d,0x8a,0x75,0x8a,0x75,0x8a,0x75,0xaa,0x7d,0xeb,0x85,0xaa,0x7d,0x69,0x6d,0xef,0x7b,
    0x00,0x00,0x00,0x00,0x00,0x00,0xe0,0xff,0x00,0x00,0x29,0x75,0xaa,0x7d,0xaa,0x7d,0x8a,0x75,0x8a,0x75,0x8a,0x75,0xaa,0x7d,0xab,0x7d,0x89,0x75,0x00,0x00,0xe0,0xff,
    0x00,0x00,0x04,0x03,0x5b,0xb8,0xb0,0xb7,0x41,0x00,0x00,0x01,0x00,0x00,0x00,0x00,0x03,0x04,0x00,0x00,0xba,0xff,0xff,0xff,0xe6,0x31,0x00,0x00,0x0a,0x5a,0x7b,0x39,
    0x00,0x00,0x0b,0x8d,0xfb,0xfc,0xfd,0xfb,0xff,0xc4,0x00,0x0c,0xb0,0xff,0xf9,0x57,0x5a,0x65,0xd4,0xff,0xfe,0xff,0xff,0xfc,0xfe,0xb1,0x00,0x43,0xff,0xe5,0x1e,0x00,
    0xff,0xff,0xff,0xfa,0xfe,0xfe,0xff,0xfc,0xff,0xaf,0x00,0x5e,0xfd,0xb3,0x00,0x04,0x32,0xb8,0xff,0xff,0xff,0xff,0xff,0xfb,0xff,0x9c,0x00,0x5d,0xff,0xde,0x0a,0x00,
    0x00,0x0c,0xc4,0x97,0x43,0xe5,0xfe,0xfc,0xff,0x5c,0x00,0x28,0xf5,0xff,0x5d,0x00,0x02,0x00,0x00,0x00,0x00,0x98,0xff,0xfc,0xf3,0x1d,0x00,0x10,0xd7,0xff,0xbd,0x00,
    0x04,0x68,0xba,0x83,0x08,0xc1,0xff,0xff,0x9c,0x02,0x07,0x00,0x8d,0xff,0xec,0x1a,0x07,0x98,0xfd,0xfd,0xb4,0xf3,0xff,0xfa,0x33,0x00,0x06,0x02,0x61,0xff,0xfe,0x3d,
    0x00,0x28,0x99,0xd2,0xff,0xfe,0xff,0xea,0x11,0x01,0x06,0x00,0x86,0xff,0xff,0x4d,0x03,0x00,0x65,0xfb,0xfb,0xfe,0xfc,0xfc,0x69,0x00,0x00,0x3b,0xe4,0xfe,0xfe,0x3c,
    0x01,0x01,0x18,0x68,0xeb,0xfd,0xfe,0xfe,0xf4,0xb2,0xc1,0xea,0xff,0xfc,0xeb,0x12,0x00,0x00,0x00,0x00,0xba,0xff,0xf9,0xfe,0xff,0xff,0xff,0xff,0xf8,0xff,0x94,0x00,
    0x00,0x00,0x03,0x03,0x29,0xde,0xff,0xff,0xff,0xfc,0xfd,0xff,0xff,0xc7,0x10,0x02,0x00,0x00,0x00,0x01,0x00,0x1a,0x8d,0xd7,0xf8,0xff,0xfc,0xdd,0x85,0x0d,0x00,0x01,

};

const lv_image_dsc_t emoji_dragon_16 = {
  .header.magic = LV_IMAGE_HEADER_MAGIC,
  .header.cf = LV_COLOR_FORMAT_RGB565A8,
  .header.flags = 0,
  .header.w = 16,
  .header.h = 16,
  .header.stride = 32,
  .data_size = sizeof(emoji_dragon_16_map),
  .data = emoji_dragon_16_map,
};




#ifndef LV_ATTRIBUTE_MEM_ALIGN
#define LV_ATTRIBUTE_MEM_ALIGN
#endif

#ifndef LV_ATTRIBUTE_EMOJI_GLOBE_MERIDIANS_16
#define LV_ATTRIBUTE_EMOJI_GLOBE_MERIDIANS_16
#endif

static const
LV_ATTRIBUTE_MEM_ALIGN LV_ATTRIBUTE_LARGE_CONST LV_ATTRIBUTE_EMOJI_GLOBE_MERIDIANS_16
uint8_t emoji_globe_meridians_16_map[] = {

    0x00,0x00,0xff,0x07,0x00,0x00,0x00,0x00,0x58,0x3c,0x79,0x3c,0x58,0x3c,0x58,0x3c,0x58,0x3c,0x58,0x3c,0x79,0x3c,0x58,0x3c,0x00,0x00,0x00,0x00,0xff,0x07,0x00,0x00,
    0xff,0x07,0x00,0x00,0xf7,0x3b,0x58,0x3c,0x59,0x3c,0x99,0x3c,0x38,0x3c,0x38,0x3c,0x38,0x3c,0x38,0x3c,0x99,0x3c,0x59,0x3c,0x58,0x3c,0xf7,0x3b,0x00,0x00,0xff,0x07,
    0xb5,0x52,0x58,0x3c,0x58,0x3c,0x38,0x3c,0x58,0x3c,0x17,0x3c,0x00,0x00,0x58,0x3c,0x58,0x3c,0x00,0x00,0x17,0x3c,0x58,0x3c,0x38,0x3c,0x58,0x3c,0x58,0x3c,0xb5,0x52,
    0x00,0x00,0x58,0x3c,0x58,0x3c,0x58,0x3c,0x58,0x3c,0x58,0x3c,0x58,0x3c,0x58,0x3c,0x58,0x3c,0x58,0x3c,0x58,0x3c,0x58,0x3c,0x58,0x3c,0x58,0x3c,0x58,0x3c,0x00,0x00,
    0x58,0x3c,0x58,0x3c,0x58,0x3c,0x58,0x3c,0x38,0x3c,0x58,0x3c,0x38,0x3c,0x38,0x3c,0x38,0x3c,0x38,0x3c,0x58,0x3c,0x38,0x3c,0x58,0x3c,0x59,0x3c,0x58,0x3c,0x58,0x3c,
    0x58,0x3c,0x58,0x3c,0xf5,0x2b,0x58,0x3c,0x00,0x00,0x00,0x00,0x00,0x00,0x38,0x3c,0x38,0x3c,0x00,0x00,0x00,0x00,0x00,0x00,0x58,0x3c,0x33,0x33,0x58,0x3c,0x58,0x3c,
    0x58,0x3c,0x00,0x00,0x38,0x3c,0x38,0x3c,0x00,0x00,0x00,0x00,0x00,0x00,0x38,0x3c,0x38,0x3c,0x00,0x00,0x00,0x00,0x00,0x00,0x58,0x3c,0x38,0x3c,0x00,0x00,0x58,0x3c,
    0x38,0x3c,0x38,0x3c,0x58,0x3c,0x58,0x3c,0x58,0x3c,0x38,0x3c,0x38,0x3c,0x38,0x3c,0x58,0x3c,0x38,0x3c,0x58,0x3c,0x38,0x3c,0x58,0x3c,0x58,0x3c,0x58,0x3c,0x38,0x3c,
    0x38,0x3c,0x38,0x3c,0x58,0x3c,0x58,0x3c,0x58,0x3c,0x38,0x3c,0x38,0x3c,0x58,0x3c,0x38,0x3c,0x58,0x3c,0x58,0x3c,0x38,0x3c,0x58,0x3c,0x58,0x3c,0x38,0x3c,0x58,0x3c,
    0x58,0x3c,0x00,0x00,0x38,0x3c,0x38,0x3c,0x00,0x00,0x00,0x00,0x00,0x00,0x38,0x3c,0x38,0x3c,0x00,0x00,0x00,0x00,0x00,0x00,0x58,0x3c,0x58,0x3c,0x00,0x00,0x58,0x3c,
    0x58,0x3c,0x58,0x3c,0x33,0x33,0x58,0x3c,0x00,0x00,0x00,0x00,0x00,0x00,0x38,0x3c,0x38,0x3c,0x00,0x00,0x00,0x00,0x00,0x00,0x58,0x3c,0x33,0x33,0x58,0x3c,0x58,0x3c,
    0x58,0x3c,0x58,0x3c,0x59,0x3c,0x38,0x3c,0x38,0x3c,0x58,0x3c,0x38,0x3c,0x38,0x3c,0x58,0x3c,0x38,0x3c,0x58,0x3c,0x38,0x3c,0x38,0x3c,0x59,0x3c,0x58,0x3c,0x58,0x3c,
    0x00,0x00,0x58,0x3c,0x58,0x3c,0x38,0x3c,0x38,0x3c,0x58,0x3c,0x58,0x3c,0x58,0x3c,0x58,0x3c,0x58,0x3c,0x38,0x3c,0x38,0x3c,0x58,0x3c,0x58,0x3c,0x58,0x3c,0x00,0x00,
    0xb5,0x52,0x58,0x3c,0x58,0x3c,0x38,0x3c,0x58,0x3c,0x17,0x3c,0x00,0x00,0x58,0x3c,0x38,0x3c,0x00,0x00,0x37,0x3c,0x58,0x3c,0x58,0x3c,0x58,0x3c,0x58,0x3c,0xb5,0x52,
    0xff,0x07,0x00,0x00,0xf7,0x3b,0x58,0x3c,0x59,0x3c,0x99,0x3c,0x38,0x3c,0x38,0x3c,0x38,0x3c,0x38,0x3c,0x99,0x3c,0x59,0x3c,0x58,0x3c,0x59,0x44,0x00,0x00,0xff,0x07,
    0x00,0x00,0xff,0x07,0x00,0x00,0x00,0x00,0x58,0x3c,0x79,0x3c,0x58,0x3c,0x58,0x3c,0x58,0x3c,0x58,0x3c,0x79,0x3c,0x58,0x3c,0x00,0x00,0x00,0x00,0xff,0x07,0x00,0x00,
    0x00,0x01,0x00,0x00,0x46,0xad,0xf0,0xf6,0xf6,0xf0,0xad,0x46,0x00,0x00,0x01,0x00,0x01,0x00,0x10,0xaa,0xfb,0xff,0x5c,0x8f,0x8f,0x5c,0xff,0xfb,0xaa,0x10,0x00,0x01,
    0x03,0x0d,0xc3,0xa4,0xd0,0x3a,0x00,0x78,0x78,0x00,0x3a,0xd0,0xa4,0xc3,0x0d,0x03,0x00,0xad,0xf5,0x99,0xf0,0x7d,0x87,0xc4,0xc4,0x87,0x7d,0xf0,0x99,0xf5,0xad,0x00,
    0x4a,0xe2,0x7d,0xfb,0x8d,0x85,0x84,0xc4,0xc4,0x84,0x85,0x8d,0xf7,0x70,0xe1,0x4b,0xc3,0x6c,0x06,0xd1,0x00,0x00,0x00,0x7b,0x7b,0x00,0x00,0x00,0xd1,0x05,0x6c,0xc3,
    0xe6,0x00,0x42,0xb5,0x00,0x00,0x00,0x7b,0x7b,0x00,0x00,0x00,0xb5,0x43,0x00,0xe6,0xf4,0x84,0xb4,0xd7,0x84,0x88,0x84,0xc4,0xc3,0x84,0x87,0x84,0xd7,0xb4,0x83,0xf4,
    0xf4,0x84,0xb4,0xd7,0x84,0x88,0x84,0xc3,0xcc,0x8e,0x96,0x8f,0xdb,0xbd,0x91,0xf5,0xe6,0x00,0x43,0xb5,0x00,0x00,0x00,0x7b,0x7b,0x00,0x00,0x00,0xb5,0x43,0x00,0xe6,
    0xc3,0x6c,0x05,0xd1,0x00,0x00,0x00,0x7b,0x7b,0x00,0x00,0x00,0xd1,0x05,0x6c,0xc3,0x4b,0xe0,0x70,0xf8,0x8d,0x85,0x84,0xc4,0xc3,0x84,0x85,0x8d,0xf8,0x70,0xe1,0x4b,
    0x00,0xad,0xf5,0x9a,0xef,0x7d,0x87,0xc3,0xcc,0x92,0x89,0xf4,0xa1,0xfe,0xac,0x00,0x03,0x0d,0xc3,0xa4,0xd0,0x3a,0x00,0x78,0x79,0x00,0x3b,0xd0,0xa4,0xc3,0x0d,0x03,
    0x01,0x00,0x10,0xaa,0xfb,0xff,0x5c,0x8f,0x8f,0x5c,0xff,0xfb,0xaa,0x0f,0x00,0x01,0x00,0x01,0x00,0x00,0x46,0xad,0xf0,0xf6,0xf6,0xf0,0xad,0x46,0x00,0x00,0x01,0x00,

};

const lv_image_dsc_t emoji_globe_meridians_16 = {
  .header.magic = LV_IMAGE_HEADER_MAGIC,
  .header.cf = LV_COLOR_FORMAT_RGB565A8,
  .header.flags = 0,
  .header.w = 16,
  .header.h = 16,
  .header.stride = 32,
  .data_size = sizeof(emoji_globe_meridians_16_map),
  .data = emoji_globe_meridians_16_map,
};




#ifndef LV_ATTRIBUTE_MEM_ALIGN
#define LV_ATTRIBUTE_MEM_ALIGN
#endif

#ifndef LV_ATTRIBUTE_EMOJI_EGGPLANT_16
#define LV_ATTRIBUTE_EMOJI_EGGPLANT_16
#endif

static const
LV_ATTRIBUTE_MEM_ALIGN LV_ATTRIBUTE_LARGE_CONST LV_ATTRIBUTE_EMOJI_EGGPLANT_16
uint8_t emoji_eggplant_16_map[] = {

    0x29,0x6d,0x8a,0x75,0x8b,0x75,0x00,0x00,0x1f,0x78,0x00,0x00,0x00,0x00,0x00,0x00,0x00,0x00,0x00,0x00,0x00,0x00,0x00,0x00,0x00,0x00,0x00,0x00,0x00,0x00,0x00,0x00,
    0x00,0x00,0x8a,0x75,0xab,0x7d,0x48,0x7e,0xe0,0x07,0xff,0xff,0x00,0x00,0x00,0x00,0x00,0x00,0x00,0x00,0x00,0x00,0x00,0x00,0x00,0x00,0x00,0x00,0x00,0x00,0x00,0x00,
    0x8a,0x75,0xea,0x7d,0x0a,0x7e,0x2e,0x85,0x0f,0x74,0x00,0x00,0x4a,0xad,0x00,0x00,0x00,0x00,0x00,0x00,0x00,0x00,0x00,0x00,0x00,0x00,0x00,0x00,0x00,0x00,0x00,0x00,
    0xaa,0x75,0x90,0x7c,0x6e,0x74,0x75,0x72,0x97,0x7a,0x75,0x72,0x00,0x00,0x93,0x61,0x00,0x00,0x00,0x00,0x00,0x00,0x00,0x00,0x00,0x00,0x00,0x00,0x00,0x00,0x00,0x00,
    0x8e,0x74,0x95,0x72,0x55,0x72,0x75,0x72,0x75,0x72,0x96,0x7a,0x75,0x72,0x00,0x00,0xb5,0x7a,0x00,0x00,0x00,0x00,0x00,0x00,0x00,0x00,0x00,0x00,0x00,0x00,0x00,0x00,
    0x38,0x71,0x75,0x72,0x95,0x72,0x75,0x72,0x75,0x72,0x75,0x72,0x75,0x72,0x75,0x72,0x00,0x00,0x0f,0x78,0xef,0x79,0x1f,0xf8,0x00,0x00,0x00,0x00,0x00,0x00,0x00,0x00,
    0x00,0x00,0x75,0x72,0xb6,0x7a,0x75,0x72,0x75,0x72,0x75,0x72,0x75,0x72,0x75,0x72,0x75,0x72,0x1f,0xf8,0x00,0x00,0x00,0x00,0x1f,0xf8,0xff,0x7b,0x00,0x00,0x00,0x00,
    0x00,0x00,0x55,0x72,0x95,0x72,0x75,0x72,0x75,0x72,0x75,0x72,0x75,0x72,0x75,0x72,0x96,0x7a,0x75,0x72,0x75,0x72,0x75,0x7a,0x00,0x00,0x00,0x00,0xef,0x7b,0x00,0x00,
    0xb5,0x52,0x00,0x00,0x74,0x72,0x96,0x7a,0x75,0x72,0x75,0x72,0x75,0x72,0x75,0x72,0x75,0x72,0x96,0x7a,0x96,0x7a,0x75,0x72,0x95,0x7a,0x54,0x6a,0x00,0x00,0xff,0x7b,
    0xef,0x7b,0x1f,0xf8,0x55,0x72,0x75,0x72,0x75,0x72,0x75,0x72,0x75,0x72,0x75,0x72,0x75,0x72,0x75,0x72,0x75,0x72,0x75,0x72,0x96,0x7a,0x96,0x7a,0x75,0x72,0x00,0x00,
    0x00,0x00,0xb5,0xaa,0x00,0x00,0x55,0x72,0x96,0x7a,0x75,0x72,0x75,0x72,0x75,0x72,0x75,0x72,0x75,0x72,0x75,0x72,0x75,0x72,0x75,0x72,0x95,0x7a,0x75,0x72,0x76,0x72,
    0x00,0x00,0x00,0x00,0xef,0x79,0x00,0x00,0x75,0x72,0xb7,0x7a,0x75,0x72,0x75,0x72,0x75,0x72,0x75,0x72,0x75,0x72,0x75,0x72,0x75,0x72,0x75,0x72,0x96,0x7a,0x75,0x72,
    0x00,0x00,0x00,0x00,0x00,0x00,0xb5,0x52,0x00,0x00,0x75,0x72,0xb7,0x7a,0x75,0x72,0x75,0x72,0x75,0x72,0x75,0x72,0x75,0x72,0x75,0x72,0x75,0x72,0x96,0x7a,0x75,0x72,
    0x00,0x00,0x00,0x00,0x00,0x00,0x1f,0x00,0xff,0x7b,0x00,0x00,0x75,0x72,0xb7,0x7a,0x75,0x72,0x75,0x72,0x75,0x72,0x75,0x72,0x75,0x72,0x75,0x72,0x96,0x7a,0x75,0x72,
    0x00,0x00,0x00,0x00,0x00,0x00,0x00,0x00,0x1f,0x00,0xef,0x7b,0x00,0x00,0x75,0x72,0x95,0x72,0x96,0x7a,0x75,0x72,0x75,0x72,0x75,0x72,0x96,0x7a,0x75,0x72,0x54,0x72,
    0x00,0x00,0x00,0x00,0x00,0x00,0x00,0x00,0x00,0x00,0x00,0x00,0xff,0x7b,0x00,0x00,0x75,0x72,0x95,0x72,0x75,0x72,0x75,0x72,0x75,0x72,0x96,0x7a,0x75,0x72,0x00,0x00,
    0x11,0xdb,0x1a,0x00,0x02,0x00,0x00,0x00,0x00,0x00,0x00,0x00,0x00,0x00,0x00,0x00,0x00,0xda,0x90,0x50,0x01,0x01,0x01,0x00,0x00,0x00,0x00,0x00,0x00,0x00,0x00,0x00,
    0x3f,0xf5,0xff,0xff,0xa6,0x00,0x03,0x01,0x00,0x00,0x00,0x00,0x00,0x00,0x00,0x00,0x78,0xff,0xf8,0xfa,0xff,0x84,0x00,0x05,0x00,0x00,0x00,0x00,0x00,0x00,0x00,0x00,
    0x49,0xfe,0xfe,0xfe,0xfb,0xff,0x56,0x00,0x06,0x00,0x00,0x00,0x00,0x00,0x00,0x00,0x0d,0xe5,0xff,0xfe,0xfe,0xfd,0xf6,0x48,0x00,0x02,0x04,0x01,0x00,0x00,0x00,0x00,
    0x00,0x9d,0xff,0xfb,0xff,0xfe,0xff,0xfc,0x74,0x01,0x00,0x00,0x01,0x02,0x00,0x00,0x00,0x2f,0xfd,0xfd,0xff,0xff,0xfe,0xff,0xff,0xc9,0x5f,0x1d,0x00,0x00,0x02,0x00,
    0x03,0x00,0xa4,0xff,0xfc,0xff,0xff,0xfe,0xfc,0xff,0xff,0xf3,0xbb,0x40,0x00,0x02,0x02,0x01,0x1b,0xee,0xfd,0xfd,0xff,0xff,0xff,0xfd,0xfc,0xff,0xff,0xfe,0x57,0x00,
    0x00,0x03,0x00,0x5b,0xff,0xfa,0xff,0xff,0xff,0xff,0xff,0xfe,0xfb,0xff,0xef,0x1a,0x00,0x00,0x04,0x00,0x90,0xff,0xfa,0xff,0xff,0xff,0xff,0xff,0xff,0xfc,0xff,0x72,
    0x00,0x00,0x01,0x03,0x00,0x9d,0xff,0xfb,0xfe,0xff,0xff,0xff,0xff,0xfc,0xfd,0x9a,0x00,0x00,0x00,0x01,0x02,0x00,0x97,0xff,0xff,0xfc,0xff,0xff,0xff,0xfa,0xff,0x93,
    0x00,0x00,0x00,0x00,0x01,0x02,0x00,0x70,0xf3,0xff,0xff,0xff,0xff,0xff,0xf6,0x36,0x00,0x00,0x00,0x00,0x00,0x01,0x02,0x00,0x30,0xa8,0xec,0xfd,0xf6,0xc5,0x44,0x00,

};

const lv_image_dsc_t emoji_eggplant_16 = {
  .header.magic = LV_IMAGE_HEADER_MAGIC,
  .header.cf = LV_COLOR_FORMAT_RGB565A8,
  .header.flags = 0,
  .header.w = 16,
  .header.h = 16,
  .header.stride = 32,
  .data_size = sizeof(emoji_eggplant_16_map),
  .data = emoji_eggplant_16_map,
};




#ifndef LV_ATTRIBUTE_MEM_ALIGN
#define LV_ATTRIBUTE_MEM_ALIGN
#endif

#ifndef LV_ATTRIBUTE_EMOJI_SHIELD_16
#define LV_ATTRIBUTE_EMOJI_SHIELD_16
#endif

static const
LV_ATTRIBUTE_MEM_ALIGN LV_ATTRIBUTE_LARGE_CONST LV_ATTRIBUTE_EMOJI_SHIELD_16
uint8_t emoji_shield_16_map[] = {

    0xff,0xff,0x00,0x00,0xfb,0xee,0x1b,0xe7,0xdb,0xd6,0xbb,0xce,0x9b,0xbe,0x7b,0xbe,0x3a,0xb6,0x5a,0xbe,0x9b,0xc6,0xfc,0xde,0x7d,0xef,0x7d,0xf7,0x00,0x00,0xff,0xff,
    0x00,0x00,0xbb,0xce,0xdd,0xbe,0x5d,0x9e,0x1e,0x7e,0xbe,0x6d,0x9e,0x5d,0x5d,0x55,0x74,0x2b,0x73,0x2b,0xf5,0x43,0x76,0x5c,0x38,0x7d,0x5b,0xb6,0xdb,0xce,0x00,0x00,
    0xba,0xfe,0x9b,0xc6,0xbe,0x65,0x3e,0x45,0x5d,0x4d,0x5d,0x55,0x7d,0x55,0x3d,0x55,0x53,0x23,0x12,0x1b,0x12,0x1b,0xf2,0x12,0xd2,0x0a,0xb4,0x33,0x7b,0xbe,0xff,0xff,
    0x5a,0xff,0x7c,0xb6,0x7e,0x55,0x7d,0x55,0x7d,0x55,0x7d,0x55,0x7d,0x55,0x3d,0x55,0x53,0x23,0x33,0x23,0x33,0x23,0x33,0x23,0x33,0x23,0x53,0x23,0x1a,0xae,0xff,0xff,
    0x1b,0xf7,0x7c,0xae,0x7e,0x55,0x7d,0x55,0x7d,0x55,0x7d,0x55,0x7d,0x55,0x3d,0x55,0x53,0x23,0x33,0x23,0x33,0x23,0x33,0x23,0x33,0x23,0x13,0x1b,0xd9,0xa5,0xde,0xff,
    0x1b,0xf7,0x5c,0xae,0x5e,0x55,0x7d,0x55,0x7d,0x55,0x7d,0x55,0x7d,0x55,0x3d,0x55,0x53,0x23,0x33,0x23,0x33,0x23,0x33,0x23,0x33,0x23,0x12,0x1b,0xb9,0x9d,0xbe,0xff,
    0x1b,0xf7,0x7c,0xae,0x5e,0x55,0x7d,0x55,0x7d,0x55,0x7d,0x55,0x7d,0x55,0x3d,0x55,0x53,0x23,0x33,0x23,0x33,0x23,0x33,0x23,0x33,0x23,0x12,0x1b,0xd9,0x9d,0xde,0xff,
    0x3b,0xf7,0x7c,0xb6,0x7e,0x55,0x5d,0x55,0x7d,0x55,0x7d,0x55,0x7d,0x55,0x3d,0x55,0x53,0x23,0x33,0x23,0x33,0x23,0x33,0x23,0x33,0x23,0x53,0x23,0x1a,0xae,0xfe,0xff,
    0xb5,0xfe,0x9b,0xc6,0xbe,0x65,0x5d,0x55,0x7d,0x55,0x7d,0x55,0x7d,0x55,0x3d,0x55,0x53,0x23,0x33,0x23,0x33,0x23,0x33,0x23,0x12,0x1b,0xb4,0x33,0x7b,0xbe,0xff,0xff,
    0x00,0x00,0xdb,0xd6,0x3f,0x86,0x5d,0x4d,0x7d,0x55,0x7d,0x55,0x7d,0x55,0x3d,0x55,0x53,0x23,0x33,0x23,0x33,0x23,0x53,0x23,0xf2,0x12,0xb7,0x64,0xfc,0xde,0x00,0x00,
    0x00,0x00,0xfb,0xe6,0xbe,0xb6,0x3d,0x4d,0x7d,0x55,0x7d,0x55,0x7d,0x55,0x3d,0x55,0x53,0x23,0x33,0x23,0x33,0x23,0x53,0x23,0xf2,0x12,0xfa,0xa5,0x5c,0xef,0x00,0x00,
    0xff,0x7b,0xf7,0xbd,0xbb,0xce,0x1e,0x7e,0x3d,0x4d,0x7d,0x5d,0x7d,0x55,0x3d,0x55,0x53,0x23,0x33,0x23,0x53,0x23,0xf2,0x12,0x76,0x54,0xdb,0xce,0xff,0xfd,0xff,0x7b,
    0x55,0xad,0x00,0x00,0xdb,0xde,0xdc,0xc6,0x9d,0x65,0x3d,0x4d,0x7d,0x5d,0x3d,0x55,0x74,0x23,0x53,0x23,0xf2,0x12,0x94,0x33,0x9b,0xc6,0x3c,0xe7,0x00,0x00,0x55,0xad,
    0x00,0x00,0x55,0xad,0x00,0x00,0xdb,0xde,0xdc,0xc6,0xfe,0x75,0x5e,0x4d,0x3d,0x4d,0x33,0x1b,0xd1,0x12,0x36,0x4c,0x9b,0xc6,0x1c,0xdf,0x00,0x00,0x55,0xad,0x00,0x00,
    0x00,0x00,0x00,0x00,0xff,0xff,0x00,0x00,0xba,0xd6,0xfc,0xd6,0x9e,0xa6,0x9d,0x65,0xf5,0x43,0x99,0x8d,0xfc,0xd6,0xfc,0xde,0x00,0x00,0xff,0xff,0x00,0x00,0x00,0x00,
    0x00,0x00,0x00,0x00,0x00,0x00,0xff,0xff,0x00,0x00,0x9a,0xd6,0x1b,0xe7,0xbc,0xce,0xbb,0xce,0x5d,0xef,0x9a,0xd6,0x00,0x00,0xff,0xff,0x00,0x00,0x00,0x00,0x00,0x00,
    0x01,0x00,0x30,0x75,0xb0,0xd9,0xf4,0xff,0xff,0xf3,0xd9,0xb0,0x75,0x30,0x00,0x01,0x00,0x94,0xf9,0xff,0xff,0xff,0xff,0xff,0xff,0xff,0xff,0xff,0xff,0xf9,0x93,0x00,
    0x06,0xe1,0xff,0xfa,0xfd,0xfe,0xff,0xff,0xff,0xff,0xfe,0xfd,0xfa,0xff,0xe1,0x06,0x1a,0xed,0xfe,0xfe,0xff,0xff,0xff,0xff,0xff,0xff,0xff,0xff,0xfe,0xfe,0xed,0x1a,
    0x2a,0xfa,0xff,0xfe,0xff,0xff,0xff,0xff,0xff,0xff,0xff,0xff,0xfe,0xff,0xfa,0x2a,0x35,0xfd,0xff,0xff,0xff,0xff,0xff,0xff,0xff,0xff,0xff,0xff,0xff,0xff,0xfd,0x35,
    0x2e,0xfb,0xff,0xfe,0xff,0xff,0xff,0xff,0xff,0xff,0xff,0xff,0xfe,0xff,0xfb,0x2e,0x1d,0xf1,0xff,0xfe,0xff,0xff,0xff,0xff,0xff,0xff,0xff,0xff,0xfe,0xff,0xf1,0x1d,
    0x06,0xd8,0xff,0xfd,0xff,0xff,0xff,0xff,0xff,0xff,0xff,0xff,0xfd,0xff,0xd8,0x06,0x00,0xa3,0xfe,0xfb,0xff,0xff,0xff,0xff,0xff,0xff,0xff,0xff,0xfb,0xfe,0xa3,0x00,
    0x00,0x4c,0xff,0xfc,0xff,0xff,0xff,0xff,0xff,0xff,0xff,0xff,0xfc,0xff,0x4c,0x00,0x02,0x04,0xce,0xff,0xfc,0xff,0xff,0xff,0xff,0xff,0xff,0xfc,0xff,0xce,0x04,0x02,
    0x03,0x00,0x36,0xfb,0xfe,0xfc,0xff,0xff,0xff,0xff,0xfc,0xfe,0xfb,0x36,0x00,0x03,0x00,0x03,0x00,0x56,0xfd,0xff,0xfc,0xfe,0xfe,0xfc,0xff,0xfd,0x56,0x00,0x03,0x00,
    0x00,0x00,0x03,0x00,0x40,0xd2,0xff,0xff,0xff,0xff,0xd2,0x40,0x00,0x03,0x00,0x00,0x00,0x00,0x00,0x03,0x00,0x0b,0x78,0xe2,0xe2,0x78,0x0b,0x00,0x03,0x00,0x00,0x00,

};

const lv_image_dsc_t emoji_shield_16 = {
  .header.magic = LV_IMAGE_HEADER_MAGIC,
  .header.cf = LV_COLOR_FORMAT_RGB565A8,
  .header.flags = 0,
  .header.w = 16,
  .header.h = 16,
  .header.stride = 32,
  .data_size = sizeof(emoji_shield_16_map),
  .data = emoji_shield_16_map,
};




#ifndef LV_ATTRIBUTE_MEM_ALIGN
#define LV_ATTRIBUTE_MEM_ALIGN
#endif

#ifndef LV_ATTRIBUTE_EMOJI_GOGGLES_16
#define LV_ATTRIBUTE_EMOJI_GOGGLES_16
#endif

static const
LV_ATTRIBUTE_MEM_ALIGN LV_ATTRIBUTE_LARGE_CONST LV_ATTRIBUTE_EMOJI_GOGGLES_16
uint8_t emoji_goggles_16_map[] = {

    0x00,0x00,0x00,0x00,0x00,0x00,0x00,0x00,0x00,0x00,0x00,0x00,0x00,0x00,0x00,0x00,0x00,0x00,0x00,0x00,0x00,0x00,0x00,0x00,0x00,0x00,0x00,0x00,0x00,0x00,0x00,0x00,
    0x00,0x00,0x00,0x00,0x00,0x00,0x00,0x00,0xff,0xff,0xff,0xff,0xff,0xff,0xff,0xff,0xff,0xff,0xff,0xff,0xff,0xff,0xff,0xff,0x00,0x00,0x00,0x00,0x00,0x00,0x00,0x00,
    0x00,0x00,0x55,0xad,0xff,0xff,0x00,0x00,0x00,0x00,0x00,0x00,0x00,0x00,0x00,0x00,0x00,0x00,0x00,0x00,0x00,0x00,0x00,0x00,0x00,0x00,0x55,0xad,0x55,0xad,0x00,0x00,
    0xff,0xff,0x00,0x00,0x00,0x00,0x55,0x55,0x53,0x74,0xb4,0x84,0xb2,0x7c,0x32,0x7c,0x32,0x7c,0x32,0x7c,0xb4,0x84,0x53,0x74,0xaa,0x52,0x00,0x00,0x00,0x00,0xff,0xff,
    0x00,0x00,0x15,0x95,0x77,0x9d,0x77,0x9d,0x77,0xa5,0x97,0xa5,0x97,0xa5,0x97,0xa5,0xb7,0xa5,0x97,0xa5,0x97,0xa5,0x97,0xa5,0x77,0xa5,0x77,0x9d,0x36,0x95,0x00,0x00,
    0x55,0x9d,0x77,0x9d,0x9b,0xc6,0xdb,0xce,0xdc,0xce,0xdb,0xce,0xfc,0xd6,0x5d,0xe7,0x5e,0xe7,0x3d,0xdf,0xfc,0xd6,0x3d,0xdf,0xdb,0xce,0xbb,0xc6,0x77,0x9d,0x36,0x9d,
    0x36,0x95,0x39,0xbe,0xdc,0xd6,0xbb,0xce,0xbb,0xce,0xbb,0xce,0xfc,0xd6,0x5d,0xe7,0x5d,0xe7,0xdc,0xd6,0xfc,0xd6,0x1c,0xdf,0xbb,0xce,0xdc,0xd6,0x39,0xbe,0x36,0x95,
    0x8a,0x4a,0x39,0xbe,0xdc,0xce,0xbb,0xce,0xbb,0xce,0xbb,0xce,0x3d,0xdf,0x7e,0xe7,0x5d,0xe7,0xdb,0xce,0x3d,0xdf,0xdc,0xd6,0xbb,0xce,0xdc,0xce,0x39,0xbe,0x8a,0x4a,
    0x8a,0x4a,0x39,0xbe,0xdc,0xd6,0xbb,0xce,0xbb,0xce,0xdc,0xd6,0x5d,0xe7,0x9b,0xc6,0x5a,0xbe,0xdc,0xd6,0x3d,0xdf,0xbb,0xce,0xbb,0xce,0xdc,0xce,0x39,0xbe,0x8a,0x4a,
    0x36,0x95,0x39,0xbe,0xdc,0xd6,0xbb,0xce,0xbb,0xce,0x3d,0xe7,0xdc,0xce,0xf4,0x8c,0xf5,0x8c,0xbb,0xce,0x1d,0xdf,0x9b,0xce,0xbb,0xce,0xdc,0xd6,0x39,0xbe,0x36,0x95,
    0x15,0x95,0xb7,0xa5,0xbb,0xce,0xbb,0xce,0xdb,0xce,0x1d,0xdf,0x97,0xa5,0xb5,0x52,0xf7,0x9c,0x97,0xa5,0xbb,0xce,0xbb,0xce,0xdb,0xce,0xbb,0xce,0x97,0xa5,0x35,0x95,
    0x00,0x00,0x35,0x95,0x97,0xa5,0x97,0xa5,0x97,0xa5,0x97,0xa5,0x35,0x95,0xff,0xff,0xff,0xff,0x36,0x95,0x97,0x9d,0x97,0xa5,0x97,0xa5,0x97,0x9d,0x35,0x95,0x00,0x00,
    0xff,0x07,0x00,0x00,0xaa,0x52,0xd5,0x7c,0xd5,0x7c,0xaa,0x52,0x00,0x00,0x1f,0x00,0x1f,0x00,0x00,0x00,0xb5,0x52,0xd5,0x7c,0xd3,0x7c,0x0f,0x00,0x00,0x00,0xff,0xff,
    0x00,0x00,0x55,0xad,0x00,0x00,0x00,0x00,0x00,0x00,0x00,0x00,0x55,0xad,0x00,0x00,0x00,0x00,0x55,0xad,0x00,0x00,0x00,0x00,0x00,0x00,0x00,0x00,0x55,0xad,0x00,0x00,
    0x00,0x00,0x00,0x00,0x00,0x00,0xff,0xff,0xff,0xff,0x00,0x00,0x00,0x00,0x00,0x00,0x00,0x00,0x00,0x00,0x00,0x00,0xff,0xff,0xff,0xff,0x00,0x00,0x00,0x00,0x00,0x00,
    0x00,0x00,0x00,0x00,0x00,0x00,0x00,0x00,0x00,0x00,0x00,0x00,0x00,0x00,0x00,0x00,0x00,0x00,0x00,0x00,0x00,0x00,0x00,0x00,0x00,0x00,0x00,0x00,0x00,0x00,0x00,0x00,
    0x00,0x00,0x00,0x00,0x00,0x00,0x00,0x00,0x00,0x00,0x00,0x00,0x00,0x00,0x00,0x00,0x00,0x00,0x00,0x01,0x01,0x01,0x01,0x01,0x01,0x01,0x01,0x01,0x01,0x00,0x00,0x00,
    0x00,0x03,0x02,0x00,0x00,0x00,0x00,0x00,0x00,0x00,0x00,0x00,0x00,0x03,0x03,0x00,0x01,0x00,0x00,0x03,0x0d,0x11,0x11,0x11,0x11,0x11,0x11,0x0d,0x03,0x00,0x00,0x01,
    0x00,0x46,0xb5,0xd6,0xe7,0xee,0xee,0xee,0xee,0xee,0xee,0xe7,0xd5,0xb2,0x42,0x00,0x2d,0xfb,0xff,0xff,0xff,0xff,0xff,0xff,0xff,0xff,0xff,0xff,0xff,0xff,0xf9,0x26,
    0xd4,0xff,0xfb,0xfd,0xfe,0xfe,0xfe,0xfe,0xfe,0xfe,0xfe,0xfe,0xfd,0xfb,0xff,0xd1,0xff,0xfe,0xff,0xff,0xff,0xff,0xff,0xfc,0xfc,0xff,0xff,0xff,0xff,0xff,0xfe,0xff,
    0xff,0xff,0xff,0xff,0xff,0xff,0xfe,0xff,0xff,0xfe,0xff,0xff,0xff,0xff,0xfe,0xff,0xd3,0xfe,0xfc,0xfe,0xfe,0xfb,0xff,0x85,0x8a,0xff,0xfb,0xfe,0xfe,0xfc,0xff,0xd1,
    0x32,0xff,0xff,0xff,0xff,0xff,0xf3,0x03,0x08,0xf7,0xff,0xff,0xff,0xff,0xff,0x2b,0x00,0x66,0xd7,0xed,0xed,0xd7,0x57,0x01,0x01,0x5e,0xd8,0xed,0xed,0xd6,0x60,0x00,
    0x01,0x00,0x03,0x12,0x12,0x03,0x00,0x01,0x01,0x00,0x03,0x12,0x12,0x02,0x00,0x01,0x00,0x03,0x00,0x00,0x00,0x00,0x03,0x00,0x00,0x03,0x00,0x00,0x00,0x00,0x03,0x00,
    0x00,0x00,0x01,0x01,0x01,0x01,0x00,0x00,0x00,0x00,0x01,0x01,0x01,0x01,0x00,0x00,0x00,0x00,0x00,0x00,0x00,0x00,0x00,0x00,0x00,0x00,0x00,0x00,0x00,0x00,0x00,0x00,

};

const lv_image_dsc_t emoji_goggles_16 = {
  .header.magic = LV_IMAGE_HEADER_MAGIC,
  .header.cf = LV_COLOR_FORMAT_RGB565A8,
  .header.flags = 0,
  .header.w = 16,
  .header.h = 16,
  .header.stride = 32,
  .data_size = sizeof(emoji_goggles_16_map),
  .data = emoji_goggles_16_map,
};




#ifndef LV_ATTRIBUTE_MEM_ALIGN
#define LV_ATTRIBUTE_MEM_ALIGN
#endif

#ifndef LV_ATTRIBUTE_EMOJI_LIZARD_16
#define LV_ATTRIBUTE_EMOJI_LIZARD_16
#endif

static const
LV_ATTRIBUTE_MEM_ALIGN LV_ATTRIBUTE_LARGE_CONST LV_ATTRIBUTE_EMOJI_LIZARD_16
uint8_t emoji_lizard_16_map[] = {

    0x00,0x00,0x00,0x00,0x29,0x5c,0xa9,0x64,0xa9,0x75,0x00,0x00,0x83,0x3b,0xa3,0x3b,0x00,0x00,0xc6,0x64,0x00,0x00,0x00,0x00,0x00,0x00,0x00,0x00,0x00,0x00,0x00,0x00,
    0x4c,0x8e,0x0b,0x86,0xaa,0x64,0x49,0x64,0x0b,0x86,0x6a,0x75,0x42,0x3b,0x63,0x3b,0x00,0x00,0x00,0x00,0xe7,0x7d,0xe0,0x07,0x00,0x00,0x00,0x00,0xe0,0x7b,0xa0,0x52,
    0x87,0x5c,0x28,0x6d,0x08,0x65,0x29,0x6d,0x8a,0x75,0xaa,0x7d,0xeb,0x85,0x08,0x6d,0x29,0x6d,0x29,0x6d,0x00,0x00,0x00,0x00,0x4a,0x55,0x00,0x00,0x00,0x00,0x00,0x00,
    0x42,0x3b,0xa3,0x3b,0x43,0x3b,0x63,0x3b,0xc4,0x43,0x45,0x54,0xc7,0x5c,0x29,0x6d,0xcb,0x7d,0xcb,0x7d,0xaa,0x7d,0x08,0x5d,0x00,0x00,0xff,0xff,0x63,0x3b,0x83,0x3b,
    0x00,0x00,0xa3,0x43,0xa5,0x32,0x84,0x3b,0x83,0x3b,0x43,0x3b,0x62,0x3b,0xa3,0x3b,0xe4,0x4b,0xc7,0x5c,0x0b,0x86,0xcb,0x7d,0x05,0x4c,0x83,0x3b,0xa3,0x43,0x83,0x3b,
    0x00,0x00,0x00,0x00,0x63,0x3b,0xa3,0x43,0x83,0x3b,0xa3,0x43,0xa3,0x43,0xa3,0x43,0x63,0x3b,0x63,0x3b,0xe4,0x43,0x49,0x75,0xca,0x7d,0xc4,0x43,0x83,0x3b,0xc3,0x43,
    0x00,0x00,0xe0,0x03,0x00,0x00,0x00,0x00,0x83,0x3b,0xa3,0x43,0x83,0x3b,0x00,0x00,0x00,0x00,0xe4,0x43,0x83,0x3b,0xa3,0x3b,0x89,0x75,0xab,0x7d,0x00,0x00,0x00,0x00,
    0x00,0x00,0x00,0x00,0xa0,0x52,0xe0,0x3b,0x00,0x00,0x00,0x00,0x00,0x00,0xe0,0x3b,0xe0,0x3b,0x83,0x3b,0xa3,0x43,0xa3,0x43,0xc4,0x43,0xeb,0x85,0x8a,0x75,0xe0,0x03,
    0x00,0x00,0x00,0x00,0x00,0x00,0x00,0x00,0xe0,0x07,0xa0,0x52,0xe0,0x7b,0x40,0x55,0x00,0x00,0x83,0x3b,0xa3,0x43,0x83,0x3b,0x83,0x3b,0x49,0x6d,0xab,0x7d,0x00,0x00,
    0x00,0x00,0x00,0x00,0x00,0x00,0x00,0x00,0x00,0x00,0x00,0x00,0x00,0x00,0xa0,0x52,0x00,0x00,0x83,0x3b,0x83,0x3b,0xef,0x7f,0x63,0x3b,0xc7,0x5c,0xab,0x7d,0x00,0x00,
    0x00,0x00,0x00,0x00,0x00,0x00,0x4a,0x55,0xe7,0x7b,0x4a,0x55,0xe7,0x3b,0xa0,0x52,0xe0,0x07,0x83,0x3b,0x83,0x3b,0xe0,0x03,0x42,0x3b,0xc6,0x5c,0xcb,0x7d,0x00,0x00,
    0x00,0x00,0x00,0x00,0xff,0xff,0x00,0x00,0x00,0x00,0x00,0x00,0x00,0x00,0x00,0x00,0x00,0x00,0x83,0x3b,0xa3,0x3b,0x00,0x00,0x42,0x33,0x08,0x65,0xcb,0x7d,0x00,0x00,
    0x00,0x00,0x00,0x00,0x00,0x00,0xe5,0x4b,0x86,0x5c,0x66,0x54,0x05,0x4c,0xa3,0x3b,0xa0,0x09,0x00,0x00,0x00,0x00,0x22,0x33,0xa3,0x43,0xca,0x7d,0xab,0x7d,0x00,0x00,
    0x4a,0x55,0x00,0x00,0x25,0x4c,0x28,0x6d,0x8a,0x75,0x6a,0x75,0x29,0x6d,0xe8,0x64,0xa7,0x5c,0x46,0x54,0x05,0x4c,0x86,0x54,0x8a,0x75,0xab,0x7d,0x00,0x00,0xef,0x7b,
    0xef,0x7f,0x00,0x00,0x87,0x5c,0x2c,0x8e,0x00,0x00,0x00,0x00,0x00,0x00,0xf7,0xdf,0x0c,0x86,0x8a,0x75,0x6a,0x75,0xeb,0x7d,0xeb,0x7d,0x00,0x00,0xe0,0xff,0x00,0x00,
    0xef,0x7f,0x00,0x00,0x67,0x5c,0x28,0x65,0xe7,0x7d,0x66,0x66,0xe7,0x7b,0x00,0x00,0x00,0x00,0x00,0x00,0x00,0x00,0x00,0x00,0x00,0x00,0xe0,0xff,0x00,0x00,0x00,0x00,
    0x00,0x00,0x3b,0x5b,0x20,0x00,0x97,0x7d,0x00,0x05,0x00,0x00,0x00,0x00,0x00,0x00,0x2a,0xb8,0xfe,0xff,0xe1,0x30,0x91,0xdd,0x04,0x00,0x04,0x01,0x00,0x01,0x02,0x03,
    0xe7,0xff,0xfe,0xfc,0xff,0xf1,0xb4,0xfa,0x80,0x1a,0x00,0x00,0x03,0x00,0x00,0x00,0x83,0xff,0xfc,0xfc,0xff,0xff,0xff,0xfd,0xff,0xed,0x88,0x0b,0x00,0x01,0x39,0x4a,
    0x00,0x92,0xff,0xff,0xe0,0x99,0xe0,0xff,0xff,0xff,0xff,0xc9,0x75,0xde,0xfe,0xd6,0x01,0x00,0x43,0x53,0x41,0xb4,0xe3,0x6c,0x7c,0xf9,0xff,0xff,0xff,0xde,0x57,0x22,
    0x00,0x02,0x00,0x00,0x1d,0xa9,0x40,0x00,0x00,0x29,0xd7,0xf7,0xfc,0xc2,0x00,0x00,0x00,0x00,0x03,0x04,0x00,0x00,0x00,0x04,0x04,0x3d,0xe1,0xff,0xfb,0xff,0x54,0x02,
    0x00,0x00,0x00,0x00,0x01,0x03,0x02,0x03,0x00,0xc6,0xe7,0x98,0xff,0xfe,0xac,0x00,0x00,0x00,0x00,0x00,0x00,0x00,0x00,0x03,0x00,0x6a,0xcb,0x02,0xeb,0xff,0xd2,0x01,
    0x00,0x00,0x00,0x03,0x04,0x03,0x04,0x06,0x01,0xaf,0xde,0x02,0xc2,0xff,0xd1,0x01,0x00,0x00,0x01,0x00,0x00,0x00,0x00,0x00,0x00,0x31,0x3d,0x00,0xd1,0xfd,0xab,0x00,
    0x00,0x01,0x00,0x52,0xae,0xba,0xa4,0x5e,0x18,0x00,0x00,0x68,0xfc,0xff,0x4a,0x00,0x03,0x00,0x70,0xd9,0x7b,0x6a,0xa1,0xee,0xfd,0xda,0xe3,0xff,0xff,0x92,0x00,0x02,
    0x02,0x00,0xb6,0x27,0x00,0x00,0x00,0x08,0x4d,0x8e,0xae,0x91,0x49,0x00,0x01,0x01,0x02,0x00,0x6d,0x20,0x04,0x05,0x04,0x00,0x00,0x00,0x00,0x00,0x00,0x01,0x00,0x00,

};

const lv_image_dsc_t emoji_lizard_16 = {
  .header.magic = LV_IMAGE_HEADER_MAGIC,
  .header.cf = LV_COLOR_FORMAT_RGB565A8,
  .header.flags = 0,
  .header.w = 16,
  .header.h = 16,
  .header.stride = 32,
  .data_size = sizeof(emoji_lizard_16_map),
  .data = emoji_lizard_16_map,
};




#ifndef LV_ATTRIBUTE_MEM_ALIGN
#define LV_ATTRIBUTE_MEM_ALIGN
#endif

#ifndef LV_ATTRIBUTE_EMOJI_KANGAROO_16
#define LV_ATTRIBUTE_EMOJI_KANGAROO_16
#endif

static const
LV_ATTRIBUTE_MEM_ALIGN LV_ATTRIBUTE_LARGE_CONST LV_ATTRIBUTE_EMOJI_KANGAROO_16
uint8_t emoji_kangaroo_16_map[] = {

    0x00,0xf8,0x4a,0xfd,0x29,0xbb,0x0d,0xcc,0xcf,0xd4,0xaa,0xaa,0x00,0x00,0x00,0x00,0x00,0x00,0x00,0x00,0x00,0x00,0x00,0x00,0x00,0x00,0x00,0x00,0x00,0x00,0x00,0x00,
    0x4a,0xad,0xe0,0xff,0x29,0xc3,0x0c,0xcc,0x2d,0xcc,0x00,0x00,0xef,0xfb,0x00,0x00,0x00,0x00,0x00,0x00,0x00,0x00,0x00,0x00,0x00,0x00,0x00,0x00,0x00,0x00,0x00,0x00,
    0x00,0x00,0xef,0xbb,0x6e,0xc4,0x10,0xe5,0xcf,0xd4,0xef,0xbb,0xef,0xfb,0x00,0x00,0x00,0x00,0x00,0x00,0x00,0x00,0x00,0x00,0x00,0x00,0x00,0x00,0x00,0x00,0x00,0x00,
    0xb5,0xfe,0xf0,0xdc,0xed,0xa3,0xcf,0xd4,0x31,0xe5,0xf0,0xd4,0x00,0x00,0x4a,0xad,0x00,0x00,0x00,0x00,0x00,0x00,0x00,0x00,0x00,0x00,0x00,0x00,0x00,0x00,0x00,0x00,
    0xed,0xa3,0xb2,0xfd,0x10,0xdd,0xf0,0xdc,0x31,0xe5,0xef,0xd4,0xef,0xbb,0xf7,0xfd,0x00,0x00,0x00,0x00,0x00,0x00,0x00,0x00,0x00,0x00,0x00,0x00,0x00,0x00,0x00,0x00,
    0x0d,0xac,0x10,0xdd,0xcf,0xd4,0xf0,0xdc,0x30,0xe5,0xef,0xd4,0x00,0x00,0x00,0x00,0x4a,0xad,0x00,0x00,0x00,0x00,0x00,0x00,0x00,0x00,0x00,0x00,0x00,0x00,0x00,0x00,
    0x00,0x00,0x00,0x00,0xf0,0xdc,0x51,0xe5,0x10,0xdd,0x10,0xdd,0x10,0xdd,0xcf,0xd4,0x00,0x00,0x4a,0xad,0x00,0x00,0x00,0x00,0x00,0x00,0x00,0x00,0x00,0x00,0x00,0x00,
    0xad,0xdd,0xef,0xfd,0xf0,0xdc,0x51,0xed,0xd0,0xd4,0x10,0xe5,0x51,0xed,0x10,0xe5,0xef,0xd4,0x00,0x00,0x4a,0xad,0x00,0x00,0x00,0x00,0x00,0x00,0x00,0x00,0x00,0x00,
    0xef,0xbb,0x00,0x00,0x10,0xdd,0x31,0xe5,0x2d,0xcc,0xf0,0xdc,0xf0,0xdc,0x10,0xdd,0x30,0xe5,0xcf,0xdc,0x00,0x00,0x4a,0xad,0x00,0x00,0x00,0x00,0x00,0x00,0x00,0x00,
    0xff,0xff,0xef,0xdc,0xf0,0xd4,0x8e,0xd4,0xaf,0xd4,0x10,0xdd,0xf0,0xdc,0xf0,0xdc,0x10,0xe5,0xf0,0xdc,0xef,0xcc,0xff,0xff,0x00,0xf8,0x00,0x00,0x00,0x00,0x00,0x00,
    0x00,0x00,0xf0,0xd4,0xf0,0xd4,0xcf,0xd4,0x72,0xed,0xf0,0xdc,0xf0,0xdc,0xf0,0xdc,0xf0,0xdc,0x51,0xed,0xf0,0xdc,0x00,0x00,0xef,0xbb,0x00,0x00,0x00,0x00,0x00,0x00,
    0x00,0x00,0xef,0x7b,0x00,0x00,0x0f,0xdd,0x10,0xdd,0x51,0xed,0xf0,0xdc,0xf0,0xdc,0xf0,0xdc,0x31,0xe5,0xf0,0xdc,0xff,0xff,0xef,0x7b,0x00,0x00,0x00,0xf8,0x4a,0xad,
    0x00,0x00,0x00,0x00,0xef,0xfb,0x00,0x00,0x6e,0xc4,0x10,0xdd,0x10,0xdd,0xf0,0xdc,0xf0,0xdc,0x10,0xdd,0x10,0xdd,0xf0,0xd4,0x00,0x00,0x4f,0xd5,0x00,0x00,0x00,0x00,
    0x00,0x00,0x00,0x00,0x00,0x00,0xef,0xfb,0x00,0x00,0x00,0x00,0xf0,0xdc,0xf0,0xdc,0x10,0xdd,0xf0,0xdc,0x71,0xed,0xf0,0xdc,0x00,0x00,0x00,0x00,0x00,0x00,0xf0,0xdc,
    0x00,0x00,0x00,0x00,0x00,0x00,0x00,0x00,0x00,0x00,0x00,0x00,0xf0,0xdc,0xf0,0xdc,0x00,0x00,0xd0,0xd4,0x10,0xe5,0x51,0xed,0xf0,0xdc,0xf0,0xdc,0x10,0xdd,0xf0,0xdc,
    0x00,0x00,0x00,0x00,0x00,0x00,0x00,0x00,0xf0,0xdc,0x10,0xdd,0x10,0xdd,0xf0,0xdc,0xef,0xbb,0x00,0x00,0xaf,0xcc,0x10,0xdd,0x10,0xdd,0x10,0xdd,0xf0,0xdc,0xef,0xfb,
    0x01,0x03,0x87,0x2f,0xa8,0x03,0x00,0x00,0x00,0x00,0x00,0x00,0x00,0x00,0x00,0x00,0x03,0x01,0xa0,0xb7,0xb7,0x00,0x02,0x00,0x00,0x00,0x00,0x00,0x00,0x00,0x00,0x00,
    0x00,0x08,0xbf,0xff,0xae,0x04,0x02,0x00,0x00,0x00,0x00,0x00,0x00,0x00,0x00,0x00,0x12,0xaf,0xff,0xfb,0xff,0x37,0x00,0x03,0x00,0x00,0x00,0x00,0x00,0x00,0x00,0x00,
    0xdb,0xff,0xff,0xfc,0xfe,0x4c,0x04,0x04,0x00,0x00,0x00,0x00,0x00,0x00,0x00,0x00,0x69,0x7b,0x66,0xfc,0xff,0x3e,0x00,0x00,0x03,0x00,0x00,0x00,0x00,0x00,0x00,0x00,
    0x00,0x00,0x5a,0xff,0xfc,0xd1,0x72,0x17,0x00,0x03,0x00,0x00,0x00,0x00,0x00,0x00,0x07,0x04,0x7c,0xff,0xfb,0xff,0xff,0xe7,0x50,0x00,0x03,0x00,0x00,0x00,0x00,0x00,
    0x04,0x00,0x51,0xff,0xfc,0xfd,0xfa,0xff,0xfe,0x48,0x00,0x03,0x00,0x00,0x00,0x00,0x01,0x08,0xb6,0xfe,0xfb,0xff,0xff,0xfb,0xff,0xe5,0x10,0x01,0x01,0x00,0x00,0x00,
    0x00,0x20,0x82,0xa2,0xff,0xf8,0xff,0xff,0xfa,0xff,0x72,0x00,0x04,0x00,0x00,0x00,0x00,0x02,0x00,0x1c,0xda,0xff,0xfd,0xff,0xfd,0xfd,0xcd,0x01,0x02,0x00,0x01,0x03,
    0x00,0x00,0x02,0x00,0x12,0x88,0xff,0xfb,0xfc,0xff,0xfa,0x27,0x01,0x06,0x00,0x00,0x00,0x00,0x00,0x02,0x00,0x00,0xe9,0xf6,0x3e,0xe7,0xff,0x9c,0x00,0x00,0x01,0x62,
    0x00,0x00,0x00,0x00,0x00,0x00,0x78,0xde,0x00,0x40,0xf0,0xff,0xc2,0xa0,0xde,0x95,0x00,0x00,0x01,0x00,0x5b,0x91,0xc0,0xcc,0x04,0x00,0x36,0xbd,0xff,0xfc,0x97,0x02,

};

const lv_image_dsc_t emoji_kangaroo_16 = {
  .header.magic = LV_IMAGE_HEADER_MAGIC,
  .header.cf = LV_COLOR_FORMAT_RGB565A8,
  .header.flags = 0,
  .header.w = 16,
  .header.h = 16,
  .header.stride = 32,
  .data_size = sizeof(emoji_kangaroo_16_map),
  .data = emoji_kangaroo_16_map,
};




#ifndef LV_ATTRIBUTE_MEM_ALIGN
#define LV_ATTRIBUTE_MEM_ALIGN
#endif

#ifndef LV_ATTRIBUTE_EMOJI_FEATHER_16
#define LV_ATTRIBUTE_EMOJI_FEATHER_16
#endif

static const
LV_ATTRIBUTE_MEM_ALIGN LV_ATTRIBUTE_LARGE_CONST LV_ATTRIBUTE_EMOJI_FEATHER_16
uint8_t emoji_feather_16_map[] = {

    0x00,0x00,0x00,0x00,0x00,0x00,0x00,0x00,0x00,0x00,0x00,0x00,0x00,0x00,0xaa,0xaa,0x00,0x00,0x00,0x00,0x00,0x00,0x43,0x69,0x80,0x50,0x02,0x69,0xa7,0xaa,0xa7,0xaa,
    0x00,0x00,0x00,0x00,0x00,0x00,0x00,0x00,0x00,0x00,0xe0,0xff,0x4a,0xad,0x00,0x00,0x6e,0xe4,0xe5,0x89,0xe2,0x60,0xe1,0x60,0xa4,0x81,0x46,0x9a,0xc5,0x89,0x22,0x69,
    0x00,0x00,0x00,0x00,0x00,0x00,0x00,0x00,0xef,0xfb,0x00,0x00,0x00,0x00,0x8a,0xc3,0x8a,0xcb,0xe8,0xb2,0x22,0x69,0x26,0x92,0x05,0x92,0x02,0x69,0xe2,0x60,0x02,0x61,
    0x00,0x00,0x00,0x00,0x00,0x00,0x4a,0xfd,0x00,0x00,0xec,0xcb,0x31,0xdd,0x6d,0xdc,0x49,0xc3,0x4a,0xc3,0x87,0xa2,0x84,0x79,0xa1,0x50,0xe1,0x60,0x02,0x61,0x02,0x69,
    0x00,0x00,0x00,0x00,0x55,0xad,0x00,0x00,0xaf,0xdc,0x10,0xdd,0x71,0xed,0xaf,0xd4,0x29,0xc3,0xe8,0xb2,0x09,0xb3,0xe8,0xb2,0x67,0x9a,0xe5,0x91,0x02,0x69,0x00,0x00,
    0x00,0x00,0xef,0x7b,0x00,0x00,0xcf,0xd4,0x10,0xdd,0x31,0xe5,0x10,0xdd,0x6e,0xd4,0x09,0xb3,0x09,0xbb,0x29,0xc3,0x49,0xc3,0xab,0xd3,0x6a,0xcb,0x00,0x00,0xaa,0xaa,
    0xef,0x7b,0xff,0xff,0x10,0xdd,0x10,0xdd,0x30,0xe5,0x10,0xdd,0x6e,0xd4,0xab,0xbb,0xcf,0xd4,0xf0,0xdc,0x4d,0xd4,0x2c,0xd4,0x49,0xbb,0x00,0x00,0xe7,0x79,0x00,0x00,
    0x55,0xfd,0x00,0x00,0xf0,0xdc,0x51,0xed,0x10,0xdd,0x8e,0xd4,0xab,0xc3,0xf0,0xdc,0x10,0xdd,0xf0,0xdc,0x51,0xe5,0x31,0xdd,0x00,0x00,0xe7,0xbb,0x00,0x00,0x00,0x00,
    0x00,0x00,0xd3,0xfc,0xf0,0xd4,0x31,0xe5,0xaf,0xd4,0xec,0xcb,0x10,0xdd,0x31,0xe5,0x10,0xe5,0xf0,0xdc,0xcf,0xdc,0x00,0x00,0xaa,0xaa,0x00,0x00,0x00,0x00,0x00,0x00,
    0x00,0x00,0xcf,0xd4,0xf0,0xdc,0xf0,0xdc,0xec,0xcb,0xf0,0xdc,0x10,0xdd,0xf0,0xd4,0x31,0xe5,0xf0,0xdc,0xd3,0xcc,0x4a,0xad,0x00,0xf8,0x00,0x00,0x00,0x00,0x00,0x00,
    0x00,0x00,0xff,0xff,0x10,0xdd,0x2d,0xd4,0xaf,0xd4,0x10,0xdd,0xf0,0xdc,0x31,0xe5,0xf0,0xdc,0x00,0x00,0xef,0x7b,0x00,0xf8,0x00,0x00,0x00,0x00,0x00,0x00,0x00,0x00,
    0x00,0x00,0x6a,0xc3,0x0d,0xcc,0xaf,0xdc,0x31,0xdd,0xf0,0xdc,0x10,0xe5,0x10,0xdd,0xcf,0xd4,0xef,0xfb,0xef,0x7b,0x00,0x00,0x00,0x00,0x00,0x00,0x00,0x00,0x00,0x00,
    0x00,0x00,0x49,0xc3,0xab,0xd3,0x0c,0xcc,0x0d,0xcc,0x2d,0xcc,0x10,0xe5,0x00,0x00,0x00,0x00,0x00,0xf8,0x00,0x00,0x00,0x00,0x00,0x00,0x00,0x00,0x00,0x00,0x00,0x00,
    0x00,0x00,0x49,0xc3,0x6a,0xcb,0x08,0xbb,0x29,0xc3,0xa7,0xb2,0x00,0x00,0x00,0x00,0xff,0xff,0x00,0x00,0x00,0x00,0x00,0x00,0x00,0x00,0x00,0x00,0x00,0x00,0x00,0x00,
    0x49,0xc3,0x49,0xc3,0x00,0x00,0x00,0x00,0x00,0x00,0x00,0x00,0xef,0xfb,0x00,0x00,0x00,0x00,0x00,0x00,0x00,0x00,0x00,0x00,0x00,0x00,0x00,0x00,0x00,0x00,0x00,0x00,
    0x49,0xc3,0xe7,0xba,0xe7,0xbb,0x26,0xcb,0xe7,0xbb,0xef,0xfb,0x00,0x00,0x00,0x00,0x00,0x00,0x00,0x00,0x00,0x00,0x00,0x00,0x00,0x00,0x00,0x00,0x00,0x00,0x00,0x00,
    0x00,0x00,0x00,0x00,0x00,0x00,0x00,0x03,0x00,0x00,0x00,0x25,0x4f,0x72,0x98,0x6c,0x00,0x00,0x00,0x00,0x00,0x01,0x03,0x00,0x09,0x69,0xc9,0xf4,0xff,0xff,0xff,0xaa,
    0x00,0x00,0x00,0x00,0x02,0x00,0x00,0x4f,0xd6,0xff,0xff,0xff,0xfe,0xfa,0xfe,0x64,0x00,0x00,0x00,0x03,0x00,0x0a,0x9a,0xff,0xff,0xfb,0xfd,0xfe,0xfd,0xfe,0xed,0x16,
    0x00,0x00,0x03,0x00,0x22,0xcc,0xff,0xfc,0xfd,0xff,0xff,0xfe,0xfb,0xff,0x5d,0x00,0x00,0x02,0x00,0x2e,0xe4,0xff,0xfb,0xff,0xff,0xfe,0xfe,0xfb,0xff,0x7b,0x00,0x03,
    0x02,0x01,0x1b,0xe3,0xff,0xfb,0xff,0xff,0xff,0xff,0xff,0xff,0x86,0x00,0x04,0x00,0x03,0x00,0x9d,0xff,0xfa,0xff,0xfd,0xfd,0xf6,0xd6,0xee,0x85,0x00,0x04,0x00,0x00,
    0x00,0x05,0xde,0xfe,0xfd,0xff,0xff,0xff,0xff,0xc0,0x30,0x00,0x03,0x01,0x00,0x00,0x00,0x12,0xf0,0xff,0xfd,0xf6,0xd2,0xbf,0xd0,0xa3,0x05,0x03,0x01,0x00,0x00,0x00,
    0x00,0x04,0xe4,0xff,0xfd,0xfd,0xf0,0xdd,0x6a,0x00,0x02,0x01,0x00,0x00,0x00,0x00,0x01,0x71,0xd9,0xf8,0xf9,0xfe,0xff,0xd0,0x23,0x02,0x02,0x00,0x00,0x00,0x00,0x00,
    0x00,0x98,0xff,0xbd,0xaf,0x7c,0x2c,0x00,0x00,0x01,0x00,0x00,0x00,0x00,0x00,0x00,0x01,0x83,0x7e,0x84,0x67,0x27,0x00,0x00,0x01,0x00,0x00,0x00,0x00,0x00,0x00,0x00,
    0x60,0x5e,0x00,0x00,0x00,0x00,0x02,0x00,0x00,0x00,0x00,0x00,0x00,0x00,0x00,0x00,0x75,0x08,0x04,0x05,0x04,0x02,0x00,0x00,0x00,0x00,0x00,0x00,0x00,0x00,0x00,0x00,

};

const lv_image_dsc_t emoji_feather_16 = {
  .header.magic = LV_IMAGE_HEADER_MAGIC,
  .header.cf = LV_COLOR_FORMAT_RGB565A8,
  .header.flags = 0,
  .header.w = 16,
  .header.h = 16,
  .header.stride = 32,
  .data_size = sizeof(emoji_feather_16_map),
  .data = emoji_feather_16_map,
};




#ifndef LV_ATTRIBUTE_MEM_ALIGN
#define LV_ATTRIBUTE_MEM_ALIGN
#endif

#ifndef LV_ATTRIBUTE_EMOJI_BRIGHT_16
#define LV_ATTRIBUTE_EMOJI_BRIGHT_16
#endif

static const
LV_ATTRIBUTE_MEM_ALIGN LV_ATTRIBUTE_LARGE_CONST LV_ATTRIBUTE_EMOJI_BRIGHT_16
uint8_t emoji_bright_16_map[] = {

    0x00,0x00,0x00,0x00,0x00,0x00,0x00,0x00,0xe0,0xff,0xe0,0xff,0x00,0x00,0x66,0xfd,0x66,0xfd,0x00,0x00,0xe0,0xff,0xe0,0xff,0x00,0x00,0x00,0x00,0x00,0x00,0x00,0x00,
    0x00,0x00,0x00,0x00,0x00,0x00,0x00,0x00,0x00,0x00,0x00,0xf8,0x00,0x00,0x46,0xfd,0x46,0xfd,0x00,0x00,0x00,0xf8,0x00,0x00,0x00,0x00,0x00,0x00,0x00,0x00,0x00,0x00,
    0xe0,0xff,0x4a,0xfd,0x46,0xfd,0x86,0xfd,0x47,0xfd,0xe0,0xff,0x40,0xfd,0x66,0xfd,0x66,0xfd,0x40,0xfd,0xe0,0xff,0x47,0xfd,0x86,0xfd,0x46,0xfd,0x4a,0xfd,0xe0,0xff,
    0xe0,0xfb,0x4a,0xfd,0x66,0xfd,0x47,0xfe,0x46,0xfd,0x4a,0xfd,0x00,0x00,0x66,0xfd,0x66,0xfd,0x00,0x00,0x4a,0xfd,0x46,0xfd,0x47,0xfe,0x66,0xfd,0x4a,0xfd,0xe0,0xfb,
    0xe0,0xfb,0xe0,0xfb,0x05,0xfd,0x66,0xfd,0x66,0xfd,0x26,0xfd,0x86,0xfd,0x66,0xfd,0x66,0xfd,0x86,0xfd,0x26,0xfd,0x66,0xfd,0x66,0xfd,0x05,0xfd,0xe0,0xfb,0xe0,0xfb,
    0x00,0xf8,0x00,0x00,0x00,0x00,0xa9,0xfd,0x46,0xfd,0x86,0xfd,0xe7,0xfd,0x66,0xfd,0x46,0xfd,0xe7,0xfd,0x86,0xfd,0x66,0xfd,0xa9,0xfd,0x00,0x00,0x00,0x00,0x00,0xf8,
    0x00,0x00,0x00,0x00,0xe0,0xfb,0x00,0x00,0x46,0xfd,0xe7,0xfd,0x66,0xfd,0x4a,0xfd,0x4a,0xfd,0x66,0xfd,0xe7,0xfd,0x66,0xfd,0x00,0x00,0xe0,0xfb,0x00,0x00,0x00,0x00,
    0x66,0xfd,0x66,0xfd,0x86,0xfd,0x66,0xfd,0x46,0xfd,0x46,0xfd,0x00,0x00,0x00,0x00,0x00,0x00,0x00,0x00,0x46,0xfd,0x66,0xfd,0x46,0xfd,0x86,0xfd,0x66,0xfd,0x66,0xfd,
    0x66,0xfd,0x66,0xfd,0x86,0xfd,0x66,0xfd,0x46,0xfd,0x46,0xfd,0x00,0x00,0x00,0x00,0x00,0x00,0x00,0x00,0x46,0xfd,0x66,0xfd,0x46,0xfd,0x86,0xfd,0x66,0xfd,0x66,0xfd,
    0x00,0x00,0x00,0x00,0xe0,0xfb,0x00,0x00,0x66,0xfd,0xe7,0xfd,0x66,0xfd,0x4a,0xfd,0x4a,0xfd,0x66,0xfd,0xe7,0xfd,0x66,0xfd,0x00,0x00,0xe0,0xfb,0x00,0x00,0x00,0x00,
    0x00,0xf8,0x00,0x00,0x00,0x00,0xa9,0xfd,0x46,0xfd,0x86,0xfd,0xe7,0xfd,0x66,0xfd,0x66,0xfd,0xe7,0xfd,0x86,0xfd,0x46,0xfd,0xa9,0xfd,0x00,0x00,0x00,0x00,0x00,0xf8,
    0xe0,0xfb,0xe0,0xfb,0x05,0xfd,0x66,0xfd,0x66,0xfd,0x26,0xfd,0x86,0xfd,0x66,0xfd,0x66,0xfd,0x86,0xfd,0x26,0xfd,0x66,0xfd,0x66,0xfd,0x05,0xfd,0xe0,0xfb,0xe0,0xfb,
    0xe0,0xfb,0x4a,0xfd,0x66,0xfd,0x47,0xfe,0x46,0xfd,0x4a,0xfd,0x00,0x00,0x66,0xfd,0x66,0xfd,0x00,0x00,0x4a,0xfd,0x46,0xfd,0x47,0xfe,0x66,0xfd,0x4a,0xfd,0xe0,0xfb,
    0xe0,0xff,0x4a,0xfd,0x46,0xfd,0x86,0xfd,0x47,0xfd,0xe0,0xff,0xe0,0xff,0x66,0xfd,0x66,0xfd,0x40,0xfd,0xe0,0xff,0x47,0xfd,0x86,0xfd,0x46,0xfd,0x4a,0xfd,0xe0,0xff,
    0x00,0x00,0x00,0x00,0x00,0x00,0x00,0x00,0x00,0x00,0x00,0xf8,0x00,0x00,0x46,0xfd,0x46,0xfd,0x00,0x00,0x00,0xf8,0x00,0x00,0x00,0x00,0x00,0x00,0x00,0x00,0x00,0x00,
    0x00,0x00,0x00,0x00,0x00,0x00,0x00,0x00,0xe0,0xff,0xe0,0xff,0x00,0x00,0x66,0xfd,0x66,0xfd,0x00,0x00,0xe0,0xff,0xe0,0xff,0x00,0x00,0x00,0x00,0x00,0x00,0x00,0x00,
    0x00,0x00,0x00,0x00,0x01,0x01,0x00,0xcc,0xcc,0x00,0x01,0x01,0x00,0x00,0x00,0x00,0x00,0x00,0x00,0x00,0x00,0x01,0x00,0xe5,0xe5,0x00,0x01,0x00,0x00,0x00,0x00,0x00,
    0x01,0x03,0xbe,0xb8,0x09,0x01,0x03,0xeb,0xeb,0x03,0x01,0x09,0xb8,0xbe,0x03,0x01,0x02,0x03,0xba,0xff,0xbe,0x03,0x00,0x73,0x73,0x00,0x03,0xbe,0xff,0xba,0x03,0x02,
    0x02,0x02,0x0b,0xbc,0xf1,0x4c,0xaf,0xe5,0xe4,0xaf,0x4c,0xf1,0xbc,0x0b,0x02,0x02,0x01,0x00,0x00,0x07,0x4c,0xf0,0xff,0xdf,0xe0,0xff,0xf0,0x4b,0x07,0x00,0x00,0x01,
    0x00,0x00,0x02,0x00,0xb4,0xff,0x73,0x03,0x03,0x73,0xff,0xb3,0x00,0x02,0x00,0x00,0xcc,0xe2,0xe2,0x73,0xe9,0xe0,0x00,0x00,0x00,0x00,0xe0,0xe8,0x73,0xe2,0xe2,0xcc,
    0xcc,0xe2,0xe2,0x73,0xe9,0xe0,0x00,0x00,0x00,0x00,0xe0,0xe8,0x73,0xe2,0xe2,0xcc,0x00,0x00,0x02,0x00,0xb4,0xff,0x72,0x03,0x03,0x72,0xff,0xb4,0x00,0x02,0x00,0x00,
    0x01,0x00,0x00,0x07,0x4c,0xf0,0xff,0xdf,0xdf,0xff,0xf0,0x4c,0x07,0x00,0x00,0x01,0x02,0x02,0x0b,0xbc,0xf1,0x4c,0xb0,0xe5,0xe5,0xaf,0x4c,0xf1,0xbc,0x0b,0x02,0x02,
    0x02,0x03,0xba,0xff,0xbe,0x03,0x00,0x73,0x73,0x00,0x03,0xbe,0xff,0xba,0x03,0x02,0x01,0x03,0xbe,0xb8,0x09,0x01,0x02,0xeb,0xeb,0x03,0x01,0x09,0xb8,0xbe,0x03,0x01,
    0x00,0x00,0x00,0x00,0x00,0x01,0x00,0xe5,0xe5,0x00,0x01,0x00,0x00,0x00,0x00,0x00,0x00,0x00,0x00,0x00,0x01,0x01,0x00,0xcc,0xcc,0x00,0x01,0x01,0x00,0x00,0x00,0x00,

};

const lv_image_dsc_t emoji_bright_16 = {
  .header.magic = LV_IMAGE_HEADER_MAGIC,
  .header.cf = LV_COLOR_FORMAT_RGB565A8,
  .header.flags = 0,
  .header.w = 16,
  .header.h = 16,
  .header.stride = 32,
  .data_size = sizeof(emoji_bright_16_map),
  .data = emoji_bright_16_map,
};




#ifndef LV_ATTRIBUTE_MEM_ALIGN
#define LV_ATTRIBUTE_MEM_ALIGN
#endif

#ifndef LV_ATTRIBUTE_EMOJI_PART_ALT_16
#define LV_ATTRIBUTE_EMOJI_PART_ALT_16
#endif

static const
LV_ATTRIBUTE_MEM_ALIGN LV_ATTRIBUTE_LARGE_CONST LV_ATTRIBUTE_EMOJI_PART_ALT_16
uint8_t emoji_part_alt_16_map[] = {

    0x00,0x00,0xe0,0xff,0xef,0xff,0x00,0x00,0xe0,0xff,0xe0,0xff,0x00,0x00,0x00,0x00,0x4a,0xfd,0x00,0x00,0x00,0x00,0xe0,0xff,0x00,0x00,0x00,0x00,0x00,0x00,0x00,0x00,
    0x00,0x00,0x00,0x00,0x00,0x00,0x89,0xfe,0x00,0x00,0x00,0x00,0x00,0xf8,0x00,0xf8,0x00,0x00,0x6a,0xfe,0x00,0x00,0x00,0x00,0xe0,0xff,0x00,0x00,0x00,0x00,0x00,0x00,
    0xef,0xff,0xa9,0xfd,0x69,0xfe,0xaa,0xfe,0x69,0xfe,0x69,0xfe,0xe7,0xfd,0x00,0x00,0x49,0xfe,0xca,0xfe,0x69,0xfe,0x69,0xfe,0xef,0xfb,0xe0,0xfb,0x00,0x00,0x00,0x00,
    0x00,0x00,0x49,0xfe,0x0a,0xff,0x49,0xfe,0x0a,0xff,0x49,0xfe,0x00,0x00,0x69,0xfe,0xca,0xfe,0x69,0xfe,0xea,0xfe,0x49,0xfe,0x00,0x00,0x4a,0xfd,0x00,0x00,0x00,0x00,
    0xaa,0xfe,0x49,0xfe,0x89,0xfe,0x69,0xfe,0x69,0xfe,0x69,0xfe,0x49,0xfe,0x69,0xfe,0xca,0xfe,0x49,0xfe,0x69,0xfe,0xaa,0xfe,0x49,0xfe,0x00,0x00,0xea,0xff,0x00,0x00,
    0x49,0xfe,0xaa,0xfe,0x69,0xfe,0x69,0xfe,0x49,0xfe,0xaa,0xfe,0x69,0xfe,0x49,0xfe,0xaa,0xfe,0x69,0xfe,0x49,0xfe,0x0a,0xff,0x49,0xfe,0xe0,0xff,0xe0,0xfb,0x00,0x00,
    0x69,0xfe,0xea,0xfe,0x69,0xfe,0x00,0x00,0x69,0xfe,0x0a,0xff,0x49,0xfe,0xca,0xfe,0x69,0xfe,0x00,0x00,0x69,0xfe,0xca,0xfe,0x89,0xfe,0x49,0xfe,0x00,0x00,0xea,0xff,
    0x49,0xfe,0x6b,0xff,0x49,0xfe,0xe0,0xfb,0x49,0xfe,0x69,0xfe,0xca,0xfe,0x89,0xfe,0x49,0xfe,0xef,0xff,0x28,0xfe,0x49,0xfe,0xea,0xfe,0x69,0xfe,0x00,0x00,0x4a,0xfd,
    0x69,0xfe,0xca,0xfe,0x8a,0xfe,0x00,0x00,0x00,0x00,0xe7,0xfd,0xca,0xfe,0x29,0xfe,0x00,0x00,0x66,0xfe,0x00,0x00,0x69,0xfe,0xea,0xfe,0x69,0xfe,0x49,0xfe,0x00,0x00,
    0x00,0x00,0x00,0x00,0x00,0x00,0x00,0x00,0xe0,0xff,0x00,0x00,0x00,0x00,0x00,0x00,0xef,0xfb,0xef,0xff,0xe0,0xff,0x69,0xfe,0x69,0xfe,0xea,0xfe,0x69,0xfe,0x00,0x00,
    0x4a,0xfd,0xe7,0xfd,0xe0,0xff,0x00,0x00,0x00,0x00,0xe0,0xff,0x4a,0xfd,0xe0,0xfb,0x00,0x00,0x00,0x00,0x4a,0xfd,0x00,0x00,0x49,0xfe,0x0a,0xff,0x49,0xfe,0x66,0xfe,
    0x00,0x00,0x00,0x00,0x00,0x00,0x00,0x00,0x00,0x00,0x00,0x00,0x00,0x00,0x00,0x00,0x00,0x00,0x00,0x00,0x4a,0xfd,0x00,0xf8,0x49,0xfe,0x89,0xfe,0x69,0xfe,0x69,0xfe,
    0x00,0x00,0x00,0x00,0x00,0x00,0x00,0x00,0x00,0x00,0x00,0x00,0x00,0x00,0x00,0x00,0x00,0x00,0x00,0x00,0x00,0x00,0xe0,0xff,0xea,0xff,0x49,0xfe,0xea,0xfe,0x49,0xfe,
    0x00,0x00,0x00,0x00,0x00,0x00,0x00,0x00,0x00,0x00,0x00,0x00,0x00,0x00,0x00,0x00,0x00,0x00,0x00,0x00,0x00,0x00,0xe7,0xfd,0x00,0x00,0x69,0xfe,0x6b,0xff,0x69,0xfe,
    0x00,0x00,0x00,0x00,0x00,0x00,0x00,0x00,0x00,0x00,0x00,0x00,0x00,0x00,0x00,0x00,0x00,0x00,0x00,0x00,0x00,0x00,0xe0,0xff,0x00,0x00,0x69,0xfe,0x8a,0xfe,0x69,0xfe,
    0x00,0x00,0x00,0x00,0x00,0x00,0x00,0x00,0x00,0x00,0x00,0x00,0x00,0x00,0x00,0x00,0x00,0x00,0x00,0x00,0x00,0x00,0x00,0x00,0x00,0x00,0x00,0x00,0x00,0x00,0x00,0x00,
    0x00,0x01,0x02,0x00,0x01,0x01,0x00,0x00,0x03,0x00,0x00,0x01,0x00,0x00,0x00,0x00,0x00,0x00,0x00,0x11,0x00,0x00,0x01,0x01,0x00,0x0f,0x00,0x00,0x01,0x00,0x00,0x00,
    0x02,0x07,0xa3,0xee,0xb5,0x10,0x04,0x00,0x7c,0xec,0xc3,0x15,0x02,0x02,0x00,0x00,0x00,0x7e,0xff,0xfe,0xff,0x9c,0x00,0x48,0xff,0xff,0xff,0xb0,0x00,0x03,0x00,0x00,
    0x12,0xea,0xfc,0xf8,0xfd,0xfa,0x21,0xb9,0xfc,0xfd,0xfc,0xff,0x4a,0x00,0x03,0x00,0x5d,0xff,0xfb,0x4b,0xe0,0xfd,0xe1,0xf8,0xff,0x5f,0xc7,0xfd,0xc7,0x01,0x02,0x00,
    0xa3,0xfb,0xd3,0x00,0x7e,0xff,0xfd,0xff,0xd4,0x00,0x68,0xff,0xff,0x44,0x00,0x03,0xd6,0xff,0x8b,0x02,0x0e,0xbf,0xff,0xea,0x39,0x02,0x12,0xe5,0xfe,0xaf,0x00,0x03,
    0x58,0xa1,0x1c,0x00,0x00,0x04,0x3b,0x1a,0x00,0x05,0x00,0x83,0xff,0xf6,0x22,0x00,0x00,0x00,0x00,0x00,0x01,0x00,0x00,0x00,0x02,0x02,0x01,0x1e,0xf2,0xff,0x7a,0x00,
    0x03,0x04,0x01,0x00,0x00,0x01,0x03,0x02,0x00,0x00,0x03,0x00,0x9d,0xfe,0xcf,0x05,0x00,0x00,0x00,0x00,0x00,0x00,0x00,0x00,0x00,0x00,0x03,0x01,0x39,0xfe,0xfd,0x40,
    0x00,0x00,0x00,0x00,0x00,0x00,0x00,0x00,0x00,0x00,0x00,0x01,0x03,0xd1,0xfb,0xa2,0x00,0x00,0x00,0x00,0x00,0x00,0x00,0x00,0x00,0x00,0x00,0x04,0x00,0x77,0xff,0xd0,
    0x00,0x00,0x00,0x00,0x00,0x00,0x00,0x00,0x00,0x00,0x00,0x01,0x00,0x0a,0x69,0x2f,0x00,0x00,0x00,0x00,0x00,0x00,0x00,0x00,0x00,0x00,0x00,0x00,0x00,0x00,0x00,0x00,

};

const lv_image_dsc_t emoji_part_alt_16 = {
  .header.magic = LV_IMAGE_HEADER_MAGIC,
  .header.cf = LV_COLOR_FORMAT_RGB565A8,
  .header.flags = 0,
  .header.w = 16,
  .header.h = 16,
  .header.stride = 32,
  .data_size = sizeof(emoji_part_alt_16_map),
  .data = emoji_part_alt_16_map,
};




#ifndef LV_ATTRIBUTE_MEM_ALIGN
#define LV_ATTRIBUTE_MEM_ALIGN
#endif

#ifndef LV_ATTRIBUTE_EMOJI_MOTORBOAT_16
#define LV_ATTRIBUTE_EMOJI_MOTORBOAT_16
#endif

static const
LV_ATTRIBUTE_MEM_ALIGN LV_ATTRIBUTE_LARGE_CONST LV_ATTRIBUTE_EMOJI_MOTORBOAT_16
uint8_t emoji_motorboat_16_map[] = {

    0x00,0x00,0x00,0x00,0x00,0x00,0x00,0x00,0x00,0x00,0x00,0x00,0x00,0x00,0x00,0x00,0x00,0x00,0x00,0x00,0x00,0x00,0x00,0x00,0x00,0x00,0x00,0x00,0x00,0x00,0x00,0x00,
    0x00,0x00,0x00,0x00,0x00,0x00,0x00,0x00,0x00,0x00,0x00,0x00,0x00,0x00,0x00,0x00,0x00,0x00,0x00,0x00,0x00,0x00,0x00,0x00,0x00,0x00,0x00,0x00,0x00,0x00,0x00,0x00,
    0x00,0x00,0x00,0x00,0x00,0x00,0x00,0x00,0x00,0x00,0x00,0x00,0x00,0x00,0x00,0x00,0x00,0x00,0x00,0x00,0x00,0x00,0x00,0x00,0x00,0x00,0x00,0x00,0x00,0x00,0x00,0x00,
    0x00,0x00,0x00,0x00,0x00,0x00,0x00,0x00,0x00,0x00,0x00,0x00,0x00,0x00,0x00,0x00,0x00,0x00,0x00,0x00,0x00,0x00,0x00,0x00,0x00,0x00,0x00,0x00,0x00,0x00,0x00,0x00,
    0x00,0x00,0x00,0x00,0x00,0x00,0x00,0x00,0x00,0x00,0xff,0x7f,0xff,0xff,0xff,0xff,0x00,0x00,0x00,0x00,0x00,0x00,0x00,0x00,0x00,0x00,0x00,0x00,0x00,0x00,0x00,0x00,
    0xff,0x07,0xff,0xff,0xff,0xff,0xff,0xff,0xff,0x03,0x00,0x00,0x00,0x00,0x00,0x00,0x00,0x00,0x00,0x00,0x00,0x00,0x00,0x00,0x00,0x00,0x00,0x00,0x00,0x00,0x00,0x00,
    0x00,0x00,0x00,0x00,0x00,0x00,0x00,0x00,0x00,0x00,0xfe,0xff,0x5d,0xe7,0xba,0xe6,0x4a,0xad,0xef,0xbd,0xef,0xbd,0xf7,0xbd,0xf7,0xbd,0x00,0x00,0xff,0xff,0x00,0x00,
    0x9c,0xc6,0xff,0xb7,0xff,0x57,0x9f,0xcf,0x1d,0x96,0x1a,0x5d,0x1d,0x8e,0xff,0xff,0x00,0x00,0x00,0x00,0x00,0x00,0x00,0x00,0x00,0x00,0x2e,0x53,0x11,0x6c,0xb0,0x6b,
    0x79,0xce,0x13,0xde,0x13,0xde,0x35,0xd6,0x37,0xc6,0x96,0xa5,0xf7,0xb5,0x98,0xd6,0x78,0xce,0x79,0xce,0x9a,0xce,0xbb,0xce,0xbc,0xc6,0x98,0xa5,0xb4,0x84,0x6f,0x5b,
    0x00,0x00,0x20,0xfc,0x80,0xfc,0x60,0xfc,0x60,0xfc,0x80,0xfc,0x80,0xfc,0xc1,0xfc,0xe2,0xfc,0x03,0xfd,0x24,0xfd,0x24,0xfd,0x25,0xfd,0x45,0xfd,0x68,0xcc,0x0b,0x09,
    0x5d,0x5d,0x9f,0x3d,0xf1,0x9c,0xeb,0xc4,0xcb,0xbc,0xca,0xbc,0xca,0xbc,0xca,0xbc,0xaa,0xbc,0xaa,0xc4,0xaa,0xc4,0xa9,0xc4,0xa9,0xbc,0xa9,0xc4,0x8c,0xa4,0xfb,0x54,
    0xbf,0x5d,0xdf,0x5d,0x9f,0x4d,0x7f,0x4d,0x7f,0x4d,0x7f,0x4d,0x7f,0x4d,0x7f,0x4d,0x7f,0x4d,0x7f,0x4d,0x7f,0x4d,0x7f,0x4d,0x7f,0x4d,0x7f,0x4d,0x7f,0x4d,0xbf,0x5d,
    0x7d,0x55,0x7d,0x55,0x5d,0x55,0x7d,0x55,0x7d,0x55,0x7d,0x55,0x7d,0x55,0x7d,0x55,0x7d,0x55,0x7d,0x55,0x7d,0x55,0x7d,0x55,0x7d,0x55,0x7d,0x55,0x5d,0x55,0x7d,0x55,
    0x7d,0x55,0x7d,0x55,0x7d,0x55,0x7d,0x55,0x7d,0x55,0x7d,0x55,0x7d,0x55,0x7d,0x55,0x7d,0x55,0x7d,0x55,0x7d,0x55,0x7d,0x55,0x7d,0x55,0x7d,0x55,0x7d,0x55,0x7d,0x55,
    0x7d,0x55,0x7d,0x55,0x7d,0x55,0x7d,0x55,0x7d,0x55,0x7d,0x55,0x7d,0x55,0x7d,0x55,0x7d,0x55,0x7d,0x55,0x7d,0x55,0x7d,0x55,0x7d,0x55,0x7d,0x55,0x7d,0x55,0x7d,0x55,
    0x7d,0x55,0x7d,0x55,0x7d,0x55,0x7d,0x55,0x7d,0x55,0x7d,0x55,0x7d,0x55,0x7d,0x55,0x7d,0x55,0x7d,0x55,0x7d,0x55,0x7d,0x55,0x7d,0x55,0x7d,0x55,0x7d,0x55,0x7d,0x55,
    0x00,0x00,0x00,0x00,0x00,0x00,0x00,0x00,0x00,0x00,0x00,0x00,0x00,0x00,0x00,0x00,0x00,0x00,0x00,0x00,0x00,0x00,0x00,0x00,0x00,0x00,0x00,0x00,0x00,0x00,0x00,0x00,
    0x00,0x00,0x00,0x00,0x00,0x00,0x00,0x00,0x00,0x00,0x00,0x00,0x00,0x00,0x00,0x00,0x00,0x00,0x00,0x00,0x00,0x00,0x00,0x00,0x00,0x00,0x00,0x00,0x00,0x00,0x00,0x00,
    0x00,0x00,0x00,0x00,0x00,0x02,0x03,0x01,0x00,0x00,0x00,0x00,0x00,0x00,0x01,0x00,0x01,0x01,0x01,0x02,0x02,0x00,0x00,0x00,0x00,0x00,0x00,0x00,0x00,0x00,0x00,0x00,
    0x00,0x00,0x00,0x00,0x00,0x20,0x50,0x13,0x03,0x04,0x04,0x04,0x04,0x00,0x01,0x00,0x11,0x0d,0x06,0x2b,0xa7,0xf5,0xff,0x2a,0x00,0x00,0x00,0x00,0x00,0x83,0xdb,0x7d,
    0x48,0xed,0xdf,0xf5,0xff,0xff,0xfc,0xc4,0xaf,0xa7,0x9d,0x95,0x8b,0xd9,0xff,0x89,0x00,0x5c,0xf7,0xff,0xfb,0xfe,0xff,0xff,0xff,0xff,0xff,0xff,0xff,0xff,0xf7,0x17,
    0x58,0x4a,0x97,0xfa,0xfe,0xff,0xff,0xfc,0xfc,0xfb,0xfb,0xfb,0xfa,0xfe,0xfb,0x6f,0xff,0xff,0xff,0xff,0xff,0xff,0xff,0xff,0xff,0xff,0xff,0xff,0xff,0xff,0xff,0xff,
    0xfc,0xfc,0xfe,0xff,0xff,0xff,0xff,0xff,0xff,0xff,0xff,0xff,0xff,0xff,0xff,0xfc,0xff,0xff,0xff,0xff,0xff,0xff,0xff,0xff,0xff,0xff,0xff,0xff,0xff,0xff,0xff,0xff,
    0xff,0xff,0xff,0xff,0xff,0xff,0xff,0xff,0xff,0xff,0xff,0xff,0xff,0xff,0xff,0xff,0xff,0xff,0xff,0xff,0xff,0xff,0xff,0xff,0xff,0xff,0xff,0xff,0xff,0xff,0xff,0xff,

};

const lv_image_dsc_t emoji_motorboat_16 = {
  .header.magic = LV_IMAGE_HEADER_MAGIC,
  .header.cf = LV_COLOR_FORMAT_RGB565A8,
  .header.flags = 0,
  .header.w = 16,
  .header.h = 16,
  .header.stride = 32,
  .data_size = sizeof(emoji_motorboat_16_map),
  .data = emoji_motorboat_16_map,
};




#ifndef LV_ATTRIBUTE_MEM_ALIGN
#define LV_ATTRIBUTE_MEM_ALIGN
#endif

#ifndef LV_ATTRIBUTE_EMOJI_SATELLITE_16
#define LV_ATTRIBUTE_EMOJI_SATELLITE_16
#endif

static const
LV_ATTRIBUTE_MEM_ALIGN LV_ATTRIBUTE_LARGE_CONST LV_ATTRIBUTE_EMOJI_SATELLITE_16
uint8_t emoji_satellite_16_map[] = {

    0x00,0x00,0x00,0x00,0xff,0xff,0x00,0x00,0x00,0x00,0x00,0x00,0xef,0x7b,0xe7,0xbb,0x00,0x00,0x66,0xfd,0xc6,0xfd,0x66,0xfd,0x46,0xfd,0x00,0x00,0x4a,0xfd,0x00,0x00,
    0x00,0x00,0xff,0xff,0x00,0x00,0x8f,0x63,0xd0,0x63,0xef,0x3b,0x00,0x00,0x00,0x00,0xef,0x7b,0x66,0xfd,0x86,0xfd,0x66,0xfd,0x86,0xfd,0x46,0xfd,0x00,0x00,0xef,0xff,
    0xef,0x7b,0x00,0x00,0xd0,0x6b,0xd0,0x6b,0xb0,0x63,0xb0,0x6b,0xb0,0x6b,0x8a,0x73,0x00,0x00,0x66,0xfd,0xc6,0xfd,0x66,0xfd,0x66,0xfd,0x66,0xfd,0x46,0xfd,0x00,0xf8,
    0x00,0x00,0x5d,0xdf,0x93,0x84,0x8f,0x63,0xaf,0x63,0xd0,0x6b,0xf1,0x6b,0xd0,0x6b,0x8f,0x63,0x82,0xec,0x44,0xfd,0x66,0xfd,0x66,0xfd,0x46,0xfd,0x66,0xfd,0x00,0x00,
    0x00,0x00,0x1c,0xd7,0x36,0x9d,0x6e,0x5b,0xb0,0x63,0xaf,0x63,0xaf,0x63,0xd0,0x6b,0xb0,0x6b,0xbb,0xce,0xff,0xc6,0xa2,0xfc,0x46,0xfd,0x66,0xfd,0x46,0xfd,0x00,0x00,
    0x00,0x00,0xfc,0xd6,0x39,0xbe,0x6f,0x5b,0xb0,0x6b,0xaf,0x63,0xb0,0x6b,0x4e,0x5b,0xd4,0x8c,0x9f,0xe7,0x7a,0xc6,0x00,0x00,0x66,0xfd,0x66,0xfd,0x66,0xfd,0x00,0x00,
    0x00,0x00,0xbb,0xce,0x3d,0xdf,0x32,0x7c,0x8f,0x63,0xd0,0x6b,0x6e,0x5b,0xb4,0x8c,0xdb,0xce,0xd4,0x8c,0xd0,0x6b,0xd0,0x6b,0x00,0x00,0x00,0x00,0x00,0x00,0x00,0x00,
    0x00,0x00,0xbb,0xce,0x5e,0xe7,0x19,0xb6,0xaf,0x63,0x8f,0x63,0xd4,0x8c,0xdc,0xd6,0x93,0x84,0x4e,0x5b,0xd0,0x6b,0xaf,0x63,0x8e,0x73,0x4a,0xad,0x4a,0xfd,0x00,0x00,
    0x00,0x00,0xbb,0xce,0xdc,0xd6,0xfc,0xd6,0x56,0x9d,0xf0,0x6b,0xbb,0xce,0x93,0x84,0x6e,0x5b,0xb0,0x6b,0xaf,0x63,0xf1,0x6b,0xaf,0x63,0x00,0x00,0xef,0x3b,0x00,0x00,
    0xff,0xff,0x00,0x00,0xbb,0xce,0x1d,0xd7,0xdc,0xd6,0x76,0xa5,0xf0,0x6b,0x8f,0x63,0xd0,0x6b,0xaf,0x63,0xaf,0x63,0xd0,0x6b,0xaf,0x63,0xef,0x53,0x00,0x00,0x00,0x00,
    0x55,0xad,0x00,0x00,0xb7,0xa5,0x9b,0xce,0xdc,0xce,0xdc,0xd6,0x76,0xa5,0xaf,0x63,0x8f,0x63,0xb0,0x63,0xb0,0x6b,0xaf,0x63,0xb0,0x63,0x8f,0x63,0x00,0x00,0xef,0x7b,
    0xef,0x7b,0xef,0x7b,0x36,0x95,0xb8,0xa5,0x7a,0xc6,0xdb,0xce,0xfc,0xd6,0x19,0xb6,0x32,0x7c,0x6f,0x5b,0x6e,0x5b,0x8f,0x63,0xd0,0x6b,0xaf,0x6b,0x00,0x00,0xef,0x7b,
    0x00,0x00,0x97,0x9d,0xb8,0xa5,0x56,0x95,0x56,0x9d,0x39,0xbe,0xbb,0xce,0xfc,0xd6,0x1d,0xdf,0x39,0xbe,0x36,0x9d,0x93,0x84,0xf1,0x73,0x1f,0x00,0xef,0x7b,0x00,0x00,
    0x00,0x00,0xd4,0x8c,0xb8,0xa5,0x77,0x9d,0x77,0x9d,0x76,0x9d,0xb8,0xa5,0xf8,0xad,0x7a,0xc6,0x1d,0xdf,0x3d,0xdf,0x3d,0xdf,0x00,0x00,0xff,0xff,0x00,0x00,0x00,0x00,
    0x00,0x00,0x8f,0x63,0x11,0x74,0x72,0x7c,0x93,0x84,0x73,0x7c,0x52,0x7c,0xaf,0x63,0x00,0x00,0x00,0x00,0x00,0x00,0x00,0x00,0xef,0x7b,0x00,0x00,0x00,0x00,0x00,0x00,
    0xff,0x07,0x00,0x00,0x6e,0x63,0x8f,0x63,0x8f,0x63,0x8f,0x63,0x8f,0x63,0xd0,0x6b,0xff,0xff,0xf7,0xbd,0xff,0xbf,0xff,0xff,0x00,0x00,0x00,0x00,0x00,0x00,0x00,0x00,
    0x00,0x00,0x01,0x00,0x00,0x00,0x04,0x04,0x00,0x60,0xc2,0xa0,0x24,0x00,0x03,0x00,0x00,0x01,0x00,0x28,0x2a,0x04,0x00,0x00,0x02,0x3b,0x5e,0x81,0xe6,0x4e,0x00,0x02,
    0x02,0x00,0x84,0xfe,0xfc,0xd7,0x73,0x09,0x00,0x85,0xc7,0x5f,0x38,0xf4,0x27,0x01,0x00,0x2f,0xff,0xff,0xff,0xff,0xff,0xcf,0x34,0x0e,0x34,0xde,0x5e,0x77,0x9e,0x00,
    0x00,0x84,0xfe,0xfa,0xff,0xfd,0xfb,0xff,0xf0,0xcd,0x88,0x22,0xda,0x60,0xc4,0x00,0x00,0xad,0xff,0xfc,0xff,0xff,0xff,0xfd,0xff,0xff,0xd4,0x00,0x91,0x4d,0x53,0x00,
    0x00,0xac,0xff,0xfc,0xff,0xff,0xff,0xff,0xfd,0xfb,0xe9,0x30,0x00,0x00,0x00,0x00,0x00,0x80,0xff,0xfb,0xff,0xff,0xff,0xff,0xff,0xfd,0xff,0xd3,0x09,0x03,0x03,0x00,
    0x00,0x2d,0xff,0xfe,0xfe,0xff,0xff,0xff,0xff,0xff,0xfb,0xff,0x70,0x00,0x04,0x00,0x02,0x00,0x99,0xff,0xfc,0xff,0xff,0xff,0xff,0xff,0xfd,0xfe,0xd9,0x06,0x01,0x01,
    0x03,0x00,0x1f,0xf5,0xfe,0xfe,0xff,0xff,0xff,0xff,0xff,0xfe,0xfd,0x2c,0x00,0x02,0x02,0x02,0xb5,0xff,0xfd,0xff,0xff,0xff,0xfc,0xfc,0xfa,0xff,0xff,0x27,0x00,0x02,
    0x00,0x45,0xff,0xfd,0xff,0xff,0xff,0xfe,0xff,0xff,0xff,0xfb,0x7b,0x01,0x02,0x00,0x00,0x8c,0xfe,0xf8,0xfd,0xfc,0xfc,0xff,0xba,0xa8,0x81,0x2c,0x00,0x01,0x00,0x00,
    0x00,0x57,0xff,0xff,0xff,0xff,0xff,0xd2,0x02,0x00,0x00,0x00,0x02,0x00,0x00,0x00,0x01,0x00,0x45,0x9a,0xb6,0xad,0x7b,0x17,0x01,0x04,0x04,0x02,0x00,0x00,0x00,0x00,

};

const lv_image_dsc_t emoji_satellite_16 = {
  .header.magic = LV_IMAGE_HEADER_MAGIC,
  .header.cf = LV_COLOR_FORMAT_RGB565A8,
  .header.flags = 0,
  .header.w = 16,
  .header.h = 16,
  .header.stride = 32,
  .data_size = sizeof(emoji_satellite_16_map),
  .data = emoji_satellite_16_map,
};




#ifndef LV_ATTRIBUTE_MEM_ALIGN
#define LV_ATTRIBUTE_MEM_ALIGN
#endif

#ifndef LV_ATTRIBUTE_EMOJI_CUSTOMS_16
#define LV_ATTRIBUTE_EMOJI_CUSTOMS_16
#endif

static const
LV_ATTRIBUTE_MEM_ALIGN LV_ATTRIBUTE_LARGE_CONST LV_ATTRIBUTE_EMOJI_CUSTOMS_16
uint8_t emoji_customs_16_map[] = {

    0x33,0x23,0x53,0x23,0x33,0x23,0x33,0x23,0x33,0x23,0x33,0x23,0x33,0x23,0x33,0x23,0x33,0x23,0xf2,0x12,0xf2,0x12,0xf2,0x12,0xf2,0x12,0xf2,0x12,0xf2,0x12,0x12,0x1b,
    0x33,0x23,0x33,0x23,0x33,0x23,0x33,0x23,0x33,0x23,0x33,0x23,0x33,0x23,0x12,0x1b,0xb4,0x33,0x3b,0xae,0x3b,0xae,0x3b,0xae,0x3b,0xae,0x5b,0xb6,0x1a,0xa6,0x73,0x2b,
    0x33,0x23,0x33,0x23,0x33,0x23,0x33,0x23,0x33,0x23,0x33,0x23,0x33,0x23,0x73,0x2b,0x9c,0xc6,0xff,0xff,0xff,0xff,0xff,0xff,0xff,0xff,0xff,0xff,0x5e,0xe7,0x73,0x2b,
    0x33,0x23,0x33,0x23,0x33,0x23,0x33,0x23,0x33,0x23,0x33,0x23,0x33,0x23,0x53,0x23,0xf5,0x43,0x15,0x4c,0x15,0x4c,0x15,0x4c,0x15,0x4c,0x15,0x4c,0xd4,0x3b,0x32,0x1b,
    0x33,0x23,0x33,0x23,0x33,0x23,0x33,0x23,0x33,0x23,0x33,0x23,0x33,0x23,0x33,0x23,0xd2,0x12,0x3b,0xae,0x9e,0xef,0x3d,0xdf,0x3d,0xdf,0x9e,0xef,0x99,0x8d,0xf2,0x12,
    0x33,0x23,0x53,0x23,0x33,0x23,0x33,0x23,0x33,0x23,0x33,0x23,0x33,0x23,0x53,0x23,0x12,0x1b,0xd7,0x6c,0xff,0xff,0xff,0xff,0xff,0xff,0xdf,0xff,0x15,0x4c,0x12,0x1b,
    0x33,0x23,0xf2,0x12,0x12,0x1b,0x33,0x23,0x33,0x23,0x33,0x23,0x33,0x23,0x53,0x23,0x12,0x1b,0xb1,0x0a,0x35,0x4c,0xda,0x9d,0xb9,0x95,0x15,0x4c,0x12,0x1b,0x33,0x23,
    0x33,0x23,0xf7,0x74,0x35,0x4c,0x12,0x1b,0x33,0x23,0x33,0x23,0x53,0x23,0xf2,0x12,0xd4,0x43,0x58,0x85,0xf7,0x74,0xf7,0x74,0x18,0x75,0x33,0x1b,0x12,0x1b,0x33,0x23,
    0xd4,0x3b,0xff,0xff,0x5b,0xb6,0xf2,0x12,0x53,0x23,0x53,0x23,0xf2,0x12,0xf5,0x43,0x7e,0xe7,0xff,0xff,0xff,0xff,0xff,0xff,0x18,0x7d,0xf5,0x43,0x58,0x85,0x12,0x1b,
    0xd4,0x43,0xff,0xff,0x3b,0xae,0xf2,0x12,0x53,0x23,0xf2,0x1a,0xd4,0x3b,0x7e,0xe7,0xff,0xff,0x9e,0xef,0xff,0xff,0xb7,0x64,0x12,0x1b,0x7e,0xe7,0x3b,0xae,0xd2,0x12,
    0xd4,0x3b,0xff,0xff,0x5b,0xb6,0x12,0x1b,0x33,0x23,0xb4,0x3b,0x7e,0xe7,0xff,0xff,0x79,0x8d,0xdc,0xce,0xf7,0x74,0x33,0x23,0x3d,0xdf,0xff,0xff,0xda,0x9d,0xf2,0x12,
    0xd4,0x43,0xff,0xff,0x3a,0xae,0x91,0x02,0xd1,0x0a,0x94,0x33,0x3d,0xdf,0x99,0x8d,0x12,0x1b,0xd4,0x43,0x73,0x2b,0x3d,0xdf,0xff,0xff,0xff,0xff,0xfa,0xa5,0xf2,0x12,
    0xd4,0x3b,0xff,0xff,0x3d,0xdf,0x99,0x8d,0xd9,0x9d,0x99,0x95,0xfa,0xa5,0x15,0x4c,0xf2,0x12,0xb4,0x33,0x3d,0xdf,0xff,0xff,0x9e,0xef,0xff,0xff,0x1a,0xa6,0xf2,0x12,
    0x12,0x1b,0xd7,0x6c,0xff,0xff,0xff,0xff,0xff,0xff,0xff,0xff,0xff,0xff,0xb9,0x95,0x91,0x02,0x7b,0xb6,0xff,0xff,0xdf,0xff,0xff,0xff,0xff,0xff,0xb9,0x95,0xf2,0x12,
    0x33,0x23,0x12,0x1b,0x15,0x4c,0x35,0x54,0x35,0x4c,0x35,0x4c,0x35,0x54,0x73,0x2b,0x12,0x1b,0xb4,0x33,0x56,0x54,0x35,0x54,0x35,0x54,0x55,0x54,0x74,0x2b,0x33,0x1b,
    0x33,0x23,0x53,0x23,0xf2,0x1a,0xf2,0x12,0xf2,0x12,0xf2,0x12,0xf2,0x12,0x33,0x1b,0x33,0x23,0x12,0x1b,0xf2,0x12,0xf2,0x12,0xf2,0x12,0xf2,0x12,0x33,0x1b,0x33,0x23,
    0x86,0xf8,0xfd,0xff,0xff,0xff,0xff,0xff,0xff,0xff,0xff,0xff,0xff,0xfd,0xf8,0x86,0xff,0xff,0xff,0xff,0xff,0xff,0xff,0xff,0xff,0xff,0xff,0xff,0xff,0xff,0xff,0xff,
    0xff,0xff,0xff,0xff,0xff,0xff,0xff,0xff,0xff,0xff,0xff,0xff,0xff,0xff,0xff,0xff,0xff,0xff,0xff,0xff,0xff,0xff,0xff,0xff,0xff,0xff,0xff,0xff,0xff,0xff,0xff,0xff,
    0xff,0xff,0xff,0xff,0xff,0xff,0xff,0xff,0xff,0xff,0xff,0xff,0xff,0xff,0xff,0xff,0xff,0xff,0xff,0xff,0xff,0xff,0xff,0xff,0xff,0xff,0xff,0xff,0xff,0xff,0xff,0xff,
    0xff,0xff,0xff,0xff,0xff,0xff,0xff,0xff,0xff,0xff,0xff,0xff,0xff,0xff,0xff,0xff,0xff,0xff,0xff,0xff,0xff,0xff,0xff,0xff,0xff,0xff,0xff,0xff,0xff,0xff,0xff,0xff,
    0xff,0xff,0xff,0xff,0xff,0xff,0xff,0xff,0xff,0xff,0xff,0xff,0xff,0xff,0xff,0xff,0xff,0xff,0xff,0xff,0xff,0xff,0xff,0xff,0xff,0xff,0xff,0xff,0xff,0xff,0xff,0xff,
    0xff,0xff,0xff,0xff,0xff,0xff,0xff,0xff,0xff,0xff,0xff,0xff,0xff,0xff,0xff,0xff,0xff,0xff,0xff,0xff,0xff,0xff,0xff,0xff,0xff,0xff,0xff,0xff,0xff,0xff,0xff,0xff,
    0xff,0xff,0xff,0xff,0xff,0xff,0xff,0xff,0xff,0xff,0xff,0xff,0xff,0xff,0xff,0xff,0xff,0xff,0xff,0xff,0xff,0xff,0xff,0xff,0xff,0xff,0xff,0xff,0xff,0xff,0xff,0xff,
    0xff,0xff,0xff,0xff,0xff,0xff,0xff,0xff,0xff,0xff,0xff,0xff,0xff,0xff,0xff,0xff,0x86,0xf8,0xfd,0xff,0xff,0xff,0xff,0xff,0xff,0xff,0xff,0xff,0xff,0xfd,0xf8,0x86,

};

const lv_image_dsc_t emoji_customs_16 = {
  .header.magic = LV_IMAGE_HEADER_MAGIC,
  .header.cf = LV_COLOR_FORMAT_RGB565A8,
  .header.flags = 0,
  .header.w = 16,
  .header.h = 16,
  .header.stride = 32,
  .data_size = sizeof(emoji_customs_16_map),
  .data = emoji_customs_16_map,
};




#ifndef LV_ATTRIBUTE_MEM_ALIGN
#define LV_ATTRIBUTE_MEM_ALIGN
#endif

#ifndef LV_ATTRIBUTE_EMOJI_WHEEL_16
#define LV_ATTRIBUTE_EMOJI_WHEEL_16
#endif

static const
LV_ATTRIBUTE_MEM_ALIGN LV_ATTRIBUTE_LARGE_CONST LV_ATTRIBUTE_EMOJI_WHEEL_16
uint8_t emoji_wheel_16_map[] = {

    0x00,0x00,0x00,0x00,0x00,0x00,0x00,0x00,0xa2,0x10,0x04,0x21,0x24,0x21,0x45,0x29,0x45,0x29,0x24,0x21,0x04,0x21,0xa2,0x10,0x00,0x00,0x00,0x00,0x00,0x00,0x00,0x00,
    0x00,0x00,0x00,0x00,0x00,0x00,0x04,0x21,0x65,0x29,0x45,0x29,0x45,0x29,0x65,0x29,0x65,0x29,0x45,0x29,0x45,0x29,0x65,0x29,0x04,0x21,0x00,0x00,0x00,0x00,0x00,0x00,
    0x00,0x00,0x00,0x00,0x04,0x21,0x86,0x31,0x45,0x29,0xcb,0x52,0x30,0x84,0x92,0x8c,0x92,0x8c,0x30,0x84,0xcb,0x5a,0x45,0x29,0x86,0x31,0x04,0x21,0x00,0x00,0x00,0x00,
    0x00,0x00,0xe3,0x18,0x86,0x31,0x86,0x31,0x51,0x84,0x92,0x8c,0xef,0x7b,0x8e,0x6b,0x8d,0x6b,0xef,0x7b,0x92,0x8c,0x51,0x84,0x86,0x31,0x86,0x31,0xe3,0x18,0x00,0x00,
    0xa2,0x10,0x65,0x29,0x45,0x29,0x30,0x84,0xcf,0x7b,0x45,0x29,0xcf,0x7b,0xd3,0x9c,0xd3,0x94,0xcf,0x7b,0x45,0x29,0xcf,0x7b,0x30,0x84,0x45,0x29,0x65,0x29,0xa2,0x10,
    0x04,0x21,0x45,0x29,0xaa,0x52,0x75,0xad,0x6d,0x6b,0x51,0x84,0xd7,0xbd,0x71,0x8c,0x71,0x8c,0xd7,0xbd,0x51,0x84,0x6d,0x6b,0x75,0xad,0xaa,0x52,0x45,0x29,0x04,0x21,
    0x24,0x21,0x45,0x29,0x50,0x84,0x2c,0x63,0xcf,0x7b,0x55,0xa5,0x9a,0xce,0x4d,0x6b,0x6d,0x6b,0x99,0xce,0x55,0xad,0xcf,0x7b,0x2c,0x63,0x50,0x84,0x45,0x29,0x24,0x21,
    0x45,0x29,0x65,0x29,0x92,0x8c,0x51,0x8c,0x34,0xa5,0xae,0x73,0x08,0x42,0xf3,0x9c,0xf3,0x9c,0x08,0x42,0xae,0x73,0x34,0xa5,0x51,0x84,0x92,0x8c,0x65,0x29,0x45,0x29,
    0x45,0x29,0x65,0x29,0x92,0x8c,0x8a,0x52,0x30,0x84,0x9a,0xd6,0x34,0xa5,0x51,0x84,0x51,0x84,0x34,0xa5,0x9a,0xd6,0x30,0x84,0x8a,0x52,0x92,0x8c,0x65,0x29,0x45,0x29,
    0x24,0x21,0x45,0x29,0x51,0x84,0xeb,0x5a,0x69,0x4a,0x38,0xc6,0x4d,0x6b,0x8e,0x73,0xae,0x73,0x4d,0x6b,0x38,0xc6,0x69,0x4a,0xeb,0x5a,0x51,0x84,0x45,0x29,0x24,0x21,
    0x04,0x21,0x45,0x29,0xcb,0x5a,0x91,0x8c,0x4d,0x6b,0x55,0xa5,0xcf,0x7b,0x9a,0xce,0x9a,0xce,0xcf,0x7b,0x55,0xa5,0x4d,0x6b,0x91,0x8c,0xcb,0x5a,0x45,0x29,0x04,0x21,
    0xa2,0x10,0x65,0x29,0x45,0x29,0x30,0x84,0x14,0xa5,0x08,0x42,0x55,0xad,0xcf,0x73,0xcf,0x73,0x55,0xad,0x08,0x42,0x34,0xa5,0x30,0x84,0x45,0x29,0x65,0x29,0xa2,0x10,
    0x00,0x00,0xe3,0x18,0x86,0x31,0x86,0x31,0xef,0x7b,0x55,0xa5,0xcf,0x7b,0x49,0x42,0x49,0x42,0xcf,0x7b,0x55,0xa5,0xef,0x7b,0x86,0x31,0x86,0x31,0xe3,0x18,0x00,0x00,
    0x00,0x00,0x00,0x00,0x04,0x21,0x86,0x31,0x65,0x29,0xaa,0x52,0x10,0x84,0xb2,0x94,0xb2,0x94,0x10,0x84,0xaa,0x52,0x65,0x29,0x86,0x31,0x04,0x21,0x00,0x00,0x00,0x00,
    0x00,0x00,0x00,0x00,0x00,0x00,0x04,0x21,0x65,0x29,0x45,0x29,0x45,0x29,0x65,0x29,0x65,0x29,0x45,0x29,0x45,0x29,0x65,0x29,0x04,0x21,0x00,0x00,0x00,0x00,0x00,0x00,
    0x00,0x00,0x00,0x00,0x00,0x00,0x00,0x00,0xa2,0x10,0x04,0x21,0x24,0x21,0x45,0x29,0x45,0x29,0x24,0x21,0x04,0x21,0xa2,0x10,0x00,0x00,0x00,0x00,0x00,0x00,0x00,0x00,
    0x00,0x01,0x00,0x00,0x46,0xab,0xe7,0xfe,0xfe,0xe7,0xab,0x46,0x00,0x00,0x01,0x00,0x01,0x00,0x0d,0x9f,0xfe,0xff,0xff,0xff,0xff,0xff,0xff,0xfe,0x9f,0x0d,0x00,0x01,
    0x02,0x0d,0xc7,0xff,0xfd,0xfd,0xfe,0xff,0xff,0xfe,0xfd,0xfd,0xff,0xc7,0x0d,0x02,0x00,0xa1,0xff,0xf9,0xff,0xff,0xff,0xff,0xff,0xff,0xff,0xff,0xf9,0xff,0xa1,0x00,
    0x42,0xff,0xfc,0xff,0xff,0xff,0xff,0xff,0xff,0xff,0xff,0xff,0xff,0xfc,0xff,0x42,0xae,0xff,0xfc,0xff,0xff,0xff,0xff,0xff,0xff,0xff,0xff,0xff,0xff,0xfc,0xff,0xae,
    0xea,0xff,0xfe,0xff,0xff,0xff,0xff,0xff,0xff,0xff,0xff,0xff,0xff,0xfe,0xff,0xea,0xff,0xff,0xff,0xff,0xff,0xff,0xff,0xff,0xff,0xff,0xff,0xff,0xff,0xff,0xff,0xff,
    0xff,0xff,0xff,0xff,0xff,0xff,0xff,0xff,0xff,0xff,0xff,0xff,0xff,0xff,0xff,0xff,0xea,0xff,0xfe,0xff,0xff,0xff,0xff,0xff,0xff,0xff,0xff,0xff,0xff,0xfe,0xff,0xea,
    0xae,0xff,0xfc,0xff,0xff,0xff,0xff,0xff,0xff,0xff,0xff,0xff,0xff,0xfc,0xff,0xae,0x42,0xff,0xfc,0xff,0xff,0xff,0xff,0xff,0xff,0xff,0xff,0xff,0xff,0xfc,0xff,0x42,
    0x00,0xa1,0xff,0xf9,0xff,0xff,0xff,0xff,0xff,0xff,0xff,0xff,0xf9,0xff,0xa1,0x00,0x02,0x0d,0xc7,0xff,0xfd,0xfd,0xfe,0xff,0xff,0xfe,0xfd,0xfd,0xff,0xc7,0x0d,0x02,
    0x01,0x00,0x0d,0x9f,0xfe,0xff,0xff,0xff,0xff,0xff,0xff,0xfe,0x9f,0x0d,0x00,0x01,0x00,0x01,0x00,0x00,0x46,0xab,0xe7,0xfe,0xfe,0xe7,0xab,0x46,0x00,0x00,0x01,0x00,

};

const lv_image_dsc_t emoji_wheel_16 = {
  .header.magic = LV_IMAGE_HEADER_MAGIC,
  .header.cf = LV_COLOR_FORMAT_RGB565A8,
  .header.flags = 0,
  .header.w = 16,
  .header.h = 16,
  .header.stride = 32,
  .data_size = sizeof(emoji_wheel_16_map),
  .data = emoji_wheel_16_map,
};




#ifndef LV_ATTRIBUTE_MEM_ALIGN
#define LV_ATTRIBUTE_MEM_ALIGN
#endif

#ifndef LV_ATTRIBUTE_EMOJI_KOALA_16
#define LV_ATTRIBUTE_EMOJI_KOALA_16
#endif

static const
LV_ATTRIBUTE_MEM_ALIGN LV_ATTRIBUTE_LARGE_CONST LV_ATTRIBUTE_EMOJI_KOALA_16
uint8_t emoji_koala_16_map[] = {

    0x00,0x00,0x00,0x00,0x00,0x00,0x00,0x00,0x00,0x00,0x00,0x00,0xef,0x7b,0xf7,0x7d,0xf7,0x7d,0xef,0x7b,0x00,0x00,0x00,0x00,0x00,0x00,0x00,0x00,0x00,0x00,0x00,0x00,
    0xff,0xff,0x55,0xad,0x00,0x00,0x00,0x00,0xff,0x7f,0xff,0x7f,0x00,0x00,0x00,0x00,0x00,0x00,0x00,0x00,0xff,0x7f,0xff,0x7f,0x00,0x00,0x00,0x00,0x55,0xad,0xff,0xff,
    0x00,0x00,0x00,0x00,0x00,0x00,0xef,0x7b,0x00,0x00,0x00,0x00,0x97,0x9d,0x76,0x9d,0x76,0x9d,0x97,0x9d,0x00,0x00,0x00,0x00,0xef,0x7b,0x00,0x00,0x00,0x00,0x00,0x00,
    0x15,0x95,0x77,0x9d,0x97,0xa5,0x77,0x9d,0x56,0x9d,0x56,0x9d,0x77,0x9d,0xb7,0xa5,0xb7,0xa5,0x77,0x9d,0x56,0x9d,0x56,0x9d,0x77,0x9d,0x97,0xa5,0x77,0x9d,0x15,0x95,
    0x56,0x9d,0xf8,0xad,0xd4,0x8c,0x73,0x7c,0x97,0x9d,0xb8,0xa5,0x56,0x9d,0x56,0x9d,0x56,0x9d,0x56,0x9d,0xb8,0xa5,0x97,0x9d,0x73,0x7c,0xd4,0x8c,0xf8,0xad,0x56,0x9d,
    0x77,0x9d,0xb3,0x84,0x4e,0x5b,0x73,0x7c,0x77,0x9d,0x56,0x95,0x56,0x9d,0x56,0x9d,0x56,0x9d,0x56,0x9d,0x56,0x95,0x77,0x9d,0x73,0x7c,0x4e,0x5b,0xb3,0x84,0x77,0x9d,
    0x77,0x9d,0x31,0x74,0xd0,0x6b,0x56,0x9d,0x56,0x9d,0x56,0x9d,0x56,0x9d,0x56,0x9d,0x56,0x9d,0x56,0x9d,0x56,0x9d,0x56,0x9d,0x56,0x9d,0xd0,0x6b,0x31,0x74,0x77,0x9d,
    0x77,0x9d,0x93,0x84,0x32,0x74,0x77,0x9d,0x56,0x9d,0x77,0x9d,0x77,0x9d,0x97,0x9d,0x97,0x9d,0x76,0x9d,0x77,0x9d,0x56,0x9d,0x77,0x9d,0x32,0x74,0x93,0x84,0x77,0x9d,
    0xb8,0xa5,0x15,0x95,0xf5,0x8c,0x77,0x9d,0xf5,0x8c,0x29,0x3a,0xb4,0x84,0x6e,0x63,0x4e,0x63,0xb4,0x84,0x29,0x3a,0xf5,0x8c,0x77,0x9d,0xf5,0x8c,0x15,0x95,0xb8,0xa5,
    0x00,0x00,0x57,0xad,0x77,0x9d,0x97,0x9d,0x15,0x95,0xaf,0x6b,0x8e,0x63,0x25,0x21,0x25,0x21,0x8e,0x63,0xaf,0x6b,0x15,0x95,0x97,0x9d,0x77,0x9d,0xda,0xa5,0x00,0x00,
    0x55,0xad,0x00,0x00,0x56,0x95,0x97,0xa5,0x56,0x9d,0xd8,0xad,0xec,0x52,0x45,0x21,0x45,0x21,0xec,0x52,0xd8,0xad,0x56,0x9d,0x97,0xa5,0x56,0x95,0x00,0x00,0x55,0xad,
    0xf7,0x7d,0xff,0x07,0x56,0x9d,0xf9,0xad,0x56,0x95,0x77,0x9d,0xab,0x4a,0x24,0x19,0x24,0x19,0xab,0x4a,0x77,0x9d,0x56,0x95,0xf9,0xad,0x56,0x9d,0xff,0x07,0xf7,0x7d,
    0xff,0x07,0xff,0xff,0x96,0x9d,0x56,0x9d,0x97,0xa5,0xd8,0xad,0x93,0x84,0x08,0x3a,0x08,0x3a,0x93,0x84,0xd8,0xad,0x97,0xa5,0x56,0x9d,0x96,0x9d,0xff,0xff,0xff,0x07,
    0x00,0x00,0x00,0x00,0x00,0x00,0x00,0x00,0x77,0x9d,0x76,0x9d,0x77,0x9d,0x97,0xa5,0x97,0xa5,0x77,0x9d,0x76,0x9d,0x77,0x9d,0x00,0x00,0x00,0x00,0x00,0x00,0x00,0x00,
    0x00,0x00,0x00,0x00,0x00,0x00,0xff,0xff,0x00,0x00,0x00,0x00,0x54,0x8c,0x57,0x9d,0x57,0x9d,0x54,0x8c,0x00,0x00,0x00,0x00,0xff,0xff,0x00,0x00,0x00,0x00,0x00,0x00,
    0x00,0x00,0x00,0x00,0x00,0x00,0x00,0x00,0x55,0xad,0xf7,0xbd,0x00,0x00,0x00,0x00,0x00,0x00,0x00,0x00,0xf7,0xbd,0x55,0xad,0x00,0x00,0x00,0x00,0x00,0x00,0x00,0x00,
    0x00,0x00,0x01,0x01,0x00,0x00,0x02,0x04,0x04,0x02,0x00,0x00,0x01,0x01,0x00,0x00,0x01,0x03,0x00,0x00,0x02,0x02,0x00,0x00,0x00,0x00,0x02,0x02,0x00,0x00,0x03,0x01,
    0x00,0x00,0x00,0x02,0x00,0x00,0x24,0x51,0x51,0x24,0x00,0x00,0x02,0x00,0x00,0x00,0x13,0x94,0xd6,0xdb,0xae,0xaa,0xf8,0xff,0xff,0xf8,0xaa,0xae,0xdb,0xd6,0x94,0x13,
    0xb7,0xff,0xff,0xff,0xff,0xff,0xff,0xfc,0xfc,0xff,0xff,0xff,0xff,0xff,0xff,0xb7,0xff,0xfc,0xfd,0xfd,0xfc,0xfc,0xfe,0xff,0xff,0xfe,0xfc,0xfc,0xfd,0xfd,0xfc,0xff,
    0xfe,0xfd,0xff,0xff,0xff,0xff,0xff,0xff,0xff,0xff,0xff,0xff,0xff,0xff,0xfd,0xfe,0xcb,0xff,0xfd,0xff,0xff,0xff,0xff,0xff,0xff,0xff,0xff,0xff,0xff,0xfd,0xff,0xcb,
    0x2e,0xd8,0xfe,0xfe,0xff,0xff,0xff,0xff,0xff,0xff,0xff,0xff,0xfe,0xfe,0xd8,0x2e,0x00,0x0c,0xd8,0xfe,0xfd,0xff,0xff,0xff,0xff,0xff,0xff,0xfd,0xfe,0xd8,0x0b,0x00,
    0x03,0x00,0xc6,0xfc,0xfc,0xff,0xff,0xff,0xff,0xff,0xff,0xfc,0xfc,0xc6,0x00,0x03,0x04,0x01,0x7d,0xff,0xfa,0xfb,0xfd,0xff,0xff,0xfd,0xfb,0xfa,0xff,0x7d,0x01,0x04,
    0x01,0x01,0x0a,0xac,0xff,0xff,0xff,0xfe,0xfe,0xff,0xff,0xff,0xac,0x0a,0x01,0x01,0x00,0x01,0x00,0x00,0x45,0x91,0xdf,0xff,0xff,0xdf,0x91,0x45,0x00,0x00,0x01,0x00,
    0x00,0x00,0x01,0x01,0x00,0x00,0x0b,0x37,0x37,0x0b,0x00,0x00,0x01,0x01,0x00,0x00,0x00,0x00,0x00,0x00,0x03,0x04,0x00,0x00,0x00,0x00,0x04,0x03,0x00,0x00,0x00,0x00,

};

const lv_image_dsc_t emoji_koala_16 = {
  .header.magic = LV_IMAGE_HEADER_MAGIC,
  .header.cf = LV_COLOR_FORMAT_RGB565A8,
  .header.flags = 0,
  .header.w = 16,
  .header.h = 16,
  .header.stride = 32,
  .data_size = sizeof(emoji_koala_16_map),
  .data = emoji_koala_16_map,
};




#ifndef LV_ATTRIBUTE_MEM_ALIGN
#define LV_ATTRIBUTE_MEM_ALIGN
#endif

#ifndef LV_ATTRIBUTE_EMOJI_CONTROL_KNOBS_16
#define LV_ATTRIBUTE_EMOJI_CONTROL_KNOBS_16
#endif

static const
LV_ATTRIBUTE_MEM_ALIGN LV_ATTRIBUTE_LARGE_CONST LV_ATTRIBUTE_EMOJI_CONTROL_KNOBS_16
uint8_t emoji_control_knobs_16_map[] = {

    0xbb,0xce,0xfc,0xd6,0xdc,0xce,0xbb,0xce,0xbb,0xce,0xdb,0xce,0xbb,0xce,0xbb,0xce,0xbb,0xce,0xbb,0xce,0xdb,0xce,0xbb,0xce,0xbb,0xce,0xdc,0xce,0xfc,0xd6,0xbb,0xce,
    0xbb,0xce,0xdc,0xd6,0x7a,0xc6,0x5a,0xbe,0x7a,0xc6,0x9a,0xc6,0xdb,0xce,0xbb,0xce,0xbb,0xce,0xdb,0xce,0x7a,0xc6,0x5a,0xbe,0x5a,0xc6,0x7a,0xc6,0xdc,0xd6,0xbb,0xce,
    0xbb,0xce,0x5a,0xc6,0xb3,0x8c,0x49,0x42,0xe8,0x39,0x92,0x84,0x7a,0xc6,0xbb,0xce,0xbb,0xce,0x5a,0xc6,0xd3,0x8c,0x49,0x42,0x29,0x42,0xb3,0x8c,0x7a,0xc6,0xbb,0xce,
    0xdc,0xce,0x97,0xa5,0x45,0x21,0x04,0x19,0x8a,0x4a,0x6a,0x4a,0x55,0xa5,0xdb,0xd6,0xdb,0xce,0x76,0xa5,0x86,0x29,0xcf,0x73,0x45,0x21,0x45,0x21,0x96,0xad,0xbb,0xd6,
    0xbb,0xce,0x92,0x8c,0xc3,0x10,0xab,0x4a,0x51,0x84,0x66,0x21,0xd0,0xa3,0x5a,0xde,0xbb,0xc6,0x92,0x8c,0xc3,0x10,0x6e,0x63,0xec,0x52,0xe3,0x10,0x11,0xac,0x5a,0xde,
    0xdc,0xce,0x5a,0xc6,0x86,0x29,0xe4,0x18,0x82,0x08,0x66,0x29,0x7a,0xc6,0xdb,0xce,0xdb,0xce,0x5a,0xc6,0x86,0x29,0xc3,0x10,0xe3,0x10,0x86,0x29,0x5a,0xc6,0xdc,0xce,
    0xbb,0xce,0xfc,0xd6,0xd7,0xb5,0x0c,0x5b,0x0c,0x5b,0xd8,0xb5,0xfc,0xd6,0xbb,0xce,0xbb,0xce,0xfc,0xd6,0xd7,0xb5,0x0c,0x5b,0x0c,0x5b,0xd7,0xb5,0xfc,0xd6,0xbb,0xce,
    0xbb,0xce,0xbb,0xce,0xdc,0xd6,0x1d,0xdf,0x1d,0xdf,0xdc,0xd6,0xbb,0xce,0xbb,0xce,0xbb,0xce,0xbb,0xce,0xdc,0xd6,0x1d,0xdf,0x1d,0xdf,0xdc,0xd6,0xbb,0xce,0xbb,0xce,
    0xbb,0xce,0xbb,0xce,0xbb,0xce,0x9b,0xce,0x9b,0xce,0xbb,0xce,0xbb,0xce,0xbb,0xce,0xbb,0xce,0xbb,0xce,0xbb,0xce,0x9b,0xce,0xbb,0xce,0xbb,0xce,0xbb,0xce,0xbb,0xce,
    0xbb,0xce,0xdb,0xce,0xf8,0xb5,0xf4,0x94,0xf4,0x94,0x18,0xb6,0xbb,0xce,0xbb,0xce,0xbb,0xce,0xbb,0xce,0x18,0xb6,0xf4,0x94,0xb3,0x8c,0xf8,0xb5,0xbb,0xce,0xbb,0xce,
    0xbb,0xce,0xf8,0xb5,0x2d,0x63,0xc3,0x10,0xc3,0x10,0x0c,0x5b,0x19,0xb6,0xbb,0xce,0xbb,0xce,0x19,0xb6,0x0c,0x5b,0xc3,0x10,0x08,0x3a,0x2d,0x63,0x19,0xae,0xdb,0xce,
    0xbb,0xce,0xd3,0x8c,0x08,0x3a,0x92,0x8c,0xe8,0x39,0xe4,0x10,0x93,0xac,0x9b,0xd6,0xdb,0xce,0xf4,0x94,0xc3,0x10,0x6a,0x42,0x92,0x8c,0xe3,0x10,0x93,0xac,0x9b,0xd6,
    0xbb,0xce,0x15,0x9d,0xc3,0x10,0x6a,0x4a,0x29,0x42,0xe3,0x10,0xb3,0xac,0x9b,0xd6,0xbb,0xce,0x15,0x9d,0xc3,0x10,0x29,0x42,0x08,0x3a,0xc3,0x10,0xb3,0xac,0x7b,0xd6,
    0xbb,0xce,0xfc,0xd6,0x4d,0x63,0xa3,0x10,0xc3,0x10,0x4d,0x63,0x1d,0xd7,0xbb,0xce,0xbb,0xce,0xfc,0xd6,0x4d,0x63,0xc3,0x10,0xc3,0x10,0x2d,0x63,0x1c,0xd7,0xdb,0xce,
    0xbb,0xce,0xdc,0xce,0xdc,0xd6,0x97,0xad,0x97,0xad,0xfc,0xd6,0xbb,0xce,0xbb,0xce,0xbb,0xce,0xbb,0xce,0xfc,0xd6,0x97,0xad,0x97,0xad,0xdc,0xd6,0xdc,0xd6,0xbb,0xce,
    0xbb,0xce,0xfc,0xd6,0xbb,0xce,0xfc,0xd6,0xfc,0xd6,0xbb,0xce,0xbb,0xce,0xbb,0xce,0xbb,0xce,0xbb,0xce,0xbb,0xce,0xfc,0xd6,0xfc,0xd6,0xbb,0xce,0xfc,0xd6,0xbb,0xce,
    0x86,0xf8,0xfd,0xff,0xff,0xff,0xff,0xff,0xff,0xff,0xff,0xff,0xff,0xfd,0xf8,0x86,0xff,0xff,0xff,0xff,0xff,0xff,0xff,0xff,0xff,0xff,0xff,0xff,0xff,0xff,0xff,0xff,
    0xff,0xff,0xff,0xff,0xff,0xff,0xff,0xff,0xff,0xff,0xff,0xff,0xff,0xff,0xff,0xff,0xff,0xff,0xff,0xff,0xff,0xff,0xff,0xff,0xff,0xff,0xff,0xff,0xff,0xff,0xff,0xff,
    0xff,0xff,0xff,0xff,0xff,0xff,0xff,0xff,0xff,0xff,0xff,0xff,0xff,0xff,0xff,0xff,0xff,0xff,0xff,0xff,0xff,0xff,0xff,0xff,0xff,0xff,0xff,0xff,0xff,0xff,0xff,0xff,
    0xff,0xff,0xff,0xff,0xff,0xff,0xff,0xff,0xff,0xff,0xff,0xff,0xff,0xff,0xff,0xff,0xff,0xff,0xff,0xff,0xff,0xff,0xff,0xff,0xff,0xff,0xff,0xff,0xff,0xff,0xff,0xff,
    0xff,0xff,0xff,0xff,0xff,0xff,0xff,0xff,0xff,0xff,0xff,0xff,0xff,0xff,0xff,0xff,0xff,0xff,0xff,0xff,0xff,0xff,0xff,0xff,0xff,0xff,0xff,0xff,0xff,0xff,0xff,0xff,
    0xff,0xff,0xff,0xff,0xff,0xff,0xff,0xff,0xff,0xff,0xff,0xff,0xff,0xff,0xff,0xff,0xff,0xff,0xff,0xff,0xff,0xff,0xff,0xff,0xff,0xff,0xff,0xff,0xff,0xff,0xff,0xff,
    0xff,0xff,0xff,0xff,0xff,0xff,0xff,0xff,0xff,0xff,0xff,0xff,0xff,0xff,0xff,0xff,0xff,0xff,0xff,0xff,0xff,0xff,0xff,0xff,0xff,0xff,0xff,0xff,0xff,0xff,0xff,0xff,
    0xff,0xff,0xff,0xff,0xff,0xff,0xff,0xff,0xff,0xff,0xff,0xff,0xff,0xff,0xff,0xff,0x86,0xf8,0xfd,0xff,0xff,0xff,0xff,0xff,0xff,0xff,0xff,0xff,0xff,0xfd,0xf8,0x86,

};

const lv_image_dsc_t emoji_control_knobs_16 = {
  .header.magic = LV_IMAGE_HEADER_MAGIC,
  .header.cf = LV_COLOR_FORMAT_RGB565A8,
  .header.flags = 0,
  .header.w = 16,
  .header.h = 16,
  .header.stride = 32,
  .data_size = sizeof(emoji_control_knobs_16_map),
  .data = emoji_control_knobs_16_map,
};




#ifndef LV_ATTRIBUTE_MEM_ALIGN
#define LV_ATTRIBUTE_MEM_ALIGN
#endif

#ifndef LV_ATTRIBUTE_EMOJI_PEACH_16
#define LV_ATTRIBUTE_EMOJI_PEACH_16
#endif

static const
LV_ATTRIBUTE_MEM_ALIGN LV_ATTRIBUTE_LARGE_CONST LV_ATTRIBUTE_EMOJI_PEACH_16
uint8_t emoji_peach_16_map[] = {

    0x00,0x00,0x00,0x00,0xaa,0x75,0xaa,0x7d,0x8a,0x7d,0xaa,0x7d,0xcb,0x7d,0x8a,0x75,0x00,0x00,0x87,0x64,0xa7,0x64,0xa7,0x64,0x67,0x64,0x00,0x00,0xe0,0x07,0x00,0x00,
    0x8b,0x75,0x8a,0x7d,0xcb,0x7d,0xcb,0x7d,0x8a,0x7d,0x8a,0x75,0xeb,0x85,0xaa,0x7d,0xe7,0x4c,0x87,0x54,0xc7,0x5c,0xc7,0x5c,0xa7,0x54,0x87,0x54,0xaa,0xaa,0xaa,0x52,
    0x8a,0x75,0xaa,0x75,0xaa,0x75,0xaa,0x75,0x8a,0x75,0x8a,0x7d,0x8a,0x75,0xaa,0x7d,0xcb,0xbc,0x6b,0xd4,0x4c,0xdc,0x6b,0xcc,0x8a,0xac,0x49,0x94,0x00,0x00,0x4a,0xfd,
    0x00,0x00,0xec,0xfb,0xcc,0xd4,0x4b,0xa5,0x8a,0x7d,0x8a,0x75,0x6a,0x85,0xcd,0xdc,0xcb,0xfa,0x8a,0xf2,0x6e,0xfc,0x2d,0xfc,0x4e,0xfc,0x6e,0xfc,0x2d,0xfc,0x00,0x00,
    0xef,0x7b,0x2d,0xfc,0x6e,0xfc,0x2d,0xfc,0x6d,0xec,0x8c,0xe4,0x4d,0xfc,0x2d,0xfc,0x0d,0xfc,0xa8,0xd9,0x2b,0xf3,0x6d,0xfc,0x2d,0xfc,0x8e,0xfc,0x4d,0xfc,0x2d,0xfc,
    0x4d,0xfc,0x4d,0xfc,0x4d,0xfc,0x4d,0xfc,0x2d,0xfc,0x2d,0xfc,0x4d,0xfc,0x2d,0xfc,0x6d,0xfc,0xac,0xfb,0xa9,0xe1,0x2d,0xfc,0x4d,0xfc,0x2d,0xfc,0x8e,0xfc,0x2d,0xfc,
    0x4d,0xfc,0x6e,0xfc,0x2d,0xfc,0x4d,0xfc,0x4d,0xfc,0x4d,0xfc,0x4d,0xfc,0x4d,0xfc,0x2d,0xfc,0x6d,0xfc,0x29,0xe2,0x2b,0xf3,0x6d,0xfc,0x2d,0xfc,0x4d,0xfc,0x2d,0xfc,
    0x4d,0xfc,0x6e,0xfc,0x2d,0xfc,0x4d,0xfc,0x4d,0xfc,0x4d,0xfc,0x4d,0xfc,0x4d,0xfc,0x2d,0xfc,0x8d,0xfc,0xcb,0xea,0x8a,0xea,0x8d,0xfc,0x2d,0xfc,0x4d,0xfc,0x4d,0xfc,
    0x4d,0xfc,0x6e,0xfc,0x2d,0xfc,0x4d,0xfc,0x4d,0xfc,0x4d,0xfc,0x4d,0xfc,0x4d,0xfc,0x2d,0xfc,0x6d,0xfc,0xeb,0xea,0x8a,0xea,0x8e,0xfc,0x2d,0xfc,0x4d,0xfc,0x2d,0xfc,
    0x2d,0xfc,0x6e,0xfc,0x4d,0xfc,0x4d,0xfc,0x4d,0xfc,0x4d,0xfc,0x4d,0xfc,0x4d,0xfc,0x2d,0xfc,0x6d,0xfc,0xeb,0xea,0x8a,0xea,0x8e,0xfc,0x2d,0xfc,0x4d,0xfc,0x4d,0xfc,
    0x4d,0xfc,0x4d,0xfc,0x4d,0xfc,0x4d,0xfc,0x4d,0xfc,0x4d,0xfc,0x4d,0xfc,0x4d,0xfc,0x2d,0xfc,0x8d,0xfc,0xaa,0xea,0xcb,0xea,0x8d,0xfc,0x2d,0xfc,0x8e,0xfc,0x4d,0xfc,
    0xef,0xfb,0x4d,0xfc,0x8e,0xfc,0x2d,0xfc,0x4d,0xfc,0x4d,0xfc,0x4d,0xfc,0x4d,0xfc,0x2d,0xfc,0x6d,0xfc,0x09,0xe2,0x4c,0xf3,0x6d,0xfc,0x6e,0xfc,0x4d,0xfc,0x6e,0xfc,
    0x00,0x00,0x2d,0xfc,0x6d,0xfc,0x6e,0xfc,0x2d,0xfc,0x4d,0xfc,0x4d,0xfc,0x2d,0xfc,0x6d,0xfc,0xac,0xfb,0xc9,0xe1,0x2d,0xfc,0x6d,0xfc,0x6e,0xfc,0x4d,0xfc,0x00,0x00,
    0xef,0xfb,0x00,0x00,0x2d,0xfc,0x6d,0xfc,0x8e,0xfc,0x4d,0xfc,0x2d,0xfc,0x2d,0xfc,0x4d,0xfc,0xed,0xfb,0xac,0xf3,0x8e,0xfc,0x6d,0xfc,0x2d,0xfc,0x00,0x00,0x4a,0xfd,
    0x00,0x00,0xaa,0xfa,0x00,0x00,0xec,0xfb,0x4d,0xfc,0x4d,0xfc,0x6e,0xfc,0x6e,0xfc,0x4d,0xfc,0x4d,0xfc,0x8e,0xfc,0x4d,0xfc,0x4d,0xfc,0x00,0x00,0x4a,0xfd,0x00,0x00,
    0x00,0x00,0x00,0x00,0xaa,0xfa,0x00,0x00,0x00,0x00,0x2d,0xfc,0x4d,0xfc,0x4d,0xfc,0x4d,0xfc,0x4d,0xfc,0x4d,0xfc,0x00,0xf8,0x00,0x00,0x4a,0xfd,0x00,0x00,0x00,0x00,
    0x00,0x00,0x4f,0xc0,0xf0,0xee,0xb3,0x2a,0x00,0x4c,0x97,0x7e,0x2d,0x00,0x01,0x00,0x1a,0xa4,0xff,0xff,0xff,0xff,0xff,0xda,0x6b,0xff,0xff,0xff,0xf4,0x62,0x03,0x03,
    0x3c,0xd4,0xf9,0xfc,0xfe,0xff,0xfd,0xff,0xff,0xff,0xfb,0xfb,0xec,0x42,0x00,0x03,0x00,0x14,0xe8,0xfe,0xfe,0xff,0xff,0xfe,0xfe,0xff,0xff,0xfe,0xfb,0xdb,0x3d,0x00,
    0x02,0xb1,0xff,0xfc,0xff,0xff,0xff,0xff,0xff,0xff,0xff,0xff,0xfe,0xff,0xec,0x20,0x38,0xff,0xfe,0xff,0xff,0xff,0xff,0xff,0xff,0xff,0xff,0xff,0xff,0xfb,0xff,0x9c,
    0x7f,0xff,0xfc,0xff,0xff,0xff,0xff,0xff,0xff,0xff,0xff,0xff,0xff,0xfe,0xfe,0xe7,0x99,0xff,0xfc,0xff,0xff,0xff,0xff,0xff,0xff,0xff,0xff,0xff,0xff,0xff,0xff,0xff,
    0x99,0xff,0xfc,0xff,0xff,0xff,0xff,0xff,0xff,0xff,0xff,0xff,0xff,0xff,0xff,0xfe,0x7e,0xff,0xfc,0xff,0xff,0xff,0xff,0xff,0xff,0xff,0xff,0xff,0xff,0xfe,0xfe,0xe1,
    0x3a,0xff,0xfd,0xff,0xff,0xff,0xff,0xff,0xff,0xff,0xff,0xff,0xff,0xfc,0xff,0x86,0x02,0xbf,0xff,0xfb,0xff,0xff,0xff,0xff,0xff,0xff,0xff,0xff,0xfc,0xff,0xdf,0x12,
    0x00,0x2c,0xf4,0xff,0xfa,0xfe,0xff,0xff,0xff,0xff,0xff,0xfb,0xff,0xfa,0x3b,0x00,0x02,0x00,0x41,0xe7,0xff,0xff,0xfc,0xfd,0xfe,0xfe,0xfc,0xff,0xf0,0x49,0x00,0x03,
    0x00,0x03,0x00,0x1c,0x9b,0xf1,0xff,0xff,0xff,0xff,0xff,0xc1,0x29,0x00,0x03,0x00,0x00,0x00,0x03,0x00,0x00,0x26,0x77,0xbc,0xe9,0xe9,0x74,0x02,0x00,0x03,0x00,0x00,

};

const lv_image_dsc_t emoji_peach_16 = {
  .header.magic = LV_IMAGE_HEADER_MAGIC,
  .header.cf = LV_COLOR_FORMAT_RGB565A8,
  .header.flags = 0,
  .header.w = 16,
  .header.h = 16,
  .header.stride = 32,
  .data_size = sizeof(emoji_peach_16_map),
  .data = emoji_peach_16_map,
};




#ifndef LV_ATTRIBUTE_MEM_ALIGN
#define LV_ATTRIBUTE_MEM_ALIGN
#endif

#ifndef LV_ATTRIBUTE_EMOJI_RACING_CAR_16
#define LV_ATTRIBUTE_EMOJI_RACING_CAR_16
#endif

static const
LV_ATTRIBUTE_MEM_ALIGN LV_ATTRIBUTE_LARGE_CONST LV_ATTRIBUTE_EMOJI_RACING_CAR_16
uint8_t emoji_racing_car_16_map[] = {

    0x00,0x00,0x00,0x00,0x00,0x00,0x00,0x00,0x00,0x00,0x00,0x00,0x00,0x00,0x00,0x00,0x00,0x00,0x00,0x00,0x00,0x00,0x00,0x00,0x00,0x00,0x00,0x00,0x00,0x00,0x00,0x00,
    0x00,0x00,0x00,0x00,0x00,0x00,0x00,0x00,0x00,0x00,0x00,0x00,0x00,0x00,0x00,0x00,0x00,0x00,0x00,0x00,0x00,0x00,0x00,0x00,0x00,0x00,0x00,0x00,0x00,0x00,0x00,0x00,
    0x00,0x00,0x00,0x00,0x00,0x00,0x00,0x00,0x00,0x00,0x00,0x00,0x00,0x00,0x00,0x00,0x00,0x00,0x00,0x00,0x00,0x00,0x00,0x00,0x00,0x00,0x00,0x00,0x00,0x00,0x00,0x00,
    0x00,0x00,0x00,0x00,0x00,0x00,0x00,0x00,0x00,0x00,0x00,0x00,0x00,0x00,0x00,0x00,0x00,0x00,0x00,0x00,0x00,0x00,0x00,0x00,0x00,0x00,0x00,0x00,0x00,0x00,0x00,0x00,
    0x00,0x00,0x00,0x00,0x00,0x00,0x00,0x00,0x00,0x00,0x00,0x00,0xe0,0xff,0xe0,0xbb,0xe7,0xbb,0xe7,0xbb,0xe7,0xbb,0xe0,0xfb,0x00,0x00,0x00,0x00,0x00,0x00,0x00,0x00,
    0x00,0x00,0x00,0x00,0x00,0x00,0x00,0x00,0x00,0x00,0xe0,0xfb,0x00,0x00,0x00,0x00,0x00,0x00,0x00,0x00,0x00,0x00,0x00,0x00,0xe0,0xfb,0xe0,0xff,0xe0,0xbb,0x00,0x00,
    0x00,0x00,0x00,0x00,0x00,0x00,0x00,0x00,0xe0,0xfb,0x00,0x00,0x60,0xfa,0x60,0xfc,0x82,0xec,0x61,0xec,0xc1,0xfc,0x42,0xe4,0x00,0x00,0x00,0x00,0x00,0x00,0x00,0x00,
    0x00,0x00,0x40,0xfd,0xe0,0xfb,0x00,0xf8,0x00,0x00,0xe0,0xfb,0x08,0xdd,0x58,0xb6,0x7b,0xa6,0x5b,0xae,0x7b,0xae,0xe4,0xf4,0x20,0xfc,0x86,0xdc,0x23,0xd4,0x42,0xe4,
    0x00,0x00,0x00,0x00,0x00,0x00,0xef,0xfb,0x40,0xfc,0xe7,0xe4,0x39,0xae,0x3f,0x7e,0x1f,0x76,0x1f,0x7e,0x1f,0x7e,0xe8,0xd4,0x62,0xec,0x61,0xec,0xa4,0xb3,0xa3,0xab,
    0x00,0x00,0x20,0xf4,0x81,0xfc,0x81,0xf4,0x81,0xfc,0xa2,0xfc,0x85,0xd4,0x37,0x3c,0x99,0x3c,0x38,0x34,0x37,0x3c,0x39,0x34,0x88,0xc4,0xc0,0xfc,0xa1,0xfc,0xe2,0xf3,
    0xc7,0xf5,0xe7,0xfd,0xc5,0xfd,0x81,0xfc,0x82,0xec,0x60,0xfc,0x4b,0x9c,0x5c,0x65,0x15,0x95,0x99,0x8d,0x59,0x34,0x55,0x54,0x81,0xf4,0x81,0xf4,0x61,0xec,0xe7,0xe1,
    0x81,0xf4,0x03,0xfd,0xc2,0xfc,0x21,0xe4,0x81,0xfc,0x81,0xfc,0x54,0x5c,0xbf,0xe7,0xce,0x83,0x74,0xb5,0x9d,0x6d,0x2d,0x8c,0x60,0xf4,0x61,0xec,0xa1,0xfc,0x22,0xf4,
    0x61,0xf4,0xa1,0xfc,0x84,0x72,0xa7,0x29,0x63,0x72,0x46,0xc4,0x38,0x34,0x9c,0xbe,0x30,0x94,0x35,0xa5,0x3b,0x65,0x27,0x7b,0xc5,0x41,0xe6,0x41,0xe2,0xcb,0xa1,0xfc,
    0xa1,0xfc,0xe2,0xcb,0x88,0x21,0x0c,0x5b,0xa7,0x31,0x4f,0x4b,0x79,0x3c,0x78,0x44,0x39,0x75,0xfa,0x54,0x34,0x5c,0xe5,0x41,0x8b,0x4a,0x2a,0x3a,0x64,0x6a,0xc1,0xfc,
    0x81,0xfc,0x02,0xdc,0xc6,0x39,0x6a,0x4a,0xc7,0x31,0x94,0x33,0x79,0x3c,0x38,0x3c,0x17,0x34,0x19,0x24,0x6c,0xa4,0x43,0x6a,0x2a,0x3a,0xe9,0x31,0xe3,0x8a,0xa1,0xfc,
    0x61,0xec,0xe0,0xfc,0xc5,0x41,0x45,0x21,0xa7,0x29,0x78,0x44,0x37,0x3c,0x58,0x44,0x78,0x4c,0x59,0x34,0xa5,0xdc,0x03,0x93,0x46,0x19,0x45,0x21,0xe2,0xcb,0xa1,0xfc,
    0x00,0x00,0x00,0x00,0x00,0x00,0x00,0x00,0x00,0x00,0x00,0x00,0x00,0x00,0x00,0x00,0x00,0x00,0x00,0x00,0x00,0x00,0x00,0x00,0x00,0x00,0x00,0x00,0x00,0x00,0x00,0x00,
    0x00,0x00,0x00,0x00,0x00,0x00,0x00,0x00,0x00,0x00,0x00,0x00,0x00,0x00,0x00,0x00,0x00,0x00,0x00,0x00,0x00,0x00,0x00,0x00,0x00,0x00,0x00,0x00,0x00,0x00,0x00,0x00,
    0x00,0x00,0x00,0x00,0x00,0x00,0x01,0x04,0x04,0x04,0x04,0x02,0x00,0x00,0x00,0x00,0x00,0x00,0x00,0x00,0x00,0x02,0x00,0x00,0x00,0x00,0x00,0x00,0x02,0x01,0x04,0x00,
    0x00,0x00,0x00,0x00,0x04,0x00,0x0d,0x54,0x55,0x54,0x56,0x2c,0x00,0x00,0x00,0x00,0x00,0x03,0x04,0x01,0x00,0x22,0xcd,0xff,0xff,0xff,0xff,0xf3,0x2f,0x15,0x9d,0xba,
    0x00,0x00,0x00,0x04,0x48,0xe7,0xff,0xfa,0xfc,0xfc,0xfa,0xff,0xe2,0xa3,0xff,0x8f,0x00,0x3e,0x93,0xd4,0xff,0xff,0xfd,0xff,0xff,0xff,0xff,0xfe,0xff,0xff,0xfb,0xf7,
    0x1d,0xf8,0xff,0xff,0xfe,0xfe,0xff,0xff,0xff,0xff,0xff,0xff,0xfd,0xfc,0xff,0xff,0x50,0xff,0xfa,0xfd,0xff,0xff,0xff,0xff,0xff,0xff,0xff,0xff,0xff,0xff,0xff,0xff,
    0x8e,0xfe,0xfc,0xff,0xff,0xfe,0xff,0xfe,0xfe,0xfe,0xfe,0xff,0xff,0xff,0xff,0xfe,0xce,0xff,0xfd,0xfc,0xfe,0xff,0xff,0xff,0xff,0xff,0xff,0xff,0xfc,0xfd,0xff,0xff,
    0xf2,0xf9,0xff,0xff,0xff,0xf9,0xf9,0xf9,0xf9,0xf9,0xf9,0xfd,0xff,0xff,0xfa,0xf6,0x26,0x27,0x4d,0x98,0x58,0x27,0x28,0x27,0x27,0x27,0x27,0x32,0x8e,0x7c,0x2a,0x24,

};

const lv_image_dsc_t emoji_racing_car_16 = {
  .header.magic = LV_IMAGE_HEADER_MAGIC,
  .header.cf = LV_COLOR_FORMAT_RGB565A8,
  .header.flags = 0,
  .header.w = 16,
  .header.h = 16,
  .header.stride = 32,
  .data_size = sizeof(emoji_racing_car_16_map),
  .data = emoji_racing_car_16_map,
};




#ifndef LV_ATTRIBUTE_MEM_ALIGN
#define LV_ATTRIBUTE_MEM_ALIGN
#endif

#ifndef LV_ATTRIBUTE_EMOJI_MOUSE_16
#define LV_ATTRIBUTE_EMOJI_MOUSE_16
#endif

static const
LV_ATTRIBUTE_MEM_ALIGN LV_ATTRIBUTE_LARGE_CONST LV_ATTRIBUTE_EMOJI_MOUSE_16
uint8_t emoji_mouse_16_map[] = {

    0x00,0x00,0xef,0xbb,0x77,0x9d,0x77,0x95,0x77,0x9d,0x36,0x9d,0x00,0x00,0xef,0x7b,0xef,0x7b,0x00,0x00,0x36,0x9d,0x77,0x9d,0x77,0x95,0x77,0x9d,0xef,0xbb,0x00,0x00,
    0x77,0xa5,0x56,0x95,0xb8,0xa5,0x97,0xb5,0x97,0xa5,0x97,0x9d,0x56,0x9d,0x00,0x00,0x00,0x00,0x56,0x9d,0x97,0x9d,0x97,0xa5,0x97,0xb5,0xb8,0xa5,0x56,0x95,0x77,0xa5,
    0x56,0x95,0xd8,0xbd,0x57,0xed,0x57,0xf5,0x57,0xed,0x77,0xb5,0x97,0x9d,0x76,0xa5,0x76,0xa5,0x97,0x9d,0x77,0xb5,0x57,0xed,0x57,0xf5,0x57,0xed,0xd8,0xbd,0x56,0x95,
    0x56,0x9d,0x57,0xed,0x57,0xfd,0x57,0xf5,0x57,0xfd,0x57,0xf5,0xd8,0xad,0x56,0x95,0x56,0x95,0xd8,0xad,0x57,0xf5,0x57,0xfd,0x57,0xf5,0x57,0xfd,0x77,0xed,0x56,0x9d,
    0x56,0xa5,0x57,0xed,0x57,0xf5,0x57,0xfd,0x57,0xdd,0x56,0xb5,0x56,0x9d,0x56,0x9d,0x56,0x9d,0x56,0x9d,0x56,0xb5,0x57,0xdd,0x57,0xfd,0x57,0xf5,0x57,0xed,0x56,0xa5,
    0x56,0x9d,0x97,0xed,0x57,0xfd,0x57,0xcd,0x56,0x95,0x56,0x95,0x56,0x9d,0x56,0x9d,0x56,0x9d,0x56,0x9d,0x56,0x95,0x56,0x95,0x57,0xcd,0x57,0xfd,0x97,0xed,0x56,0x9d,
    0x56,0x8d,0x77,0xb5,0x98,0xe5,0x56,0x9d,0x56,0x9d,0x56,0x9d,0x56,0x95,0x56,0x9d,0x56,0x9d,0x56,0x95,0x56,0x9d,0x56,0x9d,0x56,0x9d,0x98,0xe5,0x77,0xb5,0x56,0x8d,
    0x00,0x00,0x36,0x8d,0x97,0x9d,0x77,0x9d,0x56,0x9d,0x77,0x9d,0x97,0xa5,0x56,0x9d,0x56,0x9d,0x97,0xa5,0x77,0x9d,0x56,0x9d,0x77,0x9d,0x77,0x9d,0x36,0x8d,0x00,0x00,
    0x55,0x7d,0x00,0x00,0x36,0x9d,0xb7,0xa5,0x77,0x9d,0x31,0x7c,0x4d,0x5b,0x56,0x9d,0x56,0x9d,0x4d,0x5b,0x31,0x7c,0x77,0x9d,0xb7,0xa5,0x36,0x95,0x00,0x00,0x55,0x7d,
    0xff,0x7f,0xff,0x7f,0x56,0x95,0x56,0x9d,0x97,0xa5,0x6a,0x42,0xc2,0x10,0xf4,0x8c,0xf4,0x8c,0xc2,0x10,0x6a,0x42,0x97,0xa5,0x56,0x9d,0x77,0x9d,0xff,0x7f,0xff,0x7f,
    0x00,0x00,0xf7,0x7d,0xef,0x3b,0x36,0x95,0xf9,0xad,0xec,0x52,0x65,0x29,0x15,0x95,0x15,0x95,0x65,0x29,0xec,0x52,0xf9,0xad,0x36,0x95,0xef,0x3b,0xf7,0x7d,0x00,0x00,
    0xff,0xff,0x00,0x00,0x00,0x00,0x7b,0xbe,0xb8,0xa5,0x56,0x9d,0xf4,0x8c,0x56,0x95,0x56,0x95,0xf4,0x8c,0x56,0x9d,0xb8,0xa5,0x7b,0xbe,0x00,0x00,0x00,0x00,0xff,0xff,
    0x00,0x00,0xd0,0x63,0xb0,0x63,0x8f,0x63,0x11,0x74,0xd4,0x84,0x36,0xa5,0x57,0xd5,0x57,0xd5,0x36,0xa5,0xd4,0x84,0x11,0x74,0x8f,0x63,0xb0,0x63,0xd0,0x63,0x00,0x00,
    0xb0,0x6b,0xb0,0x6b,0xb0,0x63,0x32,0x74,0x8f,0x63,0xaf,0x5b,0x36,0xad,0xd9,0xfd,0xd9,0xfd,0x36,0xad,0xaf,0x5b,0x8f,0x63,0x32,0x74,0xb0,0x63,0xb0,0x6b,0xb0,0x63,
    0xd0,0x63,0xaf,0x63,0xd0,0x6b,0xd0,0x6b,0x00,0x00,0x00,0x00,0x77,0x95,0x77,0xdd,0x77,0xdd,0x77,0x95,0x00,0x00,0x00,0x00,0xd0,0x6b,0xd0,0x6b,0xaf,0x63,0xd0,0x63,
    0x00,0x00,0xaf,0x63,0x8f,0x63,0x00,0x00,0xef,0x7b,0xef,0x3b,0x00,0x00,0x00,0x00,0x00,0x00,0x00,0x00,0xef,0x3b,0xef,0x7b,0x00,0x00,0x8f,0x63,0xaf,0x63,0x00,0x00,
    0x00,0x04,0x63,0x97,0x89,0x36,0x00,0x02,0x02,0x00,0x36,0x89,0x97,0x63,0x04,0x00,0x13,0xbe,0xff,0xff,0xff,0xf9,0x6d,0x00,0x00,0x6d,0xf9,0xff,0xff,0xff,0xbe,0x13,
    0xa7,0xff,0xfb,0xfc,0xfb,0xff,0xff,0x26,0x26,0xff,0xff,0xfb,0xfc,0xfb,0xff,0xa7,0xf9,0xfd,0xff,0xff,0xff,0xfa,0xfe,0x7a,0x7a,0xfe,0xfa,0xff,0xff,0xff,0xfd,0xf9,
    0xff,0xfe,0xff,0xff,0xff,0xff,0xff,0xf8,0xf8,0xff,0xff,0xff,0xff,0xff,0xfe,0xff,0xdb,0xff,0xfb,0xff,0xff,0xff,0xff,0xff,0xff,0xff,0xff,0xff,0xff,0xfb,0xff,0xdb,
    0x4c,0xfe,0xff,0xfe,0xff,0xff,0xff,0xfe,0xfe,0xff,0xff,0xff,0xfe,0xff,0xfe,0x4c,0x00,0x48,0xd2,0xfd,0xfe,0xff,0xff,0xff,0xff,0xff,0xff,0xfe,0xfd,0xd3,0x48,0x00,
    0x06,0x00,0x4e,0xff,0xfb,0xff,0xff,0xff,0xff,0xff,0xff,0xfb,0xff,0x4f,0x00,0x06,0x02,0x02,0x2a,0xfc,0xfe,0xff,0xff,0xff,0xff,0xff,0xff,0xfe,0xfc,0x29,0x02,0x02,
    0x00,0x04,0x04,0xbe,0xff,0xfc,0xff,0xff,0xff,0xff,0xfc,0xff,0xbe,0x04,0x04,0x00,0x01,0x00,0x00,0x1e,0xea,0xfa,0xfd,0xff,0xff,0xfd,0xfa,0xea,0x1e,0x00,0x00,0x01,
    0x00,0x37,0x6f,0x83,0xe5,0xff,0xfe,0xfb,0xfb,0xff,0xff,0xe5,0x83,0x6f,0x37,0x00,0xbf,0xc4,0xda,0xff,0xd1,0x9c,0xfc,0xff,0xff,0xfc,0x9c,0xd1,0xff,0xda,0xc4,0xbe,
    0x4a,0x5e,0xd4,0x54,0x00,0x00,0x33,0x99,0x99,0x33,0x00,0x00,0x54,0xd4,0x5e,0x4a,0x00,0x79,0x49,0x00,0x02,0x04,0x00,0x00,0x00,0x00,0x04,0x02,0x00,0x49,0x79,0x00,

};

const lv_image_dsc_t emoji_mouse_16 = {
  .header.magic = LV_IMAGE_HEADER_MAGIC,
  .header.cf = LV_COLOR_FORMAT_RGB565A8,
  .header.flags = 0,
  .header.w = 16,
  .header.h = 16,
  .header.stride = 32,
  .data_size = sizeof(emoji_mouse_16_map),
  .data = emoji_mouse_16_map,
};




#ifndef LV_ATTRIBUTE_MEM_ALIGN
#define LV_ATTRIBUTE_MEM_ALIGN
#endif

#ifndef LV_ATTRIBUTE_EMOJI_MUSHROOM_16
#define LV_ATTRIBUTE_EMOJI_MUSHROOM_16
#endif

static const
LV_ATTRIBUTE_MEM_ALIGN LV_ATTRIBUTE_LARGE_CONST LV_ATTRIBUTE_EMOJI_MUSHROOM_16
uint8_t emoji_mushroom_16_map[] = {

    0x00,0x00,0xff,0xff,0x00,0x00,0x00,0x00,0x07,0xd9,0x88,0xe1,0x68,0xe1,0x48,0xd9,0xea,0xd9,0xc9,0xe1,0x48,0xe1,0x89,0xd9,0x00,0x00,0x00,0x00,0xff,0xff,0x00,0x00,
    0xff,0xff,0x00,0x00,0xf2,0xeb,0x0e,0xeb,0xca,0xe1,0x68,0xe1,0x48,0xd9,0x6c,0xe2,0x36,0xf5,0xd5,0xf4,0xea,0xe9,0x68,0xe1,0x27,0xe1,0x00,0xc0,0x00,0x00,0x00,0xf8,
    0xef,0xfb,0xb6,0xfd,0x77,0xf5,0xd9,0xfd,0x56,0xf5,0xcd,0xe2,0xe6,0xd8,0x2f,0xe3,0xf9,0xfd,0xb8,0xf5,0x4b,0xe2,0x27,0xd9,0x90,0xfb,0x16,0xf5,0x14,0xed,0xef,0xfb,
    0x00,0x00,0x57,0xf5,0xd9,0xfd,0x57,0xf5,0x97,0xf5,0x36,0xf5,0xc9,0xd9,0x68,0xd9,0x70,0xeb,0x0e,0xe3,0x27,0xd9,0xad,0xe2,0xb8,0xf5,0xf9,0xfd,0x57,0xf5,0x00,0x00,
    0x98,0xf5,0x77,0xfd,0x57,0xf5,0x57,0xf5,0x57,0xf5,0x97,0xf5,0x6c,0xe2,0x27,0xd9,0x06,0xd9,0x48,0xd9,0xe6,0xd8,0x2f,0xe3,0xb8,0xf5,0x36,0xf5,0x98,0xfd,0xd9,0xf5,
    0x0e,0xe3,0x98,0xfd,0x77,0xf5,0x56,0xf5,0x77,0xf5,0x77,0xf5,0xea,0xe1,0x48,0xd9,0xd1,0xeb,0x16,0xf5,0xf1,0xeb,0xea,0xe1,0xd5,0xf4,0xb8,0xf5,0x16,0xfd,0x8c,0xe2,
    0x47,0xd9,0xb1,0xeb,0xb8,0xf5,0x98,0xf5,0x97,0xf5,0x4f,0xeb,0x06,0xd9,0xee,0xe2,0xb8,0xf5,0x77,0xf5,0xd9,0xf5,0x2f,0xe3,0x48,0xd9,0x8c,0xe2,0xc9,0xe1,0x27,0xd9,
    0x68,0xd9,0x47,0xd9,0x6c,0xe2,0x0e,0xe3,0x2b,0xe2,0x68,0xd9,0x27,0xd9,0x2f,0xe3,0xd8,0xf5,0x36,0xf5,0xd8,0xf5,0xb0,0xeb,0x07,0xd9,0x47,0xd9,0x48,0xd9,0x68,0xd9,
    0x68,0xd9,0x89,0xe9,0x48,0xe1,0x27,0xe1,0x48,0xe1,0x68,0xe1,0x27,0xe1,0x68,0xe1,0x53,0xf4,0x57,0xfd,0x94,0xf4,0xea,0xe9,0x68,0xe9,0x89,0xe1,0x89,0xe9,0x68,0xd9,
    0x68,0xd9,0x68,0xe1,0x88,0xd9,0x88,0xd9,0x68,0xd9,0x2b,0xd2,0x6c,0xca,0x2b,0xca,0x4b,0xca,0x0e,0xd3,0x2b,0xd2,0x47,0xd9,0x68,0xd9,0x68,0xd9,0x68,0xe1,0x68,0xd9,
    0x00,0x00,0x00,0x00,0x00,0x00,0x00,0x00,0x00,0x00,0x77,0x95,0xb8,0x9d,0x77,0x95,0x77,0x95,0x97,0x9d,0x77,0x95,0x00,0x00,0x00,0x00,0x00,0x00,0x00,0x00,0x00,0x00,
    0x0a,0xa8,0x0f,0xf8,0xef,0xb9,0x00,0xf8,0x35,0x9d,0x56,0x9d,0x56,0x9d,0x56,0x9d,0x56,0x9d,0x56,0x9d,0x56,0x9d,0x35,0x9d,0x00,0xf8,0xef,0xb9,0x0f,0xf8,0x0a,0xa8,
    0x00,0x00,0x00,0x00,0xf7,0x7d,0x00,0x00,0x56,0x9d,0xb8,0xa5,0x56,0x9d,0x56,0x9d,0x56,0x9d,0x56,0x9d,0xb8,0xa5,0x56,0x9d,0x00,0x00,0xf7,0x7d,0x00,0x00,0x00,0x00,
    0x00,0x00,0x00,0x00,0xff,0x7f,0x00,0x00,0x56,0x9d,0x97,0xa5,0x56,0x9d,0x56,0x9d,0x56,0x9d,0x56,0x9d,0x97,0xa5,0x56,0x9d,0x00,0x00,0xff,0x7f,0x00,0x00,0x00,0x00,
    0x00,0x00,0xff,0xff,0x00,0x00,0x57,0x9d,0x56,0x9d,0x77,0x9d,0x56,0x9d,0x56,0x9d,0x56,0x9d,0x56,0x9d,0x77,0x9d,0x56,0x9d,0xf5,0x8c,0x00,0x00,0xff,0xff,0x00,0x00,
    0x00,0x00,0x00,0x00,0xef,0x7b,0xd3,0x9c,0x56,0x9d,0x97,0x9d,0x56,0x9d,0x56,0x9d,0x56,0x9d,0x56,0x9d,0x97,0x9d,0x56,0x9d,0xd3,0x9c,0xef,0x7b,0x00,0x00,0x00,0x00,
    0x00,0x01,0x00,0x00,0x47,0xab,0xe7,0xfe,0xfe,0xe7,0xab,0x46,0x00,0x00,0x01,0x00,0x01,0x00,0x0e,0xa1,0xfe,0xff,0xff,0xff,0xff,0xff,0xff,0xfe,0x9f,0x0d,0x00,0x01,
    0x02,0x0e,0xc8,0xff,0xfd,0xfd,0xfe,0xff,0xff,0xfe,0xfd,0xfd,0xff,0xc7,0x0e,0x02,0x00,0xa3,0xff,0xf9,0xff,0xff,0xff,0xff,0xff,0xff,0xff,0xff,0xf9,0xff,0xa2,0x00,
    0x43,0xff,0xfc,0xff,0xff,0xff,0xff,0xff,0xff,0xff,0xff,0xff,0xff,0xfc,0xff,0x42,0xae,0xfe,0xfc,0xff,0xff,0xff,0xff,0xff,0xff,0xff,0xff,0xff,0xff,0xfc,0xff,0xae,
    0xea,0xff,0xfe,0xff,0xff,0xff,0xff,0xff,0xff,0xff,0xff,0xff,0xff,0xfe,0xff,0xe9,0xff,0xfc,0xfc,0xfc,0xfc,0xfe,0xff,0xff,0xff,0xff,0xfe,0xfc,0xfc,0xfc,0xfc,0xff,
    0xf9,0xff,0xff,0xff,0xff,0xff,0xff,0xff,0xff,0xff,0xff,0xff,0xff,0xff,0xff,0xf9,0x4e,0xbc,0xc2,0xc4,0xc4,0xef,0xff,0xfe,0xfe,0xff,0xef,0xc4,0xc4,0xc2,0xbc,0x4e,
    0x00,0x00,0x00,0x00,0x00,0xd0,0xff,0xfd,0xfd,0xff,0xd0,0x00,0x00,0x00,0x00,0x00,0x03,0x02,0x04,0x02,0x22,0xf8,0xff,0xff,0xff,0xff,0xf8,0x22,0x02,0x04,0x02,0x03,
    0x00,0x00,0x04,0x00,0x66,0xff,0xfb,0xff,0xff,0xfb,0xff,0x66,0x00,0x04,0x00,0x00,0x00,0x00,0x02,0x01,0xbc,0xff,0xfc,0xff,0xff,0xfc,0xff,0xbc,0x01,0x02,0x00,0x00,
    0x00,0x01,0x00,0x0f,0xf4,0xff,0xfe,0xff,0xff,0xfe,0xff,0xf5,0x10,0x00,0x01,0x00,0x00,0x00,0x02,0x05,0xad,0xff,0xfd,0xff,0xff,0xfd,0xff,0xad,0x05,0x02,0x00,0x00,

};

const lv_image_dsc_t emoji_mushroom_16 = {
  .header.magic = LV_IMAGE_HEADER_MAGIC,
  .header.cf = LV_COLOR_FORMAT_RGB565A8,
  .header.flags = 0,
  .header.w = 16,
  .header.h = 16,
  .header.stride = 32,
  .data_size = sizeof(emoji_mushroom_16_map),
  .data = emoji_mushroom_16_map,
};




#ifndef LV_ATTRIBUTE_MEM_ALIGN
#define LV_ATTRIBUTE_MEM_ALIGN
#endif

#ifndef LV_ATTRIBUTE_EMOJI_BIOHAZARD_16
#define LV_ATTRIBUTE_EMOJI_BIOHAZARD_16
#endif

static const
LV_ATTRIBUTE_MEM_ALIGN LV_ATTRIBUTE_LARGE_CONST LV_ATTRIBUTE_EMOJI_BIOHAZARD_16
uint8_t emoji_biohazard_16_map[] = {

    0x00,0x00,0x00,0x00,0x40,0xfd,0x00,0x00,0x00,0x00,0xa1,0xfc,0xa1,0xfc,0x81,0xf4,0x81,0xf4,0xa1,0xfc,0xa1,0xfc,0x00,0x00,0x00,0x00,0x40,0xfd,0x00,0x00,0x00,0x00,
    0x00,0x00,0xa0,0xfa,0x00,0x00,0x41,0xec,0xa1,0xfc,0x81,0xf4,0x80,0xfc,0xc1,0xfc,0xc1,0xfc,0x80,0xfc,0x81,0xf4,0xa1,0xfc,0x41,0xec,0x00,0x00,0xa0,0xfa,0x00,0x00,
    0xa0,0xaa,0x00,0x00,0x61,0xf4,0xa1,0xfc,0xc1,0xfc,0x61,0xf4,0x68,0xf5,0xe5,0xf4,0xe5,0xf4,0x69,0xf5,0x61,0xf4,0xc1,0xfc,0xa1,0xfc,0x61,0xf4,0x00,0x00,0xa0,0xaa,
    0xe0,0xff,0x61,0xf4,0x81,0xfc,0xa1,0xfc,0x40,0xf4,0x30,0xfe,0x69,0xf5,0x20,0xf4,0x40,0xf4,0x69,0xf5,0x30,0xfe,0x40,0xf4,0xa1,0xfc,0x81,0xfc,0x61,0xf4,0xe0,0xff,
    0x00,0x00,0x61,0xf4,0xc1,0xfc,0x40,0xf4,0x48,0xf5,0x17,0xff,0x60,0xf4,0x48,0xf5,0x48,0xf5,0x60,0xf4,0x17,0xff,0x47,0xf5,0x40,0xf4,0xc1,0xfc,0x61,0xf4,0x00,0x00,
    0x81,0xf4,0x81,0xf4,0x82,0xf4,0x20,0xf4,0xab,0xfd,0x5a,0xff,0xed,0xfd,0xf7,0xfe,0xf7,0xfe,0xac,0xfd,0x5a,0xff,0xab,0xfd,0x20,0xf4,0x82,0xf4,0x81,0xf4,0x81,0xf4,
    0x61,0xf4,0xc1,0xfc,0x40,0xf4,0xe5,0xf4,0x5a,0xff,0xff,0xff,0xb4,0xfe,0xc3,0xf4,0xc3,0xf4,0xb4,0xfe,0xff,0xff,0x5a,0xff,0xe5,0xf4,0x40,0xf4,0xc1,0xfc,0x61,0xf4,
    0x81,0xf4,0xa1,0xfc,0xa3,0xf4,0x5a,0xff,0x93,0xfe,0x30,0xfe,0xbd,0xff,0x93,0xfe,0x92,0xfe,0xbd,0xff,0x30,0xfe,0x93,0xfe,0x5a,0xff,0xa3,0xf4,0xa1,0xfc,0x81,0xf4,
    0x82,0xf4,0x80,0xfc,0xac,0xf5,0x8a,0xf5,0x81,0xf4,0xd6,0xfe,0xa3,0xf4,0x0f,0xfe,0x0e,0xfe,0xa3,0xf4,0xf6,0xfe,0x60,0xf4,0x8a,0xfd,0xab,0xf5,0x80,0xfc,0x82,0xf4,
    0x82,0xf4,0xa0,0xfc,0x48,0xf5,0xa3,0xf4,0x40,0xf4,0x17,0xff,0x2f,0xfe,0xb4,0xfe,0xb4,0xfe,0x50,0xfe,0xf6,0xfe,0x40,0xf4,0xa3,0xf4,0x69,0xf5,0xa0,0xfc,0x82,0xf4,
    0x81,0xf4,0x81,0xf4,0xc3,0xf4,0xa2,0xf4,0x40,0xf4,0x82,0xf4,0xab,0xfd,0x38,0xff,0x39,0xff,0xcc,0xfd,0x81,0xf4,0x40,0xf4,0xa2,0xf4,0xc3,0xf4,0x61,0xf4,0x81,0xf4,
    0x00,0x00,0x81,0xf4,0xa0,0xfc,0x07,0xf5,0x48,0xf5,0xe5,0xf4,0x51,0xfe,0xff,0xff,0xff,0xff,0x51,0xfe,0xe5,0xf4,0x48,0xf5,0x06,0xf5,0xa0,0xfc,0x81,0xf4,0x00,0x00,
    0xe0,0xff,0x61,0xf4,0x81,0xfc,0xa2,0xfc,0x49,0xf5,0x50,0xfe,0x93,0xfe,0x06,0xf5,0x26,0xf5,0x93,0xfe,0x30,0xfe,0x69,0xf5,0xa2,0xfc,0x81,0xfc,0x61,0xf4,0xe0,0xff,
    0xa0,0xaa,0x00,0x00,0x61,0xf4,0x81,0xfc,0xa0,0xfc,0x40,0xf4,0x20,0xf4,0x40,0xf4,0x40,0xf4,0x20,0xf4,0x40,0xf4,0xa0,0xfc,0x81,0xfc,0x61,0xf4,0x00,0x00,0xa0,0xaa,
    0x00,0x00,0xa0,0xfa,0x00,0x00,0x41,0xec,0xa1,0xfc,0xa1,0xf4,0xc2,0xfc,0xc1,0xfc,0xc1,0xfc,0xc2,0xfc,0xa1,0xf4,0xa1,0xfc,0x41,0xec,0x00,0x00,0xa0,0xfa,0x00,0x00,
    0x00,0x00,0x00,0x00,0x40,0xfd,0x00,0x00,0x00,0x00,0xa1,0xfc,0x81,0xfc,0x81,0xf4,0x81,0xf4,0x81,0xfc,0xa1,0xfc,0x00,0x00,0x00,0x00,0x40,0xfd,0x00,0x00,0x00,0x00,
    0x00,0x00,0x03,0x00,0x00,0x35,0x76,0x97,0x97,0x76,0x35,0x00,0x00,0x03,0x00,0x00,0x00,0x03,0x00,0x2b,0xb3,0xfa,0xff,0xff,0xff,0xff,0xfa,0xb3,0x2b,0x00,0x03,0x00,
    0x03,0x00,0x49,0xf3,0xff,0xff,0xfc,0xfc,0xfc,0xfc,0xff,0xff,0xf3,0x49,0x00,0x03,0x01,0x29,0xf5,0xff,0xfb,0xff,0xff,0xff,0xff,0xff,0xff,0xfb,0xff,0xf5,0x29,0x01,
    0x00,0xb7,0xff,0xfb,0xff,0xff,0xff,0xff,0xff,0xff,0xff,0xff,0xfb,0xff,0xb7,0x00,0x33,0xfc,0xfe,0xff,0xff,0xff,0xff,0xff,0xff,0xff,0xff,0xff,0xff,0xfe,0xfc,0x33,
    0x79,0xff,0xfc,0xff,0xff,0xff,0xff,0xff,0xff,0xff,0xff,0xff,0xff,0xfc,0xff,0x79,0x98,0xff,0xfc,0xff,0xff,0xff,0xff,0xff,0xff,0xff,0xff,0xff,0xff,0xfc,0xff,0x98,
    0x98,0xff,0xfc,0xff,0xff,0xff,0xff,0xff,0xff,0xff,0xff,0xff,0xff,0xfc,0xff,0x98,0x79,0xff,0xfc,0xff,0xff,0xff,0xff,0xff,0xff,0xff,0xff,0xff,0xff,0xfc,0xff,0x79,
    0x33,0xfc,0xfe,0xff,0xff,0xff,0xff,0xff,0xff,0xff,0xff,0xff,0xff,0xfe,0xfc,0x33,0x00,0xb7,0xff,0xfb,0xff,0xff,0xff,0xff,0xff,0xff,0xff,0xff,0xfb,0xff,0xb7,0x00,
    0x01,0x29,0xf5,0xff,0xfb,0xff,0xff,0xff,0xff,0xff,0xff,0xfb,0xff,0xf5,0x29,0x01,0x03,0x00,0x49,0xf3,0xff,0xff,0xfc,0xfc,0xfc,0xfc,0xff,0xff,0xf3,0x49,0x00,0x03,
    0x00,0x03,0x00,0x2b,0xb3,0xfa,0xff,0xff,0xff,0xff,0xfa,0xb3,0x2b,0x00,0x03,0x00,0x00,0x00,0x03,0x00,0x00,0x35,0x76,0x97,0x97,0x76,0x35,0x00,0x00,0x03,0x00,0x00,

};

const lv_image_dsc_t emoji_biohazard_16 = {
  .header.magic = LV_IMAGE_HEADER_MAGIC,
  .header.cf = LV_COLOR_FORMAT_RGB565A8,
  .header.flags = 0,
  .header.w = 16,
  .header.h = 16,
  .header.stride = 32,
  .data_size = sizeof(emoji_biohazard_16_map),
  .data = emoji_biohazard_16_map,
};




#ifndef LV_ATTRIBUTE_MEM_ALIGN
#define LV_ATTRIBUTE_MEM_ALIGN
#endif

#ifndef LV_ATTRIBUTE_EMOJI_PANDA_16
#define LV_ATTRIBUTE_EMOJI_PANDA_16
#endif

static const
LV_ATTRIBUTE_MEM_ALIGN LV_ATTRIBUTE_LARGE_CONST LV_ATTRIBUTE_EMOJI_PANDA_16
uint8_t emoji_panda_16_map[] = {

    0x00,0x00,0x24,0x21,0xa6,0x31,0x66,0x29,0x28,0x42,0xdf,0xff,0x9e,0xf7,0x7d,0xef,0x7d,0xef,0x9e,0xf7,0xdf,0xff,0x28,0x42,0x66,0x29,0xa6,0x31,0x24,0x21,0x00,0x00,
    0xe3,0x18,0x08,0x3a,0x6e,0x5b,0x52,0x7c,0xfb,0xde,0xff,0xff,0x9e,0xf7,0x7d,0xef,0x7d,0xef,0x9e,0xf7,0xff,0xff,0xfb,0xde,0x52,0x7c,0x6e,0x5b,0x08,0x3a,0xe3,0x18,
    0x24,0x21,0xec,0x52,0x72,0x7c,0x5d,0xef,0xbe,0xf7,0x7d,0xef,0x7d,0xef,0x7d,0xef,0x7d,0xef,0x7d,0xef,0x7d,0xef,0xbe,0xf7,0x5d,0xef,0x72,0x7c,0xec,0x52,0x24,0x21,
    0x03,0x19,0x49,0x42,0xba,0xd6,0xbe,0xf7,0x5d,0xef,0x5d,0xef,0x5d,0xef,0x7d,0xef,0x7d,0xef,0x5d,0xef,0x5d,0xef,0x5d,0xef,0xbe,0xf7,0xba,0xd6,0x49,0x42,0x03,0x19,
    0x01,0x00,0x6d,0x6b,0xdf,0xff,0x5d,0xef,0xbe,0xf7,0xff,0xff,0xdf,0xff,0x7d,0xef,0x7d,0xef,0xdf,0xff,0xff,0xff,0xbe,0xf7,0x5d,0xef,0xdf,0xff,0x6d,0x6b,0x61,0x00,
    0x00,0x00,0xdf,0xff,0xff,0xff,0xbe,0xf7,0xf7,0xbd,0x2c,0x63,0x30,0x84,0x7d,0xef,0x5d,0xef,0x30,0x84,0x2c,0x63,0xf7,0xbd,0xbe,0xf7,0xff,0xff,0xdf,0xff,0x00,0x00,
    0x1c,0xe7,0x5d,0xef,0xff,0xff,0xd7,0xbd,0x24,0x21,0xa7,0x29,0xe3,0x10,0x75,0xad,0x55,0xad,0xe3,0x10,0xa7,0x29,0x24,0x21,0xd7,0xbd,0xff,0xff,0x5d,0xef,0x1c,0xe7,
    0x7d,0xef,0x9e,0xf7,0xbe,0xf7,0xeb,0x5a,0x45,0x21,0x32,0x74,0x8a,0x42,0x51,0x8c,0x51,0x8c,0x8a,0x42,0x32,0x74,0x45,0x21,0xeb,0x5a,0xbe,0xf7,0x9e,0xf7,0x7d,0xef,
    0x7d,0xef,0xdf,0xff,0x9e,0xf7,0x8a,0x52,0x65,0x21,0xd0,0x6b,0xe8,0x31,0x71,0x8c,0x71,0x8c,0xe8,0x31,0xd0,0x6b,0x65,0x21,0xaa,0x52,0xbe,0xf7,0xdf,0xff,0x7d,0xef,
    0x7d,0xef,0xdf,0xff,0xdf,0xff,0xd3,0x9c,0xa2,0x10,0x0c,0x5b,0xb6,0xb5,0xdf,0xff,0xdf,0xff,0xb6,0xb5,0x0c,0x5b,0xa2,0x10,0xf3,0x9c,0xdf,0xff,0xdf,0xff,0x7d,0xef,
    0x7d,0xef,0xdf,0xff,0x7d,0xef,0x5d,0xef,0xd7,0xbd,0x7d,0xef,0x5d,0xef,0x9a,0xd6,0x9a,0xd6,0x5d,0xef,0x7d,0xef,0xd7,0xbd,0x7d,0xef,0x7d,0xef,0xdf,0xff,0x7d,0xef,
    0x7d,0xef,0xdf,0xff,0x7d,0xef,0xdf,0xff,0xff,0xff,0xba,0xd6,0x04,0x19,0xc3,0x10,0xc3,0x10,0x04,0x19,0xba,0xd6,0xff,0xff,0xbe,0xf7,0x7d,0xef,0xdf,0xff,0x7d,0xef,
    0xff,0xff,0x7d,0xef,0xff,0xff,0xff,0xff,0xdf,0xff,0xff,0xff,0xf7,0xbd,0xeb,0x52,0xeb,0x52,0xf7,0xbd,0xff,0xff,0xdf,0xff,0xff,0xff,0xff,0xff,0x7d,0xef,0xff,0xff,
    0xff,0xff,0xff,0xff,0x9e,0xf7,0xff,0xff,0xff,0xff,0xff,0xff,0xff,0xff,0x7d,0xff,0x7d,0xff,0xff,0xff,0xff,0xff,0xff,0xff,0xff,0xff,0x9e,0xf7,0xff,0xff,0xff,0xff,
    0xff,0xff,0x00,0x00,0x00,0x00,0x7d,0xef,0xdf,0xff,0xdf,0xf7,0x3d,0xef,0x8c,0xe2,0x8c,0xe2,0x3d,0xef,0xdf,0xf7,0xdf,0xff,0x7d,0xef,0x00,0x00,0x00,0x00,0xff,0xff,
    0x00,0x00,0xff,0xff,0xff,0xff,0x00,0x00,0x00,0x00,0x99,0x9d,0x9b,0xc6,0x19,0xd6,0x19,0xd6,0x9b,0xc6,0x99,0x9d,0x00,0x00,0x00,0x00,0xff,0xff,0xff,0xff,0x00,0x00,
    0x00,0x7d,0xf3,0xfb,0xa3,0x8d,0xe4,0xfe,0xfe,0xe5,0x8d,0xa3,0xfb,0xf3,0x7d,0x00,0x53,0xff,0xff,0xff,0xff,0xff,0xff,0xff,0xff,0xff,0xff,0xff,0xff,0xff,0xff,0x53,
    0x9f,0xfd,0xfb,0xff,0xfd,0xfc,0xfe,0xff,0xff,0xfe,0xfc,0xfd,0xff,0xfb,0xfd,0xa0,0x79,0xff,0xfc,0xff,0xff,0xff,0xff,0xff,0xff,0xff,0xff,0xff,0xff,0xfc,0xff,0x79,
    0x10,0xc1,0xff,0xfd,0xff,0xff,0xff,0xff,0xff,0xff,0xff,0xff,0xfd,0xff,0xc1,0x10,0x00,0x9c,0xff,0xfb,0xff,0xff,0xff,0xff,0xff,0xff,0xff,0xff,0xfb,0xff,0x9c,0x00,
    0x12,0xeb,0xff,0xfe,0xff,0xff,0xff,0xff,0xff,0xff,0xff,0xff,0xfe,0xff,0xeb,0x12,0x45,0xff,0xfe,0xff,0xff,0xff,0xff,0xff,0xff,0xff,0xff,0xff,0xff,0xfe,0xff,0x45,
    0x76,0xff,0xfc,0xff,0xff,0xff,0xff,0xff,0xff,0xff,0xff,0xff,0xff,0xfc,0xff,0x76,0x97,0xff,0xfc,0xff,0xff,0xff,0xff,0xff,0xff,0xff,0xff,0xff,0xff,0xfc,0xff,0x97,
    0x92,0xfe,0xfc,0xff,0xff,0xff,0xff,0xff,0xff,0xff,0xff,0xff,0xff,0xfc,0xfe,0x92,0x4a,0xff,0xfb,0xff,0xff,0xff,0xff,0xff,0xff,0xff,0xff,0xff,0xff,0xfb,0xff,0x4a,
    0x01,0xac,0xff,0xfb,0xfb,0xfd,0xff,0xff,0xff,0xff,0xfd,0xfb,0xfb,0xff,0xac,0x01,0x01,0x0b,0xa9,0xff,0xff,0xff,0xfd,0xff,0xff,0xfd,0xff,0xff,0xff,0xa9,0x0b,0x01,
    0x01,0x00,0x00,0x46,0xa1,0xdb,0xff,0xff,0xff,0xff,0xdb,0xa1,0x46,0x00,0x00,0x01,0x00,0x01,0x02,0x00,0x00,0x0a,0x93,0xf7,0xf7,0x93,0x0a,0x00,0x00,0x02,0x01,0x00,

};

const lv_image_dsc_t emoji_panda_16 = {
  .header.magic = LV_IMAGE_HEADER_MAGIC,
  .header.cf = LV_COLOR_FORMAT_RGB565A8,
  .header.flags = 0,
  .header.w = 16,
  .header.h = 16,
  .header.stride = 32,
  .data_size = sizeof(emoji_panda_16_map),
  .data = emoji_panda_16_map,
};




#ifndef LV_ATTRIBUTE_MEM_ALIGN
#define LV_ATTRIBUTE_MEM_ALIGN
#endif

#ifndef LV_ATTRIBUTE_EMOJI_ANGER_16
#define LV_ATTRIBUTE_EMOJI_ANGER_16
#endif

static const
LV_ATTRIBUTE_MEM_ALIGN LV_ATTRIBUTE_LARGE_CONST LV_ATTRIBUTE_EMOJI_ANGER_16
uint8_t emoji_anger_16_map[] = {

    0x00,0x00,0x00,0x00,0x0a,0xa8,0x0a,0xa8,0x00,0x00,0xa6,0xb8,0xc6,0xc0,0xa5,0xb8,0x00,0x78,0x00,0xf8,0x00,0x00,0x0a,0xa8,0x00,0x00,0x00,0x00,0x00,0x00,0x00,0x00,
    0x00,0x00,0x00,0x00,0x00,0x00,0x00,0x00,0x00,0xf8,0xc6,0xb8,0xe7,0xd8,0xc6,0xb0,0x00,0x00,0x04,0xb0,0x00,0x78,0x00,0x00,0xc5,0xa8,0x86,0xc9,0x00,0x00,0x00,0x00,
    0x00,0xf8,0xe3,0xb8,0xc6,0xc0,0xa5,0xb8,0x00,0x00,0xe7,0xc0,0xc6,0xc0,0xc6,0xc8,0xc6,0xb8,0x00,0x00,0x00,0x00,0xa5,0xb8,0xc6,0xc8,0xc5,0xb8,0x00,0x00,0x0a,0xa8,
    0x00,0xf8,0xe5,0xb8,0xc6,0xc0,0xc6,0xc8,0xc6,0xc0,0x00,0x00,0xc6,0xb0,0xc6,0xc8,0xc6,0xc0,0xc6,0xb8,0xc6,0xb8,0xe6,0xd0,0xc6,0xc0,0xc6,0xb8,0x06,0xc8,0x0a,0xa8,
    0x00,0xa8,0x00,0x00,0xc5,0xb8,0xc6,0xc8,0xc6,0xb8,0x00,0x00,0x00,0x00,0xa6,0xb0,0xc6,0xc0,0xc6,0xc0,0xc6,0xc0,0xc6,0xc0,0xc5,0xa8,0x00,0x00,0x00,0x00,0x00,0x00,
    0x00,0x00,0x07,0xb8,0x00,0x00,0xc6,0xb8,0xc6,0xc0,0xa6,0xb0,0x00,0x78,0x00,0x00,0x00,0x00,0xa6,0xc8,0xa5,0xb8,0x00,0x00,0x00,0x00,0xc6,0xb0,0xc6,0xc0,0xc6,0xb8,
    0x00,0x00,0x07,0xb8,0x00,0x00,0xa5,0xb8,0xc6,0xc8,0xa5,0xb8,0x00,0x00,0x00,0xc8,0x00,0x00,0x00,0x00,0x00,0x00,0x00,0x00,0xc6,0xb8,0xc6,0xc0,0xe7,0xd8,0xc6,0xb8,
    0x00,0x00,0x00,0x00,0xc6,0xb0,0xc6,0xc0,0xc6,0xb8,0xc6,0xc8,0x00,0xf8,0x00,0xf8,0x00,0x00,0x07,0xb8,0x00,0x00,0xc6,0xb8,0xc6,0xc8,0xc6,0xc0,0xc5,0xb8,0xc6,0xb0,
    0xe5,0xb8,0xc6,0xb8,0xc6,0xc0,0xc6,0xc8,0xc5,0xb8,0x00,0x00,0x06,0xc8,0x00,0xf8,0x00,0xf8,0x00,0xf8,0x24,0xb1,0xc6,0xb8,0xc6,0xc0,0xa5,0xb0,0x00,0x00,0x00,0x00,
    0xc6,0xb8,0xe7,0xd8,0xc6,0xc0,0xa5,0xb0,0x00,0x00,0x00,0x00,0x00,0x00,0x00,0x00,0x06,0x98,0x00,0x00,0xe5,0xb8,0xc6,0xc0,0xa5,0xb8,0x00,0x00,0x09,0xd8,0x00,0x00,
    0xc6,0xb8,0xc6,0xc0,0x84,0xb0,0x00,0x00,0x00,0x00,0xa6,0xb8,0xa6,0xc8,0x86,0xb0,0x00,0x00,0x00,0x78,0xa5,0xb8,0xc6,0xb8,0xc6,0xb8,0x00,0x00,0x0f,0xf8,0x00,0x00,
    0x00,0x00,0x00,0x00,0x00,0x00,0xa6,0xb0,0xc6,0xc0,0xc6,0xc0,0xc6,0xc8,0xc6,0xc0,0xc6,0xb8,0x00,0x00,0x00,0x00,0xc6,0xb8,0xe6,0xd0,0xc6,0xb8,0x00,0x00,0x0a,0xa8,
    0x0a,0xa8,0x07,0xb8,0xc6,0xb8,0xc6,0xc0,0xc6,0xc8,0xc6,0xb8,0xc6,0xb8,0xc6,0xc0,0xe6,0xd0,0xc5,0xb8,0x00,0x00,0xc6,0xb8,0xc6,0xc0,0xc6,0xc0,0xc6,0xb8,0x00,0xf8,
    0x0a,0xa8,0x00,0x00,0xc6,0xb8,0xc6,0xc8,0xc6,0xb8,0x00,0x00,0x00,0x00,0x65,0xa8,0xc6,0xc0,0xc6,0xc0,0xe6,0xb8,0x00,0x00,0xa5,0xb8,0xc6,0xc0,0xe3,0xb8,0x00,0x78,
    0x00,0x00,0x00,0x00,0x00,0x00,0x84,0xa0,0x00,0x00,0x00,0xa8,0x04,0xb0,0x00,0x00,0xc5,0xb8,0xe7,0xd8,0xc6,0xb8,0x00,0xf8,0x00,0x00,0x00,0x00,0x00,0x00,0x00,0x00,
    0x00,0x00,0x00,0x00,0x00,0x00,0x00,0x00,0x0a,0xa8,0x00,0x00,0x00,0x00,0x00,0xf8,0x0f,0xf8,0xa6,0xb8,0x86,0xc0,0x00,0x00,0x0a,0xa8,0x0a,0xf8,0x00,0x00,0x00,0x00,
    0x00,0x00,0x03,0x03,0x00,0x24,0x7c,0x0c,0x02,0x01,0x00,0x03,0x00,0x00,0x00,0x00,0x00,0x00,0x00,0x00,0x01,0x67,0xff,0x68,0x00,0x07,0x02,0x00,0x1d,0x05,0x00,0x01,
    0x01,0x08,0x8d,0x61,0x00,0x09,0xd8,0xf3,0x27,0x00,0x00,0x4b,0xf4,0x95,0x00,0x03,0x01,0x12,0xeb,0xf8,0x29,0x00,0x3d,0xfc,0xf5,0x97,0xbf,0xff,0xe9,0x4e,0x05,0x03,
    0x03,0x00,0x30,0xfe,0xb5,0x00,0x00,0x43,0xd0,0xff,0xf2,0x97,0x1d,0x00,0x00,0x00,0x00,0x04,0x00,0xa4,0xfe,0x19,0x02,0x00,0x00,0x18,0x0b,0x00,0x00,0x15,0x7d,0x28,
    0x00,0x08,0x00,0x76,0xff,0x2b,0x00,0x05,0x00,0x00,0x00,0x00,0x55,0xea,0xff,0x79,0x00,0x00,0x1f,0xe0,0xe8,0x0a,0x01,0x01,0x00,0x04,0x00,0x53,0xff,0xe4,0x51,0x0a,
    0x10,0x62,0xee,0xff,0x51,0x00,0x05,0x01,0x01,0x01,0x07,0xe5,0xe1,0x18,0x00,0x00,0x66,0xff,0xde,0x4b,0x00,0x00,0x00,0x00,0x05,0x00,0x1b,0xff,0x8b,0x00,0x07,0x00,
    0x14,0x64,0x0d,0x00,0x00,0x18,0x2b,0x0e,0x00,0x02,0x0b,0xf3,0xc3,0x00,0x02,0x00,0x00,0x00,0x00,0x25,0xa9,0xff,0xff,0xee,0x69,0x00,0x00,0x91,0xff,0x52,0x00,0x03,
    0x03,0x04,0x55,0xf3,0xff,0xa8,0x76,0xd7,0xff,0x5e,0x00,0x14,0xe3,0xff,0x1e,0x01,0x03,0x00,0x74,0xe4,0x3f,0x00,0x00,0x10,0xdc,0xef,0x1a,0x00,0x41,0x79,0x08,0x02,
    0x00,0x00,0x00,0x0e,0x00,0x03,0x07,0x00,0x46,0xff,0x7e,0x01,0x00,0x00,0x00,0x00,0x00,0x00,0x00,0x00,0x03,0x00,0x00,0x01,0x02,0x61,0x1a,0x00,0x03,0x03,0x00,0x00,

};

const lv_image_dsc_t emoji_anger_16 = {
  .header.magic = LV_IMAGE_HEADER_MAGIC,
  .header.cf = LV_COLOR_FORMAT_RGB565A8,
  .header.flags = 0,
  .header.w = 16,
  .header.h = 16,
  .header.stride = 32,
  .data_size = sizeof(emoji_anger_16_map),
  .data = emoji_anger_16_map,
};




#ifndef LV_ATTRIBUTE_MEM_ALIGN
#define LV_ATTRIBUTE_MEM_ALIGN
#endif

#ifndef LV_ATTRIBUTE_EMOJI_DRAGON_FACE_16
#define LV_ATTRIBUTE_EMOJI_DRAGON_FACE_16
#endif

static const
LV_ATTRIBUTE_MEM_ALIGN LV_ATTRIBUTE_LARGE_CONST LV_ATTRIBUTE_EMOJI_DRAGON_FACE_16
uint8_t emoji_dragon_face_16_map[] = {

    0x00,0x00,0x00,0x00,0x00,0x00,0x00,0x00,0x00,0x00,0x00,0x00,0x00,0x00,0xe5,0x3b,0xc3,0x43,0x84,0x43,0x42,0x33,0xc3,0x43,0x63,0x3b,0x00,0x00,0x00,0x00,0x00,0x00,
    0x00,0x00,0x00,0x00,0x00,0x00,0x00,0x00,0x00,0x00,0xe0,0x3b,0x00,0x00,0x83,0x3b,0xe3,0x43,0x63,0x3b,0xa4,0x43,0x24,0x4c,0x83,0x3b,0x63,0x3b,0x83,0x3b,0x00,0x00,
    0x00,0x00,0x00,0x00,0x00,0x00,0x00,0x00,0xe0,0x03,0x4a,0x55,0x00,0x00,0x83,0x3b,0x66,0x54,0x49,0x6d,0xab,0x7d,0xaa,0x7d,0x69,0x75,0xc7,0x5c,0x63,0x3b,0x83,0x3b,
    0x00,0x00,0x00,0x00,0x00,0x00,0x4a,0x55,0x00,0x00,0x00,0x00,0xe8,0x64,0x49,0x6d,0xcb,0x7d,0x69,0x75,0xa7,0x5c,0x46,0x54,0x8a,0x75,0xcb,0x7d,0xa7,0x5c,0x22,0x33,
    0xe0,0xff,0x00,0x00,0x4a,0x55,0x00,0x00,0x89,0x75,0xaa,0x7d,0xcb,0x7d,0xaa,0x7d,0x25,0x54,0x03,0x33,0x85,0x43,0xc7,0x64,0x6a,0x75,0x8a,0x7d,0x8a,0x75,0xe4,0x43,
    0x00,0x00,0x6c,0x9e,0x00,0x00,0x8a,0x75,0xaa,0x7d,0xeb,0x7d,0x8a,0x7d,0x28,0x6d,0x46,0x54,0x66,0x21,0x28,0x4b,0x0b,0x86,0x8a,0x75,0x8a,0x75,0xcb,0x7d,0x66,0x54,
    0x8a,0x75,0x8a,0x75,0x8a,0x75,0xaa,0x7d,0xcb,0x7d,0x69,0x75,0x8a,0x75,0xee,0x8d,0xab,0x7d,0xc9,0x6c,0x2a,0x75,0x8a,0x75,0x8a,0x75,0x8a,0x75,0xab,0x7d,0x66,0x54,
    0xaa,0x75,0x66,0x54,0x8a,0x75,0xaa,0x7d,0x89,0x75,0x17,0xcf,0xb4,0xb6,0xfe,0xff,0xcc,0x85,0xaa,0x75,0xaa,0x7d,0x8a,0x75,0x8a,0x75,0x8a,0x75,0xca,0x7d,0x66,0x54,
    0x6a,0x75,0x8a,0x75,0xcb,0x7d,0x8a,0x7d,0x6a,0x75,0x96,0xc6,0x8f,0x95,0x0d,0x85,0x09,0x6d,0x8a,0x75,0x8a,0x75,0x8a,0x75,0x8a,0x75,0x8a,0x75,0xaa,0x7d,0xe5,0x4b,
    0x00,0x00,0xab,0x7d,0xe8,0x64,0x45,0x54,0xc4,0x43,0x04,0x4c,0x86,0x54,0xe6,0x5c,0x69,0x75,0x8a,0x7d,0x8a,0x75,0x8a,0x75,0x8a,0x75,0xaa,0x7d,0x49,0x75,0xa3,0x43,
    0xe7,0x3b,0x00,0x00,0x00,0x00,0x08,0x65,0x0b,0x86,0xcb,0x7d,0x0c,0x86,0x0c,0x86,0xcb,0x7d,0xaa,0x7d,0x8a,0x75,0x8a,0x75,0x8a,0x75,0xab,0x7d,0xe8,0x64,0x01,0x33,
    0x00,0x00,0x4a,0x55,0x00,0x00,0x0f,0xa7,0xeb,0x85,0x6a,0x75,0x00,0x00,0x00,0x00,0x6a,0x75,0xaa,0x7d,0x8a,0x7d,0x8a,0x75,0x8a,0x75,0xcb,0x7d,0x46,0x54,0x22,0x33,
    0x00,0x00,0x00,0x00,0x00,0x00,0x00,0x00,0x00,0x00,0x00,0x00,0x4a,0x55,0xe7,0x7d,0x00,0x00,0x8a,0x75,0xcb,0x7d,0x8a,0x75,0xab,0x7d,0x89,0x75,0x63,0x3b,0x00,0x00,
    0x00,0x00,0x00,0x00,0x00,0x00,0xe0,0xff,0xe7,0x7d,0x4a,0x55,0xef,0x7f,0x00,0x00,0x8a,0x7d,0xaa,0x7d,0x8a,0x7d,0x8a,0x75,0xcb,0x7d,0x46,0x54,0x42,0x33,0xef,0x7b,
    0x00,0x00,0x00,0x00,0x00,0x00,0x00,0x00,0x00,0x00,0x00,0x00,0xef,0x7f,0x00,0x00,0x8a,0x75,0xeb,0x7d,0x8a,0x75,0xab,0x7d,0x28,0x6d,0x42,0x33,0x00,0x00,0x26,0x33,
    0x00,0x00,0x00,0x00,0x00,0x00,0x00,0x00,0x00,0x00,0x4a,0x55,0x00,0x00,0x8a,0x75,0xeb,0x7d,0x8a,0x75,0x8a,0x7d,0x49,0x6d,0xc4,0x43,0x63,0x3b,0xa0,0x52,0xa0,0x52,
    0x00,0x00,0x00,0x00,0x00,0x01,0x01,0x0c,0xac,0x16,0x29,0xbb,0x30,0x00,0x00,0x01,0x00,0x00,0x00,0x00,0x00,0x04,0x00,0x80,0xff,0xb8,0xdc,0xff,0xbc,0x90,0x2c,0x00,
    0x00,0x00,0x00,0x00,0x02,0x03,0x03,0xe6,0xfd,0xff,0xff,0xfd,0xff,0xff,0x6e,0x14,0x00,0x01,0x00,0x03,0x00,0x00,0x58,0xff,0xfe,0xfc,0xfd,0xff,0xfd,0xf9,0xff,0x59,
    0x01,0x00,0x03,0x00,0x0d,0x91,0xfd,0xfd,0xfe,0xff,0xff,0xff,0xff,0xfe,0xfe,0xa7,0x00,0x05,0x00,0x47,0xd6,0xff,0xfe,0xff,0xff,0xff,0xff,0xff,0xff,0xfd,0xff,0xd1,
    0xa1,0xd7,0xb9,0xff,0xff,0xfb,0xff,0xff,0xff,0xff,0xff,0xff,0xff,0xfe,0xff,0xe1,0xff,0xff,0xff,0xfe,0xfd,0xff,0xff,0xff,0xff,0xff,0xff,0xff,0xff,0xfd,0xff,0xb2,
    0x67,0xee,0xff,0xfc,0xff,0xfe,0xfd,0xfc,0xfe,0xff,0xff,0xff,0xff,0xfd,0xff,0xc9,0x00,0x20,0xa3,0xff,0xf9,0xff,0xff,0xff,0xff,0xfe,0xff,0xff,0xfe,0xfe,0xf8,0x5b,
    0x04,0x00,0x02,0xc7,0xff,0xff,0x64,0x6b,0xec,0xff,0xfe,0xff,0xff,0xfe,0xff,0x49,0x00,0x03,0x00,0x11,0x75,0x44,0x00,0x00,0x33,0xf5,0xfe,0xfe,0xfd,0xfd,0xb3,0x1e,
    0x00,0x00,0x01,0x00,0x00,0x00,0x03,0x04,0x00,0xd8,0xff,0xfd,0xfa,0xff,0x87,0x00,0x00,0x00,0x00,0x01,0x04,0x03,0x02,0x00,0x24,0xf7,0xfe,0xfd,0xfc,0xce,0x41,0x02,
    0x00,0x00,0x00,0x00,0x00,0x00,0x02,0x00,0xab,0xff,0xfc,0xfb,0xff,0x77,0x00,0x05,0x00,0x00,0x00,0x00,0x00,0x03,0x00,0x6e,0xff,0xfc,0xfe,0xfd,0xda,0x4d,0x03,0x03,

};

const lv_image_dsc_t emoji_dragon_face_16 = {
  .header.magic = LV_IMAGE_HEADER_MAGIC,
  .header.cf = LV_COLOR_FORMAT_RGB565A8,
  .header.flags = 0,
  .header.w = 16,
  .header.h = 16,
  .header.stride = 32,
  .data_size = sizeof(emoji_dragon_face_16_map),
  .data = emoji_dragon_face_16_map,
};




#ifndef LV_ATTRIBUTE_MEM_ALIGN
#define LV_ATTRIBUTE_MEM_ALIGN
#endif

#ifndef LV_ATTRIBUTE_EMOJI_PAGER_16
#define LV_ATTRIBUTE_EMOJI_PAGER_16
#endif

static const
LV_ATTRIBUTE_MEM_ALIGN LV_ATTRIBUTE_LARGE_CONST LV_ATTRIBUTE_EMOJI_PAGER_16
uint8_t emoji_pager_16_map[] = {

    0xaa,0x52,0xef,0x7b,0xef,0x7b,0xef,0x7b,0xef,0x7b,0xef,0x7b,0xef,0x7b,0xef,0x7b,0xef,0x7b,0xef,0x7b,0xef,0x7b,0xef,0x7b,0xef,0x7b,0xef,0x7b,0xef,0x7b,0xaa,0x52,
    0x00,0x00,0x00,0x00,0x00,0x00,0x00,0x00,0x00,0x00,0x00,0x00,0x00,0x00,0x00,0x00,0x00,0x00,0x00,0x00,0x00,0x00,0x00,0x00,0x00,0x00,0x00,0x00,0x00,0x00,0x00,0x00,
    0x86,0x29,0xa7,0x29,0xc7,0x31,0xa7,0x31,0xa7,0x31,0xa7,0x31,0xa7,0x31,0xa7,0x31,0xa7,0x31,0xa7,0x31,0xa7,0x31,0xa7,0x31,0xa7,0x31,0xc7,0x31,0xa7,0x29,0x86,0x29,
    0x08,0x3a,0xf3,0xa5,0x95,0xb6,0x74,0xb6,0x74,0xb6,0x74,0xb6,0x74,0xb6,0x74,0xb6,0x74,0xb6,0x74,0xb6,0x74,0xb6,0x74,0xb6,0x74,0xb6,0x95,0xb6,0xf3,0xa5,0x08,0x3a,
    0x8a,0x4a,0x56,0xcf,0x77,0xcf,0x77,0xcf,0x77,0xcf,0x77,0xcf,0x77,0xcf,0x77,0xcf,0x77,0xcf,0x77,0xd7,0x77,0xcf,0x77,0xcf,0x77,0xcf,0x77,0xcf,0x56,0xcf,0x8a,0x4a,
    0x89,0x42,0xf5,0xc6,0x36,0xc7,0x36,0xc7,0xf4,0xbe,0xf4,0xbe,0xd4,0xb6,0x15,0xbf,0xf4,0xbe,0xb3,0xb6,0x15,0xbf,0xf4,0xbe,0x15,0xc7,0x36,0xc7,0xf5,0xc6,0x89,0x42,
    0x89,0x4a,0x16,0xc7,0x56,0xcf,0xf4,0xbe,0xec,0x85,0x4f,0x9e,0x2f,0x96,0x2f,0x96,0x0e,0x96,0x2f,0x96,0x50,0x9e,0xcc,0x85,0xf4,0xbe,0x56,0xcf,0x16,0xc7,0x89,0x4a,
    0x89,0x4a,0x16,0xc7,0x36,0xcf,0x15,0xc7,0x92,0xae,0xb2,0xae,0x92,0xae,0xd4,0xb6,0xb3,0xae,0x92,0xae,0xd3,0xb6,0x92,0xae,0x15,0xbf,0x36,0xcf,0x16,0xc7,0x89,0x4a,
    0x8a,0x4a,0x16,0xc7,0x36,0xc7,0x36,0xc7,0x37,0xcf,0x36,0xcf,0x36,0xcf,0x36,0xcf,0x36,0xcf,0x36,0xcf,0x36,0xcf,0x37,0xcf,0x36,0xc7,0x36,0xc7,0x16,0xc7,0x8a,0x4a,
    0x49,0x42,0xf5,0xc6,0x77,0xcf,0x56,0xcf,0x56,0xcf,0x56,0xcf,0x56,0xcf,0x56,0xcf,0x56,0xcf,0x56,0xcf,0x56,0xcf,0x56,0xcf,0x56,0xcf,0x77,0xcf,0xf5,0xc6,0x49,0x42,
    0xa7,0x29,0x89,0x4a,0x0b,0x53,0xeb,0x52,0x0b,0x53,0xea,0x52,0xea,0x52,0xea,0x52,0xeb,0x52,0xeb,0x52,0xeb,0x52,0xeb,0x52,0xea,0x52,0x0b,0x53,0xaa,0x42,0xa7,0x29,
    0xe8,0x31,0x0d,0x53,0x2e,0x5b,0x2e,0x5b,0x2e,0x5b,0x2e,0x5b,0xa7,0x29,0xac,0x4a,0x4e,0x5b,0x2e,0x5b,0x2e,0x5b,0x4e,0x5b,0x09,0x2a,0x26,0x79,0x47,0xc1,0xa7,0x39,
    0xc8,0x31,0x6e,0x63,0xaf,0x63,0x8f,0x63,0xaf,0x63,0x8f,0x63,0x09,0x3a,0x0d,0x53,0xaf,0x63,0x8f,0x63,0x8f,0x63,0xaf,0x6b,0x6a,0x3a,0x88,0x89,0xa9,0xc9,0xa7,0x39,
    0x87,0x29,0xa7,0x31,0xc7,0x31,0xa7,0x31,0xa7,0x31,0xa7,0x29,0xa7,0x29,0xa7,0x29,0xa7,0x31,0xa7,0x31,0xa7,0x31,0xa7,0x29,0xa7,0x29,0xc7,0x29,0xc7,0x29,0xa7,0x21,
    0x00,0x00,0x00,0x00,0x00,0x00,0x00,0x00,0x00,0x00,0x00,0x00,0x00,0x00,0x00,0x00,0x00,0x00,0x00,0x00,0x00,0x00,0x00,0x00,0x00,0x00,0x00,0x00,0x00,0x00,0x00,0x00,
    0xaa,0x52,0xef,0x7b,0xef,0x03,0xef,0x03,0xef,0x7b,0xef,0x03,0x00,0x00,0x0f,0x00,0xef,0x7b,0xef,0x03,0xef,0x03,0xef,0x03,0x00,0x00,0x00,0x00,0xef,0x7b,0xaa,0x52,
    0x03,0x02,0x02,0x02,0x02,0x02,0x02,0x02,0x02,0x02,0x02,0x02,0x02,0x02,0x02,0x03,0x00,0x00,0x00,0x00,0x00,0x00,0x00,0x00,0x00,0x00,0x00,0x00,0x00,0x00,0x00,0x00,
    0x4f,0xbc,0xc3,0xc4,0xc5,0xc5,0xc5,0xc5,0xc5,0xc5,0xc5,0xc5,0xc4,0xc3,0xbc,0x4f,0xf9,0xff,0xff,0xff,0xff,0xff,0xff,0xff,0xff,0xff,0xff,0xff,0xff,0xff,0xff,0xf9,
    0xff,0xfc,0xfc,0xfc,0xfc,0xfc,0xfc,0xfc,0xfc,0xfc,0xfc,0xfc,0xfc,0xfc,0xfc,0xff,0xfe,0xff,0xff,0xff,0xff,0xff,0xff,0xff,0xff,0xff,0xff,0xff,0xff,0xff,0xff,0xfe,
    0xff,0xff,0xff,0xff,0xff,0xff,0xff,0xff,0xff,0xff,0xff,0xff,0xff,0xff,0xff,0xff,0xff,0xff,0xff,0xff,0xff,0xff,0xff,0xff,0xff,0xff,0xff,0xff,0xff,0xff,0xff,0xff,
    0xff,0xff,0xff,0xff,0xff,0xff,0xff,0xff,0xff,0xff,0xff,0xff,0xff,0xff,0xff,0xff,0xff,0xff,0xff,0xff,0xff,0xff,0xff,0xff,0xff,0xff,0xff,0xff,0xff,0xff,0xff,0xff,
    0xfe,0xff,0xff,0xff,0xff,0xff,0xff,0xff,0xff,0xff,0xff,0xff,0xff,0xff,0xff,0xfe,0xff,0xfc,0xfc,0xfc,0xfc,0xfc,0xfc,0xfc,0xfc,0xfc,0xfc,0xfc,0xfc,0xfc,0xfc,0xff,
    0xf9,0xff,0xff,0xff,0xff,0xff,0xff,0xff,0xff,0xff,0xff,0xff,0xff,0xff,0xff,0xf9,0x4f,0xbc,0xc3,0xc4,0xc5,0xc5,0xc5,0xc5,0xc5,0xc5,0xc5,0xc5,0xc4,0xc3,0xbc,0x4f,
    0x00,0x00,0x00,0x00,0x00,0x00,0x00,0x00,0x00,0x00,0x00,0x00,0x00,0x00,0x00,0x00,0x03,0x02,0x02,0x02,0x02,0x02,0x02,0x02,0x02,0x02,0x02,0x02,0x02,0x02,0x02,0x03,

};

const lv_image_dsc_t emoji_pager_16 = {
  .header.magic = LV_IMAGE_HEADER_MAGIC,
  .header.cf = LV_COLOR_FORMAT_RGB565A8,
  .header.flags = 0,
  .header.w = 16,
  .header.h = 16,
  .header.stride = 32,
  .data_size = sizeof(emoji_pager_16_map),
  .data = emoji_pager_16_map,
};




#ifndef LV_ATTRIBUTE_MEM_ALIGN
#define LV_ATTRIBUTE_MEM_ALIGN
#endif

#ifndef LV_ATTRIBUTE_EMOJI_BEE_16
#define LV_ATTRIBUTE_EMOJI_BEE_16
#endif

static const
LV_ATTRIBUTE_MEM_ALIGN LV_ATTRIBUTE_LARGE_CONST LV_ATTRIBUTE_EMOJI_BEE_16
uint8_t emoji_bee_16_map[] = {

    0x00,0x00,0x00,0x00,0xaa,0x52,0x00,0x00,0xa7,0x29,0xa7,0x31,0x00,0x00,0xe7,0x39,0xe7,0x39,0x00,0x00,0xa7,0x31,0xa7,0x29,0x00,0x00,0xaa,0x52,0x00,0x00,0x00,0x00,
    0x00,0x00,0x00,0x00,0xaa,0x52,0x00,0x00,0xa7,0x31,0xe8,0x31,0xa7,0x31,0x00,0x00,0x00,0x00,0xa7,0x31,0xe8,0x31,0xa7,0x31,0x00,0x00,0xaa,0x52,0x00,0x00,0x00,0x00,
    0x00,0x00,0x00,0x00,0x00,0x00,0xaa,0x52,0x00,0x00,0xa7,0x31,0xc7,0x31,0xa7,0x31,0xa7,0x31,0xc7,0x31,0xa7,0x31,0x00,0x00,0xaa,0x52,0x00,0x00,0x00,0x00,0x00,0x00,
    0xff,0xff,0xff,0xff,0xff,0xbf,0xf3,0x7b,0xd9,0x9c,0xc8,0x31,0xe8,0x31,0xc8,0x31,0xc8,0x31,0xe8,0x31,0xc8,0x31,0xd9,0x9c,0xf3,0x7b,0xff,0xbf,0xff,0xff,0xff,0xff,
    0x00,0x00,0x00,0x00,0x00,0x00,0x00,0x00,0x00,0x00,0x04,0x19,0x87,0x29,0x66,0x29,0x66,0x29,0x87,0x29,0x04,0x19,0x00,0x00,0x00,0x00,0x00,0x00,0x00,0x00,0x00,0x00,
    0xba,0xd6,0xdb,0xce,0xdc,0xd6,0xbb,0xce,0xdc,0xd6,0x39,0xbe,0xf4,0x94,0x31,0x7c,0x31,0x7c,0xf4,0x94,0x39,0xbe,0xdc,0xd6,0xbb,0xce,0xdc,0xd6,0xdb,0xce,0xba,0xd6,
    0xdc,0xce,0x5e,0xe7,0x3d,0xdf,0x1d,0xd7,0xbb,0xce,0x19,0xb6,0xd9,0xa5,0x18,0xbe,0x18,0xbe,0xd9,0xa5,0x19,0xb6,0xbb,0xce,0x1d,0xd7,0x3d,0xdf,0x5e,0xe7,0xdc,0xce,
    0x9b,0xc6,0xd8,0xad,0xb7,0xa5,0x77,0x9d,0x97,0xa5,0x5a,0xbe,0x39,0xbe,0x2b,0xee,0x2b,0xee,0x39,0xbe,0x5a,0xbe,0x97,0xa5,0x77,0x9d,0xb7,0xa5,0xd8,0xad,0x9b,0xc6,
    0x39,0xbe,0x9b,0xc6,0x7b,0xc6,0xfc,0xd6,0x3d,0xdf,0x76,0xa5,0x0a,0x63,0xc7,0x8b,0xc7,0x8b,0x0a,0x63,0x76,0xa5,0x3d,0xdf,0xfc,0xd6,0x7b,0xc6,0x9b,0xc6,0x39,0xbe,
    0x1d,0xdf,0xfc,0xd6,0x1d,0xdf,0xb7,0xad,0x2e,0x5b,0x66,0x21,0x46,0x19,0x27,0x19,0x27,0x19,0x46,0x19,0x66,0x21,0x2e,0x5b,0xb7,0xad,0x1d,0xdf,0xfc,0xd6,0x1d,0xdf,
    0x00,0x00,0x00,0x00,0x00,0x00,0x06,0xa4,0x68,0xcd,0x69,0xd5,0x69,0xd5,0x69,0xd5,0x69,0xd5,0x69,0xd5,0x69,0xd5,0x68,0xcd,0x06,0xa4,0x00,0x00,0x00,0x00,0x00,0x00,
    0xff,0x7f,0xf7,0xff,0x00,0x00,0xec,0xff,0x69,0xfe,0x69,0xfe,0x49,0xfe,0x49,0xfe,0x49,0xfe,0x49,0xfe,0x69,0xfe,0x69,0xfe,0xec,0xff,0x00,0x00,0xf7,0xff,0xff,0x7f,
    0x00,0x00,0x00,0x00,0xaa,0x52,0x00,0x00,0x07,0x3a,0x28,0x3a,0xa7,0x29,0xa7,0x29,0xa7,0x29,0xa7,0x29,0x28,0x3a,0x07,0x3a,0x00,0x00,0xaa,0x52,0x00,0x00,0x00,0x00,
    0x00,0x00,0x00,0x00,0x00,0x00,0xaa,0xaa,0x00,0x00,0xe7,0x39,0x08,0x6b,0x08,0x6b,0x08,0x6b,0x08,0x6b,0xe7,0x39,0x00,0x00,0xaa,0xaa,0x00,0x00,0x00,0x00,0x00,0x00,
    0x00,0x00,0x00,0x00,0x00,0x00,0x00,0xf8,0xe0,0xff,0x20,0x00,0xc9,0xfe,0x89,0xd5,0x89,0xdd,0xe9,0xfe,0x20,0x00,0xe0,0xff,0x00,0xf8,0x00,0x00,0x00,0x00,0x00,0x00,
    0x00,0x00,0x00,0x00,0x00,0x00,0x00,0x00,0x00,0x00,0x06,0x00,0x00,0x00,0xc7,0x08,0xc7,0x08,0x00,0x00,0x06,0x00,0x00,0x00,0x00,0x00,0x00,0x00,0x00,0x00,0x00,0x00,
    0x00,0x00,0x03,0x00,0x6b,0x77,0x00,0x04,0x04,0x00,0x77,0x6b,0x00,0x03,0x00,0x00,0x00,0x00,0x03,0x00,0x6e,0xff,0x47,0x00,0x00,0x47,0xff,0x6e,0x00,0x03,0x00,0x00,
    0x00,0x00,0x00,0x03,0x00,0x6a,0xef,0xc2,0xc2,0xef,0x6a,0x00,0x03,0x00,0x00,0x00,0x01,0x03,0x04,0x08,0x05,0x7d,0xff,0xff,0xff,0xff,0x7d,0x05,0x08,0x04,0x03,0x01,
    0x00,0x00,0x00,0x00,0x00,0x76,0xfe,0xf8,0xf8,0xfe,0x76,0x00,0x00,0x00,0x00,0x00,0x06,0x52,0x73,0x82,0x96,0xc3,0xff,0xfe,0xfe,0xff,0xc3,0x96,0x82,0x73,0x52,0x06,
    0xb8,0xff,0xff,0xff,0xff,0xff,0xff,0xff,0xff,0xff,0xff,0xff,0xff,0xff,0xff,0xb8,0xff,0xf9,0xf8,0xfa,0xfb,0xfd,0xff,0xff,0xff,0xff,0xfd,0xfb,0xfa,0xf8,0xf9,0xff,
    0xd7,0xff,0xff,0xff,0xff,0xff,0xff,0xff,0xff,0xff,0xff,0xff,0xff,0xff,0xff,0xd7,0x25,0xa4,0xc9,0xe3,0xfe,0xfe,0xff,0xff,0xff,0xff,0xfe,0xfe,0xe3,0xc9,0xa4,0x25,
    0x00,0x00,0x00,0x5f,0xff,0xfb,0xff,0xff,0xff,0xff,0xfb,0xff,0x5f,0x00,0x00,0x00,0x02,0x04,0x01,0x17,0xf1,0xfc,0xfd,0xff,0xff,0xfd,0xfc,0xf1,0x17,0x01,0x04,0x02,
    0x00,0x00,0x03,0x00,0x77,0xff,0xfa,0xfd,0xfd,0xfa,0xff,0x77,0x00,0x03,0x00,0x00,0x00,0x00,0x01,0x03,0x01,0x9d,0xff,0xff,0xff,0xff,0x9d,0x01,0x03,0x01,0x00,0x00,
    0x00,0x00,0x00,0x01,0x01,0x00,0x53,0xd1,0xd1,0x53,0x00,0x01,0x01,0x00,0x00,0x00,0x00,0x00,0x00,0x00,0x00,0x05,0x00,0x64,0x64,0x00,0x05,0x00,0x00,0x00,0x00,0x00,

};

const lv_image_dsc_t emoji_bee_16 = {
  .header.magic = LV_IMAGE_HEADER_MAGIC,
  .header.cf = LV_COLOR_FORMAT_RGB565A8,
  .header.flags = 0,
  .header.w = 16,
  .header.h = 16,
  .header.stride = 32,
  .data_size = sizeof(emoji_bee_16_map),
  .data = emoji_bee_16_map,
};




#ifndef LV_ATTRIBUTE_MEM_ALIGN
#define LV_ATTRIBUTE_MEM_ALIGN
#endif

#ifndef LV_ATTRIBUTE_EMOJI_BULB_16
#define LV_ATTRIBUTE_EMOJI_BULB_16
#endif

static const
LV_ATTRIBUTE_MEM_ALIGN LV_ATTRIBUTE_LARGE_CONST LV_ATTRIBUTE_EMOJI_BULB_16
uint8_t emoji_bulb_16_map[] = {

    0x00,0x00,0x00,0x00,0x00,0x00,0xef,0xff,0x00,0x00,0xb0,0xfe,0xf0,0xfe,0xd0,0xfe,0xd0,0xfe,0xf0,0xfe,0xd0,0xfe,0x00,0x00,0x4a,0xfd,0x00,0x00,0x00,0x00,0x00,0x00,
    0x00,0x00,0x00,0x00,0xef,0xff,0x00,0x00,0xb0,0xfe,0x10,0xff,0x11,0xff,0xd0,0xfe,0xd0,0xfe,0x11,0xff,0x11,0xff,0xb0,0xfe,0x00,0x00,0xef,0xff,0x00,0x00,0x00,0x00,
    0x00,0x00,0x55,0xfd,0x00,0x00,0xb0,0xfe,0x31,0xff,0xd0,0xfe,0xd0,0xfe,0xd0,0xfe,0xd0,0xfe,0xb0,0xfe,0xd0,0xfe,0x31,0xff,0xd0,0xfe,0x00,0x00,0x55,0xfd,0x00,0x00,
    0x00,0x00,0x4a,0xfd,0x00,0x00,0xd0,0xfe,0x31,0xff,0xd0,0xfe,0xd0,0xfe,0xd0,0xfe,0xd0,0xfe,0xd0,0xfe,0xd0,0xfe,0x31,0xff,0xd0,0xfe,0x00,0x00,0x4a,0xfd,0x00,0x00,
    0x00,0xf8,0x00,0x00,0xef,0xfb,0xd0,0xfe,0x11,0xff,0xaf,0xfe,0x8d,0xfe,0xd0,0xfe,0xd0,0xfe,0x8d,0xfe,0xaf,0xfe,0x11,0xff,0xd0,0xfe,0xef,0xfb,0x00,0x00,0x00,0xf8,
    0x00,0xf8,0x00,0x00,0xff,0xff,0xd0,0xfe,0x11,0xff,0xd0,0xfe,0x6a,0xfe,0x8c,0xfe,0x8c,0xfe,0x6a,0xfe,0xd0,0xfe,0x11,0xff,0xd0,0xfe,0xff,0xff,0x00,0x00,0x00,0xf8,
    0x00,0x00,0x55,0xfd,0x00,0x00,0xd0,0xfe,0x51,0xff,0xd0,0xfe,0xd0,0xfe,0x6a,0xfe,0x6a,0xfe,0xd0,0xfe,0xd0,0xfe,0x51,0xff,0xd0,0xfe,0x00,0x00,0x55,0xfd,0x00,0x00,
    0x00,0x00,0x4a,0xfd,0x00,0x00,0xd0,0xfe,0xf0,0xfe,0xd0,0xfe,0xd1,0xfe,0x8d,0xfe,0x8d,0xfe,0xd1,0xfe,0xd0,0xfe,0xf0,0xfe,0xb0,0xfe,0x00,0x00,0xef,0xff,0x00,0x00,
    0x00,0x00,0x00,0x00,0x55,0xfd,0x00,0x00,0xb0,0xfe,0x31,0xff,0xd0,0xfe,0x8c,0xfe,0x8c,0xfe,0xd0,0xfe,0x51,0xff,0xb0,0xfe,0x00,0x00,0xf5,0xff,0x00,0x00,0x00,0x00,
    0x00,0x00,0x00,0x00,0xff,0xff,0xff,0xff,0x51,0xff,0xd0,0xfe,0xf1,0xfe,0x8c,0xfe,0x8c,0xfe,0x10,0xff,0xcf,0xfe,0xea,0xff,0xef,0xfb,0xff,0xff,0x00,0x00,0x00,0x00,
    0x00,0x00,0x00,0x00,0x00,0x00,0xef,0xff,0x00,0x00,0xaf,0xfe,0x11,0xff,0x8c,0xfe,0x8d,0xfe,0x34,0xff,0xd5,0xee,0x9c,0xbe,0xe0,0xff,0xff,0xff,0x00,0x00,0x00,0x00,
    0x00,0x00,0x00,0x00,0xff,0xff,0xff,0xff,0x79,0xce,0x79,0xc6,0xba,0xd6,0x99,0xce,0x79,0xc6,0x7b,0xc6,0x3a,0xb6,0xfb,0xce,0xff,0x7b,0xff,0xff,0x00,0x00,0x00,0x00,
    0x00,0x00,0x00,0x00,0xff,0xff,0xff,0x7b,0xbd,0xd6,0x19,0xb6,0x19,0xb6,0xd8,0xa5,0xd8,0xad,0x39,0xb6,0x39,0xbe,0x7b,0xce,0xef,0x7b,0xff,0xff,0x00,0x00,0x00,0x00,
    0x00,0x00,0x00,0x00,0xff,0xff,0xef,0x7b,0x9c,0xd6,0x5a,0xbe,0xbb,0xce,0x5a,0xbe,0x39,0xbe,0x9b,0xc6,0x19,0xb6,0xba,0xbe,0xff,0x7f,0xff,0xff,0x00,0x00,0x00,0x00,
    0x00,0x00,0x00,0x00,0x00,0x00,0xff,0xff,0x1c,0xe7,0x5a,0xbe,0x19,0xb6,0x5a,0xbe,0x39,0xb6,0xd8,0xad,0xf5,0x8c,0x00,0x00,0x55,0x55,0x00,0x00,0x00,0x00,0x00,0x00,
    0x00,0x00,0x00,0x00,0x00,0x00,0x00,0x00,0x00,0x00,0x00,0x00,0x1c,0xd7,0x1c,0xd7,0xfc,0xd6,0x5e,0xef,0x00,0x00,0xef,0x7b,0x00,0x00,0x00,0x00,0x00,0x00,0x00,0x00,
    0x00,0x00,0x00,0x02,0x00,0x49,0xbe,0xef,0xf0,0xc2,0x50,0x00,0x03,0x00,0x00,0x00,0x00,0x00,0x02,0x00,0x71,0xfe,0xff,0xff,0xff,0xff,0xff,0x78,0x00,0x02,0x00,0x00,
    0x00,0x03,0x00,0x40,0xff,0xfe,0xfc,0xff,0xff,0xfd,0xfd,0xff,0x44,0x00,0x03,0x00,0x00,0x03,0x00,0xb1,0xfe,0xfb,0xff,0xff,0xff,0xff,0xfb,0xfe,0xb4,0x00,0x03,0x00,
    0x01,0x00,0x02,0xdb,0xff,0xfd,0xff,0xff,0xff,0xff,0xfd,0xff,0xda,0x02,0x00,0x01,0x01,0x00,0x01,0xda,0xfe,0xfd,0xff,0xff,0xff,0xff,0xfd,0xfe,0xd9,0x01,0x00,0x01,
    0x00,0x03,0x00,0xa7,0xff,0xfb,0xff,0xff,0xff,0xff,0xfb,0xff,0xa6,0x00,0x03,0x00,0x00,0x03,0x00,0x30,0xfa,0xfd,0xfe,0xff,0xff,0xfe,0xfd,0xf8,0x2d,0x00,0x02,0x00,
    0x00,0x00,0x03,0x00,0x81,0xff,0xfc,0xff,0xff,0xfc,0xff,0x79,0x00,0x03,0x00,0x00,0x00,0x00,0x01,0x01,0x0d,0xeb,0xff,0xfe,0xfd,0xff,0xde,0x06,0x02,0x01,0x00,0x00,
    0x00,0x00,0x00,0x02,0x00,0xb5,0xff,0xfc,0xfd,0xff,0xd2,0x0b,0x01,0x01,0x00,0x00,0x00,0x00,0x01,0x01,0x10,0xd4,0xff,0xfd,0xfd,0xff,0xd1,0x0f,0x02,0x01,0x00,0x00,
    0x00,0x00,0x01,0x02,0x0c,0xc9,0xfd,0xfc,0xfd,0xfd,0xd1,0x0f,0x02,0x01,0x00,0x00,0x00,0x00,0x01,0x02,0x11,0xe4,0xff,0xfa,0xf9,0xff,0xd5,0x0c,0x02,0x01,0x00,0x00,
    0x00,0x00,0x00,0x01,0x09,0x68,0xdf,0xff,0xff,0xdf,0x4a,0x00,0x03,0x00,0x00,0x00,0x00,0x00,0x00,0x00,0x00,0x00,0x1a,0x88,0x89,0x1a,0x00,0x02,0x00,0x00,0x00,0x00,

};

const lv_image_dsc_t emoji_bulb_16 = {
  .header.magic = LV_IMAGE_HEADER_MAGIC,
  .header.cf = LV_COLOR_FORMAT_RGB565A8,
  .header.flags = 0,
  .header.w = 16,
  .header.h = 16,
  .header.stride = 32,
  .data_size = sizeof(emoji_bulb_16_map),
  .data = emoji_bulb_16_map,
};




#ifndef LV_ATTRIBUTE_MEM_ALIGN
#define LV_ATTRIBUTE_MEM_ALIGN
#endif

#ifndef LV_ATTRIBUTE_EMOJI_CAT_16
#define LV_ATTRIBUTE_EMOJI_CAT_16
#endif

static const
LV_ATTRIBUTE_MEM_ALIGN LV_ATTRIBUTE_LARGE_CONST LV_ATTRIBUTE_EMOJI_CAT_16
uint8_t emoji_cat_16_map[] = {

    0xaa,0xfe,0xeb,0xfe,0xef,0xff,0x00,0x00,0x00,0x00,0xe0,0xff,0x00,0xf8,0xef,0xff,0xef,0xff,0x00,0xf8,0xe0,0xff,0x00,0x00,0x00,0x00,0xef,0xff,0xeb,0xfe,0xaa,0xfe,
    0xe8,0xfd,0x87,0xfd,0x29,0xfe,0xca,0xfe,0x00,0xf8,0x00,0x00,0x00,0x00,0x00,0x00,0x00,0x00,0x00,0x00,0x00,0x00,0x00,0xf8,0xca,0xfe,0x29,0xfe,0x87,0xfd,0xe8,0xfd,
    0xe8,0xfd,0xc5,0xfc,0xc5,0xfc,0x69,0xfe,0x8a,0xfe,0x68,0xfe,0xa9,0xfd,0xca,0xfe,0xca,0xfe,0xa9,0xfd,0x68,0xfe,0x8a,0xfe,0x69,0xfe,0xc5,0xfc,0xc5,0xfc,0xe8,0xfd,
    0x8a,0xfe,0xc5,0xf4,0xc5,0xf4,0xe8,0xfd,0xaa,0xfe,0x49,0xfe,0x89,0xfe,0x29,0xfe,0x08,0xfe,0x89,0xfe,0x49,0xfe,0xaa,0xfe,0xe8,0xfd,0xc5,0xf4,0xc5,0xf4,0x8a,0xfe,
    0xef,0xff,0x06,0xf5,0xe5,0xfc,0x8a,0xfe,0x69,0xfe,0x49,0xfe,0x08,0xfe,0xe8,0xfd,0xc8,0xfd,0x08,0xfe,0x49,0xfe,0x69,0xfe,0x8a,0xfe,0xe5,0xfc,0x06,0xf5,0xef,0xff,
    0x00,0x00,0xa8,0xfd,0x49,0xfe,0x69,0xfe,0x69,0xfe,0x49,0xfe,0x67,0xfd,0xc8,0xfd,0xc8,0xfd,0x67,0xfd,0x49,0xfe,0x69,0xfe,0x69,0xfe,0x49,0xfe,0xa8,0xfd,0x00,0x00,
    0x00,0x00,0x69,0xfe,0xea,0xfe,0x69,0xfe,0x69,0xfe,0x69,0xfe,0xa8,0xfd,0xa7,0xfd,0xa7,0xfd,0xa8,0xfd,0x69,0xfe,0x69,0xfe,0x69,0xfe,0xea,0xfe,0x69,0xfe,0x00,0x00,
    0x00,0x00,0x49,0xfe,0xaa,0xfe,0x49,0xfe,0x69,0xfe,0x49,0xfe,0x89,0xfe,0x08,0xfe,0x08,0xfe,0x89,0xfe,0x49,0xfe,0x69,0xfe,0x49,0xfe,0xaa,0xfe,0x49,0xfe,0x00,0x00,
    0xaa,0xfe,0x69,0xfe,0x6a,0xfe,0xaa,0xfe,0x28,0x9c,0x46,0x21,0xa9,0xdd,0x89,0xfe,0x89,0xfe,0xa9,0xdd,0x46,0x21,0x28,0x9c,0xaa,0xfe,0x6a,0xfe,0x69,0xfe,0xaa,0xfe,
    0x48,0xfe,0x48,0xfe,0x48,0xfe,0x89,0xfe,0xa7,0xb4,0x67,0x52,0xc9,0xed,0x89,0xfe,0x89,0xfe,0xc9,0xed,0x67,0x52,0xa7,0xb4,0x89,0xfe,0x48,0xfe,0x48,0xfe,0x28,0xfe,
    0xae,0xfe,0xae,0xfe,0xae,0xfe,0xad,0xfe,0xac,0xfe,0xa9,0xfe,0x69,0xfe,0x29,0xfe,0x29,0xfe,0x69,0xfe,0xa9,0xfe,0xac,0xfe,0xad,0xfe,0xae,0xfe,0xae,0xfe,0xae,0xfe,
    0x14,0xff,0xad,0xfe,0xac,0xfe,0xae,0xfe,0xd1,0xfe,0x8c,0xfe,0xe9,0xfd,0x2d,0xeb,0x2d,0xeb,0xe9,0xfd,0x8c,0xfe,0xd1,0xfe,0xae,0xfe,0xac,0xfe,0xad,0xfe,0xd3,0xfe,
    0xb5,0xfe,0xae,0xfe,0x70,0xff,0xaf,0xfe,0xae,0xfe,0xcd,0xfe,0xa8,0xfe,0x6c,0xe4,0x4c,0xdc,0xa8,0xfe,0xcd,0xfe,0xae,0xfe,0xaf,0xfe,0x70,0xff,0xae,0xfe,0xb5,0xfe,
    0x36,0xff,0x7a,0xff,0x6a,0xfe,0xa9,0xfe,0xa9,0xfe,0x8b,0xd5,0x4c,0xbd,0x0c,0xad,0xec,0xac,0x2c,0xbd,0x6b,0xcd,0x89,0xfe,0xa9,0xfe,0x6a,0xfe,0x7a,0xff,0x36,0xff,
    0x00,0x00,0x00,0x00,0x00,0x00,0x4a,0xfe,0x8a,0xfe,0xeb,0xdd,0x0b,0xe6,0xaa,0xfe,0xca,0xfe,0x0b,0xe6,0xcb,0xdd,0x8a,0xfe,0x4a,0xfe,0x00,0x00,0x00,0x00,0x00,0x00,
    0xff,0xff,0xf5,0xff,0x4a,0xfd,0x00,0x00,0x00,0x00,0x48,0xff,0xc8,0xfe,0x49,0xfe,0x49,0xfe,0xc8,0xfe,0x48,0xff,0x00,0x00,0x00,0x00,0x4a,0xfd,0xf5,0xff,0xff,0xff,
    0x0c,0x37,0x04,0x00,0x00,0x01,0x01,0x02,0x02,0x01,0x01,0x00,0x00,0x04,0x37,0x0c,0x57,0xfe,0xd0,0x66,0x01,0x00,0x00,0x00,0x00,0x00,0x00,0x01,0x66,0xd0,0xfe,0x57,
    0x62,0xff,0xff,0xff,0xbe,0x19,0x07,0x22,0x22,0x07,0x19,0xbe,0xff,0xff,0xff,0x62,0x3c,0xfe,0xfd,0xfb,0xff,0xe3,0xdc,0xfb,0xfb,0xdc,0xe3,0xff,0xfb,0xfd,0xfe,0x3c,
    0x0e,0xe7,0xff,0xfe,0xfc,0xff,0xff,0xff,0xff,0xff,0xff,0xfc,0xfe,0xff,0xe7,0x0e,0x00,0xa1,0xff,0xfc,0xff,0xfd,0xfd,0xfe,0xfe,0xfd,0xfd,0xff,0xfc,0xff,0xa1,0x00,
    0x00,0x87,0xff,0xfb,0xff,0xff,0xff,0xff,0xff,0xff,0xff,0xff,0xfb,0xff,0x87,0x00,0x00,0xcb,0xff,0xfd,0xff,0xff,0xff,0xff,0xff,0xff,0xff,0xff,0xfd,0xff,0xcb,0x00,
    0x12,0xe8,0xff,0xfe,0xff,0xff,0xff,0xff,0xff,0xff,0xff,0xff,0xfe,0xff,0xe7,0x12,0x22,0xf6,0xff,0xfe,0xff,0xff,0xff,0xff,0xff,0xff,0xff,0xff,0xfe,0xff,0xf6,0x23,
    0x36,0xfd,0xfe,0xfe,0xff,0xff,0xff,0xff,0xff,0xff,0xff,0xff,0xff,0xfe,0xfd,0x36,0x24,0xe8,0xfc,0xfd,0xff,0xff,0xff,0xff,0xff,0xff,0xff,0xff,0xfd,0xfc,0xe8,0x24,
    0x06,0xb4,0xff,0xfc,0xfc,0xff,0xff,0xff,0xff,0xff,0xff,0xfc,0xfc,0xff,0xb4,0x06,0x2a,0x4a,0x7a,0xff,0xff,0xff,0xfd,0xfc,0xfc,0xfd,0xff,0xff,0xff,0x7a,0x4a,0x2a,
    0x00,0x00,0x00,0x45,0xbb,0xf7,0xff,0xff,0xff,0xff,0xf7,0xbb,0x45,0x00,0x00,0x00,0x01,0x03,0x03,0x00,0x00,0x2f,0x6c,0x95,0x95,0x6c,0x2f,0x00,0x00,0x03,0x03,0x01,

};

const lv_image_dsc_t emoji_cat_16 = {
  .header.magic = LV_IMAGE_HEADER_MAGIC,
  .header.cf = LV_COLOR_FORMAT_RGB565A8,
  .header.flags = 0,
  .header.w = 16,
  .header.h = 16,
  .header.stride = 32,
  .data_size = sizeof(emoji_cat_16_map),
  .data = emoji_cat_16_map,
};




#ifndef LV_ATTRIBUTE_MEM_ALIGN
#define LV_ATTRIBUTE_MEM_ALIGN
#endif

#ifndef LV_ATTRIBUTE_EMOJI_FLEUR_16
#define LV_ATTRIBUTE_EMOJI_FLEUR_16
#endif

static const
LV_ATTRIBUTE_MEM_ALIGN LV_ATTRIBUTE_LARGE_CONST LV_ATTRIBUTE_EMOJI_FLEUR_16
uint8_t emoji_fleur_16_map[] = {

    0x00,0x00,0x00,0x00,0x00,0x00,0x00,0x00,0x00,0x00,0xff,0xfb,0x00,0x00,0x5a,0xac,0x7a,0xac,0x00,0x00,0xff,0xfb,0x00,0x00,0x00,0x00,0x00,0x00,0x00,0x00,0x00,0x00,
    0x00,0x00,0x00,0x00,0x00,0x00,0x00,0x00,0x5f,0xad,0x00,0x00,0x7b,0xac,0xbc,0xb4,0xbc,0xb4,0x5a,0xac,0x00,0x00,0x5f,0xad,0x00,0x00,0x00,0x00,0x00,0x00,0x00,0x00,
    0x00,0x00,0x1f,0xf8,0xf7,0x79,0xf7,0x7b,0xf7,0x7b,0x39,0x9b,0x7a,0xac,0x9b,0xb4,0x9b,0xb4,0x7a,0xac,0x39,0x9b,0xf7,0x7b,0xf7,0x7b,0xf7,0x79,0x1f,0xf8,0x00,0x00,
    0xef,0x7b,0x00,0x00,0x00,0x00,0x00,0x00,0x00,0x00,0x9b,0xac,0x7b,0xac,0x7a,0xac,0x7a,0xac,0x7b,0xac,0x9b,0xac,0x00,0x00,0x00,0x00,0x00,0x00,0x00,0x00,0xef,0x7b,
    0x00,0x00,0x73,0x6a,0x96,0x72,0x96,0x72,0x54,0x6a,0x5a,0xa4,0x9b,0xb4,0x7a,0xac,0x7a,0xac,0x9b,0xb4,0x5a,0xa4,0x54,0x6a,0x95,0x72,0x96,0x7a,0x53,0x6a,0x00,0x00,
    0x75,0x72,0x75,0x72,0x96,0x7a,0x96,0x7a,0x75,0x72,0xf6,0x82,0x7b,0xac,0x7b,0xac,0x7b,0xac,0x7b,0xac,0xf6,0x82,0x75,0x72,0x96,0x7a,0x96,0x7a,0x75,0x72,0x75,0x72,
    0x75,0x72,0x96,0x7a,0x95,0x7a,0x96,0x7a,0x75,0x72,0xd6,0x7a,0x7b,0xac,0x7b,0xac,0x7b,0xac,0x7b,0xac,0xd6,0x7a,0x75,0x72,0x96,0x7a,0x95,0x7a,0x96,0x7a,0x75,0x72,
    0x75,0x72,0x75,0x72,0x75,0x72,0x75,0x72,0x75,0x72,0xb6,0x7a,0x3a,0xa4,0x7b,0xac,0x7b,0xac,0x3a,0xa4,0xb6,0x7a,0x75,0x72,0x75,0x72,0x75,0x72,0x75,0x72,0x95,0x72,
    0x75,0x72,0x75,0x72,0x00,0x00,0x00,0x00,0x56,0x7a,0x54,0x72,0xfa,0x9b,0x9b,0xac,0x9b,0xac,0xfa,0x9b,0x54,0x72,0x95,0x7a,0x00,0x00,0x00,0x00,0x75,0x72,0x75,0x72,
    0x75,0x72,0x75,0x72,0xef,0x7b,0x76,0x62,0x00,0x00,0xf7,0x82,0x7a,0x9b,0xba,0x9b,0xba,0x9b,0x7a,0x9b,0xd7,0x82,0x00,0x00,0x73,0x62,0xff,0x7b,0x75,0x72,0x75,0x72,
    0x00,0x00,0x00,0x00,0xff,0xff,0xef,0x7b,0x39,0x93,0x39,0x93,0x39,0x93,0x39,0x93,0x39,0x93,0x39,0x93,0x39,0x93,0x19,0x8b,0xef,0x7b,0xff,0xff,0x00,0x00,0x00,0x00,
    0xef,0x7b,0x1f,0xf8,0xb5,0x7a,0x00,0x00,0xff,0xb3,0x39,0x93,0x3a,0x93,0x19,0x93,0x19,0x93,0x3a,0x93,0x39,0x93,0xff,0xb3,0x00,0x00,0xb5,0x7a,0x1f,0xf8,0xef,0x7b,
    0xb5,0xaa,0x00,0x00,0x75,0x72,0x75,0x72,0x54,0x6a,0x96,0x7a,0xba,0x9b,0xfa,0xa3,0xfa,0xa3,0xba,0x9b,0x96,0x7a,0x74,0x6a,0x75,0x72,0x55,0x72,0x00,0x00,0xb5,0xaa,
    0xef,0x7b,0x00,0x00,0x75,0x72,0x95,0x72,0xb7,0x82,0x96,0x7a,0x3a,0xa4,0x9b,0xac,0x9b,0xac,0x3a,0xa4,0x96,0x7a,0xb7,0x82,0x95,0x72,0x75,0x72,0x00,0x00,0xef,0x7b,
    0x00,0x00,0x0f,0x78,0x00,0x00,0x75,0x72,0x96,0x7a,0x54,0x6a,0x1a,0xa4,0xbc,0xb4,0xbc,0xb4,0x19,0x9c,0x54,0x6a,0x96,0x7a,0x75,0x72,0x00,0x00,0x0f,0x78,0x00,0x00,
    0x00,0x00,0x00,0x00,0x1f,0x00,0x00,0x00,0x00,0x00,0x00,0x00,0x00,0x00,0x7b,0xac,0x7b,0xac,0x00,0x00,0x00,0x00,0x00,0x00,0x00,0x00,0x1f,0x00,0x00,0x00,0x00,0x00,
    0x00,0x00,0x00,0x00,0x00,0x02,0x00,0xa1,0xa1,0x00,0x02,0x00,0x00,0x00,0x00,0x00,0x00,0x00,0x00,0x00,0x03,0x00,0x51,0xff,0xff,0x52,0x00,0x03,0x00,0x00,0x00,0x00,
    0x00,0x01,0x04,0x04,0x04,0x05,0xd4,0xff,0xfe,0xd4,0x05,0x04,0x04,0x04,0x01,0x00,0x02,0x00,0x00,0x00,0x00,0x2a,0xfe,0xfe,0xfe,0xfe,0x2a,0x00,0x00,0x00,0x00,0x02,
    0x00,0x17,0x5e,0x75,0x45,0x42,0xfe,0xfd,0xfd,0xfe,0x42,0x45,0x75,0x5f,0x18,0x00,0x40,0xe6,0xff,0xff,0xff,0xe2,0xfd,0xff,0xff,0xfd,0xe1,0xff,0xff,0xff,0xe7,0x41,
    0xdf,0xff,0xff,0xff,0xff,0xff,0xff,0xff,0xff,0xff,0xff,0xff,0xff,0xff,0xff,0xe2,0xff,0xfc,0xb7,0xa0,0xe3,0xff,0xfe,0xff,0xff,0xfe,0xff,0xe4,0xa2,0xb5,0xfc,0xff,
    0xe9,0xa2,0x00,0x00,0x11,0xb8,0xfe,0xfd,0xfd,0xfe,0xbc,0x13,0x00,0x00,0x9e,0xec,0x3e,0x43,0x02,0x0a,0x00,0x7c,0xff,0xfb,0xfb,0xff,0x7d,0x00,0x0a,0x02,0x3f,0x43,
    0x00,0x00,0x01,0x02,0x21,0xff,0xff,0xfe,0xfe,0xff,0xff,0x22,0x02,0x01,0x00,0x00,0x02,0x01,0x06,0x00,0x0a,0xe0,0xff,0xfd,0xfd,0xff,0xe0,0x0a,0x00,0x06,0x01,0x02,
    0x03,0x00,0x55,0x73,0x30,0xc8,0xfc,0xfd,0xfd,0xfc,0xc8,0x30,0x73,0x54,0x00,0x03,0x02,0x00,0x28,0xff,0xff,0xff,0xff,0xfe,0xfe,0xff,0xff,0xff,0xff,0x28,0x00,0x02,
    0x00,0x02,0x00,0x38,0xa2,0x8b,0x8a,0xff,0xff,0x8a,0x8b,0xa2,0x38,0x00,0x02,0x00,0x00,0x00,0x01,0x00,0x00,0x00,0x00,0xb1,0xb1,0x00,0x00,0x00,0x00,0x01,0x00,0x00,

};

const lv_image_dsc_t emoji_fleur_16 = {
  .header.magic = LV_IMAGE_HEADER_MAGIC,
  .header.cf = LV_COLOR_FORMAT_RGB565A8,
  .header.flags = 0,
  .header.w = 16,
  .header.h = 16,
  .header.stride = 32,
  .data_size = sizeof(emoji_fleur_16_map),
  .data = emoji_fleur_16_map,
};




#ifndef LV_ATTRIBUTE_MEM_ALIGN
#define LV_ATTRIBUTE_MEM_ALIGN
#endif

#ifndef LV_ATTRIBUTE_EMOJI_MOON_16
#define LV_ATTRIBUTE_EMOJI_MOON_16
#endif

static const
LV_ATTRIBUTE_MEM_ALIGN LV_ATTRIBUTE_LARGE_CONST LV_ATTRIBUTE_EMOJI_MOON_16
uint8_t emoji_moon_16_map[] = {

    0x00,0x00,0xff,0x07,0x00,0x00,0x00,0x00,0xcf,0x73,0x70,0x5b,0xd0,0x9c,0x90,0xee,0xd0,0xfe,0xd0,0xfe,0xf0,0xfe,0xd0,0xfe,0x00,0x00,0x00,0x00,0xff,0xff,0x00,0x00,
    0x00,0x00,0x00,0x00,0x0e,0x63,0xd0,0x6b,0x90,0x5b,0x10,0xad,0xef,0xfe,0xd0,0xfe,0xd0,0xfe,0xf0,0xfe,0x31,0xff,0xf1,0xfe,0xf1,0xfe,0xae,0xfe,0x00,0x00,0xff,0xff,
    0xef,0x7b,0xae,0x63,0xd0,0x6b,0xd1,0x6b,0x70,0x8c,0xcf,0xfe,0x48,0xfe,0x8c,0xfe,0xd0,0xfe,0xd0,0xfe,0x8c,0xfe,0x6a,0xfe,0x4f,0xff,0xf0,0xfe,0xae,0xfe,0xef,0xff,
    0x00,0x00,0xaf,0x63,0xd1,0x6b,0x8f,0x63,0x30,0xe6,0xf0,0xfe,0x8c,0xfe,0xae,0xfe,0xd1,0xfe,0xae,0xfe,0x49,0xfe,0x49,0xfe,0x6a,0xfe,0x71,0xff,0xb0,0xfe,0x00,0x00,
    0x8f,0x63,0xd0,0x6b,0x4f,0x5b,0x6f,0x8c,0xf0,0xfe,0xd0,0xfe,0xd1,0xfe,0xd0,0xfe,0xd0,0xfe,0xcf,0xfe,0x6a,0xfe,0x48,0xfe,0x8b,0xfe,0xd0,0xfe,0xf0,0xfe,0xd0,0xfe,
    0xaf,0x63,0xf0,0x6b,0x6f,0x5b,0x70,0xbd,0x10,0xff,0xd0,0xfe,0xaf,0xfe,0xaf,0xfe,0xd0,0xfe,0xd0,0xfe,0xaf,0xfe,0xae,0xfe,0xd0,0xfe,0xd0,0xfe,0x11,0xff,0xd0,0xfe,
    0xaf,0x63,0xd0,0x6b,0x8f,0x63,0xf0,0xdd,0xf0,0xfe,0xaf,0xfe,0x6a,0xfe,0x49,0xfe,0xae,0xfe,0xd0,0xfe,0xd0,0xfe,0xd0,0xfe,0xd0,0xfe,0xd0,0xfe,0xf1,0xfe,0xd0,0xfe,
    0xaf,0x63,0x8f,0x63,0x8f,0x63,0x30,0xe6,0xf0,0xfe,0xaf,0xfe,0x69,0xfe,0x48,0xfe,0xad,0xfe,0xd0,0xfe,0xd0,0xfe,0xd0,0xfe,0xd0,0xfe,0xd0,0xfe,0xae,0xfe,0xcf,0xfe,
    0xaf,0x63,0x2e,0x5b,0x4f,0x5b,0x30,0xe6,0xf0,0xfe,0xd0,0xfe,0xae,0xfe,0xad,0xfe,0xd0,0xfe,0xd0,0xfe,0xd0,0xfe,0xd0,0xfe,0xd0,0xfe,0xd0,0xfe,0xae,0xfe,0xcf,0xfe,
    0xaf,0x63,0xaf,0x63,0x6f,0x5b,0xf0,0xdd,0xf0,0xfe,0xd0,0xfe,0xd1,0xfe,0xd1,0xfe,0xd0,0xfe,0xd0,0xfe,0xaf,0xfe,0x8b,0xfe,0xaf,0xfe,0xd0,0xfe,0xf1,0xfe,0xd0,0xfe,
    0xaf,0x63,0xf0,0x6b,0x6f,0x5b,0x70,0xbd,0x10,0xff,0xaf,0xfe,0xad,0xfe,0xcf,0xfe,0xd0,0xfe,0xd0,0xfe,0xae,0xfe,0x48,0xfe,0xad,0xfe,0xd0,0xfe,0x11,0xff,0xd0,0xfe,
    0xaf,0x63,0xd0,0x6b,0x8f,0x5b,0x70,0x8c,0xf0,0xfe,0x6a,0xfe,0x48,0xfe,0x6b,0xfe,0xd0,0xfe,0xd0,0xfe,0xd0,0xfe,0xcf,0xfe,0xd0,0xfe,0xd0,0xfe,0xf0,0xfe,0xd0,0xfe,
    0x00,0x00,0xaf,0x63,0x11,0x6c,0x90,0x63,0x0f,0xe6,0x89,0xfe,0x49,0xfe,0x69,0xfe,0xd0,0xfe,0xd0,0xfe,0xd0,0xfe,0xd0,0xfe,0xd0,0xfe,0x71,0xff,0xb0,0xfe,0x00,0x00,
    0xef,0x7b,0xae,0x63,0xd0,0x6b,0xd1,0x6b,0x70,0x8c,0xad,0xfe,0x6a,0xfe,0x8e,0xfe,0xcf,0xfe,0x8d,0xfe,0xd0,0xfe,0xd0,0xfe,0x71,0xff,0xf0,0xfe,0xb1,0xfe,0xef,0xff,
    0x00,0x00,0x00,0x00,0x0e,0x63,0xd0,0x6b,0x90,0x5b,0x11,0xad,0xf0,0xfe,0xf0,0xfe,0xd0,0xfe,0xcf,0xfe,0x11,0xff,0xf0,0xfe,0xf0,0xfe,0xae,0xfe,0x00,0x00,0xff,0xff,
    0x00,0x00,0xff,0x07,0x00,0x00,0x00,0x00,0xcf,0x73,0x70,0x5b,0xd0,0x9c,0x90,0xee,0xd0,0xfe,0xf0,0xfe,0xf0,0xfe,0xd0,0xfe,0x00,0x00,0x00,0x00,0xff,0xff,0x00,0x00,
    0x00,0x01,0x00,0x00,0x42,0xa8,0xe4,0xfe,0xfe,0xe7,0xab,0x46,0x00,0x00,0x01,0x00,0x01,0x00,0x0d,0x9d,0xfd,0xff,0xff,0xff,0xff,0xff,0xff,0xfe,0x9f,0x0d,0x00,0x01,
    0x02,0x0d,0xc6,0xff,0xfe,0xfd,0xfe,0xff,0xff,0xfe,0xfd,0xfd,0xff,0xc7,0x0d,0x02,0x00,0xa1,0xff,0xf9,0xff,0xff,0xff,0xff,0xff,0xff,0xff,0xff,0xf9,0xff,0xa1,0x00,
    0x41,0xff,0xfc,0xff,0xff,0xff,0xff,0xff,0xff,0xff,0xff,0xff,0xff,0xfc,0xff,0x42,0xae,0xff,0xfc,0xff,0xff,0xff,0xff,0xff,0xff,0xff,0xff,0xff,0xff,0xfc,0xff,0xae,
    0xea,0xff,0xfe,0xff,0xff,0xff,0xff,0xff,0xff,0xff,0xff,0xff,0xff,0xfe,0xff,0xea,0xff,0xff,0xff,0xff,0xff,0xff,0xff,0xff,0xff,0xff,0xff,0xff,0xff,0xff,0xff,0xff,
    0xff,0xff,0xff,0xff,0xff,0xff,0xff,0xff,0xff,0xff,0xff,0xff,0xff,0xff,0xff,0xff,0xea,0xff,0xfe,0xff,0xff,0xff,0xff,0xff,0xff,0xff,0xff,0xff,0xff,0xfe,0xff,0xea,
    0xae,0xff,0xfc,0xff,0xff,0xff,0xff,0xff,0xff,0xff,0xff,0xff,0xff,0xfc,0xff,0xae,0x41,0xff,0xfc,0xff,0xff,0xff,0xff,0xff,0xff,0xff,0xff,0xff,0xff,0xfc,0xff,0x42,
    0x00,0xa1,0xff,0xf9,0xff,0xff,0xff,0xff,0xff,0xff,0xff,0xff,0xf9,0xff,0xa1,0x00,0x02,0x0d,0xc7,0xff,0xfe,0xfd,0xfe,0xff,0xff,0xfe,0xfd,0xfd,0xff,0xc7,0x0d,0x02,
    0x01,0x00,0x0d,0x9d,0xfd,0xff,0xff,0xff,0xff,0xff,0xff,0xfe,0x9f,0x0d,0x00,0x01,0x00,0x01,0x00,0x00,0x42,0xa8,0xe4,0xfe,0xfe,0xe7,0xab,0x46,0x00,0x00,0x01,0x00,

};

const lv_image_dsc_t emoji_moon_16 = {
  .header.magic = LV_IMAGE_HEADER_MAGIC,
  .header.cf = LV_COLOR_FORMAT_RGB565A8,
  .header.flags = 0,
  .header.w = 16,
  .header.h = 16,
  .header.stride = 32,
  .data_size = sizeof(emoji_moon_16_map),
  .data = emoji_moon_16_map,
};




#ifndef LV_ATTRIBUTE_MEM_ALIGN
#define LV_ATTRIBUTE_MEM_ALIGN
#endif

#ifndef LV_ATTRIBUTE_EMOJI_COFFEE_16
#define LV_ATTRIBUTE_EMOJI_COFFEE_16
#endif

static const
LV_ATTRIBUTE_MEM_ALIGN LV_ATTRIBUTE_LARGE_CONST LV_ATTRIBUTE_EMOJI_COFFEE_16
uint8_t emoji_coffee_16_map[] = {

    0x00,0x00,0x00,0x00,0x79,0xce,0xff,0xff,0x6b,0xdc,0xf0,0xe4,0xf0,0xd4,0xeb,0xd3,0xcf,0xdc,0x00,0x00,0x00,0x00,0xba,0xd6,0xfb,0xce,0xfd,0xd6,0x00,0x00,0x00,0x00,
    0x00,0x00,0xff,0xff,0x00,0x00,0x00,0x00,0x5e,0xd7,0x58,0xd6,0x11,0xd5,0x99,0xd6,0xb4,0xe5,0x53,0xd5,0x3e,0xd7,0xdc,0xd6,0x9b,0xce,0xfc,0xd6,0xdb,0xce,0xfb,0xde,
    0x00,0x00,0x00,0x00,0x1d,0xd7,0x5e,0xdf,0xbb,0xce,0x18,0xc6,0x31,0xd5,0x75,0xbd,0x13,0xbd,0x73,0xdd,0x7a,0xce,0xfc,0xd6,0x3d,0xd7,0xdc,0xce,0x3d,0xdf,0xbb,0xce,
    0xf3,0x9c,0xfc,0xce,0xfc,0xde,0xb1,0xb4,0xc9,0x8a,0xec,0xbb,0xec,0xbb,0x84,0x71,0x6a,0xab,0x2d,0xc4,0x05,0x82,0xe9,0x92,0x91,0xac,0x59,0xc6,0x3d,0xd7,0x9b,0xce,
    0x1d,0xd7,0x9a,0xd6,0x88,0x8a,0xe5,0x81,0x26,0x8a,0x8e,0xcc,0xa8,0x92,0x67,0x8a,0xaf,0xd4,0xe9,0x9a,0x26,0x82,0x46,0x8a,0xe5,0x81,0x88,0x8a,0x59,0xce,0x1d,0xd7,
    0x3e,0xd7,0x2f,0xac,0xe4,0x81,0x87,0x8a,0x46,0x8a,0x6e,0xcc,0x2a,0xa3,0xe9,0x9a,0x4e,0xc4,0x26,0x82,0x67,0x8a,0x67,0x8a,0x87,0x8a,0xe4,0x81,0x2f,0xac,0x3e,0xd7,
    0x9f,0xe7,0xf3,0xb4,0xc4,0x81,0x67,0x8a,0x46,0x82,0x29,0xa3,0x8b,0xab,0x88,0x92,0xcf,0xd4,0xc8,0x92,0x47,0x8a,0x67,0x8a,0x67,0x8a,0xc4,0x81,0xf3,0xb4,0x9f,0xe7,
    0xff,0xff,0x7e,0xef,0x2f,0xa4,0x46,0x8a,0x05,0x82,0x05,0x82,0x05,0x82,0x26,0x82,0x2a,0xa3,0xc8,0x9a,0x05,0x82,0x05,0x82,0x46,0x8a,0x30,0xa4,0x5d,0xe7,0xff,0xff,
    0x3d,0xdf,0xff,0xff,0xdf,0xef,0x59,0xce,0xb2,0xac,0xad,0x9b,0x0a,0x93,0xe9,0x92,0xa9,0x8a,0xea,0x92,0xad,0x9b,0xb2,0xac,0x59,0xce,0xdf,0xf7,0xdf,0xf7,0xdb,0xd6,
    0x9b,0xce,0x9e,0xef,0xdf,0xff,0xff,0xff,0xff,0xf7,0x9f,0xef,0x5d,0xe7,0x3d,0xdf,0x3d,0xdf,0x5d,0xe7,0x9f,0xef,0xff,0xf7,0xff,0xff,0xdf,0xff,0x7e,0xef,0x9b,0xc6,
    0xbb,0xce,0xdc,0xd6,0xdf,0xf7,0xbf,0xf7,0xbf,0xf7,0xdf,0xf7,0xdf,0xff,0xdf,0xff,0xdf,0xff,0xdf,0xff,0xdf,0xf7,0xbf,0xf7,0xdf,0xf7,0xbe,0xf7,0xdb,0xce,0xdb,0xce,
    0xbb,0xce,0xbb,0xce,0x3d,0xdf,0xdf,0xff,0xdf,0xf7,0xbf,0xf7,0xbf,0xf7,0xbf,0xf7,0xbf,0xf7,0xbf,0xf7,0xbf,0xf7,0xdf,0xf7,0xdf,0xf7,0xfc,0xd6,0xbb,0xce,0xbb,0xce,
    0xd8,0xad,0xfc,0xd6,0xbb,0xce,0x1c,0xdf,0xbf,0xf7,0xdf,0xff,0xdf,0xf7,0xdf,0xf7,0xdf,0xf7,0xdf,0xf7,0xdf,0xf7,0xbe,0xf7,0xfc,0xd6,0xbb,0xce,0xfc,0xd6,0xd8,0xad,
    0x15,0x8d,0xf8,0xad,0xfc,0xd6,0xbb,0xce,0xfc,0xd6,0x3d,0xdf,0x7e,0xef,0x9e,0xef,0x9e,0xef,0x7e,0xef,0x3d,0xdf,0xdc,0xd6,0xbb,0xce,0xfc,0xd6,0xf8,0xad,0x15,0x8d,
    0x00,0x00,0xf5,0x8c,0x97,0x9d,0x19,0xb6,0x9b,0xc6,0x9b,0xc6,0x9b,0xce,0xbb,0xce,0xbb,0xce,0x9b,0xce,0x9b,0xc6,0x9b,0xc6,0x19,0xb6,0x97,0x9d,0xf5,0x8c,0x00,0x00,
    0x55,0xad,0x00,0x00,0x00,0x00,0x15,0x8d,0x56,0x9d,0x77,0x9d,0x77,0xa5,0x97,0xa5,0x97,0xa5,0x97,0xa5,0x77,0x9d,0x56,0x9d,0x15,0x8d,0x00,0x00,0x00,0x00,0x55,0xad,
    0x00,0x00,0x05,0x02,0x14,0xd9,0x66,0x34,0x77,0x00,0x00,0x0c,0x25,0x17,0x00,0x00,0x00,0x01,0x00,0x00,0x1a,0x71,0xeb,0x9c,0xff,0x84,0x99,0xe1,0xda,0xde,0x9c,0x08,
    0x00,0x00,0x5b,0xbe,0xf3,0xff,0xff,0xff,0xfd,0xff,0xff,0xff,0xd1,0xa5,0xff,0x65,0x08,0xa7,0xff,0xff,0xff,0xff,0xfe,0xfd,0xff,0xfc,0xfc,0xfd,0xff,0xfb,0xfb,0x75,
    0x70,0xff,0xfa,0xfc,0xfe,0xff,0xff,0xff,0xff,0xff,0xff,0xff,0xfd,0xfd,0xff,0x73,0x9d,0xfd,0xfc,0xff,0xff,0xff,0xff,0xff,0xff,0xff,0xff,0xff,0xff,0xfc,0xff,0x9b,
    0x8b,0xff,0xfc,0xff,0xff,0xff,0xff,0xff,0xff,0xff,0xff,0xff,0xff,0xfc,0xff,0x7d,0x55,0xff,0xfd,0xff,0xff,0xff,0xff,0xff,0xff,0xff,0xff,0xff,0xff,0xfe,0xfc,0x3e,
    0x39,0xfb,0xfe,0xff,0xff,0xff,0xff,0xff,0xff,0xff,0xff,0xff,0xfe,0xfe,0xf5,0x2f,0xc6,0xff,0xfd,0xff,0xff,0xff,0xff,0xff,0xff,0xff,0xff,0xff,0xff,0xfd,0xff,0xc7,
    0xff,0xff,0xff,0xff,0xff,0xff,0xff,0xff,0xff,0xff,0xff,0xff,0xff,0xff,0xff,0xff,0xff,0xfe,0xff,0xff,0xff,0xff,0xff,0xff,0xff,0xff,0xff,0xff,0xff,0xff,0xfe,0xff,
    0xe3,0xff,0xfb,0xff,0xff,0xff,0xff,0xff,0xff,0xff,0xff,0xff,0xff,0xfb,0xff,0xe3,0x47,0xf8,0xff,0xfd,0xfc,0xfe,0xff,0xff,0xff,0xff,0xfe,0xfc,0xfd,0xff,0xf8,0x47,
    0x00,0x38,0xc6,0xff,0xff,0xff,0xff,0xff,0xff,0xff,0xff,0xff,0xff,0xc6,0x38,0x00,0x03,0x00,0x02,0x4b,0x9d,0xd7,0xf5,0xff,0xff,0xf5,0xd7,0x9d,0x4b,0x02,0x00,0x03,

};

const lv_image_dsc_t emoji_coffee_16 = {
  .header.magic = LV_IMAGE_HEADER_MAGIC,
  .header.cf = LV_COLOR_FORMAT_RGB565A8,
  .header.flags = 0,
  .header.w = 16,
  .header.h = 16,
  .header.stride = 32,
  .data_size = sizeof(emoji_coffee_16_map),
  .data = emoji_coffee_16_map,
};




#ifndef LV_ATTRIBUTE_MEM_ALIGN
#define LV_ATTRIBUTE_MEM_ALIGN
#endif

#ifndef LV_ATTRIBUTE_EMOJI_TOOTH_16
#define LV_ATTRIBUTE_EMOJI_TOOTH_16
#endif

static const
LV_ATTRIBUTE_MEM_ALIGN LV_ATTRIBUTE_LARGE_CONST LV_ATTRIBUTE_EMOJI_TOOTH_16
uint8_t emoji_tooth_16_map[] = {

    0xff,0xff,0xff,0xff,0x3d,0xe7,0x9e,0xef,0x5e,0xe7,0x7e,0xe7,0x5d,0xe7,0x1d,0xdf,0x1d,0xdf,0x5d,0xe7,0x7e,0xe7,0x5e,0xe7,0x9e,0xef,0x3d,0xe7,0xff,0xff,0xff,0xff,
    0xff,0xff,0x00,0x00,0x5d,0xe7,0xff,0xf7,0x5d,0xe7,0x5e,0xe7,0x9e,0xef,0x7e,0xe7,0x7e,0xe7,0x9e,0xef,0x5e,0xe7,0x5d,0xe7,0xff,0xf7,0x5d,0xe7,0x00,0x00,0xff,0xff,
    0xff,0xff,0x00,0x00,0x3d,0xe7,0xbf,0xef,0x5e,0xe7,0x9b,0xce,0xd8,0xad,0x39,0xbe,0x5a,0xbe,0xd8,0xad,0x9b,0xc6,0x5e,0xe7,0xbf,0xef,0x3d,0xe7,0x00,0x00,0xff,0xff,
    0xff,0xbf,0x00,0x00,0x5d,0xe7,0xdf,0xf7,0x3d,0xe7,0x5d,0xe7,0x1c,0xdf,0xbb,0xce,0xbb,0xce,0x1c,0xdf,0x5d,0xe7,0x3d,0xe7,0xdf,0xf7,0x5d,0xe7,0x00,0x00,0xff,0xbf,
    0xff,0xff,0x00,0x00,0x5d,0xe7,0xdf,0xf7,0x3d,0xe7,0x5d,0xe7,0x5d,0xe7,0x7e,0xe7,0x7e,0xe7,0x5d,0xe7,0x5d,0xe7,0x3d,0xe7,0xdf,0xf7,0x5d,0xe7,0x00,0x00,0xff,0xff,
    0xff,0xff,0x00,0x00,0x5d,0xe7,0x9e,0xef,0x3d,0xe7,0x5d,0xe7,0x5d,0xe7,0x3d,0xe7,0x3d,0xe7,0x5d,0xe7,0x5d,0xe7,0x3d,0xe7,0x9e,0xef,0x5d,0xe7,0x00,0x00,0xff,0xff,
    0xff,0xff,0x00,0x00,0xfd,0xde,0x3d,0xdf,0x7e,0xe7,0x3d,0xe7,0x5d,0xe7,0x5d,0xe7,0x5d,0xe7,0x5d,0xe7,0x3d,0xe7,0x7e,0xe7,0x3d,0xdf,0xfd,0xde,0x00,0x00,0xff,0xff,
    0x00,0x00,0xff,0xaf,0x00,0x00,0x5d,0xe7,0xdf,0xf7,0x3d,0xe7,0x5d,0xe7,0x5d,0xe7,0x5d,0xe7,0x5d,0xe7,0x3d,0xe7,0xdf,0xf7,0x5d,0xe7,0x00,0x00,0xff,0xaf,0x00,0x00,
    0x00,0x00,0xff,0xff,0x00,0x00,0x3d,0xe7,0x9e,0xef,0x5d,0xe7,0x3d,0xe7,0x3d,0xe7,0x3d,0xe7,0x3d,0xe7,0x5d,0xe7,0x9e,0xef,0x3d,0xe7,0x00,0x00,0xff,0xff,0x00,0x00,
    0x00,0x00,0xff,0xff,0x00,0x00,0x3d,0xe7,0x3d,0xe7,0x5d,0xe7,0x3d,0xe7,0xbf,0xef,0xbf,0xef,0x3d,0xe7,0x5d,0xe7,0x3d,0xe7,0x3d,0xe7,0x00,0x00,0xff,0xff,0x00,0x00,
    0x00,0x00,0xff,0xff,0x00,0x00,0x3e,0xe7,0x7e,0xe7,0x3d,0xe7,0x9e,0xef,0x5d,0xe7,0x5d,0xe7,0x9e,0xef,0x3d,0xe7,0x7e,0xe7,0x3e,0xe7,0x00,0x00,0xff,0xff,0x00,0x00,
    0x00,0x00,0xff,0xaf,0x00,0x00,0x5d,0xe7,0x7e,0xe7,0x9e,0xef,0x5d,0xe7,0x00,0x00,0x00,0x00,0x5d,0xe7,0x9e,0xef,0x7e,0xe7,0x5d,0xe7,0x00,0x00,0xff,0xaf,0x00,0x00,
    0x00,0x00,0xff,0xaf,0x00,0x00,0x5d,0xe7,0x7e,0xe7,0xbf,0xf7,0x5d,0xe7,0xff,0xff,0xff,0xff,0x5d,0xe7,0xbf,0xf7,0x7e,0xe7,0x5d,0xe7,0x00,0x00,0xff,0xaf,0x00,0x00,
    0x00,0x00,0xff,0xff,0x00,0x00,0x7e,0xe7,0x5d,0xe7,0x5e,0xe7,0x5d,0xdf,0x00,0x00,0x00,0x00,0x3d,0xe7,0x7e,0xe7,0x5d,0xe7,0x3d,0xe7,0x00,0x00,0xff,0xff,0x00,0x00,
    0x00,0x00,0xff,0xff,0x00,0x00,0xff,0xde,0x5d,0xe7,0x3d,0xe7,0xbf,0xd6,0x00,0x00,0x00,0x00,0xbf,0xd6,0x3d,0xe7,0x5d,0xe7,0xff,0xde,0x00,0x00,0xff,0xff,0x00,0x00,
    0x00,0x00,0x00,0x00,0xff,0xff,0x00,0x00,0x5d,0xdf,0x5d,0xe7,0x00,0x00,0xff,0xff,0xff,0xff,0x00,0x00,0x5d,0xe7,0x5d,0xdf,0x00,0x00,0xff,0xff,0x00,0x00,0x00,0x00,
    0x02,0x01,0x3a,0xe1,0xf9,0xc2,0x6b,0x38,0x38,0x6b,0xc2,0xf9,0xe1,0x3a,0x01,0x02,0x04,0x00,0x9d,0xff,0xfb,0xff,0xff,0xff,0xff,0xff,0xff,0xfb,0xff,0x9d,0x00,0x04,
    0x03,0x00,0xac,0xfe,0xfb,0xfd,0xfd,0xff,0xff,0xfd,0xfd,0xfb,0xfe,0xac,0x00,0x03,0x04,0x00,0x9c,0xff,0xfb,0xff,0xff,0xff,0xff,0xff,0xff,0xfb,0xff,0x9c,0x00,0x04,
    0x04,0x00,0x76,0xff,0xfb,0xff,0xff,0xff,0xff,0xff,0xff,0xfb,0xff,0x76,0x00,0x04,0x03,0x00,0x43,0xff,0xfd,0xff,0xff,0xff,0xff,0xff,0xff,0xfd,0xff,0x43,0x00,0x03,
    0x01,0x00,0x10,0xed,0xff,0xfe,0xff,0xff,0xff,0xff,0xfe,0xff,0xed,0x10,0x00,0x01,0x00,0x03,0x00,0xaa,0xff,0xfb,0xff,0xff,0xff,0xff,0xfb,0xff,0xaa,0x00,0x03,0x00,
    0x00,0x03,0x00,0x42,0xfc,0xfd,0xfe,0xfc,0xfc,0xfe,0xfd,0xfc,0x42,0x00,0x03,0x00,0x00,0x02,0x00,0x21,0xfa,0xff,0xfe,0xff,0xff,0xfe,0xff,0xfa,0x21,0x00,0x02,0x00,
    0x00,0x02,0x00,0x34,0xff,0xfd,0xff,0x7b,0x7b,0xff,0xfd,0xff,0x34,0x00,0x02,0x00,0x00,0x03,0x00,0x3b,0xff,0xff,0xc9,0x00,0x00,0xc9,0xff,0xff,0x3b,0x00,0x03,0x00,
    0x00,0x03,0x00,0x3a,0xff,0xff,0x70,0x02,0x02,0x70,0xff,0xff,0x3a,0x00,0x03,0x00,0x00,0x02,0x00,0x2a,0xfe,0xfe,0x31,0x00,0x00,0x32,0xfe,0xfe,0x2b,0x00,0x02,0x00,
    0x00,0x01,0x00,0x08,0xe9,0xe8,0x06,0x00,0x00,0x06,0xe8,0xe9,0x08,0x00,0x01,0x00,0x00,0x00,0x03,0x00,0x93,0xa7,0x00,0x03,0x03,0x00,0xa7,0x93,0x00,0x03,0x00,0x00,

};

const lv_image_dsc_t emoji_tooth_16 = {
  .header.magic = LV_IMAGE_HEADER_MAGIC,
  .header.cf = LV_COLOR_FORMAT_RGB565A8,
  .header.flags = 0,
  .header.w = 16,
  .header.h = 16,
  .header.stride = 32,
  .data_size = sizeof(emoji_tooth_16_map),
  .data = emoji_tooth_16_map,
};




#ifndef LV_ATTRIBUTE_MEM_ALIGN
#define LV_ATTRIBUTE_MEM_ALIGN
#endif

#ifndef LV_ATTRIBUTE_EMOJI_PRETZEL_16
#define LV_ATTRIBUTE_EMOJI_PRETZEL_16
#endif

static const
LV_ATTRIBUTE_MEM_ALIGN LV_ATTRIBUTE_LARGE_CONST LV_ATTRIBUTE_EMOJI_PRETZEL_16
uint8_t emoji_pretzel_16_map[] = {

    0x00,0x00,0x00,0x00,0xe0,0xff,0xe0,0xfb,0x4a,0xfd,0xff,0xff,0xe0,0xfb,0xe0,0xfb,0xe0,0xfb,0xe0,0xfb,0xe0,0xfb,0x40,0xfd,0xe0,0xfb,0xe0,0xff,0x00,0x00,0x00,0x00,
    0x00,0x00,0xe0,0xfb,0x00,0x00,0x00,0x00,0x00,0x00,0x00,0x00,0x00,0x00,0x00,0x00,0x00,0x00,0x00,0x00,0x00,0x00,0x00,0x00,0x00,0x00,0x00,0x00,0xef,0xfb,0x00,0x00,
    0xe0,0xfb,0x00,0x00,0xc4,0xe4,0x80,0xfc,0xc3,0xfc,0x89,0xfd,0x81,0xf4,0x81,0xf4,0x20,0xf4,0x81,0xf4,0x81,0xf4,0x81,0xf4,0xa1,0xfc,0xe0,0xe1,0x00,0x00,0xe0,0xfb,
    0x00,0x00,0xa2,0xf4,0x60,0xfc,0xc0,0xfc,0x43,0xfd,0x2a,0xfe,0xa0,0xfc,0xe2,0xfc,0xa8,0xfd,0x4c,0xfe,0x86,0xfd,0xe0,0xfc,0xc1,0xfc,0xa9,0xfd,0x4f,0xfe,0x00,0x00,
    0x20,0xfc,0x40,0xf4,0x0a,0xfe,0xc3,0xf4,0x40,0xf4,0x20,0xf4,0x61,0xf4,0xc2,0xfc,0x29,0xed,0xe3,0xd3,0x82,0xf4,0x81,0xf4,0x60,0xf4,0xa8,0xfd,0xe4,0xf4,0xa1,0xfc,
    0xc4,0xf4,0x25,0xfd,0x47,0xfd,0x05,0xf5,0x00,0x00,0xc3,0xf4,0xa1,0xfc,0x61,0xf4,0x60,0xd3,0x61,0xec,0x40,0xf4,0x00,0x00,0x81,0xf4,0x60,0xfc,0xa1,0xfc,0x81,0xf4,
    0x05,0xf5,0x2b,0xfe,0x20,0xf4,0xe0,0xeb,0xe0,0xfd,0x61,0xf4,0x21,0xfd,0x61,0xf4,0xa1,0xfc,0x41,0xfd,0x81,0xf4,0xe0,0xfb,0x82,0xec,0x82,0xf4,0xc1,0xfc,0x61,0xf4,
    0x61,0xf4,0xa0,0xfc,0x81,0xf4,0xc3,0xf4,0x00,0x00,0x00,0x00,0x81,0xf4,0x81,0xfc,0xa1,0xfc,0xa1,0xfc,0x00,0x00,0x00,0x00,0xc0,0xea,0xec,0xfd,0x45,0xfd,0x40,0xf4,
    0x81,0xf4,0xa1,0xfc,0xa1,0xfc,0x40,0xf4,0xe2,0xd3,0xa1,0xfc,0x81,0xf4,0x21,0xfd,0xa1,0xfc,0xc1,0xd3,0xc1,0xfc,0xe2,0xd3,0x61,0xf4,0xe2,0xfc,0xa2,0xfc,0x61,0xf4,
    0xc3,0xfc,0x40,0xf4,0x67,0xfd,0x8a,0xfd,0x60,0xfc,0x81,0xf4,0xa1,0xf4,0x61,0xf4,0xe1,0xb2,0x21,0xec,0x81,0xf4,0x81,0xfc,0x61,0xf4,0xa1,0xfc,0x81,0xf4,0x61,0xfc,
    0x00,0x00,0x40,0xf4,0x03,0xfd,0x04,0xfd,0xe1,0xdb,0xc1,0xdb,0x40,0xfc,0x81,0xf4,0xc1,0xfc,0xc2,0xfc,0xe0,0xe3,0xc0,0xdb,0xa1,0xfc,0xa1,0xfc,0x81,0xf4,0x00,0x00,
    0xe0,0xfb,0xff,0xff,0x60,0xf4,0x61,0xfc,0x81,0xd3,0x04,0xfd,0xa8,0xfd,0xa0,0xfc,0x24,0xfd,0x2c,0xfe,0x24,0xfd,0xa7,0xe4,0x40,0xf4,0x81,0xf4,0x00,0xf8,0xe0,0xfb,
    0x00,0x00,0x42,0xec,0x81,0xf4,0xc2,0xd3,0x20,0xec,0x04,0xfd,0x88,0xfd,0xa0,0xfc,0xc2,0xfc,0xa2,0xfc,0x25,0xfd,0x69,0xf5,0x80,0xdb,0x81,0xf4,0xc2,0xec,0x00,0x00,
    0x00,0x00,0x00,0x00,0x00,0x00,0x00,0x00,0x00,0x00,0x20,0xf4,0x00,0xf4,0x81,0xfc,0x81,0xf4,0x60,0xfc,0xe0,0xf3,0x00,0x00,0x00,0x00,0x00,0x00,0x00,0x00,0x00,0x00,
    0x00,0x00,0x00,0x00,0x00,0x00,0xa0,0xfa,0x00,0xf8,0x00,0x00,0x00,0x00,0x00,0x00,0x00,0x00,0x00,0x00,0x00,0x00,0xff,0xff,0xa0,0xfa,0x00,0x00,0x00,0x00,0x00,0x00,
    0x00,0x00,0x00,0x00,0x00,0x00,0x00,0x00,0x00,0x00,0xe0,0xfb,0x40,0xfd,0xe0,0xfb,0xe0,0xfb,0x40,0xfd,0xe0,0xfb,0x00,0x00,0x00,0x00,0x00,0x00,0x00,0x00,0x00,0x00,
    0x00,0x00,0x01,0x04,0x03,0x02,0x02,0x04,0x04,0x02,0x02,0x03,0x04,0x01,0x00,0x00,0x00,0x02,0x00,0x00,0x00,0x00,0x00,0x00,0x00,0x00,0x00,0x00,0x00,0x00,0x02,0x00,
    0x02,0x00,0x14,0x70,0xac,0xbf,0xbd,0x81,0x81,0xbd,0xbf,0xac,0x70,0x14,0x00,0x02,0x00,0x35,0xe1,0xff,0xff,0xff,0xff,0xff,0xff,0xff,0xff,0xff,0xff,0xe1,0x35,0x00,
    0x11,0xe0,0xff,0xf1,0x9a,0x81,0xf4,0xff,0xff,0xf3,0x7f,0x9a,0xf1,0xff,0xe0,0x11,0x66,0xff,0xfd,0x59,0x00,0x23,0xfc,0xd2,0xd2,0xfc,0x23,0x00,0x59,0xfd,0xff,0x66,
    0x96,0xfe,0xe7,0x0e,0x04,0x42,0xff,0x79,0x79,0xff,0x40,0x04,0x0e,0xe7,0xfe,0x95,0x98,0xfe,0xf0,0x19,0x00,0x00,0xd9,0xd6,0xd6,0xd9,0x00,0x00,0x19,0xf0,0xfe,0x97,
    0x68,0xff,0xff,0x78,0x0c,0x6c,0xe0,0xff,0xff,0xdf,0x6c,0x0c,0x78,0xff,0xff,0x69,0x12,0xe6,0xff,0xf3,0xdf,0xf5,0xb6,0x74,0x74,0xb6,0xf5,0xdf,0xf3,0xff,0xe6,0x12,
    0x00,0x5e,0xf8,0xf9,0xff,0xd4,0x77,0x53,0x53,0x77,0xd3,0xff,0xf9,0xf8,0x5d,0x00,0x02,0x01,0xda,0xff,0xff,0xff,0xff,0xff,0xff,0xff,0xff,0xff,0xff,0xda,0x01,0x02,
    0x00,0x0f,0xc5,0x86,0xbe,0xf7,0xff,0xff,0xff,0xff,0xf7,0xbe,0x86,0xc5,0x0f,0x00,0x00,0x00,0x00,0x00,0x00,0x22,0x49,0x55,0x55,0x49,0x22,0x00,0x00,0x00,0x00,0x00,
    0x00,0x00,0x00,0x03,0x01,0x00,0x00,0x00,0x00,0x00,0x00,0x01,0x03,0x00,0x00,0x00,0x00,0x00,0x00,0x00,0x00,0x02,0x03,0x04,0x04,0x03,0x02,0x00,0x00,0x00,0x00,0x00,

};

const lv_image_dsc_t emoji_pretzel_16 = {
  .header.magic = LV_IMAGE_HEADER_MAGIC,
  .header.cf = LV_COLOR_FORMAT_RGB565A8,
  .header.flags = 0,
  .header.w = 16,
  .header.h = 16,
  .header.stride = 32,
  .data_size = sizeof(emoji_pretzel_16_map),
  .data = emoji_pretzel_16_map,
};




#ifndef LV_ATTRIBUTE_MEM_ALIGN
#define LV_ATTRIBUTE_MEM_ALIGN
#endif

#ifndef LV_ATTRIBUTE_EMOJI_ABACUS_16
#define LV_ATTRIBUTE_EMOJI_ABACUS_16
#endif

static const
LV_ATTRIBUTE_MEM_ALIGN LV_ATTRIBUTE_LARGE_CONST LV_ATTRIBUTE_EMOJI_ABACUS_16
uint8_t emoji_abacus_16_map[] = {

    0x51,0xd5,0x91,0xdd,0x51,0xd5,0x51,0xd5,0x51,0xd5,0x51,0xd5,0x51,0xd5,0x51,0xd5,0x51,0xd5,0x71,0xd5,0x51,0xd5,0x51,0xd5,0x51,0xd5,0x51,0xd5,0x91,0xdd,0x50,0xd5,
    0x50,0xd5,0x91,0xdd,0x50,0xdd,0x6f,0xe5,0x70,0xe5,0x70,0xe5,0x70,0xe5,0x70,0xe5,0x70,0xe5,0x50,0xd5,0x50,0xd5,0x50,0xd5,0x70,0xe5,0x70,0xdd,0x91,0xdd,0x51,0xd5,
    0x51,0xd5,0x70,0xdd,0x7f,0x04,0x9c,0x2c,0x9c,0x24,0x9c,0x24,0x9c,0x24,0x9c,0x24,0x9c,0x24,0xff,0x03,0x00,0x00,0x00,0x00,0x7c,0x2c,0x9f,0x04,0x50,0xdd,0x51,0xd5,
    0x30,0xd5,0x13,0xee,0x5b,0x6d,0x5f,0x45,0x5e,0x4d,0x5e,0x45,0x5e,0x45,0x5e,0x45,0x5e,0x4d,0x5b,0xb6,0xdb,0xd6,0xdb,0xd6,0x5d,0x55,0x3b,0x65,0x13,0xee,0x30,0xd5,
    0x51,0xd5,0x70,0xdd,0x5e,0x35,0x3e,0x2d,0x1d,0x2d,0x1d,0x2d,0x3d,0x2d,0x1d,0x2d,0x1d,0x2d,0x1c,0x8e,0xdc,0xce,0xdb,0xce,0x3d,0x35,0x5e,0x35,0x70,0xe5,0x51,0xd5,
    0x50,0xd5,0x71,0xd5,0x00,0xe0,0x02,0xe0,0x00,0xd8,0x00,0xd8,0x00,0xd8,0x00,0xd8,0x01,0xd8,0x00,0x00,0x00,0x00,0x00,0x00,0x01,0xd8,0x00,0xe0,0x71,0xd5,0x50,0xd5,
    0x0f,0xd5,0x55,0xde,0xce,0xc2,0xa6,0xd8,0x07,0xd1,0xe7,0xd0,0xe7,0xd0,0xe7,0xd0,0x07,0xd1,0x97,0xcd,0xdc,0xce,0xfc,0xce,0xa9,0xc9,0x8c,0xba,0x75,0xde,0x0f,0xd5,
    0x30,0xd5,0xd2,0xdd,0x8a,0xc1,0x65,0xc8,0x86,0xc0,0x66,0xc0,0x65,0xc0,0x66,0xc0,0x66,0xc0,0xd5,0xcc,0xfc,0xce,0x1c,0xcf,0xe7,0xc0,0x49,0xc1,0xd2,0xdd,0x30,0xd5,
    0x51,0xd5,0x30,0xd5,0x60,0x04,0xa8,0x4d,0x87,0x3d,0x88,0x45,0x88,0x45,0x87,0x45,0x67,0x45,0x00,0x00,0x00,0x00,0x00,0x00,0x26,0x3d,0x40,0x04,0x30,0xd5,0x51,0xd5,
    0x2f,0xd5,0xf5,0xe5,0x4e,0x7d,0xe7,0x64,0xe8,0x64,0xe8,0x64,0xe8,0x64,0xe7,0x64,0xe8,0x64,0x37,0xb6,0xbc,0xce,0xdc,0xd6,0xe9,0x6c,0x2d,0x7d,0xf5,0xed,0x2f,0xd5,
    0x50,0xd5,0xb3,0xe5,0x0c,0x6d,0x87,0x54,0x87,0x54,0x67,0x54,0x67,0x54,0x87,0x54,0x67,0x54,0x16,0xae,0xdb,0xce,0xdc,0xce,0xa8,0x5c,0xeb,0x6c,0xb3,0xe5,0x50,0xd5,
    0x71,0xd5,0x30,0xd5,0x00,0x00,0x88,0xfd,0x66,0xfd,0x65,0xfd,0x85,0xfd,0x65,0xfd,0x66,0xfd,0x00,0x00,0x00,0x00,0x00,0x00,0x02,0xfd,0x00,0x00,0x30,0xd5,0x71,0xd5,
    0x2f,0xd5,0xd4,0xdd,0xcd,0xed,0xa5,0xfd,0x86,0xfd,0x86,0xfd,0x86,0xfd,0x86,0xfd,0x86,0xfd,0x57,0xd6,0xbb,0xce,0xbc,0xce,0x68,0xfd,0xcc,0xed,0xd4,0xd5,0x2f,0xd5,
    0x70,0xdd,0xd4,0xdd,0x2c,0xfe,0xa5,0xfd,0x86,0xfd,0x85,0xfd,0x85,0xfd,0x85,0xfd,0x86,0xfd,0xf8,0xde,0x7f,0xcf,0x7f,0xcf,0xa7,0xfd,0xeb,0xfd,0xd4,0xd5,0x70,0xdd,
    0x6e,0xcc,0x6d,0xcc,0xe7,0xba,0x6a,0xc3,0x6a,0xc3,0x69,0xc3,0x69,0xc3,0x49,0xc3,0x69,0xc3,0x65,0xba,0x24,0xba,0x24,0xba,0x49,0xc3,0xe8,0xc2,0x6d,0xcc,0x6e,0xcc,
    0x2a,0xbb,0x4a,0xc3,0x8b,0xcb,0x6a,0xcb,0x6a,0xcb,0x6a,0xcb,0x6a,0xcb,0x6a,0xcb,0x6a,0xcb,0x8b,0xcb,0x8b,0xcb,0x8b,0xcb,0x6b,0xcb,0x8b,0xcb,0x4a,0xc3,0x2a,0xbb,
    0x99,0xea,0xa6,0xab,0xa9,0xa9,0xa9,0xa9,0xaa,0xa6,0xa6,0xa6,0xaa,0xa6,0xeb,0x98,0x9b,0xf9,0xc7,0xc2,0xc2,0xc2,0xc2,0xc2,0xc2,0xcf,0xd1,0xd1,0xc4,0xc6,0xf9,0x9b,
    0xa8,0xc8,0x2d,0x6b,0x61,0x63,0x63,0x62,0x65,0x04,0x00,0x00,0x57,0x33,0xc7,0xa8,0x9c,0xef,0xf7,0xff,0xff,0xff,0xff,0xff,0xff,0xd9,0xcc,0xcc,0xff,0xfc,0xef,0x9c,
    0xa6,0xcf,0x4b,0x83,0x7a,0x7c,0x7c,0x7b,0x7e,0x26,0x1b,0x1b,0x71,0x4f,0xce,0xa6,0xa8,0xc9,0x1b,0x4c,0x43,0x44,0x45,0x44,0x47,0x00,0x00,0x00,0x3d,0x1f,0xc8,0xa8,
    0x9d,0xed,0xf0,0xff,0xff,0xff,0xff,0xff,0xff,0xd0,0xc3,0xc3,0xff,0xf6,0xed,0x9d,0xa5,0xd3,0x67,0xa1,0x98,0x9a,0x9b,0x9a,0x9d,0x41,0x34,0x34,0x8e,0x6b,0xd2,0xa5,
    0xa8,0xc7,0x09,0x37,0x2e,0x2f,0x2f,0x2f,0x32,0x00,0x00,0x00,0x29,0x0d,0xc6,0xa8,0x9e,0xeb,0xe4,0xff,0xff,0xff,0xff,0xff,0xff,0xc2,0xb5,0xb5,0xff,0xea,0xea,0x9e,
    0xa3,0xd8,0x84,0xbf,0xb7,0xb9,0xb9,0xb8,0xbb,0x5e,0x50,0x50,0xac,0x88,0xd7,0xa3,0xa9,0xc5,0x00,0x28,0x1f,0x20,0x21,0x20,0x23,0x00,0x00,0x00,0x1b,0x00,0xc5,0xa9,
    0xa0,0xe7,0xd4,0xff,0xff,0xff,0xff,0xff,0xff,0xb1,0xa4,0xa4,0xf9,0xda,0xe7,0xa0,0x9d,0xd8,0x8f,0xd0,0xc8,0xca,0xca,0xca,0xcc,0x66,0x57,0x57,0xbb,0x95,0xd7,0x9d,
    0xc2,0xdc,0x50,0x61,0x5c,0x5d,0x5d,0x5d,0x5e,0x46,0x44,0x44,0x5c,0x51,0xdc,0xc2,0xff,0xff,0xff,0xff,0xff,0xff,0xff,0xff,0xff,0xff,0xff,0xff,0xff,0xff,0xff,0xff,

};

const lv_image_dsc_t emoji_abacus_16 = {
  .header.magic = LV_IMAGE_HEADER_MAGIC,
  .header.cf = LV_COLOR_FORMAT_RGB565A8,
  .header.flags = 0,
  .header.w = 16,
  .header.h = 16,
  .header.stride = 32,
  .data_size = sizeof(emoji_abacus_16_map),
  .data = emoji_abacus_16_map,
};




#ifndef LV_ATTRIBUTE_MEM_ALIGN
#define LV_ATTRIBUTE_MEM_ALIGN
#endif

#ifndef LV_ATTRIBUTE_EMOJI_MOAI_16
#define LV_ATTRIBUTE_EMOJI_MOAI_16
#endif

static const
LV_ATTRIBUTE_MEM_ALIGN LV_ATTRIBUTE_LARGE_CONST LV_ATTRIBUTE_EMOJI_MOAI_16
uint8_t emoji_moai_16_map[] = {

    0x00,0x00,0x1f,0x00,0xff,0xff,0xfa,0xbd,0xbb,0xce,0xdc,0xd6,0xdc,0xd6,0xfc,0xd6,0xfc,0xd6,0xdc,0xd6,0xdc,0xd6,0xbb,0xce,0x38,0xc6,0xff,0xff,0x1f,0x00,0x00,0x00,
    0x00,0x00,0xf7,0xbd,0x00,0x00,0xdc,0xce,0x9f,0xef,0xdb,0xce,0x39,0xbe,0x19,0xb6,0x19,0xb6,0x39,0xbe,0xdb,0xce,0xbf,0xef,0xdc,0xd6,0x00,0x00,0xf7,0xbd,0x00,0x00,
    0x00,0x00,0xff,0xff,0xef,0x7b,0x5a,0xc6,0x97,0xa5,0x11,0x74,0xaf,0x63,0x4e,0x5b,0x4e,0x5b,0xaf,0x63,0x11,0x74,0xb7,0xa5,0x39,0xbe,0xef,0x03,0x55,0xad,0x00,0x00,
    0x55,0x55,0x00,0x00,0xf0,0x6b,0x56,0x9d,0xaf,0x63,0x4e,0x5b,0xaf,0x63,0xb4,0x8c,0xb4,0x8c,0xaf,0x63,0x4e,0x5b,0xb0,0x63,0x35,0x95,0xcf,0x6b,0x00,0x00,0x55,0x55,
    0xef,0x7b,0x00,0x00,0xaf,0x63,0x7a,0xc6,0x9b,0xce,0xd8,0xad,0x15,0x95,0xdc,0xd6,0xfc,0xd6,0x15,0x95,0xb7,0xad,0x9b,0xce,0x5a,0xbe,0x8f,0x63,0x00,0x00,0xef,0x7b,
    0xef,0x7b,0x00,0x00,0xaf,0x63,0x9b,0xc6,0xfc,0xd6,0xfc,0xd6,0xb7,0xad,0x7a,0xc6,0x9a,0xc6,0xb7,0xad,0xfc,0xd6,0xfc,0xd6,0x7a,0xc6,0xaf,0x63,0x00,0x00,0xef,0x7b,
    0xef,0x7b,0x00,0x00,0xb0,0x63,0x7a,0xc6,0xdc,0xce,0xbb,0xce,0xd8,0xb5,0xbb,0xce,0xdc,0xce,0xd8,0xad,0xbb,0xce,0xdb,0xce,0x7a,0xc6,0xb0,0x63,0x00,0x00,0xef,0x7b,
    0x00,0x00,0x1f,0x00,0xb0,0x63,0x7a,0xc6,0xdb,0xce,0xdb,0xce,0x39,0xbe,0x76,0xa5,0x97,0xa5,0x59,0xbe,0xbb,0xce,0xdc,0xce,0x7a,0xc6,0xb0,0x63,0x1f,0x00,0x00,0x00,
    0x00,0x00,0xae,0x52,0xaf,0x63,0x5a,0xc6,0xdb,0xce,0xdc,0xd6,0xd4,0x8c,0x4e,0x5b,0x4e,0x5b,0xd4,0x8c,0xdc,0xd6,0xdb,0xce,0x5a,0xc6,0xaf,0x63,0xae,0x52,0x00,0x00,
    0x00,0x00,0xee,0x5a,0xaf,0x63,0x5a,0xbe,0xdc,0xd6,0xbb,0xce,0xb7,0xad,0x15,0x95,0x15,0x95,0xb7,0xad,0xbb,0xce,0xdc,0xd6,0x5a,0xbe,0xaf,0x63,0x8e,0x5b,0x00,0x00,
    0xff,0x07,0xaa,0x52,0xaf,0x63,0x7a,0xc6,0xfc,0xd6,0x39,0xbe,0x15,0x95,0xd4,0x8c,0xf4,0x8c,0x15,0x95,0x39,0xbe,0xfc,0xd6,0x5a,0xbe,0x8f,0x63,0xaa,0x52,0xff,0x07,
    0xef,0x7b,0x00,0x00,0x8f,0x63,0x7a,0xc6,0x1d,0xdf,0x35,0x9d,0xb0,0x6b,0xd0,0x6b,0xd0,0x6b,0xb0,0x6b,0x35,0x9d,0x1d,0xdf,0x5a,0xbe,0x6e,0x5b,0xff,0xff,0xef,0x7b,
    0x00,0x00,0xff,0xff,0x00,0x00,0x7a,0xc6,0x1d,0xdf,0x9a,0xc6,0x7a,0xc6,0x7a,0xc6,0x7a,0xc6,0x7a,0xc6,0x7a,0xc6,0x1d,0xdf,0x5a,0xc6,0x00,0x00,0xff,0xff,0x00,0x00,
    0xef,0x7b,0x00,0x00,0x4b,0x3a,0x56,0x9d,0x1d,0xdf,0xfc,0xd6,0xfc,0xd6,0xfc,0xd6,0xfc,0xd6,0xfc,0xd6,0xfc,0xd6,0x1d,0xdf,0x35,0x9d,0x8a,0x3a,0x00,0x00,0xef,0x7b,
    0xef,0x7b,0x00,0x00,0x8f,0x63,0x31,0x74,0xb3,0x8c,0x56,0x9d,0x97,0xa5,0xb7,0xad,0xb7,0xad,0x97,0xa5,0x56,0x9d,0xb3,0x8c,0x31,0x74,0x8f,0x63,0x00,0x00,0xef,0x7b,
    0xe0,0x07,0x00,0x00,0xcf,0x6b,0xaf,0x63,0x6f,0x5b,0x6f,0x5b,0x6f,0x5b,0x6f,0x5b,0x6f,0x5b,0x6f,0x5b,0x6f,0x5b,0x6f,0x5b,0xaf,0x63,0xef,0x73,0x00,0x00,0xe0,0x07,
    0x00,0x01,0x01,0x0c,0x7e,0xd3,0xf5,0xff,0xff,0xf5,0xd3,0x7e,0x0d,0x01,0x01,0x00,0x00,0x04,0x00,0x77,0xff,0xff,0xff,0xff,0xff,0xff,0xff,0xff,0x72,0x00,0x04,0x00,
    0x00,0x02,0x02,0xbe,0xfd,0xfa,0xff,0xff,0xff,0xff,0xfa,0xfd,0xb6,0x02,0x03,0x00,0x03,0x00,0x48,0xff,0xfd,0xff,0xff,0xff,0xff,0xff,0xff,0xfd,0xff,0x48,0x00,0x03,
    0x04,0x00,0x81,0xff,0xfb,0xff,0xff,0xff,0xff,0xff,0xff,0xfb,0xff,0x81,0x00,0x04,0x04,0x00,0xa0,0xff,0xfb,0xff,0xff,0xff,0xff,0xff,0xff,0xfb,0xff,0xa0,0x00,0x04,
    0x02,0x00,0xbc,0xff,0xfc,0xff,0xff,0xff,0xff,0xff,0xff,0xfc,0xff,0xbc,0x00,0x02,0x00,0x01,0xd3,0xff,0xfd,0xff,0xff,0xff,0xff,0xff,0xff,0xfd,0xff,0xd3,0x01,0x00,
    0x00,0x09,0xe2,0xff,0xfd,0xff,0xff,0xff,0xff,0xff,0xff,0xfd,0xff,0xe2,0x09,0x00,0x00,0x0b,0xe6,0xfe,0xfd,0xff,0xff,0xff,0xff,0xff,0xff,0xfd,0xfe,0xe6,0x0b,0x00,
    0x01,0x03,0xd7,0xff,0xfc,0xff,0xff,0xff,0xff,0xff,0xff,0xfc,0xff,0xd7,0x03,0x01,0x02,0x00,0x36,0xdf,0xfe,0xfd,0xff,0xff,0xff,0xff,0xfd,0xfe,0xd8,0x36,0x01,0x02,
    0x00,0x01,0x00,0xbe,0xff,0xfc,0xff,0xff,0xff,0xff,0xfc,0xff,0xb7,0x00,0x02,0x00,0x02,0x00,0x29,0xf6,0xfd,0xfe,0xff,0xff,0xff,0xff,0xfe,0xfd,0xf7,0x29,0x00,0x02,
    0x04,0x00,0x56,0xff,0xff,0xff,0xff,0xff,0xff,0xff,0xff,0xff,0xff,0x54,0x00,0x04,0x01,0x01,0x13,0x8e,0xd5,0xf0,0xff,0xff,0xff,0xff,0xf0,0xd5,0x8e,0x12,0x01,0x01,

};

const lv_image_dsc_t emoji_moai_16 = {
  .header.magic = LV_IMAGE_HEADER_MAGIC,
  .header.cf = LV_COLOR_FORMAT_RGB565A8,
  .header.flags = 0,
  .header.w = 16,
  .header.h = 16,
  .header.stride = 32,
  .data_size = sizeof(emoji_moai_16_map),
  .data = emoji_moai_16_map,
};




#ifndef LV_ATTRIBUTE_MEM_ALIGN
#define LV_ATTRIBUTE_MEM_ALIGN
#endif

#ifndef LV_ATTRIBUTE_EMOJI_TIPPING_16
#define LV_ATTRIBUTE_EMOJI_TIPPING_16
#endif

static const
LV_ATTRIBUTE_MEM_ALIGN LV_ATTRIBUTE_LARGE_CONST LV_ATTRIBUTE_EMOJI_TIPPING_16
uint8_t emoji_tipping_16_map[] = {

    0x00,0x00,0x45,0xfd,0x66,0xfd,0x86,0xfd,0x66,0xfd,0x66,0xfd,0x66,0xfd,0x66,0xfd,0x66,0xfd,0xc6,0xfc,0x00,0x00,0xe0,0xff,0x00,0x00,0x00,0x00,0x00,0x00,0x00,0x00,
    0x86,0xfd,0x46,0xfd,0xc6,0xfd,0xa6,0xfd,0x86,0xfd,0x66,0xfd,0x66,0xfd,0x66,0xfd,0xc6,0xfd,0x66,0xfd,0x47,0xfd,0xe0,0xfb,0xe0,0xff,0x00,0x00,0x00,0x00,0x00,0x00,
    0x46,0xfd,0xc6,0xfd,0x46,0xfd,0x86,0xfd,0x87,0xfd,0x46,0xfd,0x66,0xfd,0x46,0xfd,0x66,0xfd,0xe7,0xfd,0x46,0xfd,0x00,0x00,0x4a,0xfd,0x00,0x00,0x00,0x00,0x00,0x00,
    0x46,0xfd,0xa6,0xfd,0x25,0xfd,0xe8,0xfd,0xab,0xfe,0x66,0xfd,0x46,0xfd,0x46,0xfd,0x66,0xfd,0x86,0xfd,0x46,0xfd,0x45,0xfd,0x00,0x00,0xe0,0xff,0x00,0x00,0x00,0x00,
    0x66,0xfd,0xa6,0xfd,0xe8,0xfd,0xeb,0xfe,0x0c,0xff,0xab,0xfe,0xe8,0xfd,0xa7,0xfd,0x66,0xfd,0x46,0xfd,0x66,0xfd,0x86,0xfd,0xe7,0xfd,0x45,0xfd,0x4a,0xfd,0xea,0xff,
    0x25,0xfd,0x07,0xfe,0x2c,0xff,0x4a,0xee,0x2a,0xee,0x0b,0xff,0xeb,0xfe,0xc9,0xe5,0x8a,0xfe,0x49,0xfe,0x46,0xfd,0xa4,0xfc,0x00,0x00,0x00,0x00,0x00,0x00,0x00,0x00,
    0x25,0xfd,0xe7,0xfd,0x6c,0xff,0xe6,0xb3,0xe7,0xb3,0x6c,0xff,0xab,0xfe,0x44,0x8a,0x6b,0xf6,0xaa,0xfe,0x67,0xfd,0x0a,0xf6,0x4b,0xfe,0x6a,0xfe,0xcb,0xfe,0xcb,0xfe,
    0x25,0xfd,0x07,0xfe,0x0c,0xff,0x8b,0xf6,0x8b,0xf6,0xcb,0xfe,0xcb,0xfe,0x4a,0xf6,0xeb,0xfe,0x6a,0xfe,0xa9,0xfe,0x8b,0xff,0x8b,0xff,0x8c,0xff,0xeb,0xfe,0xcb,0xfe,
    0x46,0xfd,0xe7,0xfd,0xeb,0xfe,0xeb,0xfe,0x4c,0xff,0xcb,0xed,0x8b,0xf6,0x4c,0xff,0xeb,0xfe,0x69,0xfe,0xf0,0xcc,0xf4,0xc4,0x12,0xc5,0x0b,0xff,0x0a,0xff,0x00,0x00,
    0x66,0xfd,0x86,0xfd,0x6a,0xfe,0xec,0xfe,0x4a,0xf5,0x2a,0xf5,0x09,0xf5,0x0b,0xfe,0x0c,0xff,0xc8,0xfd,0x56,0x9b,0x1c,0x8b,0xfa,0x8a,0x00,0x00,0x00,0x00,0xe7,0xbd,
    0x67,0xfd,0x86,0xfd,0x86,0xfd,0xca,0xfe,0xc9,0xf4,0x87,0xea,0x28,0xeb,0x2a,0xfe,0x48,0xfe,0x46,0xfd,0x96,0xa3,0x7a,0x93,0x58,0x93,0x6c,0xce,0xe0,0xff,0x00,0x00,
    0x00,0x00,0x27,0xfd,0x67,0xfd,0x27,0xf5,0xaa,0xfe,0x4c,0xff,0x4c,0xff,0xe9,0xfd,0x27,0xfd,0x28,0xf5,0x77,0x9b,0x5a,0x93,0x59,0x93,0xef,0x7b,0x00,0x00,0x00,0x00,
    0x39,0x93,0x79,0x9b,0x98,0x9b,0x18,0x93,0x50,0xd5,0x49,0xff,0xcb,0xfe,0xd6,0xa3,0x58,0x93,0x78,0x9b,0x39,0x93,0x5a,0x93,0x39,0x93,0xef,0x7b,0x00,0x00,0x00,0x00,
    0x59,0x93,0x5a,0x93,0x39,0x93,0x3a,0x8b,0xd7,0xa3,0x0e,0xe6,0x31,0xcd,0x39,0x8b,0x39,0x93,0x39,0x93,0x39,0x93,0x5a,0x93,0x39,0x93,0xef,0x7b,0x00,0x00,0x00,0x00,
    0x59,0x93,0x18,0x8b,0x38,0x8b,0x59,0x93,0x39,0x8b,0x19,0x8b,0x19,0x8b,0x59,0x93,0x59,0x93,0x17,0x8b,0x39,0x93,0x7a,0x93,0x39,0x93,0xef,0x7b,0x00,0x00,0x00,0x00,
    0x59,0x93,0x18,0x8b,0x18,0x8b,0x59,0x93,0x59,0x93,0x59,0x93,0x59,0x93,0x59,0x93,0x59,0x93,0xf7,0x82,0x39,0x93,0x7a,0x93,0x39,0x93,0xef,0x7b,0x00,0x00,0x00,0x00,
    0x00,0x06,0x6d,0x97,0xbf,0xf8,0xfd,0xe1,0x80,0x05,0x00,0x01,0x00,0x00,0x00,0x00,0x0a,0xb8,0xff,0xff,0xff,0xff,0xff,0xff,0xff,0xb6,0x09,0x02,0x01,0x00,0x00,0x00,
    0x6e,0xff,0xfb,0xfc,0xfd,0xff,0xff,0xfe,0xf9,0xff,0x84,0x00,0x03,0x00,0x00,0x00,0x9b,0xfd,0xfc,0xff,0xff,0xff,0xff,0xff,0xfd,0xfd,0xe6,0x0c,0x00,0x01,0x00,0x00,
    0x97,0xff,0xfc,0xff,0xff,0xff,0xff,0xff,0xfe,0xff,0xfd,0x27,0x04,0x06,0x03,0x03,0x98,0xff,0xfc,0xff,0xff,0xff,0xff,0xff,0xfe,0xff,0xfd,0x16,0x00,0x00,0x00,0x00,
    0x98,0xff,0xfc,0xff,0xff,0xff,0xff,0xff,0xfe,0xff,0xfe,0x6b,0x6f,0x88,0x42,0x5e,0x98,0xff,0xfc,0xff,0xff,0xff,0xff,0xff,0xff,0xff,0xff,0xff,0xff,0xff,0xe6,0xa4,
    0x99,0xff,0xfc,0xff,0xff,0xff,0xff,0xff,0xff,0xff,0xfe,0xfb,0xe7,0x46,0x09,0x00,0x91,0xff,0xfc,0xff,0xff,0xff,0xff,0xff,0xff,0xff,0xfd,0xff,0xd8,0x00,0x00,0x04,
    0x51,0xff,0xfe,0xff,0xff,0xff,0xff,0xff,0xff,0xff,0xfd,0xff,0xdc,0x05,0x01,0x01,0x00,0xc7,0xff,0xfd,0xff,0xff,0xff,0xff,0xff,0xff,0xfd,0xff,0xdb,0x02,0x00,0x01,
    0x7c,0xec,0xfd,0xfe,0xff,0xff,0xff,0xff,0xff,0xff,0xfd,0xff,0xdb,0x02,0x00,0x01,0xff,0xff,0xff,0xff,0xff,0xff,0xff,0xff,0xff,0xff,0xfd,0xff,0xdb,0x02,0x00,0x01,
    0xfe,0xfe,0xff,0xff,0xff,0xff,0xff,0xff,0xff,0xff,0xfd,0xff,0xdb,0x02,0x00,0x01,0xff,0xff,0xff,0xff,0xff,0xff,0xff,0xff,0xff,0xff,0xfd,0xff,0xdb,0x02,0x00,0x01,

};

const lv_image_dsc_t emoji_tipping_16 = {
  .header.magic = LV_IMAGE_HEADER_MAGIC,
  .header.cf = LV_COLOR_FORMAT_RGB565A8,
  .header.flags = 0,
  .header.w = 16,
  .header.h = 16,
  .header.stride = 32,
  .data_size = sizeof(emoji_tipping_16_map),
  .data = emoji_tipping_16_map,
};




#ifndef LV_ATTRIBUTE_MEM_ALIGN
#define LV_ATTRIBUTE_MEM_ALIGN
#endif

#ifndef LV_ATTRIBUTE_EMOJI_HEDGEHOG_16
#define LV_ATTRIBUTE_EMOJI_HEDGEHOG_16
#endif

static const
LV_ATTRIBUTE_MEM_ALIGN LV_ATTRIBUTE_LARGE_CONST LV_ATTRIBUTE_EMOJI_HEDGEHOG_16
uint8_t emoji_hedgehog_16_map[] = {

    0x00,0x00,0x00,0x00,0x00,0x00,0x00,0x00,0xe7,0x79,0x00,0x00,0x00,0x00,0x00,0x00,0x00,0x00,0x00,0x00,0x00,0x00,0xe7,0x79,0x00,0x00,0x00,0x00,0x00,0x00,0x00,0x00,
    0x00,0x00,0x00,0x00,0x00,0x00,0xe7,0x79,0x00,0x00,0x67,0x8a,0x47,0x8a,0x46,0x8a,0x46,0x8a,0x47,0x8a,0x67,0x8a,0x00,0x00,0xe7,0x79,0x00,0x00,0x00,0x00,0x00,0x00,
    0x00,0x00,0x00,0xf8,0x00,0xf8,0x00,0x00,0x46,0x8a,0x47,0x8a,0x67,0x92,0x67,0x92,0x67,0x92,0x67,0x92,0x47,0x8a,0x46,0x8a,0x00,0x00,0x00,0xf8,0x00,0xf8,0x00,0x00,
    0xe0,0xff,0x00,0x00,0xe7,0x9a,0x47,0x8a,0x67,0x92,0x67,0x8a,0x47,0x8a,0x46,0x8a,0x46,0x8a,0x47,0x8a,0x67,0x8a,0x67,0x92,0x47,0x8a,0xe7,0x9a,0x00,0x00,0xe0,0xff,
    0x00,0x78,0x24,0x69,0x46,0x8a,0x67,0x92,0x67,0x8a,0x47,0x8a,0x47,0x8a,0x47,0x8a,0x47,0x8a,0x47,0x8a,0x47,0x8a,0x67,0x8a,0x67,0x92,0x46,0x8a,0x24,0x69,0x00,0x78,
    0x00,0x00,0x43,0x69,0x26,0x8a,0x67,0x8a,0x47,0x8a,0x47,0x8a,0x46,0x82,0x46,0x82,0x46,0x82,0x46,0x82,0x47,0x8a,0x47,0x8a,0x67,0x8a,0x26,0x8a,0x43,0x69,0x00,0x00,
    0xc1,0x58,0x43,0x69,0x46,0x8a,0x46,0x8a,0x26,0x82,0x46,0x8a,0x87,0x9a,0xc8,0xaa,0xc8,0xaa,0x87,0x9a,0x46,0x8a,0x26,0x82,0x46,0x8a,0x46,0x8a,0x43,0x69,0xc1,0x58,
    0xe1,0x68,0x43,0x69,0x26,0x8a,0xe9,0x9a,0x6e,0xcc,0xcc,0xc3,0xec,0xcb,0x4a,0xc3,0x4a,0xc3,0xec,0xcb,0xcc,0xc3,0x6e,0xcc,0xe9,0x9a,0x26,0x8a,0x43,0x69,0xe1,0x68,
    0x02,0x61,0x22,0x69,0x05,0x82,0x29,0xa3,0x10,0xdd,0xf0,0xd4,0x10,0xd5,0x4d,0xd4,0x4e,0xd4,0x10,0xd5,0xf0,0xd4,0x10,0xdd,0x29,0xa3,0x05,0x82,0x22,0x69,0x02,0x61,
    0x02,0x69,0x02,0x61,0xa4,0x79,0x26,0x82,0x4d,0xcc,0x0a,0x7b,0xc9,0x7a,0x30,0xe5,0x30,0xe5,0xc9,0x7a,0x0a,0x7b,0x4d,0xcc,0x26,0x82,0xa4,0x79,0x02,0x61,0x02,0x69,
    0x02,0x61,0x02,0x69,0x02,0x69,0xc5,0x79,0x2d,0xc4,0xaf,0xcc,0xb0,0xc4,0x1b,0xef,0x1b,0xef,0xb0,0xc4,0xaf,0xcc,0x2d,0xc4,0xc5,0x79,0x02,0x69,0x02,0x69,0x02,0x61,
    0x22,0x61,0x02,0x61,0x02,0x69,0xc1,0x60,0xc8,0x9a,0x10,0xe5,0x57,0xee,0x96,0xad,0x96,0xad,0x57,0xee,0x10,0xe5,0xc8,0x9a,0xc1,0x60,0x02,0x69,0x02,0x61,0x22,0x61,
    0xe1,0x60,0x02,0x61,0x02,0x69,0x22,0x69,0xc5,0x79,0x6a,0xab,0x16,0xee,0xec,0x5a,0xec,0x5a,0x15,0xee,0x6a,0xab,0xc5,0x79,0x22,0x69,0x02,0x69,0x02,0x61,0xe1,0x60,
    0x00,0x00,0x23,0x61,0x02,0x61,0x06,0x82,0x87,0x8a,0xc8,0x92,0x09,0xa3,0xee,0xab,0xee,0xab,0x09,0xa3,0xc8,0x92,0x87,0x8a,0x05,0x82,0x02,0x61,0x23,0x61,0x00,0x00,
    0x00,0x00,0x80,0x61,0x26,0x9b,0x26,0x82,0xec,0xbb,0x92,0xed,0x10,0xe5,0x87,0x92,0x67,0x92,0x10,0xe5,0x92,0xed,0xec,0xbb,0x26,0x82,0xe7,0xbb,0x80,0x61,0x00,0x00,
    0x00,0x00,0x00,0x00,0x00,0x00,0x00,0x00,0x10,0xdd,0x30,0xe5,0x30,0xe5,0xd0,0xd4,0xd0,0xd4,0x30,0xe5,0x30,0xe5,0x10,0xdd,0x00,0x00,0x00,0x00,0x00,0x00,0x00,0x00,
    0x00,0x00,0x00,0x00,0x04,0x00,0x00,0x00,0x00,0x00,0x00,0x04,0x00,0x00,0x00,0x00,0x00,0x00,0x00,0x04,0x00,0x32,0x58,0x89,0x89,0x58,0x32,0x00,0x04,0x00,0x00,0x00,
    0x00,0x01,0x01,0x00,0x90,0xe8,0xff,0xff,0xff,0xff,0xe8,0x90,0x00,0x01,0x01,0x00,0x01,0x00,0x08,0xab,0xff,0xff,0xfd,0xfc,0xfc,0xfd,0xff,0xff,0xab,0x08,0x00,0x01,
    0x02,0x07,0x76,0xff,0xfb,0xfd,0xff,0xff,0xff,0xff,0xfd,0xfb,0xff,0x76,0x07,0x02,0x00,0x1f,0xff,0xfc,0xfe,0xff,0xff,0xff,0xff,0xff,0xff,0xfe,0xfc,0xff,0x1f,0x00,
    0x13,0xa7,0xfc,0xfd,0xff,0xff,0xff,0xff,0xff,0xff,0xff,0xff,0xfd,0xfc,0xa7,0x13,0x11,0xe5,0xff,0xfd,0xff,0xff,0xff,0xff,0xff,0xff,0xff,0xff,0xfd,0xff,0xe5,0x11,
    0x77,0xf3,0xfd,0xff,0xff,0xff,0xff,0xff,0xff,0xff,0xff,0xff,0xff,0xfd,0xf3,0x77,0x50,0xfb,0xfe,0xff,0xff,0xff,0xff,0xff,0xff,0xff,0xff,0xff,0xff,0xfe,0xfb,0x50,
    0x73,0xef,0xfd,0xfe,0xff,0xff,0xff,0xff,0xff,0xff,0xff,0xff,0xfe,0xfd,0xef,0x73,0x0d,0xe8,0xfe,0xfd,0xff,0xff,0xff,0xff,0xff,0xff,0xff,0xff,0xfd,0xfe,0xe8,0x0d,
    0x12,0x7f,0xff,0xfe,0xfe,0xff,0xff,0xfe,0xfe,0xff,0xff,0xfe,0xfe,0xff,0x7f,0x12,0x00,0x14,0xd7,0xff,0xff,0xfc,0xfc,0xff,0xff,0xfc,0xfc,0xff,0xff,0xd7,0x14,0x00,
    0x01,0x05,0x05,0xa3,0xfe,0xff,0xff,0xe9,0xe9,0xff,0xff,0xfe,0xa2,0x04,0x05,0x01,0x00,0x00,0x00,0x00,0x60,0x98,0x95,0x21,0x21,0x95,0x98,0x60,0x00,0x00,0x00,0x00,

};

const lv_image_dsc_t emoji_hedgehog_16 = {
  .header.magic = LV_IMAGE_HEADER_MAGIC,
  .header.cf = LV_COLOR_FORMAT_RGB565A8,
  .header.flags = 0,
  .header.w = 16,
  .header.h = 16,
  .header.stride = 32,
  .data_size = sizeof(emoji_hedgehog_16_map),
  .data = emoji_hedgehog_16_map,
};




#ifndef LV_ATTRIBUTE_MEM_ALIGN
#define LV_ATTRIBUTE_MEM_ALIGN
#endif

#ifndef LV_ATTRIBUTE_EMOJI_DIAMOND_SUIT_16
#define LV_ATTRIBUTE_EMOJI_DIAMOND_SUIT_16
#endif

static const
LV_ATTRIBUTE_MEM_ALIGN LV_ATTRIBUTE_LARGE_CONST LV_ATTRIBUTE_EMOJI_DIAMOND_SUIT_16
uint8_t emoji_diamond_suit_16_map[] = {

    0x00,0x00,0x00,0x00,0x00,0x00,0x00,0x00,0x00,0x00,0x07,0xb8,0x00,0x00,0xc6,0xb8,0xc6,0xb8,0x00,0x00,0x07,0xb8,0x00,0x00,0x00,0x00,0x00,0x00,0x00,0x00,0x00,0x00,
    0x00,0x00,0x00,0x00,0x00,0x00,0x00,0x00,0x0a,0xa8,0x00,0x00,0xc6,0xb8,0xc6,0xc0,0xc6,0xc0,0xc6,0xb8,0x00,0x00,0x0a,0xa8,0x00,0x00,0x00,0x00,0x00,0x00,0x00,0x00,
    0x00,0x00,0x00,0x00,0x00,0x00,0x00,0xf8,0x00,0x78,0xe5,0xb0,0xc6,0xb8,0xc6,0xc0,0xc6,0xc0,0xc6,0xb8,0xe5,0xb0,0x00,0x78,0x00,0xf8,0x00,0x00,0x00,0x00,0x00,0x00,
    0x00,0x00,0x00,0x00,0x00,0x00,0x07,0xb8,0x00,0x00,0xc6,0xb8,0xc6,0xc8,0xc6,0xb8,0xc6,0xb8,0xc6,0xc8,0xc6,0xb8,0x00,0x00,0x07,0xb8,0x00,0x00,0x00,0x00,0x00,0x00,
    0x00,0x00,0x00,0x00,0x07,0xb8,0x00,0x00,0xa5,0xb8,0xc6,0xc8,0xc6,0xb8,0xc6,0xb8,0xc6,0xb8,0xc6,0xb8,0xc6,0xc8,0xa5,0xb8,0x00,0x00,0x07,0xb8,0x00,0x00,0x00,0x00,
    0x00,0x00,0x0f,0xf8,0x00,0x00,0xc6,0xc0,0xc6,0xc0,0xc6,0xc0,0xc6,0xb8,0xc6,0xb8,0xc6,0xb8,0xc6,0xb8,0xc6,0xc0,0xc6,0xc0,0xc6,0xc0,0x00,0x00,0x0f,0xf8,0x00,0x00,
    0x00,0xf8,0x0f,0x78,0x0a,0xa8,0xc6,0xb8,0xc6,0xc8,0xc6,0xb8,0xc6,0xb8,0xc6,0xb8,0xc6,0xb8,0xc6,0xb8,0xc6,0xb8,0xc6,0xc8,0xc6,0xb8,0x0a,0xa8,0x0f,0x78,0x00,0xf8,
    0x07,0xb8,0x00,0x00,0xc6,0xb8,0xc6,0xc8,0xc6,0xb8,0xc6,0xb8,0xc6,0xb8,0xc6,0xb8,0xc6,0xb8,0xc6,0xb8,0xc6,0xb8,0xc6,0xb8,0xc6,0xc8,0xc6,0xb8,0x00,0x00,0x07,0xb8,
    0x07,0xb8,0x00,0x00,0xc6,0xb8,0xc6,0xc8,0xc6,0xb8,0xc6,0xb8,0xc6,0xb8,0xc6,0xb8,0xc6,0xb8,0xc6,0xb8,0xc6,0xb8,0xc6,0xb8,0xc6,0xc8,0xc6,0xb8,0x00,0x00,0x07,0xb8,
    0x00,0xf8,0x0f,0x78,0x0a,0xa8,0xc6,0xb8,0xc6,0xc8,0xc6,0xb8,0xc6,0xb8,0xc6,0xb8,0xc6,0xb8,0xc6,0xb8,0xc6,0xb8,0xc6,0xc8,0xc6,0xb8,0x0a,0xa8,0x0f,0x78,0x00,0xf8,
    0x00,0x00,0x0f,0xf8,0x00,0x00,0xc6,0xc0,0xc6,0xc0,0xc6,0xc0,0xc6,0xb8,0xc6,0xb8,0xc6,0xb8,0xc6,0xb8,0xc6,0xc0,0xc6,0xc0,0xc6,0xc0,0x00,0x00,0x0f,0xf8,0x00,0x00,
    0x00,0x00,0x00,0x00,0x07,0xb8,0x00,0x00,0xa5,0xb8,0xc6,0xc8,0xc6,0xb8,0xc6,0xb8,0xc6,0xb8,0xc6,0xb8,0xc6,0xc8,0xa5,0xb8,0x00,0x00,0x07,0xb8,0x00,0x00,0x00,0x00,
    0x00,0x00,0x00,0x00,0x00,0x00,0x07,0xb8,0x00,0x00,0xc6,0xb8,0xc6,0xc8,0xc6,0xb8,0xc6,0xb8,0xc6,0xc8,0xc6,0xb8,0x00,0x00,0x07,0xb8,0x00,0x00,0x00,0x00,0x00,0x00,
    0x00,0x00,0x00,0x00,0x00,0x00,0x00,0xf8,0x00,0x78,0xe5,0xb0,0xc6,0xb8,0xc6,0xc0,0xc6,0xc0,0xc6,0xb8,0xe5,0xb0,0x00,0x78,0x00,0xf8,0x00,0x00,0x00,0x00,0x00,0x00,
    0x00,0x00,0x00,0x00,0x00,0x00,0x00,0x00,0x0a,0xa8,0x00,0x00,0xc6,0xb8,0xc6,0xc0,0xc6,0xc0,0xc6,0xb8,0x00,0x00,0x0a,0xa8,0x00,0x00,0x00,0x00,0x00,0x00,0x00,0x00,
    0x00,0x00,0x00,0x00,0x00,0x00,0x00,0x00,0x00,0x00,0x07,0xb8,0x00,0x00,0xc6,0xb8,0xc6,0xb8,0x00,0x00,0x07,0xb8,0x00,0x00,0x00,0x00,0x00,0x00,0x00,0x00,0x00,0x00,
    0x00,0x00,0x00,0x00,0x00,0x04,0x00,0x98,0x98,0x00,0x04,0x00,0x00,0x00,0x00,0x00,0x00,0x00,0x00,0x00,0x03,0x00,0x3f,0xfd,0xfd,0x3f,0x00,0x03,0x00,0x00,0x00,0x00,
    0x00,0x00,0x00,0x01,0x02,0x11,0xe2,0xff,0xff,0xe2,0x11,0x02,0x01,0x00,0x00,0x00,0x00,0x00,0x00,0x04,0x00,0xa7,0xff,0xfc,0xfc,0xff,0xa7,0x00,0x04,0x00,0x00,0x00,
    0x00,0x00,0x04,0x00,0x61,0xff,0xfb,0xff,0xff,0xfb,0xff,0x61,0x00,0x04,0x00,0x00,0x00,0x02,0x00,0x25,0xf3,0xfc,0xfe,0xff,0xff,0xfe,0xfc,0xf3,0x25,0x00,0x02,0x00,
    0x01,0x02,0x03,0xc6,0xff,0xfc,0xff,0xff,0xff,0xff,0xfc,0xff,0xc6,0x03,0x02,0x01,0x04,0x00,0x88,0xff,0xfb,0xff,0xff,0xff,0xff,0xff,0xff,0xfb,0xff,0x88,0x00,0x04,
    0x04,0x00,0x88,0xff,0xfb,0xff,0xff,0xff,0xff,0xff,0xff,0xfb,0xff,0x88,0x00,0x04,0x01,0x02,0x03,0xc6,0xff,0xfc,0xff,0xff,0xff,0xff,0xfc,0xff,0xc6,0x03,0x02,0x01,
    0x00,0x02,0x00,0x25,0xf3,0xfc,0xfe,0xff,0xff,0xfe,0xfc,0xf3,0x25,0x00,0x02,0x00,0x00,0x00,0x04,0x00,0x61,0xff,0xfb,0xff,0xff,0xfb,0xff,0x61,0x00,0x04,0x00,0x00,
    0x00,0x00,0x00,0x04,0x00,0xa7,0xff,0xfc,0xfc,0xff,0xa7,0x00,0x04,0x00,0x00,0x00,0x00,0x00,0x00,0x01,0x02,0x11,0xe2,0xff,0xff,0xe2,0x11,0x02,0x01,0x00,0x00,0x00,
    0x00,0x00,0x00,0x00,0x03,0x00,0x3f,0xfd,0xfd,0x3f,0x00,0x03,0x00,0x00,0x00,0x00,0x00,0x00,0x00,0x00,0x00,0x04,0x00,0x98,0x98,0x00,0x04,0x00,0x00,0x00,0x00,0x00,

};

const lv_image_dsc_t emoji_diamond_suit_16 = {
  .header.magic = LV_IMAGE_HEADER_MAGIC,
  .header.cf = LV_COLOR_FORMAT_RGB565A8,
  .header.flags = 0,
  .header.w = 16,
  .header.h = 16,
  .header.stride = 32,
  .data_size = sizeof(emoji_diamond_suit_16_map),
  .data = emoji_diamond_suit_16_map,
};




#ifndef LV_ATTRIBUTE_MEM_ALIGN
#define LV_ATTRIBUTE_MEM_ALIGN
#endif

#ifndef LV_ATTRIBUTE_EMOJI_SPADE_SUIT_16
#define LV_ATTRIBUTE_EMOJI_SPADE_SUIT_16
#endif

static const
LV_ATTRIBUTE_MEM_ALIGN LV_ATTRIBUTE_LARGE_CONST LV_ATTRIBUTE_EMOJI_SPADE_SUIT_16
uint8_t emoji_spade_suit_16_map[] = {

    0x00,0x00,0x00,0x00,0x00,0x00,0x00,0x00,0x00,0x00,0x00,0x00,0x00,0x00,0xc7,0x31,0xc7,0x31,0x00,0x00,0x00,0x00,0x00,0x00,0x00,0x00,0x00,0x00,0x00,0x00,0x00,0x00,
    0x00,0x00,0x00,0x00,0x00,0x00,0x00,0x00,0x00,0x00,0x45,0x29,0xc7,0x31,0xc8,0x31,0xc8,0x31,0xc7,0x31,0x45,0x29,0x00,0x00,0x00,0x00,0x00,0x00,0x00,0x00,0x00,0x00,
    0x00,0x00,0x00,0x00,0x00,0x00,0x00,0x00,0x45,0x29,0xa7,0x31,0xe8,0x31,0xa7,0x31,0xa7,0x31,0xe8,0x31,0xa7,0x31,0x45,0x29,0x00,0x00,0x00,0x00,0x00,0x00,0x00,0x00,
    0x00,0x00,0x00,0x00,0xaa,0x52,0x00,0x00,0xa7,0x31,0xc8,0x31,0xa7,0x31,0xa7,0x31,0xa7,0x31,0xa7,0x31,0xc8,0x31,0xa7,0x31,0x00,0x00,0xaa,0x52,0x00,0x00,0x00,0x00,
    0x00,0x00,0xaa,0x52,0x00,0x00,0xa7,0x31,0xe8,0x31,0xa7,0x31,0xa7,0x31,0xa7,0x31,0xa7,0x31,0xa7,0x31,0xa7,0x31,0xe8,0x31,0xa7,0x31,0x00,0x00,0xaa,0x52,0x00,0x00,
    0xaa,0x52,0x00,0x00,0xa7,0x31,0xc8,0x31,0xa7,0x31,0xa7,0x31,0xa7,0x31,0xa7,0x31,0xa7,0x31,0xa7,0x31,0xa7,0x31,0xa7,0x31,0xc8,0x31,0xa7,0x31,0x00,0x00,0xaa,0x52,
    0x00,0x00,0xc7,0x39,0xa7,0x31,0xc7,0x31,0xa7,0x31,0xa7,0x31,0xa7,0x31,0xa7,0x31,0xa7,0x31,0xa7,0x31,0xa7,0x31,0xa7,0x31,0xc7,0x31,0xa7,0x31,0xc7,0x39,0x00,0x00,
    0x00,0x00,0xa7,0x29,0xc8,0x31,0xa7,0x31,0xa7,0x31,0xa7,0x31,0xa7,0x31,0xa7,0x31,0xa7,0x31,0xa7,0x31,0xa7,0x31,0xa7,0x31,0xa7,0x31,0xc8,0x31,0xa7,0x29,0x00,0x00,
    0x00,0x00,0xa7,0x31,0xc8,0x31,0xa7,0x31,0xa7,0x31,0xa7,0x31,0xa7,0x31,0xa7,0x31,0xa7,0x31,0xa7,0x31,0xa7,0x31,0xa7,0x31,0xa7,0x31,0xc8,0x31,0xa7,0x31,0x00,0x00,
    0x00,0x00,0xa7,0x31,0xc8,0x31,0xa7,0x31,0xa7,0x31,0xa7,0x31,0xa7,0x31,0xa7,0x31,0xa7,0x31,0xa7,0x31,0xa7,0x31,0xa7,0x31,0xa7,0x31,0xc8,0x31,0xa7,0x31,0x00,0x00,
    0x00,0x00,0xa7,0x31,0xe8,0x31,0xa7,0x31,0xa7,0x31,0xa7,0x31,0xc7,0x31,0xa7,0x31,0xa7,0x31,0xc7,0x31,0xa7,0x31,0xa7,0x31,0xa7,0x31,0xe8,0x31,0xa7,0x31,0x00,0x00,
    0xef,0x03,0x00,0x00,0xa7,0x29,0xc8,0x31,0xc8,0x31,0xc8,0x31,0xa7,0x31,0xa7,0x31,0xa7,0x31,0xa7,0x31,0xc8,0x31,0xc8,0x31,0xc8,0x31,0xa7,0x29,0x00,0x00,0xef,0x03,
    0x00,0x00,0x00,0x00,0x00,0x00,0xa7,0x29,0xc7,0x31,0xa7,0x31,0xa7,0x31,0xc7,0x31,0xc7,0x31,0xa7,0x31,0xa7,0x31,0xc7,0x31,0xa7,0x29,0x00,0x00,0x00,0x00,0x00,0x00,
    0x00,0x00,0x00,0x00,0x00,0x00,0x00,0x00,0x00,0x00,0xa7,0x31,0xc7,0x31,0xc7,0x31,0xc7,0x31,0xc7,0x31,0xa7,0x31,0x00,0x00,0x00,0x00,0x00,0x00,0x00,0x00,0x00,0x00,
    0x00,0x00,0x00,0x00,0x87,0x31,0xc7,0x31,0xa7,0x31,0xc7,0x31,0xc7,0x31,0xa7,0x31,0xa7,0x31,0xc7,0x31,0xc7,0x31,0xa7,0x31,0xa7,0x31,0x87,0x31,0x00,0x00,0x00,0x00,
    0xaa,0x52,0x00,0x00,0xa7,0x31,0xe8,0x31,0xc8,0x31,0xa7,0x31,0xa7,0x31,0xa7,0x31,0xa7,0x31,0xa7,0x31,0xa7,0x31,0xc8,0x31,0xe8,0x31,0xa7,0x29,0x00,0x00,0xaa,0x52,
    0x00,0x00,0x00,0x00,0x02,0x00,0x00,0x9f,0x9f,0x00,0x00,0x02,0x00,0x00,0x00,0x00,0x00,0x00,0x00,0x02,0x00,0x06,0xa8,0xff,0xff,0xa8,0x06,0x00,0x02,0x00,0x00,0x00,
    0x00,0x00,0x01,0x02,0x06,0xb3,0xff,0xfb,0xfb,0xff,0xb3,0x06,0x02,0x01,0x00,0x00,0x00,0x01,0x03,0x01,0xaf,0xff,0xfa,0xff,0xff,0xfa,0xff,0xaf,0x01,0x03,0x01,0x00,
    0x00,0x03,0x00,0x8e,0xff,0xfa,0xff,0xff,0xff,0xff,0xfa,0xff,0x8e,0x00,0x03,0x00,0x03,0x00,0x4c,0xff,0xfb,0xfe,0xff,0xff,0xff,0xff,0xfe,0xfb,0xff,0x4c,0x00,0x03,
    0x01,0x09,0xdb,0xfe,0xfc,0xff,0xff,0xff,0xff,0xff,0xff,0xfc,0xfe,0xdb,0x09,0x01,0x00,0x51,0xff,0xfc,0xff,0xff,0xff,0xff,0xff,0xff,0xff,0xff,0xfc,0xff,0x51,0x00,
    0x00,0x90,0xfe,0xfb,0xff,0xff,0xff,0xff,0xff,0xff,0xff,0xff,0xfb,0xfe,0x90,0x00,0x00,0x94,0xfd,0xfa,0xff,0xff,0xfd,0xff,0xff,0xfd,0xff,0xff,0xfa,0xfd,0x94,0x00,
    0x00,0x4a,0xff,0xfc,0xfb,0xfc,0xff,0xff,0xff,0xff,0xfc,0xfb,0xfc,0xff,0x4a,0x00,0x02,0x00,0x91,0xff,0xff,0xff,0xd5,0xf5,0xf5,0xd5,0xff,0xff,0xff,0x91,0x00,0x02,
    0x00,0x01,0x00,0x3c,0x76,0x4a,0x57,0xfb,0xfb,0x57,0x4a,0x76,0x3c,0x00,0x01,0x00,0x00,0x00,0x00,0x00,0x00,0x29,0xe6,0xff,0xff,0xe5,0x29,0x00,0x00,0x00,0x00,0x00,
    0x01,0x00,0x15,0x6b,0xa8,0xfe,0xff,0xfe,0xfe,0xff,0xfe,0xa8,0x6a,0x15,0x00,0x01,0x03,0x00,0x49,0xff,0xff,0xff,0xfe,0xff,0xff,0xfe,0xff,0xff,0xff,0x4b,0x00,0x03,

};

const lv_image_dsc_t emoji_spade_suit_16 = {
  .header.magic = LV_IMAGE_HEADER_MAGIC,
  .header.cf = LV_COLOR_FORMAT_RGB565A8,
  .header.flags = 0,
  .header.w = 16,
  .header.h = 16,
  .header.stride = 32,
  .data_size = sizeof(emoji_spade_suit_16_map),
  .data = emoji_spade_suit_16_map,
};




#ifndef LV_ATTRIBUTE_MEM_ALIGN
#define LV_ATTRIBUTE_MEM_ALIGN
#endif

#ifndef LV_ATTRIBUTE_EMOJI_PIZZA_16
#define LV_ATTRIBUTE_EMOJI_PIZZA_16
#endif

static const
LV_ATTRIBUTE_MEM_ALIGN LV_ATTRIBUTE_LARGE_CONST LV_ATTRIBUTE_EMOJI_PIZZA_16
uint8_t emoji_pizza_16_map[] = {

    0x00,0xf8,0x00,0x00,0xe3,0xcb,0xa1,0xfc,0x60,0xf4,0x40,0xf4,0x81,0xf4,0xa1,0xf4,0x61,0xf4,0x40,0xf4,0x40,0xf4,0x60,0xf4,0xa1,0xfc,0xe3,0xcb,0x00,0x00,0x00,0xf8,
    0x00,0xf8,0x81,0xf4,0x81,0xfc,0xa1,0xfc,0x23,0xfd,0xa5,0xfd,0xc5,0xf4,0x86,0xec,0xc6,0xfd,0xa6,0xfd,0x65,0xfd,0x23,0xfd,0xc1,0xfc,0x81,0xfc,0x81,0xf4,0x00,0xf8,
    0x00,0x00,0x61,0xf4,0xc5,0xfd,0x89,0xfe,0xaa,0xfe,0xa9,0xec,0xc6,0xb8,0x86,0xb8,0x88,0xdb,0xaa,0xfe,0x6a,0xfe,0x8a,0xfe,0x29,0xfe,0x84,0xfd,0x61,0xf4,0x00,0x00,
    0xe7,0xbb,0x00,0x00,0x48,0xe4,0x29,0xf5,0xe9,0xfe,0x47,0xd2,0x65,0xb8,0xc6,0xb8,0x26,0xc1,0x89,0xfe,0x49,0xfe,0x09,0xfe,0x2a,0xff,0x6a,0xfe,0x00,0x00,0xe7,0xfd,
    0x00,0xf8,0x00,0x00,0x04,0xa0,0x65,0xb8,0x48,0xf5,0x68,0xe4,0x65,0xb8,0x25,0xb0,0x47,0xdb,0x89,0xf5,0x66,0xc1,0x26,0xc1,0x48,0xe4,0xea,0xff,0x00,0x00,0xef,0xff,
    0x00,0x00,0x00,0xa8,0x20,0x00,0x05,0xb0,0xc8,0xeb,0x09,0xff,0xc8,0xec,0x88,0xec,0xa9,0xfe,0x87,0xd2,0x45,0xb8,0xc6,0xc8,0x86,0xb8,0x00,0x00,0x0a,0xa8,0x00,0x00,
    0x00,0x00,0xe7,0xb9,0x00,0x00,0x06,0xca,0x09,0xfe,0x89,0xfe,0xc9,0xfe,0xc9,0xfe,0xa9,0xfe,0x67,0xdb,0x05,0xb0,0x86,0xc0,0xe6,0xb8,0x00,0x00,0x07,0xb8,0x00,0x00,
    0x00,0x00,0xe0,0xff,0x00,0x00,0xef,0xff,0x28,0xe4,0x86,0xc9,0x27,0xca,0xc9,0xf5,0x89,0xfe,0x29,0xfe,0xe8,0xe3,0x07,0xdb,0x87,0xe3,0xe0,0xff,0x00,0xf8,0x00,0x00,
    0x00,0x00,0x00,0x00,0x07,0xb8,0x00,0x00,0x25,0xb0,0xc6,0xc8,0x25,0xb0,0x47,0xdb,0xc9,0xfe,0xa9,0xfe,0x8a,0xff,0x2a,0xff,0x00,0x00,0xe7,0xfd,0x00,0x00,0x00,0x00,
    0x00,0x00,0x00,0x00,0x00,0xf8,0x00,0x00,0x45,0xc1,0xa6,0xc0,0x05,0xb0,0xc8,0xe3,0xa9,0xfe,0x47,0xdb,0xc7,0xd2,0x48,0xe4,0x00,0x00,0xef,0xfb,0x00,0x00,0x00,0x00,
    0x00,0x00,0x00,0x00,0x00,0x00,0xe0,0xfb,0x00,0x00,0x47,0xca,0xa8,0xe3,0xa9,0xfe,0xe8,0xe3,0x26,0xc0,0x45,0xb8,0x00,0x00,0x00,0xf8,0x00,0x00,0x00,0x00,0x00,0x00,
    0x00,0x00,0x00,0x00,0x00,0x00,0xe7,0xfd,0x00,0x00,0xe9,0xfe,0xaa,0xfe,0x0a,0xff,0x47,0xdb,0x46,0xc0,0x46,0xc1,0x00,0x00,0x07,0xb8,0x00,0x00,0x00,0x00,0x00,0x00,
    0x00,0x00,0x00,0x00,0x00,0x00,0x00,0xf8,0x00,0x00,0x04,0xb0,0xe6,0xc0,0xe8,0xe3,0x29,0xfe,0x47,0xca,0x24,0xb1,0x00,0x00,0x00,0xf8,0x00,0x00,0x00,0x00,0x00,0x00,
    0x00,0x00,0x00,0x00,0x00,0x00,0x00,0x00,0x07,0xb8,0x00,0x00,0x45,0xb8,0xc6,0xc8,0x8a,0xfe,0xe9,0xfe,0x00,0x00,0xe7,0xfd,0x00,0x00,0x00,0x00,0x00,0x00,0x00,0x00,
    0x00,0x00,0x00,0x00,0x00,0x00,0x00,0x00,0x00,0xa8,0x00,0x00,0x45,0xb0,0x07,0xd2,0x69,0xfe,0x29,0xfe,0x00,0x00,0x4a,0xfd,0x00,0x00,0x00,0x00,0x00,0x00,0x00,0x00,
    0x00,0x00,0x00,0x00,0x00,0x00,0x00,0x00,0x00,0x00,0xef,0xff,0x00,0x00,0xa9,0xf5,0x69,0xfe,0x00,0x00,0xef,0xff,0x00,0x00,0x00,0x00,0x00,0x00,0x00,0x00,0x00,0x00,
    0x01,0x00,0x0a,0x5d,0xa9,0xdb,0xf7,0xff,0xff,0xf7,0xdb,0xa9,0x5d,0x0a,0x00,0x01,0x01,0x49,0xd8,0xff,0xff,0xff,0xff,0xff,0xff,0xff,0xff,0xff,0xff,0xd8,0x48,0x01,
    0x00,0x8d,0xff,0xf9,0xfc,0xfe,0xff,0xff,0xff,0xff,0xfe,0xfc,0xf9,0xff,0x8c,0x00,0x04,0x00,0x86,0xff,0xfb,0xff,0xff,0xff,0xff,0xff,0xff,0xfb,0xff,0x82,0x00,0x04,
    0x02,0x00,0x25,0xf9,0xfe,0xfe,0xff,0xff,0xff,0xff,0xfe,0xfe,0xf8,0x21,0x00,0x02,0x00,0x03,0x00,0xb8,0xfe,0xfc,0xff,0xff,0xff,0xff,0xfb,0xfe,0xb4,0x00,0x03,0x00,
    0x00,0x04,0x00,0x55,0xff,0xfc,0xff,0xff,0xff,0xff,0xfc,0xff,0x50,0x01,0x04,0x00,0x00,0x01,0x00,0x0a,0xe3,0xff,0xfd,0xff,0xff,0xfd,0xff,0xe1,0x09,0x01,0x01,0x00,
    0x00,0x00,0x04,0x00,0x8b,0xff,0xfb,0xff,0xff,0xfb,0xff,0x87,0x00,0x04,0x00,0x00,0x00,0x00,0x02,0x00,0x2b,0xfb,0xfe,0xff,0xff,0xfe,0xfa,0x29,0x00,0x02,0x00,0x00,
    0x00,0x00,0x00,0x02,0x00,0xbf,0xff,0xfc,0xfc,0xfe,0xbc,0x00,0x02,0x00,0x00,0x00,0x00,0x00,0x00,0x04,0x00,0x5b,0xff,0xfc,0xfc,0xff,0x59,0x00,0x04,0x00,0x00,0x00,
    0x00,0x00,0x00,0x01,0x00,0x0d,0xe8,0xff,0xff,0xe6,0x0d,0x00,0x01,0x00,0x00,0x00,0x00,0x00,0x00,0x00,0x04,0x00,0x92,0xff,0xff,0x90,0x00,0x04,0x00,0x00,0x00,0x00,
    0x00,0x00,0x00,0x00,0x03,0x00,0x2e,0xff,0xff,0x2e,0x00,0x03,0x00,0x00,0x00,0x00,0x00,0x00,0x00,0x00,0x00,0x02,0x00,0xbb,0xba,0x00,0x02,0x00,0x00,0x00,0x00,0x00,

};

const lv_image_dsc_t emoji_pizza_16 = {
  .header.magic = LV_IMAGE_HEADER_MAGIC,
  .header.cf = LV_COLOR_FORMAT_RGB565A8,
  .header.flags = 0,
  .header.w = 16,
  .header.h = 16,
  .header.stride = 32,
  .data_size = sizeof(emoji_pizza_16_map),
  .data = emoji_pizza_16_map,
};




#ifndef LV_ATTRIBUTE_MEM_ALIGN
#define LV_ATTRIBUTE_MEM_ALIGN
#endif

#ifndef LV_ATTRIBUTE_EMOJI_FOUR_LEAF_CLOVER_16
#define LV_ATTRIBUTE_EMOJI_FOUR_LEAF_CLOVER_16
#endif

static const
LV_ATTRIBUTE_MEM_ALIGN LV_ATTRIBUTE_LARGE_CONST LV_ATTRIBUTE_EMOJI_FOUR_LEAF_CLOVER_16
uint8_t emoji_four_leaf_clover_16_map[] = {

    0x4a,0x55,0xef,0x7f,0x00,0x00,0x8a,0x75,0xeb,0x7d,0x8a,0x75,0x00,0x00,0xef,0x7f,0xef,0x7f,0x00,0x00,0x8a,0x75,0xeb,0x7d,0x8a,0x75,0x00,0x00,0xef,0x7f,0x4a,0x55,
    0x00,0x00,0x00,0x00,0x8a,0x7d,0xcb,0x7d,0x8a,0x75,0x0b,0x86,0x6a,0x75,0x00,0x00,0x00,0x00,0x6a,0x75,0x0b,0x86,0x8a,0x75,0xcb,0x7d,0x8a,0x7d,0x00,0x00,0x00,0x00,
    0x8a,0x75,0xaa,0x7d,0xcb,0x7d,0x8a,0x75,0x8a,0x75,0x8a,0x75,0xeb,0x7d,0xaa,0x75,0xaa,0x75,0xeb,0x7d,0x8a,0x75,0x8a,0x75,0x8a,0x75,0xcb,0x7d,0xaa,0x7d,0x8a,0x75,
    0x8a,0x75,0x4c,0x86,0x8a,0x75,0x8a,0x75,0x8a,0x75,0x8a,0x75,0x0b,0x86,0x8a,0x75,0x8a,0x75,0x0b,0x86,0x8a,0x75,0x8a,0x75,0x8a,0x75,0x8a,0x75,0x4c,0x86,0x8a,0x75,
    0x8a,0x7d,0x8a,0x7d,0x0b,0x86,0x8a,0x7d,0x8a,0x75,0x8a,0x75,0xaa,0x7d,0x8a,0x75,0x8a,0x75,0xaa,0x7d,0x8a,0x75,0x8a,0x75,0x8a,0x7d,0x0b,0x86,0x8a,0x7d,0x8a,0x7d,
    0x00,0x00,0x8b,0x7d,0xab,0x7d,0xaa,0x7d,0xcb,0x7d,0xaa,0x7d,0x8a,0x75,0xaa,0x7d,0xaa,0x7d,0x8a,0x75,0xaa,0x7d,0xcb,0x7d,0xaa,0x7d,0xaa,0x7d,0x8b,0x7d,0x00,0x00,
    0xef,0x7f,0x00,0x00,0x00,0x00,0x69,0x6d,0xaa,0x7d,0xaa,0x7d,0xaa,0x7d,0x8a,0x75,0x8a,0x75,0xaa,0x7d,0xaa,0x7d,0xaa,0x7d,0x69,0x6d,0x00,0x00,0x00,0x00,0xef,0x7f,
    0x00,0x00,0x00,0x00,0x8a,0x75,0xca,0x7d,0xaa,0x7d,0x8a,0x75,0x8a,0x75,0x8a,0x75,0x8a,0x75,0x8a,0x75,0x8a,0x75,0xaa,0x7d,0xca,0x7d,0x8a,0x75,0x00,0x00,0x00,0x00,
    0xc6,0x64,0x8a,0x75,0xeb,0x7d,0xeb,0x7d,0xaa,0x7d,0x8a,0x7d,0x8a,0x75,0x8a,0x7d,0x8a,0x75,0x8a,0x75,0x8a,0x7d,0xaa,0x7d,0xeb,0x7d,0xeb,0x7d,0x8a,0x75,0xc6,0x64,
    0x8a,0x75,0x0b,0x86,0x8a,0x75,0x8a,0x75,0x8a,0x75,0x8a,0x75,0x8a,0x7d,0x8a,0x75,0x8a,0x75,0x8a,0x75,0x8a,0x75,0x8a,0x75,0x8a,0x75,0x8a,0x75,0x0b,0x86,0x8a,0x75,
    0x8a,0x7d,0xcb,0x7d,0xcb,0x7d,0x8a,0x75,0x8a,0x75,0x8a,0x75,0xaa,0x7d,0x8a,0x75,0x8a,0x75,0x8a,0x75,0x8a,0x75,0x8a,0x75,0x8a,0x75,0xcb,0x7d,0xcb,0x7d,0x8a,0x75,
    0x00,0x00,0x6a,0x75,0xaa,0x7d,0xcb,0x7d,0x8a,0x75,0x0b,0x86,0x8a,0x75,0x8a,0x75,0x8a,0x75,0x8a,0x75,0x0b,0x86,0x8a,0x75,0xcb,0x7d,0xaa,0x7d,0x6a,0x75,0x00,0x00,
    0x4a,0x55,0x00,0x00,0xe9,0x6c,0xaa,0x7d,0x0b,0x86,0xaa,0x7d,0x8a,0x7d,0xca,0x75,0x8a,0x75,0x6a,0x75,0x8a,0x7d,0x2b,0x86,0xaa,0x7d,0xe9,0x6c,0x00,0x00,0x4a,0x55,
    0x00,0x00,0x4a,0x55,0x00,0x00,0x8a,0x75,0x0b,0x7e,0x67,0x54,0x00,0x00,0xe0,0x07,0x8a,0x75,0xcb,0x7d,0x4a,0x75,0xeb,0x7d,0x8a,0x75,0x00,0x00,0x4a,0x55,0x00,0x00,
    0x00,0x00,0x00,0x00,0xe0,0x07,0x00,0x00,0x00,0x00,0x00,0x00,0xcc,0x64,0x00,0x00,0x8a,0x75,0x2b,0x86,0x8a,0x7d,0x00,0x00,0x00,0x00,0xef,0x7b,0x00,0x00,0x00,0x00,
    0x00,0x00,0x00,0x00,0x00,0x00,0xef,0x7f,0xe7,0x7d,0xe0,0x07,0x00,0x00,0xef,0x7b,0xe0,0x07,0x6a,0x75,0x8a,0x7d,0x8b,0x7d,0x4a,0x55,0xe0,0xff,0x00,0x00,0x00,0x00,
    0x03,0x02,0x00,0xbd,0xfa,0x8e,0x00,0x02,0x02,0x00,0x8e,0xfa,0xbd,0x00,0x02,0x03,0x00,0x00,0x70,0xff,0xfb,0xff,0x8e,0x00,0x00,0x8e,0xff,0xfb,0xff,0x70,0x00,0x00,
    0x37,0xbf,0xff,0xfd,0xfe,0xfc,0xff,0x29,0x29,0xff,0xfc,0xfe,0xfd,0xff,0xbf,0x37,0x9a,0xff,0xf7,0xfe,0xff,0xfb,0xfe,0x8d,0x8d,0xfe,0xfb,0xff,0xfe,0xf7,0xff,0x9a,
    0x24,0xd8,0xff,0xff,0xfd,0xfd,0xff,0xe9,0xe9,0xff,0xfd,0xfd,0xff,0xff,0xd8,0x24,0x00,0x17,0x9f,0xf2,0xff,0xff,0xff,0xff,0xff,0xff,0xff,0xff,0xf2,0x9f,0x17,0x00,
    0x02,0x00,0x00,0x10,0x70,0xda,0xfe,0xfd,0xfd,0xfe,0xda,0x70,0x10,0x00,0x00,0x02,0x00,0x00,0x4d,0xa9,0xdd,0xf7,0xff,0xfe,0xff,0xff,0xf7,0xdd,0xa9,0x4d,0x00,0x00,
    0x05,0x98,0xff,0xff,0xff,0xff,0xff,0xff,0xff,0xff,0xff,0xff,0xff,0xff,0x98,0x05,0x81,0xff,0xf8,0xfc,0xfe,0xfe,0xfe,0xf8,0xfe,0xff,0xff,0xfe,0xfc,0xf8,0xff,0x80,
    0x6a,0xf8,0xff,0xfd,0xff,0xfc,0xff,0xa6,0xdc,0xfe,0xfd,0xff,0xfd,0xff,0xf8,0x6b,0x00,0x29,0xb6,0xff,0xf7,0xff,0xbd,0x3f,0xd4,0xc6,0xff,0xf8,0xff,0xb6,0x29,0x00,
    0x03,0x00,0x10,0xe9,0xff,0xce,0x1b,0x0f,0xfb,0x78,0xbd,0xff,0xe9,0x10,0x00,0x03,0x00,0x03,0x00,0x2a,0x52,0x09,0x00,0x01,0xcb,0xe3,0x1b,0x50,0x2b,0x00,0x03,0x00,
    0x00,0x00,0x01,0x00,0x00,0x00,0x05,0x00,0x51,0xff,0xd0,0x00,0x00,0x02,0x00,0x00,0x00,0x00,0x00,0x02,0x04,0x01,0x00,0x02,0x01,0xb1,0xee,0x17,0x03,0x01,0x00,0x00,

};

const lv_image_dsc_t emoji_four_leaf_clover_16 = {
  .header.magic = LV_IMAGE_HEADER_MAGIC,
  .header.cf = LV_COLOR_FORMAT_RGB565A8,
  .header.flags = 0,
  .header.w = 16,
  .header.h = 16,
  .header.stride = 32,
  .data_size = sizeof(emoji_four_leaf_clover_16_map),
  .data = emoji_four_leaf_clover_16_map,
};




#ifndef LV_ATTRIBUTE_MEM_ALIGN
#define LV_ATTRIBUTE_MEM_ALIGN
#endif

#ifndef LV_ATTRIBUTE_EMOJI_CLOUD_16
#define LV_ATTRIBUTE_EMOJI_CLOUD_16
#endif

static const
LV_ATTRIBUTE_MEM_ALIGN LV_ATTRIBUTE_LARGE_CONST LV_ATTRIBUTE_EMOJI_CLOUD_16
uint8_t emoji_cloud_16_map[] = {

    0x00,0x00,0x00,0x00,0x00,0x00,0xff,0xff,0xf7,0xbd,0xff,0xbd,0x00,0x00,0x59,0xb6,0x5e,0xe7,0x55,0xad,0x00,0x00,0xff,0xff,0x00,0x00,0x00,0x00,0x00,0x00,0x00,0x00,
    0x00,0x00,0x00,0x00,0xef,0x7b,0x00,0x00,0x00,0x00,0x00,0x00,0xbb,0xce,0xfc,0xd6,0xdc,0xd6,0xfc,0xd6,0xdb,0xce,0xff,0xff,0xba,0xd6,0xef,0x7b,0x00,0x00,0x00,0x00,
    0x00,0x00,0xff,0xff,0x00,0x00,0x38,0xbe,0xfc,0xd6,0xbb,0xce,0xbb,0xce,0x1d,0xd7,0xbb,0xce,0x3d,0xdf,0xbb,0xce,0x00,0x00,0x00,0x00,0x00,0x00,0xff,0xff,0x00,0x00,
    0xff,0xff,0xff,0xff,0x9b,0xce,0xfc,0xd6,0x3d,0xdf,0x1d,0xd7,0xbb,0xce,0xbb,0xce,0xbb,0xce,0xbb,0xce,0xbb,0xce,0xbb,0xce,0xfc,0xd6,0x3a,0xc6,0x00,0x00,0xff,0xff,
    0xff,0xff,0x00,0x00,0xbb,0xce,0x5e,0xdf,0xbb,0xce,0xbb,0xce,0xbb,0xce,0xbb,0xce,0xbb,0xce,0xbb,0xce,0xbb,0xce,0x1d,0xdf,0x3d,0xdf,0xfc,0xd6,0xbb,0xce,0x00,0x00,
    0xff,0xff,0xff,0xaf,0xbb,0xce,0x1c,0xd7,0xbb,0xce,0xdb,0xce,0x1c,0xdf,0x1d,0xdf,0xfc,0xd6,0xbb,0xce,0xbb,0xce,0xbb,0xce,0xbb,0xce,0x1d,0xd7,0xbb,0xce,0x9a,0xd6,
    0xff,0xcf,0x00,0x00,0x9b,0xce,0x3d,0xdf,0xdb,0xce,0x3d,0xdf,0x5d,0xe7,0x5d,0xe7,0x5d,0xe7,0x1c,0xdf,0xbb,0xce,0xbb,0xce,0xbb,0xce,0xbb,0xce,0xbb,0xce,0x9b,0xce,
    0x00,0x00,0x3d,0xdf,0x7e,0xef,0x5d,0xe7,0x3d,0xdf,0x5d,0xe7,0x5d,0xe7,0x5d,0xe7,0x5d,0xe7,0x5d,0xe7,0x3d,0xdf,0x3d,0xdf,0xfc,0xd6,0xdc,0xd6,0xbb,0xce,0x9b,0xc6,
    0x5d,0xe7,0x7e,0xef,0xbf,0xef,0x3d,0xe7,0x5d,0xe7,0x5d,0xe7,0x5d,0xe7,0x5d,0xe7,0x5d,0xe7,0x5d,0xe7,0x5d,0xe7,0x5d,0xe7,0x5d,0xe7,0x3d,0xdf,0x9b,0xce,0x00,0x00,
    0x3d,0xe7,0x7e,0xe7,0x3d,0xe7,0x5d,0xe7,0x5d,0xe7,0x5d,0xe7,0x5d,0xe7,0x5d,0xe7,0x5d,0xe7,0x5d,0xe7,0x5d,0xe7,0x3d,0xe7,0x7e,0xef,0x3d,0xdf,0x1d,0xdf,0x00,0x00,
    0x5d,0xe7,0x3d,0xdf,0x5d,0xe7,0x5d,0xe7,0x5d,0xe7,0x5d,0xe7,0x5d,0xe7,0x5d,0xe7,0x5d,0xe7,0x5d,0xe7,0x5d,0xe7,0x5d,0xe7,0x3d,0xe7,0x5d,0xe7,0x7e,0xef,0x3d,0xe7,
    0x5d,0xe7,0x5e,0xe7,0x3d,0xe7,0x5d,0xe7,0x5d,0xe7,0x5d,0xe7,0x5d,0xe7,0x5d,0xe7,0x5d,0xe7,0x5d,0xe7,0x5d,0xe7,0x5d,0xe7,0x5d,0xe7,0x5d,0xe7,0x5e,0xe7,0x5d,0xe7,
    0x5d,0xe7,0xff,0xf7,0x5d,0xe7,0x3d,0xe7,0x3d,0xe7,0x3d,0xe7,0x3d,0xe7,0x3d,0xe7,0x3d,0xe7,0x3d,0xe7,0x3d,0xe7,0x3d,0xe7,0x3d,0xe7,0x3d,0xdf,0x5e,0xe7,0x5d,0xe7,
    0xff,0xff,0x5d,0xe7,0x9e,0xef,0x9e,0xef,0x9e,0xef,0x9e,0xef,0x9e,0xef,0x9e,0xef,0x9e,0xef,0x9e,0xef,0x9e,0xef,0x9e,0xef,0x9e,0xef,0x9e,0xef,0x7e,0xef,0x5d,0xe7,
    0x00,0x00,0x00,0x00,0x7d,0xe7,0x9e,0xef,0x5d,0xe7,0x5d,0xe7,0x5d,0xe7,0x5d,0xe7,0x5d,0xe7,0x5d,0xe7,0x5d,0xe7,0x5d,0xe7,0x3d,0xe7,0xbf,0xef,0x1d,0xdf,0x00,0x00,
    0x00,0x00,0xff,0xff,0x00,0x00,0x00,0x00,0x00,0x00,0x00,0x00,0x00,0x00,0x00,0x00,0x00,0x00,0x00,0x00,0x00,0x00,0x00,0x00,0x00,0x00,0x00,0x00,0x00,0x00,0xff,0xff,
    0x00,0x00,0x00,0x01,0x04,0x04,0x00,0x0e,0x27,0x09,0x00,0x01,0x00,0x00,0x00,0x00,0x00,0x00,0x02,0x00,0x00,0x00,0x50,0xde,0xf6,0xd6,0x3c,0x02,0x06,0x02,0x00,0x00,
    0x00,0x01,0x00,0x12,0x51,0x58,0xf4,0xff,0xfd,0xff,0xe3,0x00,0x00,0x00,0x02,0x00,0x02,0x01,0x29,0xde,0xff,0xff,0xff,0xfd,0xfe,0xfd,0xfe,0x83,0x6a,0x25,0x00,0x01,
    0x03,0x00,0xab,0xff,0xf8,0xfc,0xfe,0xff,0xff,0xff,0xfe,0xff,0xff,0xf3,0x4a,0x00,0x02,0x03,0xcd,0xfd,0xfc,0xff,0xff,0xff,0xff,0xff,0xff,0xfc,0xf9,0xff,0xde,0x0b,
    0x05,0x00,0x7c,0xff,0xfb,0xff,0xff,0xff,0xff,0xff,0xff,0xff,0xfe,0xfe,0xfa,0x29,0x00,0x48,0xc1,0xfe,0xfe,0xff,0xff,0xff,0xff,0xff,0xff,0xff,0xfe,0xff,0xf3,0x17,
    0x53,0xff,0xff,0xfe,0xff,0xff,0xff,0xff,0xff,0xff,0xff,0xff,0xfc,0xfe,0x7b,0x00,0xe1,0xff,0xfb,0xff,0xff,0xff,0xff,0xff,0xff,0xff,0xff,0xfd,0xfe,0xb3,0x25,0x00,
    0xff,0xfe,0xff,0xff,0xff,0xff,0xff,0xff,0xff,0xff,0xff,0xff,0xfe,0xf9,0xf9,0x76,0xf5,0xfc,0xfe,0xff,0xff,0xff,0xff,0xff,0xff,0xff,0xff,0xff,0xff,0xff,0xff,0xfd,
    0x8b,0xff,0xff,0xfd,0xfd,0xfd,0xfd,0xfd,0xfd,0xfd,0xfd,0xfd,0xfd,0xfd,0xff,0xfd,0x05,0x93,0xf8,0xff,0xff,0xff,0xff,0xff,0xff,0xff,0xff,0xff,0xff,0xff,0xfa,0x76,
    0x00,0x00,0x21,0x3a,0x3a,0x3a,0x3a,0x3a,0x3a,0x3a,0x3a,0x3a,0x3a,0x3a,0x25,0x00,0x01,0x02,0x00,0x00,0x00,0x00,0x00,0x00,0x00,0x00,0x00,0x00,0x00,0x00,0x00,0x02,

};

const lv_image_dsc_t emoji_cloud_16 = {
  .header.magic = LV_IMAGE_HEADER_MAGIC,
  .header.cf = LV_COLOR_FORMAT_RGB565A8,
  .header.flags = 0,
  .header.w = 16,
  .header.h = 16,
  .header.stride = 32,
  .data_size = sizeof(emoji_cloud_16_map),
  .data = emoji_cloud_16_map,
};




#ifndef LV_ATTRIBUTE_MEM_ALIGN
#define LV_ATTRIBUTE_MEM_ALIGN
#endif

#ifndef LV_ATTRIBUTE_EMOJI_ROCKET_16
#define LV_ATTRIBUTE_EMOJI_ROCKET_16
#endif

static const
LV_ATTRIBUTE_MEM_ALIGN LV_ATTRIBUTE_LARGE_CONST LV_ATTRIBUTE_EMOJI_ROCKET_16
uint8_t emoji_rocket_16_map[] = {

    0x00,0x00,0x00,0x00,0x00,0x00,0x00,0x00,0x00,0x00,0x00,0x00,0x00,0x00,0x00,0x00,0x5f,0x55,0x00,0x00,0x00,0x00,0x72,0x23,0x5d,0x55,0x7d,0x55,0x7d,0x55,0x7d,0x55,
    0x00,0x00,0x00,0x00,0x00,0x00,0x00,0x00,0x00,0x00,0x00,0x00,0x1f,0x00,0x5f,0x55,0x00,0x00,0x78,0x3c,0xff,0x5d,0xdf,0x5d,0xdf,0x5d,0xdf,0x5d,0x9f,0x5d,0x7d,0x55,
    0x00,0x00,0x00,0x00,0x00,0x00,0x00,0x78,0x00,0xb8,0xef,0x79,0x00,0x00,0x00,0x00,0x5d,0x55,0xbf,0x5d,0xda,0x4c,0x88,0x19,0x47,0x11,0x99,0x4c,0xdf,0x5d,0x5d,0x55,
    0x00,0x00,0x00,0x00,0x00,0xa8,0x00,0x00,0x00,0x00,0x00,0x00,0x9b,0x6c,0x7e,0x55,0xbf,0x5d,0x9e,0x5d,0x99,0x4c,0xf5,0x3b,0xc4,0x08,0x26,0x11,0xdf,0x5d,0x3c,0x55,
    0x00,0x00,0x00,0xb8,0x00,0x00,0x44,0x98,0x02,0xa8,0x08,0x91,0x9e,0x55,0xdf,0x5d,0x5d,0x55,0x9e,0x55,0x9e,0x55,0x1f,0x66,0xd5,0x3b,0x68,0x11,0xbf,0x5d,0x9b,0x4c,
    0x00,0x00,0x00,0x00,0x23,0x98,0x23,0xa0,0x23,0xa8,0x38,0x74,0xdf,0x55,0x3d,0x55,0xdf,0x4d,0xba,0x5c,0xda,0x5c,0x9e,0x55,0x99,0x4c,0xda,0x4c,0xdf,0x5d,0x00,0x00,
    0x03,0x98,0x23,0xa0,0x24,0xa0,0x02,0xa0,0x4e,0x7a,0xdf,0x4d,0x5d,0x55,0xbf,0x55,0x32,0x73,0x86,0x98,0xba,0x5c,0x9e,0x55,0xbf,0x5d,0x9e,0x55,0x78,0x54,0xff,0x7b,
    0x23,0xa0,0x23,0xa0,0x23,0xa0,0x23,0xa8,0x37,0x64,0xdf,0x4d,0x3c,0x5d,0x0c,0x82,0x00,0xa8,0x32,0x73,0xdf,0x4d,0x5d,0x55,0xbf,0x5d,0x3c,0x55,0x00,0x00,0x5f,0x55,
    0x00,0x00,0x00,0x00,0x02,0x98,0x67,0x88,0x7e,0x55,0xba,0x5c,0x07,0x91,0x00,0xa8,0xec,0x81,0xbf,0x55,0x3d,0x55,0xdf,0x5d,0x5d,0x55,0x00,0x00,0x5f,0x55,0x00,0x00,
    0xe0,0xff,0x00,0x00,0x00,0x00,0x15,0xbf,0xf6,0x6b,0x64,0x98,0x01,0xa0,0xe7,0x90,0x3c,0x5d,0x5d,0x55,0xdf,0x55,0x7e,0x55,0x9f,0x4c,0x5f,0x55,0xff,0x07,0x00,0x00,
    0x00,0x00,0xe5,0xfc,0xe7,0xfd,0x28,0xf5,0x23,0xa0,0x02,0xa0,0x64,0x98,0xba,0x5c,0xdf,0x4d,0xdf,0x4d,0x38,0x74,0x07,0x91,0x00,0x00,0xef,0x79,0x00,0x00,0x00,0x00,
    0xe7,0xfd,0x26,0xfd,0x09,0xff,0x87,0xd3,0x02,0x90,0x23,0xa0,0xf5,0x6b,0x7e,0x55,0x37,0x64,0x4e,0x7a,0x23,0xa8,0x02,0xa0,0xff,0x07,0x07,0xb8,0x00,0x00,0x00,0x00,
    0x66,0xfd,0x46,0xfd,0x48,0xfe,0x28,0xed,0xa7,0xd3,0x28,0xed,0xf4,0xbe,0xc7,0x88,0x03,0xa8,0x02,0xa0,0x23,0xa0,0x44,0x98,0x00,0x00,0x00,0x78,0x00,0x00,0x00,0x00,
    0x66,0xfd,0xa6,0xfd,0x66,0xfd,0x48,0xfe,0x09,0xff,0xc6,0xfd,0x00,0x00,0x00,0xb0,0x23,0xa0,0x24,0xa0,0x23,0x98,0x00,0x00,0x00,0x50,0x00,0x00,0x00,0x00,0x00,0x00,
    0x66,0xfd,0xe7,0xfd,0x86,0xfd,0x46,0xfd,0x46,0xfd,0xe5,0xfc,0xb5,0x52,0x00,0x00,0x23,0x98,0x23,0x98,0x00,0x00,0x00,0xb8,0x00,0x00,0x00,0x00,0x00,0x00,0x00,0x00,
    0x46,0xfd,0x86,0xfd,0x46,0xfd,0x66,0xfd,0x00,0x00,0x00,0x00,0xe0,0x7b,0x00,0x00,0x23,0xa0,0x00,0x00,0x00,0x78,0x00,0x00,0x00,0x00,0x00,0x00,0x00,0x00,0x00,0x00,
    0x00,0x00,0x00,0x00,0x00,0x00,0x00,0x00,0x03,0x00,0x00,0x07,0x50,0xa1,0xde,0xfa,0x00,0x00,0x00,0x00,0x00,0x00,0x01,0x03,0x00,0x09,0x6a,0xd2,0xff,0xff,0xff,0xdf,
    0x00,0x00,0x00,0x02,0x04,0x04,0x00,0x00,0x4d,0xd4,0xff,0xff,0xfe,0xf9,0xfd,0xa1,0x00,0x00,0x03,0x00,0x00,0x00,0x07,0x94,0xff,0xff,0xfb,0xfd,0xff,0xfd,0xff,0x4d,
    0x00,0x04,0x00,0x39,0x8f,0x7b,0xc5,0xff,0xfd,0xfd,0xff,0xff,0xfd,0xfe,0xd7,0x07,0x00,0x00,0x52,0xf5,0xff,0xff,0xff,0xfc,0xff,0xff,0xff,0xff,0xfb,0xff,0x68,0x00,
    0x08,0x78,0xff,0xfc,0xfa,0xfb,0xfd,0xff,0xff,0xff,0xff,0xfd,0xfe,0xda,0x09,0x02,0x34,0xc3,0xf6,0xff,0xff,0xff,0xff,0xff,0xff,0xff,0xff,0xfb,0xff,0x49,0x00,0x03,
    0x00,0x00,0x20,0x87,0xfd,0xfe,0xff,0xff,0xff,0xff,0xfc,0xff,0x96,0x00,0x03,0x00,0x01,0x00,0x00,0x4e,0xfc,0xfe,0xfe,0xff,0xff,0xfd,0xff,0xc4,0x07,0x03,0x01,0x00,
    0x00,0x31,0xd5,0xff,0xfe,0xff,0xff,0xfe,0xff,0xfb,0xfe,0x75,0x00,0x04,0x00,0x00,0x04,0xce,0xff,0xfb,0xff,0xfe,0xff,0xff,0xff,0xfa,0xff,0x95,0x01,0x04,0x00,0x00,
    0x3c,0xfe,0xfc,0xfe,0xfb,0xff,0x50,0x89,0xff,0xfb,0xf6,0x3b,0x01,0x02,0x00,0x00,0x72,0xfc,0xfa,0xfd,0xff,0xda,0x00,0x18,0xf8,0xff,0x51,0x00,0x03,0x00,0x00,0x00,
    0x9d,0xff,0xff,0xfd,0xc4,0x2c,0x03,0x00,0xc7,0x78,0x00,0x04,0x00,0x00,0x00,0x00,0x62,0x94,0x6b,0x39,0x00,0x00,0x02,0x01,0x32,0x00,0x02,0x00,0x00,0x00,0x00,0x00,

};

const lv_image_dsc_t emoji_rocket_16 = {
  .header.magic = LV_IMAGE_HEADER_MAGIC,
  .header.cf = LV_COLOR_FORMAT_RGB565A8,
  .header.flags = 0,
  .header.w = 16,
  .header.h = 16,
  .header.stride = 32,
  .data_size = sizeof(emoji_rocket_16_map),
  .data = emoji_rocket_16_map,
};




#ifndef LV_ATTRIBUTE_MEM_ALIGN
#define LV_ATTRIBUTE_MEM_ALIGN
#endif

#ifndef LV_ATTRIBUTE_EMOJI_PASSPORT_CONTROL_16
#define LV_ATTRIBUTE_EMOJI_PASSPORT_CONTROL_16
#endif

static const
LV_ATTRIBUTE_MEM_ALIGN LV_ATTRIBUTE_LARGE_CONST LV_ATTRIBUTE_EMOJI_PASSPORT_CONTROL_16
uint8_t emoji_passport_control_16_map[] = {

    0x33,0x23,0x53,0x23,0x33,0x23,0xf2,0x12,0xd2,0x0a,0xf2,0x12,0x33,0x23,0x33,0x23,0x33,0x23,0x33,0x23,0x33,0x23,0x33,0x23,0x33,0x23,0x33,0x23,0x53,0x23,0x33,0x23,
    0x33,0x23,0x12,0x1b,0x53,0x23,0x96,0x64,0xfa,0x9d,0x99,0x8d,0x12,0x1b,0x33,0x23,0x12,0x1b,0x12,0x1b,0x12,0x1b,0x12,0x1b,0x12,0x1b,0xf2,0x1a,0x33,0x23,0x33,0x23,
    0x12,0x1b,0x35,0x4c,0x76,0x5c,0xf7,0x74,0x5b,0xb6,0xdc,0xc6,0x12,0x1b,0x73,0x2b,0x9c,0xbe,0xfd,0xce,0xdc,0xce,0xdc,0xce,0xdc,0xce,0xfd,0xce,0xf5,0x43,0x12,0x1b,
    0xd2,0x12,0x7b,0xb6,0xff,0xff,0xbc,0xc6,0xf5,0x43,0xf7,0x74,0x53,0x23,0xfa,0xa5,0xbf,0xf7,0x9e,0xef,0x9e,0xef,0x9e,0xef,0x9e,0xef,0x9e,0xef,0xd4,0x43,0x12,0x1b,
    0xf2,0x12,0x3a,0xae,0xff,0xff,0xff,0xff,0x58,0x85,0xf7,0x74,0x73,0x2b,0x73,0x2b,0xd4,0x43,0x15,0x4c,0x15,0x4c,0x15,0x4c,0x35,0x4c,0xf5,0x43,0x33,0x1b,0x33,0x23,
    0xf2,0x12,0x3b,0xae,0xff,0xff,0xdf,0xff,0x38,0x7d,0x35,0x54,0x73,0x2b,0xd2,0x0a,0x79,0x8d,0xff,0xff,0x9e,0xef,0x9e,0xef,0xff,0xff,0x7b,0xbe,0xf2,0x1a,0x53,0x23,
    0xf2,0x12,0x1a,0xa6,0xff,0xff,0xff,0xff,0x78,0x85,0xd2,0x0a,0x53,0x23,0x12,0x1b,0xd4,0x3b,0x7e,0xe7,0xff,0xff,0xff,0xff,0xff,0xff,0x76,0x5c,0x12,0x1b,0x53,0x23,
    0x33,0x1b,0x94,0x33,0xf7,0x6c,0x3a,0xae,0x96,0x5c,0x12,0x1b,0x53,0x23,0x53,0x2b,0xd2,0x12,0x53,0x2b,0x38,0x7d,0x58,0x85,0x35,0x4c,0xf2,0x1a,0x33,0x23,0x33,0x23,
    0x33,0x23,0x32,0x1b,0xd2,0x0a,0xd7,0x6c,0xf7,0x74,0xd2,0x12,0xf2,0x12,0xd2,0x0a,0x35,0x4c,0xb9,0x95,0x58,0x85,0x99,0x95,0x73,0x2b,0x12,0x1b,0x53,0x23,0x33,0x23,
    0x33,0x23,0x33,0x23,0x33,0x23,0x5e,0xe7,0xff,0xff,0xb9,0x95,0x56,0x54,0x18,0x75,0x7e,0xe7,0xff,0xff,0xff,0xff,0x79,0x85,0x94,0x33,0xb9,0x9d,0x33,0x23,0x33,0x23,
    0x33,0x23,0x33,0x23,0x12,0x1b,0x35,0x54,0x5e,0xe7,0xff,0xff,0xff,0xff,0xff,0xff,0xff,0xff,0xff,0xff,0xf7,0x74,0xd2,0x12,0x1d,0xd7,0x1d,0xd7,0xf2,0x1a,0x33,0x23,
    0x33,0x23,0x33,0x23,0x33,0x23,0xf2,0x1a,0x93,0x33,0x18,0x7d,0xda,0x9d,0x18,0x7d,0x9c,0xbe,0x58,0x85,0xf2,0x12,0xdc,0xce,0xff,0xff,0xbc,0xc6,0x12,0x1b,0x33,0x23,
    0x33,0x23,0x33,0x23,0x33,0x23,0x53,0x23,0x32,0x1b,0xf2,0x12,0xd2,0x12,0xd2,0x12,0x73,0x2b,0x53,0x23,0xdc,0xce,0xff,0xff,0xff,0xff,0xbc,0xc6,0x12,0x1b,0x33,0x23,
    0x33,0x23,0x33,0x23,0x33,0x23,0x33,0x23,0x33,0x23,0x53,0x23,0x53,0x23,0x33,0x23,0x73,0x2b,0xfc,0xce,0xff,0xff,0xbf,0xf7,0xff,0xff,0xdc,0xce,0x12,0x1b,0x33,0x23,
    0x33,0x23,0x33,0x23,0x33,0x23,0x33,0x23,0x33,0x23,0x33,0x23,0x53,0x23,0xf2,0x12,0x38,0x85,0xff,0xff,0x9e,0xef,0x9e,0xef,0xff,0xff,0x3b,0xae,0x12,0x1b,0x53,0x23,
    0x33,0x23,0x53,0x23,0x33,0x23,0x33,0x23,0x33,0x23,0x33,0x23,0x33,0x23,0x33,0x23,0x53,0x23,0xd4,0x43,0xf5,0x43,0xf5,0x43,0xf5,0x43,0x73,0x2b,0x33,0x23,0x33,0x23,
    0x86,0xf8,0xfd,0xff,0xff,0xff,0xff,0xff,0xff,0xff,0xff,0xff,0xff,0xfd,0xf8,0x86,0xff,0xff,0xff,0xff,0xff,0xff,0xff,0xff,0xff,0xff,0xff,0xff,0xff,0xff,0xff,0xff,
    0xff,0xff,0xff,0xff,0xff,0xff,0xff,0xff,0xff,0xff,0xff,0xff,0xff,0xff,0xff,0xff,0xff,0xff,0xff,0xff,0xff,0xff,0xff,0xff,0xff,0xff,0xff,0xff,0xff,0xff,0xff,0xff,
    0xff,0xff,0xff,0xff,0xff,0xff,0xff,0xff,0xff,0xff,0xff,0xff,0xff,0xff,0xff,0xff,0xff,0xff,0xff,0xff,0xff,0xff,0xff,0xff,0xff,0xff,0xff,0xff,0xff,0xff,0xff,0xff,
    0xff,0xff,0xff,0xff,0xff,0xff,0xff,0xff,0xff,0xff,0xff,0xff,0xff,0xff,0xff,0xff,0xff,0xff,0xff,0xff,0xff,0xff,0xff,0xff,0xff,0xff,0xff,0xff,0xff,0xff,0xff,0xff,
    0xff,0xff,0xff,0xff,0xff,0xff,0xff,0xff,0xff,0xff,0xff,0xff,0xff,0xff,0xff,0xff,0xff,0xff,0xff,0xff,0xff,0xff,0xff,0xff,0xff,0xff,0xff,0xff,0xff,0xff,0xff,0xff,
    0xff,0xff,0xff,0xff,0xff,0xff,0xff,0xff,0xff,0xff,0xff,0xff,0xff,0xff,0xff,0xff,0xff,0xff,0xff,0xff,0xff,0xff,0xff,0xff,0xff,0xff,0xff,0xff,0xff,0xff,0xff,0xff,
    0xff,0xff,0xff,0xff,0xff,0xff,0xff,0xff,0xff,0xff,0xff,0xff,0xff,0xff,0xff,0xff,0xff,0xff,0xff,0xff,0xff,0xff,0xff,0xff,0xff,0xff,0xff,0xff,0xff,0xff,0xff,0xff,
    0xff,0xff,0xff,0xff,0xff,0xff,0xff,0xff,0xff,0xff,0xff,0xff,0xff,0xff,0xff,0xff,0x86,0xf8,0xfd,0xff,0xff,0xff,0xff,0xff,0xff,0xff,0xff,0xff,0xff,0xfd,0xf8,0x86,

};

const lv_image_dsc_t emoji_passport_control_16 = {
  .header.magic = LV_IMAGE_HEADER_MAGIC,
  .header.cf = LV_COLOR_FORMAT_RGB565A8,
  .header.flags = 0,
  .header.w = 16,
  .header.h = 16,
  .header.stride = 32,
  .data_size = sizeof(emoji_passport_control_16_map),
  .data = emoji_passport_control_16_map,
};




#ifndef LV_ATTRIBUTE_MEM_ALIGN
#define LV_ATTRIBUTE_MEM_ALIGN
#endif

#ifndef LV_ATTRIBUTE_EMOJI_EIGHT_SPOKED_ASTERISK_16
#define LV_ATTRIBUTE_EMOJI_EIGHT_SPOKED_ASTERISK_16
#endif

static const
LV_ATTRIBUTE_MEM_ALIGN LV_ATTRIBUTE_LARGE_CONST LV_ATTRIBUTE_EMOJI_EIGHT_SPOKED_ASTERISK_16
uint8_t emoji_eight_spoked_asterisk_16_map[] = {

    0x8a,0x75,0xca,0x7d,0x8a,0x7d,0x8b,0x7d,0x8a,0x7d,0x8a,0x75,0x8a,0x75,0xcc,0x85,0xcc,0x85,0x8a,0x75,0x8a,0x75,0x8a,0x7d,0x8b,0x7d,0x8a,0x7d,0xca,0x7d,0x8a,0x75,
    0x8a,0x75,0xaa,0x7d,0x8a,0x75,0x69,0x6d,0x8a,0x75,0x8a,0x7d,0x8a,0x75,0x9b,0xe7,0x9b,0xe7,0x8a,0x75,0x8a,0x7d,0x8a,0x75,0x69,0x6d,0x8a,0x75,0xaa,0x7d,0x8a,0x75,
    0x8a,0x7d,0x8a,0x75,0xed,0x8d,0xb4,0xb6,0xab,0x7d,0x69,0x75,0x8b,0x7d,0xde,0xf7,0xde,0xf7,0x8b,0x7d,0x69,0x75,0xab,0x7d,0xb4,0xb6,0xed,0x8d,0x8a,0x75,0x8a,0x7d,
    0x8b,0x7d,0x69,0x6d,0xb4,0xb6,0xff,0xff,0x5a,0xdf,0x8a,0x7d,0x8a,0x75,0xbd,0xf7,0xbd,0xf7,0x8a,0x75,0x8a,0x7d,0x5a,0xdf,0xff,0xff,0xb4,0xb6,0x69,0x6d,0x8b,0x7d,
    0x8a,0x75,0x8a,0x75,0xab,0x7d,0x5a,0xdf,0xff,0xff,0x5a,0xdf,0x8a,0x7d,0xbd,0xef,0xbd,0xef,0x8a,0x7d,0x5a,0xdf,0xff,0xff,0x5a,0xdf,0xab,0x7d,0x8a,0x75,0x8a,0x75,
    0x8a,0x75,0x8a,0x7d,0x8a,0x75,0x8a,0x7d,0x5a,0xdf,0xff,0xff,0x5a,0xdf,0xbd,0xf7,0xbd,0xf7,0x5a,0xdf,0xff,0xff,0x5a,0xdf,0x8a,0x7d,0x8a,0x75,0x8a,0x7d,0x8a,0x75,
    0x8a,0x75,0x8a,0x75,0x8a,0x7d,0x8a,0x75,0x8a,0x7d,0x5a,0xdf,0xff,0xff,0xff,0xff,0xff,0xff,0xff,0xff,0x5a,0xdf,0x8a,0x7d,0x8a,0x75,0x8a,0x7d,0x8a,0x75,0x8a,0x75,
    0xcc,0x85,0x9b,0xe7,0xbd,0xf7,0xbd,0xf7,0xbd,0xef,0xdd,0xf7,0xff,0xff,0xff,0xff,0xff,0xff,0xff,0xff,0xdd,0xf7,0xbd,0xef,0xbd,0xf7,0xbd,0xf7,0x9b,0xe7,0xcc,0x85,
    0xcc,0x85,0x9b,0xe7,0xbd,0xf7,0xbd,0xf7,0xbd,0xef,0xdd,0xf7,0xff,0xff,0xff,0xff,0xff,0xff,0xff,0xff,0xbd,0xf7,0xbd,0xef,0xbd,0xf7,0xbd,0xf7,0x9b,0xe7,0xcc,0x85,
    0x8a,0x75,0x8a,0x75,0x8a,0x7d,0x8a,0x75,0x8a,0x7d,0x5a,0xdf,0xff,0xff,0xff,0xff,0xff,0xff,0xff,0xff,0x5a,0xdf,0x8a,0x7d,0x8a,0x75,0x8a,0x7d,0x8a,0x75,0x8a,0x75,
    0x8a,0x75,0x8a,0x7d,0x8a,0x75,0x8a,0x7d,0x5a,0xdf,0xff,0xff,0x5a,0xdf,0xbd,0xf7,0xbd,0xf7,0x5a,0xdf,0xff,0xff,0x5a,0xdf,0x8a,0x7d,0x8a,0x75,0x8a,0x7d,0x8a,0x75,
    0x8a,0x75,0x8a,0x75,0xab,0x7d,0x5a,0xdf,0xff,0xff,0x5a,0xdf,0x8a,0x7d,0xbd,0xef,0xbd,0xef,0x8a,0x7d,0x5a,0xdf,0xff,0xff,0x5a,0xdf,0xab,0x7d,0x8a,0x75,0x8a,0x75,
    0x8b,0x7d,0x69,0x6d,0xb4,0xb6,0xff,0xff,0x5a,0xdf,0x8a,0x7d,0x8a,0x75,0xbd,0xf7,0xbd,0xf7,0x8a,0x75,0x8a,0x7d,0x5a,0xdf,0xff,0xff,0xb4,0xb6,0x69,0x6d,0x8b,0x7d,
    0x8a,0x7d,0x8a,0x75,0xed,0x8d,0xb4,0xb6,0xab,0x7d,0x69,0x75,0x8b,0x7d,0xde,0xf7,0xde,0xf7,0x8b,0x7d,0x69,0x75,0xab,0x7d,0xb4,0xb6,0xed,0x8d,0x8a,0x75,0x8a,0x7d,
    0x8a,0x75,0xaa,0x7d,0x8a,0x75,0x69,0x6d,0x8a,0x75,0x8a,0x7d,0x8a,0x75,0x9b,0xe7,0x9b,0xe7,0x8a,0x75,0x8a,0x7d,0x8a,0x75,0x69,0x6d,0x8a,0x75,0xaa,0x7d,0x8a,0x75,
    0x8a,0x75,0xca,0x7d,0x8a,0x7d,0x8b,0x7d,0x8a,0x7d,0x8a,0x75,0x8a,0x75,0xcc,0x85,0xcc,0x85,0x8a,0x75,0x8a,0x75,0x8a,0x7d,0x8b,0x7d,0x8a,0x7d,0xca,0x7d,0x8a,0x75,
    0x86,0xf8,0xfd,0xff,0xff,0xff,0xff,0xff,0xff,0xff,0xff,0xff,0xff,0xfd,0xf8,0x86,0xff,0xff,0xff,0xff,0xff,0xff,0xff,0xff,0xff,0xff,0xff,0xff,0xff,0xff,0xff,0xff,
    0xff,0xff,0xff,0xff,0xff,0xff,0xff,0xff,0xff,0xff,0xff,0xff,0xff,0xff,0xff,0xff,0xff,0xff,0xff,0xff,0xff,0xff,0xff,0xff,0xff,0xff,0xff,0xff,0xff,0xff,0xff,0xff,
    0xff,0xff,0xff,0xff,0xff,0xff,0xff,0xff,0xff,0xff,0xff,0xff,0xff,0xff,0xff,0xff,0xff,0xff,0xff,0xff,0xff,0xff,0xff,0xff,0xff,0xff,0xff,0xff,0xff,0xff,0xff,0xff,
    0xff,0xff,0xff,0xff,0xff,0xff,0xff,0xff,0xff,0xff,0xff,0xff,0xff,0xff,0xff,0xff,0xff,0xff,0xff,0xff,0xff,0xff,0xff,0xff,0xff,0xff,0xff,0xff,0xff,0xff,0xff,0xff,
    0xff,0xff,0xff,0xff,0xff,0xff,0xff,0xff,0xff,0xff,0xff,0xff,0xff,0xff,0xff,0xff,0xff,0xff,0xff,0xff,0xff,0xff,0xff,0xff,0xff,0xff,0xff,0xff,0xff,0xff,0xff,0xff,
    0xff,0xff,0xff,0xff,0xff,0xff,0xff,0xff,0xff,0xff,0xff,0xff,0xff,0xff,0xff,0xff,0xff,0xff,0xff,0xff,0xff,0xff,0xff,0xff,0xff,0xff,0xff,0xff,0xff,0xff,0xff,0xff,
    0xff,0xff,0xff,0xff,0xff,0xff,0xff,0xff,0xff,0xff,0xff,0xff,0xff,0xff,0xff,0xff,0xff,0xff,0xff,0xff,0xff,0xff,0xff,0xff,0xff,0xff,0xff,0xff,0xff,0xff,0xff,0xff,
    0xff,0xff,0xff,0xff,0xff,0xff,0xff,0xff,0xff,0xff,0xff,0xff,0xff,0xff,0xff,0xff,0x86,0xf8,0xfd,0xff,0xff,0xff,0xff,0xff,0xff,0xff,0xff,0xff,0xff,0xfd,0xf8,0x86,

};

const lv_image_dsc_t emoji_eight_spoked_asterisk_16 = {
  .header.magic = LV_IMAGE_HEADER_MAGIC,
  .header.cf = LV_COLOR_FORMAT_RGB565A8,
  .header.flags = 0,
  .header.w = 16,
  .header.h = 16,
  .header.stride = 32,
  .data_size = sizeof(emoji_eight_spoked_asterisk_16_map),
  .data = emoji_eight_spoked_asterisk_16_map,
};




#ifndef LV_ATTRIBUTE_MEM_ALIGN
#define LV_ATTRIBUTE_MEM_ALIGN
#endif

#ifndef LV_ATTRIBUTE_EMOJI_SIGNAL_STRENGTH_16
#define LV_ATTRIBUTE_EMOJI_SIGNAL_STRENGTH_16
#endif

static const
LV_ATTRIBUTE_MEM_ALIGN LV_ATTRIBUTE_LARGE_CONST LV_ATTRIBUTE_EMOJI_SIGNAL_STRENGTH_16
uint8_t emoji_signal_strength_16_map[] = {

    0x38,0x3c,0x59,0x3c,0x58,0x3c,0x58,0x3c,0x58,0x3c,0x58,0x3c,0x58,0x3c,0x58,0x3c,0x58,0x3c,0x58,0x3c,0x58,0x3c,0x58,0x3c,0x58,0x3c,0x58,0x3c,0x59,0x3c,0x58,0x3c,
    0x58,0x3c,0x58,0x3c,0x58,0x3c,0x58,0x3c,0x58,0x3c,0x58,0x3c,0x58,0x3c,0x58,0x3c,0x58,0x3c,0x58,0x3c,0x58,0x3c,0x58,0x3c,0x58,0x3c,0x58,0x3c,0x58,0x3c,0x58,0x3c,
    0x58,0x3c,0x58,0x3c,0x58,0x3c,0x58,0x3c,0x58,0x3c,0x58,0x3c,0x58,0x3c,0x58,0x3c,0x58,0x3c,0x58,0x3c,0x58,0x3c,0x58,0x3c,0x18,0x34,0xf7,0x2b,0x38,0x3c,0x58,0x3c,
    0x58,0x3c,0x58,0x3c,0x58,0x3c,0x58,0x3c,0x58,0x3c,0x58,0x3c,0x58,0x3c,0x58,0x3c,0x58,0x3c,0x58,0x3c,0x58,0x3c,0x38,0x34,0x3a,0x6d,0xfb,0x95,0x99,0x4c,0x38,0x34,
    0x58,0x3c,0x58,0x3c,0x58,0x3c,0x58,0x3c,0x58,0x3c,0x58,0x3c,0x58,0x3c,0x58,0x3c,0x58,0x3c,0x38,0x3c,0x18,0x34,0xd7,0x23,0x7c,0xb6,0xff,0xff,0x1a,0x6d,0x18,0x34,
    0x58,0x3c,0x58,0x3c,0x58,0x3c,0x58,0x3c,0x58,0x3c,0x58,0x3c,0x58,0x3c,0x58,0x3c,0x38,0x34,0xd9,0x54,0xdd,0xbe,0x5a,0x75,0x1c,0x9e,0xff,0xff,0x1a,0x65,0x18,0x34,
    0x58,0x3c,0x58,0x3c,0x58,0x3c,0x58,0x3c,0x58,0x3c,0x58,0x3c,0x58,0x3c,0x58,0x3c,0x18,0x34,0x3a,0x6d,0xff,0xff,0x3c,0x9e,0xfb,0x95,0xff,0xff,0x1a,0x65,0x18,0x34,
    0x58,0x3c,0x58,0x3c,0x58,0x3c,0x58,0x3c,0x38,0x34,0x38,0x34,0x38,0x3c,0x3e,0xd7,0xfd,0xc6,0x1a,0x65,0xff,0xff,0x1b,0x96,0x1b,0x9e,0xff,0xff,0x1a,0x65,0x18,0x34,
    0x58,0x3c,0x58,0x3c,0x58,0x3c,0x58,0x3c,0x99,0x4c,0xd9,0x54,0x78,0x44,0xbf,0xf7,0x9f,0xe7,0x1a,0x65,0xff,0xff,0x1c,0x9e,0x1b,0x9e,0xff,0xff,0x1a,0x65,0x18,0x34,
    0x58,0x3c,0x38,0x3c,0x18,0x34,0xd7,0x23,0x5c,0xa6,0xff,0xff,0x1a,0x65,0x7e,0xe7,0x7e,0xe7,0x1a,0x65,0xff,0xff,0x1c,0x9e,0x1b,0x9e,0xff,0xff,0x1a,0x65,0x18,0x34,
    0x38,0x3c,0x98,0x4c,0x7a,0x7d,0xb9,0x4c,0x3c,0xa6,0xff,0xff,0x1a,0x65,0x7e,0xdf,0x7e,0xdf,0x1a,0x65,0xff,0xff,0x1c,0x96,0xfb,0x95,0xff,0xff,0x1a,0x65,0x18,0x34,
    0x18,0x34,0x3a,0x6d,0xff,0xff,0x5c,0xa6,0x3c,0x9e,0xff,0xff,0x1a,0x6d,0xbf,0xef,0xbf,0xef,0x1a,0x6d,0xff,0xff,0x3c,0x9e,0x3c,0x9e,0xff,0xff,0x1a,0x6d,0x18,0x34,
    0x38,0x34,0x99,0x4c,0xdb,0x8d,0x19,0x65,0x1a,0x65,0xfb,0x95,0x99,0x4c,0xbb,0x85,0xbb,0x85,0x99,0x4c,0xfb,0x95,0x1a,0x65,0x19,0x65,0xfb,0x95,0x99,0x4c,0x38,0x34,
    0x58,0x3c,0x38,0x3c,0xf7,0x2b,0x38,0x34,0x38,0x34,0xf7,0x2b,0x38,0x3c,0x17,0x2c,0x17,0x2c,0x38,0x3c,0xf7,0x2b,0x38,0x34,0x38,0x34,0xf7,0x2b,0x38,0x3c,0x58,0x3c,
    0x58,0x3c,0x58,0x3c,0x58,0x3c,0x58,0x3c,0x58,0x3c,0x58,0x3c,0x58,0x3c,0x58,0x3c,0x58,0x3c,0x58,0x3c,0x58,0x3c,0x58,0x3c,0x58,0x3c,0x58,0x3c,0x58,0x3c,0x58,0x3c,
    0x38,0x3c,0x59,0x3c,0x58,0x3c,0x58,0x3c,0x58,0x3c,0x58,0x3c,0x58,0x3c,0x58,0x3c,0x58,0x3c,0x58,0x3c,0x58,0x3c,0x58,0x3c,0x58,0x3c,0x58,0x3c,0x79,0x3c,0x38,0x3c,
    0x8f,0xf8,0xfd,0xff,0xff,0xff,0xff,0xff,0xff,0xff,0xff,0xff,0xff,0xfd,0xf8,0x8f,0xff,0xff,0xff,0xff,0xff,0xff,0xff,0xff,0xff,0xff,0xff,0xff,0xff,0xff,0xff,0xff,
    0xfe,0xff,0xff,0xff,0xff,0xff,0xff,0xff,0xff,0xff,0xff,0xff,0xff,0xff,0xff,0xfe,0xff,0xff,0xff,0xff,0xff,0xff,0xff,0xff,0xff,0xff,0xff,0xff,0xff,0xff,0xff,0xff,
    0xff,0xff,0xff,0xff,0xff,0xff,0xff,0xff,0xff,0xff,0xff,0xff,0xff,0xff,0xff,0xff,0xff,0xff,0xff,0xff,0xff,0xff,0xff,0xff,0xff,0xff,0xff,0xff,0xff,0xff,0xff,0xff,
    0xff,0xff,0xff,0xff,0xff,0xff,0xff,0xff,0xff,0xff,0xff,0xff,0xff,0xff,0xff,0xff,0xff,0xff,0xff,0xff,0xff,0xff,0xff,0xff,0xff,0xff,0xff,0xff,0xff,0xff,0xff,0xff,
    0xff,0xff,0xff,0xff,0xff,0xff,0xff,0xff,0xff,0xff,0xff,0xff,0xff,0xff,0xff,0xff,0xff,0xff,0xff,0xff,0xff,0xff,0xff,0xff,0xff,0xff,0xff,0xff,0xff,0xff,0xff,0xff,
    0xff,0xff,0xff,0xff,0xff,0xff,0xff,0xff,0xff,0xff,0xff,0xff,0xff,0xff,0xff,0xff,0xff,0xff,0xff,0xff,0xff,0xff,0xff,0xff,0xff,0xff,0xff,0xff,0xff,0xff,0xff,0xff,
    0xff,0xff,0xff,0xff,0xff,0xff,0xff,0xff,0xff,0xff,0xff,0xff,0xff,0xff,0xff,0xff,0xfe,0xff,0xff,0xff,0xff,0xff,0xff,0xff,0xff,0xff,0xff,0xff,0xff,0xff,0xff,0xff,
    0xff,0xff,0xff,0xff,0xff,0xff,0xff,0xff,0xff,0xff,0xff,0xff,0xff,0xff,0xff,0xff,0x8f,0xf8,0xfd,0xff,0xff,0xff,0xff,0xff,0xff,0xff,0xff,0xff,0xff,0xfd,0xfa,0x8f,

};

const lv_image_dsc_t emoji_signal_strength_16 = {
  .header.magic = LV_IMAGE_HEADER_MAGIC,
  .header.cf = LV_COLOR_FORMAT_RGB565A8,
  .header.flags = 0,
  .header.w = 16,
  .header.h = 16,
  .header.stride = 32,
  .data_size = sizeof(emoji_signal_strength_16_map),
  .data = emoji_signal_strength_16_map,
};




#ifndef LV_ATTRIBUTE_MEM_ALIGN
#define LV_ATTRIBUTE_MEM_ALIGN
#endif

#ifndef LV_ATTRIBUTE_EMOJI_BEER_16
#define LV_ATTRIBUTE_EMOJI_BEER_16
#endif

static const
LV_ATTRIBUTE_MEM_ALIGN LV_ATTRIBUTE_LARGE_CONST LV_ATTRIBUTE_EMOJI_BEER_16
uint8_t emoji_beer_16_map[] = {

    0x7d,0xef,0xbe,0xf7,0x9e,0xf7,0x7d,0xef,0x7d,0xef,0x7d,0xef,0x7d,0xef,0x7d,0xef,0x7d,0xef,0x7d,0xef,0xdf,0xff,0x7d,0xef,0xef,0xdd,0xaf,0xfe,0xe7,0xfd,0x00,0x00,
    0x7d,0xef,0xff,0xff,0x7d,0xef,0x7d,0xef,0x7d,0xef,0x7d,0xef,0x7d,0xef,0x7d,0xef,0x7d,0xef,0x7d,0xef,0x9e,0xf7,0x7d,0xef,0x21,0x00,0x00,0x00,0x00,0x00,0x00,0x00,
    0x7d,0xef,0xdf,0xff,0x7d,0xef,0x7d,0xef,0x9e,0xef,0x7e,0xef,0x7d,0xef,0x7d,0xef,0x7d,0xef,0x7d,0xef,0x9e,0xf7,0x7d,0xef,0xa9,0xfd,0x66,0xfd,0x46,0xfd,0x00,0x00,
    0x7d,0xef,0xff,0xff,0x9e,0xef,0x9e,0xef,0x3a,0xf7,0x5c,0xef,0xbf,0xef,0x7d,0xef,0x7e,0xef,0x9f,0xef,0x5c,0xef,0xb5,0xf6,0xe6,0xfd,0x07,0xfe,0xa6,0xfd,0x66,0xfd,
    0x7d,0xef,0x3a,0xf7,0x5b,0xf7,0x2f,0xfe,0x86,0xfd,0xca,0xfd,0x50,0xf6,0xec,0xfd,0xec,0xfd,0x0f,0xfe,0xc8,0xfd,0xa7,0xfd,0x66,0xfd,0x66,0xfd,0xe7,0xfd,0x46,0xfd,
    0x00,0x00,0x86,0xfd,0x07,0xfe,0x07,0xfe,0x69,0xfe,0x48,0xfe,0xe6,0xfd,0x28,0xfe,0x07,0xfe,0x07,0xfe,0x89,0xfe,0x69,0xfe,0x00,0x00,0x46,0xfd,0xe7,0xfd,0x66,0xfd,
    0xff,0xff,0x69,0xfe,0xea,0xfe,0x65,0xfd,0xe7,0xfd,0x8a,0xfe,0x65,0xfd,0x28,0xfe,0x6a,0xfe,0x45,0xf5,0x69,0xfe,0x69,0xfe,0xeb,0xfe,0x46,0xfd,0xe7,0xfd,0x46,0xfd,
    0x00,0x00,0x49,0xfe,0xea,0xfe,0xe3,0xf4,0xc7,0xfd,0x8a,0xfe,0xc3,0xf4,0x08,0xfe,0x69,0xfe,0xc2,0xf4,0x49,0xfe,0x69,0xfe,0xef,0xff,0x46,0xfd,0xe7,0xfd,0x46,0xfd,
    0x00,0x00,0x49,0xfe,0xea,0xfe,0x03,0xf5,0xc7,0xfd,0x8a,0xfe,0xe3,0xf4,0x08,0xfe,0x69,0xfe,0xe3,0xf4,0x49,0xfe,0x69,0xfe,0xef,0xff,0x26,0xfd,0xe7,0xfd,0x46,0xfd,
    0x00,0x00,0x49,0xfe,0xea,0xfe,0x03,0xf5,0xc7,0xfd,0x8a,0xfe,0xe3,0xf4,0x08,0xfe,0x69,0xfe,0xc3,0xf4,0x49,0xfe,0x69,0xfe,0xeb,0xff,0x66,0xfd,0xe7,0xfd,0x46,0xfd,
    0x00,0x00,0x49,0xfe,0xea,0xfe,0x03,0xf5,0xc7,0xfd,0x8a,0xfe,0xe3,0xf4,0x08,0xfe,0x69,0xfe,0xc3,0xf4,0x49,0xfe,0x69,0xfe,0x00,0x00,0x46,0xfd,0xe7,0xfd,0x66,0xfd,
    0x00,0x00,0x49,0xfe,0xea,0xfe,0x03,0xf5,0xc7,0xfd,0x8a,0xfe,0xe3,0xf4,0x08,0xfe,0x69,0xfe,0xe3,0xf4,0x48,0xfe,0x49,0xfe,0x66,0xfd,0x46,0xfd,0xe7,0xfd,0x66,0xfd,
    0x00,0x00,0x49,0xfe,0xea,0xfe,0x03,0xf5,0xc7,0xfd,0x8a,0xfe,0xe3,0xf4,0x08,0xfe,0x69,0xfe,0xe3,0xf4,0x28,0xfe,0x69,0xfe,0xe7,0xfd,0xc6,0xfd,0x66,0xfd,0x46,0xfd,
    0x00,0x00,0x49,0xfe,0xea,0xfe,0x03,0xf5,0xc7,0xfd,0x8a,0xfe,0xe3,0xf4,0x08,0xfe,0x69,0xfe,0xc3,0xf4,0x48,0xfe,0x69,0xfe,0x87,0xfd,0x86,0xfd,0x26,0xfd,0x00,0x00,
    0x00,0x00,0x49,0xfe,0xea,0xfe,0x08,0xfe,0x49,0xfe,0x69,0xfe,0x08,0xfe,0x49,0xfe,0x69,0xfe,0x08,0xfe,0x89,0xfe,0x69,0xfe,0xff,0xff,0x00,0x00,0x00,0x00,0xe0,0xfb,
    0xe0,0xff,0x49,0xfe,0x8a,0xfe,0x8a,0xfe,0x69,0xfe,0x69,0xfe,0x69,0xfe,0x69,0xfe,0x69,0xfe,0x69,0xfe,0xaa,0xfe,0x69,0xfe,0x40,0xfd,0x66,0xfe,0xe0,0xfb,0x00,0x00,
    0x53,0xf4,0xfd,0xfe,0xff,0xff,0xff,0xff,0xff,0xfc,0xff,0xaf,0x08,0x06,0x04,0x00,0x9d,0xff,0xfc,0xff,0xff,0xff,0xff,0xff,0xff,0xfe,0xff,0xf2,0x00,0x00,0x00,0x00,
    0x99,0xfd,0xfc,0xff,0xff,0xff,0xff,0xff,0xff,0xff,0xff,0xf5,0x85,0x7f,0x51,0x00,0x8e,0xff,0xfc,0xff,0xff,0xff,0xff,0xff,0xff,0xff,0xff,0xff,0xff,0xff,0xff,0x64,
    0x1d,0xd6,0xfe,0xfd,0xff,0xff,0xff,0xff,0xff,0xfe,0xff,0xf5,0x55,0x9d,0xfd,0x9c,0x00,0xa1,0xff,0xfb,0xff,0xff,0xff,0xff,0xff,0xfe,0xff,0xf0,0x00,0x2a,0xff,0x94,
    0x01,0xa8,0xff,0xfb,0xff,0xff,0xff,0xff,0xff,0xfe,0xff,0xf1,0x08,0x35,0xff,0x96,0x00,0xa7,0xff,0xfb,0xff,0xff,0xff,0xff,0xff,0xfe,0xff,0xf1,0x04,0x33,0xff,0x96,
    0x00,0xa7,0xff,0xfb,0xff,0xff,0xff,0xff,0xff,0xfe,0xff,0xf1,0x04,0x34,0xff,0x96,0x00,0xa7,0xff,0xfb,0xff,0xff,0xff,0xff,0xff,0xfe,0xff,0xf1,0x08,0x32,0xff,0x96,
    0x00,0xa7,0xff,0xfb,0xff,0xff,0xff,0xff,0xff,0xfe,0xff,0xf0,0x00,0x37,0xfe,0x94,0x00,0xa7,0xff,0xfb,0xff,0xff,0xff,0xff,0xff,0xff,0xff,0xfa,0x9c,0xcd,0xff,0x9a,
    0x00,0xa7,0xff,0xfb,0xff,0xff,0xff,0xff,0xff,0xff,0xff,0xff,0xff,0xff,0xef,0x43,0x00,0xa8,0xfe,0xfb,0xff,0xff,0xff,0xff,0xff,0xfe,0xff,0xf2,0x46,0x3c,0x1f,0x00,
    0x00,0xa3,0xff,0xfb,0xff,0xff,0xff,0xff,0xff,0xfd,0xff,0xee,0x02,0x00,0x00,0x02,0x01,0x3b,0xe8,0xfd,0xfe,0xff,0xff,0xff,0xff,0xfc,0xf9,0x7d,0x03,0x05,0x02,0x00,

};

const lv_image_dsc_t emoji_beer_16 = {
  .header.magic = LV_IMAGE_HEADER_MAGIC,
  .header.cf = LV_COLOR_FORMAT_RGB565A8,
  .header.flags = 0,
  .header.w = 16,
  .header.h = 16,
  .header.stride = 32,
  .data_size = sizeof(emoji_beer_16_map),
  .data = emoji_beer_16_map,
};




#ifndef LV_ATTRIBUTE_MEM_ALIGN
#define LV_ATTRIBUTE_MEM_ALIGN
#endif

#ifndef LV_ATTRIBUTE_EMOJI_SUN_16
#define LV_ATTRIBUTE_EMOJI_SUN_16
#endif

static const
LV_ATTRIBUTE_MEM_ALIGN LV_ATTRIBUTE_LARGE_CONST LV_ATTRIBUTE_EMOJI_SUN_16
uint8_t emoji_sun_16_map[] = {

    0x00,0x00,0x00,0x00,0xe7,0xfd,0x4a,0xfd,0x00,0x00,0xe0,0xff,0x00,0x00,0x66,0xfd,0x46,0xfd,0x00,0xf8,0xe0,0xff,0x00,0x00,0x4a,0xfd,0xe7,0xfb,0x00,0x00,0x00,0x00,
    0x00,0x00,0x00,0x00,0x00,0x00,0x00,0x00,0x00,0xf8,0x00,0x00,0x4a,0xfd,0x46,0xfd,0x46,0xfd,0x4a,0xfd,0x00,0x00,0x00,0xf8,0x00,0x00,0x00,0x00,0x00,0x00,0x00,0x00,
    0x00,0xf8,0x05,0xfd,0x66,0xfd,0x46,0xfd,0x00,0x00,0xc6,0xfc,0x00,0x00,0x46,0xfd,0x46,0xfd,0x00,0x00,0xc6,0xfc,0x00,0x00,0x26,0xfd,0x66,0xfd,0x86,0xfd,0x00,0xf8,
    0x00,0x00,0x45,0xfd,0x86,0xfd,0x07,0xfe,0x66,0xfd,0x00,0x00,0x66,0xfd,0x66,0xfd,0x66,0xfd,0x66,0xfd,0x00,0x00,0x66,0xfd,0x07,0xfe,0x86,0xfd,0x86,0xfd,0x00,0x00,
    0x4a,0xfd,0x00,0x00,0x46,0xfd,0xc6,0xfd,0x46,0xfd,0x66,0xfd,0xa6,0xfd,0xc6,0xfd,0xc6,0xfd,0xa6,0xfd,0x66,0xfd,0x46,0xfd,0xc6,0xfd,0x46,0xfd,0x00,0x00,0x4a,0xfd,
    0x00,0xf8,0x00,0x00,0x00,0x00,0x00,0x00,0x46,0xfd,0xe7,0xfd,0x46,0xfd,0x46,0xfd,0x46,0xfd,0x46,0xfd,0xe7,0xfd,0x46,0xfd,0x00,0x00,0x00,0x00,0x00,0x00,0x00,0xf8,
    0x00,0x00,0xef,0xff,0x00,0x00,0x66,0xfd,0xa6,0xfd,0x46,0xfd,0x66,0xfd,0x66,0xfd,0x66,0xfd,0x66,0xfd,0x46,0xfd,0xa6,0xfd,0x66,0xfd,0x00,0x00,0xef,0xff,0x00,0x00,
    0x66,0xfd,0xc6,0xfd,0x66,0xfd,0x66,0xfd,0xc6,0xfd,0x46,0xfd,0x66,0xfd,0x66,0xfd,0x66,0xfd,0x66,0xfd,0x46,0xfd,0xc6,0xfd,0x46,0xfd,0x66,0xfd,0xc6,0xfd,0x66,0xfd,
    0x66,0xfd,0xc6,0xfd,0x66,0xfd,0x66,0xfd,0xc6,0xfd,0x46,0xfd,0x66,0xfd,0x66,0xfd,0x66,0xfd,0x66,0xfd,0x46,0xfd,0xc6,0xfd,0x46,0xfd,0x66,0xfd,0xc6,0xfd,0x66,0xfd,
    0x00,0x00,0xef,0xff,0x00,0x00,0x46,0xfd,0xa6,0xfd,0x66,0xfd,0x66,0xfd,0x66,0xfd,0x66,0xfd,0x66,0xfd,0x66,0xfd,0xa6,0xfd,0x46,0xfd,0x00,0x00,0xef,0xff,0x00,0x00,
    0xe0,0xff,0x00,0x00,0xc6,0xfc,0x00,0x00,0x46,0xfd,0xe7,0xfd,0x46,0xfd,0x46,0xfd,0x46,0xfd,0x46,0xfd,0xe7,0xfd,0x46,0xfd,0x00,0x00,0xc6,0xfc,0x00,0x00,0xe0,0xff,
    0x00,0x00,0xe0,0xff,0x00,0x00,0x26,0xfd,0x46,0xfd,0x66,0xfd,0xa6,0xfd,0xc6,0xfd,0xc6,0xfd,0x86,0xfd,0x86,0xfd,0x66,0xfd,0x46,0xfd,0x00,0x00,0xe0,0xff,0x00,0x00,
    0x4a,0xfd,0x00,0x00,0x46,0xfd,0x07,0xfe,0x46,0xfd,0x00,0x00,0x86,0xfd,0x66,0xfd,0x66,0xfd,0x66,0xfd,0x00,0x00,0x66,0xfd,0x07,0xfe,0x46,0xfd,0x00,0x00,0x4a,0xfd,
    0xea,0xff,0x00,0x00,0x66,0xfd,0xc6,0xfd,0x66,0xfd,0xe0,0xfb,0x00,0x00,0x46,0xfd,0x46,0xfd,0x00,0x00,0xe0,0xfb,0x66,0xfd,0xc6,0xfd,0x66,0xfd,0x00,0x00,0xea,0xff,
    0x00,0x00,0x00,0x00,0xa9,0xfd,0xa5,0xfc,0x00,0x00,0x00,0x00,0xe0,0xff,0x46,0xfd,0x66,0xfd,0x40,0xfd,0x00,0x00,0x00,0x00,0xe6,0xfc,0xa9,0xfd,0x00,0x00,0x00,0x00,
    0x00,0x00,0x00,0x00,0x00,0x00,0x00,0x00,0x40,0xfd,0xe0,0xff,0x00,0x00,0x66,0xfd,0x66,0xfd,0x00,0x00,0xe0,0xff,0x40,0xfd,0x00,0x00,0x00,0x00,0x00,0x00,0x00,0x00,
    0x00,0x00,0x04,0x03,0x00,0x01,0x00,0xcb,0xcd,0x01,0x01,0x00,0x03,0x04,0x00,0x00,0x00,0x00,0x00,0x00,0x02,0x00,0x03,0xf8,0xf8,0x03,0x00,0x02,0x00,0x00,0x00,0x00,
    0x01,0x0b,0x99,0x5c,0x00,0x05,0x00,0x6d,0x6d,0x00,0x05,0x00,0x5d,0x99,0x0a,0x01,0x00,0x1b,0xff,0xff,0x3b,0x00,0x3c,0x60,0x60,0x3c,0x00,0x3b,0xff,0xff,0x1a,0x00,
    0x03,0x00,0x49,0xb6,0x34,0xa7,0xff,0xff,0xff,0xff,0xa7,0x33,0xb7,0x49,0x00,0x03,0x01,0x00,0x00,0x00,0xab,0xff,0xfc,0xfb,0xfb,0xfc,0xff,0xab,0x00,0x00,0x00,0x01,
    0x00,0x02,0x00,0x3c,0xff,0xfb,0xfe,0xff,0xff,0xfe,0xfb,0xff,0x3c,0x00,0x02,0x00,0xcb,0xe4,0x6f,0x63,0xfe,0xfb,0xff,0xff,0xff,0xff,0xfb,0xfe,0x62,0x6f,0xe4,0xcb,
    0xcb,0xe4,0x6f,0x62,0xfe,0xfb,0xff,0xff,0xff,0xff,0xfb,0xfe,0x62,0x6f,0xe4,0xcb,0x00,0x02,0x00,0x3d,0xff,0xfa,0xfe,0xff,0xff,0xfe,0xfa,0xff,0x3d,0x00,0x02,0x00,
    0x01,0x00,0x05,0x00,0xa8,0xff,0xfc,0xfb,0xfb,0xfc,0xff,0xa7,0x00,0x05,0x00,0x01,0x00,0x01,0x00,0x42,0x34,0xa8,0xff,0xff,0xff,0xff,0xa8,0x33,0x41,0x00,0x01,0x00,
    0x03,0x00,0x5c,0xff,0xc1,0x00,0x3c,0x60,0x60,0x3c,0x00,0xc2,0xff,0x5c,0x00,0x03,0x03,0x00,0x9a,0xf2,0x4a,0x02,0x00,0x6d,0x6d,0x00,0x02,0x4a,0xf2,0x9a,0x00,0x03,
    0x00,0x00,0x07,0x1b,0x00,0x00,0x02,0xf8,0xf9,0x03,0x00,0x00,0x1a,0x07,0x00,0x00,0x00,0x00,0x00,0x00,0x03,0x01,0x00,0xcb,0xcb,0x00,0x01,0x03,0x00,0x00,0x00,0x00,

};

const lv_image_dsc_t emoji_sun_16 = {
  .header.magic = LV_IMAGE_HEADER_MAGIC,
  .header.cf = LV_COLOR_FORMAT_RGB565A8,
  .header.flags = 0,
  .header.w = 16,
  .header.h = 16,
  .header.stride = 32,
  .data_size = sizeof(emoji_sun_16_map),
  .data = emoji_sun_16_map,
};




#ifndef LV_ATTRIBUTE_MEM_ALIGN
#define LV_ATTRIBUTE_MEM_ALIGN
#endif

#ifndef LV_ATTRIBUTE_EMOJI_SUNGLASSES_16
#define LV_ATTRIBUTE_EMOJI_SUNGLASSES_16
#endif

static const
LV_ATTRIBUTE_MEM_ALIGN LV_ATTRIBUTE_LARGE_CONST LV_ATTRIBUTE_EMOJI_SUNGLASSES_16
uint8_t emoji_sunglasses_16_map[] = {

    0x00,0x00,0xe0,0xff,0x00,0x00,0x00,0x00,0x69,0xfe,0x89,0xfe,0x69,0xfe,0x69,0xfe,0x69,0xfe,0x69,0xfe,0x89,0xfe,0x69,0xfe,0x00,0x00,0x00,0x00,0xe0,0xff,0x00,0x00,
    0xe0,0x7b,0x00,0x00,0x89,0xed,0x69,0xfe,0x89,0xfe,0xaa,0xfe,0x69,0xfe,0x69,0xfe,0x69,0xfe,0x69,0xfe,0xaa,0xfe,0x89,0xfe,0x69,0xfe,0x89,0xed,0x00,0x00,0xe0,0x7b,
    0xe0,0xff,0x49,0xff,0x89,0xfe,0x0a,0xff,0x69,0xfe,0x69,0xfe,0x49,0xfe,0x49,0xfe,0x49,0xfe,0x49,0xfe,0x69,0xfe,0x69,0xfe,0x0a,0xff,0x89,0xfe,0x49,0xff,0xe0,0xff,
    0xef,0xff,0x09,0xee,0x8a,0xfe,0x09,0xf6,0x09,0xf6,0x29,0xfe,0x89,0xfe,0xa9,0xfe,0xa9,0xfe,0x89,0xfe,0x29,0xfe,0x09,0xf6,0x09,0xf6,0x8a,0xfe,0x09,0xee,0x4a,0xfd,
    0x66,0x21,0x07,0x3a,0xa6,0x31,0xc6,0x31,0xc6,0x39,0x06,0x42,0x87,0x5a,0xe7,0x62,0xe7,0x62,0x87,0x5a,0x06,0x42,0xc6,0x39,0xc6,0x31,0xa6,0x31,0x07,0x3a,0x66,0x21,
    0xc9,0xe5,0x87,0x52,0x26,0x19,0x66,0x21,0x66,0x21,0x66,0x21,0x06,0x11,0xa7,0x8b,0xa7,0x8b,0x06,0x11,0x66,0x21,0x66,0x21,0x66,0x21,0x26,0x19,0x67,0x52,0xa9,0xe5,
    0xe9,0xfe,0xe8,0x93,0x26,0x19,0xa6,0x31,0x86,0x29,0x86,0x29,0x66,0x29,0x09,0xf6,0x29,0xf6,0x86,0x29,0x86,0x29,0x86,0x29,0xa6,0x31,0x26,0x19,0xc8,0x8b,0xe9,0xfe,
    0xa9,0xfe,0x08,0xc5,0x06,0x11,0x26,0x19,0x26,0x19,0xe6,0x08,0xc7,0x62,0x69,0xfe,0x69,0xfe,0xc7,0x62,0xe6,0x08,0x26,0x19,0x26,0x19,0x06,0x11,0x08,0xc5,0xa9,0xfe,
    0x69,0xfe,0x69,0xfe,0x48,0xa4,0x07,0x6b,0x07,0x73,0xa7,0x8b,0xe9,0xed,0x69,0xfe,0x69,0xfe,0xe9,0xed,0xa7,0x8b,0x07,0x73,0x07,0x6b,0x48,0xa4,0x69,0xfe,0x69,0xfe,
    0x49,0xfe,0x69,0xfe,0xa9,0xfe,0xca,0xfe,0xea,0xfe,0xa9,0xfe,0x69,0xfe,0x49,0xfe,0x49,0xfe,0x69,0xfe,0xa9,0xfe,0xea,0xfe,0xca,0xfe,0xa9,0xfe,0x69,0xfe,0x49,0xfe,
    0x49,0xfe,0xaa,0xfe,0x69,0xfe,0xa8,0xe5,0xa5,0xc4,0x8a,0xfe,0xaa,0xfe,0xaa,0xfe,0xaa,0xfe,0xaa,0xfe,0x8a,0xfe,0xa5,0xc4,0xa8,0xe5,0x69,0xfe,0xaa,0xfe,0x49,0xfe,
    0x69,0xfe,0x89,0xfe,0x69,0xfe,0x49,0xfe,0x63,0x93,0xa1,0x7a,0x45,0xb4,0x26,0xd5,0x26,0xd5,0x45,0xb4,0xa1,0x7a,0x63,0x93,0x49,0xfe,0x69,0xfe,0x89,0xfe,0x69,0xfe,
    0x00,0x00,0x49,0xfe,0xea,0xfe,0x69,0xfe,0x8a,0xfe,0x45,0xb4,0x60,0x6a,0x00,0x62,0x00,0x62,0x60,0x6a,0x45,0xb4,0x8a,0xfe,0x69,0xfe,0xea,0xfe,0x49,0xfe,0x00,0x00,
    0xef,0xff,0x29,0xfe,0x69,0xfe,0xea,0xfe,0x49,0xfe,0xaa,0xfe,0x49,0xfe,0xc8,0xed,0xc8,0xed,0x49,0xfe,0xaa,0xfe,0x49,0xfe,0xea,0xfe,0x69,0xfe,0x29,0xfe,0xef,0xff,
    0xe0,0xff,0x00,0x00,0x29,0xfe,0x89,0xfe,0x89,0xfe,0xaa,0xfe,0x89,0xfe,0x89,0xfe,0x89,0xfe,0x89,0xfe,0xaa,0xfe,0x89,0xfe,0x89,0xfe,0x29,0xfe,0x00,0x00,0xe0,0xff,
    0x00,0x00,0xe0,0xff,0x00,0x00,0x00,0x00,0x69,0xfe,0x89,0xfe,0x69,0xfe,0x49,0xfe,0x49,0xfe,0x69,0xfe,0x89,0xfe,0x69,0xfe,0x00,0x00,0x00,0x00,0xe0,0xff,0x00,0x00,
    0x00,0x01,0x00,0x00,0x46,0xab,0xe7,0xfe,0xfe,0xe7,0xab,0x46,0x00,0x00,0x01,0x00,0x02,0x00,0x0d,0x9f,0xfe,0xff,0xff,0xff,0xff,0xff,0xff,0xfe,0x9f,0x0d,0x00,0x02,
    0x01,0x0d,0xc7,0xff,0xfd,0xfd,0xfe,0xff,0xff,0xfe,0xfd,0xfd,0xff,0xc7,0x0d,0x01,0x02,0xa2,0xff,0xf9,0xff,0xff,0xff,0xff,0xff,0xff,0xff,0xff,0xf9,0xff,0xa2,0x03,
    0x76,0xff,0xfb,0xff,0xff,0xff,0xff,0xff,0xff,0xff,0xff,0xff,0xff,0xfb,0xff,0x78,0xb0,0xfe,0xfc,0xff,0xff,0xff,0xff,0xff,0xff,0xff,0xff,0xff,0xff,0xfc,0xfe,0xb0,
    0xea,0xff,0xfe,0xff,0xff,0xff,0xff,0xff,0xff,0xff,0xff,0xff,0xff,0xfe,0xff,0xea,0xff,0xff,0xff,0xff,0xff,0xff,0xff,0xff,0xff,0xff,0xff,0xff,0xff,0xff,0xff,0xff,
    0xff,0xff,0xff,0xff,0xff,0xff,0xff,0xff,0xff,0xff,0xff,0xff,0xff,0xff,0xff,0xff,0xea,0xff,0xfe,0xff,0xff,0xff,0xff,0xff,0xff,0xff,0xff,0xff,0xff,0xfe,0xff,0xea,
    0xae,0xff,0xfc,0xff,0xff,0xff,0xff,0xff,0xff,0xff,0xff,0xff,0xff,0xfc,0xff,0xae,0x42,0xff,0xfc,0xff,0xff,0xff,0xff,0xff,0xff,0xff,0xff,0xff,0xff,0xfc,0xff,0x42,
    0x00,0xa1,0xff,0xf9,0xff,0xff,0xff,0xff,0xff,0xff,0xff,0xff,0xf9,0xff,0xa1,0x00,0x02,0x0d,0xc7,0xff,0xfd,0xfd,0xfe,0xff,0xff,0xfe,0xfd,0xfd,0xff,0xc7,0x0d,0x02,
    0x01,0x00,0x0d,0x9f,0xfe,0xff,0xff,0xff,0xff,0xff,0xff,0xfe,0x9f,0x0d,0x00,0x01,0x00,0x01,0x00,0x00,0x46,0xab,0xe7,0xfe,0xfe,0xe7,0xab,0x46,0x00,0x00,0x01,0x00,

};

const lv_image_dsc_t emoji_sunglasses_16 = {
  .header.magic = LV_IMAGE_HEADER_MAGIC,
  .header.cf = LV_COLOR_FORMAT_RGB565A8,
  .header.flags = 0,
  .header.w = 16,
  .header.h = 16,
  .header.stride = 32,
  .data_size = sizeof(emoji_sunglasses_16_map),
  .data = emoji_sunglasses_16_map,
};




#ifndef LV_ATTRIBUTE_MEM_ALIGN
#define LV_ATTRIBUTE_MEM_ALIGN
#endif

#ifndef LV_ATTRIBUTE_EMOJI_BEACH_16
#define LV_ATTRIBUTE_EMOJI_BEACH_16
#endif

static const
LV_ATTRIBUTE_MEM_ALIGN LV_ATTRIBUTE_LARGE_CONST LV_ATTRIBUTE_EMOJI_BEACH_16
uint8_t emoji_beach_16_map[] = {

    0x00,0x00,0x00,0x00,0x00,0x00,0x00,0x00,0x00,0xf8,0x00,0x00,0x00,0xb0,0x25,0xd8,0x0f,0xec,0x74,0xfe,0x4e,0x9b,0xaf,0x83,0x00,0x00,0x00,0x00,0xaa,0xaa,0x00,0x00,
    0x00,0x00,0x00,0x00,0x00,0x00,0x0f,0xf8,0x00,0x00,0xe7,0xd8,0xc9,0xe1,0x52,0xf5,0x57,0xff,0xae,0xf3,0x27,0xe1,0x2c,0xeb,0xf3,0xfd,0xc6,0xd0,0x00,0x00,0xaa,0xfa,
    0x00,0x00,0x00,0x00,0xaa,0xaa,0x00,0x00,0x48,0xd9,0xa9,0xf1,0x34,0xfe,0xf9,0xff,0x11,0xf5,0xc7,0xd8,0x68,0xd9,0xa9,0xe1,0x57,0xff,0xb0,0xf4,0x85,0xd0,0x00,0x00,
    0x00,0x00,0x00,0xf8,0x00,0x00,0x09,0xda,0x07,0xe1,0x6f,0xf4,0xd8,0xff,0x36,0xff,0x8b,0xe2,0x28,0xd9,0x88,0xd9,0x68,0xd9,0x34,0xfe,0xb7,0xff,0x4a,0xe2,0x66,0xd0,
    0x00,0x00,0xe7,0xb9,0x00,0x00,0x68,0xd9,0x68,0xe1,0x95,0xfe,0xf9,0xff,0x95,0xfe,0x68,0xe1,0x68,0xd9,0x68,0xd9,0x88,0xd9,0x54,0xfe,0xf8,0xff,0x0f,0xf4,0xc7,0xd8,
    0x00,0x00,0x00,0x00,0x00,0x00,0x89,0xe1,0x47,0xd1,0x57,0xff,0xb7,0xff,0x51,0xf5,0x48,0xd9,0x68,0xe9,0x48,0xe9,0x0a,0xea,0x36,0xff,0xb7,0xff,0xb0,0xf4,0x07,0xd9,
    0x00,0x00,0x00,0x00,0x00,0x00,0x00,0x00,0x00,0x00,0x00,0x00,0x00,0x00,0x00,0x00,0x6b,0xba,0xcc,0x9a,0xea,0xb9,0x8b,0xe2,0x36,0xff,0xf9,0xff,0x2f,0xec,0x07,0xe1,
    0x00,0x00,0x00,0x00,0x00,0x00,0x00,0xf8,0x00,0xf8,0xf5,0xff,0xf9,0xff,0xef,0xfd,0xd0,0x5b,0xd0,0x5b,0x34,0x2d,0x00,0x00,0x00,0x00,0xf8,0xff,0x0c,0xe3,0x48,0xd9,
    0x00,0x00,0x00,0x00,0x00,0x00,0x00,0x00,0xe0,0xfb,0xe0,0xfb,0x89,0xb4,0x40,0xfd,0x8f,0x63,0x8f,0x6b,0x09,0xc3,0x64,0xdb,0x4a,0xad,0x00,0x00,0x00,0x00,0x00,0x00,
    0x00,0x00,0x00,0x00,0xff,0x03,0x4a,0xad,0x00,0x00,0x00,0x00,0x00,0x00,0x00,0x00,0xb0,0x63,0xb0,0x63,0x00,0x00,0x00,0x00,0x00,0x00,0x6c,0xfe,0x4a,0xfd,0x0a,0xf8,
    0x55,0x55,0x00,0x00,0x00,0x00,0x00,0x00,0x62,0xec,0x81,0xfc,0x82,0xf4,0x80,0xfc,0xad,0x7b,0xeb,0x93,0xa0,0xfc,0x82,0xf4,0xa1,0xf4,0x00,0x00,0x00,0x00,0x55,0x55,
    0x00,0x00,0x00,0x00,0x3a,0x2c,0x46,0xc4,0x81,0xfc,0xc2,0xfc,0xc1,0xfc,0xc2,0xfc,0xee,0x83,0x47,0xc4,0xe1,0xfc,0xc2,0xfc,0x81,0xf4,0x82,0xf4,0x60,0xfb,0x00,0x00,
    0x58,0x44,0x38,0x34,0x1b,0x55,0x47,0xf5,0x80,0xfc,0x60,0xfc,0x60,0xfc,0xc2,0xfc,0xe4,0xfc,0xc2,0xfc,0x60,0xfc,0x60,0xfc,0x80,0xfc,0xe0,0xfc,0x2b,0xd5,0xfe,0x34,
    0x79,0x3c,0x9a,0x3c,0x79,0x44,0x17,0x75,0x13,0x95,0x11,0xa5,0x10,0xad,0x30,0xad,0x30,0xad,0x10,0xad,0x10,0xad,0x31,0xa5,0x12,0x9d,0x14,0x8d,0x3a,0x65,0x9a,0x3c,
    0x58,0x3c,0x58,0x3c,0x79,0x3c,0x7a,0x34,0x7a,0x34,0x7a,0x34,0x7a,0x34,0x5a,0x34,0x5a,0x34,0x7a,0x34,0x7a,0x34,0x7b,0x34,0x9b,0x34,0x7a,0x34,0x39,0x34,0x38,0x3c,
    0x00,0x00,0x36,0x3c,0x79,0x3c,0x58,0x44,0x58,0x3c,0x38,0x3c,0x37,0x3c,0x37,0x3c,0x37,0x3c,0x37,0x3c,0x38,0x3c,0x37,0x3c,0x58,0x44,0x78,0x44,0x96,0x4c,0x00,0x00,
    0x00,0x00,0x00,0x00,0x02,0x00,0x07,0x3e,0x65,0x64,0xc9,0x74,0x00,0x00,0x03,0x00,0x00,0x00,0x00,0x02,0x00,0x5c,0xd5,0xff,0xff,0xff,0xff,0xef,0xa4,0x29,0x00,0x03,
    0x00,0x00,0x03,0x00,0x74,0xff,0xff,0xfe,0xfd,0xfd,0xfe,0xff,0xff,0xf4,0x4e,0x00,0x00,0x02,0x00,0x27,0xff,0xfc,0xf8,0xfb,0xfd,0xff,0xff,0xfe,0xfa,0xff,0xf6,0x33,
    0x00,0x04,0x00,0x6a,0xf0,0xfd,0xff,0xff,0xff,0xff,0xfc,0xfd,0xfd,0xfb,0xff,0xbf,0x00,0x01,0x00,0x14,0x18,0x69,0x93,0x61,0xd1,0xff,0xff,0xff,0xff,0xfe,0xff,0xf7,
    0x00,0x00,0x00,0x00,0x00,0x00,0x00,0x00,0x10,0xef,0xa1,0x45,0xb1,0xff,0xf5,0xff,0x00,0x00,0x00,0x01,0x01,0x03,0x05,0x04,0x1f,0xf9,0x22,0x00,0x00,0x38,0x31,0x82,
    0x00,0x00,0x00,0x00,0x02,0x04,0x07,0x03,0x54,0xf2,0x0d,0x07,0x03,0x00,0x00,0x00,0x00,0x00,0x02,0x03,0x00,0x00,0x00,0x00,0x87,0xc7,0x00,0x00,0x00,0x05,0x03,0x03,
    0x03,0x00,0x00,0x00,0x26,0x72,0x9c,0xa8,0xe4,0xdd,0x88,0x5f,0x24,0x00,0x00,0x03,0x00,0x00,0x34,0x85,0xf6,0xff,0xff,0xff,0xff,0xff,0xff,0xff,0xf7,0xa5,0x15,0x00,
    0x4e,0xca,0xff,0xff,0xff,0xfb,0xfb,0xfb,0xfe,0xfe,0xfb,0xfc,0xff,0xff,0xd7,0x4e,0xff,0xff,0xfc,0xf9,0xfc,0xfe,0xfe,0xff,0xff,0xff,0xfe,0xfd,0xfc,0xf9,0xff,0xff,
    0x72,0xe2,0xff,0xff,0xff,0xff,0xff,0xff,0xff,0xff,0xff,0xff,0xff,0xff,0xe2,0x72,0x00,0x15,0x5e,0x9a,0xc8,0xe3,0xf2,0xfd,0xfd,0xf2,0xe3,0xc8,0x9a,0x5e,0x15,0x00,

};

const lv_image_dsc_t emoji_beach_16 = {
  .header.magic = LV_IMAGE_HEADER_MAGIC,
  .header.cf = LV_COLOR_FORMAT_RGB565A8,
  .header.flags = 0,
  .header.w = 16,
  .header.h = 16,
  .header.stride = 32,
  .data_size = sizeof(emoji_beach_16_map),
  .data = emoji_beach_16_map,
};




#ifndef LV_ATTRIBUTE_MEM_ALIGN
#define LV_ATTRIBUTE_MEM_ALIGN
#endif

#ifndef LV_ATTRIBUTE_EMOJI_POTATO_16
#define LV_ATTRIBUTE_EMOJI_POTATO_16
#endif

static const
LV_ATTRIBUTE_MEM_ALIGN LV_ATTRIBUTE_LARGE_CONST LV_ATTRIBUTE_EMOJI_POTATO_16
uint8_t emoji_potato_16_map[] = {

    0x00,0x00,0xef,0xff,0x00,0x00,0x00,0x00,0x51,0xed,0x51,0xe5,0x00,0x00,0x00,0x00,0x4a,0xad,0x00,0x00,0x00,0x00,0x00,0x00,0x00,0x00,0x00,0x00,0x00,0x00,0x00,0x00,
    0x55,0xad,0x00,0x00,0xcf,0xd4,0x10,0xdd,0xf0,0xdc,0x10,0xdd,0x10,0xdd,0xef,0xd4,0x00,0x00,0xef,0xfb,0x00,0x00,0x00,0x00,0x00,0x00,0x00,0x00,0x00,0x00,0x00,0x00,
    0x00,0x00,0xf0,0xdc,0x31,0xe5,0x51,0xe5,0x10,0xdd,0x10,0xdd,0x31,0xe5,0x31,0xe5,0xf0,0xdc,0x00,0x00,0xef,0xfb,0x00,0xf8,0x00,0x00,0x00,0x00,0x00,0x00,0x00,0x00,
    0x10,0xdd,0x10,0xdd,0xf0,0xdc,0xf0,0xdc,0xf0,0xdc,0xf0,0xdc,0xf0,0xdc,0xf0,0xdc,0x51,0xed,0x31,0xdd,0x00,0x00,0x55,0xfd,0xef,0xff,0xef,0xbb,0x00,0xf8,0x00,0x00,
    0xf0,0xdc,0x31,0xe5,0xf0,0xdc,0xf0,0xdc,0xf0,0xdc,0xf0,0xdc,0xf0,0xdc,0xf0,0xdc,0xf0,0xdc,0x4d,0xd4,0xe8,0xba,0x00,0x00,0x00,0x00,0x00,0x00,0x00,0x00,0x00,0x00,
    0xf0,0xdc,0x10,0xdd,0xf0,0xdc,0xf0,0xdc,0x10,0xdd,0xf0,0xdc,0xf0,0xdc,0xf0,0xdc,0xec,0xcb,0xcb,0xcb,0xaf,0xd4,0xf0,0xdc,0x10,0xdd,0xf0,0xdc,0xd3,0xcc,0x00,0x00,
    0xf0,0xdc,0x10,0xdd,0xf0,0xdc,0xf0,0xdc,0x6e,0xd4,0xf0,0xdc,0x10,0xdd,0xcf,0xd4,0x8f,0xd4,0x10,0xdd,0x31,0xe5,0x31,0xe5,0x31,0xe5,0x71,0xed,0xf0,0xdc,0x8d,0xdc,
    0xf0,0xdc,0x30,0xe5,0xf0,0xdc,0xf0,0xdc,0x2d,0xcc,0xd0,0xd4,0xf0,0xdc,0xf0,0xdc,0x10,0xdd,0xf0,0xdc,0xf0,0xdc,0xf0,0xdc,0xf0,0xdc,0xf0,0xdc,0x51,0xed,0xf0,0xdc,
    0x10,0xdd,0x10,0xe5,0x4a,0xc3,0xaf,0xd4,0x30,0xdd,0xf0,0xdc,0xf0,0xdc,0xf0,0xdc,0xf0,0xdc,0xf0,0xdc,0xf0,0xdc,0xf0,0xdc,0xf0,0xdc,0xf0,0xdc,0x10,0xe5,0xf0,0xdc,
    0x12,0xdd,0xef,0xd4,0xaf,0xdc,0xcf,0xd4,0xf0,0xdc,0xf0,0xdc,0x10,0xdd,0xf0,0xdc,0xf0,0xdc,0xf0,0xdc,0xf0,0xdc,0xf0,0xdc,0xf0,0xdc,0xf0,0xdc,0xf0,0xdc,0xf0,0xdc,
    0x00,0x00,0xf0,0xdc,0x31,0xe5,0x10,0xdd,0xf0,0xdc,0xf0,0xdc,0x6e,0xd4,0xcf,0xdc,0xf0,0xdc,0xf0,0xdc,0xf0,0xdc,0xf0,0xdc,0xf0,0xdc,0xf0,0xdc,0xf0,0xdc,0xf0,0xdc,
    0x4a,0xad,0x00,0x00,0xcf,0xd4,0x10,0xe5,0x51,0xe5,0xcf,0xd4,0x4a,0xc3,0x8e,0xd4,0x10,0xdd,0xf0,0xdc,0xf0,0xdc,0xf0,0xdc,0xcf,0xd4,0xec,0xcb,0x30,0xe5,0xf0,0xdc,
    0x00,0x00,0x55,0xad,0x00,0x00,0xcf,0xd4,0x10,0xdd,0x10,0xdd,0x31,0xe5,0x30,0xe5,0xf0,0xdc,0xf0,0xdc,0xf0,0xdc,0xf0,0xdc,0xf0,0xd4,0x10,0xdd,0x10,0xdd,0xf0,0xdc,
    0x00,0x00,0x00,0x00,0x4a,0xad,0x00,0x00,0x00,0x00,0x10,0xdd,0x10,0xdd,0xf0,0xdc,0x10,0xdd,0x51,0xe5,0x51,0xed,0x51,0xed,0x31,0xe5,0x31,0xe5,0xef,0xd4,0x00,0x00,
    0x00,0x00,0x00,0x00,0x00,0x00,0xef,0xfb,0xef,0xfb,0x00,0x00,0x00,0x00,0xef,0xfb,0x10,0xdd,0x10,0xdd,0xf0,0xdc,0xf0,0xd4,0x10,0xdd,0x6d,0xcc,0x00,0x00,0xef,0xfb,
    0x00,0x00,0x00,0x00,0x00,0x00,0x00,0x00,0x00,0x00,0xef,0xfb,0xef,0xbb,0x00,0x00,0x00,0x00,0x00,0x00,0x00,0x00,0x00,0x00,0x00,0x00,0x00,0x00,0x4a,0xad,0x00,0x00,
    0x00,0x02,0x00,0x00,0x0f,0x12,0x00,0x00,0x03,0x00,0x00,0x00,0x00,0x00,0x00,0x00,0x03,0x00,0x40,0xb2,0xe3,0xe5,0xbd,0x4c,0x00,0x02,0x00,0x00,0x00,0x00,0x00,0x00,
    0x00,0x69,0xff,0xff,0xff,0xff,0xff,0xff,0x7f,0x00,0x02,0x01,0x00,0x00,0x00,0x00,0x3e,0xff,0xfe,0xfb,0xfe,0xfe,0xfc,0xfc,0xff,0x8b,0x00,0x03,0x02,0x04,0x01,0x00,
    0xbe,0xff,0xfc,0xff,0xff,0xff,0xff,0xfe,0xfb,0xff,0x31,0x00,0x00,0x00,0x00,0x01,0xeb,0xfe,0xfe,0xff,0xff,0xff,0xff,0xff,0xfe,0xfe,0xd6,0xc2,0xb7,0x6e,0x05,0x00,
    0xe6,0xff,0xfe,0xff,0xff,0xff,0xff,0xff,0xff,0xff,0xff,0xff,0xff,0xff,0xb5,0x07,0xc2,0xfe,0xfd,0xff,0xff,0xff,0xff,0xff,0xff,0xff,0xfd,0xfc,0xfc,0xf9,0xff,0x76,
    0x6d,0xff,0xfc,0xff,0xff,0xff,0xff,0xff,0xff,0xff,0xff,0xff,0xff,0xfd,0xfd,0xd4,0x0e,0xde,0xff,0xfc,0xff,0xff,0xff,0xff,0xff,0xff,0xff,0xff,0xff,0xff,0xff,0xf2,
    0x00,0x43,0xfe,0xff,0xfb,0xff,0xff,0xff,0xff,0xff,0xff,0xff,0xff,0xff,0xfe,0xef,0x03,0x00,0x54,0xf2,0xff,0xff,0xfb,0xfd,0xfe,0xff,0xff,0xff,0xff,0xfb,0xff,0xc3,
    0x00,0x03,0x00,0x29,0xac,0xfb,0xff,0xff,0xff,0xfc,0xfb,0xfb,0xfc,0xff,0xff,0x43,0x00,0x00,0x03,0x00,0x00,0x2e,0x88,0xd6,0xff,0xff,0xff,0xff,0xff,0xe4,0x56,0x00,
    0x00,0x00,0x00,0x02,0x02,0x00,0x00,0x02,0x2b,0x56,0x6f,0x6f,0x4d,0x10,0x00,0x02,0x00,0x00,0x00,0x00,0x00,0x02,0x04,0x00,0x00,0x00,0x00,0x00,0x00,0x00,0x03,0x00,

};

const lv_image_dsc_t emoji_potato_16 = {
  .header.magic = LV_IMAGE_HEADER_MAGIC,
  .header.cf = LV_COLOR_FORMAT_RGB565A8,
  .header.flags = 0,
  .header.w = 16,
  .header.h = 16,
  .header.stride = 32,
  .data_size = sizeof(emoji_potato_16_map),
  .data = emoji_potato_16_map,
};




#ifndef LV_ATTRIBUTE_MEM_ALIGN
#define LV_ATTRIBUTE_MEM_ALIGN
#endif

#ifndef LV_ATTRIBUTE_EMOJI_HAMMER_PICK_16
#define LV_ATTRIBUTE_EMOJI_HAMMER_PICK_16
#endif

static const
LV_ATTRIBUTE_MEM_ALIGN LV_ATTRIBUTE_LARGE_CONST LV_ATTRIBUTE_EMOJI_HAMMER_PICK_16
uint8_t emoji_hammer_pick_16_map[] = {

    0x00,0x00,0x00,0x00,0x00,0x00,0xaf,0x6b,0xf0,0x6b,0xaf,0x63,0x00,0x00,0xff,0x07,0xff,0x07,0x00,0x00,0xaf,0x63,0xf0,0x6b,0xaf,0x6b,0x00,0x00,0x00,0x00,0x00,0x00,
    0xb5,0x52,0x00,0xfd,0x27,0xbc,0xb0,0x63,0xb0,0x6b,0xd0,0x6b,0xaf,0x63,0xef,0x7b,0xef,0x7b,0xaf,0x63,0xd0,0x6b,0xb0,0x6b,0xb0,0x63,0xc7,0xab,0xc0,0xfb,0xff,0x7b,
    0x00,0x00,0x27,0xb4,0x30,0x84,0xb0,0x63,0xaf,0x63,0xaf,0x6b,0xf1,0x73,0x90,0x63,0x90,0x63,0xf1,0x6b,0xaf,0x6b,0xaf,0x63,0xb0,0x63,0x30,0x7c,0xa7,0xa3,0x00,0x00,
    0xaf,0x63,0xb0,0x63,0xb0,0x63,0xaf,0x63,0xaf,0x63,0xd1,0x63,0x91,0x5b,0xe7,0xbb,0xe7,0xbb,0x91,0x5b,0xd1,0x63,0xaf,0x63,0xaf,0x63,0xb0,0x63,0xb0,0x63,0xaf,0x63,
    0xd0,0x6b,0xb0,0x63,0xaf,0x63,0xaf,0x63,0x91,0x5b,0x29,0xac,0x80,0xfc,0x00,0x00,0x00,0x00,0xa0,0xeb,0xc9,0xa3,0xb1,0x5b,0xaf,0x63,0xaf,0x63,0xf0,0x6b,0xaf,0x63,
    0xaf,0x63,0xd0,0x6b,0xaf,0x6b,0xb1,0x63,0x29,0xac,0xa0,0xfc,0xa1,0xfc,0x81,0xfc,0x81,0xcb,0xe1,0xdb,0xc0,0xe3,0xc8,0xa3,0xd1,0x63,0xaf,0x63,0xb0,0x63,0xaf,0x63,
    0x00,0x00,0xaf,0x63,0x11,0x74,0x91,0x5b,0xa0,0xfc,0xa1,0xfc,0x81,0xfc,0x81,0xf4,0x01,0xdc,0xc1,0xdb,0x01,0xe4,0xc0,0xeb,0xb1,0x5b,0xf1,0x6b,0xaf,0x63,0xaf,0x63,
    0x00,0x00,0x00,0x00,0xb0,0x63,0x00,0x00,0x00,0x00,0x81,0xf4,0xa1,0xfc,0x81,0xf4,0x81,0xf4,0x21,0xe4,0x81,0xcb,0x00,0x00,0x00,0x00,0xaf,0x63,0xf1,0x6b,0xd0,0x6b,
    0x00,0x00,0x1f,0x00,0x00,0x00,0xe5,0xd3,0x00,0x00,0x80,0xcb,0x21,0xec,0x81,0xf4,0x81,0xf4,0xa1,0xfc,0x81,0xfc,0x00,0x00,0x84,0xb4,0x00,0x00,0xaf,0x63,0xaf,0x63,
    0x00,0x00,0x00,0x00,0xe5,0xd3,0x00,0x00,0xc1,0xd3,0xe1,0xdb,0xc1,0xdb,0x01,0xe4,0x81,0xf4,0x81,0xfc,0xa1,0xfc,0x61,0xf4,0x00,0x00,0x45,0xd5,0x00,0x00,0x00,0x00,
    0x00,0x00,0x20,0xcb,0x00,0x00,0xc1,0xd3,0xe1,0xdb,0xc1,0xdb,0xe1,0xe3,0xa1,0xcb,0x81,0xf4,0xa1,0xfc,0x81,0xf4,0xa1,0xfc,0x61,0xf4,0x00,0x00,0xe7,0xbb,0xef,0x3b,
    0xa0,0xaa,0x00,0x00,0xa1,0xd3,0xc1,0xdb,0xc1,0xdb,0xe1,0xdb,0xc1,0xd3,0x00,0x00,0x00,0x00,0x81,0xf4,0xa1,0xfc,0x81,0xf4,0xa1,0xfc,0x61,0xf4,0x00,0x00,0x40,0xfd,
    0x00,0x00,0xa1,0xd3,0xe1,0xdb,0xc1,0xdb,0xe1,0xdb,0xa1,0xd3,0x00,0x00,0x20,0xcb,0xc0,0xcc,0x00,0x00,0x61,0xf4,0xa1,0xfc,0x81,0xf4,0xa1,0xfc,0x61,0xf4,0x00,0x00,
    0xc0,0xd3,0xc1,0xd3,0xe1,0xdb,0xe1,0xdb,0xc1,0xd3,0x00,0x00,0xe0,0xfb,0x00,0x00,0x00,0x00,0xe0,0xfb,0x00,0x00,0x81,0xf4,0xa1,0xfc,0xa1,0xfc,0x61,0xf4,0x61,0xf4,
    0xa0,0xd3,0xc1,0xd3,0xe1,0xdb,0xa0,0xd3,0x00,0x00,0xe0,0xfb,0x00,0x00,0x00,0x00,0x00,0x00,0x00,0x00,0xe0,0xfb,0x00,0x00,0x61,0xf4,0xa1,0xfc,0x61,0xf4,0x60,0xec,
    0x00,0x00,0xc0,0xdb,0xa1,0xd3,0x00,0x00,0xa0,0xaa,0x00,0x00,0x00,0x00,0x00,0x00,0x00,0x00,0x00,0x00,0x00,0x00,0x40,0xfd,0x00,0x00,0x61,0xf4,0x80,0xf4,0x00,0x00,
    0x00,0x00,0x00,0x50,0xf6,0x99,0x00,0x01,0x01,0x00,0x99,0xf6,0x50,0x00,0x00,0x00,0x03,0x19,0xa9,0xf7,0xfe,0xff,0x8c,0x04,0x04,0x8c,0xff,0xfe,0xf7,0xa9,0x19,0x02,
    0x00,0xaa,0xff,0xfd,0xfe,0xff,0xff,0x1b,0x1b,0xff,0xff,0xfe,0xfd,0xff,0xaa,0x00,0x50,0xf5,0xfb,0xfd,0xfd,0xfc,0x79,0x04,0x04,0x79,0xfc,0xfd,0xfd,0xfb,0xf2,0x30,
    0xff,0xff,0xfe,0xfd,0xfc,0xfb,0x51,0x00,0x00,0x51,0xfb,0xfc,0xfd,0xfc,0xff,0xaf,0x99,0xff,0xff,0xff,0xff,0xfe,0xff,0x4e,0x4e,0xff,0xfe,0xff,0xff,0xfc,0xfe,0xe7,
    0x00,0x8c,0xfa,0x78,0x5c,0xff,0xff,0xfd,0xfd,0xff,0xff,0x5c,0x7b,0xff,0xfb,0xfa,0x01,0x00,0x23,0x00,0x00,0x59,0xf7,0xfd,0xfd,0xf7,0x5a,0x00,0x00,0x82,0xff,0xff,
    0x00,0x01,0x00,0x06,0x00,0x4d,0xf7,0xfc,0xfc,0xf7,0x4d,0x00,0x07,0x00,0x5b,0x70,0x00,0x00,0x06,0x00,0x57,0xff,0xff,0xff,0xff,0xff,0xff,0x57,0x00,0x06,0x00,0x00,
    0x00,0x05,0x00,0x57,0xfd,0xfd,0xff,0x59,0x59,0xff,0xfd,0xfd,0x57,0x00,0x08,0x04,0x03,0x00,0x58,0xfd,0xfd,0xff,0x63,0x00,0x00,0x63,0xff,0xfd,0xfd,0x58,0x00,0x03,
    0x00,0x54,0xfd,0xfd,0xff,0x62,0x00,0x05,0x05,0x00,0x62,0xff,0xfd,0xfd,0x54,0x00,0x24,0xfa,0xff,0xff,0x63,0x00,0x04,0x00,0x00,0x04,0x00,0x63,0xff,0xff,0xfa,0x24,
    0x20,0xe7,0xf8,0x60,0x00,0x04,0x00,0x00,0x00,0x00,0x04,0x00,0x60,0xf8,0xe7,0x20,0x00,0x23,0x2f,0x00,0x03,0x00,0x00,0x00,0x00,0x00,0x00,0x03,0x00,0x2f,0x23,0x00,

};

const lv_image_dsc_t emoji_hammer_pick_16 = {
  .header.magic = LV_IMAGE_HEADER_MAGIC,
  .header.cf = LV_COLOR_FORMAT_RGB565A8,
  .header.flags = 0,
  .header.w = 16,
  .header.h = 16,
  .header.stride = 32,
  .data_size = sizeof(emoji_hammer_pick_16_map),
  .data = emoji_hammer_pick_16_map,
};




#ifndef LV_ATTRIBUTE_MEM_ALIGN
#define LV_ATTRIBUTE_MEM_ALIGN
#endif

#ifndef LV_ATTRIBUTE_EMOJI_PENGUIN_16
#define LV_ATTRIBUTE_EMOJI_PENGUIN_16
#endif

static const
LV_ATTRIBUTE_MEM_ALIGN LV_ATTRIBUTE_LARGE_CONST LV_ATTRIBUTE_EMOJI_PENGUIN_16
uint8_t emoji_penguin_16_map[] = {

    0x00,0x00,0x00,0x00,0x00,0x00,0x00,0x00,0xaa,0x52,0x00,0x00,0xe8,0x39,0xa7,0x29,0x46,0x21,0x66,0x21,0x00,0x00,0x00,0x00,0x00,0x00,0x00,0x00,0x00,0x00,0x00,0x00,
    0x00,0x00,0x00,0x00,0x00,0x00,0xaa,0x02,0x00,0x00,0x82,0x08,0x93,0x8c,0x91,0x94,0x45,0xcc,0x46,0xed,0xc6,0xfd,0xa6,0xfd,0x66,0xfd,0x00,0xf8,0xe0,0xff,0x00,0x00,
    0x00,0x00,0x00,0x00,0x00,0x00,0x00,0x00,0xe7,0x31,0x25,0x21,0xc7,0x31,0x66,0x29,0xe4,0x82,0x25,0xbc,0x06,0xbc,0x26,0xed,0x46,0xfd,0x00,0x00,0xe0,0xfb,0x00,0x00,
    0x00,0x00,0x00,0x00,0xe7,0x39,0x00,0x00,0xe4,0x10,0x4d,0x63,0x79,0xce,0x51,0x84,0x32,0x7c,0x5a,0xbe,0xed,0x52,0x43,0x00,0x00,0x00,0xe7,0x39,0x00,0x00,0x00,0x00,
    0x00,0x00,0xaa,0x52,0x00,0x00,0x04,0x19,0x08,0x3a,0x7d,0xef,0xff,0xff,0xff,0xff,0xff,0xff,0xff,0xff,0x7d,0xef,0x28,0x42,0x25,0x21,0x00,0x00,0xaa,0x52,0x00,0x00,
    0x00,0x00,0x00,0x00,0xc7,0x31,0x04,0x19,0xf4,0x9c,0xff,0xff,0x9e,0xef,0xbe,0xf7,0xbe,0xf7,0x9e,0xef,0xff,0xff,0xf4,0x9c,0x04,0x19,0xc7,0x31,0x00,0x00,0x00,0x00,
    0x00,0x00,0x45,0x29,0x66,0x29,0x86,0x29,0xdb,0xde,0xff,0xff,0xbf,0xf7,0xdf,0xf7,0xdf,0xf7,0xbf,0xf7,0xff,0xff,0xdb,0xde,0x86,0x29,0x66,0x29,0x45,0x29,0x00,0x00,
    0x00,0x00,0x86,0x29,0x66,0x21,0x29,0x42,0x9e,0xef,0xdf,0xf7,0xbf,0xf7,0xdf,0xf7,0xdf,0xf7,0xbf,0xf7,0xdf,0xf7,0x9e,0xef,0x29,0x42,0x66,0x21,0x86,0x29,0x00,0x00,
    0x00,0x00,0x86,0x29,0x45,0x21,0xab,0x52,0xdf,0xf7,0xdf,0xf7,0xdf,0xf7,0xdf,0xf7,0xdf,0xf7,0xdf,0xf7,0xdf,0xf7,0xdf,0xf7,0xab,0x52,0x45,0x21,0x86,0x29,0x00,0x00,
    0x47,0x29,0x86,0x29,0x45,0x21,0x8a,0x4a,0xbf,0xf7,0xdf,0xf7,0xdf,0xf7,0xdf,0xf7,0xdf,0xf7,0xdf,0xf7,0xdf,0xf7,0xbf,0xf7,0x8a,0x4a,0x45,0x21,0x86,0x29,0x47,0x29,
    0x66,0x21,0x86,0x29,0x45,0x21,0xe8,0x31,0x5d,0xe7,0xff,0xff,0xbf,0xf7,0xdf,0xf7,0xdf,0xf7,0xbf,0xf7,0xff,0xff,0x5d,0xef,0xe8,0x39,0x45,0x21,0x86,0x29,0x66,0x21,
    0x86,0x29,0x66,0x29,0xa7,0x31,0x25,0x21,0x38,0xc6,0xff,0xff,0xbe,0xf7,0xdf,0xf7,0xdf,0xf7,0xbe,0xf7,0xff,0xff,0x38,0xc6,0x25,0x21,0xa7,0x31,0x66,0x29,0x86,0x29,
    0x46,0x29,0x86,0x21,0x00,0x00,0xc4,0x08,0xaf,0x73,0xff,0xff,0xbe,0xf7,0xbf,0xf7,0xbf,0xf7,0xbe,0xf7,0xff,0xff,0xaf,0x73,0xc4,0x08,0x00,0x00,0x86,0x21,0x46,0x29,
    0x00,0x00,0x00,0x00,0xe5,0xd3,0xe6,0x72,0x45,0x21,0x77,0xa5,0xff,0xff,0xdf,0xf7,0xdf,0xf7,0xff,0xff,0x77,0xa5,0x45,0x21,0xe6,0x72,0xe5,0xd3,0x00,0x00,0x00,0x00,
    0x40,0xad,0x00,0x00,0x26,0xf5,0xa6,0xfd,0x46,0xc4,0xa6,0x6a,0xb4,0xbd,0xbc,0xff,0xbc,0xff,0xb4,0xbd,0xa6,0x6a,0x46,0xc4,0x86,0xfd,0x26,0xf5,0x00,0x00,0x40,0xad,
    0xe0,0xfb,0x00,0x00,0x86,0xfd,0x46,0xfd,0xa6,0xfd,0x86,0xfd,0xa4,0xe4,0x49,0xed,0x49,0xed,0xa4,0xe4,0x86,0xfd,0xa6,0xfd,0x46,0xfd,0x66,0xfd,0x00,0x00,0xe0,0xfb,
    0x00,0x00,0x00,0x00,0x03,0x00,0x68,0xf1,0xf1,0x68,0x00,0x00,0x00,0x00,0x00,0x00,0x00,0x00,0x00,0x03,0x00,0x60,0xff,0xff,0xff,0xff,0xca,0x94,0x25,0x01,0x01,0x00,
    0x00,0x00,0x02,0x02,0x26,0xf8,0xfe,0xfe,0xff,0xfe,0xff,0xd3,0x76,0x01,0x02,0x00,0x00,0x00,0x04,0x00,0xac,0xff,0xfb,0xff,0xff,0xfb,0xfd,0x98,0x00,0x04,0x00,0x00,
    0x00,0x03,0x00,0x64,0xff,0xfc,0xff,0xff,0xff,0xff,0xfc,0xff,0x66,0x00,0x03,0x00,0x03,0x00,0x38,0xfc,0xfd,0xfe,0xff,0xff,0xff,0xff,0xfe,0xfd,0xfc,0x38,0x00,0x03,
    0x02,0x06,0xd2,0xff,0xfc,0xff,0xff,0xff,0xff,0xff,0xff,0xfc,0xff,0xd2,0x06,0x02,0x00,0x57,0xff,0xfb,0xff,0xff,0xff,0xff,0xff,0xff,0xff,0xff,0xfb,0xff,0x57,0x00,
    0x00,0xb5,0xfc,0xfb,0xff,0xff,0xff,0xff,0xff,0xff,0xff,0xff,0xfb,0xfc,0xb5,0x00,0x12,0xe8,0xff,0xff,0xff,0xff,0xff,0xff,0xff,0xff,0xff,0xff,0xff,0xff,0xe8,0x12,
    0x36,0xff,0xd8,0xf4,0xff,0xff,0xff,0xff,0xff,0xff,0xff,0xff,0xf4,0xd8,0xff,0x36,0x55,0xf1,0x38,0xef,0xff,0xfe,0xff,0xff,0xff,0xff,0xfe,0xff,0xef,0x38,0xf1,0x55,
    0x1d,0x34,0x00,0xc1,0xff,0xfc,0xff,0xff,0xff,0xff,0xfc,0xff,0xc1,0x00,0x34,0x1d,0x00,0x00,0x06,0x65,0xfc,0xfc,0xfc,0xfd,0xfd,0xfc,0xfc,0xfc,0x65,0x06,0x00,0x00,
    0x03,0x02,0x22,0xec,0xfe,0xff,0xff,0xff,0xff,0xff,0xff,0xfe,0xed,0x23,0x02,0x03,0x02,0x00,0x24,0xfe,0xfa,0xde,0xb9,0x71,0x71,0xb9,0xde,0xfa,0xfe,0x25,0x00,0x02,

};

const lv_image_dsc_t emoji_penguin_16 = {
  .header.magic = LV_IMAGE_HEADER_MAGIC,
  .header.cf = LV_COLOR_FORMAT_RGB565A8,
  .header.flags = 0,
  .header.w = 16,
  .header.h = 16,
  .header.stride = 32,
  .data_size = sizeof(emoji_penguin_16_map),
  .data = emoji_penguin_16_map,
};




#ifndef LV_ATTRIBUTE_MEM_ALIGN
#define LV_ATTRIBUTE_MEM_ALIGN
#endif

#ifndef LV_ATTRIBUTE_EMOJI_FOX_16
#define LV_ATTRIBUTE_EMOJI_FOX_16
#endif

static const
LV_ATTRIBUTE_MEM_ALIGN LV_ATTRIBUTE_LARGE_CONST LV_ATTRIBUTE_EMOJI_FOX_16
uint8_t emoji_fox_16_map[] = {

    0x82,0xf4,0x00,0x00,0x00,0x00,0x00,0x00,0xe0,0xfb,0x00,0x00,0x00,0x00,0x00,0x00,0x00,0x00,0x00,0x00,0x00,0x00,0xe0,0xfb,0x00,0x00,0x00,0x00,0x00,0x00,0x82,0xf4,
    0x61,0xf4,0xc1,0xfc,0x41,0xfd,0x00,0x00,0x00,0x00,0x40,0xfd,0x40,0xfd,0x4a,0xfd,0x4a,0xfd,0x40,0xfd,0x40,0xfd,0x00,0x00,0x00,0x00,0x41,0xfd,0xc1,0xfc,0x61,0xf4,
    0x41,0xf4,0xc3,0xc9,0x62,0xe3,0xe1,0xfc,0x41,0xfd,0x00,0x00,0x00,0x00,0x00,0x00,0x00,0x00,0x00,0x00,0x00,0x00,0x41,0xfd,0xe1,0xfc,0x62,0xe3,0xc3,0xc9,0x41,0xf4,
    0x81,0xf4,0xe3,0xb0,0x04,0x90,0xa3,0xc1,0xe1,0xeb,0xa2,0xf4,0x45,0xec,0x64,0xf4,0x64,0xf4,0x45,0xec,0xa2,0xf4,0xe1,0xeb,0xa3,0xc1,0x04,0x90,0xe3,0xb0,0x81,0xf4,
    0x01,0xfd,0x22,0xca,0x03,0x90,0x03,0x98,0x24,0xdb,0xc4,0xfc,0x85,0xfc,0xa5,0xfc,0xa5,0xfc,0x85,0xfc,0xc4,0xfc,0x24,0xdb,0x03,0x98,0x03,0x90,0x42,0xd2,0x01,0xfd,
    0x41,0xfd,0x82,0xeb,0x63,0xa0,0xc4,0xe3,0xc4,0xf4,0x84,0xf4,0x64,0xf4,0x64,0xf4,0x64,0xf4,0x64,0xf4,0x84,0xf4,0xc4,0xf4,0xc4,0xe3,0x63,0xa0,0xa2,0xeb,0x41,0xfd,
    0xc2,0xfd,0x41,0xec,0xe4,0xeb,0xa4,0xf4,0x64,0xec,0x24,0xdc,0x64,0xec,0x64,0xf4,0x64,0xf4,0x64,0xec,0x24,0xdc,0x64,0xec,0xa4,0xf4,0xe4,0xeb,0x41,0xf4,0x02,0xfd,
    0x00,0x00,0x84,0xf4,0xe5,0xfc,0x84,0xf4,0x25,0xdc,0x45,0x21,0xc4,0xc3,0x84,0xfc,0x84,0xfc,0xc4,0xc3,0x45,0x21,0x25,0xdc,0x84,0xf4,0xe5,0xfc,0x84,0xf4,0x00,0x00,
    0xe0,0xff,0x44,0xec,0x64,0xf4,0x63,0xf4,0x04,0xdc,0xc5,0x41,0xe4,0xcb,0x84,0xf4,0x84,0xf4,0xe4,0xcb,0xc5,0x41,0x04,0xdc,0x63,0xf4,0x64,0xf4,0x64,0xf4,0xe0,0xff,
    0x00,0x00,0xa6,0xf4,0x68,0xfd,0xab,0xfd,0xeb,0xfd,0xc6,0xf4,0x64,0xf4,0x64,0xf4,0x64,0xf4,0x64,0xf4,0xc6,0xf4,0xeb,0xfd,0xab,0xf5,0x68,0xfd,0xc6,0xf4,0x00,0x00,
    0x08,0xf5,0x0b,0xfe,0x11,0xff,0x31,0xff,0x32,0xff,0xaa,0xfd,0x43,0xec,0x65,0xec,0x65,0xec,0x43,0xec,0xaa,0xfd,0x32,0xff,0x31,0xff,0x11,0xff,0x0b,0xfe,0x08,0xf5,
    0x64,0xf4,0x69,0xfd,0xeb,0xfd,0x28,0xf5,0x0c,0xfe,0x6e,0xfe,0x84,0xf4,0xa4,0xfc,0xa4,0xfc,0x84,0xf4,0x6f,0xfe,0xeb,0xfd,0x28,0xf5,0xeb,0xfd,0x69,0xfd,0x84,0xf4,
    0x00,0x00,0xa6,0xf4,0x02,0xf4,0xa0,0xda,0x23,0xec,0x0f,0xff,0xcb,0xbc,0xc4,0x51,0xc4,0x51,0xcb,0xbc,0x0f,0xff,0x23,0xec,0xa0,0xd0,0x01,0xf4,0x86,0xf4,0x00,0x00,
    0xe0,0xfb,0x00,0x00,0x00,0x00,0x00,0x00,0x00,0xe3,0x27,0xf5,0xcf,0xfe,0x48,0x42,0x48,0x42,0xaf,0xfe,0x27,0xf5,0xa0,0xca,0x00,0x00,0x00,0x00,0x00,0x00,0xe0,0xfb,
    0x00,0x00,0xe0,0xfb,0xe0,0xfb,0x40,0xfd,0x00,0x00,0x81,0xe3,0x06,0xfd,0x28,0xf5,0x28,0xf5,0x06,0xfd,0x60,0xe3,0x00,0x00,0xa0,0xaa,0xe0,0xfb,0xe0,0xfb,0x00,0x00,
    0x00,0x00,0x00,0x00,0x00,0x00,0x00,0x00,0xe0,0x7b,0x00,0x00,0x00,0x00,0xe0,0xfb,0xc0,0xfb,0x00,0x00,0x00,0x00,0xe0,0xff,0x00,0x00,0x00,0x00,0x00,0x00,0x00,0x00,
    0x1c,0x00,0x00,0x00,0x02,0x00,0x00,0x00,0x00,0x00,0x00,0x02,0x00,0x00,0x00,0x1c,0xe5,0xc8,0x59,0x00,0x00,0x03,0x03,0x03,0x03,0x03,0x03,0x00,0x00,0x5b,0xc9,0xe3,
    0xee,0xff,0xff,0xc4,0x36,0x00,0x00,0x00,0x00,0x00,0x00,0x36,0xc4,0xff,0xff,0xec,0xce,0xfd,0xfa,0xff,0xf9,0x6a,0x42,0x59,0x59,0x42,0x6b,0xf9,0xff,0xfa,0xfd,0xce,
    0x9c,0xfe,0xfc,0xfc,0xff,0xff,0xff,0xff,0xff,0xff,0xff,0xff,0xfc,0xfc,0xfe,0x9c,0x53,0xff,0xfd,0xff,0xfe,0xfd,0xfd,0xfc,0xfc,0xfd,0xfd,0xfe,0xff,0xfd,0xff,0x53,
    0x0b,0xc6,0xff,0xfd,0xff,0xff,0xff,0xff,0xff,0xff,0xff,0xff,0xfd,0xff,0xc4,0x0b,0x00,0x70,0xff,0xfb,0xff,0xff,0xff,0xff,0xff,0xff,0xff,0xff,0xfb,0xff,0x6f,0x00,
    0x01,0x7d,0xff,0xfd,0xff,0xff,0xff,0xff,0xff,0xff,0xff,0xff,0xfd,0xff,0x7d,0x01,0x00,0x99,0xff,0xfb,0xff,0xff,0xff,0xff,0xff,0xff,0xff,0xff,0xfb,0xff,0x98,0x00,
    0x46,0xff,0xfd,0xff,0xfd,0xff,0xff,0xff,0xff,0xff,0xff,0xfe,0xff,0xfe,0xff,0x46,0x3d,0xa0,0xff,0xf1,0xff,0xfe,0xff,0xff,0xff,0xff,0xfe,0xff,0xe6,0xfe,0xa0,0x3a,
    0x00,0x25,0x3a,0x18,0x9b,0xff,0xf9,0xff,0xff,0xf9,0xff,0x8b,0x0c,0x35,0x23,0x00,0x02,0x00,0x00,0x00,0x12,0xe5,0xff,0xff,0xff,0xff,0xe1,0x0f,0x00,0x00,0x00,0x02,
    0x00,0x02,0x02,0x03,0x00,0x2a,0xbe,0xf5,0xf4,0xbb,0x27,0x00,0x03,0x02,0x02,0x00,0x00,0x00,0x00,0x00,0x02,0x00,0x00,0x24,0x23,0x00,0x00,0x01,0x00,0x00,0x00,0x00,

};

const lv_image_dsc_t emoji_fox_16 = {
  .header.magic = LV_IMAGE_HEADER_MAGIC,
  .header.cf = LV_COLOR_FORMAT_RGB565A8,
  .header.flags = 0,
  .header.w = 16,
  .header.h = 16,
  .header.stride = 32,
  .data_size = sizeof(emoji_fox_16_map),
  .data = emoji_fox_16_map,
};




#ifndef LV_ATTRIBUTE_MEM_ALIGN
#define LV_ATTRIBUTE_MEM_ALIGN
#endif

#ifndef LV_ATTRIBUTE_EMOJI_BAT_16
#define LV_ATTRIBUTE_EMOJI_BAT_16
#endif

static const
LV_ATTRIBUTE_MEM_ALIGN LV_ATTRIBUTE_LARGE_CONST LV_ATTRIBUTE_EMOJI_BAT_16
uint8_t emoji_bat_16_map[] = {

    0x00,0x00,0x00,0x00,0x00,0x00,0x00,0x00,0x00,0x00,0x00,0x00,0x00,0x00,0x00,0x00,0x00,0x00,0x00,0x00,0x00,0x00,0x00,0x00,0x00,0x00,0x00,0x00,0x00,0x00,0x00,0x00,
    0x00,0x00,0x00,0x00,0xef,0x7b,0x00,0x00,0x00,0x00,0x00,0x00,0xf1,0x6b,0xff,0xff,0xff,0xff,0xf1,0x6b,0x00,0x00,0x00,0x00,0x00,0x00,0xef,0x7b,0x00,0x00,0x00,0x00,
    0x00,0x00,0xef,0x7b,0x00,0x00,0x00,0x00,0x00,0x00,0xf3,0x7c,0x6f,0x63,0x6f,0x63,0x6f,0x63,0x6f,0x63,0xf3,0x7c,0x00,0x00,0x00,0x00,0x00,0x00,0xef,0x7b,0x00,0x00,
    0xef,0x7b,0x00,0x00,0x4e,0x5b,0x8f,0x6b,0x00,0x00,0xf0,0x6b,0x6e,0x5b,0xaf,0x63,0xaf,0x63,0x4e,0x5b,0xf0,0x6b,0x00,0x00,0xd0,0x6b,0x4e,0x5b,0x00,0x00,0xef,0x7b,
    0x00,0x00,0xd0,0x6b,0x52,0x74,0x6e,0x63,0xb5,0x52,0xd5,0x8c,0xec,0x52,0x2d,0x5b,0x2d,0x5b,0xec,0x52,0xd5,0x8c,0xb5,0x52,0x8f,0x5b,0x52,0x7c,0xd0,0x6b,0x00,0x00,
    0x49,0x3a,0x93,0x84,0x36,0x95,0x4e,0x5b,0x00,0x00,0x00,0x00,0x0d,0x53,0x11,0x74,0x11,0x74,0x0d,0x53,0x00,0x00,0x00,0x00,0x4e,0x5b,0x36,0x95,0x93,0x84,0x28,0x32,
    0xb0,0x6b,0x56,0x9d,0x36,0x95,0x52,0x7c,0x8f,0x63,0xaf,0x63,0xb0,0x63,0xf0,0x6b,0xf0,0x6b,0xb0,0x63,0xaf,0x63,0x8f,0x63,0x52,0x7c,0x36,0x95,0x56,0x9d,0xd0,0x6b,
    0x32,0x74,0x97,0x9d,0x36,0x95,0xf5,0x8c,0xb4,0x84,0xd0,0x6b,0xd0,0x6b,0xaf,0x63,0xaf,0x63,0xd0,0x6b,0xd0,0x6b,0xb4,0x84,0xf5,0x8c,0x36,0x95,0x97,0x9d,0x52,0x7c,
    0x73,0x7c,0x77,0x9d,0x56,0x9d,0xb4,0x84,0x56,0x9d,0x31,0x74,0x8f,0x63,0xb0,0x63,0xb0,0x63,0x8f,0x63,0x31,0x74,0x56,0x9d,0xb4,0x84,0x56,0x9d,0x77,0x9d,0x73,0x7c,
    0x93,0x7c,0x77,0x9d,0x77,0x9d,0xd4,0x8c,0x15,0x95,0x36,0x95,0xb0,0x63,0xaf,0x63,0xaf,0x63,0xb0,0x63,0x36,0x95,0x15,0x95,0xd4,0x8c,0x77,0x9d,0x97,0x9d,0x93,0x84,
    0x93,0x84,0xb8,0xa5,0x97,0xa5,0xf5,0x8c,0xf5,0x8c,0x97,0xa5,0x52,0x7c,0x8f,0x63,0x8f,0x63,0x52,0x7c,0x97,0xa5,0xf5,0x8c,0xf5,0x8c,0x97,0xa5,0xb8,0xa5,0x93,0x84,
    0x31,0x74,0x52,0x7c,0x11,0x74,0x93,0x84,0x36,0x95,0x77,0x9d,0x15,0x95,0x8f,0x63,0x8f,0x63,0x15,0x95,0x77,0x9d,0x36,0x95,0x93,0x84,0x11,0x74,0x52,0x7c,0x31,0x74,
    0x8f,0x63,0xe3,0x18,0x00,0x00,0xaf,0x63,0xf1,0x6b,0xb0,0x6b,0x52,0x7c,0x11,0x6c,0x11,0x6c,0x52,0x7c,0xd0,0x6b,0xf1,0x73,0xaf,0x63,0x00,0x00,0x65,0x29,0x8f,0x63,
    0x00,0x00,0x00,0x00,0x55,0xad,0x6f,0x63,0x00,0x00,0x00,0x00,0x89,0x31,0xb0,0x63,0xaf,0x63,0xc7,0x19,0x00,0x00,0x00,0x00,0x8f,0x63,0x55,0xad,0x00,0x00,0x00,0x00,
    0xef,0x7b,0x00,0x00,0x00,0x00,0x00,0x00,0xef,0x7b,0xef,0x7b,0x00,0x00,0x00,0x00,0x00,0x00,0x00,0x00,0xef,0x7b,0xef,0x7b,0x00,0x00,0x00,0x00,0x00,0x00,0xef,0x7b,
    0x00,0x00,0x00,0x00,0x00,0x00,0xff,0xff,0x00,0x00,0x00,0x00,0x1f,0x00,0xb5,0x52,0xaa,0x52,0x00,0x00,0x00,0x00,0x00,0x00,0xff,0xff,0x00,0x00,0x00,0x00,0x00,0x00,
    0x00,0x00,0x00,0x00,0x00,0x00,0x00,0x00,0x00,0x00,0x00,0x00,0x00,0x00,0x00,0x00,0x00,0x00,0x02,0x01,0x01,0x00,0x18,0x01,0x01,0x18,0x00,0x01,0x01,0x02,0x00,0x00,
    0x00,0x02,0x00,0x00,0x01,0x08,0xe4,0x50,0x50,0xe4,0x08,0x01,0x00,0x00,0x02,0x00,0x02,0x00,0x37,0x16,0x00,0x26,0xff,0xf0,0xf0,0xff,0x26,0x00,0x17,0x37,0x00,0x02,
    0x00,0x48,0xfd,0x25,0x03,0x12,0xe3,0xff,0xff,0xe3,0x12,0x03,0x28,0xfd,0x47,0x00,0x11,0xe0,0xff,0x64,0x00,0x00,0xb4,0xfe,0xfe,0xb4,0x00,0x00,0x66,0xff,0xde,0x0f,
    0x6d,0xff,0xfc,0xfa,0xa3,0x78,0xcb,0xff,0xff,0xcb,0x78,0xa3,0xfa,0xfc,0xff,0x68,0xb6,0xfe,0xfc,0xff,0xff,0xff,0xff,0xff,0xff,0xff,0xff,0xff,0xff,0xfc,0xfe,0xb2,
    0xd8,0xff,0xfe,0xfe,0xfb,0xfb,0xfd,0xff,0xff,0xfd,0xfb,0xfb,0xfe,0xfd,0xff,0xd6,0xe4,0xfc,0xfa,0xff,0xff,0xff,0xff,0xff,0xff,0xff,0xff,0xff,0xff,0xfa,0xfc,0xde,
    0xdd,0xff,0xff,0xfe,0xfc,0xfc,0xfd,0xff,0xff,0xfd,0xfc,0xfc,0xff,0xff,0xff,0xda,0xde,0xba,0x8f,0xff,0xff,0xff,0xff,0xfc,0xfc,0xff,0xff,0xff,0xff,0x8e,0xbd,0xdc,
    0x65,0x08,0x00,0xbc,0x9b,0x60,0xcf,0xff,0xff,0xcd,0x60,0x9d,0xb8,0x00,0x0b,0x64,0x00,0x00,0x03,0x15,0x00,0x00,0x0a,0xa2,0xa2,0x09,0x00,0x00,0x14,0x03,0x00,0x00,
    0x02,0x01,0x00,0x00,0x02,0x04,0x00,0x00,0x00,0x00,0x04,0x02,0x00,0x00,0x01,0x02,0x00,0x00,0x00,0x01,0x00,0x00,0x01,0x03,0x03,0x01,0x00,0x00,0x01,0x00,0x00,0x00,

};

const lv_image_dsc_t emoji_bat_16 = {
  .header.magic = LV_IMAGE_HEADER_MAGIC,
  .header.cf = LV_COLOR_FORMAT_RGB565A8,
  .header.flags = 0,
  .header.w = 16,
  .header.h = 16,
  .header.stride = 32,
  .data_size = sizeof(emoji_bat_16_map),
  .data = emoji_bat_16_map,
};




#ifndef LV_ATTRIBUTE_MEM_ALIGN
#define LV_ATTRIBUTE_MEM_ALIGN
#endif

#ifndef LV_ATTRIBUTE_EMOJI_FLOPPY_16
#define LV_ATTRIBUTE_EMOJI_FLOPPY_16
#endif

static const
LV_ATTRIBUTE_MEM_ALIGN LV_ATTRIBUTE_LARGE_CONST LV_ATTRIBUTE_EMOJI_FLOPPY_16
uint8_t emoji_floppy_16_map[] = {

    0xa7,0x31,0xc7,0x31,0xa7,0x31,0xa7,0x29,0x09,0x3a,0xab,0x4a,0x8a,0x4a,0x8b,0x4a,0x8a,0x4a,0xab,0x4a,0xec,0x5a,0xec,0x52,0x8b,0x4a,0x08,0x3a,0x87,0x29,0x00,0x00,
    0xa7,0x31,0xa7,0x31,0xc8,0x31,0x46,0x21,0xb3,0x8c,0x9e,0xef,0x1c,0xdf,0x1d,0xdf,0x5d,0xe7,0x59,0xc6,0x4e,0x63,0xaf,0x73,0x3d,0xe7,0x8f,0x6b,0x66,0x21,0xe8,0x39,
    0xa7,0x31,0xa7,0x31,0xc8,0x31,0x46,0x21,0xd4,0x94,0xbf,0xef,0x3d,0xdf,0x3d,0xe7,0x9f,0xef,0xf8,0xbd,0x05,0x19,0xa7,0x31,0x5d,0xe7,0xaf,0x73,0x66,0x21,0xc8,0x31,
    0xa7,0x31,0xa7,0x31,0xc8,0x31,0x46,0x21,0xd3,0x94,0xbf,0xef,0x3d,0xdf,0x3d,0xdf,0x9e,0xef,0x18,0xbe,0x87,0x29,0x29,0x3a,0x5d,0xe7,0xaf,0x6b,0x46,0x21,0xc8,0x31,
    0xa7,0x31,0xa7,0x31,0xc8,0x31,0x46,0x21,0xd3,0x94,0xbf,0xef,0x3d,0xdf,0x3d,0xdf,0x9e,0xef,0xf8,0xb5,0x25,0x19,0xc7,0x31,0x3d,0xdf,0xaf,0x6b,0x46,0x21,0xc8,0x31,
    0xa7,0x31,0xa7,0x31,0xc8,0x31,0x45,0x21,0xd4,0x94,0xdf,0xf7,0x5e,0xe7,0x7e,0xe7,0xbf,0xef,0x7a,0xce,0xec,0x5a,0x6e,0x63,0x9e,0xef,0xaf,0x6b,0x46,0x21,0xc8,0x31,
    0xa7,0x31,0xa7,0x31,0xa7,0x31,0xa7,0x31,0x6a,0x42,0x2d,0x5b,0x0c,0x5b,0x0c,0x5b,0x0c,0x5b,0x0d,0x5b,0x4d,0x63,0x4d,0x63,0x0c,0x5b,0x08,0x3a,0xa7,0x29,0xa7,0x31,
    0xc7,0x31,0x86,0x31,0xb4,0x3b,0xfb,0x44,0x99,0x44,0x79,0x3c,0x79,0x3c,0x79,0x3c,0x79,0x3c,0x79,0x3c,0x79,0x3c,0x79,0x3c,0x79,0x3c,0x4b,0x32,0x86,0x31,0xc7,0x31,
    0xc7,0x31,0x86,0x29,0x79,0x8d,0xdf,0xae,0x9e,0xa6,0x9e,0xa6,0x9e,0xa6,0x9e,0xa6,0x9e,0xa6,0x9e,0xa6,0x9e,0xa6,0x9e,0xa6,0xff,0xae,0x6f,0x5b,0x66,0x29,0xc8,0x31,
    0xc7,0x31,0x86,0x29,0x18,0xc6,0xbe,0xf7,0x5d,0xef,0x7d,0xef,0x7d,0xef,0x7d,0xef,0x7d,0xef,0x7d,0xef,0x7d,0xef,0x5d,0xef,0xbe,0xf7,0x8e,0x6b,0x66,0x21,0xc8,0x31,
    0xc7,0x31,0x86,0x29,0xf8,0xb5,0x9e,0xef,0x3d,0xdf,0x3d,0xdf,0x3d,0xdf,0x3d,0xdf,0x3d,0xdf,0x3d,0xdf,0x3d,0xdf,0x3d,0xdf,0x9f,0xef,0x8f,0x6b,0x66,0x21,0xc8,0x31,
    0xc7,0x31,0x86,0x29,0x18,0xbe,0x9e,0xef,0x3d,0xdf,0x5d,0xe7,0x5d,0xe7,0x5d,0xe7,0x5d,0xe7,0x5d,0xe7,0x5d,0xe7,0x3d,0xdf,0x9f,0xef,0x8f,0x6b,0x66,0x21,0xc8,0x31,
    0xc7,0x31,0x86,0x29,0xf8,0xbd,0x9e,0xef,0x3d,0xdf,0x5d,0xe7,0x5d,0xe7,0x5d,0xe7,0x5d,0xe7,0x5d,0xe7,0x5d,0xe7,0x3d,0xdf,0x9e,0xef,0x8e,0x6b,0x66,0x21,0xc8,0x31,
    0xc7,0x31,0x86,0x29,0x39,0xbe,0x9e,0xef,0x3d,0xe7,0x5d,0xe7,0x5d,0xe7,0x5d,0xe7,0x5d,0xe7,0x5d,0xe7,0x5d,0xe7,0x3d,0xe7,0xbf,0xef,0xaf,0x6b,0x46,0x21,0xc8,0x31,
    0xc7,0x31,0x86,0x29,0x76,0xad,0x7e,0xe7,0x1c,0xdf,0x3d,0xdf,0x3d,0xdf,0x3d,0xdf,0x3d,0xdf,0x3d,0xdf,0x3d,0xdf,0x1d,0xdf,0x5d,0xe7,0x2d,0x5b,0x66,0x29,0xc7,0x31,
    0xa7,0x31,0xa7,0x31,0x08,0x3a,0xab,0x4a,0x8a,0x4a,0x8b,0x4a,0x8b,0x4a,0x8b,0x4a,0x8b,0x4a,0x8b,0x4a,0x8b,0x4a,0x8b,0x4a,0x6a,0x4a,0xa7,0x31,0xc7,0x31,0xa7,0x31,
    0x8f,0xfa,0xfd,0xff,0xff,0xff,0xff,0xff,0xff,0xff,0xff,0xfe,0xfd,0xf6,0x5b,0x00,0xff,0xff,0xff,0xff,0xff,0xff,0xff,0xff,0xff,0xff,0xff,0xff,0xfe,0xff,0xf8,0x5b,
    0xff,0xff,0xff,0xff,0xff,0xff,0xff,0xff,0xff,0xff,0xff,0xff,0xff,0xfe,0xff,0xff,0xff,0xff,0xff,0xff,0xff,0xff,0xff,0xff,0xff,0xff,0xff,0xff,0xff,0xff,0xfe,0xff,
    0xff,0xff,0xff,0xff,0xff,0xff,0xff,0xff,0xff,0xff,0xff,0xff,0xff,0xff,0xff,0xfe,0xff,0xff,0xff,0xff,0xff,0xff,0xff,0xff,0xff,0xff,0xff,0xff,0xff,0xff,0xff,0xff,
    0xff,0xff,0xff,0xff,0xff,0xff,0xff,0xff,0xff,0xff,0xff,0xff,0xff,0xff,0xff,0xff,0xff,0xff,0xff,0xff,0xff,0xff,0xff,0xff,0xff,0xff,0xff,0xff,0xff,0xff,0xff,0xff,
    0xff,0xff,0xff,0xff,0xff,0xff,0xff,0xff,0xff,0xff,0xff,0xff,0xff,0xff,0xff,0xff,0xff,0xff,0xff,0xff,0xff,0xff,0xff,0xff,0xff,0xff,0xff,0xff,0xff,0xff,0xff,0xff,
    0xff,0xff,0xff,0xff,0xff,0xff,0xff,0xff,0xff,0xff,0xff,0xff,0xff,0xff,0xff,0xff,0xff,0xff,0xff,0xff,0xff,0xff,0xff,0xff,0xff,0xff,0xff,0xff,0xff,0xff,0xff,0xff,
    0xff,0xff,0xff,0xff,0xff,0xff,0xff,0xff,0xff,0xff,0xff,0xff,0xff,0xff,0xff,0xff,0xfe,0xff,0xff,0xff,0xff,0xff,0xff,0xff,0xff,0xff,0xff,0xff,0xff,0xff,0xff,0xff,
    0xff,0xff,0xff,0xff,0xff,0xff,0xff,0xff,0xff,0xff,0xff,0xff,0xff,0xff,0xff,0xff,0x8f,0xf8,0xfd,0xff,0xff,0xff,0xff,0xff,0xff,0xff,0xff,0xff,0xff,0xfd,0xfa,0x8f,

};

const lv_image_dsc_t emoji_floppy_16 = {
  .header.magic = LV_IMAGE_HEADER_MAGIC,
  .header.cf = LV_COLOR_FORMAT_RGB565A8,
  .header.flags = 0,
  .header.w = 16,
  .header.h = 16,
  .header.stride = 32,
  .data_size = sizeof(emoji_floppy_16_map),
  .data = emoji_floppy_16_map,
};




#ifndef LV_ATTRIBUTE_MEM_ALIGN
#define LV_ATTRIBUTE_MEM_ALIGN
#endif

#ifndef LV_ATTRIBUTE_EMOJI_ELEVATOR_16
#define LV_ATTRIBUTE_EMOJI_ELEVATOR_16
#endif

static const
LV_ATTRIBUTE_MEM_ALIGN LV_ATTRIBUTE_LARGE_CONST LV_ATTRIBUTE_EMOJI_ELEVATOR_16
uint8_t emoji_elevator_16_map[] = {

    0x33,0x23,0x53,0x23,0x33,0x23,0x33,0x23,0x12,0x1b,0x33,0x1b,0x12,0x1b,0x33,0x23,0x33,0x23,0x73,0x2b,0xb4,0x3b,0x33,0x23,0x33,0x23,0x33,0x23,0x53,0x23,0x33,0x23,
    0x33,0x23,0x33,0x23,0x33,0x23,0x32,0x1b,0x94,0x33,0xbc,0xc6,0x58,0x85,0x32,0x1b,0xf2,0x12,0x58,0x85,0x5e,0xe7,0x12,0x1b,0x33,0x23,0x33,0x23,0x33,0x23,0x33,0x23,
    0x33,0x23,0x33,0x23,0x53,0x23,0x33,0x1b,0x38,0x85,0xff,0xff,0x5e,0xdf,0xb4,0x3b,0xb4,0x3b,0x7e,0xe7,0xff,0xff,0x58,0x85,0x33,0x1b,0x53,0x23,0x33,0x23,0x33,0x23,
    0x33,0x23,0x12,0x1b,0xd2,0x12,0xd2,0x0a,0x91,0x02,0xfc,0xce,0xd7,0x6c,0x71,0x02,0xb1,0x0a,0xb7,0x6c,0x1a,0xa6,0x12,0x1b,0xb1,0x0a,0xd2,0x12,0x12,0x1b,0x33,0x23,
    0x12,0x1b,0xd4,0x3b,0xfa,0xa5,0x3b,0xae,0x3b,0xae,0x7b,0xbe,0x5b,0xb6,0x3b,0xae,0x3b,0xae,0xfa,0xa5,0x1a,0xa6,0x1a,0xae,0x3b,0xae,0xfa,0xa5,0xd4,0x3b,0x12,0x1b,
    0xd2,0x12,0x5b,0xb6,0x7b,0xbe,0xd7,0x6c,0xd7,0x6c,0xf7,0x74,0x38,0x7d,0xf7,0x6c,0xd7,0x6c,0x38,0x7d,0x18,0x7d,0xd7,0x6c,0xd7,0x6c,0x7b,0xbe,0x5b,0xb6,0xd2,0x12,
    0xd2,0x12,0x9c,0xbe,0x35,0x54,0x33,0x23,0x58,0x85,0x53,0x23,0x91,0x02,0xb7,0x6c,0xb7,0x6c,0x91,0x02,0x53,0x23,0x58,0x85,0x33,0x23,0x35,0x54,0x9c,0xbe,0xd2,0x12,
    0xd2,0x12,0x9c,0xbe,0x56,0x54,0xd7,0x6c,0xff,0xff,0x96,0x64,0xd2,0x0a,0xbf,0xf7,0xbf,0xf7,0xd2,0x0a,0x96,0x64,0xff,0xff,0xd7,0x6c,0x56,0x54,0x9c,0xbe,0xd2,0x12,
    0xd2,0x12,0x9c,0xbe,0x76,0x5c,0x79,0x8d,0xff,0xff,0x38,0x7d,0x73,0x2b,0x7e,0xe7,0x7e,0xe7,0x73,0x2b,0x38,0x7d,0xff,0xff,0x79,0x8d,0x76,0x5c,0x9c,0xbe,0xd2,0x12,
    0xd2,0x12,0x7b,0xbe,0xb7,0x64,0x3d,0xdf,0xff,0xff,0xbc,0xc6,0xd7,0x6c,0xff,0xff,0xff,0xff,0xd7,0x6c,0xbc,0xc6,0xff,0xff,0x3d,0xd7,0xb7,0x64,0x7b,0xbe,0xd2,0x12,
    0xd2,0x12,0x7b,0xbe,0x96,0x64,0xdc,0xce,0xff,0xff,0x7b,0xb6,0x96,0x5c,0xff,0xff,0xff,0xff,0x96,0x5c,0x7b,0xb6,0xff,0xff,0xdc,0xce,0x96,0x64,0x7b,0xbe,0xd2,0x12,
    0xd2,0x12,0x9c,0xbe,0x56,0x54,0x18,0x7d,0x5e,0xdf,0xf7,0x74,0x33,0x23,0xdc,0xce,0xdc,0xce,0x33,0x23,0xf7,0x74,0x5e,0xdf,0x18,0x7d,0x56,0x54,0x9c,0xbe,0xd2,0x12,
    0xd2,0x12,0x9c,0xbe,0x36,0x54,0xf7,0x74,0xbc,0xc6,0xd7,0x6c,0x33,0x1b,0x5b,0xb6,0x5b,0xb6,0x33,0x1b,0xd7,0x6c,0xbc,0xc6,0xf7,0x74,0x36,0x54,0x9c,0xbe,0xd2,0x12,
    0xd2,0x12,0xbc,0xc6,0xb6,0x64,0x53,0x2b,0x35,0x4c,0x94,0x33,0x12,0x1b,0x15,0x4c,0x15,0x4c,0x12,0x1b,0x94,0x33,0x35,0x4c,0x53,0x2b,0xb6,0x64,0xbc,0xc6,0xd2,0x12,
    0xf2,0x12,0x58,0x85,0x5e,0xdf,0x9c,0xbe,0x9c,0xbe,0xbc,0xc6,0xdc,0xce,0x9c,0xbe,0x9c,0xbe,0xdc,0xce,0xbc,0xc6,0x9c,0xbe,0x9c,0xbe,0x5d,0xdf,0x58,0x85,0xf2,0x12,
    0x33,0x23,0x33,0x1b,0xf5,0x43,0x35,0x54,0x35,0x54,0x35,0x54,0x35,0x4c,0x35,0x54,0x35,0x54,0x35,0x4c,0x35,0x54,0x35,0x54,0x35,0x54,0xf5,0x43,0x33,0x1b,0x33,0x23,
    0x86,0xf8,0xfd,0xff,0xff,0xff,0xff,0xff,0xff,0xff,0xff,0xff,0xff,0xfd,0xf8,0x86,0xff,0xff,0xff,0xff,0xff,0xff,0xff,0xff,0xff,0xff,0xff,0xff,0xff,0xff,0xff,0xff,
    0xff,0xff,0xff,0xff,0xff,0xff,0xff,0xff,0xff,0xff,0xff,0xff,0xff,0xff,0xff,0xff,0xff,0xff,0xff,0xff,0xff,0xff,0xff,0xff,0xff,0xff,0xff,0xff,0xff,0xff,0xff,0xff,
    0xff,0xff,0xff,0xff,0xff,0xff,0xff,0xff,0xff,0xff,0xff,0xff,0xff,0xff,0xff,0xff,0xff,0xff,0xff,0xff,0xff,0xff,0xff,0xff,0xff,0xff,0xff,0xff,0xff,0xff,0xff,0xff,
    0xff,0xff,0xff,0xff,0xff,0xff,0xff,0xff,0xff,0xff,0xff,0xff,0xff,0xff,0xff,0xff,0xff,0xff,0xff,0xff,0xff,0xff,0xff,0xff,0xff,0xff,0xff,0xff,0xff,0xff,0xff,0xff,
    0xff,0xff,0xff,0xff,0xff,0xff,0xff,0xff,0xff,0xff,0xff,0xff,0xff,0xff,0xff,0xff,0xff,0xff,0xff,0xff,0xff,0xff,0xff,0xff,0xff,0xff,0xff,0xff,0xff,0xff,0xff,0xff,
    0xff,0xff,0xff,0xff,0xff,0xff,0xff,0xff,0xff,0xff,0xff,0xff,0xff,0xff,0xff,0xff,0xff,0xff,0xff,0xff,0xff,0xff,0xff,0xff,0xff,0xff,0xff,0xff,0xff,0xff,0xff,0xff,
    0xff,0xff,0xff,0xff,0xff,0xff,0xff,0xff,0xff,0xff,0xff,0xff,0xff,0xff,0xff,0xff,0xff,0xff,0xff,0xff,0xff,0xff,0xff,0xff,0xff,0xff,0xff,0xff,0xff,0xff,0xff,0xff,
    0xff,0xff,0xff,0xff,0xff,0xff,0xff,0xff,0xff,0xff,0xff,0xff,0xff,0xff,0xff,0xff,0x86,0xf8,0xfd,0xff,0xff,0xff,0xff,0xff,0xff,0xff,0xff,0xff,0xff,0xfd,0xf8,0x86,

};

const lv_image_dsc_t emoji_elevator_16 = {
  .header.magic = LV_IMAGE_HEADER_MAGIC,
  .header.cf = LV_COLOR_FORMAT_RGB565A8,
  .header.flags = 0,
  .header.w = 16,
  .header.h = 16,
  .header.stride = 32,
  .data_size = sizeof(emoji_elevator_16_map),
  .data = emoji_elevator_16_map,
};




#ifndef LV_ATTRIBUTE_MEM_ALIGN
#define LV_ATTRIBUTE_MEM_ALIGN
#endif

#ifndef LV_ATTRIBUTE_EMOJI_CUCUMBER_16
#define LV_ATTRIBUTE_EMOJI_CUCUMBER_16
#endif

static const
LV_ATTRIBUTE_MEM_ALIGN LV_ATTRIBUTE_LARGE_CONST LV_ATTRIBUTE_EMOJI_CUCUMBER_16
uint8_t emoji_cucumber_16_map[] = {

    0x00,0x00,0x00,0x00,0x00,0x00,0x00,0x00,0x00,0x00,0x00,0x00,0x00,0x00,0x00,0x00,0x00,0x00,0xe0,0x7b,0x00,0x00,0x48,0x5c,0xaa,0x7d,0xcb,0x7d,0x6a,0x75,0x84,0x4c,
    0x00,0x00,0x00,0x00,0x00,0x00,0x00,0x00,0x00,0x00,0x00,0x00,0x00,0x00,0x00,0x00,0xe0,0xff,0x00,0x00,0xca,0x75,0xab,0x7d,0xeb,0x7d,0xaa,0x7d,0xca,0x7d,0x87,0x5c,
    0x00,0x00,0x00,0x00,0x00,0x00,0x00,0x00,0x00,0x00,0x00,0x00,0x00,0x00,0xe0,0x07,0xe7,0x7d,0xec,0x9f,0x49,0x6d,0xca,0x7d,0x8a,0x75,0x6a,0x75,0x8a,0x75,0x67,0x5c,
    0x00,0x00,0x00,0x00,0x00,0x00,0x00,0x00,0x00,0x00,0x00,0x00,0x00,0x00,0xc6,0x64,0x00,0x00,0x8a,0x75,0xeb,0x7d,0x29,0x6d,0x8a,0x7d,0xab,0x7d,0x69,0x75,0x67,0x5c,
    0x00,0x00,0x00,0x00,0x00,0x00,0x00,0x00,0x00,0x00,0x00,0x00,0xe7,0x7d,0x00,0x00,0x8a,0x75,0xcb,0x7d,0x6a,0x75,0x8a,0x75,0x6a,0x75,0x8a,0x75,0x08,0x6d,0x46,0x54,
    0x00,0x00,0x00,0x00,0x00,0x00,0x00,0x00,0x00,0x00,0xe7,0x7d,0x00,0x00,0x8a,0x7d,0x8a,0x75,0x8a,0x75,0x6a,0x75,0x8a,0x75,0x6a,0x75,0x6a,0x75,0x87,0x5c,0x67,0x54,
    0x00,0x00,0x00,0x00,0x00,0x00,0x00,0x00,0xe7,0x7d,0x00,0x00,0x4a,0x7d,0xaa,0x7d,0xaa,0x7d,0x49,0x6d,0x8a,0x75,0x8a,0x75,0xaa,0x7d,0x28,0x6d,0x67,0x5c,0x00,0x00,
    0x00,0x00,0x00,0x00,0xef,0x7b,0x4a,0x55,0x00,0x00,0x8a,0x7d,0xca,0x7d,0xcb,0x7d,0x6a,0x75,0xaa,0x7d,0x29,0x6d,0x8a,0x75,0x69,0x75,0x67,0x5c,0xa9,0x6d,0xef,0x7b,
    0x00,0x00,0xef,0x7f,0x00,0x00,0x00,0x00,0xaa,0x7d,0xcb,0x7d,0x49,0x6d,0x6a,0x75,0x6a,0x75,0x8a,0x75,0x8a,0x75,0x6a,0x75,0xa7,0x5c,0x47,0x5c,0x00,0x00,0xaa,0x52,
    0xef,0x7f,0x00,0x00,0x6a,0x75,0x8a,0x7d,0xcb,0x7d,0x8a,0x7d,0x6a,0x75,0x6a,0x75,0x6a,0x75,0x8a,0x75,0x8a,0x75,0x08,0x65,0x47,0x5c,0x00,0x00,0x4a,0x55,0x00,0x00,
    0x00,0x00,0x8a,0x75,0xcb,0x7d,0xcb,0x7d,0x29,0x6d,0x8a,0x75,0x6a,0x75,0x8a,0x7d,0x49,0x75,0x6a,0x75,0x28,0x6d,0x66,0x5c,0x00,0x00,0x26,0x33,0x00,0x00,0x00,0x00,
    0x6a,0x75,0xaa,0x7d,0xca,0x7d,0x8a,0x75,0x8a,0x7d,0xaa,0x7d,0x29,0x6d,0x6a,0x75,0xab,0x7d,0x49,0x6d,0x67,0x5c,0xcc,0x64,0x4a,0x55,0x00,0x00,0x00,0x00,0x00,0x00,
    0x8a,0x7d,0xeb,0x7d,0x09,0x6d,0x8a,0x75,0x6a,0x75,0x6a,0x75,0xaa,0x7d,0x8a,0x75,0x29,0x6d,0x87,0x5c,0xa7,0x6c,0x00,0x00,0xe0,0x07,0x00,0x00,0x00,0x00,0x00,0x00,
    0x8a,0x75,0xeb,0x7d,0x6a,0x75,0x8a,0x75,0x8a,0x75,0x6a,0x75,0x8a,0x75,0x28,0x6d,0x87,0x5c,0xa7,0x5c,0x00,0x00,0xe0,0x7b,0x00,0x00,0x00,0x00,0x00,0x00,0x00,0x00,
    0x8a,0x75,0xaa,0x7d,0xcb,0x7d,0xaa,0x7d,0xaa,0x7d,0x49,0x75,0xa7,0x5c,0x87,0x5c,0x4a,0x55,0x00,0x00,0xe0,0x7b,0x00,0x00,0x00,0x00,0x00,0x00,0x00,0x00,0x00,0x00,
    0x00,0x00,0xe9,0x6c,0x08,0x6d,0xe8,0x64,0xa7,0x5c,0x67,0x5c,0x66,0x54,0x00,0x00,0x00,0x00,0xe0,0x07,0x00,0x00,0x00,0x00,0x00,0x00,0x00,0x00,0x00,0x00,0x00,0x00,
    0x00,0x00,0x00,0x00,0x00,0x00,0x00,0x00,0x00,0x02,0x00,0x0b,0x69,0xab,0x88,0x07,0x00,0x00,0x00,0x00,0x00,0x00,0x00,0x00,0x01,0x01,0x0f,0xbf,0xff,0xff,0xff,0x79,
    0x00,0x00,0x00,0x00,0x00,0x00,0x00,0x01,0x04,0x05,0xbd,0xff,0xfa,0xf9,0xfd,0xac,0x00,0x00,0x00,0x00,0x00,0x00,0x00,0x05,0x00,0x8c,0xff,0xfa,0xff,0xfc,0xfe,0x8d,
    0x00,0x00,0x00,0x00,0x00,0x00,0x04,0x00,0x50,0xfd,0xfb,0xfe,0xff,0xfd,0xff,0x58,0x00,0x00,0x00,0x00,0x00,0x04,0x00,0x28,0xf1,0xfe,0xfe,0xff,0xfd,0xfe,0xe3,0x12,
    0x00,0x00,0x00,0x00,0x04,0x00,0x24,0xe6,0xff,0xfd,0xff,0xff,0xfb,0xff,0x71,0x00,0x00,0x00,0x02,0x03,0x00,0x48,0xe8,0xff,0xfd,0xff,0xff,0xfc,0xff,0xda,0x07,0x02,
    0x00,0x02,0x00,0x00,0x88,0xfb,0xff,0xfd,0xff,0xff,0xfe,0xfc,0xf9,0x3e,0x00,0x03,0x02,0x00,0x22,0xb4,0xff,0xfe,0xfd,0xff,0xff,0xff,0xfa,0xff,0x68,0x00,0x03,0x00,
    0x00,0x2b,0xec,0xff,0xfb,0xfe,0xff,0xff,0xff,0xfa,0xff,0x99,0x00,0x05,0x00,0x00,0x29,0xe1,0xff,0xfb,0xff,0xff,0xff,0xff,0xfa,0xff,0xbf,0x05,0x03,0x01,0x00,0x00,
    0x8e,0xff,0xfb,0xff,0xff,0xff,0xfe,0xfa,0xff,0xcd,0x0c,0x01,0x01,0x00,0x00,0x00,0xa7,0xfe,0xfa,0xfd,0xfd,0xfc,0xff,0xff,0xb2,0x11,0x00,0x02,0x00,0x00,0x00,0x00,
    0x4f,0xff,0xff,0xff,0xff,0xff,0xe8,0x71,0x03,0x00,0x02,0x00,0x00,0x00,0x00,0x00,0x00,0x58,0xbe,0xcf,0xc1,0x7e,0x1d,0x00,0x00,0x01,0x00,0x00,0x00,0x00,0x00,0x00,

};

const lv_image_dsc_t emoji_cucumber_16 = {
  .header.magic = LV_IMAGE_HEADER_MAGIC,
  .header.cf = LV_COLOR_FORMAT_RGB565A8,
  .header.flags = 0,
  .header.w = 16,
  .header.h = 16,
  .header.stride = 32,
  .data_size = sizeof(emoji_cucumber_16_map),
  .data = emoji_cucumber_16_map,
};




#ifndef LV_ATTRIBUTE_MEM_ALIGN
#define LV_ATTRIBUTE_MEM_ALIGN
#endif

#ifndef LV_ATTRIBUTE_EMOJI_PREGNANT_MAN_16
#define LV_ATTRIBUTE_EMOJI_PREGNANT_MAN_16
#endif

static const
LV_ATTRIBUTE_MEM_ALIGN LV_ATTRIBUTE_LARGE_CONST LV_ATTRIBUTE_EMOJI_PREGNANT_MAN_16
uint8_t emoji_pregnant_man_16_map[] = {

    0x00,0x00,0x00,0x00,0x00,0x00,0xe0,0xff,0x00,0x00,0xaa,0xfa,0x86,0xfd,0x86,0xfd,0xa6,0xfd,0x46,0xfd,0x00,0x00,0xe0,0xff,0x00,0x00,0x00,0x00,0x00,0x00,0x00,0x00,
    0x00,0x00,0x00,0x00,0xe0,0xfb,0xe0,0xff,0x66,0xfd,0x86,0xfd,0x86,0xfd,0x86,0xfd,0xa6,0xfd,0x66,0xfd,0x66,0xfd,0x00,0xf8,0xe0,0xfb,0x00,0x00,0x00,0x00,0x00,0x00,
    0x00,0x00,0x00,0x00,0xe7,0xfd,0x00,0x00,0x46,0xfd,0x27,0xfe,0xe7,0xfd,0x66,0xfd,0xa7,0xfd,0xc7,0xfd,0x46,0xfd,0x00,0x00,0xe7,0xfd,0x00,0x00,0x00,0x00,0x00,0x00,
    0x00,0x00,0x00,0x00,0x00,0xf8,0x4a,0xad,0xc3,0xfc,0xc8,0xf5,0x2a,0xee,0x8a,0xfe,0x8a,0xfe,0xe7,0xfd,0x46,0xfd,0x00,0x00,0xe7,0xfd,0x00,0x00,0x00,0x00,0x00,0x00,
    0x00,0x00,0x00,0x00,0x00,0x00,0x4a,0xad,0x00,0x00,0x6a,0xcd,0x0a,0xee,0x0c,0xff,0xcb,0xfe,0xa7,0xfd,0x26,0xfd,0xef,0x7b,0xe0,0xfb,0x00,0x00,0x00,0x00,0x00,0x00,
    0x00,0x00,0x00,0x00,0x00,0x00,0x00,0x00,0x4a,0xad,0x00,0x78,0xca,0xf5,0x4b,0xfe,0x6c,0xff,0xcb,0xfe,0x00,0x00,0xe0,0xff,0xe0,0x07,0x00,0x00,0x00,0x00,0x00,0x00,
    0x00,0x00,0x00,0x00,0x00,0x00,0x00,0x00,0xea,0xaf,0x00,0x00,0x2a,0x7d,0x0b,0xa6,0xab,0xe6,0x2b,0xb6,0x8a,0x6d,0x69,0x7d,0x00,0x00,0xef,0x7f,0x00,0x00,0x00,0x00,
    0x00,0x00,0x00,0x00,0x00,0x00,0x00,0x00,0xe0,0x07,0xff,0xff,0x69,0x6d,0xaa,0x75,0x8a,0x7d,0x8a,0x75,0x0b,0x86,0x8a,0x7d,0x08,0x75,0x00,0x00,0xe0,0x07,0x00,0x00,
    0x00,0x00,0x00,0x00,0x00,0x00,0xe0,0x07,0x00,0x00,0x6c,0x9e,0x09,0x6d,0x8a,0x75,0x8a,0x75,0x6a,0x75,0x29,0x6d,0xeb,0x85,0x8a,0x75,0x4a,0x75,0xe0,0x7b,0xe0,0x07,
    0x00,0x00,0x00,0x00,0x00,0x00,0xef,0x7b,0x00,0x00,0x2d,0x8e,0xe8,0x64,0x49,0x6d,0x8a,0x7d,0x8a,0x7d,0xe8,0x64,0x49,0x75,0x2b,0x86,0x8a,0x75,0x00,0x00,0xe7,0x7d,
    0x00,0x00,0x00,0x00,0x00,0x00,0xef,0x7b,0x00,0x00,0xc7,0x64,0x69,0x75,0x6a,0x75,0xaa,0x7d,0x29,0x6d,0x09,0x6d,0xcb,0x7d,0xcb,0x7d,0x8a,0x75,0x00,0x00,0x4a,0xad,
    0x00,0x00,0x00,0x00,0x4a,0x55,0x00,0x00,0xa7,0x5c,0xca,0x7d,0xab,0x7d,0x8a,0x75,0x49,0x75,0x09,0x65,0xcb,0x7d,0xaa,0x7d,0x6a,0x75,0x00,0x00,0xe0,0x7b,0x00,0x00,
    0x00,0x00,0x00,0x00,0xe0,0x07,0x00,0x00,0x08,0x65,0xcb,0x7d,0x8a,0x75,0x0a,0xbe,0x6a,0xee,0x2b,0xb6,0x09,0x65,0xc7,0x6c,0x00,0x00,0xe7,0x7d,0x00,0x00,0x00,0x00,
    0x00,0x00,0x00,0x00,0x00,0x00,0x40,0x22,0x08,0x6d,0xab,0x7d,0x8a,0x75,0xea,0xe5,0x0a,0xfe,0x0a,0xce,0x29,0x65,0xcb,0x85,0x4a,0x55,0xef,0x7b,0x00,0x00,0x00,0x00,
    0x00,0x00,0x00,0x00,0xef,0x7f,0x00,0x00,0xe8,0x64,0xeb,0x7d,0x8a,0x75,0xaa,0x9d,0xea,0xb5,0xaa,0x7d,0x8a,0x75,0x8a,0x7d,0x00,0x00,0xef,0x7b,0x00,0x00,0x00,0x00,
    0x00,0x00,0x00,0x00,0x4a,0x55,0x00,0x00,0x66,0x5c,0x49,0x75,0xaa,0x7d,0x8a,0x75,0x8a,0x6d,0x8a,0x75,0x8a,0x75,0x8a,0x7d,0x00,0x00,0xef,0x7b,0x00,0x00,0x00,0x00,
    0x00,0x00,0x00,0x01,0x00,0x03,0x73,0xbb,0xa0,0x2e,0x00,0x01,0x00,0x00,0x00,0x00,0x00,0x00,0x02,0x01,0x30,0xbc,0xff,0xff,0xff,0xeb,0x20,0x01,0x02,0x00,0x00,0x00,
    0x00,0x00,0x04,0x00,0x82,0xff,0xf9,0xfd,0xf9,0xff,0x74,0x00,0x04,0x00,0x00,0x00,0x00,0x00,0x01,0x03,0x0a,0xab,0xfe,0xfc,0xfb,0xff,0x75,0x00,0x04,0x00,0x00,0x00,
    0x00,0x00,0x00,0x03,0x00,0x29,0xff,0xfe,0xfe,0xe6,0x28,0x02,0x02,0x00,0x00,0x00,0x00,0x00,0x00,0x00,0x03,0x02,0x9d,0xff,0xff,0x7b,0x00,0x01,0x01,0x00,0x00,0x00,
    0x00,0x00,0x00,0x00,0x03,0x00,0x5d,0xfe,0xfc,0xef,0xb0,0x10,0x00,0x02,0x00,0x00,0x00,0x00,0x00,0x00,0x01,0x01,0xd4,0xff,0xfc,0xff,0xff,0xc1,0x0b,0x00,0x01,0x00,
    0x00,0x00,0x00,0x01,0x00,0x0f,0xe8,0xff,0xfe,0xfe,0xfa,0xff,0xba,0x09,0x02,0x01,0x00,0x00,0x00,0x02,0x00,0x1a,0xfa,0xff,0xfe,0xff,0xff,0xf7,0xff,0x9a,0x00,0x04,
    0x00,0x00,0x00,0x02,0x02,0x9b,0xff,0xfd,0xff,0xff,0xfe,0xff,0xfc,0x64,0x00,0x03,0x00,0x00,0x03,0x00,0x70,0xff,0xfc,0xff,0xff,0xfe,0xfe,0xda,0x42,0x00,0x02,0x00,
    0x00,0x00,0x01,0x02,0xd2,0xfd,0xfc,0xff,0xfe,0xfe,0xfe,0x2b,0x00,0x04,0x00,0x00,0x00,0x01,0x00,0x07,0xe2,0xff,0xfd,0xff,0xfe,0xff,0xfd,0x22,0x03,0x02,0x00,0x00,
    0x00,0x00,0x02,0x00,0xb7,0xff,0xfc,0xff,0xfe,0xff,0xfd,0x25,0x00,0x02,0x00,0x00,0x00,0x00,0x03,0x00,0x42,0xf8,0xfd,0xfe,0xfe,0xff,0xfd,0x24,0x00,0x02,0x00,0x00,

};

const lv_image_dsc_t emoji_pregnant_man_16 = {
  .header.magic = LV_IMAGE_HEADER_MAGIC,
  .header.cf = LV_COLOR_FORMAT_RGB565A8,
  .header.flags = 0,
  .header.w = 16,
  .header.h = 16,
  .header.stride = 32,
  .data_size = sizeof(emoji_pregnant_man_16_map),
  .data = emoji_pregnant_man_16_map,
};




#ifndef LV_ATTRIBUTE_MEM_ALIGN
#define LV_ATTRIBUTE_MEM_ALIGN
#endif

#ifndef LV_ATTRIBUTE_EMOJI_SPEAKING_HEAD_16
#define LV_ATTRIBUTE_EMOJI_SPEAKING_HEAD_16
#endif

static const
LV_ATTRIBUTE_MEM_ALIGN LV_ATTRIBUTE_LARGE_CONST LV_ATTRIBUTE_EMOJI_SPEAKING_HEAD_16
uint8_t emoji_speaking_head_16_map[] = {

    0x00,0x00,0xb5,0x02,0x00,0x00,0xaf,0x2a,0x53,0x23,0x53,0x23,0x53,0x23,0x53,0x23,0x53,0x23,0x00,0x00,0x00,0x00,0x00,0x00,0x00,0x00,0x00,0x00,0x00,0x00,0x00,0x00,
    0xaa,0x02,0x00,0x00,0x12,0x23,0x53,0x23,0x53,0x23,0x54,0x23,0x54,0x23,0x54,0x23,0x53,0x23,0x33,0x23,0x33,0x1b,0x1f,0x00,0x1f,0x00,0x00,0x00,0x00,0x00,0x00,0x00,
    0x00,0x00,0x33,0x23,0x53,0x23,0x54,0x23,0x33,0x23,0x33,0x23,0x33,0x23,0x33,0x23,0x33,0x23,0x95,0x23,0x33,0x23,0x00,0x00,0xaa,0x02,0x00,0x00,0x00,0x00,0x00,0x00,
    0x13,0x1b,0x33,0x23,0x53,0x23,0x33,0x23,0x33,0x23,0x33,0x23,0x33,0x23,0x33,0x23,0x33,0x23,0x33,0x23,0x33,0x23,0x33,0x23,0x00,0x00,0x1f,0x00,0x00,0x00,0x00,0x00,
    0x33,0x23,0x54,0x23,0x33,0x23,0x33,0x23,0x33,0x23,0x33,0x23,0x33,0x23,0x33,0x23,0x33,0x23,0x53,0x23,0x33,0x23,0x71,0x1b,0xb5,0x02,0x1f,0x00,0x00,0x00,0x00,0x00,
    0x33,0x23,0x54,0x23,0x33,0x23,0x33,0x23,0x33,0x23,0x33,0x23,0x33,0x23,0x33,0x23,0x33,0x23,0x33,0x23,0x33,0x23,0x32,0x1b,0x00,0x00,0xef,0x7b,0xaa,0xfa,0xe0,0xff,
    0x33,0x23,0x54,0x23,0x33,0x23,0x33,0x23,0x33,0x23,0x33,0x23,0x33,0x23,0x33,0x23,0x33,0x23,0x33,0x23,0x53,0x23,0x53,0x23,0x32,0x23,0x00,0x00,0x00,0x00,0x00,0x00,
    0x32,0x23,0x53,0x23,0x33,0x23,0x33,0x23,0x33,0x23,0x33,0x23,0x33,0x23,0x33,0x23,0x33,0x23,0x33,0x23,0x33,0x23,0x54,0x23,0x34,0x0b,0xa0,0xfa,0xa8,0xf3,0xa7,0xfb,
    0xaf,0x2a,0x33,0x23,0x54,0x23,0x33,0x23,0x33,0x23,0x33,0x23,0x33,0x23,0x33,0x23,0x33,0x23,0x33,0x23,0x95,0x2b,0x33,0x13,0xa4,0xfb,0xc8,0xfb,0xc7,0xfb,0xa7,0xfb,
    0x00,0x00,0x33,0x23,0x53,0x23,0x33,0x23,0x33,0x23,0x33,0x23,0x33,0x23,0x33,0x23,0x33,0x23,0x33,0x23,0x54,0x23,0x34,0x03,0xa6,0xfb,0xa8,0xf3,0x87,0xfb,0x87,0xfb,
    0xb5,0x02,0x00,0x00,0x32,0x23,0x74,0x23,0x33,0x23,0x33,0x23,0x33,0x23,0x33,0x23,0x53,0x23,0x33,0x23,0x12,0x23,0x00,0x00,0x69,0xdb,0x87,0xfb,0xa7,0xfb,0x87,0xfb,
    0x33,0x33,0x00,0x00,0x33,0x23,0x74,0x23,0x33,0x23,0x33,0x23,0x33,0x23,0x33,0x23,0x33,0x23,0x33,0x23,0x74,0x23,0x16,0x03,0xa6,0xfb,0xc8,0xfb,0xa7,0xfb,0x00,0x00,
    0xb5,0x02,0xef,0x03,0x33,0x23,0x54,0x23,0x33,0x23,0x33,0x23,0x53,0x23,0x74,0x23,0x74,0x23,0x74,0x23,0x95,0x23,0x33,0x1b,0xc5,0xfb,0xc8,0xfb,0xc7,0xfb,0xa7,0xfb,
    0x00,0x00,0x33,0x1b,0x53,0x23,0x53,0x23,0x33,0x23,0x53,0x23,0x33,0x23,0x32,0x23,0x33,0x23,0x33,0x23,0x33,0x23,0x91,0x3b,0x00,0x00,0x00,0x00,0x69,0xfb,0xe7,0xfb,
    0xef,0x03,0xb5,0x02,0x33,0x23,0x53,0x23,0x53,0x23,0x53,0x23,0x32,0x23,0x00,0x00,0x00,0x00,0x00,0x00,0x00,0x00,0x00,0x00,0x00,0xf8,0xe7,0xfb,0x00,0x00,0x00,0x00,
    0x00,0x00,0x00,0x00,0x00,0x00,0x33,0x23,0x54,0x23,0x32,0x23,0x00,0x00,0x33,0x33,0xf7,0x3b,0xf7,0x3b,0xef,0x3b,0x00,0x00,0x00,0x00,0x00,0x00,0x00,0xf8,0x00,0x00,
    0x00,0x03,0x00,0x06,0x53,0x93,0xa0,0x7f,0x35,0x00,0x00,0x00,0x00,0x00,0x00,0x00,0x03,0x00,0x43,0xd0,0xff,0xff,0xff,0xff,0xfa,0x9c,0x0a,0x01,0x01,0x00,0x00,0x00,
    0x00,0x49,0xfe,0xff,0xfd,0xfc,0xfc,0xfc,0xfe,0xff,0xa2,0x00,0x03,0x00,0x00,0x00,0x12,0xe4,0xff,0xfb,0xff,0xff,0xff,0xff,0xfd,0xfc,0xf3,0x14,0x00,0x01,0x00,0x00,
    0x62,0xff,0xfc,0xff,0xff,0xff,0xff,0xff,0xfe,0xff,0xea,0x10,0x03,0x01,0x00,0x00,0x94,0xfe,0xfc,0xff,0xff,0xff,0xff,0xff,0xfe,0xfe,0xf1,0x21,0x00,0x02,0x03,0x01,
    0x89,0xfe,0xfc,0xff,0xff,0xff,0xff,0xff,0xff,0xfe,0xff,0xdf,0x5d,0x00,0x00,0x00,0x4a,0xff,0xfd,0xff,0xff,0xff,0xff,0xff,0xff,0xfe,0xf9,0xff,0x74,0x03,0x64,0x25,
    0x06,0xcd,0xff,0xfd,0xff,0xff,0xff,0xff,0xff,0xfe,0xff,0xa7,0x42,0xca,0xb0,0x18,0x00,0x3e,0xfd,0xfd,0xff,0xff,0xff,0xfe,0xff,0xef,0xc7,0x4b,0x52,0x8c,0x35,0x31,
    0x03,0x00,0xb7,0xff,0xfc,0xff,0xff,0xfe,0xfe,0xe2,0x2a,0x00,0x15,0xa2,0xbe,0xb1,0x05,0x01,0x75,0xff,0xfb,0xff,0xfe,0xfb,0xfa,0xfc,0xf5,0x34,0x70,0xaf,0x2d,0x00,
    0x03,0x02,0xa2,0xfe,0xfc,0xfe,0xff,0xff,0xff,0xff,0xff,0x44,0x17,0x85,0xd4,0x39,0x00,0x23,0xff,0xff,0xfb,0xff,0xe7,0x8d,0x8e,0x8a,0x57,0x09,0x00,0x00,0x07,0x08,
    0x02,0x03,0x70,0xf0,0xff,0xf2,0x2a,0x00,0x00,0x00,0x00,0x00,0x01,0x04,0x00,0x00,0x00,0x00,0x00,0x23,0x51,0x32,0x00,0x05,0x04,0x04,0x04,0x00,0x00,0x00,0x01,0x00,

};

const lv_image_dsc_t emoji_speaking_head_16 = {
  .header.magic = LV_IMAGE_HEADER_MAGIC,
  .header.cf = LV_COLOR_FORMAT_RGB565A8,
  .header.flags = 0,
  .header.w = 16,
  .header.h = 16,
  .header.stride = 32,
  .data_size = sizeof(emoji_speaking_head_16_map),
  .data = emoji_speaking_head_16_map,
};




#ifndef LV_ATTRIBUTE_MEM_ALIGN
#define LV_ATTRIBUTE_MEM_ALIGN
#endif

#ifndef LV_ATTRIBUTE_EMOJI_PHONE_16
#define LV_ATTRIBUTE_EMOJI_PHONE_16
#endif

static const
LV_ATTRIBUTE_MEM_ALIGN LV_ATTRIBUTE_LARGE_CONST LV_ATTRIBUTE_EMOJI_PHONE_16
uint8_t emoji_phone_16_map[] = {

    0x00,0x00,0x00,0x78,0x07,0xb8,0x00,0x00,0x00,0x00,0x00,0x00,0x00,0x00,0x00,0x00,0x00,0x00,0x00,0x00,0x00,0x00,0x00,0x00,0x00,0x00,0x07,0xb8,0x00,0x78,0x00,0x00,
    0x00,0xf8,0x00,0x00,0x00,0x00,0x00,0x00,0xc6,0xc0,0xa5,0xb8,0xc6,0xb8,0xc6,0xc0,0xc6,0xc0,0xc6,0xb8,0xa5,0xb8,0xc6,0xc0,0x00,0x00,0x00,0x00,0x00,0x00,0x00,0xf8,
    0x00,0x00,0xa6,0xb8,0xc6,0xc0,0xc6,0xb8,0xc6,0xb8,0xc6,0xb8,0xc6,0xc0,0xc6,0xc0,0xc6,0xc0,0xc6,0xc0,0xc6,0xb8,0xc6,0xb8,0xc6,0xb8,0xc6,0xc0,0xa6,0xb8,0x00,0x00,
    0xc6,0xb8,0xc6,0xc0,0xc6,0xc8,0xc6,0xc0,0xc6,0xc0,0x48,0xd9,0x07,0xc9,0xa5,0xb8,0xa5,0xb8,0x07,0xc9,0x48,0xd9,0xc6,0xc0,0xc6,0xc0,0xc6,0xc8,0xc6,0xc0,0xc6,0xb8,
    0xc6,0xb8,0xc6,0xc0,0xc6,0xb8,0xa5,0xb8,0xe6,0xc0,0x88,0xe1,0x48,0xd1,0xc6,0xc0,0xc6,0xc0,0x48,0xd1,0x88,0xe1,0xe6,0xc0,0xa5,0xb8,0xc6,0xb8,0xc6,0xc0,0xc6,0xb8,
    0xc6,0xc0,0xc6,0xc0,0xc6,0xb8,0x07,0xc9,0x68,0xd9,0x68,0xd9,0x68,0xd9,0x68,0xd9,0x68,0xd9,0x68,0xd9,0x68,0xd9,0x68,0xd9,0x07,0xc9,0xc6,0xb8,0xc6,0xc0,0xc6,0xc0,
    0xc6,0xb8,0xc6,0xc0,0x07,0xc9,0x68,0xe1,0x68,0xd9,0x56,0xf5,0xd1,0xeb,0x73,0xec,0x73,0xec,0xd1,0xeb,0x56,0xf5,0x88,0xd9,0x68,0xe1,0x07,0xc9,0xc6,0xc0,0xc6,0xb8,
    0x00,0x00,0x07,0xc9,0x89,0xe1,0x07,0xd9,0x90,0xe3,0xdb,0xfe,0xf1,0xeb,0xd8,0xf5,0xd8,0xf5,0xf1,0xeb,0xdb,0xfe,0x90,0xe3,0x07,0xd9,0x89,0xe1,0x07,0xc9,0x00,0x00,
    0x00,0x00,0x88,0xd9,0x89,0xe9,0xa9,0xd9,0x93,0xec,0x97,0xf5,0xcd,0xe2,0x76,0xf5,0x76,0xf5,0xcd,0xe2,0x97,0xf5,0x93,0xec,0xa9,0xd9,0x89,0xe9,0x88,0xd9,0x00,0x00,
    0x68,0xd9,0x88,0xe1,0x07,0xd9,0x76,0xf5,0xff,0xff,0xdb,0xfe,0x52,0xec,0xdf,0xff,0xdf,0xff,0x52,0xec,0xdb,0xfe,0xff,0xff,0x76,0xf5,0x07,0xd9,0x88,0xe1,0x68,0xd9,
    0x68,0xd9,0x88,0xe1,0x68,0xd9,0xea,0xd9,0xee,0xe2,0x8c,0xe2,0xa9,0xd9,0xcd,0xe2,0xcd,0xe2,0xa9,0xd9,0x8c,0xe2,0xee,0xe2,0xea,0xd9,0x68,0xd9,0x88,0xe1,0x68,0xd9,
    0x68,0xd9,0x68,0xd9,0x68,0xd9,0x48,0xd9,0x07,0xd9,0x27,0xd9,0x68,0xd9,0x27,0xd9,0x27,0xd9,0x68,0xd9,0x27,0xd9,0x07,0xd9,0x48,0xd9,0x68,0xd9,0x68,0xd9,0x68,0xd9,
    0x68,0xd9,0x68,0xe1,0x68,0xd9,0x68,0xd9,0x88,0xd9,0x68,0xd9,0x68,0xd9,0x88,0xd9,0x88,0xd9,0x68,0xd9,0x68,0xd9,0x88,0xd9,0x68,0xd9,0x68,0xd9,0x68,0xe1,0x68,0xd9,
    0x68,0xd9,0x88,0xe1,0x88,0xe1,0x88,0xe1,0x88,0xe1,0x88,0xe1,0x88,0xe1,0x88,0xe1,0x88,0xe1,0x88,0xe1,0x88,0xe1,0x88,0xe1,0x88,0xe1,0x88,0xe1,0x88,0xe1,0x68,0xd9,
    0x00,0x00,0x48,0xd9,0x88,0xe9,0x88,0xd9,0x88,0xd9,0x88,0xd9,0x88,0xd9,0x88,0xd9,0x88,0xd9,0x88,0xd9,0x88,0xd9,0x88,0xd9,0x88,0xd9,0x88,0xe9,0x48,0xd9,0x00,0x00,
    0x00,0xf8,0x00,0x00,0x00,0x00,0x00,0x00,0x00,0x00,0x00,0x00,0x00,0x00,0x00,0x00,0x00,0x00,0x00,0x00,0x00,0x00,0x00,0x00,0x00,0x00,0x00,0x00,0x00,0x00,0x00,0xf8,
    0x00,0x02,0x04,0x00,0x00,0x00,0x00,0x00,0x00,0x00,0x00,0x00,0x00,0x04,0x02,0x00,0x02,0x00,0x00,0x00,0x15,0x2b,0x39,0x3a,0x3a,0x39,0x2b,0x15,0x00,0x00,0x00,0x02,
    0x00,0x25,0x8b,0xce,0xf1,0xff,0xff,0xff,0xff,0xff,0xff,0xf1,0xce,0x8b,0x25,0x00,0x57,0xf2,0xff,0xff,0xff,0xff,0xfd,0xfd,0xfd,0xfd,0xff,0xff,0xff,0xff,0xf2,0x57,
    0xf2,0xff,0xfa,0xfd,0xfe,0xfe,0xff,0xff,0xff,0xff,0xfe,0xfe,0xfd,0xfa,0xff,0xf2,0xff,0xff,0xff,0xff,0xff,0xff,0xff,0xff,0xff,0xff,0xff,0xff,0xff,0xff,0xff,0xff,
    0x99,0xf1,0xfb,0xff,0xff,0xff,0xff,0xff,0xff,0xff,0xff,0xff,0xff,0xfb,0xf1,0x99,0x00,0x34,0xf3,0xfe,0xfe,0xff,0xff,0xff,0xff,0xff,0xff,0xfe,0xfe,0xf3,0x34,0x00,
    0x00,0x94,0xff,0xfc,0xff,0xff,0xff,0xff,0xff,0xff,0xff,0xff,0xfc,0xff,0x94,0x00,0x37,0xfc,0xfe,0xff,0xff,0xff,0xff,0xff,0xff,0xff,0xff,0xff,0xff,0xfe,0xfc,0x37,
    0xbc,0xff,0xfd,0xff,0xff,0xff,0xff,0xff,0xff,0xff,0xff,0xff,0xff,0xfd,0xff,0xbc,0xff,0xfe,0xff,0xff,0xff,0xff,0xff,0xff,0xff,0xff,0xff,0xff,0xff,0xff,0xfe,0xff,
    0xfa,0xff,0xfd,0xfd,0xfd,0xfd,0xfd,0xfd,0xfd,0xfd,0xfd,0xfd,0xfd,0xfd,0xff,0xfa,0x7b,0xff,0xff,0xff,0xff,0xff,0xff,0xff,0xff,0xff,0xff,0xff,0xff,0xff,0xff,0x7b,
    0x00,0x2f,0x3a,0x3a,0x3a,0x3a,0x3a,0x3a,0x3a,0x3a,0x3a,0x3a,0x3a,0x3a,0x2f,0x00,0x01,0x00,0x00,0x00,0x00,0x00,0x00,0x00,0x00,0x00,0x00,0x00,0x00,0x00,0x00,0x01,

};

const lv_image_dsc_t emoji_phone_16 = {
  .header.magic = LV_IMAGE_HEADER_MAGIC,
  .header.cf = LV_COLOR_FORMAT_RGB565A8,
  .header.flags = 0,
  .header.w = 16,
  .header.h = 16,
  .header.stride = 32,
  .data_size = sizeof(emoji_phone_16_map),
  .data = emoji_phone_16_map,
};




#ifndef LV_ATTRIBUTE_MEM_ALIGN
#define LV_ATTRIBUTE_MEM_ALIGN
#endif

#ifndef LV_ATTRIBUTE_EMOJI_DOG_16
#define LV_ATTRIBUTE_EMOJI_DOG_16
#endif

static const
LV_ATTRIBUTE_MEM_ALIGN LV_ATTRIBUTE_LARGE_CONST LV_ATTRIBUTE_EMOJI_DOG_16
uint8_t emoji_dog_16_map[] = {

    0x00,0x00,0xef,0x7b,0xef,0xfb,0x00,0x00,0x00,0x00,0x00,0x00,0x00,0x00,0x00,0x00,0x00,0x00,0x00,0x00,0x00,0x00,0x00,0x00,0xef,0xfb,0x55,0xfd,0xef,0xbb,0xff,0xff,
    0x00,0x00,0x00,0x00,0x00,0x00,0x91,0xf5,0x10,0xe5,0xa4,0x71,0xe0,0x79,0xe0,0xff,0x00,0x00,0x00,0x00,0x00,0x00,0x00,0x00,0x00,0x00,0x00,0x00,0x00,0x00,0x00,0x00,
    0xc7,0x41,0x32,0xd5,0xcf,0xd4,0x4e,0xb4,0xec,0xbb,0x02,0x69,0x22,0x61,0x00,0x00,0x00,0x78,0x00,0x00,0xef,0x7b,0x00,0x00,0xf0,0xd4,0x10,0xe5,0xf0,0xdc,0xaf,0xd4,
    0x45,0x29,0x73,0xcd,0xf4,0xf5,0x2d,0xac,0x88,0x92,0xc1,0x60,0x02,0x61,0xaa,0xaa,0xa5,0xaa,0xe7,0xbb,0xea,0xd3,0xef,0xbb,0xf0,0xdc,0x30,0xe5,0x10,0xdd,0xf0,0xdc,
    0x12,0xc5,0x56,0xfe,0x77,0xfe,0xf4,0xf5,0x4a,0xa3,0xa1,0x58,0x43,0x69,0x00,0x00,0x00,0x00,0x00,0x00,0x00,0x00,0x00,0x00,0xcf,0xd4,0x00,0x00,0xcf,0xd4,0x10,0xdd,
    0xf9,0xfe,0x56,0xfe,0x57,0xf6,0x52,0xe5,0xf0,0xdc,0xcc,0xb3,0x6e,0xcc,0x51,0xe5,0xcb,0xc3,0x29,0xbb,0x49,0xc3,0x8b,0xcb,0x31,0xe5,0xcf,0xd4,0xf0,0xdc,0xf0,0xdc,
    0x00,0x00,0xef,0x7b,0xef,0xff,0x15,0xf6,0x72,0xe5,0x10,0xdd,0x10,0xdd,0x51,0xe5,0xae,0xdc,0x6a,0xcb,0x49,0xcb,0x0c,0xd4,0x72,0xed,0x10,0xdd,0xf0,0xdc,0xf0,0xdc,
    0xef,0x7b,0xff,0xff,0x00,0x00,0xff,0xff,0xd4,0xed,0xf0,0xdc,0xf0,0xdc,0xf0,0xdc,0xf0,0xdc,0x8e,0xd4,0x4d,0xcc,0xcf,0xd4,0xf0,0xdc,0x71,0xed,0xf0,0xd4,0x00,0x00,
    0x00,0x00,0x00,0xf8,0xff,0xff,0xff,0xff,0x36,0xf6,0x52,0xe5,0xf0,0xd4,0xf0,0xdc,0xf0,0xdc,0x10,0xdd,0x10,0xdd,0xf0,0xdc,0xf0,0xdc,0x51,0xed,0xf0,0xdc,0xef,0xff,
    0x00,0x00,0x00,0x00,0xf7,0xfd,0x00,0x00,0x77,0xf6,0xd4,0xf5,0xcf,0xd4,0xf0,0xd4,0xcf,0xd4,0xcf,0xd4,0xf0,0xdc,0xf0,0xdc,0xf0,0xdc,0x51,0xed,0xf0,0xdc,0x00,0x00,
    0x00,0x00,0x00,0x00,0x55,0xfd,0x00,0x00,0x11,0xe5,0x93,0xed,0xef,0xd4,0x72,0xe5,0xb3,0xf5,0xf4,0xf5,0xf5,0xf5,0x31,0xdd,0xf0,0xdc,0x51,0xed,0xf0,0xdc,0x00,0x00,
    0x00,0x00,0x00,0x00,0xef,0x7b,0x00,0x00,0x46,0xb2,0xec,0xcb,0x31,0xe5,0x93,0xe5,0x77,0xfe,0xd9,0xfe,0xcc,0xcb,0xec,0xd3,0x10,0xdd,0x71,0xed,0xf0,0xd4,0x00,0x00,
    0x00,0x00,0x00,0x00,0xef,0x7b,0x00,0x00,0x09,0xbb,0x4a,0xc3,0x31,0xed,0xef,0xd4,0x00,0x00,0x00,0x00,0x00,0x00,0x29,0xbb,0xab,0xcb,0x10,0xdd,0xf0,0xdc,0x00,0x00,
    0x00,0x00,0x00,0x00,0xef,0xfb,0x00,0x00,0x6a,0xc3,0x29,0xc3,0xaf,0xdc,0x10,0xdd,0xf7,0xfd,0xef,0xdc,0xef,0xfb,0x6a,0xc3,0x09,0xbb,0x4e,0xcc,0x10,0xdd,0xf0,0xd4,
    0x00,0x00,0x00,0x00,0xaa,0xaa,0x00,0x00,0x4a,0xc3,0x29,0xbb,0x8e,0xd4,0xf0,0xdc,0xef,0xd3,0x00,0x00,0x00,0x00,0x4a,0xc3,0x8a,0xd3,0x4a,0xc3,0x10,0xdd,0xf0,0xd4,
    0x00,0x00,0x00,0x00,0x00,0x00,0xaa,0xaa,0x49,0xbb,0x6a,0xc3,0x10,0xdd,0xf0,0xdc,0x92,0xdc,0x00,0x00,0x00,0x00,0x4a,0xc3,0x49,0xc3,0x6e,0xd4,0x31,0xe5,0xf0,0xdc,
    0x01,0x02,0x02,0x00,0x00,0x00,0x00,0x00,0x00,0x00,0x00,0x00,0x02,0x03,0x04,0x01,0x00,0x00,0x00,0x6e,0xaa,0x73,0x04,0x01,0x00,0x00,0x00,0x00,0x00,0x00,0x00,0x00,
    0x1a,0x1d,0x71,0xff,0xff,0xff,0x63,0x00,0x04,0x00,0x02,0x00,0x27,0xb5,0x9c,0x16,0xd7,0xf4,0xff,0xfb,0xf7,0xfc,0xb0,0x03,0x06,0x04,0x06,0x04,0xc2,0xc5,0xe8,0xca,
    0x9a,0xff,0xff,0xff,0xfc,0xff,0xc9,0x00,0x00,0x00,0x00,0x00,0x38,0x00,0x23,0xff,0x30,0xce,0xd4,0xe7,0xff,0xfd,0xf9,0x79,0x58,0x77,0x80,0x7e,0x5b,0x17,0x47,0xee,
    0x00,0x02,0x02,0x38,0xfd,0xfe,0xff,0xff,0xff,0xff,0xff,0xff,0xff,0xe5,0xd2,0x56,0x02,0x01,0x00,0x08,0xe6,0xff,0xfd,0xfc,0xfc,0xfb,0xfb,0xfb,0xf7,0xff,0x7c,0x00,
    0x00,0x01,0x01,0x01,0xcf,0xff,0xfd,0xff,0xff,0xff,0xff,0xff,0xfb,0xfe,0x89,0x02,0x00,0x00,0x04,0x00,0x91,0xff,0xfb,0xfd,0xfb,0xfd,0xfe,0xff,0xfb,0xff,0x7d,0x00,
    0x00,0x00,0x03,0x00,0x44,0xff,0xfd,0xff,0xff,0xff,0xff,0xff,0xfa,0xfe,0x65,0x00,0x00,0x00,0x02,0x00,0x29,0xfc,0xff,0xb9,0x75,0x48,0x69,0xff,0xfb,0xff,0x6e,0x00,
    0x00,0x00,0x02,0x00,0x24,0xf9,0xff,0x93,0x00,0x00,0x00,0xa3,0xf9,0xea,0xcb,0x00,0x00,0x00,0x02,0x00,0x23,0xfb,0xfc,0xcb,0x04,0x08,0x02,0x50,0xf5,0x6c,0xff,0x31,
    0x00,0x00,0x03,0x00,0x6b,0xfd,0xbb,0xec,0x06,0x01,0x00,0x56,0xff,0x2e,0xe3,0x8d,0x00,0x00,0x00,0x03,0xae,0xae,0xd0,0xcf,0x07,0x01,0x00,0x82,0xbb,0x37,0xd9,0x90,

};

const lv_image_dsc_t emoji_dog_16 = {
  .header.magic = LV_IMAGE_HEADER_MAGIC,
  .header.cf = LV_COLOR_FORMAT_RGB565A8,
  .header.flags = 0,
  .header.w = 16,
  .header.h = 16,
  .header.stride = 32,
  .data_size = sizeof(emoji_dog_16_map),
  .data = emoji_dog_16_map,
};




#ifndef LV_ATTRIBUTE_MEM_ALIGN
#define LV_ATTRIBUTE_MEM_ALIGN
#endif

#ifndef LV_ATTRIBUTE_EMOJI_LADYBUG_16
#define LV_ATTRIBUTE_EMOJI_LADYBUG_16
#endif

static const
LV_ATTRIBUTE_MEM_ALIGN LV_ATTRIBUTE_LARGE_CONST LV_ATTRIBUTE_EMOJI_LADYBUG_16
uint8_t emoji_ladybug_16_map[] = {

    0x00,0x00,0x00,0x00,0x00,0x00,0x00,0x00,0xaa,0x02,0x00,0x00,0xa7,0x31,0xa7,0x31,0xa7,0x31,0xa7,0x31,0x00,0x00,0xaa,0x02,0x00,0x00,0x00,0x00,0x00,0x00,0x00,0x00,
    0x00,0x00,0x00,0x00,0x00,0x00,0xef,0x7b,0x00,0x00,0xa7,0x31,0xc7,0x31,0xa7,0x31,0xa7,0x31,0xc7,0x31,0xa7,0x31,0x00,0x00,0xef,0x7b,0x00,0x00,0x00,0x00,0x00,0x00,
    0x00,0x00,0x0f,0x00,0x00,0x00,0x0f,0x78,0x86,0x99,0xa7,0x31,0xc7,0x31,0xa7,0x31,0xa7,0x31,0xc8,0x31,0xa7,0x31,0x86,0x99,0x0f,0x78,0x00,0x00,0x0f,0x00,0x00,0x00,
    0x00,0x00,0x00,0x00,0xe7,0x39,0x00,0x00,0xc7,0x11,0xc7,0x29,0xa7,0x39,0xa7,0x31,0xa7,0x31,0xa7,0x39,0xc7,0x29,0xc7,0x09,0x00,0x00,0xe7,0x39,0x00,0x00,0x00,0x00,
    0xc7,0x31,0xa7,0x31,0x00,0x00,0xc7,0x21,0xa8,0x71,0x88,0xb1,0x68,0xd9,0x88,0x79,0x88,0x79,0x68,0xd9,0x88,0xb9,0xa8,0x79,0xc7,0x21,0x00,0x00,0xa7,0x31,0xa7,0x29,
    0xc7,0x29,0xa7,0x29,0xa7,0x31,0x88,0xb1,0x68,0xe9,0x68,0xc1,0x68,0xe1,0x88,0x89,0x88,0x89,0x68,0xe9,0x87,0x79,0xa8,0x99,0x88,0xb1,0xc7,0x31,0xa7,0x29,0xa6,0x31,
    0x00,0xf8,0xc7,0x11,0xa8,0x81,0x68,0xf1,0x68,0xc1,0xc7,0x11,0x88,0x79,0x88,0x89,0x88,0x89,0x68,0xc1,0xc7,0x09,0xa7,0x29,0x68,0xe9,0x88,0x81,0xc7,0x11,0x00,0xf8,
    0x00,0x00,0x00,0x00,0x68,0xd9,0x68,0xe9,0x68,0xe1,0x88,0x89,0x88,0xb9,0x88,0x89,0x88,0x81,0x68,0xf1,0x88,0x91,0x88,0x99,0x88,0xe1,0x68,0xd9,0x00,0x00,0x00,0x00,
    0xa7,0x29,0xa7,0x39,0x68,0xd9,0x88,0xb9,0x88,0x79,0x68,0xc9,0x68,0xf9,0x88,0x81,0x88,0x89,0x88,0xa9,0x88,0xa1,0x68,0xf1,0x68,0xe9,0x68,0xd9,0xa7,0x41,0xa7,0x29,
    0xa7,0x29,0xa7,0x49,0x68,0xd9,0xa7,0x49,0xc7,0x11,0xa7,0x51,0x68,0xf1,0x88,0x81,0x88,0x91,0x88,0x89,0x88,0x79,0x68,0xc1,0xa8,0x69,0x68,0xb9,0xa7,0x51,0xa7,0x29,
    0x00,0x00,0x00,0x00,0x68,0xe9,0xa8,0x79,0xa7,0x21,0x88,0x81,0x68,0xf1,0x88,0x81,0x88,0x81,0x68,0xf1,0x68,0xf9,0x88,0xa1,0xc7,0x19,0x68,0xa9,0x00,0x08,0x00,0x00,
    0x0a,0xa8,0xc7,0x01,0x88,0xa9,0x68,0xe9,0x68,0xc1,0x68,0xd9,0x68,0xe9,0x88,0x81,0x88,0x81,0x68,0xe1,0x88,0x89,0x68,0xb9,0x68,0xd9,0x88,0xa1,0xc7,0x01,0x0a,0x50,
    0xe7,0x39,0xa7,0x21,0xa8,0x61,0x68,0xe9,0x68,0xd1,0xa7,0x31,0x88,0x89,0x88,0x89,0x88,0x89,0x88,0x81,0xc7,0x11,0xa7,0x41,0x68,0xe9,0xa8,0x69,0xa7,0x21,0xe7,0x39,
    0xa7,0x31,0xa7,0x31,0x00,0x00,0x68,0xe1,0x89,0xe9,0xa7,0x59,0x88,0x99,0x88,0x89,0x88,0x89,0x88,0x91,0xc7,0x19,0xc8,0x69,0x68,0xd9,0x00,0x00,0xa7,0x31,0xa7,0x29,
    0x00,0x00,0x00,0x00,0x0f,0xf8,0x00,0x00,0x68,0xe1,0x68,0xe9,0x69,0xf9,0x88,0x89,0x88,0x89,0x89,0xf9,0x88,0xb9,0x68,0xc1,0x00,0x00,0x0f,0xf8,0x00,0x00,0x00,0x00,
    0x00,0x00,0xef,0x03,0x00,0x00,0x00,0xf8,0x00,0x00,0x68,0xc9,0x89,0xe9,0x88,0xb1,0x88,0xb1,0x89,0xe9,0x68,0xf9,0x00,0x00,0x00,0x00,0x00,0x00,0xef,0x03,0x00,0x00,
    0x00,0x00,0x00,0x00,0x03,0x00,0xbf,0x86,0x86,0xbe,0x00,0x03,0x00,0x00,0x00,0x00,0x00,0x00,0x00,0x02,0x00,0x4b,0xf2,0xfd,0xfd,0xf1,0x4b,0x01,0x02,0x00,0x00,0x00,
    0x00,0x02,0x01,0x02,0x05,0xed,0xff,0xfd,0xfd,0xff,0xed,0x05,0x02,0x01,0x02,0x01,0x00,0x00,0x04,0x00,0x64,0xff,0xfd,0xff,0xff,0xfd,0xff,0x64,0x00,0x04,0x00,0x00,
    0x24,0x8f,0x00,0x5e,0xff,0xfc,0xfe,0xff,0xff,0xfe,0xfc,0xff,0x5e,0x00,0x90,0x26,0x12,0xe5,0x4e,0xdf,0xff,0xfd,0xff,0xff,0xff,0xff,0xfd,0xff,0xdf,0x51,0xe6,0x13,
    0x01,0x5b,0xf5,0xfb,0xfe,0xff,0xff,0xff,0xff,0xff,0xff,0xfe,0xfb,0xf6,0x57,0x01,0x00,0x00,0xd5,0xff,0xfd,0xff,0xff,0xff,0xff,0xff,0xff,0xfd,0xff,0xd3,0x00,0x00,
    0x97,0xa5,0xf7,0xff,0xff,0xff,0xff,0xff,0xff,0xff,0xff,0xff,0xff,0xf7,0xa5,0x97,0x63,0x73,0xf8,0xff,0xfe,0xff,0xff,0xff,0xff,0xff,0xff,0xfe,0xff,0xf8,0x73,0x63,
    0x00,0x00,0xd1,0xff,0xfd,0xff,0xff,0xff,0xff,0xff,0xff,0xfd,0xff,0xd1,0x00,0x00,0x03,0x16,0xe9,0xfe,0xfd,0xff,0xff,0xff,0xff,0xff,0xff,0xfd,0xfe,0xea,0x16,0x03,
    0x08,0xc4,0xb0,0xf6,0xfd,0xfe,0xff,0xff,0xff,0xff,0xfe,0xfd,0xf6,0xb2,0xc4,0x08,0x22,0x9f,0x00,0x85,0xff,0xff,0xfc,0xff,0xff,0xfc,0xff,0xff,0x84,0x00,0x9f,0x20,
    0x00,0x00,0x02,0x00,0x80,0xf6,0xff,0xff,0xff,0xff,0xf6,0x80,0x00,0x02,0x00,0x00,0x00,0x02,0x01,0x01,0x00,0x2e,0x84,0x59,0x59,0x84,0x2e,0x00,0x01,0x01,0x02,0x00,

};

const lv_image_dsc_t emoji_ladybug_16 = {
  .header.magic = LV_IMAGE_HEADER_MAGIC,
  .header.cf = LV_COLOR_FORMAT_RGB565A8,
  .header.flags = 0,
  .header.w = 16,
  .header.h = 16,
  .header.stride = 32,
  .data_size = sizeof(emoji_ladybug_16_map),
  .data = emoji_ladybug_16_map,
};




#ifndef LV_ATTRIBUTE_MEM_ALIGN
#define LV_ATTRIBUTE_MEM_ALIGN
#endif

#ifndef LV_ATTRIBUTE_EMOJI_PUSHPIN_16
#define LV_ATTRIBUTE_EMOJI_PUSHPIN_16
#endif

static const
LV_ATTRIBUTE_MEM_ALIGN LV_ATTRIBUTE_LARGE_CONST LV_ATTRIBUTE_EMOJI_PUSHPIN_16
uint8_t emoji_pushpin_16_map[] = {

    0x00,0x00,0x00,0x00,0x00,0x00,0x00,0x78,0x00,0x00,0x48,0xd9,0x68,0xe1,0x68,0xe1,0x68,0xe1,0x68,0xe1,0x48,0xd9,0x00,0x00,0x00,0x78,0x00,0x00,0x00,0x00,0x00,0x00,
    0x00,0x00,0x00,0x00,0x00,0xf8,0x00,0xf8,0x69,0xe1,0x68,0xd9,0x89,0xe9,0x68,0xd9,0x68,0xd9,0x89,0xe9,0x68,0xd9,0x69,0xe1,0x00,0xf8,0x00,0xf8,0x00,0x00,0x00,0x00,
    0x00,0x00,0x00,0x00,0xe7,0xb9,0x00,0x00,0x68,0xd9,0x89,0xf1,0x68,0xd9,0x68,0xd9,0x68,0xd9,0x68,0xd9,0x89,0xf1,0x68,0xd9,0x00,0x00,0xe7,0xb9,0x00,0x00,0x00,0x00,
    0x00,0x00,0x00,0x00,0xe7,0xf9,0x00,0x00,0x68,0xd9,0x89,0xe9,0x68,0xd9,0x68,0xd9,0x68,0xd9,0x68,0xd9,0x89,0xe9,0x68,0xd9,0x00,0x00,0xe7,0xf9,0x00,0x00,0x00,0x00,
    0x00,0x00,0x00,0x00,0xe7,0xf9,0x00,0x00,0x68,0xd9,0x89,0xe9,0x68,0xd9,0x68,0xd9,0x68,0xd9,0x68,0xd9,0x89,0xe9,0x68,0xd9,0x00,0x00,0xe7,0xf9,0x00,0x00,0x00,0x00,
    0x00,0x00,0x00,0x00,0x00,0x78,0x00,0xf8,0x88,0xe1,0x68,0xd9,0x68,0xe9,0x68,0xd9,0x68,0xd9,0x68,0xe9,0x68,0xd9,0x47,0xe1,0x00,0xf8,0x00,0xf8,0x00,0x00,0x00,0x00,
    0x00,0x00,0x00,0x00,0x00,0x00,0x00,0xf8,0x00,0x00,0x68,0xd9,0xa9,0xd9,0x89,0xd9,0x89,0xd9,0xa9,0xd9,0x68,0xd9,0x00,0x00,0x00,0xf8,0x00,0x00,0x00,0x00,0x00,0x00,
    0x00,0x00,0x00,0x00,0x00,0x00,0x00,0x00,0x33,0x9b,0x00,0x00,0x76,0x95,0x15,0xad,0x15,0xad,0x76,0x95,0x00,0x00,0x33,0x9b,0x00,0x00,0x00,0x00,0x00,0x00,0x00,0x00,
    0x00,0x00,0x00,0x00,0x00,0x00,0x00,0x00,0x55,0xad,0x0f,0xf8,0x56,0x9d,0x97,0x9d,0x97,0x9d,0x56,0x9d,0x0f,0xf8,0x55,0xad,0x00,0x00,0x00,0x00,0x00,0x00,0x00,0x00,
    0x00,0x00,0x00,0x00,0x00,0x00,0x00,0x00,0xef,0x7b,0x00,0x00,0x36,0x95,0x56,0x9d,0x56,0x9d,0x36,0x95,0x00,0x00,0xef,0x7b,0x00,0x00,0x00,0x00,0x00,0x00,0x00,0x00,
    0x00,0x00,0x00,0x00,0x00,0x00,0x00,0x00,0xff,0xff,0x00,0x00,0xb6,0xa5,0x56,0x9d,0x56,0x9d,0xb6,0xa5,0x00,0x00,0xff,0xff,0x00,0x00,0x00,0x00,0x00,0x00,0x00,0x00,
    0x00,0x00,0x00,0x00,0x00,0x00,0x00,0x00,0x00,0x00,0x00,0x00,0x00,0x00,0x56,0x9d,0x56,0x9d,0x00,0x00,0x00,0x00,0x00,0x00,0x00,0x00,0x00,0x00,0x00,0x00,0x00,0x00,
    0x00,0x00,0x00,0x00,0x00,0x00,0x00,0x00,0x00,0x00,0x55,0xad,0x00,0x00,0x56,0x95,0x56,0x95,0x00,0x00,0x55,0xad,0x00,0x00,0x00,0x00,0x00,0x00,0x00,0x00,0x00,0x00,
    0x00,0x00,0x00,0x00,0x00,0x00,0x00,0x00,0x00,0x00,0xf7,0x7d,0x00,0x00,0x97,0xa5,0x97,0xa5,0x00,0x00,0xf7,0x7d,0x00,0x00,0x00,0x00,0x00,0x00,0x00,0x00,0x00,0x00,
    0x00,0x00,0x00,0x00,0x00,0x00,0x00,0x00,0x00,0x00,0x55,0x55,0xc4,0x10,0x11,0x74,0x11,0x74,0xc4,0x10,0x55,0x55,0x00,0x00,0x00,0x00,0x00,0x00,0x00,0x00,0x00,0x00,
    0x00,0x00,0x00,0x00,0x00,0x00,0x00,0x00,0x00,0x00,0x00,0x00,0x45,0x21,0x08,0x3a,0x08,0x3a,0x45,0x21,0x00,0x00,0x00,0x00,0x00,0x00,0x00,0x00,0x00,0x00,0x00,0x00,
    0x00,0x00,0x00,0x02,0x00,0x23,0xb8,0xfa,0xfa,0xb8,0x23,0x00,0x02,0x00,0x00,0x00,0x00,0x00,0x01,0x01,0x11,0xd7,0xff,0xfe,0xfe,0xff,0xd7,0x11,0x01,0x01,0x00,0x00,
    0x00,0x00,0x04,0x00,0x6d,0xff,0xf9,0xff,0xff,0xf9,0xff,0x6d,0x00,0x04,0x00,0x00,0x00,0x00,0x04,0x00,0x93,0xfc,0xfb,0xff,0xff,0xfb,0xfc,0x93,0x00,0x04,0x00,0x00,
    0x00,0x00,0x04,0x00,0x75,0xff,0xf9,0xff,0xff,0xf9,0xff,0x75,0x00,0x04,0x00,0x00,0x00,0x00,0x02,0x01,0x19,0xe9,0xff,0xfd,0xfd,0xff,0xe9,0x19,0x01,0x01,0x00,0x00,
    0x00,0x00,0x00,0x02,0x00,0x32,0xd2,0xfe,0xfe,0xd2,0x32,0x00,0x02,0x00,0x00,0x00,0x00,0x00,0x00,0x00,0x05,0x00,0x55,0xff,0xff,0x55,0x00,0x05,0x00,0x00,0x00,0x00,
    0x00,0x00,0x00,0x00,0x03,0x02,0x40,0xff,0xff,0x40,0x02,0x03,0x00,0x00,0x00,0x00,0x00,0x00,0x00,0x00,0x02,0x00,0x25,0xfd,0xfd,0x25,0x00,0x02,0x00,0x00,0x00,0x00,
    0x00,0x00,0x00,0x00,0x01,0x00,0x0e,0xf0,0xf0,0x0e,0x00,0x01,0x00,0x00,0x00,0x00,0x00,0x00,0x00,0x00,0x00,0x00,0x00,0xdc,0xdc,0x00,0x00,0x00,0x00,0x00,0x00,0x00,
    0x00,0x00,0x00,0x00,0x00,0x03,0x02,0xc5,0xc5,0x02,0x03,0x00,0x00,0x00,0x00,0x00,0x00,0x00,0x00,0x00,0x00,0x04,0x00,0x96,0x96,0x00,0x04,0x00,0x00,0x00,0x00,0x00,
    0x00,0x00,0x00,0x00,0x01,0x03,0x26,0xa5,0xa5,0x26,0x03,0x01,0x00,0x00,0x00,0x00,0x00,0x00,0x00,0x00,0x03,0x00,0x97,0xff,0xff,0x97,0x00,0x03,0x00,0x00,0x00,0x00,

};

const lv_image_dsc_t emoji_pushpin_16 = {
  .header.magic = LV_IMAGE_HEADER_MAGIC,
  .header.cf = LV_COLOR_FORMAT_RGB565A8,
  .header.flags = 0,
  .header.w = 16,
  .header.h = 16,
  .header.stride = 32,
  .data_size = sizeof(emoji_pushpin_16_map),
  .data = emoji_pushpin_16_map,
};




#ifndef LV_ATTRIBUTE_MEM_ALIGN
#define LV_ATTRIBUTE_MEM_ALIGN
#endif

#ifndef LV_ATTRIBUTE_EMOJI_OWL_16
#define LV_ATTRIBUTE_EMOJI_OWL_16
#endif

static const
LV_ATTRIBUTE_MEM_ALIGN LV_ATTRIBUTE_LARGE_CONST LV_ATTRIBUTE_EMOJI_OWL_16
uint8_t emoji_owl_16_map[] = {

    0x00,0x00,0x00,0x00,0x00,0x00,0xe8,0xb2,0xe5,0x89,0x00,0x28,0x40,0x48,0x23,0x69,0x23,0x69,0x40,0x48,0x00,0x28,0xe5,0x89,0xe8,0xb2,0x00,0x00,0x00,0x00,0x00,0x00,
    0xe0,0x7b,0x00,0x00,0x28,0xb3,0x29,0xc3,0x29,0xc3,0xa7,0xa2,0x43,0x71,0xe2,0x60,0xe2,0x60,0x43,0x71,0xa7,0xa2,0x29,0xc3,0x29,0xc3,0x28,0xb3,0x00,0x00,0xe0,0x7b,
    0xaa,0xaa,0x00,0x00,0x29,0xbb,0x4a,0xc3,0x8e,0xed,0x4f,0xee,0x6e,0xed,0xe5,0x89,0xe5,0x89,0x6e,0xed,0x4f,0xee,0x8e,0xed,0x4a,0xc3,0x29,0xbb,0x00,0x00,0xaa,0xaa,
    0xef,0xfb,0x00,0x00,0x25,0x89,0xac,0xe4,0x2d,0xbd,0xa4,0x08,0xae,0xcd,0xcb,0xcb,0xcb,0xcb,0xae,0xcd,0xa4,0x08,0x2d,0xbd,0xac,0xe4,0x25,0x89,0x00,0x00,0xef,0xfb,
    0x00,0x78,0x00,0x00,0x00,0x38,0x89,0xbb,0xef,0xe5,0xea,0x83,0xee,0xe5,0x6a,0xed,0x6a,0xed,0xee,0xe5,0xea,0x83,0xef,0xe5,0x89,0xbb,0x00,0x38,0x00,0x00,0x00,0x78,
    0x00,0x50,0x00,0x00,0xc1,0x58,0x43,0x71,0xea,0xcb,0x4e,0xed,0x8a,0xdc,0x68,0xfe,0x68,0xfe,0x8a,0xdc,0x4e,0xed,0xea,0xcb,0x43,0x71,0xc1,0x58,0x00,0x00,0x00,0x50,
    0xe0,0x79,0x00,0x00,0xe2,0x60,0x43,0x71,0xe8,0xb2,0xe9,0xba,0x28,0xc3,0x83,0xec,0xa3,0xec,0x28,0xc3,0xe9,0xba,0xe8,0xb2,0x43,0x71,0xe2,0x60,0x00,0x00,0xe0,0x79,
    0x00,0x50,0x00,0x00,0xc1,0x58,0xc4,0x89,0x8a,0xcb,0x49,0xc3,0x4a,0xc3,0x49,0xc3,0x49,0xc3,0x4a,0xc3,0x49,0xc3,0x8a,0xcb,0xc4,0x89,0xc1,0x58,0x00,0x00,0x00,0x50,
    0x00,0x78,0x00,0x00,0xc1,0x58,0xc4,0x89,0x6a,0xc3,0x49,0xc3,0x49,0xc3,0x4a,0xc3,0x4a,0xc3,0x49,0xc3,0x49,0xc3,0x6a,0xc3,0xc4,0x89,0xc1,0x58,0x00,0x00,0x00,0x78,
    0x00,0x50,0x00,0x00,0xc1,0x60,0x83,0x79,0x4a,0xc3,0x49,0xc3,0x49,0xc3,0x49,0xc3,0x49,0xc3,0x49,0xc3,0x49,0xc3,0x4a,0xc3,0x83,0x79,0xe1,0x58,0x00,0x00,0x00,0x50,
    0xe0,0x79,0x00,0x00,0x02,0x61,0x22,0x69,0x09,0xb3,0x4a,0xc3,0x49,0xc3,0x49,0xc3,0x49,0xc3,0x49,0xc3,0x4a,0xc3,0x09,0xb3,0x22,0x69,0x02,0x61,0x00,0x00,0xe0,0x79,
    0x00,0x78,0x00,0x00,0x23,0x69,0xe2,0x60,0x26,0x92,0x8a,0xcb,0x29,0xbb,0x49,0xc3,0x49,0xc3,0x29,0xbb,0x8a,0xcb,0x26,0x92,0xe2,0x60,0x43,0x69,0x00,0x00,0x00,0x78,
    0x00,0x00,0x00,0x00,0x00,0x00,0xa1,0x50,0x81,0x58,0xa8,0xaa,0x8a,0xcb,0x49,0xc3,0x49,0xc3,0x8a,0xcb,0xa8,0xaa,0xa1,0x58,0x81,0x50,0x00,0x00,0x00,0x78,0x00,0x00,
    0x00,0x00,0x4a,0xfd,0x00,0x78,0xc6,0xfd,0xe5,0xe4,0x83,0x79,0x67,0xa2,0x8a,0xcb,0x8a,0xcb,0x67,0xa2,0x83,0x79,0xe5,0xe4,0xc6,0xfd,0x00,0x78,0x4a,0xfd,0x00,0x00,
    0x00,0x00,0xe0,0xff,0x00,0x00,0x26,0xfd,0xc6,0xfd,0x46,0xf5,0x43,0x92,0xc5,0x81,0xc5,0x81,0x43,0x92,0x46,0xf5,0xc6,0xfd,0x26,0xfd,0x00,0x00,0xe0,0xff,0x00,0x00,
    0x00,0x00,0x00,0x00,0xe0,0xff,0x00,0x00,0x26,0xfd,0xc6,0xfd,0xff,0xff,0x00,0x00,0x00,0x00,0xff,0xff,0xc6,0xfd,0x26,0xfd,0x00,0x00,0xe0,0xff,0x00,0x00,0x00,0x00,
    0x00,0x01,0x00,0x87,0x82,0x2c,0x1c,0x27,0x27,0x1c,0x2c,0x82,0x87,0x00,0x01,0x00,0x02,0x00,0x19,0xfb,0xff,0xf6,0xef,0xf9,0xf9,0xef,0xf6,0xff,0xfb,0x19,0x00,0x02,
    0x03,0x00,0x32,0xff,0xfc,0xff,0xff,0xff,0xff,0xff,0xff,0xfc,0xff,0x32,0x00,0x03,0x02,0x00,0x22,0xf9,0xff,0xfd,0xfe,0xfe,0xfe,0xfe,0xfd,0xff,0xf9,0x22,0x00,0x02,
    0x02,0x00,0x22,0xfa,0xff,0xfe,0xff,0xff,0xff,0xff,0xfe,0xff,0xfa,0x21,0x00,0x02,0x03,0x00,0x3a,0xff,0xfe,0xff,0xff,0xff,0xff,0xff,0xff,0xfe,0xff,0x39,0x00,0x03,
    0x04,0x00,0x85,0xff,0xfb,0xff,0xff,0xff,0xff,0xff,0xff,0xfb,0xff,0x83,0x00,0x04,0x03,0x00,0xbe,0xff,0xfc,0xff,0xff,0xff,0xff,0xff,0xff,0xfc,0xff,0xbb,0x00,0x03,
    0x02,0x00,0xc7,0xff,0xfc,0xff,0xff,0xff,0xff,0xff,0xff,0xfc,0xff,0xc7,0x00,0x02,0x03,0x00,0xb7,0xff,0xfc,0xff,0xff,0xff,0xff,0xff,0xff,0xfc,0xff,0xb5,0x00,0x03,
    0x04,0x00,0x7f,0xff,0xf9,0xff,0xff,0xff,0xff,0xff,0xff,0xf9,0xff,0x7c,0x00,0x04,0x02,0x00,0x28,0xff,0xff,0xfe,0xff,0xff,0xff,0xff,0xfe,0xff,0xff,0x26,0x00,0x02,
    0x00,0x02,0x00,0x7c,0xd1,0xfd,0xfc,0xfc,0xfc,0xfc,0xfd,0xd2,0x7b,0x00,0x02,0x00,0x00,0x03,0x02,0x4f,0xbb,0xfa,0xff,0xff,0xff,0xff,0xfa,0xbb,0x4f,0x02,0x03,0x00,
    0x00,0x02,0x00,0x4d,0xf4,0xff,0xcd,0xc4,0xc4,0xcd,0xff,0xf4,0x4d,0x00,0x02,0x00,0x00,0x00,0x01,0x00,0x82,0x75,0x03,0x00,0x00,0x03,0x75,0x82,0x00,0x01,0x00,0x00,

};

const lv_image_dsc_t emoji_owl_16 = {
  .header.magic = LV_IMAGE_HEADER_MAGIC,
  .header.cf = LV_COLOR_FORMAT_RGB565A8,
  .header.flags = 0,
  .header.w = 16,
  .header.h = 16,
  .header.stride = 32,
  .data_size = sizeof(emoji_owl_16_map),
  .data = emoji_owl_16_map,
};




#ifndef LV_ATTRIBUTE_MEM_ALIGN
#define LV_ATTRIBUTE_MEM_ALIGN
#endif

#ifndef LV_ATTRIBUTE_EMOJI_SNAKE_16
#define LV_ATTRIBUTE_EMOJI_SNAKE_16
#endif

static const
LV_ATTRIBUTE_MEM_ALIGN LV_ATTRIBUTE_LARGE_CONST LV_ATTRIBUTE_EMOJI_SNAKE_16
uint8_t emoji_snake_16_map[] = {

    0x00,0x00,0x00,0x00,0x00,0x00,0x00,0x00,0x00,0x00,0x49,0xb2,0x8a,0x7d,0x8a,0x7d,0x0a,0x6d,0x8a,0x75,0x8a,0x75,0xaa,0x7d,0xaa,0x7d,0x8a,0x7d,0x00,0x00,0xff,0xff,
    0x00,0x00,0x00,0xf8,0x00,0x00,0xe8,0xd1,0x29,0xf9,0xeb,0x17,0xeb,0x7d,0x6a,0x75,0x68,0x4b,0x8a,0x75,0xaa,0x7d,0xaa,0x7d,0xaa,0x7d,0xeb,0x7d,0x8a,0x75,0x00,0x00,
    0x00,0x00,0x0f,0xf8,0x00,0xf8,0x88,0xd9,0x68,0xd9,0xc8,0xd9,0x2a,0x8d,0x0b,0x7e,0x0b,0x86,0xcb,0x7d,0x8a,0x75,0x8a,0x75,0xcb,0x7d,0x8a,0x75,0x0b,0x86,0x8a,0x75,
    0x00,0x00,0x00,0xf8,0x00,0xf8,0x48,0xd9,0x68,0xd9,0x48,0xe9,0x09,0xb3,0xca,0x6d,0x8a,0x7d,0x8a,0x7d,0x6a,0x75,0x6a,0x75,0x8a,0x75,0xab,0x7d,0xaa,0x7d,0x8a,0x75,
    0x00,0x00,0x00,0x00,0x00,0x00,0x69,0xca,0xc7,0xc1,0x00,0x00,0x00,0x00,0x00,0x00,0x00,0x00,0x00,0x00,0x00,0x00,0x00,0x00,0xe7,0x7c,0x8a,0x75,0xaa,0x7d,0x8a,0x75,
    0x00,0x00,0xe0,0xff,0x00,0x00,0x00,0x00,0x00,0x00,0xe9,0x9c,0x89,0x94,0xe7,0x7d,0xe7,0x7d,0x4a,0xad,0xe0,0x7f,0xef,0x7b,0xc8,0x75,0x8a,0x75,0xaa,0x7d,0x8a,0x75,
    0xe0,0x7b,0x00,0x00,0x00,0x00,0xab,0x7d,0xab,0x7d,0xcb,0x7d,0x8a,0x75,0xe7,0x7d,0x6c,0x9e,0xef,0x7b,0xe0,0x07,0x00,0x00,0x89,0x7d,0x8a,0x75,0xaa,0x7d,0x8a,0x75,
    0x00,0x00,0xaa,0x7d,0xcb,0x7d,0xeb,0x7d,0x8a,0x7d,0xab,0x6d,0x00,0x00,0x00,0x00,0x00,0x00,0x00,0x00,0xea,0x57,0x00,0x00,0x89,0x7d,0x8a,0x75,0xaa,0x7d,0x8a,0x75,
    0x8c,0x7d,0x8a,0x75,0x6c,0x8e,0x8a,0x75,0x00,0x00,0x00,0x00,0x6a,0x75,0x8a,0x7d,0x8a,0x7d,0x8a,0x7d,0x00,0x00,0xe0,0x07,0x89,0x7d,0x8a,0x75,0xaa,0x7d,0x8a,0x75,
    0x8a,0x7d,0xeb,0x7d,0x8a,0x7d,0xaa,0x7d,0x00,0x00,0x8a,0x75,0xca,0x7d,0xcb,0x7d,0xcb,0x7d,0xca,0x7d,0x8a,0x75,0x00,0x00,0xea,0x7d,0x8a,0x75,0xaa,0x7d,0x8a,0x75,
    0x8a,0x75,0xcb,0x7d,0x8a,0x75,0x89,0x7d,0x8a,0x75,0xeb,0x7d,0x8a,0x7d,0xaa,0x7d,0xaa,0x7d,0x8a,0x7d,0xeb,0x7d,0x8a,0x75,0x4a,0x55,0x8a,0x75,0xaa,0x7d,0x8a,0x75,
    0x8a,0x75,0xca,0x7d,0x8a,0x75,0x00,0x00,0x8a,0x75,0xeb,0x7d,0xaa,0x7d,0x8a,0x75,0x8a,0x75,0xaa,0x7d,0xeb,0x7d,0x8a,0x75,0x00,0x00,0x8a,0x75,0xaa,0x7d,0x8a,0x75,
    0x8a,0x75,0x8a,0x7d,0x8a,0x75,0x8a,0x75,0x8a,0x75,0xcb,0x7d,0xeb,0x7d,0x8a,0x75,0x8a,0x75,0xeb,0x7d,0xcb,0x7d,0x8a,0x75,0xaa,0x7d,0x8a,0x75,0xaa,0x7d,0x8a,0x75,
    0x8a,0x75,0xaa,0x7d,0x8a,0x75,0x8a,0x75,0x8a,0x75,0x8a,0x75,0xaa,0x7d,0x8a,0x75,0x8a,0x75,0xaa,0x7d,0x8a,0x75,0x8a,0x75,0x8a,0x75,0x8a,0x75,0xaa,0x7d,0x8a,0x75,
    0x8a,0x75,0xcb,0x7d,0xaa,0x7d,0x8a,0x75,0x8a,0x75,0x0b,0x86,0x8a,0x75,0x00,0x00,0x00,0x00,0x8a,0x75,0x0b,0x86,0x8a,0x75,0x8a,0x7d,0xaa,0x7d,0xcb,0x7d,0x8a,0x75,
    0x00,0x00,0x6a,0x75,0xcb,0x7d,0xaa,0x7d,0xaa,0x7d,0xaa,0x75,0x4a,0x7d,0xef,0x7b,0xef,0x7b,0x4a,0x7d,0xaa,0x75,0xaa,0x7d,0xaa,0x7d,0xca,0x7d,0x8a,0x75,0x00,0x00,
    0x00,0x00,0x00,0x00,0x00,0x07,0x5a,0xba,0xe7,0xfd,0xfd,0xf6,0xc6,0x5b,0x00,0x01,0x00,0x01,0x00,0x19,0x07,0x1b,0xff,0xff,0xff,0xfd,0xff,0xff,0xff,0xff,0x91,0x00,
    0x00,0x02,0x01,0x35,0xbe,0xbd,0xff,0xff,0xff,0xff,0xf3,0xf6,0xff,0xfc,0xff,0x6b,0x00,0x01,0x01,0x24,0xc0,0x7d,0x4d,0x70,0x70,0x4a,0x1c,0x20,0x96,0xff,0xfd,0xe0,
    0x00,0x00,0x00,0x14,0x0d,0x00,0x00,0x00,0x00,0x00,0x00,0x00,0x08,0xec,0xff,0xfd,0x00,0x01,0x00,0x00,0x00,0x10,0x07,0x04,0x04,0x03,0x02,0x02,0x0b,0xe2,0xff,0xfd,
    0x02,0x00,0x01,0x62,0xbf,0xad,0x28,0x04,0x05,0x02,0x01,0x00,0x0a,0xe3,0xff,0xfd,0x00,0x19,0xc1,0xff,0x69,0x0e,0x00,0x00,0x00,0x00,0x03,0x00,0x0a,0xe3,0xff,0xfd,
    0x0a,0xc7,0xff,0x85,0x00,0x00,0x25,0x5f,0x5f,0x24,0x00,0x01,0x0a,0xe3,0xff,0xfd,0x7b,0xff,0xfb,0x33,0x00,0x75,0xf7,0xff,0xff,0xf7,0x73,0x00,0x0c,0xe3,0xff,0xfd,
    0xd8,0xfd,0xef,0x0a,0x3c,0xff,0xff,0xff,0xff,0xff,0xff,0x3e,0x03,0xe7,0xff,0xfd,0xf9,0xff,0xe5,0x00,0x92,0xfe,0xfb,0xc5,0xc5,0xfb,0xfe,0x92,0x00,0xe6,0xff,0xfc,
    0xff,0xff,0xf5,0x2a,0xb7,0xff,0xff,0x37,0x37,0xff,0xff,0xb9,0x1f,0xef,0xff,0xff,0xea,0xfe,0xfe,0xf8,0xfd,0xfd,0xff,0x21,0x21,0xff,0xfd,0xfd,0xf5,0xfe,0xff,0xe7,
    0x66,0xff,0xff,0xff,0xff,0xff,0x9b,0x00,0x00,0x9b,0xff,0xff,0xff,0xff,0xff,0x62,0x00,0x66,0xdf,0xfb,0xed,0x8f,0x06,0x02,0x02,0x06,0x8f,0xed,0xfb,0xdd,0x62,0x00,

};

const lv_image_dsc_t emoji_snake_16 = {
  .header.magic = LV_IMAGE_HEADER_MAGIC,
  .header.cf = LV_COLOR_FORMAT_RGB565A8,
  .header.flags = 0,
  .header.w = 16,
  .header.h = 16,
  .header.stride = 32,
  .data_size = sizeof(emoji_snake_16_map),
  .data = emoji_snake_16_map,
};




#ifndef LV_ATTRIBUTE_MEM_ALIGN
#define LV_ATTRIBUTE_MEM_ALIGN
#endif

#ifndef LV_ATTRIBUTE_EMOJI_RADIO_16
#define LV_ATTRIBUTE_EMOJI_RADIO_16
#endif

static const
LV_ATTRIBUTE_MEM_ALIGN LV_ATTRIBUTE_LARGE_CONST LV_ATTRIBUTE_EMOJI_RADIO_16
uint8_t emoji_radio_16_map[] = {

    0x00,0x00,0x00,0x00,0x00,0x00,0x00,0x00,0x00,0x00,0xa6,0x29,0x66,0x29,0x65,0x29,0x00,0x00,0x00,0x00,0x00,0x00,0x00,0x00,0x00,0x00,0x00,0x00,0x00,0x00,0x00,0x00,
    0x00,0x00,0x00,0x00,0xef,0x03,0x00,0x00,0x65,0x29,0x66,0x29,0x66,0x29,0x24,0x21,0x00,0x00,0x00,0x00,0x00,0x00,0x00,0x00,0x00,0x00,0x00,0x00,0x00,0x00,0x00,0x00,
    0xef,0x7b,0xef,0x7b,0x00,0x00,0x4b,0x4a,0x86,0x29,0x86,0x29,0x00,0x00,0xf7,0x7d,0xd3,0x9c,0xf7,0xbd,0xf7,0xbd,0xf7,0xbd,0xf7,0xbd,0xf7,0xbd,0xf7,0xbd,0xff,0x7b,
    0x00,0x00,0x00,0x00,0x00,0x00,0x25,0x19,0xe4,0x18,0x00,0x00,0x00,0x00,0x00,0x00,0x00,0x00,0x00,0x00,0x00,0x00,0x00,0x00,0x00,0x00,0x00,0x00,0x00,0x00,0x00,0x00,
    0x56,0x95,0x77,0x9d,0x11,0x74,0xaf,0x6b,0x97,0x9d,0x56,0x95,0x56,0x95,0x56,0x95,0x56,0x9d,0x56,0x9d,0x36,0x95,0x97,0xa5,0xb8,0xa5,0x77,0x9d,0x76,0x9d,0x56,0x9d,
    0x56,0x9d,0xf9,0xad,0xd9,0xad,0xb8,0xa5,0xf9,0xad,0xd8,0xa5,0xf9,0xad,0xf9,0xad,0xb8,0xa5,0xb8,0xa5,0xf9,0xad,0x15,0x95,0xb3,0x84,0x97,0xa5,0xf9,0xad,0x56,0x95,
    0x97,0x9d,0xb3,0x84,0x29,0x3a,0xd4,0x8c,0x4a,0x42,0x93,0x84,0xec,0x52,0x6e,0x63,0x97,0x9d,0x77,0x9d,0x4d,0x5b,0xa7,0x29,0xe8,0x31,0x08,0x3a,0xf4,0x8c,0x77,0x9d,
    0x76,0x9d,0xf5,0x8c,0x8f,0x63,0x35,0x95,0x8f,0x63,0xf4,0x8c,0x11,0x74,0x52,0x7c,0xb8,0xa5,0x93,0x84,0xc7,0x31,0x8f,0x63,0xf1,0x6b,0x4a,0x42,0x0c,0x53,0x97,0xa5,
    0x77,0x9d,0xf5,0x8c,0x6e,0x63,0x15,0x95,0x8f,0x63,0xf4,0x8c,0xf0,0x73,0x32,0x7c,0xb8,0xa5,0x32,0x7c,0x08,0x3a,0xf1,0x6b,0xf1,0x6b,0xed,0x52,0xab,0x4a,0x97,0xa5,
    0x77,0x9d,0xd4,0x8c,0x8a,0x42,0xf5,0x8c,0xab,0x4a,0x93,0x84,0x2d,0x5b,0xaf,0x6b,0x97,0xa5,0x36,0x95,0x29,0x3a,0x4a,0x42,0xec,0x52,0xa7,0x29,0x11,0x74,0x97,0xa5,
    0x56,0x9d,0x36,0x95,0x72,0x7c,0x56,0x95,0x72,0x7c,0x35,0x95,0xb3,0x84,0xd4,0x8c,0x76,0x9d,0x77,0x9d,0xf4,0x8c,0x2d,0x5b,0xec,0x52,0x11,0x74,0x77,0x9d,0x56,0x9d,
    0x97,0x9d,0x93,0x84,0xc7,0x31,0xd4,0x8c,0xe8,0x39,0x72,0x7c,0xab,0x4a,0x4d,0x5b,0xb7,0xa5,0x36,0x95,0x97,0x9d,0x72,0x84,0xaf,0x6b,0x56,0x9d,0x56,0x9d,0x56,0x9d,
    0x56,0x9d,0x56,0x95,0xd4,0x8c,0x56,0x9d,0xd4,0x8c,0x56,0x95,0xf5,0x8c,0x15,0x95,0x56,0x9d,0x97,0x9d,0x52,0x7c,0xc7,0x31,0x09,0x3a,0xab,0x4a,0x97,0x9d,0x56,0x9d,
    0x97,0x9d,0x93,0x84,0xa7,0x29,0xd4,0x8c,0xc7,0x31,0x52,0x7c,0x8b,0x4a,0x2d,0x5b,0x97,0xa5,0x97,0x9d,0x11,0x74,0xe8,0x31,0xab,0x4a,0x4a,0x42,0x77,0x9d,0x56,0x95,
    0x77,0x9d,0x56,0x95,0x93,0x84,0x56,0x9d,0x93,0x84,0x36,0x95,0xd4,0x8c,0xf4,0x8c,0x76,0x9d,0x56,0x9d,0x56,0x9d,0x6e,0x63,0xab,0x4a,0xb4,0x84,0x77,0x9d,0x56,0x9d,
    0x56,0x9d,0x77,0x9d,0x97,0x9d,0x56,0x9d,0x97,0x9d,0x56,0x9d,0x77,0x9d,0x77,0x9d,0x56,0x9d,0x56,0x9d,0x56,0x9d,0x97,0xa5,0xb7,0xa5,0x77,0x9d,0x77,0x9d,0x56,0x9d,
    0x00,0x00,0x00,0x03,0x00,0x13,0xaa,0x0b,0x00,0x01,0x00,0x00,0x00,0x00,0x00,0x00,0x00,0x00,0x02,0x00,0x10,0xab,0x80,0x0d,0x01,0x01,0x00,0x00,0x00,0x00,0x00,0x00,
    0x02,0x06,0x00,0x11,0xe1,0x9f,0x00,0x04,0x05,0x04,0x04,0x04,0x04,0x04,0x04,0x02,0x00,0x00,0x11,0xcc,0x82,0x00,0x00,0x00,0x00,0x00,0x00,0x00,0x00,0x00,0x00,0x00,
    0x2f,0x87,0xd3,0xf7,0x83,0x90,0x8e,0x8e,0x8e,0x8e,0x8e,0x8e,0x8e,0x8d,0x88,0x2e,0xe6,0xff,0xff,0xff,0xff,0xff,0xff,0xff,0xff,0xff,0xff,0xff,0xff,0xff,0xff,0xe6,
    0xff,0xfb,0xfd,0xff,0xfb,0xfb,0xfb,0xfb,0xfb,0xfb,0xfb,0xfb,0xfb,0xfb,0xfb,0xff,0xfe,0xff,0xff,0xff,0xff,0xff,0xff,0xff,0xff,0xff,0xff,0xff,0xff,0xff,0xff,0xfe,
    0xff,0xff,0xff,0xff,0xff,0xff,0xff,0xff,0xff,0xff,0xff,0xff,0xff,0xff,0xff,0xff,0xff,0xff,0xff,0xff,0xff,0xff,0xff,0xff,0xff,0xff,0xff,0xff,0xff,0xff,0xff,0xff,
    0xff,0xff,0xff,0xff,0xff,0xff,0xff,0xff,0xff,0xff,0xff,0xff,0xff,0xff,0xff,0xff,0xff,0xff,0xff,0xff,0xff,0xff,0xff,0xff,0xff,0xff,0xff,0xff,0xff,0xff,0xff,0xff,
    0xff,0xff,0xff,0xff,0xff,0xff,0xff,0xff,0xff,0xff,0xff,0xff,0xff,0xff,0xff,0xff,0xfe,0xff,0xff,0xff,0xff,0xff,0xff,0xff,0xff,0xff,0xff,0xff,0xff,0xff,0xff,0xfe,
    0xff,0xff,0xff,0xff,0xff,0xff,0xff,0xff,0xff,0xff,0xff,0xff,0xff,0xff,0xff,0xff,0x8f,0xf8,0xfd,0xff,0xff,0xff,0xff,0xff,0xff,0xff,0xff,0xff,0xff,0xfd,0xf8,0x8f,

};

const lv_image_dsc_t emoji_radio_16 = {
  .header.magic = LV_IMAGE_HEADER_MAGIC,
  .header.cf = LV_COLOR_FORMAT_RGB565A8,
  .header.flags = 0,
  .header.w = 16,
  .header.h = 16,
  .header.stride = 32,
  .data_size = sizeof(emoji_radio_16_map),
  .data = emoji_radio_16_map,
};




#ifndef LV_ATTRIBUTE_MEM_ALIGN
#define LV_ATTRIBUTE_MEM_ALIGN
#endif

#ifndef LV_ATTRIBUTE_EMOJI_BADGER_16
#define LV_ATTRIBUTE_EMOJI_BADGER_16
#endif

static const
LV_ATTRIBUTE_MEM_ALIGN LV_ATTRIBUTE_LARGE_CONST LV_ATTRIBUTE_EMOJI_BADGER_16
uint8_t emoji_badger_16_map[] = {

    0x00,0x00,0x00,0x00,0x00,0x00,0x00,0x00,0x00,0x00,0x00,0x00,0x00,0x00,0x00,0x00,0x00,0x00,0x00,0x00,0x00,0x00,0x00,0x00,0x00,0x00,0x00,0x00,0x00,0x00,0x00,0x00,
    0x00,0x00,0x00,0x00,0x00,0x00,0x00,0x00,0x00,0x00,0x00,0x00,0x00,0x00,0x00,0x00,0x00,0x00,0x00,0x00,0x00,0x00,0x00,0x00,0x00,0x00,0x00,0x00,0x00,0x00,0x00,0x00,
    0x00,0x00,0x00,0x00,0x00,0x00,0x00,0x00,0x00,0x00,0x00,0x00,0x00,0x00,0x00,0x00,0x00,0x00,0x00,0x00,0x00,0x00,0x00,0x00,0x00,0x00,0x00,0x00,0x00,0x00,0x00,0x00,
    0x00,0x00,0x00,0x00,0x00,0x00,0x00,0x00,0x00,0x00,0x00,0x00,0x00,0x00,0x00,0x00,0x00,0x00,0x00,0x00,0x00,0x00,0x00,0x00,0x00,0x00,0x00,0x00,0x00,0x00,0x00,0x00,
    0x00,0x00,0x00,0x00,0x00,0x00,0x00,0x00,0x00,0x00,0x00,0x00,0x00,0x00,0x00,0x00,0x00,0x00,0x00,0x00,0xef,0x7b,0xef,0x7b,0x00,0x00,0x00,0x00,0x00,0x00,0x00,0x00,
    0x00,0x00,0x00,0x00,0x00,0x00,0x55,0xad,0x00,0x00,0x00,0x00,0xe7,0x39,0xef,0x7b,0xff,0xff,0x00,0x00,0x00,0x00,0x00,0x00,0x00,0x00,0xef,0x7b,0x00,0x00,0x00,0x00,
    0x00,0x00,0xff,0xff,0x00,0x00,0x00,0x00,0xe7,0x31,0x00,0x00,0x00,0x00,0x00,0x00,0x00,0x00,0x00,0x00,0x46,0x21,0xf4,0x94,0xff,0xff,0x00,0x00,0x00,0x00,0x00,0x00,
    0xaa,0x52,0x00,0x00,0x2d,0x5b,0xcf,0x73,0xc7,0x31,0x87,0x29,0xa3,0x10,0x8b,0x4a,0x51,0x84,0x96,0xad,0xdb,0xd6,0x18,0xbe,0xf5,0x8c,0x56,0x9d,0x00,0x00,0xff,0xff,
    0x55,0xad,0xbf,0xf7,0xfc,0xd6,0x2d,0x63,0x25,0x21,0x49,0x42,0xf4,0x94,0xfc,0xd6,0x9f,0xef,0xff,0xff,0xfc,0xde,0x4e,0x63,0x56,0x9d,0xd8,0xa5,0xed,0x52,0x00,0x00,
    0x00,0x00,0x9f,0xef,0xd7,0xb5,0x0c,0x5b,0x8f,0x6b,0x7e,0xe7,0xff,0xff,0xdf,0xf7,0x9e,0xef,0x18,0xbe,0x4a,0x42,0x31,0x74,0x77,0x9d,0x97,0xa5,0x11,0x74,0x04,0x19,
    0xff,0xff,0xb7,0xb5,0x49,0x42,0x76,0xa5,0x7e,0xef,0xd7,0xb5,0x72,0x8c,0x31,0x84,0x0d,0x5b,0x87,0x29,0xf0,0x6b,0x97,0xa5,0x36,0x95,0x97,0xa5,0x52,0x7c,0x66,0x29,
    0x4a,0x42,0x8e,0x6b,0xf8,0xb5,0x39,0xbe,0x8a,0x4a,0x66,0x21,0x66,0x21,0x45,0x21,0x29,0x3a,0x93,0x84,0x97,0xa5,0x36,0x95,0x56,0x95,0xb7,0xa5,0xb3,0x84,0x66,0x29,
    0xa3,0x10,0x2d,0x5b,0x4d,0x5b,0x00,0x00,0x00,0x00,0xe8,0x31,0xe8,0x31,0xa7,0x31,0x93,0x84,0xf9,0xad,0x77,0x9d,0x77,0x9d,0x77,0x9d,0xd8,0xa5,0x32,0x7c,0x66,0x29,
    0x00,0x00,0x00,0x00,0x00,0x00,0x79,0x9e,0xef,0x7b,0xa6,0x31,0xa7,0x31,0xa7,0x31,0xc8,0x31,0x6f,0x63,0x52,0x7c,0xb3,0x84,0x93,0x84,0x6e,0x63,0xa6,0x29,0xa7,0x29,
    0x00,0x00,0xaa,0x52,0xff,0x07,0x00,0x00,0x00,0x00,0x00,0x00,0xa7,0x31,0xa7,0x31,0x00,0x00,0x00,0x00,0x00,0x00,0x87,0x29,0xc8,0x31,0x46,0x21,0x00,0x00,0x00,0x00,
    0x00,0x00,0x00,0x00,0x00,0x00,0x00,0x00,0xef,0x03,0x00,0x00,0xa7,0x31,0xa7,0x29,0x00,0x00,0xff,0xff,0x00,0x00,0xe7,0x31,0xc8,0x31,0x49,0x42,0x00,0x00,0x86,0x31,
    0x00,0x00,0x00,0x00,0x00,0x00,0x00,0x00,0x00,0x00,0x00,0x00,0x00,0x00,0x00,0x00,0x00,0x00,0x00,0x00,0x00,0x00,0x00,0x00,0x00,0x00,0x00,0x00,0x00,0x00,0x00,0x00,
    0x00,0x00,0x00,0x00,0x00,0x00,0x00,0x00,0x00,0x00,0x00,0x00,0x00,0x00,0x00,0x00,0x00,0x00,0x00,0x00,0x00,0x00,0x00,0x00,0x00,0x00,0x00,0x00,0x00,0x00,0x00,0x00,
    0x00,0x00,0x00,0x00,0x01,0x01,0x00,0x00,0x00,0x01,0x02,0x02,0x01,0x00,0x00,0x00,0x00,0x00,0x00,0x03,0x00,0x00,0x04,0x04,0x02,0x00,0x00,0x00,0x00,0x04,0x01,0x00,
    0x00,0x01,0x01,0x00,0x15,0x00,0x00,0x00,0x00,0x0c,0x1f,0x1d,0x01,0x00,0x00,0x00,0x03,0x00,0x4c,0x94,0xdc,0xa8,0x5b,0x75,0xc0,0xe5,0xf7,0xf5,0xd1,0x70,0x02,0x01,
    0x03,0x24,0xdd,0xff,0xff,0xff,0xff,0xff,0xff,0xff,0xff,0xff,0xff,0xff,0xa8,0x03,0x00,0x9a,0xff,0xf4,0xfa,0xfb,0xfc,0xfb,0xfc,0xfe,0xfe,0xfe,0xfd,0xfa,0xff,0x65,
    0x22,0xe6,0xff,0xff,0xff,0xff,0xff,0xff,0xff,0xff,0xff,0xff,0xfe,0xfe,0xf0,0xc4,0xd5,0xff,0xe7,0xa0,0x8a,0xf0,0xff,0xfe,0xfd,0xfd,0xfe,0xff,0xfd,0xff,0xb3,0xdd,
    0x2e,0x38,0x11,0x00,0x00,0x5b,0xff,0xfc,0xff,0xff,0xff,0xfe,0xfd,0xff,0x73,0xe6,0x00,0x00,0x00,0x05,0x04,0x13,0xf2,0xff,0xd5,0xe2,0xf5,0xff,0xfe,0xf1,0x17,0x38,
    0x02,0x03,0x01,0x00,0x00,0x02,0xde,0xed,0x06,0x0a,0x1a,0x76,0xff,0x8f,0x00,0x00,0x00,0x00,0x00,0x00,0x02,0x00,0xbc,0x80,0x00,0x02,0x00,0x15,0xd3,0x1b,0x01,0x05,

};

const lv_image_dsc_t emoji_badger_16 = {
  .header.magic = LV_IMAGE_HEADER_MAGIC,
  .header.cf = LV_COLOR_FORMAT_RGB565A8,
  .header.flags = 0,
  .header.w = 16,
  .header.h = 16,
  .header.stride = 32,
  .data_size = sizeof(emoji_badger_16_map),
  .data = emoji_badger_16_map,
};

