/*******************************************************************************
 * Size: 24 px
 * Bpp: 4
 * Opts: --no-compress --bpp 4 --size 24 --font node_modules/@fontsource/montserrat/files/montserrat-latin-700-normal.woff -r 0x20-0x7F --font node_modules/@fontsource/montserrat/files/montserrat-latin-700-normal.woff -r 0xA0-0xFF --font node_modules/@fontsource/montserrat/files/montserrat-latin-ext-700-normal.woff -r 0x10C-0x10D,0x11A-0x11B,0x148,0x158-0x159,0x161,0x17D-0x17E --font node_modules/@fontsource/montserrat/files/montserrat-latin-700-normal.woff -r 0x2022 --font node_modules/@fontsource/montserrat/files/montserrat-cyrillic-700-normal.woff -r 0x400-0x45F,0x490-0x491 --format lvgl --lv-font-name meck_montserrat_bold_24 -o meck_montserrat_bold_24.c
 ******************************************************************************/

// Project uses LV_CONF_INCLUDE_SIMPLE; include lvgl.h directly.
#include "lvgl.h"

#ifndef MECK_MONTSERRAT_BOLD_24
#define MECK_MONTSERRAT_BOLD_24 1
#endif

#if MECK_MONTSERRAT_BOLD_24

/*-----------------
 *    BITMAPS
 *----------------*/

/*Store the image of the glyphs*/
static LV_ATTRIBUTE_LARGE_CONST const uint8_t glyph_bitmap[] = {
    /* U+0020 " " */

    /* U+0021 "!" */
    0xbf, 0xff, 0xaa, 0xff, 0xf9, 0x9f, 0xff, 0x88,
    0xff, 0xf7, 0x7f, 0xff, 0x66, 0xff, 0xf5, 0x5f,
    0xff, 0x43, 0xff, 0xf3, 0x2f, 0xff, 0x21, 0xff,
    0xf1, 0xe, 0xed, 0x0, 0x0, 0x0, 0x1, 0x31,
    0x4, 0xff, 0xf4, 0xcf, 0xff, 0xba, 0xff, 0xf9,
    0x1c, 0xfb, 0x10,

    /* U+0022 "\"" */
    0xdf, 0xf5, 0xd, 0xff, 0x4c, 0xff, 0x50, 0xdf,
    0xf4, 0xbf, 0xf4, 0xc, 0xff, 0x3b, 0xff, 0x30,
    0xcf, 0xf2, 0xaf, 0xf3, 0xb, 0xff, 0x2a, 0xff,
    0x20, 0xaf, 0xf1, 0x7c, 0xc1, 0x7, 0xcc, 0x0,

    /* U+0023 "#" */
    0x0, 0x0, 0xd, 0xfd, 0x0, 0x9, 0xff, 0x10,
    0x0, 0x0, 0x0, 0xff, 0xb0, 0x0, 0xbf, 0xf0,
    0x0, 0x0, 0x0, 0x1f, 0xf9, 0x0, 0xd, 0xfd,
    0x0, 0x0, 0x0, 0x3, 0xff, 0x70, 0x0, 0xff,
    0xb0, 0x0, 0xb, 0xff, 0xff, 0xff, 0xff, 0xff,
    0xff, 0xff, 0xc0, 0xbf, 0xff, 0xff, 0xff, 0xff,
    0xff, 0xff, 0xfc, 0x6, 0x99, 0xdf, 0xfa, 0x99,
    0xcf, 0xfb, 0x99, 0x70, 0x0, 0xa, 0xff, 0x0,
    0x7, 0xff, 0x30, 0x0, 0x0, 0x0, 0xdf, 0xe0,
    0x0, 0x9f, 0xf1, 0x0, 0x0, 0x0, 0xf, 0xfb,
    0x0, 0xb, 0xff, 0x0, 0x0, 0x49, 0x99, 0xff,
    0xd9, 0x99, 0xef, 0xf9, 0x99, 0x8, 0xff, 0xff,
    0xff, 0xff, 0xff, 0xff, 0xff, 0xf0, 0x8f, 0xff,
    0xff, 0xff, 0xff, 0xff, 0xff, 0xff, 0x0, 0x0,
    0x7f, 0xf3, 0x0, 0x3f, 0xf7, 0x0, 0x0, 0x0,
    0x8, 0xff, 0x20, 0x5, 0xff, 0x50, 0x0, 0x0,
    0x0, 0xaf, 0xf0, 0x0, 0x7f, 0xf4, 0x0, 0x0,
    0x0, 0xc, 0xfe, 0x0, 0x9, 0xff, 0x20, 0x0,
    0x0,

    /* U+0024 "$" */
    0x0, 0x0, 0x0, 0x6f, 0xf0, 0x0, 0x0, 0x0,
    0x0, 0x0, 0x6, 0xff, 0x0, 0x0, 0x0, 0x0,
    0x0, 0x0, 0x6f, 0xf0, 0x0, 0x0, 0x0, 0x0,
    0x17, 0xcf, 0xff, 0xfd, 0xa4, 0x0, 0x0, 0x4e,
    0xff, 0xff, 0xff, 0xff, 0xfb, 0x0, 0x3f, 0xff,
    0xff, 0xff, 0xff, 0xff, 0x70, 0xa, 0xff, 0xfb,
    0x8f, 0xf2, 0x5b, 0xf1, 0x0, 0xef, 0xff, 0x6,
    0xff, 0x0, 0x1, 0x0, 0xf, 0xff, 0xf2, 0x6f,
    0xf0, 0x0, 0x0, 0x0, 0xcf, 0xff, 0xfc, 0xff,
    0x0, 0x0, 0x0, 0x4, 0xff, 0xff, 0xff, 0xfc,
    0x72, 0x0, 0x0, 0x4, 0xef, 0xff, 0xff, 0xff,
    0xfa, 0x10, 0x0, 0x0, 0x5a, 0xef, 0xff, 0xff,
    0xfd, 0x0, 0x0, 0x0, 0x6, 0xff, 0xcf, 0xff,
    0xf6, 0x0, 0x0, 0x0, 0x6f, 0xf0, 0x8f, 0xff,
    0x90, 0x26, 0x0, 0x6, 0xff, 0x4, 0xff, 0xf8,
    0x9, 0xfe, 0x83, 0x7f, 0xf4, 0xdf, 0xff, 0x51,
    0xff, 0xff, 0xff, 0xff, 0xff, 0xff, 0xc0, 0x1a,
    0xff, 0xff, 0xff, 0xff, 0xff, 0xc1, 0x0, 0x2,
    0x8c, 0xef, 0xff, 0xeb, 0x50, 0x0, 0x0, 0x0,
    0x0, 0x6f, 0xf0, 0x0, 0x0, 0x0, 0x0, 0x0,
    0x6, 0xff, 0x0, 0x0, 0x0, 0x0, 0x0, 0x0,
    0x26, 0x60, 0x0, 0x0, 0x0,

    /* U+0025 "%" */
    0x0, 0x4c, 0xfe, 0xa1, 0x0, 0x0, 0x0, 0x8f,
    0xf5, 0x0, 0x0, 0x5f, 0xfd, 0xef, 0xe1, 0x0,
    0x0, 0x3f, 0xfa, 0x0, 0x0, 0xe, 0xf9, 0x0,
    0xdf, 0x90, 0x0, 0xd, 0xfe, 0x10, 0x0, 0x3,
    0xff, 0x20, 0x8, 0xfd, 0x0, 0x8, 0xff, 0x50,
    0x0, 0x0, 0x5f, 0xf1, 0x0, 0x7f, 0xf0, 0x3,
    0xff, 0xa0, 0x0, 0x0, 0x3, 0xff, 0x30, 0x9,
    0xfd, 0x0, 0xdf, 0xe1, 0x0, 0x0, 0x0, 0xe,
    0xfb, 0x2, 0xef, 0x90, 0x8f, 0xf4, 0x0, 0x0,
    0x0, 0x0, 0x5f, 0xff, 0xff, 0xe1, 0x3f, 0xfa,
    0x0, 0x0, 0x0, 0x0, 0x0, 0x4c, 0xfe, 0xa1,
    0xd, 0xfe, 0x11, 0x9e, 0xfc, 0x50, 0x0, 0x0,
    0x0, 0x0, 0x9, 0xff, 0x41, 0xdf, 0xff, 0xff,
    0x60, 0x0, 0x0, 0x0, 0x4, 0xff, 0x90, 0x8f,
    0xf3, 0xa, 0xff, 0x0, 0x0, 0x0, 0x0, 0xef,
    0xe0, 0xd, 0xf9, 0x0, 0x2f, 0xf4, 0x0, 0x0,
    0x0, 0x9f, 0xf4, 0x0, 0xef, 0x70, 0x0, 0xff,
    0x60, 0x0, 0x0, 0x4f, 0xf9, 0x0, 0xd, 0xf9,
    0x0, 0x2f, 0xf4, 0x0, 0x0, 0x1e, 0xfd, 0x0,
    0x0, 0x8f, 0xe1, 0x8, 0xff, 0x0, 0x0, 0xa,
    0xff, 0x30, 0x0, 0x1, 0xef, 0xed, 0xff, 0x60,
    0x0, 0x4, 0xff, 0x80, 0x0, 0x0, 0x1, 0x9e,
    0xfc, 0x50, 0x0,

    /* U+0026 "&" */
    0x0, 0x0, 0x18, 0xdf, 0xfd, 0x81, 0x0, 0x0,
    0x0, 0x0, 0x2e, 0xff, 0xff, 0xff, 0xe1, 0x0,
    0x0, 0x0, 0xc, 0xff, 0xfa, 0x9f, 0xff, 0x90,
    0x0, 0x0, 0x1, 0xff, 0xf6, 0x0, 0x6f, 0xfd,
    0x0, 0x0, 0x0, 0x1f, 0xff, 0x50, 0x7, 0xff,
    0xc0, 0x0, 0x0, 0x0, 0xdf, 0xfd, 0x16, 0xff,
    0xf6, 0x0, 0x0, 0x0, 0x5, 0xff, 0xff, 0xff,
    0xfa, 0x0, 0x0, 0x0, 0x0, 0xb, 0xff, 0xff,
    0xf6, 0x0, 0x0, 0x0, 0x0, 0x1c, 0xff, 0xff,
    0xfe, 0x30, 0x6, 0x72, 0x0, 0x1e, 0xff, 0xf9,
    0xff, 0xff, 0x40, 0xdf, 0xf5, 0xa, 0xff, 0xf3,
    0x4, 0xff, 0xff, 0x9f, 0xff, 0x10, 0xff, 0xfa,
    0x0, 0x3, 0xef, 0xff, 0xff, 0xb0, 0x1f, 0xff,
    0xa0, 0x0, 0x2, 0xdf, 0xff, 0xf3, 0x0, 0xff,
    0xff, 0x61, 0x0, 0x4c, 0xff, 0xff, 0xa0, 0x7,
    0xff, 0xff, 0xff, 0xff, 0xff, 0xff, 0xff, 0xa0,
    0x8, 0xff, 0xff, 0xff, 0xff, 0xf6, 0xbf, 0xf3,
    0x0, 0x2, 0x9d, 0xff, 0xdb, 0x61, 0x0, 0x95,
    0x0,

    /* U+0027 "'" */
    0xdf, 0xf5, 0xcf, 0xf5, 0xbf, 0xf4, 0xbf, 0xf3,
    0xaf, 0xf3, 0xaf, 0xf2, 0x7c, 0xc1,

    /* U+0028 "(" */
    0x0, 0x1, 0x44, 0x41, 0x0, 0xa, 0xff, 0xe0,
    0x0, 0x3f, 0xff, 0x70, 0x0, 0xbf, 0xff, 0x0,
    0x1, 0xff, 0xfa, 0x0, 0x6, 0xff, 0xf5, 0x0,
    0xa, 0xff, 0xf0, 0x0, 0xd, 0xff, 0xd0, 0x0,
    0xf, 0xff, 0xa0, 0x0, 0x1f, 0xff, 0x80, 0x0,
    0x2f, 0xff, 0x80, 0x0, 0x3f, 0xff, 0x70, 0x0,
    0x3f, 0xff, 0x70, 0x0, 0x2f, 0xff, 0x80, 0x0,
    0x1f, 0xff, 0x90, 0x0, 0xf, 0xff, 0xb0, 0x0,
    0xc, 0xff, 0xe0, 0x0, 0x9, 0xff, 0xf1, 0x0,
    0x4, 0xff, 0xf6, 0x0, 0x0, 0xef, 0xfb, 0x0,
    0x0, 0x9f, 0xff, 0x20, 0x0, 0x1f, 0xff, 0x90,
    0x0, 0x8, 0xff, 0xf1,

    /* U+0029 ")" */
    0x24, 0x43, 0x0, 0x6, 0xff, 0xf3, 0x0, 0xd,
    0xff, 0xc0, 0x0, 0x6f, 0xff, 0x40, 0x1, 0xff,
    0xfa, 0x0, 0xb, 0xff, 0xf0, 0x0, 0x7f, 0xff,
    0x30, 0x4, 0xff, 0xf6, 0x0, 0x1f, 0xff, 0x90,
    0x0, 0xff, 0xfb, 0x0, 0xe, 0xff, 0xc0, 0x0,
    0xdf, 0xfd, 0x0, 0xd, 0xff, 0xc0, 0x0, 0xef,
    0xfb, 0x0, 0xf, 0xff, 0xa0, 0x2, 0xff, 0xf8,
    0x0, 0x5f, 0xff, 0x50, 0x8, 0xff, 0xf2, 0x0,
    0xdf, 0xfe, 0x0, 0x2f, 0xff, 0x80, 0x8, 0xff,
    0xf2, 0x1, 0xff, 0xfa, 0x0, 0x8f, 0xff, 0x10,
    0x0,

    /* U+002A "*" */
    0x0, 0x0, 0x56, 0x20, 0x0, 0x0, 0x0, 0xe,
    0xf5, 0x0, 0x0, 0xc, 0x70, 0xef, 0x43, 0xc4,
    0x7, 0xff, 0xdf, 0xfc, 0xff, 0xd0, 0x18, 0xff,
    0xff, 0xff, 0xc3, 0x0, 0x9, 0xff, 0xff, 0xd2,
    0x0, 0x4e, 0xff, 0xff, 0xff, 0xf9, 0x3, 0xff,
    0x7e, 0xf8, 0xdf, 0xa0, 0x6, 0x10, 0xef, 0x40,
    0x61, 0x0, 0x0, 0xe, 0xf5, 0x0, 0x0,

    /* U+002B "+" */
    0x0, 0x0, 0x5f, 0xfb, 0x0, 0x0, 0x0, 0x0,
    0x5f, 0xfb, 0x0, 0x0, 0x0, 0x0, 0x5f, 0xfb,
    0x0, 0x0, 0x0, 0x0, 0x5f, 0xfb, 0x0, 0x0,
    0x8f, 0xff, 0xff, 0xff, 0xff, 0xfe, 0x8f, 0xff,
    0xff, 0xff, 0xff, 0xfe, 0x7e, 0xee, 0xff, 0xff,
    0xee, 0xed, 0x0, 0x0, 0x5f, 0xfb, 0x0, 0x0,
    0x0, 0x0, 0x5f, 0xfb, 0x0, 0x0, 0x0, 0x0,
    0x5f, 0xfb, 0x0, 0x0, 0x0, 0x0, 0x5f, 0xfb,
    0x0, 0x0,

    /* U+002C "," */
    0x0, 0x0, 0x0, 0x6, 0xff, 0xa0, 0xf, 0xff,
    0xf5, 0x1f, 0xff, 0xf6, 0xb, 0xff, 0xf3, 0x0,
    0xff, 0xd0, 0x3, 0xff, 0x70, 0x8, 0xff, 0x10,
    0xc, 0xfa, 0x0,

    /* U+002D "-" */
    0xbf, 0xff, 0xff, 0xf0, 0xcf, 0xff, 0xff, 0xf0,
    0xcf, 0xff, 0xff, 0xf0,

    /* U+002E "." */
    0x1, 0x78, 0x20, 0xd, 0xff, 0xf2, 0x2f, 0xff,
    0xf6, 0xf, 0xff, 0xf4, 0x4, 0xde, 0x80,

    /* U+002F "/" */
    0x0, 0x0, 0x0, 0x0, 0x78, 0x83, 0x0, 0x0,
    0x0, 0x3, 0xff, 0xf1, 0x0, 0x0, 0x0, 0x9,
    0xff, 0xc0, 0x0, 0x0, 0x0, 0xe, 0xff, 0x60,
    0x0, 0x0, 0x0, 0x4f, 0xff, 0x10, 0x0, 0x0,
    0x0, 0xaf, 0xfb, 0x0, 0x0, 0x0, 0x0, 0xff,
    0xf5, 0x0, 0x0, 0x0, 0x5, 0xff, 0xf0, 0x0,
    0x0, 0x0, 0xb, 0xff, 0xa0, 0x0, 0x0, 0x0,
    0x1f, 0xff, 0x40, 0x0, 0x0, 0x0, 0x6f, 0xfe,
    0x0, 0x0, 0x0, 0x0, 0xcf, 0xf9, 0x0, 0x0,
    0x0, 0x1, 0xff, 0xf3, 0x0, 0x0, 0x0, 0x7,
    0xff, 0xe0, 0x0, 0x0, 0x0, 0xc, 0xff, 0x80,
    0x0, 0x0, 0x0, 0x2f, 0xff, 0x20, 0x0, 0x0,
    0x0, 0x8f, 0xfd, 0x0, 0x0, 0x0, 0x0, 0xdf,
    0xf7, 0x0, 0x0, 0x0, 0x3, 0xff, 0xf2, 0x0,
    0x0, 0x0, 0x9, 0xff, 0xc0, 0x0, 0x0, 0x0,
    0xe, 0xff, 0x60, 0x0, 0x0, 0x0, 0x4f, 0xff,
    0x10, 0x0, 0x0, 0x0, 0x9f, 0xfb, 0x0, 0x0,
    0x0, 0x0,

    /* U+0030 "0" */
    0x0, 0x0, 0x17, 0xce, 0xfd, 0x92, 0x0, 0x0,
    0x0, 0x3, 0xef, 0xff, 0xff, 0xff, 0x70, 0x0,
    0x0, 0x3f, 0xff, 0xff, 0xff, 0xff, 0xf7, 0x0,
    0x0, 0xdf, 0xff, 0xc5, 0x5a, 0xff, 0xff, 0x20,
    0x5, 0xff, 0xfc, 0x0, 0x0, 0x8f, 0xff, 0x90,
    0xa, 0xff, 0xf5, 0x0, 0x0, 0x1f, 0xff, 0xe0,
    0xd, 0xff, 0xf1, 0x0, 0x0, 0xc, 0xff, 0xf2,
    0xf, 0xff, 0xf0, 0x0, 0x0, 0xa, 0xff, 0xf3,
    0xf, 0xff, 0xe0, 0x0, 0x0, 0x9, 0xff, 0xf5,
    0xf, 0xff, 0xf0, 0x0, 0x0, 0xa, 0xff, 0xf4,
    0xe, 0xff, 0xf1, 0x0, 0x0, 0xc, 0xff, 0xf2,
    0xa, 0xff, 0xf5, 0x0, 0x0, 0xf, 0xff, 0xe0,
    0x5, 0xff, 0xfc, 0x0, 0x0, 0x8f, 0xff, 0x90,
    0x0, 0xdf, 0xff, 0xc5, 0x49, 0xff, 0xff, 0x20,
    0x0, 0x3f, 0xff, 0xff, 0xff, 0xff, 0xf7, 0x0,
    0x0, 0x3, 0xef, 0xff, 0xff, 0xff, 0x70, 0x0,
    0x0, 0x0, 0x17, 0xce, 0xfd, 0x92, 0x0, 0x0,

    /* U+0031 "1" */
    0xdf, 0xff, 0xff, 0xf6, 0xdf, 0xff, 0xff, 0xf6,
    0xdf, 0xff, 0xff, 0xf6, 0x11, 0x18, 0xff, 0xf6,
    0x0, 0x7, 0xff, 0xf6, 0x0, 0x7, 0xff, 0xf6,
    0x0, 0x7, 0xff, 0xf6, 0x0, 0x7, 0xff, 0xf6,
    0x0, 0x7, 0xff, 0xf6, 0x0, 0x7, 0xff, 0xf6,
    0x0, 0x7, 0xff, 0xf6, 0x0, 0x7, 0xff, 0xf6,
    0x0, 0x7, 0xff, 0xf6, 0x0, 0x7, 0xff, 0xf6,
    0x0, 0x7, 0xff, 0xf6, 0x0, 0x7, 0xff, 0xf6,
    0x0, 0x7, 0xff, 0xf6,

    /* U+0032 "2" */
    0x0, 0x16, 0xbe, 0xfe, 0xc8, 0x10, 0x0, 0x6,
    0xef, 0xff, 0xff, 0xff, 0xf5, 0x0, 0x6f, 0xff,
    0xff, 0xff, 0xff, 0xff, 0x30, 0x6f, 0xff, 0xa5,
    0x46, 0xef, 0xff, 0xa0, 0x1, 0xa4, 0x0, 0x0,
    0x2f, 0xff, 0xd0, 0x0, 0x0, 0x0, 0x0, 0xf,
    0xff, 0xd0, 0x0, 0x0, 0x0, 0x0, 0x4f, 0xff,
    0xb0, 0x0, 0x0, 0x0, 0x0, 0xdf, 0xff, 0x50,
    0x0, 0x0, 0x0, 0xc, 0xff, 0xfb, 0x0, 0x0,
    0x0, 0x1, 0xcf, 0xff, 0xc0, 0x0, 0x0, 0x0,
    0x1d, 0xff, 0xfc, 0x0, 0x0, 0x0, 0x2, 0xef,
    0xff, 0xb0, 0x0, 0x0, 0x0, 0x2e, 0xff, 0xfa,
    0x0, 0x0, 0x0, 0x3, 0xef, 0xff, 0xb2, 0x22,
    0x22, 0x21, 0x1f, 0xff, 0xff, 0xff, 0xff, 0xff,
    0xf7, 0x3f, 0xff, 0xff, 0xff, 0xff, 0xff, 0xf7,
    0x3f, 0xff, 0xff, 0xff, 0xff, 0xff, 0xf7,

    /* U+0033 "3" */
    0x3, 0xff, 0xff, 0xff, 0xff, 0xff, 0xf9, 0x0,
    0x3f, 0xff, 0xff, 0xff, 0xff, 0xff, 0x90, 0x3,
    0xff, 0xff, 0xff, 0xff, 0xff, 0xf7, 0x0, 0x1,
    0x11, 0x11, 0x17, 0xff, 0xfb, 0x0, 0x0, 0x0,
    0x0, 0x4, 0xff, 0xfc, 0x0, 0x0, 0x0, 0x0,
    0x3, 0xff, 0xfd, 0x10, 0x0, 0x0, 0x0, 0x2,
    0xef, 0xff, 0x30, 0x0, 0x0, 0x0, 0x0, 0x7f,
    0xff, 0xff, 0xb2, 0x0, 0x0, 0x0, 0x7, 0xff,
    0xff, 0xff, 0xf3, 0x0, 0x0, 0x0, 0x48, 0x9a,
    0xff, 0xff, 0xd0, 0x0, 0x0, 0x0, 0x0, 0x1,
    0xef, 0xff, 0x30, 0x0, 0x0, 0x0, 0x0, 0x9,
    0xff, 0xf5, 0x0, 0x72, 0x0, 0x0, 0x0, 0xdf,
    0xff, 0x30, 0x2f, 0xfb, 0x74, 0x46, 0xcf, 0xff,
    0xe0, 0xa, 0xff, 0xff, 0xff, 0xff, 0xff, 0xf5,
    0x0, 0x8f, 0xff, 0xff, 0xff, 0xff, 0xf7, 0x0,
    0x0, 0x16, 0xad, 0xff, 0xec, 0x82, 0x0, 0x0,

    /* U+0034 "4" */
    0x0, 0x0, 0x0, 0x0, 0xbf, 0xff, 0x60, 0x0,
    0x0, 0x0, 0x0, 0x0, 0x7f, 0xff, 0xa0, 0x0,
    0x0, 0x0, 0x0, 0x0, 0x3f, 0xff, 0xd0, 0x0,
    0x0, 0x0, 0x0, 0x0, 0x1e, 0xff, 0xf3, 0x0,
    0x0, 0x0, 0x0, 0x0, 0xb, 0xff, 0xf7, 0x0,
    0x0, 0x0, 0x0, 0x0, 0x7, 0xff, 0xfb, 0x0,
    0x0, 0x0, 0x0, 0x0, 0x3, 0xff, 0xfe, 0x10,
    0x22, 0x21, 0x0, 0x0, 0x1, 0xef, 0xff, 0x40,
    0x1f, 0xff, 0x90, 0x0, 0x0, 0xbf, 0xff, 0x80,
    0x1, 0xff, 0xf9, 0x0, 0x0, 0x7f, 0xff, 0xc0,
    0x0, 0x1f, 0xff, 0x90, 0x0, 0x2f, 0xff, 0xff,
    0xff, 0xff, 0xff, 0xff, 0xff, 0x54, 0xff, 0xff,
    0xff, 0xff, 0xff, 0xff, 0xff, 0xf5, 0x4f, 0xff,
    0xff, 0xff, 0xff, 0xff, 0xff, 0xff, 0x50, 0x22,
    0x22, 0x22, 0x22, 0x5f, 0xff, 0xa2, 0x20, 0x0,
    0x0, 0x0, 0x0, 0x3, 0xff, 0xf9, 0x0, 0x0,
    0x0, 0x0, 0x0, 0x0, 0x3f, 0xff, 0x90, 0x0,
    0x0, 0x0, 0x0, 0x0, 0x3, 0xff, 0xf9, 0x0,
    0x0,

    /* U+0035 "5" */
    0x0, 0xbf, 0xff, 0xff, 0xff, 0xff, 0x90, 0x0,
    0xcf, 0xff, 0xff, 0xff, 0xff, 0x90, 0x0, 0xef,
    0xff, 0xff, 0xff, 0xff, 0x90, 0x0, 0xff, 0xf9,
    0x11, 0x11, 0x11, 0x0, 0x1, 0xff, 0xf7, 0x0,
    0x0, 0x0, 0x0, 0x2, 0xff, 0xf5, 0x0, 0x0,
    0x0, 0x0, 0x4, 0xff, 0xff, 0xfe, 0xda, 0x50,
    0x0, 0x5, 0xff, 0xff, 0xff, 0xff, 0xfc, 0x10,
    0x7, 0xff, 0xff, 0xff, 0xff, 0xff, 0xc0, 0x1,
    0x22, 0x22, 0x24, 0x9f, 0xff, 0xf4, 0x0, 0x0,
    0x0, 0x0, 0x8, 0xff, 0xf8, 0x0, 0x0, 0x0,
    0x0, 0x5, 0xff, 0xf9, 0x5, 0x60, 0x0, 0x0,
    0xa, 0xff, 0xf7, 0xe, 0xfd, 0x85, 0x45, 0xaf,
    0xff, 0xf2, 0x6f, 0xff, 0xff, 0xff, 0xff, 0xff,
    0x90, 0x5e, 0xff, 0xff, 0xff, 0xff, 0xf9, 0x0,
    0x0, 0x49, 0xce, 0xfe, 0xd9, 0x30, 0x0,

    /* U+0036 "6" */
    0x0, 0x0, 0x2, 0x8c, 0xff, 0xfc, 0x93, 0x0,
    0x0, 0x8, 0xff, 0xff, 0xff, 0xff, 0xe0, 0x0,
    0xc, 0xff, 0xff, 0xff, 0xff, 0xf7, 0x0, 0x9,
    0xff, 0xff, 0x84, 0x23, 0x6b, 0x0, 0x2, 0xff,
    0xfe, 0x20, 0x0, 0x0, 0x0, 0x0, 0x9f, 0xff,
    0x50, 0x0, 0x0, 0x0, 0x0, 0xd, 0xff, 0xf1,
    0x6b, 0xdd, 0xb6, 0x0, 0x0, 0xff, 0xff, 0xdf,
    0xff, 0xff, 0xfd, 0x20, 0xf, 0xff, 0xff, 0xff,
    0xff, 0xff, 0xfd, 0x0, 0xff, 0xff, 0xf7, 0x10,
    0x4d, 0xff, 0xf6, 0xe, 0xff, 0xf8, 0x0, 0x0,
    0x3f, 0xff, 0xb0, 0xcf, 0xff, 0x50, 0x0, 0x0,
    0xff, 0xfc, 0x7, 0xff, 0xf7, 0x0, 0x0, 0x2f,
    0xff, 0xa0, 0x1e, 0xff, 0xf5, 0x0, 0x2c, 0xff,
    0xf5, 0x0, 0x5f, 0xff, 0xff, 0xef, 0xff, 0xfc,
    0x0, 0x0, 0x5f, 0xff, 0xff, 0xff, 0xfc, 0x10,
    0x0, 0x0, 0x17, 0xce, 0xfe, 0xb5, 0x0, 0x0,

    /* U+0037 "7" */
    0x6f, 0xff, 0xff, 0xff, 0xff, 0xff, 0xff, 0x16,
    0xff, 0xff, 0xff, 0xff, 0xff, 0xff, 0xf1, 0x6f,
    0xff, 0xff, 0xff, 0xff, 0xff, 0xff, 0x6, 0xff,
    0xf3, 0x22, 0x22, 0x9f, 0xff, 0xa0, 0x6f, 0xff,
    0x10, 0x0, 0xe, 0xff, 0xf3, 0x5, 0xee, 0xe1,
    0x0, 0x6, 0xff, 0xfc, 0x0, 0x0, 0x0, 0x0,
    0x0, 0xdf, 0xff, 0x50, 0x0, 0x0, 0x0, 0x0,
    0x4f, 0xff, 0xe0, 0x0, 0x0, 0x0, 0x0, 0xb,
    0xff, 0xf8, 0x0, 0x0, 0x0, 0x0, 0x2, 0xff,
    0xff, 0x10, 0x0, 0x0, 0x0, 0x0, 0x8f, 0xff,
    0xa0, 0x0, 0x0, 0x0, 0x0, 0xf, 0xff, 0xf3,
    0x0, 0x0, 0x0, 0x0, 0x6, 0xff, 0xfc, 0x0,
    0x0, 0x0, 0x0, 0x0, 0xdf, 0xff, 0x50, 0x0,
    0x0, 0x0, 0x0, 0x4f, 0xff, 0xe0, 0x0, 0x0,
    0x0, 0x0, 0xb, 0xff, 0xf7, 0x0, 0x0, 0x0,
    0x0, 0x2, 0xff, 0xff, 0x10, 0x0, 0x0, 0x0,

    /* U+0038 "8" */
    0x0, 0x0, 0x5a, 0xef, 0xfd, 0xa4, 0x0, 0x0,
    0x1, 0xdf, 0xff, 0xff, 0xff, 0xfb, 0x0, 0x0,
    0xdf, 0xff, 0xfe, 0xef, 0xff, 0xfb, 0x0, 0x5f,
    0xff, 0xd2, 0x0, 0x4f, 0xff, 0xf2, 0x8, 0xff,
    0xf6, 0x0, 0x0, 0x9f, 0xff, 0x50, 0x7f, 0xff,
    0x60, 0x0, 0x9, 0xff, 0xf4, 0x2, 0xff, 0xfe,
    0x40, 0x16, 0xff, 0xfe, 0x0, 0x6, 0xff, 0xff,
    0xff, 0xff, 0xff, 0x40, 0x0, 0x3e, 0xff, 0xff,
    0xff, 0xff, 0xd2, 0x0, 0x3f, 0xff, 0xfd, 0xbb,
    0xef, 0xff, 0xe2, 0xd, 0xff, 0xf6, 0x0, 0x0,
    0x9f, 0xff, 0xa1, 0xff, 0xfd, 0x0, 0x0, 0x0,
    0xff, 0xfe, 0x1f, 0xff, 0xe0, 0x0, 0x0, 0x1f,
    0xff, 0xe0, 0xdf, 0xff, 0x91, 0x0, 0x2b, 0xff,
    0xfb, 0x5, 0xff, 0xff, 0xfd, 0xef, 0xff, 0xff,
    0x30, 0x6, 0xff, 0xff, 0xff, 0xff, 0xfe, 0x40,
    0x0, 0x1, 0x7b, 0xef, 0xfe, 0xb6, 0x0, 0x0,

    /* U+0039 "9" */
    0x0, 0x3, 0x9d, 0xfe, 0xd9, 0x30, 0x0, 0x0,
    0x8, 0xff, 0xff, 0xff, 0xff, 0x80, 0x0, 0x8,
    0xff, 0xff, 0xfe, 0xff, 0xff, 0x90, 0x1, 0xff,
    0xff, 0x40, 0x2, 0xdf, 0xff, 0x40, 0x5f, 0xff,
    0x70, 0x0, 0x3, 0xff, 0xfb, 0x7, 0xff, 0xf4,
    0x0, 0x0, 0xf, 0xff, 0xf1, 0x6f, 0xff, 0x80,
    0x0, 0x4, 0xff, 0xff, 0x32, 0xff, 0xff, 0x61,
    0x4, 0xef, 0xff, 0xf4, 0x9, 0xff, 0xff, 0xff,
    0xff, 0xff, 0xff, 0x50, 0xa, 0xff, 0xff, 0xff,
    0xfd, 0xff, 0xf4, 0x0, 0x4, 0xac, 0xdc, 0x81,
    0xbf, 0xff, 0x20, 0x0, 0x0, 0x0, 0x0, 0x1f,
    0xff, 0xd0, 0x0, 0x0, 0x0, 0x0, 0xb, 0xff,
    0xf7, 0x0, 0x8, 0x74, 0x23, 0x6d, 0xff, 0xfd,
    0x0, 0x2, 0xff, 0xff, 0xff, 0xff, 0xfe, 0x20,
    0x0, 0xaf, 0xff, 0xff, 0xff, 0xfc, 0x10, 0x0,
    0x1, 0x7c, 0xef, 0xfd, 0xa4, 0x0, 0x0, 0x0,

    /* U+003A ":" */
    0x4, 0xde, 0x80, 0xf, 0xff, 0xf4, 0x2f, 0xff,
    0xf6, 0xc, 0xff, 0xf2, 0x1, 0x78, 0x20, 0x0,
    0x0, 0x0, 0x0, 0x0, 0x0, 0x0, 0x0, 0x0,
    0x1, 0x78, 0x20, 0xd, 0xff, 0xf2, 0x2f, 0xff,
    0xf6, 0xf, 0xff, 0xf4, 0x4, 0xde, 0x80,

    /* U+003B ";" */
    0x4, 0xde, 0x80, 0xf, 0xff, 0xf4, 0x2f, 0xff,
    0xf6, 0xc, 0xff, 0xf2, 0x1, 0x78, 0x20, 0x0,
    0x0, 0x0, 0x0, 0x0, 0x0, 0x0, 0x0, 0x0,
    0x0, 0x0, 0x0, 0x6, 0xff, 0xa0, 0xf, 0xff,
    0xf5, 0x1f, 0xff, 0xf6, 0xb, 0xff, 0xf3, 0x0,
    0xff, 0xd0, 0x3, 0xff, 0x70, 0x8, 0xff, 0x10,
    0xc, 0xfa, 0x0,

    /* U+003C "<" */
    0x0, 0x0, 0x0, 0x0, 0x0, 0x0, 0x0, 0x0,
    0x0, 0x0, 0x4, 0xad, 0x0, 0x0, 0x0, 0x28,
    0xef, 0xfe, 0x0, 0x0, 0x6c, 0xff, 0xff, 0xfd,
    0x4, 0xaf, 0xff, 0xff, 0xfa, 0x40, 0x7f, 0xff,
    0xff, 0xb6, 0x0, 0x0, 0x8f, 0xff, 0x91, 0x0,
    0x0, 0x0, 0x8f, 0xff, 0xfc, 0x61, 0x0, 0x0,
    0x29, 0xff, 0xff, 0xff, 0xa5, 0x0, 0x0, 0x5,
    0xbf, 0xff, 0xff, 0xe8, 0x0, 0x0, 0x1, 0x7d,
    0xff, 0xfe, 0x0, 0x0, 0x0, 0x0, 0x3a, 0xfe,
    0x0, 0x0, 0x0, 0x0, 0x0, 0x5,

    /* U+003D "=" */
    0x8f, 0xff, 0xff, 0xff, 0xff, 0xfe, 0x8f, 0xff,
    0xff, 0xff, 0xff, 0xfe, 0x7e, 0xee, 0xee, 0xee,
    0xee, 0xed, 0x0, 0x0, 0x0, 0x0, 0x0, 0x0,
    0x0, 0x0, 0x0, 0x0, 0x0, 0x0, 0x0, 0x0,
    0x0, 0x0, 0x0, 0x0, 0x8f, 0xff, 0xff, 0xff,
    0xff, 0xfe, 0x8f, 0xff, 0xff, 0xff, 0xff, 0xfe,
    0x7e, 0xee, 0xee, 0xee, 0xee, 0xed,

    /* U+003E ">" */
    0x0, 0x0, 0x0, 0x0, 0x0, 0x0, 0x8c, 0x61,
    0x0, 0x0, 0x0, 0x0, 0x8f, 0xff, 0xa4, 0x0,
    0x0, 0x0, 0x7f, 0xff, 0xff, 0xe8, 0x20, 0x0,
    0x2, 0x8e, 0xff, 0xff, 0xfc, 0x60, 0x0, 0x0,
    0x39, 0xef, 0xff, 0xfe, 0x0, 0x0, 0x0, 0x5,
    0xef, 0xfe, 0x0, 0x0, 0x4, 0x9f, 0xff, 0xfe,
    0x0, 0x28, 0xef, 0xff, 0xff, 0xc5, 0x4d, 0xff,
    0xff, 0xfe, 0x82, 0x0, 0x8f, 0xff, 0xfa, 0x40,
    0x0, 0x0, 0x8f, 0xc6, 0x0, 0x0, 0x0, 0x0,
    0x32, 0x0, 0x0, 0x0, 0x0, 0x0,

    /* U+003F "?" */
    0x0, 0x1, 0x6b, 0xdf, 0xfd, 0x93, 0x0, 0x0,
    0x5e, 0xff, 0xff, 0xff, 0xff, 0x80, 0x6, 0xff,
    0xff, 0xff, 0xff, 0xff, 0xf5, 0x7, 0xff, 0xf8,
    0x32, 0x5d, 0xff, 0xfb, 0x0, 0x1a, 0x30, 0x0,
    0x2, 0xff, 0xfd, 0x0, 0x0, 0x0, 0x0, 0x2,
    0xff, 0xfb, 0x0, 0x0, 0x0, 0x0, 0xc, 0xff,
    0xf4, 0x0, 0x0, 0x0, 0x1, 0xcf, 0xff, 0x80,
    0x0, 0x0, 0x0, 0xc, 0xff, 0xf8, 0x0, 0x0,
    0x0, 0x0, 0x6f, 0xff, 0x80, 0x0, 0x0, 0x0,
    0x0, 0xbf, 0xfe, 0x0, 0x0, 0x0, 0x0, 0x0,
    0x1, 0x10, 0x0, 0x0, 0x0, 0x0, 0x0, 0x3,
    0x30, 0x0, 0x0, 0x0, 0x0, 0x0, 0xbf, 0xfc,
    0x0, 0x0, 0x0, 0x0, 0x3, 0xff, 0xff, 0x40,
    0x0, 0x0, 0x0, 0x1, 0xff, 0xff, 0x30, 0x0,
    0x0, 0x0, 0x0, 0x6e, 0xe7, 0x0, 0x0,

    /* U+0040 "@" */
    0x0, 0x0, 0x0, 0x1, 0x6a, 0xde, 0xfe, 0xda,
    0x61, 0x0, 0x0, 0x0, 0x0, 0x0, 0x1, 0x8f,
    0xff, 0xff, 0xff, 0xff, 0xff, 0x91, 0x0, 0x0,
    0x0, 0x0, 0x3e, 0xff, 0xfb, 0x75, 0x45, 0x6a,
    0xff, 0xfe, 0x40, 0x0, 0x0, 0x3, 0xff, 0xfa,
    0x20, 0x0, 0x0, 0x0, 0x7, 0xff, 0xf4, 0x0,
    0x0, 0x1e, 0xff, 0x50, 0x0, 0x0, 0x0, 0x0,
    0x0, 0x2e, 0xff, 0x20, 0x0, 0xaf, 0xf6, 0x0,
    0x5, 0xab, 0xa6, 0x8, 0xcc, 0x62, 0xff, 0xa0,
    0x2, 0xff, 0xc0, 0x1, 0xcf, 0xff, 0xff, 0xdc,
    0xff, 0x80, 0x7f, 0xf2, 0x8, 0xff, 0x40, 0xc,
    0xff, 0xff, 0xff, 0xff, 0xff, 0x80, 0xf, 0xf7,
    0xc, 0xff, 0x0, 0x6f, 0xff, 0x92, 0x3, 0xdf,
    0xff, 0x80, 0xb, 0xfb, 0xe, 0xfb, 0x0, 0xbf,
    0xfc, 0x0, 0x0, 0x1f, 0xff, 0x80, 0x9, 0xfd,
    0xf, 0xfa, 0x0, 0xef, 0xf6, 0x0, 0x0, 0xb,
    0xff, 0x80, 0x8, 0xfe, 0xf, 0xfa, 0x0, 0xef,
    0xf6, 0x0, 0x0, 0xb, 0xff, 0x80, 0x9, 0xfd,
    0xe, 0xfc, 0x0, 0xcf, 0xf9, 0x0, 0x0, 0xe,
    0xff, 0x80, 0xb, 0xfa, 0xc, 0xff, 0x0, 0x7f,
    0xff, 0x40, 0x0, 0x8f, 0xff, 0xa0, 0x1f, 0xf6,
    0x7, 0xff, 0x40, 0x1e, 0xff, 0xfc, 0xad, 0xff,
    0xff, 0xfb, 0xef, 0xe0, 0x2, 0xff, 0xc0, 0x3,
    0xef, 0xff, 0xff, 0xf4, 0xef, 0xff, 0xff, 0x50,
    0x0, 0x9f, 0xf6, 0x0, 0x18, 0xdf, 0xea, 0x20,
    0x2b, 0xee, 0xb3, 0x0, 0x0, 0x1e, 0xff, 0x50,
    0x0, 0x0, 0x0, 0x0, 0x0, 0x0, 0x0, 0x0,
    0x0, 0x3, 0xff, 0xfa, 0x20, 0x0, 0x0, 0x0,
    0x21, 0x0, 0x0, 0x0, 0x0, 0x0, 0x3e, 0xff,
    0xfb, 0x75, 0x45, 0x7b, 0xf7, 0x0, 0x0, 0x0,
    0x0, 0x0, 0x1, 0x8f, 0xff, 0xff, 0xff, 0xff,
    0xfc, 0x0, 0x0, 0x0, 0x0, 0x0, 0x0, 0x1,
    0x6a, 0xde, 0xff, 0xda, 0x61, 0x0, 0x0, 0x0,

    /* U+0041 "A" */
    0x0, 0x0, 0x0, 0x0, 0xef, 0xff, 0x50, 0x0,
    0x0, 0x0, 0x0, 0x0, 0x0, 0x6, 0xff, 0xff,
    0xc0, 0x0, 0x0, 0x0, 0x0, 0x0, 0x0, 0xd,
    0xff, 0xff, 0xf3, 0x0, 0x0, 0x0, 0x0, 0x0,
    0x0, 0x4f, 0xff, 0xff, 0xfa, 0x0, 0x0, 0x0,
    0x0, 0x0, 0x0, 0xbf, 0xfd, 0x8f, 0xff, 0x10,
    0x0, 0x0, 0x0, 0x0, 0x2, 0xff, 0xf6, 0x1f,
    0xff, 0x80, 0x0, 0x0, 0x0, 0x0, 0x9, 0xff,
    0xf0, 0xa, 0xff, 0xe0, 0x0, 0x0, 0x0, 0x0,
    0x1f, 0xff, 0x90, 0x4, 0xff, 0xf6, 0x0, 0x0,
    0x0, 0x0, 0x7f, 0xff, 0x20, 0x0, 0xdf, 0xfd,
    0x0, 0x0, 0x0, 0x0, 0xef, 0xfb, 0x0, 0x0,
    0x6f, 0xff, 0x40, 0x0, 0x0, 0x5, 0xff, 0xff,
    0xff, 0xff, 0xff, 0xff, 0xb0, 0x0, 0x0, 0xc,
    0xff, 0xff, 0xff, 0xff, 0xff, 0xff, 0xf3, 0x0,
    0x0, 0x3f, 0xff, 0xff, 0xff, 0xff, 0xff, 0xff,
    0xfa, 0x0, 0x0, 0xaf, 0xff, 0x10, 0x0, 0x0,
    0x0, 0xcf, 0xff, 0x10, 0x2, 0xff, 0xfb, 0x0,
    0x0, 0x0, 0x0, 0x6f, 0xff, 0x80, 0x8, 0xff,
    0xf5, 0x0, 0x0, 0x0, 0x0, 0xf, 0xff, 0xe0,
    0xf, 0xff, 0xe0, 0x0, 0x0, 0x0, 0x0, 0xa,
    0xff, 0xf6,

    /* U+0042 "B" */
    0xf, 0xff, 0xff, 0xff, 0xff, 0xec, 0x81, 0x0,
    0x0, 0xff, 0xff, 0xff, 0xff, 0xff, 0xff, 0xf4,
    0x0, 0xf, 0xff, 0xfe, 0xee, 0xef, 0xff, 0xff,
    0xf1, 0x0, 0xff, 0xfd, 0x0, 0x0, 0x4, 0xef,
    0xff, 0x60, 0xf, 0xff, 0xd0, 0x0, 0x0, 0x7,
    0xff, 0xf8, 0x0, 0xff, 0xfd, 0x0, 0x0, 0x0,
    0x7f, 0xff, 0x60, 0xf, 0xff, 0xd0, 0x0, 0x0,
    0x2e, 0xff, 0xf1, 0x0, 0xff, 0xff, 0xdd, 0xdd,
    0xef, 0xff, 0xf6, 0x0, 0xf, 0xff, 0xff, 0xff,
    0xff, 0xff, 0xfc, 0x20, 0x0, 0xff, 0xff, 0xff,
    0xff, 0xff, 0xff, 0xff, 0x40, 0xf, 0xff, 0xd0,
    0x0, 0x0, 0x17, 0xff, 0xfe, 0x0, 0xff, 0xfd,
    0x0, 0x0, 0x0, 0xa, 0xff, 0xf4, 0xf, 0xff,
    0xd0, 0x0, 0x0, 0x0, 0xaf, 0xff, 0x60, 0xff,
    0xfd, 0x0, 0x0, 0x0, 0x5f, 0xff, 0xf4, 0xf,
    0xff, 0xfe, 0xee, 0xee, 0xff, 0xff, 0xfd, 0x0,
    0xff, 0xff, 0xff, 0xff, 0xff, 0xff, 0xfd, 0x20,
    0xf, 0xff, 0xff, 0xff, 0xff, 0xfe, 0xb6, 0x0,
    0x0,

    /* U+0043 "C" */
    0x0, 0x0, 0x0, 0x5a, 0xdf, 0xfd, 0xb6, 0x0,
    0x0, 0x0, 0x5, 0xef, 0xff, 0xff, 0xff, 0xfe,
    0x50, 0x0, 0x8, 0xff, 0xff, 0xff, 0xff, 0xff,
    0xff, 0x70, 0x6, 0xff, 0xff, 0xe9, 0x55, 0x7c,
    0xff, 0xf6, 0x1, 0xff, 0xff, 0xa0, 0x0, 0x0,
    0x5, 0xe4, 0x0, 0x8f, 0xff, 0xc0, 0x0, 0x0,
    0x0, 0x0, 0x0, 0xd, 0xff, 0xf4, 0x0, 0x0,
    0x0, 0x0, 0x0, 0x0, 0xff, 0xff, 0x0, 0x0,
    0x0, 0x0, 0x0, 0x0, 0xf, 0xff, 0xe0, 0x0,
    0x0, 0x0, 0x0, 0x0, 0x0, 0xff, 0xff, 0x0,
    0x0, 0x0, 0x0, 0x0, 0x0, 0xd, 0xff, 0xf3,
    0x0, 0x0, 0x0, 0x0, 0x0, 0x0, 0x8f, 0xff,
    0xc0, 0x0, 0x0, 0x0, 0x0, 0x0, 0x1, 0xff,
    0xff, 0xa0, 0x0, 0x0, 0x5, 0xe4, 0x0, 0x6,
    0xff, 0xff, 0xe8, 0x54, 0x6c, 0xff, 0xf6, 0x0,
    0x8, 0xff, 0xff, 0xff, 0xff, 0xff, 0xff, 0x70,
    0x0, 0x5, 0xef, 0xff, 0xff, 0xff, 0xfe, 0x50,
    0x0, 0x0, 0x0, 0x6a, 0xdf, 0xfd, 0xb6, 0x0,
    0x0,

    /* U+0044 "D" */
    0xf, 0xff, 0xff, 0xff, 0xff, 0xda, 0x50, 0x0,
    0x0, 0xf, 0xff, 0xff, 0xff, 0xff, 0xff, 0xfd,
    0x30, 0x0, 0xf, 0xff, 0xff, 0xff, 0xff, 0xff,
    0xff, 0xf6, 0x0, 0xf, 0xff, 0xe2, 0x22, 0x24,
    0x8e, 0xff, 0xff, 0x40, 0xf, 0xff, 0xe0, 0x0,
    0x0, 0x0, 0xbf, 0xff, 0xe0, 0xf, 0xff, 0xe0,
    0x0, 0x0, 0x0, 0xd, 0xff, 0xf6, 0xf, 0xff,
    0xe0, 0x0, 0x0, 0x0, 0x6, 0xff, 0xfa, 0xf,
    0xff, 0xe0, 0x0, 0x0, 0x0, 0x2, 0xff, 0xfd,
    0xf, 0xff, 0xe0, 0x0, 0x0, 0x0, 0x1, 0xff,
    0xfe, 0xf, 0xff, 0xe0, 0x0, 0x0, 0x0, 0x2,
    0xff, 0xfd, 0xf, 0xff, 0xe0, 0x0, 0x0, 0x0,
    0x6, 0xff, 0xfa, 0xf, 0xff, 0xe0, 0x0, 0x0,
    0x0, 0xd, 0xff, 0xf6, 0xf, 0xff, 0xe0, 0x0,
    0x0, 0x0, 0xbf, 0xff, 0xe0, 0xf, 0xff, 0xe2,
    0x22, 0x24, 0x8e, 0xff, 0xff, 0x40, 0xf, 0xff,
    0xff, 0xff, 0xff, 0xff, 0xff, 0xf6, 0x0, 0xf,
    0xff, 0xff, 0xff, 0xff, 0xff, 0xfd, 0x30, 0x0,
    0xf, 0xff, 0xff, 0xff, 0xff, 0xda, 0x50, 0x0,
    0x0,

    /* U+0045 "E" */
    0xf, 0xff, 0xff, 0xff, 0xff, 0xff, 0xfb, 0xf,
    0xff, 0xff, 0xff, 0xff, 0xff, 0xfb, 0xf, 0xff,
    0xff, 0xff, 0xff, 0xff, 0xfb, 0xf, 0xff, 0xd1,
    0x11, 0x11, 0x11, 0x11, 0xf, 0xff, 0xd0, 0x0,
    0x0, 0x0, 0x0, 0xf, 0xff, 0xd0, 0x0, 0x0,
    0x0, 0x0, 0xf, 0xff, 0xd0, 0x0, 0x0, 0x0,
    0x0, 0xf, 0xff, 0xff, 0xff, 0xff, 0xff, 0xa0,
    0xf, 0xff, 0xff, 0xff, 0xff, 0xff, 0xa0, 0xf,
    0xff, 0xff, 0xff, 0xff, 0xff, 0xa0, 0xf, 0xff,
    0xd0, 0x0, 0x0, 0x0, 0x0, 0xf, 0xff, 0xd0,
    0x0, 0x0, 0x0, 0x0, 0xf, 0xff, 0xd0, 0x0,
    0x0, 0x0, 0x0, 0xf, 0xff, 0xd1, 0x11, 0x11,
    0x11, 0x11, 0xf, 0xff, 0xff, 0xff, 0xff, 0xff,
    0xff, 0xf, 0xff, 0xff, 0xff, 0xff, 0xff, 0xff,
    0xf, 0xff, 0xff, 0xff, 0xff, 0xff, 0xff,

    /* U+0046 "F" */
    0xf, 0xff, 0xff, 0xff, 0xff, 0xff, 0xfb, 0xf,
    0xff, 0xff, 0xff, 0xff, 0xff, 0xfb, 0xf, 0xff,
    0xff, 0xff, 0xff, 0xff, 0xfb, 0xf, 0xff, 0xe1,
    0x11, 0x11, 0x11, 0x11, 0xf, 0xff, 0xe0, 0x0,
    0x0, 0x0, 0x0, 0xf, 0xff, 0xe0, 0x0, 0x0,
    0x0, 0x0, 0xf, 0xff, 0xe0, 0x0, 0x0, 0x0,
    0x0, 0xf, 0xff, 0xe1, 0x11, 0x11, 0x11, 0x0,
    0xf, 0xff, 0xff, 0xff, 0xff, 0xff, 0xa0, 0xf,
    0xff, 0xff, 0xff, 0xff, 0xff, 0xa0, 0xf, 0xff,
    0xff, 0xff, 0xff, 0xff, 0xa0, 0xf, 0xff, 0xe0,
    0x0, 0x0, 0x0, 0x0, 0xf, 0xff, 0xe0, 0x0,
    0x0, 0x0, 0x0, 0xf, 0xff, 0xe0, 0x0, 0x0,
    0x0, 0x0, 0xf, 0xff, 0xe0, 0x0, 0x0, 0x0,
    0x0, 0xf, 0xff, 0xe0, 0x0, 0x0, 0x0, 0x0,
    0xf, 0xff, 0xe0, 0x0, 0x0, 0x0, 0x0,

    /* U+0047 "G" */
    0x0, 0x0, 0x0, 0x5a, 0xdf, 0xfe, 0xb7, 0x10,
    0x0, 0x0, 0x0, 0x5e, 0xff, 0xff, 0xff, 0xff,
    0xf8, 0x0, 0x0, 0x8, 0xff, 0xff, 0xff, 0xff,
    0xff, 0xff, 0xb0, 0x0, 0x6f, 0xff, 0xfe, 0x95,
    0x56, 0xbf, 0xff, 0x80, 0x1, 0xff, 0xff, 0xa0,
    0x0, 0x0, 0x3, 0xd6, 0x0, 0x8, 0xff, 0xfc,
    0x0, 0x0, 0x0, 0x0, 0x0, 0x0, 0xd, 0xff,
    0xf4, 0x0, 0x0, 0x0, 0x0, 0x0, 0x0, 0xf,
    0xff, 0xf0, 0x0, 0x0, 0x0, 0x0, 0x0, 0x0,
    0xf, 0xff, 0xe0, 0x0, 0x0, 0x0, 0x7, 0xcc,
    0xa0, 0xf, 0xff, 0xf0, 0x0, 0x0, 0x0, 0xa,
    0xff, 0xe0, 0xd, 0xff, 0xf4, 0x0, 0x0, 0x0,
    0xa, 0xff, 0xe0, 0x8, 0xff, 0xfc, 0x0, 0x0,
    0x0, 0xa, 0xff, 0xe0, 0x1, 0xff, 0xff, 0xa0,
    0x0, 0x0, 0xa, 0xff, 0xe0, 0x0, 0x6f, 0xff,
    0xfe, 0x85, 0x46, 0xaf, 0xff, 0xe0, 0x0, 0x8,
    0xff, 0xff, 0xff, 0xff, 0xff, 0xff, 0xe0, 0x0,
    0x0, 0x5e, 0xff, 0xff, 0xff, 0xff, 0xfb, 0x20,
    0x0, 0x0, 0x0, 0x6a, 0xdf, 0xfe, 0xb7, 0x20,
    0x0,

    /* U+0048 "H" */
    0xf, 0xff, 0xe0, 0x0, 0x0, 0x0, 0x7f, 0xff,
    0x60, 0xff, 0xfe, 0x0, 0x0, 0x0, 0x7, 0xff,
    0xf6, 0xf, 0xff, 0xe0, 0x0, 0x0, 0x0, 0x7f,
    0xff, 0x60, 0xff, 0xfe, 0x0, 0x0, 0x0, 0x7,
    0xff, 0xf6, 0xf, 0xff, 0xe0, 0x0, 0x0, 0x0,
    0x7f, 0xff, 0x60, 0xff, 0xfe, 0x0, 0x0, 0x0,
    0x7, 0xff, 0xf6, 0xf, 0xff, 0xe0, 0x0, 0x0,
    0x0, 0x7f, 0xff, 0x60, 0xff, 0xff, 0xff, 0xff,
    0xff, 0xff, 0xff, 0xf6, 0xf, 0xff, 0xff, 0xff,
    0xff, 0xff, 0xff, 0xff, 0x60, 0xff, 0xff, 0xff,
    0xff, 0xff, 0xff, 0xff, 0xf6, 0xf, 0xff, 0xe4,
    0x44, 0x44, 0x44, 0x9f, 0xff, 0x60, 0xff, 0xfe,
    0x0, 0x0, 0x0, 0x7, 0xff, 0xf6, 0xf, 0xff,
    0xe0, 0x0, 0x0, 0x0, 0x7f, 0xff, 0x60, 0xff,
    0xfe, 0x0, 0x0, 0x0, 0x7, 0xff, 0xf6, 0xf,
    0xff, 0xe0, 0x0, 0x0, 0x0, 0x7f, 0xff, 0x60,
    0xff, 0xfe, 0x0, 0x0, 0x0, 0x7, 0xff, 0xf6,
    0xf, 0xff, 0xe0, 0x0, 0x0, 0x0, 0x7f, 0xff,
    0x60,

    /* U+0049 "I" */
    0xf, 0xff, 0xe0, 0xff, 0xfe, 0xf, 0xff, 0xe0,
    0xff, 0xfe, 0xf, 0xff, 0xe0, 0xff, 0xfe, 0xf,
    0xff, 0xe0, 0xff, 0xfe, 0xf, 0xff, 0xe0, 0xff,
    0xfe, 0xf, 0xff, 0xe0, 0xff, 0xfe, 0xf, 0xff,
    0xe0, 0xff, 0xfe, 0xf, 0xff, 0xe0, 0xff, 0xfe,
    0xf, 0xff, 0xe0,

    /* U+004A "J" */
    0x0, 0xaf, 0xff, 0xff, 0xff, 0xff, 0x20, 0xa,
    0xff, 0xff, 0xff, 0xff, 0xf2, 0x0, 0xaf, 0xff,
    0xff, 0xff, 0xff, 0x20, 0x0, 0x11, 0x11, 0x1c,
    0xff, 0xf2, 0x0, 0x0, 0x0, 0x0, 0xbf, 0xff,
    0x20, 0x0, 0x0, 0x0, 0xb, 0xff, 0xf2, 0x0,
    0x0, 0x0, 0x0, 0xbf, 0xff, 0x20, 0x0, 0x0,
    0x0, 0xb, 0xff, 0xf2, 0x0, 0x0, 0x0, 0x0,
    0xbf, 0xff, 0x20, 0x0, 0x0, 0x0, 0xb, 0xff,
    0xf2, 0x0, 0x0, 0x0, 0x0, 0xbf, 0xff, 0x20,
    0x0, 0x0, 0x0, 0xc, 0xff, 0xf1, 0x0, 0x94,
    0x0, 0x0, 0xff, 0xff, 0x0, 0x7f, 0xf8, 0x34,
    0xbf, 0xff, 0xb0, 0x2f, 0xff, 0xff, 0xff, 0xff,
    0xf4, 0x0, 0x6f, 0xff, 0xff, 0xff, 0xf8, 0x0,
    0x0, 0x28, 0xdf, 0xfe, 0xa3, 0x0, 0x0,

    /* U+004B "K" */
    0xf, 0xff, 0xd0, 0x0, 0x0, 0x3, 0xff, 0xff,
    0x30, 0xf, 0xff, 0xd0, 0x0, 0x0, 0x2e, 0xff,
    0xf4, 0x0, 0xf, 0xff, 0xd0, 0x0, 0x2, 0xef,
    0xff, 0x50, 0x0, 0xf, 0xff, 0xd0, 0x0, 0x1d,
    0xff, 0xf6, 0x0, 0x0, 0xf, 0xff, 0xd0, 0x1,
    0xdf, 0xff, 0x70, 0x0, 0x0, 0xf, 0xff, 0xd0,
    0xc, 0xff, 0xf9, 0x0, 0x0, 0x0, 0xf, 0xff,
    0xd0, 0xcf, 0xff, 0xa0, 0x0, 0x0, 0x0, 0xf,
    0xff, 0xeb, 0xff, 0xfd, 0x0, 0x0, 0x0, 0x0,
    0xf, 0xff, 0xff, 0xff, 0xff, 0x60, 0x0, 0x0,
    0x0, 0xf, 0xff, 0xff, 0xff, 0xff, 0xf3, 0x0,
    0x0, 0x0, 0xf, 0xff, 0xff, 0xdc, 0xff, 0xfd,
    0x10, 0x0, 0x0, 0xf, 0xff, 0xfe, 0x11, 0xdf,
    0xff, 0xb0, 0x0, 0x0, 0xf, 0xff, 0xf2, 0x0,
    0x2f, 0xff, 0xf8, 0x0, 0x0, 0xf, 0xff, 0xd0,
    0x0, 0x5, 0xff, 0xff, 0x40, 0x0, 0xf, 0xff,
    0xd0, 0x0, 0x0, 0x8f, 0xff, 0xe2, 0x0, 0xf,
    0xff, 0xd0, 0x0, 0x0, 0xb, 0xff, 0xfd, 0x0,
    0xf, 0xff, 0xd0, 0x0, 0x0, 0x1, 0xdf, 0xff,
    0xa0,

    /* U+004C "L" */
    0xf, 0xff, 0xe0, 0x0, 0x0, 0x0, 0x0, 0xf,
    0xff, 0xe0, 0x0, 0x0, 0x0, 0x0, 0xf, 0xff,
    0xe0, 0x0, 0x0, 0x0, 0x0, 0xf, 0xff, 0xe0,
    0x0, 0x0, 0x0, 0x0, 0xf, 0xff, 0xe0, 0x0,
    0x0, 0x0, 0x0, 0xf, 0xff, 0xe0, 0x0, 0x0,
    0x0, 0x0, 0xf, 0xff, 0xe0, 0x0, 0x0, 0x0,
    0x0, 0xf, 0xff, 0xe0, 0x0, 0x0, 0x0, 0x0,
    0xf, 0xff, 0xe0, 0x0, 0x0, 0x0, 0x0, 0xf,
    0xff, 0xe0, 0x0, 0x0, 0x0, 0x0, 0xf, 0xff,
    0xe0, 0x0, 0x0, 0x0, 0x0, 0xf, 0xff, 0xe0,
    0x0, 0x0, 0x0, 0x0, 0xf, 0xff, 0xe0, 0x0,
    0x0, 0x0, 0x0, 0xf, 0xff, 0xe2, 0x22, 0x22,
    0x22, 0x20, 0xf, 0xff, 0xff, 0xff, 0xff, 0xff,
    0xf4, 0xf, 0xff, 0xff, 0xff, 0xff, 0xff, 0xf4,
    0xf, 0xff, 0xff, 0xff, 0xff, 0xff, 0xf4,

    /* U+004D "M" */
    0xf, 0xff, 0x70, 0x0, 0x0, 0x0, 0x0, 0x0,
    0x9f, 0xfd, 0xf, 0xff, 0xf2, 0x0, 0x0, 0x0,
    0x0, 0x3, 0xff, 0xfe, 0xf, 0xff, 0xfb, 0x0,
    0x0, 0x0, 0x0, 0xc, 0xff, 0xfe, 0xf, 0xff,
    0xff, 0x40, 0x0, 0x0, 0x0, 0x5f, 0xff, 0xfe,
    0xf, 0xff, 0xff, 0xd0, 0x0, 0x0, 0x0, 0xef,
    0xff, 0xfe, 0xf, 0xff, 0xff, 0xf7, 0x0, 0x0,
    0x8, 0xff, 0xff, 0xfe, 0xf, 0xff, 0xff, 0xff,
    0x10, 0x0, 0x2f, 0xff, 0xff, 0xfe, 0xf, 0xff,
    0xcf, 0xff, 0xa0, 0x0, 0xbf, 0xfd, 0xcf, 0xfe,
    0xf, 0xff, 0xa7, 0xff, 0xf4, 0x4, 0xff, 0xf4,
    0xbf, 0xfe, 0xf, 0xff, 0xa0, 0xdf, 0xfd, 0xd,
    0xff, 0xa0, 0xbf, 0xfe, 0xf, 0xff, 0xa0, 0x4f,
    0xff, 0xdf, 0xff, 0x10, 0xbf, 0xfe, 0xf, 0xff,
    0xa0, 0xa, 0xff, 0xff, 0xf7, 0x0, 0xbf, 0xfe,
    0xf, 0xff, 0xa0, 0x1, 0xff, 0xff, 0xd0, 0x0,
    0xbf, 0xfe, 0xf, 0xff, 0xa0, 0x0, 0x7f, 0xff,
    0x40, 0x0, 0xbf, 0xfe, 0xf, 0xff, 0xa0, 0x0,
    0xd, 0xfb, 0x0, 0x0, 0xbf, 0xfe, 0xf, 0xff,
    0xa0, 0x0, 0x1, 0x31, 0x0, 0x0, 0xbf, 0xfe,
    0xf, 0xff, 0xa0, 0x0, 0x0, 0x0, 0x0, 0x0,
    0xbf, 0xfe,

    /* U+004E "N" */
    0xf, 0xff, 0x90, 0x0, 0x0, 0x0, 0x7f, 0xff,
    0x60, 0xff, 0xff, 0x60, 0x0, 0x0, 0x7, 0xff,
    0xf6, 0xf, 0xff, 0xff, 0x30, 0x0, 0x0, 0x7f,
    0xff, 0x60, 0xff, 0xff, 0xfe, 0x10, 0x0, 0x7,
    0xff, 0xf6, 0xf, 0xff, 0xff, 0xfc, 0x0, 0x0,
    0x7f, 0xff, 0x60, 0xff, 0xff, 0xff, 0xfa, 0x0,
    0x7, 0xff, 0xf6, 0xf, 0xff, 0xff, 0xff, 0xf7,
    0x0, 0x7f, 0xff, 0x60, 0xff, 0xfd, 0x8f, 0xff,
    0xf4, 0x7, 0xff, 0xf6, 0xf, 0xff, 0xd0, 0xaf,
    0xff, 0xe2, 0x7f, 0xff, 0x60, 0xff, 0xfd, 0x0,
    0xdf, 0xff, 0xd7, 0xff, 0xf6, 0xf, 0xff, 0xd0,
    0x2, 0xef, 0xff, 0xff, 0xff, 0x60, 0xff, 0xfd,
    0x0, 0x4, 0xff, 0xff, 0xff, 0xf6, 0xf, 0xff,
    0xd0, 0x0, 0x7, 0xff, 0xff, 0xff, 0x60, 0xff,
    0xfd, 0x0, 0x0, 0xa, 0xff, 0xff, 0xf6, 0xf,
    0xff, 0xd0, 0x0, 0x0, 0xc, 0xff, 0xff, 0x60,
    0xff, 0xfd, 0x0, 0x0, 0x0, 0x1e, 0xff, 0xf6,
    0xf, 0xff, 0xd0, 0x0, 0x0, 0x0, 0x3f, 0xff,
    0x60,

    /* U+004F "O" */
    0x0, 0x0, 0x0, 0x5a, 0xdf, 0xfe, 0xb6, 0x10,
    0x0, 0x0, 0x0, 0x0, 0x4d, 0xff, 0xff, 0xff,
    0xff, 0xf7, 0x0, 0x0, 0x0, 0x7, 0xff, 0xff,
    0xff, 0xff, 0xff, 0xff, 0xa0, 0x0, 0x0, 0x6f,
    0xff, 0xfe, 0x85, 0x57, 0xdf, 0xff, 0xf9, 0x0,
    0x1, 0xff, 0xff, 0xa0, 0x0, 0x0, 0x7, 0xff,
    0xff, 0x40, 0x8, 0xff, 0xfc, 0x0, 0x0, 0x0,
    0x0, 0x8f, 0xff, 0xb0, 0xd, 0xff, 0xf4, 0x0,
    0x0, 0x0, 0x0, 0xf, 0xff, 0xf1, 0xf, 0xff,
    0xf0, 0x0, 0x0, 0x0, 0x0, 0xb, 0xff, 0xf3,
    0xf, 0xff, 0xe0, 0x0, 0x0, 0x0, 0x0, 0xa,
    0xff, 0xf4, 0xf, 0xff, 0xf0, 0x0, 0x0, 0x0,
    0x0, 0xb, 0xff, 0xf3, 0xd, 0xff, 0xf3, 0x0,
    0x0, 0x0, 0x0, 0xf, 0xff, 0xf1, 0x8, 0xff,
    0xfb, 0x0, 0x0, 0x0, 0x0, 0x8f, 0xff, 0xb0,
    0x1, 0xff, 0xff, 0xa0, 0x0, 0x0, 0x6, 0xff,
    0xff, 0x40, 0x0, 0x6f, 0xff, 0xfe, 0x85, 0x57,
    0xcf, 0xff, 0xfa, 0x0, 0x0, 0x8, 0xff, 0xff,
    0xff, 0xff, 0xff, 0xff, 0xb0, 0x0, 0x0, 0x0,
    0x5e, 0xff, 0xff, 0xff, 0xff, 0xf7, 0x0, 0x0,
    0x0, 0x0, 0x0, 0x5a, 0xdf, 0xfe, 0xb7, 0x10,
    0x0, 0x0,

    /* U+0050 "P" */
    0xf, 0xff, 0xff, 0xff, 0xfe, 0xc7, 0x10, 0x0,
    0xf, 0xff, 0xff, 0xff, 0xff, 0xff, 0xf6, 0x0,
    0xf, 0xff, 0xff, 0xff, 0xff, 0xff, 0xff, 0x50,
    0xf, 0xff, 0xe2, 0x22, 0x35, 0xcf, 0xff, 0xe0,
    0xf, 0xff, 0xe0, 0x0, 0x0, 0xd, 0xff, 0xf5,
    0xf, 0xff, 0xe0, 0x0, 0x0, 0x7, 0xff, 0xf7,
    0xf, 0xff, 0xe0, 0x0, 0x0, 0x7, 0xff, 0xf8,
    0xf, 0xff, 0xe0, 0x0, 0x0, 0xc, 0xff, 0xf6,
    0xf, 0xff, 0xe0, 0x0, 0x3, 0xaf, 0xff, 0xf1,
    0xf, 0xff, 0xff, 0xff, 0xff, 0xff, 0xff, 0x70,
    0xf, 0xff, 0xff, 0xff, 0xff, 0xff, 0xf8, 0x0,
    0xf, 0xff, 0xff, 0xff, 0xff, 0xe9, 0x30, 0x0,
    0xf, 0xff, 0xe2, 0x22, 0x10, 0x0, 0x0, 0x0,
    0xf, 0xff, 0xe0, 0x0, 0x0, 0x0, 0x0, 0x0,
    0xf, 0xff, 0xe0, 0x0, 0x0, 0x0, 0x0, 0x0,
    0xf, 0xff, 0xe0, 0x0, 0x0, 0x0, 0x0, 0x0,
    0xf, 0xff, 0xe0, 0x0, 0x0, 0x0, 0x0, 0x0,

    /* U+0051 "Q" */
    0x0, 0x0, 0x0, 0x5a, 0xdf, 0xfe, 0xb6, 0x0,
    0x0, 0x0, 0x0, 0x0, 0x4, 0xdf, 0xff, 0xff,
    0xff, 0xfe, 0x70, 0x0, 0x0, 0x0, 0x7, 0xff,
    0xff, 0xff, 0xff, 0xff, 0xff, 0xa0, 0x0, 0x0,
    0x5, 0xff, 0xff, 0xe8, 0x55, 0x7d, 0xff, 0xff,
    0x90, 0x0, 0x1, 0xef, 0xff, 0xa0, 0x0, 0x0,
    0x7, 0xff, 0xff, 0x30, 0x0, 0x7f, 0xff, 0xc0,
    0x0, 0x0, 0x0, 0x9, 0xff, 0xfb, 0x0, 0xc,
    0xff, 0xf4, 0x0, 0x0, 0x0, 0x0, 0x1f, 0xff,
    0xf0, 0x0, 0xff, 0xff, 0x0, 0x0, 0x0, 0x0,
    0x0, 0xbf, 0xff, 0x30, 0xf, 0xff, 0xe0, 0x0,
    0x0, 0x0, 0x0, 0xa, 0xff, 0xf4, 0x0, 0xff,
    0xff, 0x0, 0x0, 0x0, 0x0, 0x0, 0xbf, 0xff,
    0x30, 0xd, 0xff, 0xf2, 0x0, 0x0, 0x0, 0x0,
    0xe, 0xff, 0xf1, 0x0, 0x9f, 0xff, 0x90, 0x0,
    0x0, 0x0, 0x5, 0xff, 0xfc, 0x0, 0x2, 0xff,
    0xff, 0x60, 0x0, 0x0, 0x3, 0xff, 0xff, 0x60,
    0x0, 0x9, 0xff, 0xff, 0xa3, 0x0, 0x28, 0xff,
    0xff, 0xc0, 0x0, 0x0, 0xb, 0xff, 0xff, 0xff,
    0xff, 0xff, 0xff, 0xe1, 0x0, 0x0, 0x0, 0x9,
    0xff, 0xff, 0xff, 0xff, 0xff, 0xb1, 0x0, 0x0,
    0x0, 0x0, 0x2, 0xaf, 0xff, 0xff, 0xfc, 0x40,
    0x0, 0x0, 0x0, 0x0, 0x0, 0x0, 0x3, 0xdf,
    0xff, 0xe4, 0x1, 0x8e, 0x20, 0x0, 0x0, 0x0,
    0x0, 0x1, 0xcf, 0xff, 0xff, 0xff, 0xfd, 0x0,
    0x0, 0x0, 0x0, 0x0, 0x0, 0x9f, 0xff, 0xff,
    0xff, 0x70, 0x0, 0x0, 0x0, 0x0, 0x0, 0x0,
    0x28, 0xbd, 0xc9, 0x20, 0x0,

    /* U+0052 "R" */
    0xf, 0xff, 0xff, 0xff, 0xfe, 0xc8, 0x10, 0x0,
    0xf, 0xff, 0xff, 0xff, 0xff, 0xff, 0xf6, 0x0,
    0xf, 0xff, 0xff, 0xff, 0xff, 0xff, 0xff, 0x60,
    0xf, 0xff, 0xe2, 0x22, 0x35, 0xcf, 0xff, 0xf1,
    0xf, 0xff, 0xe0, 0x0, 0x0, 0xd, 0xff, 0xf5,
    0xf, 0xff, 0xe0, 0x0, 0x0, 0x7, 0xff, 0xf8,
    0xf, 0xff, 0xe0, 0x0, 0x0, 0x7, 0xff, 0xf8,
    0xf, 0xff, 0xe0, 0x0, 0x0, 0xc, 0xff, 0xf5,
    0xf, 0xff, 0xe0, 0x0, 0x3, 0xaf, 0xff, 0xf1,
    0xf, 0xff, 0xff, 0xff, 0xff, 0xff, 0xff, 0x70,
    0xf, 0xff, 0xff, 0xff, 0xff, 0xff, 0xf8, 0x0,
    0xf, 0xff, 0xff, 0xff, 0xff, 0xff, 0x50, 0x0,
    0xf, 0xff, 0xe1, 0x11, 0x4f, 0xff, 0xd0, 0x0,
    0xf, 0xff, 0xe0, 0x0, 0x9, 0xff, 0xf8, 0x0,
    0xf, 0xff, 0xe0, 0x0, 0x1, 0xef, 0xff, 0x30,
    0xf, 0xff, 0xe0, 0x0, 0x0, 0x4f, 0xff, 0xd0,
    0xf, 0xff, 0xe0, 0x0, 0x0, 0xa, 0xff, 0xf8,

    /* U+0053 "S" */
    0x0, 0x0, 0x6b, 0xdf, 0xfe, 0xc8, 0x30, 0x0,
    0x3, 0xef, 0xff, 0xff, 0xff, 0xff, 0xa0, 0x2,
    0xff, 0xff, 0xff, 0xff, 0xff, 0xf8, 0x0, 0xaf,
    0xff, 0xc4, 0x22, 0x47, 0xdf, 0x10, 0xe, 0xff,
    0xf0, 0x0, 0x0, 0x0, 0x30, 0x0, 0xff, 0xff,
    0x10, 0x0, 0x0, 0x0, 0x0, 0xc, 0xff, 0xfe,
    0x73, 0x0, 0x0, 0x0, 0x0, 0x4f, 0xff, 0xff,
    0xff, 0xb7, 0x10, 0x0, 0x0, 0x4d, 0xff, 0xff,
    0xff, 0xff, 0xa1, 0x0, 0x0, 0x4, 0xae, 0xff,
    0xff, 0xff, 0xc0, 0x0, 0x0, 0x0, 0x2, 0x6b,
    0xff, 0xff, 0x60, 0x0, 0x0, 0x0, 0x0, 0x7,
    0xff, 0xf9, 0x2, 0x70, 0x0, 0x0, 0x0, 0x5f,
    0xff, 0x80, 0x9f, 0xf9, 0x52, 0x12, 0x6e, 0xff,
    0xf4, 0x1f, 0xff, 0xff, 0xff, 0xff, 0xff, 0xfc,
    0x0, 0x9f, 0xff, 0xff, 0xff, 0xff, 0xfb, 0x0,
    0x0, 0x16, 0xad, 0xef, 0xed, 0x94, 0x0, 0x0,

    /* U+0054 "T" */
    0xef, 0xff, 0xff, 0xff, 0xff, 0xff, 0xff, 0xbe,
    0xff, 0xff, 0xff, 0xff, 0xff, 0xff, 0xfb, 0xef,
    0xff, 0xff, 0xff, 0xff, 0xff, 0xff, 0xb2, 0x22,
    0x22, 0x9f, 0xff, 0x72, 0x22, 0x21, 0x0, 0x0,
    0x8, 0xff, 0xf5, 0x0, 0x0, 0x0, 0x0, 0x0,
    0x8f, 0xff, 0x50, 0x0, 0x0, 0x0, 0x0, 0x8,
    0xff, 0xf5, 0x0, 0x0, 0x0, 0x0, 0x0, 0x8f,
    0xff, 0x50, 0x0, 0x0, 0x0, 0x0, 0x8, 0xff,
    0xf5, 0x0, 0x0, 0x0, 0x0, 0x0, 0x8f, 0xff,
    0x50, 0x0, 0x0, 0x0, 0x0, 0x8, 0xff, 0xf5,
    0x0, 0x0, 0x0, 0x0, 0x0, 0x8f, 0xff, 0x50,
    0x0, 0x0, 0x0, 0x0, 0x8, 0xff, 0xf5, 0x0,
    0x0, 0x0, 0x0, 0x0, 0x8f, 0xff, 0x50, 0x0,
    0x0, 0x0, 0x0, 0x8, 0xff, 0xf5, 0x0, 0x0,
    0x0, 0x0, 0x0, 0x8f, 0xff, 0x50, 0x0, 0x0,
    0x0, 0x0, 0x8, 0xff, 0xf5, 0x0, 0x0, 0x0,

    /* U+0055 "U" */
    0x2f, 0xff, 0xb0, 0x0, 0x0, 0x0, 0xcf, 0xff,
    0x12, 0xff, 0xfb, 0x0, 0x0, 0x0, 0xc, 0xff,
    0xf1, 0x2f, 0xff, 0xb0, 0x0, 0x0, 0x0, 0xcf,
    0xff, 0x12, 0xff, 0xfb, 0x0, 0x0, 0x0, 0xc,
    0xff, 0xf1, 0x2f, 0xff, 0xb0, 0x0, 0x0, 0x0,
    0xcf, 0xff, 0x12, 0xff, 0xfb, 0x0, 0x0, 0x0,
    0xc, 0xff, 0xf1, 0x2f, 0xff, 0xb0, 0x0, 0x0,
    0x0, 0xcf, 0xff, 0x12, 0xff, 0xfb, 0x0, 0x0,
    0x0, 0xc, 0xff, 0xf1, 0x2f, 0xff, 0xb0, 0x0,
    0x0, 0x0, 0xcf, 0xff, 0x12, 0xff, 0xfb, 0x0,
    0x0, 0x0, 0xc, 0xff, 0xf0, 0x1f, 0xff, 0xd0,
    0x0, 0x0, 0x0, 0xef, 0xff, 0x0, 0xef, 0xff,
    0x10, 0x0, 0x0, 0x2f, 0xff, 0xd0, 0xa, 0xff,
    0xf9, 0x0, 0x0, 0xa, 0xff, 0xf9, 0x0, 0x3f,
    0xff, 0xfc, 0x64, 0x6c, 0xff, 0xff, 0x20, 0x0,
    0x8f, 0xff, 0xff, 0xff, 0xff, 0xff, 0x70, 0x0,
    0x0, 0x8f, 0xff, 0xff, 0xff, 0xff, 0x70, 0x0,
    0x0, 0x0, 0x28, 0xce, 0xfe, 0xc8, 0x10, 0x0,
    0x0,

    /* U+0056 "V" */
    0xf, 0xff, 0xf3, 0x0, 0x0, 0x0, 0x0, 0xe,
    0xff, 0xe0, 0x9, 0xff, 0xf9, 0x0, 0x0, 0x0,
    0x0, 0x5f, 0xff, 0x70, 0x2, 0xff, 0xff, 0x10,
    0x0, 0x0, 0x0, 0xcf, 0xff, 0x10, 0x0, 0xbf,
    0xff, 0x70, 0x0, 0x0, 0x3, 0xff, 0xfa, 0x0,
    0x0, 0x4f, 0xff, 0xd0, 0x0, 0x0, 0xa, 0xff,
    0xf3, 0x0, 0x0, 0xd, 0xff, 0xf4, 0x0, 0x0,
    0x1f, 0xff, 0xc0, 0x0, 0x0, 0x7, 0xff, 0xfb,
    0x0, 0x0, 0x7f, 0xff, 0x50, 0x0, 0x0, 0x1,
    0xff, 0xff, 0x20, 0x0, 0xef, 0xfe, 0x0, 0x0,
    0x0, 0x0, 0x9f, 0xff, 0x80, 0x5, 0xff, 0xf8,
    0x0, 0x0, 0x0, 0x0, 0x2f, 0xff, 0xe0, 0xc,
    0xff, 0xf1, 0x0, 0x0, 0x0, 0x0, 0xb, 0xff,
    0xf6, 0x3f, 0xff, 0xa0, 0x0, 0x0, 0x0, 0x0,
    0x5, 0xff, 0xfd, 0xaf, 0xff, 0x30, 0x0, 0x0,
    0x0, 0x0, 0x0, 0xef, 0xff, 0xff, 0xfc, 0x0,
    0x0, 0x0, 0x0, 0x0, 0x0, 0x7f, 0xff, 0xff,
    0xf5, 0x0, 0x0, 0x0, 0x0, 0x0, 0x0, 0x1f,
    0xff, 0xff, 0xe0, 0x0, 0x0, 0x0, 0x0, 0x0,
    0x0, 0x9, 0xff, 0xff, 0x80, 0x0, 0x0, 0x0,
    0x0, 0x0, 0x0, 0x2, 0xff, 0xff, 0x10, 0x0,
    0x0, 0x0,

    /* U+0057 "W" */
    0x4f, 0xff, 0xb0, 0x0, 0x0, 0x0, 0xdf, 0xff,
    0x10, 0x0, 0x0, 0x8, 0xff, 0xf3, 0xf, 0xff,
    0xf0, 0x0, 0x0, 0x2, 0xff, 0xff, 0x60, 0x0,
    0x0, 0xd, 0xff, 0xe0, 0xa, 0xff, 0xf5, 0x0,
    0x0, 0x8, 0xff, 0xff, 0xb0, 0x0, 0x0, 0x2f,
    0xff, 0x90, 0x5, 0xff, 0xfa, 0x0, 0x0, 0xd,
    0xff, 0xff, 0xf0, 0x0, 0x0, 0x7f, 0xff, 0x40,
    0x0, 0xff, 0xff, 0x0, 0x0, 0x2f, 0xff, 0xff,
    0xf5, 0x0, 0x0, 0xcf, 0xfe, 0x0, 0x0, 0xbf,
    0xff, 0x40, 0x0, 0x8f, 0xff, 0xff, 0xfa, 0x0,
    0x2, 0xff, 0xf9, 0x0, 0x0, 0x5f, 0xff, 0xa0,
    0x0, 0xdf, 0xfa, 0xaf, 0xff, 0x0, 0x7, 0xff,
    0xf4, 0x0, 0x0, 0x1f, 0xff, 0xe0, 0x2, 0xff,
    0xf5, 0x5f, 0xff, 0x40, 0xc, 0xff, 0xf0, 0x0,
    0x0, 0xb, 0xff, 0xf4, 0x8, 0xff, 0xf0, 0xf,
    0xff, 0x90, 0x1f, 0xff, 0xa0, 0x0, 0x0, 0x6,
    0xff, 0xf9, 0xd, 0xff, 0xa0, 0xb, 0xff, 0xe0,
    0x6f, 0xff, 0x50, 0x0, 0x0, 0x1, 0xff, 0xfe,
    0x2f, 0xff, 0x50, 0x5, 0xff, 0xf4, 0xcf, 0xff,
    0x0, 0x0, 0x0, 0x0, 0xcf, 0xff, 0xbf, 0xff,
    0x0, 0x1, 0xff, 0xfa, 0xff, 0xfa, 0x0, 0x0,
    0x0, 0x0, 0x6f, 0xff, 0xff, 0xfb, 0x0, 0x0,
    0xbf, 0xff, 0xff, 0xf5, 0x0, 0x0, 0x0, 0x0,
    0x1f, 0xff, 0xff, 0xf5, 0x0, 0x0, 0x6f, 0xff,
    0xff, 0xf0, 0x0, 0x0, 0x0, 0x0, 0xc, 0xff,
    0xff, 0xf0, 0x0, 0x0, 0x1f, 0xff, 0xff, 0xb0,
    0x0, 0x0, 0x0, 0x0, 0x7, 0xff, 0xff, 0xb0,
    0x0, 0x0, 0xc, 0xff, 0xff, 0x50, 0x0, 0x0,
    0x0, 0x0, 0x2, 0xff, 0xff, 0x50, 0x0, 0x0,
    0x7, 0xff, 0xff, 0x10, 0x0, 0x0,

    /* U+0058 "X" */
    0x4f, 0xff, 0xf2, 0x0, 0x0, 0x0, 0xdf, 0xff,
    0x40, 0x8, 0xff, 0xfd, 0x0, 0x0, 0x9, 0xff,
    0xf9, 0x0, 0x0, 0xdf, 0xff, 0x80, 0x0, 0x4f,
    0xff, 0xd0, 0x0, 0x0, 0x2f, 0xff, 0xf3, 0x1,
    0xef, 0xff, 0x20, 0x0, 0x0, 0x7, 0xff, 0xfe,
    0xa, 0xff, 0xf7, 0x0, 0x0, 0x0, 0x0, 0xbf,
    0xff, 0xdf, 0xff, 0xb0, 0x0, 0x0, 0x0, 0x0,
    0x1e, 0xff, 0xff, 0xfe, 0x10, 0x0, 0x0, 0x0,
    0x0, 0x5, 0xff, 0xff, 0xf4, 0x0, 0x0, 0x0,
    0x0, 0x0, 0x0, 0xef, 0xff, 0xf1, 0x0, 0x0,
    0x0, 0x0, 0x0, 0x8, 0xff, 0xff, 0xfb, 0x0,
    0x0, 0x0, 0x0, 0x0, 0x4f, 0xff, 0xff, 0xff,
    0x60, 0x0, 0x0, 0x0, 0x1, 0xef, 0xff, 0x7f,
    0xff, 0xf2, 0x0, 0x0, 0x0, 0xb, 0xff, 0xf9,
    0x8, 0xff, 0xfd, 0x0, 0x0, 0x0, 0x6f, 0xff,
    0xd0, 0x0, 0xcf, 0xff, 0x90, 0x0, 0x2, 0xff,
    0xff, 0x30, 0x0, 0x2f, 0xff, 0xf4, 0x0, 0xd,
    0xff, 0xf8, 0x0, 0x0, 0x7, 0xff, 0xfe, 0x10,
    0x9f, 0xff, 0xd0, 0x0, 0x0, 0x0, 0xcf, 0xff,
    0xb0,

    /* U+0059 "Y" */
    0x1f, 0xff, 0xf2, 0x0, 0x0, 0x0, 0x8, 0xff,
    0xf4, 0x7, 0xff, 0xfb, 0x0, 0x0, 0x0, 0x2f,
    0xff, 0xb0, 0x0, 0xdf, 0xff, 0x40, 0x0, 0x0,
    0xbf, 0xff, 0x20, 0x0, 0x4f, 0xff, 0xd0, 0x0,
    0x5, 0xff, 0xf8, 0x0, 0x0, 0xa, 0xff, 0xf7,
    0x0, 0xd, 0xff, 0xd0, 0x0, 0x0, 0x1, 0xff,
    0xff, 0x10, 0x8f, 0xff, 0x50, 0x0, 0x0, 0x0,
    0x7f, 0xff, 0xa2, 0xff, 0xfb, 0x0, 0x0, 0x0,
    0x0, 0xd, 0xff, 0xfd, 0xff, 0xf2, 0x0, 0x0,
    0x0, 0x0, 0x4, 0xff, 0xff, 0xff, 0x80, 0x0,
    0x0, 0x0, 0x0, 0x0, 0xaf, 0xff, 0xfe, 0x0,
    0x0, 0x0, 0x0, 0x0, 0x0, 0x1f, 0xff, 0xf5,
    0x0, 0x0, 0x0, 0x0, 0x0, 0x0, 0xd, 0xff,
    0xf1, 0x0, 0x0, 0x0, 0x0, 0x0, 0x0, 0xd,
    0xff, 0xf1, 0x0, 0x0, 0x0, 0x0, 0x0, 0x0,
    0xd, 0xff, 0xf1, 0x0, 0x0, 0x0, 0x0, 0x0,
    0x0, 0xd, 0xff, 0xf1, 0x0, 0x0, 0x0, 0x0,
    0x0, 0x0, 0xd, 0xff, 0xf1, 0x0, 0x0, 0x0,
    0x0, 0x0, 0x0, 0xd, 0xff, 0xf1, 0x0, 0x0,
    0x0,

    /* U+005A "Z" */
    0xe, 0xff, 0xff, 0xff, 0xff, 0xff, 0xff, 0xf3,
    0xe, 0xff, 0xff, 0xff, 0xff, 0xff, 0xff, 0xf3,
    0xe, 0xff, 0xff, 0xff, 0xff, 0xff, 0xff, 0xf2,
    0x2, 0x22, 0x22, 0x22, 0x25, 0xff, 0xff, 0x60,
    0x0, 0x0, 0x0, 0x0, 0x1e, 0xff, 0xf9, 0x0,
    0x0, 0x0, 0x0, 0x0, 0xcf, 0xff, 0xc0, 0x0,
    0x0, 0x0, 0x0, 0x9, 0xff, 0xfe, 0x10, 0x0,
    0x0, 0x0, 0x0, 0x6f, 0xff, 0xf3, 0x0, 0x0,
    0x0, 0x0, 0x3, 0xff, 0xff, 0x60, 0x0, 0x0,
    0x0, 0x0, 0x1e, 0xff, 0xf9, 0x0, 0x0, 0x0,
    0x0, 0x0, 0xcf, 0xff, 0xb0, 0x0, 0x0, 0x0,
    0x0, 0xa, 0xff, 0xfd, 0x10, 0x0, 0x0, 0x0,
    0x0, 0x7f, 0xff, 0xf2, 0x0, 0x0, 0x0, 0x0,
    0x4, 0xff, 0xff, 0x72, 0x22, 0x22, 0x22, 0x21,
    0xf, 0xff, 0xff, 0xff, 0xff, 0xff, 0xff, 0xf9,
    0x1f, 0xff, 0xff, 0xff, 0xff, 0xff, 0xff, 0xf9,
    0x1f, 0xff, 0xff, 0xff, 0xff, 0xff, 0xff, 0xf9,

    /* U+005B "[" */
    0xf, 0xff, 0xff, 0xf8, 0xf, 0xff, 0xff, 0xf8,
    0xf, 0xff, 0xfe, 0xe7, 0xf, 0xff, 0xb0, 0x0,
    0xf, 0xff, 0xb0, 0x0, 0xf, 0xff, 0xb0, 0x0,
    0xf, 0xff, 0xb0, 0x0, 0xf, 0xff, 0xb0, 0x0,
    0xf, 0xff, 0xb0, 0x0, 0xf, 0xff, 0xb0, 0x0,
    0xf, 0xff, 0xb0, 0x0, 0xf, 0xff, 0xb0, 0x0,
    0xf, 0xff, 0xb0, 0x0, 0xf, 0xff, 0xb0, 0x0,
    0xf, 0xff, 0xb0, 0x0, 0xf, 0xff, 0xb0, 0x0,
    0xf, 0xff, 0xb0, 0x0, 0xf, 0xff, 0xb0, 0x0,
    0xf, 0xff, 0xb0, 0x0, 0xf, 0xff, 0xfe, 0xe7,
    0xf, 0xff, 0xff, 0xf8, 0xf, 0xff, 0xff, 0xf8,

    /* U+005C "\\" */
    0x7, 0x88, 0x30, 0x0, 0x0, 0x0, 0x0, 0xaf,
    0xfa, 0x0, 0x0, 0x0, 0x0, 0x5, 0xff, 0xf0,
    0x0, 0x0, 0x0, 0x0, 0xf, 0xff, 0x50, 0x0,
    0x0, 0x0, 0x0, 0xaf, 0xfb, 0x0, 0x0, 0x0,
    0x0, 0x4, 0xff, 0xf1, 0x0, 0x0, 0x0, 0x0,
    0xe, 0xff, 0x60, 0x0, 0x0, 0x0, 0x0, 0x9f,
    0xfc, 0x0, 0x0, 0x0, 0x0, 0x3, 0xff, 0xf1,
    0x0, 0x0, 0x0, 0x0, 0xd, 0xff, 0x70, 0x0,
    0x0, 0x0, 0x0, 0x8f, 0xfd, 0x0, 0x0, 0x0,
    0x0, 0x2, 0xff, 0xf2, 0x0, 0x0, 0x0, 0x0,
    0xc, 0xff, 0x80, 0x0, 0x0, 0x0, 0x0, 0x7f,
    0xfd, 0x0, 0x0, 0x0, 0x0, 0x1, 0xff, 0xf3,
    0x0, 0x0, 0x0, 0x0, 0xc, 0xff, 0x90, 0x0,
    0x0, 0x0, 0x0, 0x6f, 0xfe, 0x0, 0x0, 0x0,
    0x0, 0x1, 0xff, 0xf4, 0x0, 0x0, 0x0, 0x0,
    0xb, 0xff, 0xa0, 0x0, 0x0, 0x0, 0x0, 0x5f,
    0xff, 0x0, 0x0, 0x0, 0x0, 0x0, 0xff, 0xf5,
    0x0, 0x0, 0x0, 0x0, 0xa, 0xff, 0xb0, 0x0,
    0x0, 0x0, 0x0, 0x4f, 0xff, 0x10,

    /* U+005D "]" */
    0xaf, 0xff, 0xff, 0xda, 0xff, 0xff, 0xfd, 0x9e,
    0xef, 0xff, 0xd0, 0x0, 0xef, 0xfd, 0x0, 0xe,
    0xff, 0xd0, 0x0, 0xef, 0xfd, 0x0, 0xe, 0xff,
    0xd0, 0x0, 0xef, 0xfd, 0x0, 0xe, 0xff, 0xd0,
    0x0, 0xef, 0xfd, 0x0, 0xe, 0xff, 0xd0, 0x0,
    0xef, 0xfd, 0x0, 0xe, 0xff, 0xd0, 0x0, 0xef,
    0xfd, 0x0, 0xe, 0xff, 0xd0, 0x0, 0xef, 0xfd,
    0x0, 0xe, 0xff, 0xd0, 0x0, 0xef, 0xfd, 0x0,
    0xe, 0xff, 0xd9, 0xee, 0xff, 0xfd, 0xaf, 0xff,
    0xff, 0xda, 0xff, 0xff, 0xfd,

    /* U+005E "^" */
    0x0, 0x0, 0x8f, 0xfe, 0x0, 0x0, 0x0, 0x0,
    0xe, 0xff, 0xf5, 0x0, 0x0, 0x0, 0x5, 0xff,
    0xff, 0xc0, 0x0, 0x0, 0x0, 0xcf, 0xe9, 0xff,
    0x30, 0x0, 0x0, 0x3f, 0xf8, 0x2f, 0xfa, 0x0,
    0x0, 0xa, 0xff, 0x20, 0xbf, 0xf1, 0x0, 0x1,
    0xff, 0xb0, 0x4, 0xff, 0x80, 0x0, 0x8f, 0xf4,
    0x0, 0xe, 0xfe, 0x0, 0xe, 0xfd, 0x0, 0x0,
    0x7f, 0xf6, 0x6, 0xff, 0x70, 0x0, 0x1, 0xff,
    0xd0,

    /* U+005F "_" */
    0x22, 0x22, 0x22, 0x22, 0x22, 0x22, 0xff, 0xff,
    0xff, 0xff, 0xff, 0xff, 0xff, 0xff, 0xff, 0xff,
    0xff, 0xff,

    /* U+0060 "`" */
    0x48, 0x88, 0x20, 0x0, 0x9, 0xff, 0xe2, 0x0,
    0x0, 0x6f, 0xfe, 0x10, 0x0, 0x4, 0xef, 0xd1,

    /* U+0061 "a" */
    0x0, 0x17, 0xbe, 0xff, 0xda, 0x30, 0x0, 0x5,
    0xff, 0xff, 0xff, 0xff, 0xf9, 0x0, 0x1, 0xff,
    0xff, 0xff, 0xff, 0xff, 0x60, 0x0, 0x78, 0x30,
    0x1, 0x7f, 0xff, 0xd0, 0x0, 0x0, 0x0, 0x0,
    0xb, 0xff, 0xf0, 0x0, 0x18, 0xde, 0xff, 0xff,
    0xff, 0xf2, 0x3, 0xff, 0xff, 0xff, 0xff, 0xff,
    0xf2, 0xc, 0xff, 0xf6, 0x32, 0x2a, 0xff, 0xf2,
    0xf, 0xff, 0x90, 0x0, 0xa, 0xff, 0xf2, 0xf,
    0xff, 0xb0, 0x0, 0x3f, 0xff, 0xf2, 0xc, 0xff,
    0xfc, 0x8a, 0xff, 0xff, 0xf2, 0x2, 0xff, 0xff,
    0xff, 0xfc, 0xff, 0xf2, 0x0, 0x19, 0xdf, 0xeb,
    0x45, 0xff, 0xf2,

    /* U+0062 "b" */
    0x3d, 0xdd, 0x60, 0x0, 0x0, 0x0, 0x0, 0x4,
    0xff, 0xf7, 0x0, 0x0, 0x0, 0x0, 0x0, 0x4f,
    0xff, 0x70, 0x0, 0x0, 0x0, 0x0, 0x4, 0xff,
    0xf7, 0x0, 0x0, 0x0, 0x0, 0x0, 0x4f, 0xff,
    0x70, 0x0, 0x0, 0x0, 0x0, 0x4, 0xff, 0xf7,
    0x3a, 0xef, 0xda, 0x30, 0x0, 0x4f, 0xff, 0xdf,
    0xff, 0xff, 0xff, 0x80, 0x4, 0xff, 0xff, 0xff,
    0xff, 0xff, 0xff, 0x80, 0x4f, 0xff, 0xfd, 0x41,
    0x29, 0xff, 0xff, 0x14, 0xff, 0xfe, 0x10, 0x0,
    0x9, 0xff, 0xf8, 0x4f, 0xff, 0x80, 0x0, 0x0,
    0x2f, 0xff, 0xa4, 0xff, 0xf7, 0x0, 0x0, 0x0,
    0xff, 0xfc, 0x4f, 0xff, 0x80, 0x0, 0x0, 0x2f,
    0xff, 0xa4, 0xff, 0xfe, 0x10, 0x0, 0x9, 0xff,
    0xf7, 0x4f, 0xff, 0xfd, 0x41, 0x29, 0xff, 0xff,
    0x14, 0xff, 0xff, 0xff, 0xff, 0xff, 0xff, 0x70,
    0x4f, 0xff, 0xbf, 0xff, 0xff, 0xff, 0x80, 0x4,
    0xff, 0xf4, 0x4b, 0xef, 0xda, 0x30, 0x0,

    /* U+0063 "c" */
    0x0, 0x0, 0x49, 0xdf, 0xfd, 0x82, 0x0, 0x0,
    0x1a, 0xff, 0xff, 0xff, 0xff, 0x60, 0x0, 0xcf,
    0xff, 0xff, 0xff, 0xff, 0xf4, 0x7, 0xff, 0xfe,
    0x51, 0x17, 0xff, 0xe5, 0xe, 0xff, 0xf2, 0x0,
    0x0, 0x56, 0x0, 0x1f, 0xff, 0xb0, 0x0, 0x0,
    0x0, 0x0, 0x3f, 0xff, 0x90, 0x0, 0x0, 0x0,
    0x0, 0x1f, 0xff, 0xb0, 0x0, 0x0, 0x0, 0x0,
    0xe, 0xff, 0xf2, 0x0, 0x0, 0x56, 0x0, 0x7,
    0xff, 0xfe, 0x51, 0x17, 0xff, 0xd4, 0x0, 0xcf,
    0xff, 0xff, 0xff, 0xff, 0xf4, 0x0, 0x1a, 0xff,
    0xff, 0xff, 0xff, 0x60, 0x0, 0x0, 0x49, 0xdf,
    0xfd, 0x82, 0x0,

    /* U+0064 "d" */
    0x0, 0x0, 0x0, 0x0, 0x0, 0xb, 0xdd, 0xb0,
    0x0, 0x0, 0x0, 0x0, 0x0, 0xdf, 0xfe, 0x0,
    0x0, 0x0, 0x0, 0x0, 0xd, 0xff, 0xe0, 0x0,
    0x0, 0x0, 0x0, 0x0, 0xdf, 0xfe, 0x0, 0x0,
    0x0, 0x0, 0x0, 0xd, 0xff, 0xe0, 0x0, 0x6,
    0xce, 0xfd, 0x81, 0xdf, 0xfe, 0x0, 0x2c, 0xff,
    0xff, 0xff, 0xee, 0xff, 0xe0, 0xd, 0xff, 0xff,
    0xff, 0xff, 0xff, 0xfe, 0x8, 0xff, 0xfe, 0x51,
    0x27, 0xff, 0xff, 0xe0, 0xef, 0xff, 0x30, 0x0,
    0x6, 0xff, 0xfe, 0x1f, 0xff, 0xc0, 0x0, 0x0,
    0xe, 0xff, 0xe2, 0xff, 0xfa, 0x0, 0x0, 0x0,
    0xdf, 0xfe, 0x1f, 0xff, 0xc0, 0x0, 0x0, 0xe,
    0xff, 0xe0, 0xef, 0xff, 0x30, 0x0, 0x6, 0xff,
    0xfe, 0x8, 0xff, 0xfe, 0x51, 0x17, 0xff, 0xff,
    0xe0, 0xd, 0xff, 0xff, 0xff, 0xff, 0xff, 0xfe,
    0x0, 0x2c, 0xff, 0xff, 0xff, 0xed, 0xff, 0xe0,
    0x0, 0x6, 0xce, 0xfd, 0x91, 0xbf, 0xfe,

    /* U+0065 "e" */
    0x0, 0x0, 0x4a, 0xdf, 0xec, 0x71, 0x0, 0x0,
    0x1, 0xbf, 0xff, 0xff, 0xff, 0xe4, 0x0, 0x0,
    0xcf, 0xff, 0xfd, 0xef, 0xff, 0xf3, 0x0, 0x7f,
    0xff, 0x70, 0x0, 0x4e, 0xff, 0xc0, 0xe, 0xff,
    0xb0, 0x0, 0x0, 0x5f, 0xff, 0x21, 0xff, 0xff,
    0xff, 0xff, 0xff, 0xff, 0xf4, 0x3f, 0xff, 0xff,
    0xff, 0xff, 0xff, 0xff, 0x51, 0xff, 0xfb, 0x22,
    0x22, 0x22, 0x22, 0x20, 0xe, 0xff, 0xf2, 0x0,
    0x0, 0x2, 0x0, 0x0, 0x7f, 0xff, 0xe5, 0x0,
    0x29, 0xf3, 0x0, 0x0, 0xcf, 0xff, 0xff, 0xff,
    0xff, 0xe2, 0x0, 0x1, 0xaf, 0xff, 0xff, 0xff,
    0xfb, 0x10, 0x0, 0x0, 0x39, 0xdf, 0xfe, 0xa5,
    0x0, 0x0,

    /* U+0066 "f" */
    0x0, 0x0, 0x5b, 0xde, 0xc7, 0x0, 0x0, 0xaf,
    0xff, 0xff, 0xc0, 0x0, 0x6f, 0xff, 0xff, 0xf6,
    0x0, 0xb, 0xff, 0xf4, 0x2, 0x0, 0x0, 0xcf,
    0xfd, 0x0, 0x0, 0xd, 0xff, 0xff, 0xff, 0xff,
    0x20, 0xdf, 0xff, 0xff, 0xff, 0xf2, 0xb, 0xdf,
    0xff, 0xfd, 0xdd, 0x10, 0x0, 0xdf, 0xfe, 0x0,
    0x0, 0x0, 0xd, 0xff, 0xe0, 0x0, 0x0, 0x0,
    0xdf, 0xfe, 0x0, 0x0, 0x0, 0xd, 0xff, 0xe0,
    0x0, 0x0, 0x0, 0xdf, 0xfe, 0x0, 0x0, 0x0,
    0xd, 0xff, 0xe0, 0x0, 0x0, 0x0, 0xdf, 0xfe,
    0x0, 0x0, 0x0, 0xd, 0xff, 0xe0, 0x0, 0x0,
    0x0, 0xdf, 0xfe, 0x0, 0x0, 0x0, 0xd, 0xff,
    0xe0, 0x0, 0x0,

    /* U+0067 "g" */
    0x0, 0x0, 0x6c, 0xef, 0xd9, 0x28, 0xff, 0xf0,
    0x0, 0x2d, 0xff, 0xff, 0xff, 0xfb, 0xff, 0xf0,
    0x0, 0xdf, 0xff, 0xff, 0xff, 0xff, 0xff, 0xf0,
    0x8, 0xff, 0xfe, 0x61, 0x16, 0xff, 0xff, 0xf0,
    0xe, 0xff, 0xf2, 0x0, 0x0, 0x3f, 0xff, 0xf0,
    0x1f, 0xff, 0xb0, 0x0, 0x0, 0xc, 0xff, 0xf0,
    0x3f, 0xff, 0x90, 0x0, 0x0, 0xa, 0xff, 0xf0,
    0x1f, 0xff, 0xb0, 0x0, 0x0, 0xc, 0xff, 0xf0,
    0xe, 0xff, 0xf2, 0x0, 0x0, 0x3f, 0xff, 0xf0,
    0x8, 0xff, 0xfe, 0x51, 0x16, 0xef, 0xff, 0xf0,
    0x0, 0xdf, 0xff, 0xff, 0xff, 0xff, 0xff, 0xf0,
    0x0, 0x2c, 0xff, 0xff, 0xff, 0xed, 0xff, 0xf0,
    0x0, 0x0, 0x6c, 0xef, 0xd9, 0x1c, 0xff, 0xe0,
    0x0, 0x0, 0x0, 0x0, 0x0, 0x2f, 0xff, 0xb0,
    0x0, 0x7d, 0x73, 0x0, 0x4, 0xdf, 0xff, 0x50,
    0x1, 0xff, 0xff, 0xff, 0xff, 0xff, 0xfc, 0x0,
    0x3, 0xdf, 0xff, 0xff, 0xff, 0xff, 0xb1, 0x0,
    0x0, 0x4, 0x9c, 0xef, 0xfd, 0xa4, 0x0, 0x0,

    /* U+0068 "h" */
    0x2a, 0xaa, 0x40, 0x0, 0x0, 0x0, 0x0, 0x4f,
    0xff, 0x70, 0x0, 0x0, 0x0, 0x0, 0x4f, 0xff,
    0x70, 0x0, 0x0, 0x0, 0x0, 0x4f, 0xff, 0x70,
    0x0, 0x0, 0x0, 0x0, 0x4f, 0xff, 0x70, 0x0,
    0x0, 0x0, 0x0, 0x4f, 0xff, 0x73, 0xae, 0xfe,
    0xa3, 0x0, 0x4f, 0xff, 0xcf, 0xff, 0xff, 0xff,
    0x70, 0x4f, 0xff, 0xff, 0xff, 0xff, 0xff, 0xf3,
    0x4f, 0xff, 0xfd, 0x64, 0x6e, 0xff, 0xf9, 0x4f,
    0xff, 0xe1, 0x0, 0x3, 0xff, 0xfc, 0x4f, 0xff,
    0x90, 0x0, 0x0, 0xef, 0xfe, 0x4f, 0xff, 0x70,
    0x0, 0x0, 0xdf, 0xfe, 0x4f, 0xff, 0x70, 0x0,
    0x0, 0xdf, 0xfe, 0x4f, 0xff, 0x70, 0x0, 0x0,
    0xdf, 0xfe, 0x4f, 0xff, 0x70, 0x0, 0x0, 0xdf,
    0xfe, 0x4f, 0xff, 0x70, 0x0, 0x0, 0xdf, 0xfe,
    0x4f, 0xff, 0x70, 0x0, 0x0, 0xdf, 0xfe, 0x4f,
    0xff, 0x70, 0x0, 0x0, 0xdf, 0xfe,

    /* U+0069 "i" */
    0x1b, 0xfd, 0x39, 0xff, 0xfc, 0xaf, 0xff, 0xd2,
    0xdf, 0xe4, 0x0, 0x10, 0x0, 0x0, 0x0, 0x4f,
    0xff, 0x74, 0xff, 0xf7, 0x4f, 0xff, 0x74, 0xff,
    0xf7, 0x4f, 0xff, 0x74, 0xff, 0xf7, 0x4f, 0xff,
    0x74, 0xff, 0xf7, 0x4f, 0xff, 0x74, 0xff, 0xf7,
    0x4f, 0xff, 0x74, 0xff, 0xf7, 0x4f, 0xff, 0x70,

    /* U+006A "j" */
    0x0, 0x0, 0x0, 0x10, 0x0, 0x0, 0x0, 0x1c,
    0xff, 0x60, 0x0, 0x0, 0x7f, 0xff, 0xf0, 0x0,
    0x0, 0x6f, 0xff, 0xf0, 0x0, 0x0, 0xa, 0xfd,
    0x40, 0x0, 0x0, 0x0, 0x0, 0x0, 0x0, 0x0,
    0x1f, 0xff, 0xa0, 0x0, 0x0, 0x1f, 0xff, 0xa0,
    0x0, 0x0, 0x1f, 0xff, 0xa0, 0x0, 0x0, 0x1f,
    0xff, 0xa0, 0x0, 0x0, 0x1f, 0xff, 0xa0, 0x0,
    0x0, 0x1f, 0xff, 0xa0, 0x0, 0x0, 0x1f, 0xff,
    0xa0, 0x0, 0x0, 0x1f, 0xff, 0xa0, 0x0, 0x0,
    0x1f, 0xff, 0xa0, 0x0, 0x0, 0x1f, 0xff, 0xa0,
    0x0, 0x0, 0x1f, 0xff, 0xa0, 0x0, 0x0, 0x1f,
    0xff, 0xa0, 0x0, 0x0, 0x1f, 0xff, 0xa0, 0x0,
    0x0, 0x2f, 0xff, 0x90, 0x1, 0x10, 0x9f, 0xff,
    0x70, 0x9, 0xff, 0xff, 0xff, 0x20, 0xe, 0xff,
    0xff, 0xf7, 0x0, 0x19, 0xdf, 0xfb, 0x40, 0x0,

    /* U+006B "k" */
    0x2a, 0xaa, 0x40, 0x0, 0x0, 0x0, 0x0, 0x4,
    0xff, 0xf7, 0x0, 0x0, 0x0, 0x0, 0x0, 0x4f,
    0xff, 0x70, 0x0, 0x0, 0x0, 0x0, 0x4, 0xff,
    0xf7, 0x0, 0x0, 0x0, 0x0, 0x0, 0x4f, 0xff,
    0x70, 0x0, 0x0, 0x0, 0x0, 0x4, 0xff, 0xf7,
    0x0, 0x0, 0x9f, 0xff, 0xd1, 0x4f, 0xff, 0x70,
    0x0, 0x9f, 0xff, 0xd1, 0x4, 0xff, 0xf7, 0x0,
    0xaf, 0xff, 0xd1, 0x0, 0x4f, 0xff, 0x70, 0xbf,
    0xff, 0xe1, 0x0, 0x4, 0xff, 0xf8, 0xbf, 0xff,
    0xe2, 0x0, 0x0, 0x4f, 0xff, 0xff, 0xff, 0xf4,
    0x0, 0x0, 0x4, 0xff, 0xff, 0xff, 0xff, 0xc0,
    0x0, 0x0, 0x4f, 0xff, 0xff, 0xff, 0xff, 0x90,
    0x0, 0x4, 0xff, 0xff, 0xa4, 0xff, 0xff, 0x50,
    0x0, 0x4f, 0xff, 0xb0, 0x7, 0xff, 0xff, 0x20,
    0x4, 0xff, 0xf7, 0x0, 0xa, 0xff, 0xfd, 0x10,
    0x4f, 0xff, 0x70, 0x0, 0xc, 0xff, 0xfb, 0x4,
    0xff, 0xf7, 0x0, 0x0, 0x1e, 0xff, 0xf7,

    /* U+006C "l" */
    0x2a, 0xaa, 0x44, 0xff, 0xf7, 0x4f, 0xff, 0x74,
    0xff, 0xf7, 0x4f, 0xff, 0x74, 0xff, 0xf7, 0x4f,
    0xff, 0x74, 0xff, 0xf7, 0x4f, 0xff, 0x74, 0xff,
    0xf7, 0x4f, 0xff, 0x74, 0xff, 0xf7, 0x4f, 0xff,
    0x74, 0xff, 0xf7, 0x4f, 0xff, 0x74, 0xff, 0xf7,
    0x4f, 0xff, 0x74, 0xff, 0xf7,

    /* U+006D "m" */
    0x4f, 0xff, 0x45, 0xbe, 0xfd, 0x92, 0x0, 0x6c,
    0xef, 0xd9, 0x10, 0x4, 0xff, 0xfd, 0xff, 0xff,
    0xff, 0xf5, 0xcf, 0xff, 0xff, 0xfe, 0x20, 0x4f,
    0xff, 0xff, 0xff, 0xff, 0xff, 0xff, 0xff, 0xff,
    0xff, 0xfd, 0x4, 0xff, 0xff, 0xa2, 0x15, 0xff,
    0xff, 0xfb, 0x21, 0x5f, 0xff, 0xf3, 0x4f, 0xff,
    0xd0, 0x0, 0x8, 0xff, 0xfe, 0x0, 0x0, 0x7f,
    0xff, 0x64, 0xff, 0xf9, 0x0, 0x0, 0x5f, 0xff,
    0x90, 0x0, 0x4, 0xff, 0xf8, 0x4f, 0xff, 0x70,
    0x0, 0x4, 0xff, 0xf8, 0x0, 0x0, 0x3f, 0xff,
    0x84, 0xff, 0xf7, 0x0, 0x0, 0x4f, 0xff, 0x80,
    0x0, 0x3, 0xff, 0xf8, 0x4f, 0xff, 0x70, 0x0,
    0x4, 0xff, 0xf8, 0x0, 0x0, 0x3f, 0xff, 0x84,
    0xff, 0xf7, 0x0, 0x0, 0x4f, 0xff, 0x80, 0x0,
    0x3, 0xff, 0xf8, 0x4f, 0xff, 0x70, 0x0, 0x4,
    0xff, 0xf8, 0x0, 0x0, 0x3f, 0xff, 0x84, 0xff,
    0xf7, 0x0, 0x0, 0x4f, 0xff, 0x80, 0x0, 0x3,
    0xff, 0xf8, 0x4f, 0xff, 0x70, 0x0, 0x4, 0xff,
    0xf8, 0x0, 0x0, 0x3f, 0xff, 0x80,

    /* U+006E "n" */
    0x4f, 0xff, 0x44, 0xae, 0xfe, 0xa3, 0x0, 0x4f,
    0xff, 0xcf, 0xff, 0xff, 0xff, 0x70, 0x4f, 0xff,
    0xff, 0xff, 0xff, 0xff, 0xf3, 0x4f, 0xff, 0xfb,
    0x30, 0x3c, 0xff, 0xf9, 0x4f, 0xff, 0xe0, 0x0,
    0x2, 0xff, 0xfc, 0x4f, 0xff, 0x90, 0x0, 0x0,
    0xef, 0xfe, 0x4f, 0xff, 0x70, 0x0, 0x0, 0xdf,
    0xfe, 0x4f, 0xff, 0x70, 0x0, 0x0, 0xdf, 0xfe,
    0x4f, 0xff, 0x70, 0x0, 0x0, 0xdf, 0xfe, 0x4f,
    0xff, 0x70, 0x0, 0x0, 0xdf, 0xfe, 0x4f, 0xff,
    0x70, 0x0, 0x0, 0xdf, 0xfe, 0x4f, 0xff, 0x70,
    0x0, 0x0, 0xdf, 0xfe, 0x4f, 0xff, 0x70, 0x0,
    0x0, 0xdf, 0xfe,

    /* U+006F "o" */
    0x0, 0x0, 0x4a, 0xdf, 0xed, 0x82, 0x0, 0x0,
    0x1, 0xaf, 0xff, 0xff, 0xff, 0xf7, 0x0, 0x0,
    0xcf, 0xff, 0xff, 0xff, 0xff, 0xf8, 0x0, 0x7f,
    0xff, 0xe5, 0x12, 0x7f, 0xff, 0xf3, 0xe, 0xff,
    0xf2, 0x0, 0x0, 0x6f, 0xff, 0x91, 0xff, 0xfb,
    0x0, 0x0, 0x0, 0xff, 0xfd, 0x3f, 0xff, 0x90,
    0x0, 0x0, 0xd, 0xff, 0xe1, 0xff, 0xfb, 0x0,
    0x0, 0x0, 0xff, 0xfd, 0xe, 0xff, 0xf2, 0x0,
    0x0, 0x6f, 0xff, 0x90, 0x7f, 0xff, 0xe5, 0x12,
    0x7f, 0xff, 0xf3, 0x0, 0xcf, 0xff, 0xff, 0xff,
    0xff, 0xf8, 0x0, 0x1, 0xaf, 0xff, 0xff, 0xff,
    0xf7, 0x0, 0x0, 0x0, 0x4a, 0xdf, 0xed, 0x82,
    0x0, 0x0,

    /* U+0070 "p" */
    0x4f, 0xff, 0x45, 0xbe, 0xfd, 0xa3, 0x0, 0x4,
    0xff, 0xfd, 0xff, 0xff, 0xff, 0xf8, 0x0, 0x4f,
    0xff, 0xff, 0xfe, 0xff, 0xff, 0xf7, 0x4, 0xff,
    0xff, 0xb1, 0x0, 0x6f, 0xff, 0xf1, 0x4f, 0xff,
    0xd0, 0x0, 0x0, 0x7f, 0xff, 0x74, 0xff, 0xf8,
    0x0, 0x0, 0x1, 0xff, 0xfa, 0x4f, 0xff, 0x70,
    0x0, 0x0, 0xf, 0xff, 0xc4, 0xff, 0xf9, 0x0,
    0x0, 0x2, 0xff, 0xfa, 0x4f, 0xff, 0xe1, 0x0,
    0x0, 0x9f, 0xff, 0x84, 0xff, 0xff, 0xd4, 0x12,
    0x9f, 0xff, 0xf2, 0x4f, 0xff, 0xff, 0xff, 0xff,
    0xff, 0xf8, 0x4, 0xff, 0xfd, 0xff, 0xff, 0xff,
    0xf9, 0x0, 0x4f, 0xff, 0x73, 0xae, 0xfd, 0xa3,
    0x0, 0x4, 0xff, 0xf7, 0x0, 0x0, 0x0, 0x0,
    0x0, 0x4f, 0xff, 0x70, 0x0, 0x0, 0x0, 0x0,
    0x4, 0xff, 0xf7, 0x0, 0x0, 0x0, 0x0, 0x0,
    0x4f, 0xff, 0x70, 0x0, 0x0, 0x0, 0x0, 0x4,
    0xff, 0xf7, 0x0, 0x0, 0x0, 0x0, 0x0,

    /* U+0071 "q" */
    0x0, 0x0, 0x6c, 0xef, 0xd8, 0x1c, 0xff, 0xd0,
    0x2, 0xdf, 0xff, 0xff, 0xfe, 0xdf, 0xfd, 0x1,
    0xdf, 0xff, 0xff, 0xff, 0xff, 0xff, 0xd0, 0x8f,
    0xff, 0xe5, 0x12, 0x8f, 0xff, 0xfd, 0xe, 0xff,
    0xf2, 0x0, 0x0, 0x6f, 0xff, 0xd1, 0xff, 0xfb,
    0x0, 0x0, 0x0, 0xff, 0xfd, 0x3f, 0xff, 0x90,
    0x0, 0x0, 0xd, 0xff, 0xd1, 0xff, 0xfb, 0x0,
    0x0, 0x0, 0xff, 0xfd, 0xe, 0xff, 0xf2, 0x0,
    0x0, 0x6f, 0xff, 0xd0, 0x9f, 0xff, 0xe5, 0x12,
    0x8f, 0xff, 0xfd, 0x1, 0xef, 0xff, 0xff, 0xff,
    0xff, 0xff, 0xd0, 0x2, 0xdf, 0xff, 0xff, 0xfd,
    0xff, 0xfd, 0x0, 0x0, 0x6c, 0xef, 0xd8, 0x1e,
    0xff, 0xd0, 0x0, 0x0, 0x0, 0x0, 0x0, 0xef,
    0xfd, 0x0, 0x0, 0x0, 0x0, 0x0, 0xe, 0xff,
    0xd0, 0x0, 0x0, 0x0, 0x0, 0x0, 0xef, 0xfd,
    0x0, 0x0, 0x0, 0x0, 0x0, 0xe, 0xff, 0xd0,
    0x0, 0x0, 0x0, 0x0, 0x0, 0xef, 0xfd,

    /* U+0072 "r" */
    0x4f, 0xff, 0x44, 0xae, 0xb4, 0xff, 0xfc, 0xff,
    0xfc, 0x4f, 0xff, 0xff, 0xff, 0xc4, 0xff, 0xff,
    0xf7, 0x42, 0x4f, 0xff, 0xf2, 0x0, 0x4, 0xff,
    0xfa, 0x0, 0x0, 0x4f, 0xff, 0x80, 0x0, 0x4,
    0xff, 0xf7, 0x0, 0x0, 0x4f, 0xff, 0x70, 0x0,
    0x4, 0xff, 0xf7, 0x0, 0x0, 0x4f, 0xff, 0x70,
    0x0, 0x4, 0xff, 0xf7, 0x0, 0x0, 0x4f, 0xff,
    0x70, 0x0, 0x0,

    /* U+0073 "s" */
    0x0, 0x6, 0xbe, 0xff, 0xda, 0x60, 0x0, 0x2d,
    0xff, 0xff, 0xff, 0xff, 0x80, 0xc, 0xff, 0xff,
    0xde, 0xff, 0xf1, 0x1, 0xff, 0xfa, 0x0, 0x0,
    0x46, 0x0, 0x2f, 0xff, 0xa0, 0x0, 0x0, 0x0,
    0x0, 0xef, 0xff, 0xfd, 0xa7, 0x30, 0x0, 0x3,
    0xef, 0xff, 0xff, 0xff, 0xc2, 0x0, 0x0, 0x59,
    0xcf, 0xff, 0xff, 0xc0, 0x0, 0x0, 0x0, 0x2,
    0xbf, 0xff, 0x10, 0x7a, 0x40, 0x0, 0xa, 0xff,
    0xf1, 0xe, 0xff, 0xfd, 0xdf, 0xff, 0xfc, 0x4,
    0xff, 0xff, 0xff, 0xff, 0xfd, 0x20, 0x2, 0x7b,
    0xef, 0xfe, 0xb6, 0x0, 0x0,

    /* U+0074 "t" */
    0x0, 0xdf, 0xfe, 0x0, 0x0, 0x0, 0xd, 0xff,
    0xe0, 0x0, 0x0, 0x0, 0xdf, 0xfe, 0x0, 0x0,
    0xd, 0xff, 0xff, 0xff, 0xff, 0x20, 0xdf, 0xff,
    0xff, 0xff, 0xf2, 0xa, 0xdf, 0xff, 0xfd, 0xdd,
    0x10, 0x0, 0xdf, 0xfe, 0x0, 0x0, 0x0, 0xd,
    0xff, 0xe0, 0x0, 0x0, 0x0, 0xdf, 0xfe, 0x0,
    0x0, 0x0, 0xd, 0xff, 0xe0, 0x0, 0x0, 0x0,
    0xdf, 0xfe, 0x0, 0x0, 0x0, 0xc, 0xff, 0xf0,
    0x0, 0x0, 0x0, 0xbf, 0xff, 0x50, 0x20, 0x0,
    0x6, 0xff, 0xff, 0xff, 0x60, 0x0, 0xc, 0xff,
    0xff, 0xfc, 0x0, 0x0, 0x7, 0xdf, 0xfc, 0x60,

    /* U+0075 "u" */
    0x5f, 0xff, 0x60, 0x0, 0x0, 0xff, 0xfb, 0x5f,
    0xff, 0x60, 0x0, 0x0, 0xff, 0xfb, 0x5f, 0xff,
    0x60, 0x0, 0x0, 0xff, 0xfb, 0x5f, 0xff, 0x60,
    0x0, 0x0, 0xff, 0xfb, 0x5f, 0xff, 0x60, 0x0,
    0x0, 0xff, 0xfb, 0x5f, 0xff, 0x60, 0x0, 0x0,
    0xff, 0xfb, 0x5f, 0xff, 0x60, 0x0, 0x0, 0xff,
    0xfb, 0x5f, 0xff, 0x80, 0x0, 0x2, 0xff, 0xfb,
    0x3f, 0xff, 0xc0, 0x0, 0x9, 0xff, 0xfb, 0xf,
    0xff, 0xfa, 0x44, 0x9f, 0xff, 0xfb, 0x9, 0xff,
    0xff, 0xff, 0xff, 0xff, 0xfb, 0x0, 0xcf, 0xff,
    0xff, 0xfd, 0xef, 0xfb, 0x0, 0x7, 0xce, 0xfd,
    0x70, 0xdf, 0xfb,

    /* U+0076 "v" */
    0xf, 0xff, 0xd0, 0x0, 0x0, 0x4, 0xff, 0xf5,
    0x9, 0xff, 0xf4, 0x0, 0x0, 0xb, 0xff, 0xe0,
    0x2, 0xff, 0xfa, 0x0, 0x0, 0x1f, 0xff, 0x70,
    0x0, 0xbf, 0xff, 0x10, 0x0, 0x8f, 0xff, 0x10,
    0x0, 0x5f, 0xff, 0x70, 0x0, 0xef, 0xfa, 0x0,
    0x0, 0xe, 0xff, 0xe0, 0x5, 0xff, 0xf3, 0x0,
    0x0, 0x7, 0xff, 0xf4, 0xc, 0xff, 0xd0, 0x0,
    0x0, 0x1, 0xff, 0xfb, 0x3f, 0xff, 0x60, 0x0,
    0x0, 0x0, 0xaf, 0xff, 0xbf, 0xfe, 0x0, 0x0,
    0x0, 0x0, 0x3f, 0xff, 0xff, 0xf8, 0x0, 0x0,
    0x0, 0x0, 0xc, 0xff, 0xff, 0xf2, 0x0, 0x0,
    0x0, 0x0, 0x6, 0xff, 0xff, 0xb0, 0x0, 0x0,
    0x0, 0x0, 0x0, 0xef, 0xff, 0x40, 0x0, 0x0,

    /* U+0077 "w" */
    0xcf, 0xfb, 0x0, 0x0, 0x6, 0xff, 0xf1, 0x0,
    0x0, 0xf, 0xff, 0x46, 0xff, 0xf1, 0x0, 0x0,
    0xcf, 0xff, 0x70, 0x0, 0x6, 0xff, 0xe0, 0x1f,
    0xff, 0x60, 0x0, 0x2f, 0xff, 0xfc, 0x0, 0x0,
    0xbf, 0xf9, 0x0, 0xbf, 0xfc, 0x0, 0x7, 0xff,
    0xff, 0xf2, 0x0, 0x1f, 0xff, 0x30, 0x5, 0xff,
    0xf1, 0x0, 0xdf, 0xff, 0xff, 0x80, 0x7, 0xff,
    0xd0, 0x0, 0xf, 0xff, 0x70, 0x3f, 0xff, 0x9f,
    0xfd, 0x0, 0xcf, 0xf7, 0x0, 0x0, 0xaf, 0xfc,
    0x9, 0xff, 0xb2, 0xff, 0xf3, 0x2f, 0xff, 0x20,
    0x0, 0x4, 0xff, 0xf2, 0xef, 0xf5, 0xc, 0xff,
    0x88, 0xff, 0xc0, 0x0, 0x0, 0xe, 0xff, 0xcf,
    0xfe, 0x0, 0x7f, 0xfe, 0xef, 0xf6, 0x0, 0x0,
    0x0, 0x9f, 0xff, 0xff, 0x90, 0x1, 0xff, 0xff,
    0xff, 0x10, 0x0, 0x0, 0x3, 0xff, 0xff, 0xf3,
    0x0, 0xb, 0xff, 0xff, 0xa0, 0x0, 0x0, 0x0,
    0xd, 0xff, 0xfd, 0x0, 0x0, 0x6f, 0xff, 0xf5,
    0x0, 0x0, 0x0, 0x0, 0x7f, 0xff, 0x70, 0x0,
    0x0, 0xff, 0xfe, 0x0, 0x0, 0x0,

    /* U+0078 "x" */
    0x5f, 0xff, 0xc0, 0x0, 0x5, 0xff, 0xf9, 0x0,
    0x9f, 0xff, 0x80, 0x2, 0xff, 0xfd, 0x0, 0x0,
    0xdf, 0xff, 0x40, 0xcf, 0xff, 0x20, 0x0, 0x2,
    0xff, 0xfe, 0xaf, 0xff, 0x50, 0x0, 0x0, 0x6,
    0xff, 0xff, 0xff, 0x90, 0x0, 0x0, 0x0, 0xa,
    0xff, 0xff, 0xc0, 0x0, 0x0, 0x0, 0x0, 0x2f,
    0xff, 0xf6, 0x0, 0x0, 0x0, 0x0, 0xb, 0xff,
    0xff, 0xe1, 0x0, 0x0, 0x0, 0x7, 0xff, 0xff,
    0xff, 0xc0, 0x0, 0x0, 0x4, 0xff, 0xfb, 0x8f,
    0xff, 0x80, 0x0, 0x1, 0xef, 0xfe, 0x10, 0xdf,
    0xff, 0x40, 0x0, 0xcf, 0xff, 0x40, 0x2, 0xff,
    0xfe, 0x10, 0x8f, 0xff, 0x80, 0x0, 0x6, 0xff,
    0xfc, 0x0,

    /* U+0079 "y" */
    0xe, 0xff, 0xd0, 0x0, 0x0, 0x4, 0xff, 0xf5,
    0x8, 0xff, 0xf4, 0x0, 0x0, 0xa, 0xff, 0xe0,
    0x2, 0xff, 0xfb, 0x0, 0x0, 0x1f, 0xff, 0x70,
    0x0, 0xbf, 0xff, 0x10, 0x0, 0x7f, 0xff, 0x10,
    0x0, 0x4f, 0xff, 0x80, 0x0, 0xef, 0xfa, 0x0,
    0x0, 0xd, 0xff, 0xe0, 0x4, 0xff, 0xf3, 0x0,
    0x0, 0x7, 0xff, 0xf5, 0xb, 0xff, 0xd0, 0x0,
    0x0, 0x1, 0xff, 0xfb, 0x2f, 0xff, 0x60, 0x0,
    0x0, 0x0, 0x9f, 0xff, 0xaf, 0xfe, 0x0, 0x0,
    0x0, 0x0, 0x2f, 0xff, 0xff, 0xf8, 0x0, 0x0,
    0x0, 0x0, 0xc, 0xff, 0xff, 0xf2, 0x0, 0x0,
    0x0, 0x0, 0x5, 0xff, 0xff, 0xb0, 0x0, 0x0,
    0x0, 0x0, 0x0, 0xef, 0xff, 0x40, 0x0, 0x0,
    0x0, 0x0, 0x0, 0xbf, 0xfd, 0x0, 0x0, 0x0,
    0x1, 0x92, 0x7, 0xff, 0xf6, 0x0, 0x0, 0x0,
    0x8, 0xff, 0xff, 0xff, 0xd0, 0x0, 0x0, 0x0,
    0x1f, 0xff, 0xff, 0xfe, 0x20, 0x0, 0x0, 0x0,
    0x4, 0xbe, 0xfe, 0x91, 0x0, 0x0, 0x0, 0x0,

    /* U+007A "z" */
    0xf, 0xff, 0xff, 0xff, 0xff, 0xff, 0x20, 0xff,
    0xff, 0xff, 0xff, 0xff, 0xf2, 0xd, 0xdd, 0xdd,
    0xdf, 0xff, 0xfd, 0x0, 0x0, 0x0, 0x2, 0xff,
    0xfe, 0x20, 0x0, 0x0, 0x1, 0xdf, 0xff, 0x40,
    0x0, 0x0, 0x0, 0xcf, 0xff, 0x60, 0x0, 0x0,
    0x0, 0x9f, 0xff, 0x90, 0x0, 0x0, 0x0, 0x7f,
    0xff, 0xb0, 0x0, 0x0, 0x0, 0x4f, 0xff, 0xd1,
    0x0, 0x0, 0x0, 0x2f, 0xff, 0xf2, 0x0, 0x0,
    0x0, 0xd, 0xff, 0xff, 0xdd, 0xdd, 0xdd, 0x42,
    0xff, 0xff, 0xff, 0xff, 0xff, 0xf5, 0x2f, 0xff,
    0xff, 0xff, 0xff, 0xff, 0x50,

    /* U+007B "{" */
    0x0, 0x2, 0xae, 0xff, 0x0, 0x2, 0xff, 0xff,
    0xf0, 0x0, 0xaf, 0xff, 0xfe, 0x0, 0xd, 0xff,
    0xf3, 0x0, 0x0, 0xef, 0xfd, 0x0, 0x0, 0xe,
    0xff, 0xd0, 0x0, 0x0, 0xef, 0xfd, 0x0, 0x0,
    0xe, 0xff, 0xd0, 0x0, 0x1, 0xff, 0xfc, 0x0,
    0xa, 0xff, 0xff, 0x80, 0x0, 0xcf, 0xff, 0xc0,
    0x0, 0xc, 0xff, 0xff, 0x70, 0x0, 0x2, 0xff,
    0xfc, 0x0, 0x0, 0xe, 0xff, 0xd0, 0x0, 0x0,
    0xef, 0xfd, 0x0, 0x0, 0xe, 0xff, 0xd0, 0x0,
    0x0, 0xef, 0xfd, 0x0, 0x0, 0xe, 0xff, 0xe0,
    0x0, 0x0, 0xdf, 0xff, 0x40, 0x0, 0x9, 0xff,
    0xff, 0xe0, 0x0, 0x1e, 0xff, 0xff, 0x0, 0x0,
    0x1a, 0xef, 0xf0,

    /* U+007C "|" */
    0x4, 0x44, 0x10, 0xff, 0xf6, 0xf, 0xff, 0x60,
    0xff, 0xf6, 0xf, 0xff, 0x60, 0xff, 0xf6, 0xf,
    0xff, 0x60, 0xff, 0xf6, 0xf, 0xff, 0x60, 0xff,
    0xf6, 0xf, 0xff, 0x60, 0xff, 0xf6, 0xf, 0xff,
    0x60, 0xff, 0xf6, 0xf, 0xff, 0x60, 0xff, 0xf6,
    0xf, 0xff, 0x60, 0xff, 0xf6, 0xf, 0xff, 0x60,
    0xff, 0xf6, 0xf, 0xff, 0x60, 0xff, 0xf6, 0xf,
    0xff, 0x60,

    /* U+007D "}" */
    0xaf, 0xfc, 0x60, 0x0, 0xa, 0xff, 0xff, 0x80,
    0x0, 0x9f, 0xff, 0xff, 0x10, 0x0, 0x1c, 0xff,
    0xf3, 0x0, 0x0, 0x7f, 0xff, 0x40, 0x0, 0x7,
    0xff, 0xf4, 0x0, 0x0, 0x7f, 0xff, 0x40, 0x0,
    0x7, 0xff, 0xf4, 0x0, 0x0, 0x6f, 0xff, 0x60,
    0x0, 0x2, 0xff, 0xff, 0xe2, 0x0, 0x6, 0xff,
    0xff, 0x20, 0x1, 0xff, 0xff, 0xf2, 0x0, 0x6f,
    0xff, 0x80, 0x0, 0x7, 0xff, 0xf4, 0x0, 0x0,
    0x7f, 0xff, 0x40, 0x0, 0x7, 0xff, 0xf4, 0x0,
    0x0, 0x7f, 0xff, 0x40, 0x0, 0x7, 0xff, 0xf4,
    0x0, 0x1, 0xdf, 0xff, 0x30, 0x9, 0xff, 0xff,
    0xe0, 0x0, 0xaf, 0xff, 0xf6, 0x0, 0xa, 0xff,
    0xc5, 0x0, 0x0,

    /* U+007E "~" */
    0x0, 0x6a, 0x93, 0x0, 0x2, 0xbb, 0x10, 0xbf,
    0xff, 0xfa, 0x10, 0x7f, 0xf1, 0x5f, 0xff, 0xff,
    0xfe, 0xbf, 0xfd, 0xa, 0xfe, 0x21, 0xbf, 0xff,
    0xff, 0x50, 0xcf, 0x90, 0x0, 0x5d, 0xfd, 0x60,
    0x0,

    /* U+00A0 " " */

    /* U+00A1 "¡" */
    0x1b, 0xfb, 0x1a, 0xff, 0xf9, 0xcf, 0xff, 0xb5,
    0xff, 0xf4, 0x1, 0x41, 0x0, 0x0, 0x0, 0xf,
    0xff, 0x1, 0xff, 0xf1, 0x3f, 0xff, 0x24, 0xff,
    0xf3, 0x5f, 0xff, 0x46, 0xff, 0xf5, 0x7f, 0xff,
    0x68, 0xff, 0xf7, 0x9f, 0xff, 0x9a, 0xff, 0xfa,
    0x7b, 0xbb, 0x70,

    /* U+00A2 "¢" */
    0x0, 0x0, 0x0, 0x38, 0x70, 0x0, 0x0, 0x0,
    0x0, 0x0, 0x7f, 0xf0, 0x0, 0x0, 0x0, 0x0,
    0x0, 0x7f, 0xf0, 0x0, 0x0, 0x0, 0x0, 0x17,
    0xdf, 0xfa, 0x60, 0x0, 0x0, 0x7, 0xff, 0xff,
    0xff, 0xfe, 0x40, 0x0, 0x9f, 0xff, 0xff, 0xff,
    0xff, 0xf2, 0x5, 0xff, 0xff, 0xcf, 0xf9, 0xff,
    0xf6, 0xd, 0xff, 0xf4, 0x7f, 0xf0, 0x79, 0x10,
    0x1f, 0xff, 0xc0, 0x7f, 0xf0, 0x0, 0x0, 0x3f,
    0xff, 0x90, 0x7f, 0xf0, 0x0, 0x0, 0x2f, 0xff,
    0xa0, 0x7f, 0xf0, 0x0, 0x0, 0xf, 0xff, 0xe0,
    0x7f, 0xf0, 0x22, 0x0, 0x9, 0xff, 0xfb, 0x8f,
    0xf2, 0xdf, 0x91, 0x1, 0xef, 0xff, 0xff, 0xff,
    0xff, 0xf7, 0x0, 0x3e, 0xff, 0xff, 0xff, 0xff,
    0xb0, 0x0, 0x1, 0x9f, 0xff, 0xff, 0xe7, 0x0,
    0x0, 0x0, 0x0, 0x8f, 0xf2, 0x0, 0x0, 0x0,
    0x0, 0x0, 0x7f, 0xf0, 0x0, 0x0, 0x0, 0x0,
    0x0, 0x7f, 0xf0, 0x0, 0x0,

    /* U+00A3 "£" */
    0x0, 0x0, 0x0, 0x16, 0xbd, 0xff, 0xeb, 0x71,
    0x0, 0x0, 0x5, 0xef, 0xff, 0xff, 0xff, 0xf9,
    0x0, 0x0, 0x5f, 0xff, 0xff, 0xff, 0xff, 0xf3,
    0x0, 0x1, 0xff, 0xff, 0xe8, 0x55, 0x7b, 0xd0,
    0x0, 0x7, 0xff, 0xfd, 0x0, 0x0, 0x0, 0x0,
    0x0, 0xb, 0xff, 0xf4, 0x0, 0x0, 0x0, 0x0,
    0x0, 0xd, 0xff, 0xf1, 0x0, 0x0, 0x0, 0x0,
    0x15, 0x5e, 0xff, 0xf5, 0x55, 0x55, 0x40, 0x0,
    0x4f, 0xff, 0xff, 0xff, 0xff, 0xff, 0xc0, 0x0,
    0x4f, 0xff, 0xff, 0xff, 0xff, 0xff, 0xc0, 0x0,
    0x0, 0xe, 0xff, 0xf0, 0x0, 0x0, 0x0, 0x0,
    0x0, 0xe, 0xff, 0xf0, 0x0, 0x0, 0x0, 0x0,
    0x0, 0xe, 0xff, 0xf0, 0x0, 0x0, 0x0, 0x0,
    0x1, 0x1e, 0xff, 0xf1, 0x11, 0x11, 0x11, 0x10,
    0x4f, 0xff, 0xff, 0xff, 0xff, 0xff, 0xff, 0xf4,
    0x4f, 0xff, 0xff, 0xff, 0xff, 0xff, 0xff, 0xf4,
    0x4f, 0xff, 0xff, 0xff, 0xff, 0xff, 0xff, 0xf4,

    /* U+00A4 "¤" */
    0x0, 0x30, 0x0, 0x0, 0x0, 0x0, 0x1, 0x20,
    0x0, 0x4f, 0xa0, 0x0, 0x0, 0x0, 0x1, 0xde,
    0x20, 0x2f, 0xff, 0xa4, 0xbe, 0xfe, 0xa4, 0xdf,
    0xfd, 0x0, 0x9f, 0xff, 0xff, 0xff, 0xff, 0xff,
    0xff, 0x50, 0x0, 0x9f, 0xff, 0xff, 0xff, 0xff,
    0xff, 0x50, 0x0, 0x4, 0xff, 0xf8, 0x10, 0x2a,
    0xff, 0xf1, 0x0, 0x0, 0xaf, 0xf8, 0x0, 0x0,
    0xb, 0xff, 0x70, 0x0, 0xd, 0xff, 0x20, 0x0,
    0x0, 0x4f, 0xfa, 0x0, 0x0, 0xdf, 0xf1, 0x0,
    0x0, 0x4, 0xff, 0xa0, 0x0, 0xa, 0xff, 0x80,
    0x0, 0x0, 0xbf, 0xf7, 0x0, 0x0, 0x4f, 0xff,
    0x81, 0x2, 0xaf, 0xff, 0x10, 0x0, 0x6, 0xff,
    0xff, 0xff, 0xff, 0xff, 0xf3, 0x0, 0x6, 0xff,
    0xff, 0xff, 0xff, 0xff, 0xff, 0xf3, 0x2, 0xff,
    0xfd, 0x5b, 0xef, 0xea, 0x5e, 0xff, 0xe0, 0x7,
    0xfc, 0x10, 0x0, 0x0, 0x0, 0x2e, 0xf3, 0x0,
    0x5, 0x10, 0x0, 0x0, 0x0, 0x0, 0x24, 0x0,

    /* U+00A5 "¥" */
    0x1e, 0xff, 0xf2, 0x0, 0x0, 0x0, 0x0, 0x3f,
    0xff, 0xb0, 0x6, 0xff, 0xfc, 0x0, 0x0, 0x0,
    0x0, 0xcf, 0xff, 0x10, 0x0, 0xbf, 0xff, 0x60,
    0x0, 0x0, 0x7, 0xff, 0xf6, 0x0, 0x0, 0x2f,
    0xff, 0xf1, 0x0, 0x0, 0x2f, 0xff, 0xc0, 0x0,
    0x0, 0x7, 0xff, 0xfa, 0x0, 0x0, 0xcf, 0xff,
    0x20, 0x0, 0x0, 0x0, 0xdf, 0xff, 0x50, 0x6,
    0xff, 0xf8, 0x0, 0x0, 0x0, 0x0, 0x3f, 0xff,
    0xe0, 0x1f, 0xff, 0xd0, 0x0, 0x0, 0x0, 0x0,
    0x9, 0xff, 0xf9, 0xbf, 0xff, 0x40, 0x0, 0x0,
    0x0, 0x0, 0x0, 0xef, 0xff, 0xff, 0xf9, 0x0,
    0x0, 0x0, 0x0, 0x0, 0x0, 0x4f, 0xff, 0xff,
    0xe1, 0x0, 0x0, 0x0, 0x0, 0x9, 0xff, 0xff,
    0xff, 0xff, 0xff, 0xff, 0x40, 0x0, 0x0, 0x9,
    0xff, 0xff, 0xff, 0xff, 0xff, 0xff, 0x40, 0x0,
    0x0, 0x0, 0x0, 0x1, 0xff, 0xfc, 0x0, 0x0,
    0x0, 0x0, 0x0, 0x9, 0xff, 0xff, 0xff, 0xff,
    0xff, 0xff, 0x40, 0x0, 0x0, 0x9, 0xff, 0xff,
    0xff, 0xff, 0xff, 0xff, 0x40, 0x0, 0x0, 0x0,
    0x0, 0x1, 0xff, 0xfc, 0x0, 0x0, 0x0, 0x0,
    0x0, 0x0, 0x0, 0x1, 0xff, 0xfc, 0x0, 0x0,
    0x0, 0x0,

    /* U+00A6 "¦" */
    0x5, 0x55, 0x20, 0xff, 0xf6, 0xf, 0xff, 0x60,
    0xff, 0xf6, 0xf, 0xff, 0x60, 0xff, 0xf6, 0xf,
    0xff, 0x60, 0xff, 0xf6, 0xf, 0xff, 0x60, 0x0,
    0x0, 0x0, 0x0, 0x0, 0x0, 0x0, 0x0, 0x0,
    0x0, 0x0, 0x0, 0x5, 0x55, 0x20, 0xff, 0xf6,
    0xf, 0xff, 0x60, 0xff, 0xf6, 0xf, 0xff, 0x60,
    0xff, 0xf6, 0xf, 0xff, 0x60, 0xff, 0xf6, 0xf,
    0xff, 0x60,

    /* U+00A7 "§" */
    0x0, 0x3, 0x9d, 0xff, 0xeb, 0x82, 0x0, 0x8,
    0xff, 0xff, 0xff, 0xff, 0xd0, 0x5, 0xff, 0xfe,
    0xcc, 0xef, 0xf7, 0x0, 0xbf, 0xfb, 0x0, 0x0,
    0x18, 0x10, 0xc, 0xff, 0x90, 0x0, 0x0, 0x0,
    0x0, 0x9f, 0xff, 0xb6, 0x30, 0x0, 0x0, 0x2,
    0xff, 0xff, 0xff, 0xe8, 0x10, 0x0, 0x7f, 0xff,
    0xff, 0xff, 0xfe, 0x10, 0x1f, 0xff, 0x82, 0x6b,
    0xff, 0xf9, 0x4, 0xff, 0xf0, 0x0, 0x9, 0xff,
    0xc0, 0x4f, 0xff, 0x50, 0x0, 0x8f, 0xfb, 0x0,
    0xff, 0xff, 0xd9, 0x8f, 0xff, 0x60, 0x4, 0xff,
    0xff, 0xff, 0xff, 0xa0, 0x0, 0x0, 0x6b, 0xff,
    0xff, 0xfc, 0x0, 0x0, 0x0, 0x0, 0x3a, 0xff,
    0xf4, 0x0, 0x10, 0x0, 0x0, 0xf, 0xff, 0x50,
    0xb, 0xd6, 0x20, 0x17, 0xff, 0xf3, 0x2, 0xff,
    0xff, 0xff, 0xff, 0xfb, 0x0, 0x3d, 0xff, 0xff,
    0xff, 0xfb, 0x10, 0x0, 0x2, 0x79, 0xaa, 0x83,
    0x0, 0x0,

    /* U+00A8 "¨" */
    0x3, 0x10, 0x0, 0x31, 0x9, 0xff, 0x20, 0xbf,
    0xe1, 0xdf, 0xf6, 0xf, 0xff, 0x36, 0xfc, 0x10,
    0x8f, 0xb0,

    /* U+00A9 "©" */
    0x0, 0x0, 0x1, 0x7c, 0xef, 0xeb, 0x60, 0x0,
    0x0, 0x0, 0x0, 0x7f, 0xfd, 0xa9, 0xad, 0xfe,
    0x50, 0x0, 0x0, 0x9, 0xfc, 0x30, 0x0, 0x0,
    0x4d, 0xf7, 0x0, 0x0, 0x7f, 0xa0, 0x0, 0x45,
    0x51, 0x0, 0xbf, 0x50, 0x1, 0xfc, 0x0, 0x6e,
    0xff, 0xff, 0x90, 0xe, 0xe0, 0x8, 0xf3, 0x6,
    0xff, 0xff, 0xff, 0xf8, 0x6, 0xf5, 0xd, 0xe0,
    0xf, 0xff, 0x50, 0x2d, 0xa1, 0x0, 0xfa, 0xf,
    0xa0, 0x4f, 0xf9, 0x0, 0x0, 0x0, 0x0, 0xdc,
    0xf, 0x90, 0x6f, 0xf6, 0x0, 0x0, 0x0, 0x0,
    0xcd, 0xf, 0xa0, 0x4f, 0xf9, 0x0, 0x0, 0x0,
    0x0, 0xdc, 0xd, 0xe0, 0xf, 0xff, 0x50, 0x2d,
    0xa1, 0x1, 0xf9, 0x8, 0xf3, 0x6, 0xff, 0xff,
    0xff, 0xf8, 0x6, 0xf4, 0x1, 0xfc, 0x0, 0x6e,
    0xff, 0xff, 0x90, 0x1e, 0xd0, 0x0, 0x7f, 0x90,
    0x0, 0x46, 0x51, 0x1, 0xcf, 0x40, 0x0, 0x9,
    0xfb, 0x20, 0x0, 0x0, 0x5d, 0xf6, 0x0, 0x0,
    0x0, 0x7f, 0xfd, 0xa9, 0xae, 0xfe, 0x40, 0x0,
    0x0, 0x0, 0x1, 0x7c, 0xef, 0xeb, 0x60, 0x0,
    0x0,

    /* U+00AA "ª" */
    0x4, 0xae, 0xfe, 0xa2, 0x0, 0xbf, 0xfe, 0xff,
    0xf2, 0x1, 0x20, 0x14, 0xff, 0x80, 0x5d, 0xff,
    0xff, 0xfa, 0x1f, 0xfa, 0x44, 0xff, 0xa4, 0xff,
    0x20, 0x2f, 0xfa, 0x1f, 0xfd, 0xae, 0xff, 0xa0,
    0x4c, 0xfe, 0x9a, 0xe9,

    /* U+00AB "«" */
    0x0, 0x0, 0x44, 0x42, 0x2, 0x44, 0x40, 0x0,
    0x5, 0xff, 0xe1, 0xd, 0xff, 0x70, 0x0, 0x1e,
    0xff, 0x50, 0xaf, 0xfc, 0x0, 0x0, 0xcf, 0xfa,
    0x5, 0xff, 0xf1, 0x0, 0x8, 0xff, 0xd0, 0x2f,
    0xff, 0x50, 0x0, 0xe, 0xff, 0x80, 0x8f, 0xfe,
    0x0, 0x0, 0x4, 0xff, 0xf2, 0xd, 0xff, 0x80,
    0x0, 0x0, 0x9f, 0xfc, 0x2, 0xff, 0xf4, 0x0,
    0x0, 0xd, 0xff, 0x80, 0x6f, 0xfe, 0x10, 0x0,
    0x2, 0xff, 0xf4, 0xb, 0xff, 0xa0,

    /* U+00AC "¬" */
    0x7e, 0xee, 0xee, 0xee, 0xee, 0xec, 0x8f, 0xff,
    0xff, 0xff, 0xff, 0xfe, 0x8f, 0xff, 0xff, 0xff,
    0xff, 0xfe, 0x0, 0x0, 0x0, 0x0, 0x3f, 0xfe,
    0x0, 0x0, 0x0, 0x0, 0x3f, 0xfe, 0x0, 0x0,
    0x0, 0x0, 0x3f, 0xfe, 0x0, 0x0, 0x0, 0x0,
    0x3f, 0xfe,

    /* U+00AE "®" */
    0x0, 0x0, 0x1, 0x7c, 0xef, 0xeb, 0x60, 0x0,
    0x0, 0x0, 0x0, 0x7f, 0xfd, 0xa9, 0xad, 0xfe,
    0x50, 0x0, 0x0, 0x9, 0xfc, 0x30, 0x0, 0x0,
    0x4d, 0xf7, 0x0, 0x0, 0x7f, 0xa0, 0x0, 0x0,
    0x0, 0x0, 0xbf, 0x50, 0x1, 0xfc, 0x4, 0xff,
    0xff, 0xeb, 0x30, 0xe, 0xe0, 0x8, 0xf3, 0x4,
    0xff, 0xed, 0xff, 0xf4, 0x6, 0xf5, 0xd, 0xe0,
    0x4, 0xff, 0x30, 0x1d, 0xfb, 0x0, 0xfa, 0xf,
    0xa0, 0x4, 0xff, 0x30, 0xa, 0xfd, 0x0, 0xdc,
    0xf, 0x90, 0x4, 0xff, 0x30, 0x3e, 0xfb, 0x0,
    0xcd, 0xf, 0xa0, 0x4, 0xff, 0xff, 0xff, 0xf3,
    0x0, 0xdc, 0xd, 0xe0, 0x4, 0xff, 0xed, 0xff,
    0x50, 0x1, 0xf9, 0x8, 0xf3, 0x4, 0xff, 0x30,
    0xaf, 0xd0, 0x6, 0xf4, 0x1, 0xfc, 0x4, 0xff,
    0x30, 0x1e, 0xf8, 0x1e, 0xd0, 0x0, 0x7f, 0x91,
    0x55, 0x10, 0x2, 0x56, 0xcf, 0x40, 0x0, 0x9,
    0xfb, 0x20, 0x0, 0x0, 0x5d, 0xf6, 0x0, 0x0,
    0x0, 0x7f, 0xfd, 0xa9, 0xae, 0xfe, 0x40, 0x0,
    0x0, 0x0, 0x1, 0x7c, 0xef, 0xeb, 0x60, 0x0,
    0x0,

    /* U+00AF "¯" */
    0x1, 0x11, 0x11, 0x11, 0x10, 0x3f, 0xff, 0xff,
    0xff, 0xfa, 0x3f, 0xff, 0xff, 0xff, 0xfa,

    /* U+00B0 "°" */
    0x0, 0x3b, 0xef, 0xb3, 0x0, 0x4, 0xff, 0xee,
    0xff, 0x40, 0xd, 0xf7, 0x0, 0x8f, 0xd0, 0x2f,
    0xd0, 0x0, 0xd, 0xf2, 0x2f, 0xd0, 0x0, 0xd,
    0xf2, 0xd, 0xf7, 0x0, 0x7f, 0xd0, 0x4, 0xff,
    0xee, 0xff, 0x40, 0x0, 0x3b, 0xff, 0xb3, 0x0,

    /* U+00B1 "±" */
    0x0, 0x0, 0x39, 0x97, 0x0, 0x0, 0x0, 0x0,
    0x5f, 0xfb, 0x0, 0x0, 0x0, 0x0, 0x5f, 0xfb,
    0x0, 0x0, 0x0, 0x0, 0x5f, 0xfb, 0x0, 0x0,
    0x6c, 0xcc, 0xdf, 0xff, 0xcc, 0xcb, 0x8f, 0xff,
    0xff, 0xff, 0xff, 0xfe, 0x8f, 0xff, 0xff, 0xff,
    0xff, 0xfe, 0x0, 0x0, 0x5f, 0xfb, 0x0, 0x0,
    0x0, 0x0, 0x5f, 0xfb, 0x0, 0x0, 0x0, 0x0,
    0x5f, 0xfb, 0x0, 0x0, 0x0, 0x0, 0x5f, 0xfb,
    0x0, 0x0, 0x0, 0x0, 0x0, 0x0, 0x0, 0x0,
    0x0, 0x0, 0x0, 0x0, 0x0, 0x0, 0x7e, 0xee,
    0xee, 0xee, 0xee, 0xed, 0x8f, 0xff, 0xff, 0xff,
    0xff, 0xfe, 0x8f, 0xff, 0xff, 0xff, 0xff, 0xfe,

    /* U+00B2 "²" */
    0x1, 0x9d, 0xfe, 0xc5, 0x0, 0x3f, 0xff, 0xff,
    0xff, 0x70, 0x19, 0xd5, 0x24, 0xef, 0xe0, 0x0,
    0x0, 0x0, 0xcf, 0xe0, 0x0, 0x0, 0x7, 0xff,
    0x70, 0x0, 0x0, 0x9f, 0xf9, 0x0, 0x0, 0xb,
    0xff, 0x80, 0x0, 0x2, 0xdf, 0xf6, 0x0, 0x0,
    0xe, 0xff, 0xff, 0xff, 0xf5, 0xf, 0xff, 0xff,
    0xff, 0xf5,

    /* U+00B3 "³" */
    0x2f, 0xff, 0xff, 0xff, 0xf0, 0x2f, 0xff, 0xff,
    0xff, 0xe0, 0x0, 0x0, 0xb, 0xfe, 0x20, 0x0,
    0x1, 0xcf, 0xe2, 0x0, 0x0, 0x7, 0xff, 0xfc,
    0x40, 0x0, 0x4, 0xab, 0xff, 0xf2, 0x0, 0x0,
    0x0, 0x4f, 0xf7, 0xc, 0x84, 0x22, 0x9f, 0xf6,
    0x5f, 0xff, 0xff, 0xff, 0xc0, 0x6, 0xbe, 0xff,
    0xd7, 0x0,

    /* U+00B4 "´" */
    0x0, 0x7, 0x88, 0x70, 0x0, 0xaf, 0xfd, 0x20,
    0x9, 0xff, 0xb1, 0x0, 0x8f, 0xf8, 0x0, 0x0,

    /* U+00B5 "µ" */
    0x4f, 0xff, 0x70, 0x0, 0x0, 0xef, 0xfd, 0x4f,
    0xff, 0x70, 0x0, 0x0, 0xef, 0xfd, 0x4f, 0xff,
    0x70, 0x0, 0x0, 0xef, 0xfd, 0x4f, 0xff, 0x70,
    0x0, 0x0, 0xef, 0xfd, 0x4f, 0xff, 0x70, 0x0,
    0x0, 0xef, 0xfd, 0x4f, 0xff, 0x70, 0x0, 0x0,
    0xef, 0xfd, 0x4f, 0xff, 0x70, 0x0, 0x0, 0xef,
    0xfd, 0x4f, 0xff, 0x80, 0x0, 0x0, 0xff, 0xfd,
    0x4f, 0xff, 0xc0, 0x0, 0x5, 0xff, 0xfd, 0x4f,
    0xff, 0xf8, 0x11, 0x5f, 0xff, 0xfd, 0x4f, 0xff,
    0xff, 0xff, 0xff, 0xff, 0xfd, 0x4f, 0xff, 0xff,
    0xff, 0xff, 0xdf, 0xfd, 0x4f, 0xff, 0xbc, 0xff,
    0xc4, 0x8f, 0xfd, 0x4f, 0xff, 0x70, 0x0, 0x0,
    0x0, 0x0, 0x4f, 0xff, 0x70, 0x0, 0x0, 0x0,
    0x0, 0x4f, 0xff, 0x70, 0x0, 0x0, 0x0, 0x0,
    0x4f, 0xff, 0x70, 0x0, 0x0, 0x0, 0x0, 0x4f,
    0xff, 0x70, 0x0, 0x0, 0x0, 0x0,

    /* U+00B6 "¶" */
    0x0, 0x3, 0x8a, 0xab, 0xbb, 0xbb, 0xbb, 0x50,
    0x2c, 0xff, 0xff, 0xff, 0xff, 0xff, 0xf7, 0xd,
    0xff, 0xff, 0xff, 0xff, 0xff, 0xff, 0x76, 0xff,
    0xff, 0xff, 0xf8, 0x0, 0x9f, 0xf7, 0x9f, 0xff,
    0xff, 0xff, 0x80, 0x9, 0xff, 0x79, 0xff, 0xff,
    0xff, 0xf8, 0x0, 0x9f, 0xf7, 0x5f, 0xff, 0xff,
    0xff, 0x80, 0x9, 0xff, 0x70, 0xcf, 0xff, 0xff,
    0xf8, 0x0, 0x9f, 0xf7, 0x1, 0xaf, 0xff, 0xff,
    0x80, 0x9, 0xff, 0x70, 0x0, 0x25, 0xbf, 0xf8,
    0x0, 0x9f, 0xf7, 0x0, 0x0, 0x8, 0xff, 0x80,
    0x9, 0xff, 0x70, 0x0, 0x0, 0x8f, 0xf8, 0x0,
    0x9f, 0xf7, 0x0, 0x0, 0x8, 0xff, 0x80, 0x9,
    0xff, 0x70, 0x0, 0x0, 0x8f, 0xf8, 0x0, 0x9f,
    0xf7, 0x0, 0x0, 0x8, 0xff, 0x80, 0x9, 0xff,
    0x70, 0x0, 0x0, 0x8f, 0xf8, 0x0, 0x9f, 0xf7,
    0x0, 0x0, 0x8, 0xff, 0x80, 0x9, 0xff, 0x70,
    0x0, 0x0, 0x8f, 0xf8, 0x0, 0x9f, 0xf7, 0x0,
    0x0, 0x8, 0xff, 0x80, 0x9, 0xff, 0x70, 0x0,
    0x0, 0x8f, 0xf8, 0x0, 0x9f, 0xf7, 0x0, 0x0,
    0x4, 0x88, 0x40, 0x4, 0x88, 0x30,

    /* U+00B7 "·" */
    0x5, 0x97, 0x5, 0xff, 0xf9, 0xaf, 0xff, 0xe8,
    0xff, 0xfc, 0xa, 0xfc, 0x20,

    /* U+00B8 "¸" */
    0x0, 0x78, 0x0, 0x1, 0xff, 0x0, 0x5, 0xff,
    0xf5, 0x0, 0x9, 0xfd, 0x7d, 0xcf, 0xfb, 0x7e,
    0xfe, 0x91,

    /* U+00B9 "¹" */
    0xf, 0xff, 0xfe, 0x0, 0x0, 0xff, 0xff, 0xe0,
    0x0, 0x0, 0xc, 0xfe, 0x0, 0x0, 0x0, 0xcf,
    0xe0, 0x0, 0x0, 0xc, 0xfe, 0x0, 0x0, 0x0,
    0xcf, 0xe0, 0x0, 0x0, 0xc, 0xfe, 0x0, 0x0,
    0x0, 0xcf, 0xe0, 0x0, 0x4f, 0xff, 0xff, 0xff,
    0x14, 0xff, 0xff, 0xff, 0xf1,

    /* U+00BA "º" */
    0x0, 0x4b, 0xef, 0xc6, 0x0, 0x7, 0xff, 0xff,
    0xff, 0xb0, 0x1f, 0xfb, 0x10, 0x8f, 0xf5, 0x5f,
    0xf3, 0x0, 0xf, 0xf9, 0x5f, 0xf3, 0x0, 0xf,
    0xf9, 0x1f, 0xfc, 0x21, 0x9f, 0xf5, 0x7, 0xff,
    0xff, 0xff, 0xa0, 0x0, 0x4b, 0xef, 0xc6, 0x0,

    /* U+00BB "»" */
    0x14, 0x44, 0x0, 0x44, 0x42, 0x0, 0x0, 0xdf,
    0xf8, 0x6, 0xff, 0xe1, 0x0, 0x2, 0xff, 0xf4,
    0xb, 0xff, 0xb0, 0x0, 0x6, 0xff, 0xe1, 0x1e,
    0xff, 0x60, 0x0, 0xb, 0xff, 0xb0, 0x4f, 0xff,
    0x20, 0x0, 0x4f, 0xff, 0x20, 0xdf, 0xf9, 0x0,
    0xd, 0xff, 0x80, 0x7f, 0xfd, 0x0, 0xa, 0xff,
    0xc0, 0x3f, 0xff, 0x30, 0x5, 0xff, 0xe1, 0xd,
    0xff, 0x70, 0x1, 0xef, 0xf5, 0x9, 0xff, 0xb0,
    0x0,

    /* U+00BC "¼" */
    0xf, 0xff, 0xfe, 0x0, 0x0, 0x0, 0x0, 0x7,
    0xff, 0x50, 0x0, 0x0, 0xf, 0xff, 0xfe, 0x0,
    0x0, 0x0, 0x0, 0x2f, 0xfb, 0x0, 0x0, 0x0,
    0x0, 0xc, 0xfe, 0x0, 0x0, 0x0, 0x0, 0xcf,
    0xe1, 0x0, 0x0, 0x0, 0x0, 0xc, 0xfe, 0x0,
    0x0, 0x0, 0x8, 0xff, 0x50, 0x0, 0x0, 0x0,
    0x0, 0xc, 0xfe, 0x0, 0x0, 0x0, 0x3f, 0xfa,
    0x0, 0x0, 0x0, 0x0, 0x0, 0xc, 0xfe, 0x0,
    0x0, 0x0, 0xdf, 0xe1, 0x0, 0x0, 0x0, 0x0,
    0x0, 0xc, 0xfe, 0x0, 0x0, 0x8, 0xff, 0x50,
    0x0, 0x1, 0x10, 0x0, 0x0, 0xc, 0xfe, 0x0,
    0x0, 0x3f, 0xfa, 0x0, 0x0, 0xdf, 0xe1, 0x0,
    0x3f, 0xff, 0xff, 0xff, 0x10, 0xdf, 0xe1, 0x0,
    0x9, 0xff, 0x40, 0x0, 0x4f, 0xff, 0xff, 0xff,
    0x18, 0xff, 0x40, 0x0, 0x4f, 0xf9, 0x0, 0x0,
    0x0, 0x0, 0x0, 0x0, 0x3f, 0xfa, 0x0, 0x1,
    0xef, 0xd0, 0x0, 0x0, 0x0, 0x0, 0x0, 0x0,
    0xdf, 0xe0, 0x0, 0xa, 0xff, 0x33, 0xba, 0x0,
    0x0, 0x0, 0x0, 0x9, 0xff, 0x40, 0x0, 0x6f,
    0xf7, 0x5, 0xff, 0x0, 0x0, 0x0, 0x0, 0x4f,
    0xf9, 0x0, 0x0, 0xef, 0xff, 0xff, 0xff, 0xf9,
    0x0, 0x0, 0x0, 0xef, 0xd0, 0x0, 0x0, 0xff,
    0xff, 0xff, 0xff, 0xf9, 0x0, 0x0, 0x9, 0xff,
    0x40, 0x0, 0x0, 0x0, 0x0, 0x9, 0xff, 0x0,
    0x0, 0x0, 0x4f, 0xf9, 0x0, 0x0, 0x0, 0x0,
    0x0, 0x9, 0xff, 0x0,

    /* U+00BD "½" */
    0xf, 0xff, 0xfe, 0x0, 0x0, 0x0, 0x0, 0x7,
    0xff, 0x50, 0x0, 0x0, 0xf, 0xff, 0xfe, 0x0,
    0x0, 0x0, 0x0, 0x2f, 0xfb, 0x0, 0x0, 0x0,
    0x0, 0xc, 0xfe, 0x0, 0x0, 0x0, 0x0, 0xcf,
    0xe1, 0x0, 0x0, 0x0, 0x0, 0xc, 0xfe, 0x0,
    0x0, 0x0, 0x8, 0xff, 0x50, 0x0, 0x0, 0x0,
    0x0, 0xc, 0xfe, 0x0, 0x0, 0x0, 0x3f, 0xfa,
    0x0, 0x0, 0x0, 0x0, 0x0, 0xc, 0xfe, 0x0,
    0x0, 0x0, 0xdf, 0xe1, 0x0, 0x0, 0x0, 0x0,
    0x0, 0xc, 0xfe, 0x0, 0x0, 0x8, 0xff, 0x50,
    0x0, 0x0, 0x0, 0x0, 0x0, 0xc, 0xfe, 0x0,
    0x0, 0x3f, 0xfa, 0x5, 0xbf, 0xff, 0xb4, 0x0,
    0x3f, 0xff, 0xff, 0xff, 0x10, 0xdf, 0xe1, 0x7f,
    0xff, 0xff, 0xff, 0x40, 0x4f, 0xff, 0xff, 0xff,
    0x18, 0xff, 0x40, 0x18, 0x82, 0x5, 0xff, 0xa0,
    0x0, 0x0, 0x0, 0x0, 0x3f, 0xfa, 0x0, 0x0,
    0x0, 0x1, 0xff, 0x90, 0x0, 0x0, 0x0, 0x0,
    0xdf, 0xe0, 0x0, 0x0, 0x0, 0xb, 0xff, 0x30,
    0x0, 0x0, 0x0, 0x9, 0xff, 0x40, 0x0, 0x0,
    0x1, 0xcf, 0xf5, 0x0, 0x0, 0x0, 0x0, 0x4f,
    0xf9, 0x0, 0x0, 0x0, 0x2e, 0xff, 0x40, 0x0,
    0x0, 0x0, 0x0, 0xef, 0xd0, 0x0, 0x0, 0x4,
    0xff, 0xe3, 0x0, 0x0, 0x0, 0x0, 0x9, 0xff,
    0x40, 0x0, 0x0, 0x3f, 0xff, 0xff, 0xff, 0xf1,
    0x0, 0x0, 0x4f, 0xf9, 0x0, 0x0, 0x0, 0x4f,
    0xff, 0xff, 0xff, 0xf1,

    /* U+00BE "¾" */
    0x2f, 0xff, 0xff, 0xff, 0xf0, 0x0, 0x0, 0x0,
    0x7f, 0xf5, 0x0, 0x0, 0x2, 0xff, 0xff, 0xff,
    0xfe, 0x0, 0x0, 0x0, 0x2f, 0xfb, 0x0, 0x0,
    0x0, 0x0, 0x0, 0xb, 0xfe, 0x20, 0x0, 0x0,
    0xc, 0xfe, 0x10, 0x0, 0x0, 0x0, 0x0, 0xc,
    0xfe, 0x20, 0x0, 0x0, 0x8, 0xff, 0x50, 0x0,
    0x0, 0x0, 0x0, 0x7, 0xff, 0xfc, 0x40, 0x0,
    0x3, 0xff, 0xa0, 0x0, 0x0, 0x0, 0x0, 0x0,
    0x5b, 0xcf, 0xff, 0x20, 0x0, 0xdf, 0xe1, 0x0,
    0x0, 0x0, 0x0, 0x0, 0x0, 0x0, 0x4f, 0xf7,
    0x0, 0x8f, 0xf5, 0x0, 0x1, 0x33, 0x10, 0x0,
    0xb7, 0x20, 0x18, 0xff, 0x60, 0x3f, 0xfa, 0x0,
    0x0, 0xef, 0xd0, 0x0, 0x5f, 0xff, 0xff, 0xff,
    0xd0, 0xd, 0xfe, 0x10, 0x0, 0xaf, 0xf3, 0x0,
    0x0, 0x7c, 0xff, 0xfe, 0x81, 0x8, 0xff, 0x40,
    0x0, 0x5f, 0xf8, 0x0, 0x0, 0x0, 0x0, 0x0,
    0x0, 0x3, 0xff, 0xa0, 0x0, 0x1e, 0xfd, 0x0,
    0x0, 0x0, 0x0, 0x0, 0x0, 0x0, 0xdf, 0xe0,
    0x0, 0xb, 0xff, 0x23, 0xba, 0x0, 0x0, 0x0,
    0x0, 0x0, 0x9f, 0xf4, 0x0, 0x6, 0xff, 0x70,
    0x5f, 0xf0, 0x0, 0x0, 0x0, 0x0, 0x4f, 0xf9,
    0x0, 0x0, 0xef, 0xff, 0xff, 0xff, 0xf9, 0x0,
    0x0, 0x0, 0xe, 0xfd, 0x0, 0x0, 0xf, 0xff,
    0xff, 0xff, 0xff, 0x90, 0x0, 0x0, 0x9, 0xff,
    0x40, 0x0, 0x0, 0x0, 0x0, 0x9, 0xff, 0x0,
    0x0, 0x0, 0x4, 0xff, 0x90, 0x0, 0x0, 0x0,
    0x0, 0x0, 0x9f, 0xf0, 0x0,

    /* U+00BF "¿" */
    0x0, 0x0, 0x5e, 0xe7, 0x0, 0x0, 0x0, 0x0,
    0x1, 0xff, 0xff, 0x30, 0x0, 0x0, 0x0, 0x2,
    0xff, 0xff, 0x50, 0x0, 0x0, 0x0, 0x0, 0xaf,
    0xfc, 0x0, 0x0, 0x0, 0x0, 0x0, 0x3, 0x30,
    0x0, 0x0, 0x0, 0x0, 0x0, 0x0, 0x0, 0x0,
    0x0, 0x0, 0x0, 0x0, 0xcf, 0xfd, 0x0, 0x0,
    0x0, 0x0, 0x5, 0xff, 0xf9, 0x0, 0x0, 0x0,
    0x0, 0x5f, 0xff, 0xe1, 0x0, 0x0, 0x0, 0x6,
    0xff, 0xfe, 0x20, 0x0, 0x0, 0x0, 0x2f, 0xff,
    0xe1, 0x0, 0x0, 0x0, 0x0, 0x9f, 0xff, 0x50,
    0x0, 0x0, 0x0, 0x0, 0xbf, 0xff, 0x40, 0x0,
    0x2, 0xa2, 0x0, 0x9f, 0xff, 0xe5, 0x23, 0x7f,
    0xff, 0x80, 0x4f, 0xff, 0xff, 0xff, 0xff, 0xff,
    0x80, 0x7, 0xff, 0xff, 0xff, 0xff, 0xf7, 0x0,
    0x0, 0x29, 0xdf, 0xfe, 0xc7, 0x20, 0x0,

    /* U+00C0 "À" */
    0x0, 0x0, 0x4, 0x88, 0x82, 0x0, 0x0, 0x0,
    0x0, 0x0, 0x0, 0x0, 0x0, 0x9f, 0xfe, 0x20,
    0x0, 0x0, 0x0, 0x0, 0x0, 0x0, 0x0, 0x6,
    0xff, 0xe1, 0x0, 0x0, 0x0, 0x0, 0x0, 0x0,
    0x0, 0x0, 0x4e, 0xfd, 0x10, 0x0, 0x0, 0x0,
    0x0, 0x0, 0x0, 0x0, 0x0, 0x0, 0x0, 0x0,
    0x0, 0x0, 0x0, 0x0, 0x0, 0x0, 0xef, 0xff,
    0x50, 0x0, 0x0, 0x0, 0x0, 0x0, 0x0, 0x6,
    0xff, 0xff, 0xc0, 0x0, 0x0, 0x0, 0x0, 0x0,
    0x0, 0xd, 0xff, 0xff, 0xf3, 0x0, 0x0, 0x0,
    0x0, 0x0, 0x0, 0x4f, 0xff, 0xff, 0xfa, 0x0,
    0x0, 0x0, 0x0, 0x0, 0x0, 0xbf, 0xfd, 0x8f,
    0xff, 0x10, 0x0, 0x0, 0x0, 0x0, 0x2, 0xff,
    0xf6, 0x1f, 0xff, 0x80, 0x0, 0x0, 0x0, 0x0,
    0x9, 0xff, 0xf0, 0xa, 0xff, 0xe0, 0x0, 0x0,
    0x0, 0x0, 0x1f, 0xff, 0x90, 0x4, 0xff, 0xf6,
    0x0, 0x0, 0x0, 0x0, 0x7f, 0xff, 0x20, 0x0,
    0xdf, 0xfd, 0x0, 0x0, 0x0, 0x0, 0xef, 0xfb,
    0x0, 0x0, 0x6f, 0xff, 0x40, 0x0, 0x0, 0x5,
    0xff, 0xff, 0xff, 0xff, 0xff, 0xff, 0xb0, 0x0,
    0x0, 0xc, 0xff, 0xff, 0xff, 0xff, 0xff, 0xff,
    0xf3, 0x0, 0x0, 0x3f, 0xff, 0xff, 0xff, 0xff,
    0xff, 0xff, 0xfa, 0x0, 0x0, 0xaf, 0xff, 0x10,
    0x0, 0x0, 0x0, 0xcf, 0xff, 0x10, 0x2, 0xff,
    0xfb, 0x0, 0x0, 0x0, 0x0, 0x6f, 0xff, 0x80,
    0x8, 0xff, 0xf5, 0x0, 0x0, 0x0, 0x0, 0xf,
    0xff, 0xe0, 0xf, 0xff, 0xe0, 0x0, 0x0, 0x0,
    0x0, 0xa, 0xff, 0xf6,

    /* U+00C1 "Á" */
    0x0, 0x0, 0x0, 0x0, 0x0, 0x7, 0x88, 0x70,
    0x0, 0x0, 0x0, 0x0, 0x0, 0x0, 0x0, 0xaf,
    0xfd, 0x20, 0x0, 0x0, 0x0, 0x0, 0x0, 0x0,
    0x9, 0xff, 0xb1, 0x0, 0x0, 0x0, 0x0, 0x0,
    0x0, 0x0, 0x8f, 0xf8, 0x0, 0x0, 0x0, 0x0,
    0x0, 0x0, 0x0, 0x0, 0x0, 0x0, 0x0, 0x0,
    0x0, 0x0, 0x0, 0x0, 0x0, 0x0, 0xef, 0xff,
    0x50, 0x0, 0x0, 0x0, 0x0, 0x0, 0x0, 0x6,
    0xff, 0xff, 0xc0, 0x0, 0x0, 0x0, 0x0, 0x0,
    0x0, 0xd, 0xff, 0xff, 0xf3, 0x0, 0x0, 0x0,
    0x0, 0x0, 0x0, 0x4f, 0xff, 0xff, 0xfa, 0x0,
    0x0, 0x0, 0x0, 0x0, 0x0, 0xbf, 0xfd, 0x8f,
    0xff, 0x10, 0x0, 0x0, 0x0, 0x0, 0x2, 0xff,
    0xf6, 0x1f, 0xff, 0x80, 0x0, 0x0, 0x0, 0x0,
    0x9, 0xff, 0xf0, 0xa, 0xff, 0xe0, 0x0, 0x0,
    0x0, 0x0, 0x1f, 0xff, 0x90, 0x4, 0xff, 0xf6,
    0x0, 0x0, 0x0, 0x0, 0x7f, 0xff, 0x20, 0x0,
    0xdf, 0xfd, 0x0, 0x0, 0x0, 0x0, 0xef, 0xfb,
    0x0, 0x0, 0x6f, 0xff, 0x40, 0x0, 0x0, 0x5,
    0xff, 0xff, 0xff, 0xff, 0xff, 0xff, 0xb0, 0x0,
    0x0, 0xc, 0xff, 0xff, 0xff, 0xff, 0xff, 0xff,
    0xf3, 0x0, 0x0, 0x3f, 0xff, 0xff, 0xff, 0xff,
    0xff, 0xff, 0xfa, 0x0, 0x0, 0xaf, 0xff, 0x10,
    0x0, 0x0, 0x0, 0xcf, 0xff, 0x10, 0x2, 0xff,
    0xfb, 0x0, 0x0, 0x0, 0x0, 0x6f, 0xff, 0x80,
    0x8, 0xff, 0xf5, 0x0, 0x0, 0x0, 0x0, 0xf,
    0xff, 0xe0, 0xf, 0xff, 0xe0, 0x0, 0x0, 0x0,
    0x0, 0xa, 0xff, 0xf6,

    /* U+00C2 "Â" */
    0x0, 0x0, 0x0, 0x0, 0x58, 0x87, 0x0, 0x0,
    0x0, 0x0, 0x0, 0x0, 0x0, 0x6, 0xff, 0xff,
    0xb0, 0x0, 0x0, 0x0, 0x0, 0x0, 0x0, 0x4f,
    0xfb, 0x7f, 0xfa, 0x0, 0x0, 0x0, 0x0, 0x0,
    0x3, 0xff, 0xa0, 0x5, 0xff, 0x80, 0x0, 0x0,
    0x0, 0x0, 0x0, 0x0, 0x0, 0x0, 0x0, 0x0,
    0x0, 0x0, 0x0, 0x0, 0x0, 0x0, 0xef, 0xff,
    0x50, 0x0, 0x0, 0x0, 0x0, 0x0, 0x0, 0x6,
    0xff, 0xff, 0xc0, 0x0, 0x0, 0x0, 0x0, 0x0,
    0x0, 0xd, 0xff, 0xff, 0xf3, 0x0, 0x0, 0x0,
    0x0, 0x0, 0x0, 0x4f, 0xff, 0xff, 0xfa, 0x0,
    0x0, 0x0, 0x0, 0x0, 0x0, 0xbf, 0xfd, 0x8f,
    0xff, 0x10, 0x0, 0x0, 0x0, 0x0, 0x2, 0xff,
    0xf6, 0x1f, 0xff, 0x80, 0x0, 0x0, 0x0, 0x0,
    0x9, 0xff, 0xf0, 0xa, 0xff, 0xe0, 0x0, 0x0,
    0x0, 0x0, 0x1f, 0xff, 0x90, 0x4, 0xff, 0xf6,
    0x0, 0x0, 0x0, 0x0, 0x7f, 0xff, 0x20, 0x0,
    0xdf, 0xfd, 0x0, 0x0, 0x0, 0x0, 0xef, 0xfb,
    0x0, 0x0, 0x6f, 0xff, 0x40, 0x0, 0x0, 0x5,
    0xff, 0xff, 0xff, 0xff, 0xff, 0xff, 0xb0, 0x0,
    0x0, 0xc, 0xff, 0xff, 0xff, 0xff, 0xff, 0xff,
    0xf3, 0x0, 0x0, 0x3f, 0xff, 0xff, 0xff, 0xff,
    0xff, 0xff, 0xfa, 0x0, 0x0, 0xaf, 0xff, 0x10,
    0x0, 0x0, 0x0, 0xcf, 0xff, 0x10, 0x2, 0xff,
    0xfb, 0x0, 0x0, 0x0, 0x0, 0x6f, 0xff, 0x80,
    0x8, 0xff, 0xf5, 0x0, 0x0, 0x0, 0x0, 0xf,
    0xff, 0xe0, 0xf, 0xff, 0xe0, 0x0, 0x0, 0x0,
    0x0, 0xa, 0xff, 0xf6,

    /* U+00C3 "Ã" */
    0x0, 0x0, 0x0, 0x3d, 0xfa, 0x0, 0x1f, 0xe0,
    0x0, 0x0, 0x0, 0x0, 0x0, 0xef, 0xff, 0xd2,
    0x7f, 0xc0, 0x0, 0x0, 0x0, 0x0, 0x6, 0xfd,
    0x4b, 0xff, 0xff, 0x60, 0x0, 0x0, 0x0, 0x0,
    0x8, 0xf7, 0x0, 0x9f, 0xfb, 0x0, 0x0, 0x0,
    0x0, 0x0, 0x1, 0x31, 0x0, 0x1, 0x20, 0x0,
    0x0, 0x0, 0x0, 0x0, 0x0, 0x0, 0xef, 0xff,
    0x50, 0x0, 0x0, 0x0, 0x0, 0x0, 0x0, 0x6,
    0xff, 0xff, 0xc0, 0x0, 0x0, 0x0, 0x0, 0x0,
    0x0, 0xd, 0xff, 0xff, 0xf3, 0x0, 0x0, 0x0,
    0x0, 0x0, 0x0, 0x4f, 0xff, 0xff, 0xfa, 0x0,
    0x0, 0x0, 0x0, 0x0, 0x0, 0xbf, 0xfd, 0x8f,
    0xff, 0x10, 0x0, 0x0, 0x0, 0x0, 0x2, 0xff,
    0xf6, 0x1f, 0xff, 0x80, 0x0, 0x0, 0x0, 0x0,
    0x9, 0xff, 0xf0, 0xa, 0xff, 0xe0, 0x0, 0x0,
    0x0, 0x0, 0x1f, 0xff, 0x90, 0x4, 0xff, 0xf6,
    0x0, 0x0, 0x0, 0x0, 0x7f, 0xff, 0x20, 0x0,
    0xdf, 0xfd, 0x0, 0x0, 0x0, 0x0, 0xef, 0xfb,
    0x0, 0x0, 0x6f, 0xff, 0x40, 0x0, 0x0, 0x5,
    0xff, 0xff, 0xff, 0xff, 0xff, 0xff, 0xb0, 0x0,
    0x0, 0xc, 0xff, 0xff, 0xff, 0xff, 0xff, 0xff,
    0xf3, 0x0, 0x0, 0x3f, 0xff, 0xff, 0xff, 0xff,
    0xff, 0xff, 0xfa, 0x0, 0x0, 0xaf, 0xff, 0x10,
    0x0, 0x0, 0x0, 0xcf, 0xff, 0x10, 0x2, 0xff,
    0xfb, 0x0, 0x0, 0x0, 0x0, 0x6f, 0xff, 0x80,
    0x8, 0xff, 0xf5, 0x0, 0x0, 0x0, 0x0, 0xf,
    0xff, 0xe0, 0xf, 0xff, 0xe0, 0x0, 0x0, 0x0,
    0x0, 0xa, 0xff, 0xf6,

    /* U+00C4 "Ä" */
    0x0, 0x0, 0x0, 0x3, 0x10, 0x0, 0x31, 0x0,
    0x0, 0x0, 0x0, 0x0, 0x0, 0x9f, 0xf2, 0xc,
    0xfe, 0x10, 0x0, 0x0, 0x0, 0x0, 0x0, 0xdf,
    0xf5, 0xf, 0xff, 0x30, 0x0, 0x0, 0x0, 0x0,
    0x0, 0x6f, 0xc1, 0x8, 0xfb, 0x0, 0x0, 0x0,
    0x0, 0x0, 0x0, 0x0, 0x0, 0x0, 0x0, 0x0,
    0x0, 0x0, 0x0, 0x0, 0x0, 0x0, 0xef, 0xff,
    0x50, 0x0, 0x0, 0x0, 0x0, 0x0, 0x0, 0x6,
    0xff, 0xff, 0xc0, 0x0, 0x0, 0x0, 0x0, 0x0,
    0x0, 0xd, 0xff, 0xff, 0xf3, 0x0, 0x0, 0x0,
    0x0, 0x0, 0x0, 0x4f, 0xff, 0xff, 0xfa, 0x0,
    0x0, 0x0, 0x0, 0x0, 0x0, 0xbf, 0xfd, 0x8f,
    0xff, 0x10, 0x0, 0x0, 0x0, 0x0, 0x2, 0xff,
    0xf6, 0x1f, 0xff, 0x80, 0x0, 0x0, 0x0, 0x0,
    0x9, 0xff, 0xf0, 0xa, 0xff, 0xe0, 0x0, 0x0,
    0x0, 0x0, 0x1f, 0xff, 0x90, 0x4, 0xff, 0xf6,
    0x0, 0x0, 0x0, 0x0, 0x7f, 0xff, 0x20, 0x0,
    0xdf, 0xfd, 0x0, 0x0, 0x0, 0x0, 0xef, 0xfb,
    0x0, 0x0, 0x6f, 0xff, 0x40, 0x0, 0x0, 0x5,
    0xff, 0xff, 0xff, 0xff, 0xff, 0xff, 0xb0, 0x0,
    0x0, 0xc, 0xff, 0xff, 0xff, 0xff, 0xff, 0xff,
    0xf3, 0x0, 0x0, 0x3f, 0xff, 0xff, 0xff, 0xff,
    0xff, 0xff, 0xfa, 0x0, 0x0, 0xaf, 0xff, 0x10,
    0x0, 0x0, 0x0, 0xcf, 0xff, 0x10, 0x2, 0xff,
    0xfb, 0x0, 0x0, 0x0, 0x0, 0x6f, 0xff, 0x80,
    0x8, 0xff, 0xf5, 0x0, 0x0, 0x0, 0x0, 0xf,
    0xff, 0xe0, 0xf, 0xff, 0xe0, 0x0, 0x0, 0x0,
    0x0, 0xa, 0xff, 0xf6,

    /* U+00C5 "Å" */
    0x0, 0x0, 0x0, 0x0, 0x0, 0x10, 0x0, 0x0,
    0x0, 0x0, 0x0, 0x0, 0x0, 0x0, 0x9f, 0xfc,
    0x20, 0x0, 0x0, 0x0, 0x0, 0x0, 0x0, 0x8,
    0xf7, 0x5e, 0xd0, 0x0, 0x0, 0x0, 0x0, 0x0,
    0x0, 0xb, 0xc0, 0x6, 0xf2, 0x0, 0x0, 0x0,
    0x0, 0x0, 0x0, 0x9, 0xf4, 0x2c, 0xe0, 0x0,
    0x0, 0x0, 0x0, 0x0, 0x0, 0x1, 0xcf, 0xff,
    0x40, 0x0, 0x0, 0x0, 0x0, 0x0, 0x0, 0x0,
    0x3, 0x40, 0x0, 0x0, 0x0, 0x0, 0x0, 0x0,
    0x0, 0x0, 0xef, 0xff, 0x50, 0x0, 0x0, 0x0,
    0x0, 0x0, 0x0, 0x6, 0xff, 0xff, 0xc0, 0x0,
    0x0, 0x0, 0x0, 0x0, 0x0, 0xd, 0xff, 0xff,
    0xf3, 0x0, 0x0, 0x0, 0x0, 0x0, 0x0, 0x4f,
    0xff, 0xff, 0xfa, 0x0, 0x0, 0x0, 0x0, 0x0,
    0x0, 0xbf, 0xfd, 0x8f, 0xff, 0x10, 0x0, 0x0,
    0x0, 0x0, 0x2, 0xff, 0xf6, 0x1f, 0xff, 0x80,
    0x0, 0x0, 0x0, 0x0, 0x9, 0xff, 0xf0, 0xa,
    0xff, 0xe0, 0x0, 0x0, 0x0, 0x0, 0x1f, 0xff,
    0x90, 0x4, 0xff, 0xf6, 0x0, 0x0, 0x0, 0x0,
    0x7f, 0xff, 0x20, 0x0, 0xdf, 0xfd, 0x0, 0x0,
    0x0, 0x0, 0xef, 0xfb, 0x0, 0x0, 0x6f, 0xff,
    0x40, 0x0, 0x0, 0x5, 0xff, 0xff, 0xff, 0xff,
    0xff, 0xff, 0xb0, 0x0, 0x0, 0xc, 0xff, 0xff,
    0xff, 0xff, 0xff, 0xff, 0xf3, 0x0, 0x0, 0x3f,
    0xff, 0xff, 0xff, 0xff, 0xff, 0xff, 0xfa, 0x0,
    0x0, 0xaf, 0xff, 0x10, 0x0, 0x0, 0x0, 0xcf,
    0xff, 0x10, 0x2, 0xff, 0xfb, 0x0, 0x0, 0x0,
    0x0, 0x6f, 0xff, 0x80, 0x8, 0xff, 0xf5, 0x0,
    0x0, 0x0, 0x0, 0xf, 0xff, 0xe0, 0xf, 0xff,
    0xe0, 0x0, 0x0, 0x0, 0x0, 0xa, 0xff, 0xf6,

    /* U+00C6 "Æ" */
    0x0, 0x0, 0x0, 0x0, 0x1, 0xff, 0xff, 0xff,
    0xff, 0xff, 0xff, 0xff, 0xf8, 0x0, 0x0, 0x0,
    0x0, 0x9, 0xff, 0xff, 0xff, 0xff, 0xff, 0xff,
    0xff, 0xf8, 0x0, 0x0, 0x0, 0x0, 0x2f, 0xff,
    0xff, 0xff, 0xff, 0xff, 0xff, 0xff, 0xf8, 0x0,
    0x0, 0x0, 0x0, 0xbf, 0xff, 0x5f, 0xff, 0xb1,
    0x11, 0x11, 0x11, 0x10, 0x0, 0x0, 0x0, 0x3,
    0xff, 0xf7, 0x3f, 0xff, 0xa0, 0x0, 0x0, 0x0,
    0x0, 0x0, 0x0, 0x0, 0xc, 0xff, 0xd0, 0x3f,
    0xff, 0xa0, 0x0, 0x0, 0x0, 0x0, 0x0, 0x0,
    0x0, 0x5f, 0xff, 0x50, 0x3f, 0xff, 0xa0, 0x0,
    0x0, 0x0, 0x0, 0x0, 0x0, 0x0, 0xef, 0xfc,
    0x0, 0x3f, 0xff, 0xff, 0xff, 0xff, 0xff, 0x80,
    0x0, 0x0, 0x7, 0xff, 0xf3, 0x0, 0x3f, 0xff,
    0xff, 0xff, 0xff, 0xff, 0x80, 0x0, 0x0, 0x1f,
    0xff, 0xa0, 0x0, 0x3f, 0xff, 0xff, 0xff, 0xff,
    0xff, 0x80, 0x0, 0x0, 0x9f, 0xff, 0xff, 0xff,
    0xff, 0xff, 0xa0, 0x0, 0x0, 0x0, 0x0, 0x0,
    0x2, 0xff, 0xff, 0xff, 0xff, 0xff, 0xff, 0xa0,
    0x0, 0x0, 0x0, 0x0, 0x0, 0xb, 0xff, 0xff,
    0xff, 0xff, 0xff, 0xff, 0xa0, 0x0, 0x0, 0x0,
    0x0, 0x0, 0x4f, 0xff, 0x70, 0x0, 0x0, 0x3f,
    0xff, 0xb1, 0x11, 0x11, 0x11, 0x11, 0x0, 0xdf,
    0xfe, 0x0, 0x0, 0x0, 0x3f, 0xff, 0xff, 0xff,
    0xff, 0xff, 0xfd, 0x6, 0xff, 0xf8, 0x0, 0x0,
    0x0, 0x3f, 0xff, 0xff, 0xff, 0xff, 0xff, 0xfd,
    0xe, 0xff, 0xf1, 0x0, 0x0, 0x0, 0x3f, 0xff,
    0xff, 0xff, 0xff, 0xff, 0xfd,

    /* U+00C7 "Ç" */
    0x0, 0x0, 0x0, 0x5a, 0xdf, 0xfd, 0xb6, 0x0,
    0x0, 0x0, 0x5, 0xef, 0xff, 0xff, 0xff, 0xfe,
    0x50, 0x0, 0x8, 0xff, 0xff, 0xff, 0xff, 0xff,
    0xff, 0x70, 0x6, 0xff, 0xff, 0xe9, 0x55, 0x7c,
    0xff, 0xf6, 0x1, 0xff, 0xff, 0xa0, 0x0, 0x0,
    0x5, 0xf4, 0x0, 0x8f, 0xff, 0xc0, 0x0, 0x0,
    0x0, 0x0, 0x0, 0xc, 0xff, 0xf4, 0x0, 0x0,
    0x0, 0x0, 0x0, 0x0, 0xff, 0xff, 0x0, 0x0,
    0x0, 0x0, 0x0, 0x0, 0xf, 0xff, 0xe0, 0x0,
    0x0, 0x0, 0x0, 0x0, 0x0, 0xff, 0xff, 0x0,
    0x0, 0x0, 0x0, 0x0, 0x0, 0xd, 0xff, 0xf3,
    0x0, 0x0, 0x0, 0x0, 0x0, 0x0, 0x8f, 0xff,
    0xb0, 0x0, 0x0, 0x0, 0x0, 0x0, 0x1, 0xff,
    0xff, 0x90, 0x0, 0x0, 0x4, 0xe4, 0x0, 0x7,
    0xff, 0xff, 0xd7, 0x43, 0x5b, 0xff, 0xf5, 0x0,
    0x9, 0xff, 0xff, 0xff, 0xff, 0xff, 0xff, 0x80,
    0x0, 0x6, 0xef, 0xff, 0xff, 0xff, 0xff, 0x70,
    0x0, 0x0, 0x0, 0x6b, 0xff, 0xfe, 0xd8, 0x10,
    0x0, 0x0, 0x0, 0x0, 0x5, 0xfa, 0x0, 0x0,
    0x0, 0x0, 0x0, 0x0, 0x0, 0x8f, 0xfd, 0x20,
    0x0, 0x0, 0x0, 0x0, 0x0, 0x0, 0xd, 0xf9,
    0x0, 0x0, 0x0, 0x0, 0x0, 0xb, 0xcc, 0xff,
    0x60, 0x0, 0x0, 0x0, 0x0, 0x0, 0xbe, 0xfd,
    0x70, 0x0, 0x0,

    /* U+00C8 "È" */
    0x0, 0x38, 0x88, 0x30, 0x0, 0x0, 0x0, 0x0,
    0x8, 0xff, 0xf3, 0x0, 0x0, 0x0, 0x0, 0x0,
    0x5f, 0xfe, 0x20, 0x0, 0x0, 0x0, 0x0, 0x2,
    0xdf, 0xe2, 0x0, 0x0, 0x0, 0x0, 0x0, 0x0,
    0x0, 0x0, 0x0, 0xf, 0xff, 0xff, 0xff, 0xff,
    0xff, 0xfb, 0xf, 0xff, 0xff, 0xff, 0xff, 0xff,
    0xfb, 0xf, 0xff, 0xff, 0xff, 0xff, 0xff, 0xfb,
    0xf, 0xff, 0xd1, 0x11, 0x11, 0x11, 0x11, 0xf,
    0xff, 0xd0, 0x0, 0x0, 0x0, 0x0, 0xf, 0xff,
    0xd0, 0x0, 0x0, 0x0, 0x0, 0xf, 0xff, 0xd0,
    0x0, 0x0, 0x0, 0x0, 0xf, 0xff, 0xff, 0xff,
    0xff, 0xff, 0xa0, 0xf, 0xff, 0xff, 0xff, 0xff,
    0xff, 0xa0, 0xf, 0xff, 0xff, 0xff, 0xff, 0xff,
    0xa0, 0xf, 0xff, 0xd0, 0x0, 0x0, 0x0, 0x0,
    0xf, 0xff, 0xd0, 0x0, 0x0, 0x0, 0x0, 0xf,
    0xff, 0xd0, 0x0, 0x0, 0x0, 0x0, 0xf, 0xff,
    0xd1, 0x11, 0x11, 0x11, 0x11, 0xf, 0xff, 0xff,
    0xff, 0xff, 0xff, 0xff, 0xf, 0xff, 0xff, 0xff,
    0xff, 0xff, 0xff, 0xf, 0xff, 0xff, 0xff, 0xff,
    0xff, 0xff,

    /* U+00C9 "É" */
    0x0, 0x0, 0x0, 0x0, 0x68, 0x87, 0x10, 0x0,
    0x0, 0x0, 0x8, 0xff, 0xe4, 0x0, 0x0, 0x0,
    0x0, 0x7f, 0xfd, 0x20, 0x0, 0x0, 0x0, 0x6,
    0xff, 0xa0, 0x0, 0x0, 0x0, 0x0, 0x0, 0x0,
    0x0, 0x0, 0x0, 0xf, 0xff, 0xff, 0xff, 0xff,
    0xff, 0xfb, 0xf, 0xff, 0xff, 0xff, 0xff, 0xff,
    0xfb, 0xf, 0xff, 0xff, 0xff, 0xff, 0xff, 0xfb,
    0xf, 0xff, 0xd1, 0x11, 0x11, 0x11, 0x11, 0xf,
    0xff, 0xd0, 0x0, 0x0, 0x0, 0x0, 0xf, 0xff,
    0xd0, 0x0, 0x0, 0x0, 0x0, 0xf, 0xff, 0xd0,
    0x0, 0x0, 0x0, 0x0, 0xf, 0xff, 0xff, 0xff,
    0xff, 0xff, 0xa0, 0xf, 0xff, 0xff, 0xff, 0xff,
    0xff, 0xa0, 0xf, 0xff, 0xff, 0xff, 0xff, 0xff,
    0xa0, 0xf, 0xff, 0xd0, 0x0, 0x0, 0x0, 0x0,
    0xf, 0xff, 0xd0, 0x0, 0x0, 0x0, 0x0, 0xf,
    0xff, 0xd0, 0x0, 0x0, 0x0, 0x0, 0xf, 0xff,
    0xd1, 0x11, 0x11, 0x11, 0x11, 0xf, 0xff, 0xff,
    0xff, 0xff, 0xff, 0xff, 0xf, 0xff, 0xff, 0xff,
    0xff, 0xff, 0xff, 0xf, 0xff, 0xff, 0xff, 0xff,
    0xff, 0xff,

    /* U+00CA "Ê" */
    0x0, 0x0, 0x4, 0x88, 0x71, 0x0, 0x0, 0x0,
    0x0, 0x4f, 0xff, 0xfd, 0x10, 0x0, 0x0, 0x3,
    0xff, 0xd6, 0xff, 0xc0, 0x0, 0x0, 0x2e, 0xfb,
    0x0, 0x3e, 0xfb, 0x0, 0x0, 0x0, 0x0, 0x0,
    0x0, 0x0, 0x0, 0xf, 0xff, 0xff, 0xff, 0xff,
    0xff, 0xfb, 0xf, 0xff, 0xff, 0xff, 0xff, 0xff,
    0xfb, 0xf, 0xff, 0xff, 0xff, 0xff, 0xff, 0xfb,
    0xf, 0xff, 0xd1, 0x11, 0x11, 0x11, 0x11, 0xf,
    0xff, 0xd0, 0x0, 0x0, 0x0, 0x0, 0xf, 0xff,
    0xd0, 0x0, 0x0, 0x0, 0x0, 0xf, 0xff, 0xd0,
    0x0, 0x0, 0x0, 0x0, 0xf, 0xff, 0xff, 0xff,
    0xff, 0xff, 0xa0, 0xf, 0xff, 0xff, 0xff, 0xff,
    0xff, 0xa0, 0xf, 0xff, 0xff, 0xff, 0xff, 0xff,
    0xa0, 0xf, 0xff, 0xd0, 0x0, 0x0, 0x0, 0x0,
    0xf, 0xff, 0xd0, 0x0, 0x0, 0x0, 0x0, 0xf,
    0xff, 0xd0, 0x0, 0x0, 0x0, 0x0, 0xf, 0xff,
    0xd1, 0x11, 0x11, 0x11, 0x11, 0xf, 0xff, 0xff,
    0xff, 0xff, 0xff, 0xff, 0xf, 0xff, 0xff, 0xff,
    0xff, 0xff, 0xff, 0xf, 0xff, 0xff, 0xff, 0xff,
    0xff, 0xff,

    /* U+00CB "Ë" */
    0x0, 0x0, 0x32, 0x0, 0x3, 0x10, 0x0, 0x0,
    0x7, 0xff, 0x40, 0x9f, 0xf2, 0x0, 0x0, 0xb,
    0xff, 0x80, 0xdf, 0xf6, 0x0, 0x0, 0x4, 0xed,
    0x20, 0x6f, 0xc1, 0x0, 0x0, 0x0, 0x0, 0x0,
    0x0, 0x0, 0x0, 0xf, 0xff, 0xff, 0xff, 0xff,
    0xff, 0xfb, 0xf, 0xff, 0xff, 0xff, 0xff, 0xff,
    0xfb, 0xf, 0xff, 0xff, 0xff, 0xff, 0xff, 0xfb,
    0xf, 0xff, 0xd1, 0x11, 0x11, 0x11, 0x11, 0xf,
    0xff, 0xd0, 0x0, 0x0, 0x0, 0x0, 0xf, 0xff,
    0xd0, 0x0, 0x0, 0x0, 0x0, 0xf, 0xff, 0xd0,
    0x0, 0x0, 0x0, 0x0, 0xf, 0xff, 0xff, 0xff,
    0xff, 0xff, 0xa0, 0xf, 0xff, 0xff, 0xff, 0xff,
    0xff, 0xa0, 0xf, 0xff, 0xff, 0xff, 0xff, 0xff,
    0xa0, 0xf, 0xff, 0xd0, 0x0, 0x0, 0x0, 0x0,
    0xf, 0xff, 0xd0, 0x0, 0x0, 0x0, 0x0, 0xf,
    0xff, 0xd0, 0x0, 0x0, 0x0, 0x0, 0xf, 0xff,
    0xd1, 0x11, 0x11, 0x11, 0x11, 0xf, 0xff, 0xff,
    0xff, 0xff, 0xff, 0xff, 0xf, 0xff, 0xff, 0xff,
    0xff, 0xff, 0xff, 0xf, 0xff, 0xff, 0xff, 0xff,
    0xff, 0xff,

    /* U+00CC "Ì" */
    0x6, 0x88, 0x70, 0x0, 0x0, 0x1c, 0xff, 0xc0,
    0x0, 0x0, 0xa, 0xff, 0xb0, 0x0, 0x0, 0x7,
    0xff, 0xa0, 0x0, 0x0, 0x0, 0x0, 0x0, 0x0,
    0xf, 0xff, 0xe0, 0x0, 0x0, 0xff, 0xfe, 0x0,
    0x0, 0xf, 0xff, 0xe0, 0x0, 0x0, 0xff, 0xfe,
    0x0, 0x0, 0xf, 0xff, 0xe0, 0x0, 0x0, 0xff,
    0xfe, 0x0, 0x0, 0xf, 0xff, 0xe0, 0x0, 0x0,
    0xff, 0xfe, 0x0, 0x0, 0xf, 0xff, 0xe0, 0x0,
    0x0, 0xff, 0xfe, 0x0, 0x0, 0xf, 0xff, 0xe0,
    0x0, 0x0, 0xff, 0xfe, 0x0, 0x0, 0xf, 0xff,
    0xe0, 0x0, 0x0, 0xff, 0xfe, 0x0, 0x0, 0xf,
    0xff, 0xe0, 0x0, 0x0, 0xff, 0xfe, 0x0, 0x0,
    0xf, 0xff, 0xe0,

    /* U+00CD "Í" */
    0x0, 0x1, 0x88, 0x85, 0x0, 0x1, 0xdf, 0xfb,
    0x10, 0x0, 0xcf, 0xf8, 0x0, 0x0, 0xcf, 0xf5,
    0x0, 0x0, 0x0, 0x0, 0x0, 0x0, 0x0, 0xff,
    0xfe, 0x0, 0x0, 0xf, 0xff, 0xe0, 0x0, 0x0,
    0xff, 0xfe, 0x0, 0x0, 0xf, 0xff, 0xe0, 0x0,
    0x0, 0xff, 0xfe, 0x0, 0x0, 0xf, 0xff, 0xe0,
    0x0, 0x0, 0xff, 0xfe, 0x0, 0x0, 0xf, 0xff,
    0xe0, 0x0, 0x0, 0xff, 0xfe, 0x0, 0x0, 0xf,
    0xff, 0xe0, 0x0, 0x0, 0xff, 0xfe, 0x0, 0x0,
    0xf, 0xff, 0xe0, 0x0, 0x0, 0xff, 0xfe, 0x0,
    0x0, 0xf, 0xff, 0xe0, 0x0, 0x0, 0xff, 0xfe,
    0x0, 0x0, 0xf, 0xff, 0xe0, 0x0, 0x0, 0xff,
    0xfe, 0x0, 0x0,

    /* U+00CE "Î" */
    0x0, 0x7, 0x88, 0x60, 0x0, 0x0, 0x9f, 0xff,
    0xf7, 0x0, 0x8, 0xff, 0x8a, 0xff, 0x60, 0x6f,
    0xf6, 0x0, 0x8f, 0xf5, 0x0, 0x0, 0x0, 0x0,
    0x0, 0x0, 0xf, 0xff, 0xe0, 0x0, 0x0, 0xf,
    0xff, 0xe0, 0x0, 0x0, 0xf, 0xff, 0xe0, 0x0,
    0x0, 0xf, 0xff, 0xe0, 0x0, 0x0, 0xf, 0xff,
    0xe0, 0x0, 0x0, 0xf, 0xff, 0xe0, 0x0, 0x0,
    0xf, 0xff, 0xe0, 0x0, 0x0, 0xf, 0xff, 0xe0,
    0x0, 0x0, 0xf, 0xff, 0xe0, 0x0, 0x0, 0xf,
    0xff, 0xe0, 0x0, 0x0, 0xf, 0xff, 0xe0, 0x0,
    0x0, 0xf, 0xff, 0xe0, 0x0, 0x0, 0xf, 0xff,
    0xe0, 0x0, 0x0, 0xf, 0xff, 0xe0, 0x0, 0x0,
    0xf, 0xff, 0xe0, 0x0, 0x0, 0xf, 0xff, 0xe0,
    0x0, 0x0, 0xf, 0xff, 0xe0, 0x0,

    /* U+00CF "Ï" */
    0x0, 0x30, 0x0, 0x13, 0x0, 0xd, 0xfd, 0x1,
    0xef, 0xb0, 0x1f, 0xff, 0x14, 0xff, 0xf0, 0x9,
    0xf9, 0x0, 0xbf, 0x80, 0x0, 0x0, 0x0, 0x0,
    0x0, 0x0, 0xf, 0xff, 0xe0, 0x0, 0x0, 0xf,
    0xff, 0xe0, 0x0, 0x0, 0xf, 0xff, 0xe0, 0x0,
    0x0, 0xf, 0xff, 0xe0, 0x0, 0x0, 0xf, 0xff,
    0xe0, 0x0, 0x0, 0xf, 0xff, 0xe0, 0x0, 0x0,
    0xf, 0xff, 0xe0, 0x0, 0x0, 0xf, 0xff, 0xe0,
    0x0, 0x0, 0xf, 0xff, 0xe0, 0x0, 0x0, 0xf,
    0xff, 0xe0, 0x0, 0x0, 0xf, 0xff, 0xe0, 0x0,
    0x0, 0xf, 0xff, 0xe0, 0x0, 0x0, 0xf, 0xff,
    0xe0, 0x0, 0x0, 0xf, 0xff, 0xe0, 0x0, 0x0,
    0xf, 0xff, 0xe0, 0x0, 0x0, 0xf, 0xff, 0xe0,
    0x0, 0x0, 0xf, 0xff, 0xe0, 0x0,

    /* U+00D0 "Ð" */
    0x0, 0xbf, 0xff, 0xff, 0xff, 0xfe, 0xb7, 0x10,
    0x0, 0x0, 0x0, 0xbf, 0xff, 0xff, 0xff, 0xff,
    0xff, 0xf6, 0x0, 0x0, 0x0, 0xbf, 0xff, 0xff,
    0xff, 0xff, 0xff, 0xff, 0xb0, 0x0, 0x0, 0xbf,
    0xff, 0x52, 0x22, 0x36, 0xcf, 0xff, 0xf9, 0x0,
    0x0, 0xbf, 0xff, 0x30, 0x0, 0x0, 0x7, 0xff,
    0xff, 0x40, 0x0, 0xbf, 0xff, 0x30, 0x0, 0x0,
    0x0, 0x9f, 0xff, 0xb0, 0x0, 0xbf, 0xff, 0x30,
    0x0, 0x0, 0x0, 0x1f, 0xff, 0xf0, 0xff, 0xff,
    0xff, 0xff, 0xff, 0x60, 0x0, 0xd, 0xff, 0xf2,
    0xff, 0xff, 0xff, 0xff, 0xff, 0x60, 0x0, 0xc,
    0xff, 0xf3, 0x89, 0xdf, 0xff, 0xa9, 0x99, 0x30,
    0x0, 0xd, 0xff, 0xf2, 0x0, 0xbf, 0xff, 0x30,
    0x0, 0x0, 0x0, 0x1f, 0xff, 0xf0, 0x0, 0xbf,
    0xff, 0x30, 0x0, 0x0, 0x0, 0x9f, 0xff, 0xb0,
    0x0, 0xbf, 0xff, 0x30, 0x0, 0x0, 0x7, 0xff,
    0xff, 0x40, 0x0, 0xbf, 0xff, 0x52, 0x22, 0x36,
    0xcf, 0xff, 0xf9, 0x0, 0x0, 0xbf, 0xff, 0xff,
    0xff, 0xff, 0xff, 0xff, 0xb0, 0x0, 0x0, 0xbf,
    0xff, 0xff, 0xff, 0xff, 0xff, 0xf6, 0x0, 0x0,
    0x0, 0xbf, 0xff, 0xff, 0xff, 0xfe, 0xb7, 0x10,
    0x0, 0x0,

    /* U+00D1 "Ñ" */
    0x0, 0x0, 0x9, 0xfd, 0x40, 0x9, 0xf6, 0x0,
    0x0, 0x0, 0x7, 0xff, 0xff, 0x71, 0xdf, 0x40,
    0x0, 0x0, 0x0, 0xef, 0x86, 0xff, 0xff, 0xe0,
    0x0, 0x0, 0x0, 0xf, 0xf0, 0x3, 0xdf, 0xf4,
    0x0, 0x0, 0x0, 0x0, 0x32, 0x0, 0x0, 0x20,
    0x0, 0x0, 0x0, 0xff, 0xf9, 0x0, 0x0, 0x0,
    0x7, 0xff, 0xf6, 0xf, 0xff, 0xf6, 0x0, 0x0,
    0x0, 0x7f, 0xff, 0x60, 0xff, 0xff, 0xf3, 0x0,
    0x0, 0x7, 0xff, 0xf6, 0xf, 0xff, 0xff, 0xe1,
    0x0, 0x0, 0x7f, 0xff, 0x60, 0xff, 0xff, 0xff,
    0xc0, 0x0, 0x7, 0xff, 0xf6, 0xf, 0xff, 0xff,
    0xff, 0xa0, 0x0, 0x7f, 0xff, 0x60, 0xff, 0xff,
    0xff, 0xff, 0x70, 0x7, 0xff, 0xf6, 0xf, 0xff,
    0xd8, 0xff, 0xff, 0x40, 0x7f, 0xff, 0x60, 0xff,
    0xfd, 0xa, 0xff, 0xfe, 0x27, 0xff, 0xf6, 0xf,
    0xff, 0xd0, 0xd, 0xff, 0xfd, 0x7f, 0xff, 0x60,
    0xff, 0xfd, 0x0, 0x2e, 0xff, 0xff, 0xff, 0xf6,
    0xf, 0xff, 0xd0, 0x0, 0x4f, 0xff, 0xff, 0xff,
    0x60, 0xff, 0xfd, 0x0, 0x0, 0x7f, 0xff, 0xff,
    0xf6, 0xf, 0xff, 0xd0, 0x0, 0x0, 0xaf, 0xff,
    0xff, 0x60, 0xff, 0xfd, 0x0, 0x0, 0x0, 0xcf,
    0xff, 0xf6, 0xf, 0xff, 0xd0, 0x0, 0x0, 0x1,
    0xef, 0xff, 0x60, 0xff, 0xfd, 0x0, 0x0, 0x0,
    0x3, 0xff, 0xf6,

    /* U+00D2 "Ò" */
    0x0, 0x0, 0x4, 0x88, 0x82, 0x0, 0x0, 0x0,
    0x0, 0x0, 0x0, 0x0, 0x0, 0x8f, 0xfe, 0x30,
    0x0, 0x0, 0x0, 0x0, 0x0, 0x0, 0x0, 0x3,
    0xdf, 0xf4, 0x0, 0x0, 0x0, 0x0, 0x0, 0x0,
    0x0, 0x0, 0x7, 0x87, 0x0, 0x0, 0x0, 0x0,
    0x0, 0x0, 0x0, 0x0, 0x0, 0x0, 0x0, 0x0,
    0x0, 0x0, 0x0, 0x0, 0x0, 0x5a, 0xdf, 0xfe,
    0xb6, 0x10, 0x0, 0x0, 0x0, 0x0, 0x4d, 0xff,
    0xff, 0xff, 0xff, 0xf7, 0x0, 0x0, 0x0, 0x7,
    0xff, 0xff, 0xff, 0xff, 0xff, 0xff, 0xa0, 0x0,
    0x0, 0x6f, 0xff, 0xfe, 0x85, 0x57, 0xdf, 0xff,
    0xf9, 0x0, 0x1, 0xff, 0xff, 0xa0, 0x0, 0x0,
    0x7, 0xff, 0xff, 0x40, 0x8, 0xff, 0xfc, 0x0,
    0x0, 0x0, 0x0, 0x8f, 0xff, 0xb0, 0xd, 0xff,
    0xf4, 0x0, 0x0, 0x0, 0x0, 0xf, 0xff, 0xf1,
    0xf, 0xff, 0xf0, 0x0, 0x0, 0x0, 0x0, 0xb,
    0xff, 0xf3, 0xf, 0xff, 0xe0, 0x0, 0x0, 0x0,
    0x0, 0xa, 0xff, 0xf4, 0xf, 0xff, 0xf0, 0x0,
    0x0, 0x0, 0x0, 0xb, 0xff, 0xf3, 0xd, 0xff,
    0xf3, 0x0, 0x0, 0x0, 0x0, 0xf, 0xff, 0xf1,
    0x8, 0xff, 0xfb, 0x0, 0x0, 0x0, 0x0, 0x8f,
    0xff, 0xb0, 0x1, 0xff, 0xff, 0xa0, 0x0, 0x0,
    0x6, 0xff, 0xff, 0x40, 0x0, 0x6f, 0xff, 0xfe,
    0x85, 0x57, 0xcf, 0xff, 0xfa, 0x0, 0x0, 0x8,
    0xff, 0xff, 0xff, 0xff, 0xff, 0xff, 0xb0, 0x0,
    0x0, 0x0, 0x5e, 0xff, 0xff, 0xff, 0xff, 0xf7,
    0x0, 0x0, 0x0, 0x0, 0x0, 0x5a, 0xdf, 0xfe,
    0xb7, 0x10, 0x0, 0x0,

    /* U+00D3 "Ó" */
    0x0, 0x0, 0x0, 0x0, 0x0, 0x7, 0x88, 0x60,
    0x0, 0x0, 0x0, 0x0, 0x0, 0x0, 0x1, 0xcf,
    0xfa, 0x10, 0x0, 0x0, 0x0, 0x0, 0x0, 0x0,
    0x2d, 0xff, 0x60, 0x0, 0x0, 0x0, 0x0, 0x0,
    0x0, 0x0, 0x68, 0x71, 0x0, 0x0, 0x0, 0x0,
    0x0, 0x0, 0x0, 0x0, 0x0, 0x0, 0x0, 0x0,
    0x0, 0x0, 0x0, 0x0, 0x0, 0x5a, 0xdf, 0xfe,
    0xb6, 0x10, 0x0, 0x0, 0x0, 0x0, 0x4d, 0xff,
    0xff, 0xff, 0xff, 0xf7, 0x0, 0x0, 0x0, 0x7,
    0xff, 0xff, 0xff, 0xff, 0xff, 0xff, 0xa0, 0x0,
    0x0, 0x6f, 0xff, 0xfe, 0x85, 0x57, 0xdf, 0xff,
    0xf9, 0x0, 0x1, 0xff, 0xff, 0xa0, 0x0, 0x0,
    0x7, 0xff, 0xff, 0x40, 0x8, 0xff, 0xfc, 0x0,
    0x0, 0x0, 0x0, 0x8f, 0xff, 0xb0, 0xd, 0xff,
    0xf4, 0x0, 0x0, 0x0, 0x0, 0xf, 0xff, 0xf1,
    0xf, 0xff, 0xf0, 0x0, 0x0, 0x0, 0x0, 0xb,
    0xff, 0xf3, 0xf, 0xff, 0xe0, 0x0, 0x0, 0x0,
    0x0, 0xa, 0xff, 0xf4, 0xf, 0xff, 0xf0, 0x0,
    0x0, 0x0, 0x0, 0xb, 0xff, 0xf3, 0xd, 0xff,
    0xf3, 0x0, 0x0, 0x0, 0x0, 0xf, 0xff, 0xf1,
    0x8, 0xff, 0xfb, 0x0, 0x0, 0x0, 0x0, 0x8f,
    0xff, 0xb0, 0x1, 0xff, 0xff, 0xa0, 0x0, 0x0,
    0x6, 0xff, 0xff, 0x40, 0x0, 0x6f, 0xff, 0xfe,
    0x85, 0x57, 0xcf, 0xff, 0xfa, 0x0, 0x0, 0x8,
    0xff, 0xff, 0xff, 0xff, 0xff, 0xff, 0xb0, 0x0,
    0x0, 0x0, 0x5e, 0xff, 0xff, 0xff, 0xff, 0xf7,
    0x0, 0x0, 0x0, 0x0, 0x0, 0x5a, 0xdf, 0xfe,
    0xb7, 0x10, 0x0, 0x0,

    /* U+00D4 "Ô" */
    0x0, 0x0, 0x0, 0x0, 0x68, 0x87, 0x0, 0x0,
    0x0, 0x0, 0x0, 0x0, 0x0, 0x9, 0xff, 0xff,
    0xc0, 0x0, 0x0, 0x0, 0x0, 0x0, 0x0, 0xaf,
    0xf6, 0x3e, 0xfc, 0x10, 0x0, 0x0, 0x0, 0x0,
    0x3, 0x88, 0x30, 0x1, 0x78, 0x50, 0x0, 0x0,
    0x0, 0x0, 0x0, 0x0, 0x0, 0x0, 0x0, 0x0,
    0x0, 0x0, 0x0, 0x0, 0x0, 0x5a, 0xdf, 0xfe,
    0xb6, 0x10, 0x0, 0x0, 0x0, 0x0, 0x4d, 0xff,
    0xff, 0xff, 0xff, 0xf7, 0x0, 0x0, 0x0, 0x7,
    0xff, 0xff, 0xff, 0xff, 0xff, 0xff, 0xa0, 0x0,
    0x0, 0x6f, 0xff, 0xfe, 0x85, 0x57, 0xdf, 0xff,
    0xf9, 0x0, 0x1, 0xff, 0xff, 0xa0, 0x0, 0x0,
    0x7, 0xff, 0xff, 0x40, 0x8, 0xff, 0xfc, 0x0,
    0x0, 0x0, 0x0, 0x8f, 0xff, 0xb0, 0xd, 0xff,
    0xf4, 0x0, 0x0, 0x0, 0x0, 0xf, 0xff, 0xf1,
    0xf, 0xff, 0xf0, 0x0, 0x0, 0x0, 0x0, 0xb,
    0xff, 0xf3, 0xf, 0xff, 0xe0, 0x0, 0x0, 0x0,
    0x0, 0xa, 0xff, 0xf4, 0xf, 0xff, 0xf0, 0x0,
    0x0, 0x0, 0x0, 0xb, 0xff, 0xf3, 0xd, 0xff,
    0xf3, 0x0, 0x0, 0x0, 0x0, 0xf, 0xff, 0xf1,
    0x8, 0xff, 0xfb, 0x0, 0x0, 0x0, 0x0, 0x8f,
    0xff, 0xb0, 0x1, 0xff, 0xff, 0xa0, 0x0, 0x0,
    0x6, 0xff, 0xff, 0x40, 0x0, 0x6f, 0xff, 0xfe,
    0x85, 0x57, 0xcf, 0xff, 0xfa, 0x0, 0x0, 0x8,
    0xff, 0xff, 0xff, 0xff, 0xff, 0xff, 0xb0, 0x0,
    0x0, 0x0, 0x5e, 0xff, 0xff, 0xff, 0xff, 0xf7,
    0x0, 0x0, 0x0, 0x0, 0x0, 0x5a, 0xdf, 0xfe,
    0xb7, 0x10, 0x0, 0x0,

    /* U+00D5 "Õ" */
    0x0, 0x0, 0x0, 0x4e, 0xfa, 0x10, 0x3f, 0xd0,
    0x0, 0x0, 0x0, 0x0, 0x1, 0xff, 0xff, 0xd4,
    0x9f, 0xb0, 0x0, 0x0, 0x0, 0x0, 0x7, 0xfd,
    0x4b, 0xff, 0xff, 0x40, 0x0, 0x0, 0x0, 0x0,
    0xa, 0xf6, 0x0, 0x7e, 0xe8, 0x0, 0x0, 0x0,
    0x0, 0x0, 0x0, 0x0, 0x0, 0x0, 0x0, 0x0,
    0x0, 0x0, 0x0, 0x0, 0x0, 0x5a, 0xdf, 0xfe,
    0xb6, 0x10, 0x0, 0x0, 0x0, 0x0, 0x4d, 0xff,
    0xff, 0xff, 0xff, 0xf7, 0x0, 0x0, 0x0, 0x7,
    0xff, 0xff, 0xff, 0xff, 0xff, 0xff, 0xa0, 0x0,
    0x0, 0x6f, 0xff, 0xfe, 0x85, 0x57, 0xdf, 0xff,
    0xf9, 0x0, 0x1, 0xff, 0xff, 0xa0, 0x0, 0x0,
    0x7, 0xff, 0xff, 0x40, 0x8, 0xff, 0xfc, 0x0,
    0x0, 0x0, 0x0, 0x8f, 0xff, 0xb0, 0xd, 0xff,
    0xf4, 0x0, 0x0, 0x0, 0x0, 0xf, 0xff, 0xf1,
    0xf, 0xff, 0xf0, 0x0, 0x0, 0x0, 0x0, 0xb,
    0xff, 0xf3, 0xf, 0xff, 0xe0, 0x0, 0x0, 0x0,
    0x0, 0xa, 0xff, 0xf4, 0xf, 0xff, 0xf0, 0x0,
    0x0, 0x0, 0x0, 0xb, 0xff, 0xf3, 0xd, 0xff,
    0xf3, 0x0, 0x0, 0x0, 0x0, 0xf, 0xff, 0xf1,
    0x8, 0xff, 0xfb, 0x0, 0x0, 0x0, 0x0, 0x8f,
    0xff, 0xb0, 0x1, 0xff, 0xff, 0xa0, 0x0, 0x0,
    0x6, 0xff, 0xff, 0x40, 0x0, 0x6f, 0xff, 0xfe,
    0x85, 0x57, 0xcf, 0xff, 0xfa, 0x0, 0x0, 0x8,
    0xff, 0xff, 0xff, 0xff, 0xff, 0xff, 0xb0, 0x0,
    0x0, 0x0, 0x5e, 0xff, 0xff, 0xff, 0xff, 0xf7,
    0x0, 0x0, 0x0, 0x0, 0x0, 0x5a, 0xdf, 0xfe,
    0xb7, 0x10, 0x0, 0x0,

    /* U+00D6 "Ö" */
    0x0, 0x0, 0x0, 0x7f, 0xc0, 0x9, 0xfa, 0x0,
    0x0, 0x0, 0x0, 0x0, 0x0, 0xef, 0xf4, 0xf,
    0xff, 0x20, 0x0, 0x0, 0x0, 0x0, 0x0, 0xaf,
    0xf1, 0xc, 0xfe, 0x0, 0x0, 0x0, 0x0, 0x0,
    0x0, 0x3, 0x10, 0x0, 0x30, 0x0, 0x0, 0x0,
    0x0, 0x0, 0x0, 0x0, 0x0, 0x0, 0x0, 0x0,
    0x0, 0x0, 0x0, 0x0, 0x0, 0x5a, 0xdf, 0xfe,
    0xb6, 0x10, 0x0, 0x0, 0x0, 0x0, 0x4d, 0xff,
    0xff, 0xff, 0xff, 0xf7, 0x0, 0x0, 0x0, 0x7,
    0xff, 0xff, 0xff, 0xff, 0xff, 0xff, 0xa0, 0x0,
    0x0, 0x6f, 0xff, 0xfe, 0x85, 0x57, 0xdf, 0xff,
    0xf9, 0x0, 0x1, 0xff, 0xff, 0xa0, 0x0, 0x0,
    0x7, 0xff, 0xff, 0x40, 0x8, 0xff, 0xfc, 0x0,
    0x0, 0x0, 0x0, 0x8f, 0xff, 0xb0, 0xd, 0xff,
    0xf4, 0x0, 0x0, 0x0, 0x0, 0xf, 0xff, 0xf1,
    0xf, 0xff, 0xf0, 0x0, 0x0, 0x0, 0x0, 0xb,
    0xff, 0xf3, 0xf, 0xff, 0xe0, 0x0, 0x0, 0x0,
    0x0, 0xa, 0xff, 0xf4, 0xf, 0xff, 0xf0, 0x0,
    0x0, 0x0, 0x0, 0xb, 0xff, 0xf3, 0xd, 0xff,
    0xf3, 0x0, 0x0, 0x0, 0x0, 0xf, 0xff, 0xf1,
    0x8, 0xff, 0xfb, 0x0, 0x0, 0x0, 0x0, 0x8f,
    0xff, 0xb0, 0x1, 0xff, 0xff, 0xa0, 0x0, 0x0,
    0x6, 0xff, 0xff, 0x40, 0x0, 0x6f, 0xff, 0xfe,
    0x85, 0x57, 0xcf, 0xff, 0xfa, 0x0, 0x0, 0x8,
    0xff, 0xff, 0xff, 0xff, 0xff, 0xff, 0xb0, 0x0,
    0x0, 0x0, 0x5e, 0xff, 0xff, 0xff, 0xff, 0xf7,
    0x0, 0x0, 0x0, 0x0, 0x0, 0x5a, 0xdf, 0xfe,
    0xb7, 0x10, 0x0, 0x0,

    /* U+00D7 "×" */
    0x0, 0x20, 0x0, 0x0, 0x20, 0x0, 0xae, 0x20,
    0x0, 0xae, 0x20, 0x9f, 0xfe, 0x20, 0xaf, 0xfe,
    0x2, 0xef, 0xfe, 0xbf, 0xff, 0x60, 0x2, 0xef,
    0xff, 0xff, 0x60, 0x0, 0x2, 0xff, 0xff, 0x80,
    0x0, 0x0, 0xaf, 0xff, 0xfe, 0x20, 0x0, 0xaf,
    0xff, 0xef, 0xfe, 0x20, 0x9f, 0xff, 0x62, 0xef,
    0xfe, 0x2, 0xef, 0x60, 0x2, 0xef, 0x60, 0x2,
    0x60, 0x0, 0x2, 0x60, 0x0,

    /* U+00D8 "Ø" */
    0x0, 0x0, 0x0, 0x0, 0x0, 0x0, 0x0, 0x68,
    0x60, 0x0, 0x0, 0x0, 0x0, 0x0, 0x0, 0x0,
    0x2, 0xff, 0x60, 0x0, 0x0, 0x0, 0x0, 0x5a,
    0xdf, 0xfe, 0xbc, 0xfd, 0x0, 0x0, 0x0, 0x0,
    0x4d, 0xff, 0xff, 0xff, 0xff, 0xfa, 0x0, 0x0,
    0x0, 0x7, 0xff, 0xff, 0xff, 0xff, 0xff, 0xff,
    0xb0, 0x0, 0x0, 0x6f, 0xff, 0xfe, 0x85, 0x5b,
    0xff, 0xff, 0xf9, 0x0, 0x1, 0xff, 0xff, 0xa0,
    0x0, 0xd, 0xfb, 0xff, 0xff, 0x30, 0x8, 0xff,
    0xfc, 0x0, 0x0, 0x7f, 0xf1, 0x6f, 0xff, 0xb0,
    0xd, 0xff, 0xf4, 0x0, 0x1, 0xff, 0x70, 0xe,
    0xff, 0xf1, 0xf, 0xff, 0xf0, 0x0, 0x9, 0xfe,
    0x0, 0xb, 0xff, 0xf3, 0xf, 0xff, 0xe0, 0x0,
    0x2f, 0xf6, 0x0, 0xa, 0xff, 0xf4, 0xf, 0xff,
    0xf0, 0x0, 0xbf, 0xd0, 0x0, 0xb, 0xff, 0xf3,
    0xd, 0xff, 0xf3, 0x4, 0xff, 0x40, 0x0, 0xf,
    0xff, 0xf1, 0x8, 0xff, 0xfc, 0xd, 0xfb, 0x0,
    0x0, 0x8f, 0xff, 0xb0, 0x1, 0xff, 0xff, 0xdf,
    0xf3, 0x0, 0x7, 0xff, 0xff, 0x40, 0x0, 0x6f,
    0xff, 0xff, 0xd5, 0x57, 0xcf, 0xff, 0xfa, 0x0,
    0x0, 0x7, 0xff, 0xff, 0xff, 0xff, 0xff, 0xff,
    0xb0, 0x0, 0x0, 0x0, 0x6f, 0xff, 0xff, 0xff,
    0xff, 0xf7, 0x0, 0x0, 0x0, 0x0, 0x9f, 0xea,
    0xdf, 0xfe, 0xb7, 0x10, 0x0, 0x0, 0x0, 0x2,
    0xff, 0x70, 0x0, 0x0, 0x0, 0x0, 0x0, 0x0,
    0x0, 0x4, 0x87, 0x0, 0x0, 0x0, 0x0, 0x0,
    0x0, 0x0,

    /* U+00D9 "Ù" */
    0x0, 0x2, 0x78, 0x85, 0x0, 0x0, 0x0, 0x0,
    0x0, 0x0, 0x4, 0xef, 0xf7, 0x0, 0x0, 0x0,
    0x0, 0x0, 0x0, 0x1, 0xaf, 0xf9, 0x0, 0x0,
    0x0, 0x0, 0x0, 0x0, 0x0, 0x58, 0x83, 0x0,
    0x0, 0x0, 0x0, 0x0, 0x0, 0x0, 0x0, 0x0,
    0x0, 0x0, 0x2, 0xff, 0xfb, 0x0, 0x0, 0x0,
    0xc, 0xff, 0xf1, 0x2f, 0xff, 0xb0, 0x0, 0x0,
    0x0, 0xcf, 0xff, 0x12, 0xff, 0xfb, 0x0, 0x0,
    0x0, 0xc, 0xff, 0xf1, 0x2f, 0xff, 0xb0, 0x0,
    0x0, 0x0, 0xcf, 0xff, 0x12, 0xff, 0xfb, 0x0,
    0x0, 0x0, 0xc, 0xff, 0xf1, 0x2f, 0xff, 0xb0,
    0x0, 0x0, 0x0, 0xcf, 0xff, 0x12, 0xff, 0xfb,
    0x0, 0x0, 0x0, 0xc, 0xff, 0xf1, 0x2f, 0xff,
    0xb0, 0x0, 0x0, 0x0, 0xcf, 0xff, 0x12, 0xff,
    0xfb, 0x0, 0x0, 0x0, 0xc, 0xff, 0xf1, 0x2f,
    0xff, 0xb0, 0x0, 0x0, 0x0, 0xcf, 0xff, 0x1,
    0xff, 0xfd, 0x0, 0x0, 0x0, 0xe, 0xff, 0xf0,
    0xe, 0xff, 0xf1, 0x0, 0x0, 0x2, 0xff, 0xfd,
    0x0, 0xaf, 0xff, 0x90, 0x0, 0x0, 0xaf, 0xff,
    0x90, 0x3, 0xff, 0xff, 0xc6, 0x46, 0xcf, 0xff,
    0xf2, 0x0, 0x8, 0xff, 0xff, 0xff, 0xff, 0xff,
    0xf7, 0x0, 0x0, 0x8, 0xff, 0xff, 0xff, 0xff,
    0xf7, 0x0, 0x0, 0x0, 0x2, 0x8c, 0xef, 0xec,
    0x81, 0x0, 0x0,

    /* U+00DA "Ú" */
    0x0, 0x0, 0x0, 0x0, 0x5, 0x88, 0x71, 0x0,
    0x0, 0x0, 0x0, 0x0, 0x8, 0xff, 0xd3, 0x0,
    0x0, 0x0, 0x0, 0x0, 0x9, 0xff, 0x90, 0x0,
    0x0, 0x0, 0x0, 0x0, 0x3, 0x88, 0x40, 0x0,
    0x0, 0x0, 0x0, 0x0, 0x0, 0x0, 0x0, 0x0,
    0x0, 0x0, 0x2, 0xff, 0xfb, 0x0, 0x0, 0x0,
    0xc, 0xff, 0xf1, 0x2f, 0xff, 0xb0, 0x0, 0x0,
    0x0, 0xcf, 0xff, 0x12, 0xff, 0xfb, 0x0, 0x0,
    0x0, 0xc, 0xff, 0xf1, 0x2f, 0xff, 0xb0, 0x0,
    0x0, 0x0, 0xcf, 0xff, 0x12, 0xff, 0xfb, 0x0,
    0x0, 0x0, 0xc, 0xff, 0xf1, 0x2f, 0xff, 0xb0,
    0x0, 0x0, 0x0, 0xcf, 0xff, 0x12, 0xff, 0xfb,
    0x0, 0x0, 0x0, 0xc, 0xff, 0xf1, 0x2f, 0xff,
    0xb0, 0x0, 0x0, 0x0, 0xcf, 0xff, 0x12, 0xff,
    0xfb, 0x0, 0x0, 0x0, 0xc, 0xff, 0xf1, 0x2f,
    0xff, 0xb0, 0x0, 0x0, 0x0, 0xcf, 0xff, 0x1,
    0xff, 0xfd, 0x0, 0x0, 0x0, 0xe, 0xff, 0xf0,
    0xe, 0xff, 0xf1, 0x0, 0x0, 0x2, 0xff, 0xfd,
    0x0, 0xaf, 0xff, 0x90, 0x0, 0x0, 0xaf, 0xff,
    0x90, 0x3, 0xff, 0xff, 0xc6, 0x46, 0xcf, 0xff,
    0xf2, 0x0, 0x8, 0xff, 0xff, 0xff, 0xff, 0xff,
    0xf7, 0x0, 0x0, 0x8, 0xff, 0xff, 0xff, 0xff,
    0xf7, 0x0, 0x0, 0x0, 0x2, 0x8c, 0xef, 0xec,
    0x81, 0x0, 0x0,

    /* U+00DB "Û" */
    0x0, 0x0, 0x0, 0x38, 0x88, 0x30, 0x0, 0x0,
    0x0, 0x0, 0x0, 0x4f, 0xff, 0xff, 0x30, 0x0,
    0x0, 0x0, 0x0, 0x5f, 0xfa, 0x1b, 0xff, 0x40,
    0x0, 0x0, 0x0, 0x7, 0x85, 0x0, 0x6, 0x87,
    0x0, 0x0, 0x0, 0x0, 0x0, 0x0, 0x0, 0x0,
    0x0, 0x0, 0x2, 0xff, 0xfb, 0x0, 0x0, 0x0,
    0xc, 0xff, 0xf1, 0x2f, 0xff, 0xb0, 0x0, 0x0,
    0x0, 0xcf, 0xff, 0x12, 0xff, 0xfb, 0x0, 0x0,
    0x0, 0xc, 0xff, 0xf1, 0x2f, 0xff, 0xb0, 0x0,
    0x0, 0x0, 0xcf, 0xff, 0x12, 0xff, 0xfb, 0x0,
    0x0, 0x0, 0xc, 0xff, 0xf1, 0x2f, 0xff, 0xb0,
    0x0, 0x0, 0x0, 0xcf, 0xff, 0x12, 0xff, 0xfb,
    0x0, 0x0, 0x0, 0xc, 0xff, 0xf1, 0x2f, 0xff,
    0xb0, 0x0, 0x0, 0x0, 0xcf, 0xff, 0x12, 0xff,
    0xfb, 0x0, 0x0, 0x0, 0xc, 0xff, 0xf1, 0x2f,
    0xff, 0xb0, 0x0, 0x0, 0x0, 0xcf, 0xff, 0x1,
    0xff, 0xfd, 0x0, 0x0, 0x0, 0xe, 0xff, 0xf0,
    0xe, 0xff, 0xf1, 0x0, 0x0, 0x2, 0xff, 0xfd,
    0x0, 0xaf, 0xff, 0x90, 0x0, 0x0, 0xaf, 0xff,
    0x90, 0x3, 0xff, 0xff, 0xc6, 0x46, 0xcf, 0xff,
    0xf2, 0x0, 0x8, 0xff, 0xff, 0xff, 0xff, 0xff,
    0xf7, 0x0, 0x0, 0x8, 0xff, 0xff, 0xff, 0xff,
    0xf7, 0x0, 0x0, 0x0, 0x2, 0x8c, 0xef, 0xec,
    0x81, 0x0, 0x0,

    /* U+00DC "Ü" */
    0x0, 0x0, 0x2d, 0xe3, 0x4, 0xed, 0x20, 0x0,
    0x0, 0x0, 0x9, 0xff, 0xa0, 0xbf, 0xf8, 0x0,
    0x0, 0x0, 0x0, 0x5f, 0xf6, 0x7, 0xff, 0x40,
    0x0, 0x0, 0x0, 0x0, 0x22, 0x0, 0x3, 0x20,
    0x0, 0x0, 0x0, 0x0, 0x0, 0x0, 0x0, 0x0,
    0x0, 0x0, 0x2, 0xff, 0xfb, 0x0, 0x0, 0x0,
    0xc, 0xff, 0xf1, 0x2f, 0xff, 0xb0, 0x0, 0x0,
    0x0, 0xcf, 0xff, 0x12, 0xff, 0xfb, 0x0, 0x0,
    0x0, 0xc, 0xff, 0xf1, 0x2f, 0xff, 0xb0, 0x0,
    0x0, 0x0, 0xcf, 0xff, 0x12, 0xff, 0xfb, 0x0,
    0x0, 0x0, 0xc, 0xff, 0xf1, 0x2f, 0xff, 0xb0,
    0x0, 0x0, 0x0, 0xcf, 0xff, 0x12, 0xff, 0xfb,
    0x0, 0x0, 0x0, 0xc, 0xff, 0xf1, 0x2f, 0xff,
    0xb0, 0x0, 0x0, 0x0, 0xcf, 0xff, 0x12, 0xff,
    0xfb, 0x0, 0x0, 0x0, 0xc, 0xff, 0xf1, 0x2f,
    0xff, 0xb0, 0x0, 0x0, 0x0, 0xcf, 0xff, 0x1,
    0xff, 0xfd, 0x0, 0x0, 0x0, 0xe, 0xff, 0xf0,
    0xe, 0xff, 0xf1, 0x0, 0x0, 0x2, 0xff, 0xfd,
    0x0, 0xaf, 0xff, 0x90, 0x0, 0x0, 0xaf, 0xff,
    0x90, 0x3, 0xff, 0xff, 0xc6, 0x46, 0xcf, 0xff,
    0xf2, 0x0, 0x8, 0xff, 0xff, 0xff, 0xff, 0xff,
    0xf7, 0x0, 0x0, 0x8, 0xff, 0xff, 0xff, 0xff,
    0xf7, 0x0, 0x0, 0x0, 0x2, 0x8c, 0xef, 0xec,
    0x81, 0x0, 0x0,

    /* U+00DD "Ý" */
    0x0, 0x0, 0x0, 0x0, 0x0, 0x67, 0x76, 0x0,
    0x0, 0x0, 0x0, 0x0, 0x0, 0xb, 0xff, 0xc2,
    0x0, 0x0, 0x0, 0x0, 0x0, 0x0, 0xcf, 0xf8,
    0x0, 0x0, 0x0, 0x0, 0x0, 0x0, 0x8, 0xbb,
    0x40, 0x0, 0x0, 0x0, 0x0, 0x0, 0x0, 0x0,
    0x0, 0x0, 0x0, 0x0, 0x0, 0x1f, 0xff, 0xf2,
    0x0, 0x0, 0x0, 0x8, 0xff, 0xf4, 0x7, 0xff,
    0xfb, 0x0, 0x0, 0x0, 0x2f, 0xff, 0xb0, 0x0,
    0xdf, 0xff, 0x40, 0x0, 0x0, 0xbf, 0xff, 0x20,
    0x0, 0x4f, 0xff, 0xd0, 0x0, 0x5, 0xff, 0xf8,
    0x0, 0x0, 0xa, 0xff, 0xf7, 0x0, 0xd, 0xff,
    0xd0, 0x0, 0x0, 0x1, 0xff, 0xff, 0x10, 0x8f,
    0xff, 0x50, 0x0, 0x0, 0x0, 0x7f, 0xff, 0xa2,
    0xff, 0xfb, 0x0, 0x0, 0x0, 0x0, 0xd, 0xff,
    0xfd, 0xff, 0xf2, 0x0, 0x0, 0x0, 0x0, 0x4,
    0xff, 0xff, 0xff, 0x80, 0x0, 0x0, 0x0, 0x0,
    0x0, 0xaf, 0xff, 0xfe, 0x0, 0x0, 0x0, 0x0,
    0x0, 0x0, 0x1f, 0xff, 0xf5, 0x0, 0x0, 0x0,
    0x0, 0x0, 0x0, 0xd, 0xff, 0xf1, 0x0, 0x0,
    0x0, 0x0, 0x0, 0x0, 0xd, 0xff, 0xf1, 0x0,
    0x0, 0x0, 0x0, 0x0, 0x0, 0xd, 0xff, 0xf1,
    0x0, 0x0, 0x0, 0x0, 0x0, 0x0, 0xd, 0xff,
    0xf1, 0x0, 0x0, 0x0, 0x0, 0x0, 0x0, 0xd,
    0xff, 0xf1, 0x0, 0x0, 0x0, 0x0, 0x0, 0x0,
    0xd, 0xff, 0xf1, 0x0, 0x0, 0x0,

    /* U+00DE "Þ" */
    0xf, 0xff, 0xe0, 0x0, 0x0, 0x0, 0x0, 0x0,
    0xf, 0xff, 0xe0, 0x0, 0x0, 0x0, 0x0, 0x0,
    0xf, 0xff, 0xff, 0xff, 0xfe, 0xc7, 0x10, 0x0,
    0xf, 0xff, 0xff, 0xff, 0xff, 0xff, 0xf6, 0x0,
    0xf, 0xff, 0xff, 0xff, 0xff, 0xff, 0xff, 0x50,
    0xf, 0xff, 0xe2, 0x22, 0x35, 0xcf, 0xff, 0xe0,
    0xf, 0xff, 0xe0, 0x0, 0x0, 0xd, 0xff, 0xf5,
    0xf, 0xff, 0xe0, 0x0, 0x0, 0x7, 0xff, 0xf7,
    0xf, 0xff, 0xe0, 0x0, 0x0, 0x7, 0xff, 0xf8,
    0xf, 0xff, 0xe0, 0x0, 0x0, 0xc, 0xff, 0xf5,
    0xf, 0xff, 0xe0, 0x0, 0x3, 0xaf, 0xff, 0xf1,
    0xf, 0xff, 0xff, 0xff, 0xff, 0xff, 0xff, 0x70,
    0xf, 0xff, 0xff, 0xff, 0xff, 0xff, 0xf8, 0x0,
    0xf, 0xff, 0xff, 0xff, 0xff, 0xe9, 0x30, 0x0,
    0xf, 0xff, 0xe2, 0x22, 0x10, 0x0, 0x0, 0x0,
    0xf, 0xff, 0xe0, 0x0, 0x0, 0x0, 0x0, 0x0,
    0xf, 0xff, 0xe0, 0x0, 0x0, 0x0, 0x0, 0x0,

    /* U+00DF "ß" */
    0x0, 0x0, 0x0, 0x0, 0x0, 0x0, 0x0, 0x0,
    0x0, 0x17, 0xce, 0xfe, 0xb5, 0x0, 0x0, 0x0,
    0x4e, 0xff, 0xff, 0xff, 0xfb, 0x0, 0x0, 0x2f,
    0xff, 0xff, 0xff, 0xff, 0xf9, 0x0, 0xa, 0xff,
    0xf9, 0x20, 0x4e, 0xff, 0xf1, 0x0, 0xff, 0xfc,
    0x0, 0x0, 0x6f, 0xff, 0x50, 0x2f, 0xff, 0x80,
    0x0, 0x4, 0xff, 0xf5, 0x4, 0xff, 0xf7, 0x0,
    0x0, 0x7f, 0xff, 0x20, 0x4f, 0xff, 0x70, 0x1,
    0x6f, 0xff, 0xb0, 0x4, 0xff, 0xf7, 0x2, 0xff,
    0xff, 0xe1, 0x0, 0x4f, 0xff, 0x70, 0x2f, 0xff,
    0xff, 0xc2, 0x4, 0xff, 0xf7, 0x1, 0xff, 0xff,
    0xff, 0xe1, 0x4f, 0xff, 0x70, 0x0, 0x2, 0xbf,
    0xff, 0x84, 0xff, 0xf7, 0x0, 0x0, 0x0, 0xff,
    0xfc, 0x4f, 0xff, 0x70, 0x0, 0x0, 0xf, 0xff,
    0xc4, 0xff, 0xf7, 0x2, 0x11, 0x3b, 0xff, 0xfa,
    0x4f, 0xff, 0x70, 0xbf, 0xff, 0xff, 0xff, 0x34,
    0xff, 0xf7, 0xd, 0xff, 0xff, 0xff, 0x50, 0x4f,
    0xff, 0x70, 0xbe, 0xff, 0xd8, 0x20, 0x0,

    /* U+00E0 "à" */
    0x0, 0x3e, 0xff, 0xb0, 0x0, 0x0, 0x0, 0x0,
    0x1, 0xcf, 0xfa, 0x0, 0x0, 0x0, 0x0, 0x0,
    0xa, 0xff, 0x90, 0x0, 0x0, 0x0, 0x0, 0x0,
    0x58, 0x82, 0x0, 0x0, 0x0, 0x0, 0x0, 0x0,
    0x0, 0x0, 0x0, 0x0, 0x17, 0xbe, 0xff, 0xda,
    0x30, 0x0, 0x5, 0xff, 0xff, 0xff, 0xff, 0xf9,
    0x0, 0x1, 0xff, 0xff, 0xff, 0xff, 0xff, 0x60,
    0x0, 0x78, 0x30, 0x1, 0x7f, 0xff, 0xd0, 0x0,
    0x0, 0x0, 0x0, 0xb, 0xff, 0xf0, 0x0, 0x18,
    0xde, 0xff, 0xff, 0xff, 0xf2, 0x3, 0xff, 0xff,
    0xff, 0xff, 0xff, 0xf2, 0xc, 0xff, 0xf6, 0x32,
    0x2a, 0xff, 0xf2, 0xf, 0xff, 0x90, 0x0, 0xa,
    0xff, 0xf2, 0xf, 0xff, 0xb0, 0x0, 0x3f, 0xff,
    0xf2, 0xc, 0xff, 0xfc, 0x8a, 0xff, 0xff, 0xf2,
    0x2, 0xff, 0xff, 0xff, 0xfc, 0xff, 0xf2, 0x0,
    0x19, 0xdf, 0xeb, 0x45, 0xff, 0xf2,

    /* U+00E1 "á" */
    0x0, 0x0, 0x0, 0x2, 0xef, 0xfb, 0x10, 0x0,
    0x0, 0x0, 0x1e, 0xff, 0x80, 0x0, 0x0, 0x0,
    0x1, 0xdf, 0xf5, 0x0, 0x0, 0x0, 0x0, 0x5,
    0x88, 0x20, 0x0, 0x0, 0x0, 0x0, 0x0, 0x0,
    0x0, 0x0, 0x0, 0x0, 0x17, 0xbe, 0xff, 0xda,
    0x30, 0x0, 0x5, 0xff, 0xff, 0xff, 0xff, 0xf9,
    0x0, 0x1, 0xff, 0xff, 0xff, 0xff, 0xff, 0x60,
    0x0, 0x78, 0x30, 0x1, 0x7f, 0xff, 0xd0, 0x0,
    0x0, 0x0, 0x0, 0xb, 0xff, 0xf0, 0x0, 0x18,
    0xde, 0xff, 0xff, 0xff, 0xf2, 0x3, 0xff, 0xff,
    0xff, 0xff, 0xff, 0xf2, 0xc, 0xff, 0xf6, 0x32,
    0x2a, 0xff, 0xf2, 0xf, 0xff, 0x90, 0x0, 0xa,
    0xff, 0xf2, 0xf, 0xff, 0xb0, 0x0, 0x3f, 0xff,
    0xf2, 0xc, 0xff, 0xfc, 0x8a, 0xff, 0xff, 0xf2,
    0x2, 0xff, 0xff, 0xff, 0xfc, 0xff, 0xf2, 0x0,
    0x19, 0xdf, 0xeb, 0x45, 0xff, 0xf2,

    /* U+00E2 "â" */
    0x0, 0x0, 0xc, 0xff, 0xf6, 0x0, 0x0, 0x0,
    0x0, 0xaf, 0xfd, 0xff, 0x50, 0x0, 0x0, 0x9,
    0xff, 0x60, 0xbf, 0xf4, 0x0, 0x0, 0x28, 0x84,
    0x0, 0x6, 0x87, 0x0, 0x0, 0x0, 0x0, 0x0,
    0x0, 0x0, 0x0, 0x0, 0x17, 0xbe, 0xff, 0xda,
    0x30, 0x0, 0x5, 0xff, 0xff, 0xff, 0xff, 0xf9,
    0x0, 0x1, 0xff, 0xff, 0xff, 0xff, 0xff, 0x60,
    0x0, 0x78, 0x30, 0x1, 0x7f, 0xff, 0xd0, 0x0,
    0x0, 0x0, 0x0, 0xb, 0xff, 0xf0, 0x0, 0x18,
    0xde, 0xff, 0xff, 0xff, 0xf2, 0x3, 0xff, 0xff,
    0xff, 0xff, 0xff, 0xf2, 0xc, 0xff, 0xf6, 0x32,
    0x2a, 0xff, 0xf2, 0xf, 0xff, 0x90, 0x0, 0xa,
    0xff, 0xf2, 0xf, 0xff, 0xb0, 0x0, 0x3f, 0xff,
    0xf2, 0xc, 0xff, 0xfc, 0x8a, 0xff, 0xff, 0xf2,
    0x2, 0xff, 0xff, 0xff, 0xfc, 0xff, 0xf2, 0x0,
    0x19, 0xdf, 0xeb, 0x45, 0xff, 0xf2,

    /* U+00E3 "ã" */
    0x0, 0x0, 0x1, 0x0, 0x0, 0x22, 0x0, 0x0,
    0x3, 0xef, 0xf8, 0x13, 0xfd, 0x0, 0x0, 0xe,
    0xff, 0xff, 0xff, 0xf8, 0x0, 0x0, 0x2f, 0xd1,
    0x3b, 0xff, 0xb0, 0x0, 0x0, 0x2, 0x10, 0x0,
    0x0, 0x0, 0x0, 0x0, 0x0, 0x0, 0x0, 0x0,
    0x0, 0x0, 0x0, 0x17, 0xbe, 0xff, 0xda, 0x30,
    0x0, 0x5, 0xff, 0xff, 0xff, 0xff, 0xf9, 0x0,
    0x1, 0xff, 0xff, 0xff, 0xff, 0xff, 0x60, 0x0,
    0x78, 0x30, 0x1, 0x7f, 0xff, 0xd0, 0x0, 0x0,
    0x0, 0x0, 0xb, 0xff, 0xf0, 0x0, 0x18, 0xde,
    0xff, 0xff, 0xff, 0xf2, 0x3, 0xff, 0xff, 0xff,
    0xff, 0xff, 0xf2, 0xc, 0xff, 0xf6, 0x32, 0x2a,
    0xff, 0xf2, 0xf, 0xff, 0x90, 0x0, 0xa, 0xff,
    0xf2, 0xf, 0xff, 0xb0, 0x0, 0x3f, 0xff, 0xf2,
    0xc, 0xff, 0xfc, 0x8a, 0xff, 0xff, 0xf2, 0x2,
    0xff, 0xff, 0xff, 0xfc, 0xff, 0xf2, 0x0, 0x19,
    0xdf, 0xeb, 0x45, 0xff, 0xf2,

    /* U+00E4 "ä" */
    0x0, 0x4, 0xed, 0x20, 0x6f, 0xc1, 0x0, 0x0,
    0xb, 0xff, 0x70, 0xdf, 0xf5, 0x0, 0x0, 0x7,
    0xff, 0x40, 0x9f, 0xf2, 0x0, 0x0, 0x0, 0x32,
    0x0, 0x3, 0x10, 0x0, 0x0, 0x0, 0x0, 0x0,
    0x0, 0x0, 0x0, 0x0, 0x17, 0xbe, 0xff, 0xda,
    0x30, 0x0, 0x5, 0xff, 0xff, 0xff, 0xff, 0xf9,
    0x0, 0x1, 0xff, 0xff, 0xff, 0xff, 0xff, 0x60,
    0x0, 0x78, 0x30, 0x1, 0x7f, 0xff, 0xd0, 0x0,
    0x0, 0x0, 0x0, 0xb, 0xff, 0xf0, 0x0, 0x18,
    0xde, 0xff, 0xff, 0xff, 0xf2, 0x3, 0xff, 0xff,
    0xff, 0xff, 0xff, 0xf2, 0xc, 0xff, 0xf6, 0x32,
    0x2a, 0xff, 0xf2, 0xf, 0xff, 0x90, 0x0, 0xa,
    0xff, 0xf2, 0xf, 0xff, 0xb0, 0x0, 0x3f, 0xff,
    0xf2, 0xc, 0xff, 0xfc, 0x8a, 0xff, 0xff, 0xf2,
    0x2, 0xff, 0xff, 0xff, 0xfc, 0xff, 0xf2, 0x0,
    0x19, 0xdf, 0xeb, 0x45, 0xff, 0xf2,

    /* U+00E5 "å" */
    0x0, 0x0, 0x0, 0x1, 0x0, 0x0, 0x0, 0x0,
    0x0, 0x8, 0xff, 0xd3, 0x0, 0x0, 0x0, 0x0,
    0x6f, 0x95, 0xce, 0x0, 0x0, 0x0, 0x0, 0x9e,
    0x0, 0x4f, 0x40, 0x0, 0x0, 0x0, 0x7f, 0x62,
    0xaf, 0x10, 0x0, 0x0, 0x0, 0xb, 0xff, 0xf6,
    0x0, 0x0, 0x0, 0x0, 0x0, 0x24, 0x10, 0x0,
    0x0, 0x0, 0x0, 0x0, 0x0, 0x0, 0x0, 0x0,
    0x0, 0x17, 0xbe, 0xff, 0xda, 0x30, 0x0, 0x5,
    0xff, 0xff, 0xff, 0xff, 0xf9, 0x0, 0x1, 0xff,
    0xff, 0xff, 0xff, 0xff, 0x60, 0x0, 0x78, 0x30,
    0x1, 0x7f, 0xff, 0xd0, 0x0, 0x0, 0x0, 0x0,
    0xb, 0xff, 0xf0, 0x0, 0x18, 0xde, 0xff, 0xff,
    0xff, 0xf2, 0x3, 0xff, 0xff, 0xff, 0xff, 0xff,
    0xf2, 0xc, 0xff, 0xf6, 0x32, 0x2a, 0xff, 0xf2,
    0xf, 0xff, 0x90, 0x0, 0xa, 0xff, 0xf2, 0xf,
    0xff, 0xb0, 0x0, 0x3f, 0xff, 0xf2, 0xc, 0xff,
    0xfc, 0x8a, 0xff, 0xff, 0xf2, 0x2, 0xff, 0xff,
    0xff, 0xfc, 0xff, 0xf2, 0x0, 0x19, 0xdf, 0xeb,
    0x45, 0xff, 0xf2,

    /* U+00E6 "æ" */
    0x0, 0x17, 0xbe, 0xff, 0xd8, 0x20, 0x5, 0xbe,
    0xfe, 0xb5, 0x0, 0x0, 0x5, 0xff, 0xff, 0xff,
    0xff, 0xf6, 0xcf, 0xff, 0xff, 0xff, 0xc1, 0x0,
    0x1, 0xff, 0xff, 0xff, 0xff, 0xff, 0xff, 0xff,
    0xff, 0xff, 0xfd, 0x0, 0x0, 0x78, 0x30, 0x1,
    0x7f, 0xff, 0xff, 0x61, 0x2, 0x9f, 0xff, 0x80,
    0x0, 0x0, 0x0, 0x0, 0xb, 0xff, 0xf6, 0x0,
    0x0, 0xb, 0xff, 0xd0, 0x0, 0x18, 0xde, 0xff,
    0xff, 0xff, 0xff, 0xff, 0xff, 0xff, 0xff, 0xf0,
    0x3, 0xff, 0xff, 0xff, 0xff, 0xff, 0xff, 0xff,
    0xff, 0xff, 0xff, 0xf1, 0xd, 0xff, 0xf6, 0x32,
    0x2a, 0xff, 0xf7, 0x22, 0x22, 0x22, 0x22, 0x20,
    0xf, 0xff, 0x90, 0x0, 0xb, 0xff, 0xfc, 0x0,
    0x0, 0x0, 0x10, 0x0, 0xf, 0xff, 0xb0, 0x0,
    0x3f, 0xff, 0xff, 0xb3, 0x0, 0x4c, 0xd1, 0x0,
    0xb, 0xff, 0xfc, 0x8a, 0xff, 0xff, 0xff, 0xff,
    0xff, 0xff, 0xfc, 0x0, 0x2, 0xef, 0xff, 0xff,
    0xff, 0x92, 0xcf, 0xff, 0xff, 0xff, 0xf8, 0x0,
    0x0, 0x7, 0xcf, 0xfe, 0xa4, 0x0, 0x5, 0xbe,
    0xff, 0xd9, 0x20, 0x0,

    /* U+00E7 "ç" */
    0x0, 0x0, 0x39, 0xdf, 0xfd, 0x82, 0x0, 0x0,
    0xa, 0xff, 0xff, 0xff, 0xff, 0x60, 0x0, 0xbf,
    0xff, 0xff, 0xff, 0xff, 0xf4, 0x7, 0xff, 0xfe,
    0x51, 0x17, 0xff, 0xe5, 0xe, 0xff, 0xf2, 0x0,
    0x0, 0x57, 0x0, 0x1f, 0xff, 0xb0, 0x0, 0x0,
    0x0, 0x0, 0x3f, 0xff, 0x90, 0x0, 0x0, 0x0,
    0x0, 0x1f, 0xff, 0xb0, 0x0, 0x0, 0x0, 0x0,
    0xe, 0xff, 0xf2, 0x0, 0x0, 0x45, 0x0, 0x7,
    0xff, 0xfe, 0x40, 0x6, 0xff, 0xd4, 0x0, 0xcf,
    0xff, 0xff, 0xff, 0xff, 0xf4, 0x0, 0x1b, 0xff,
    0xff, 0xff, 0xff, 0x70, 0x0, 0x0, 0x4b, 0xff,
    0xfe, 0xa3, 0x0, 0x0, 0x0, 0x0, 0x9f, 0x60,
    0x0, 0x0, 0x0, 0x0, 0x0, 0xcf, 0xc5, 0x0,
    0x0, 0x0, 0x0, 0x0, 0x69, 0xff, 0x20, 0x0,
    0x0, 0x0, 0x3, 0x3, 0xff, 0x40, 0x0, 0x0,
    0x0, 0x2f, 0xff, 0xfd, 0x0, 0x0, 0x0, 0x0,
    0x18, 0xba, 0x71, 0x0, 0x0,

    /* U+00E8 "è" */
    0x0, 0x1c, 0xff, 0xe1, 0x0, 0x0, 0x0, 0x0,
    0x0, 0x9, 0xff, 0xd1, 0x0, 0x0, 0x0, 0x0,
    0x0, 0x6, 0xff, 0xc0, 0x0, 0x0, 0x0, 0x0,
    0x0, 0x3, 0x88, 0x40, 0x0, 0x0, 0x0, 0x0,
    0x0, 0x0, 0x0, 0x0, 0x0, 0x0, 0x0, 0x4,
    0xad, 0xfe, 0xc7, 0x10, 0x0, 0x0, 0x1b, 0xff,
    0xff, 0xff, 0xfe, 0x40, 0x0, 0xc, 0xff, 0xff,
    0xde, 0xff, 0xff, 0x30, 0x7, 0xff, 0xf7, 0x0,
    0x4, 0xef, 0xfc, 0x0, 0xef, 0xfb, 0x0, 0x0,
    0x5, 0xff, 0xf2, 0x1f, 0xff, 0xff, 0xff, 0xff,
    0xff, 0xff, 0x43, 0xff, 0xff, 0xff, 0xff, 0xff,
    0xff, 0xf5, 0x1f, 0xff, 0xb2, 0x22, 0x22, 0x22,
    0x22, 0x0, 0xef, 0xff, 0x20, 0x0, 0x0, 0x20,
    0x0, 0x7, 0xff, 0xfe, 0x50, 0x2, 0x9f, 0x30,
    0x0, 0xc, 0xff, 0xff, 0xff, 0xff, 0xfe, 0x20,
    0x0, 0x1a, 0xff, 0xff, 0xff, 0xff, 0xb1, 0x0,
    0x0, 0x3, 0x9d, 0xff, 0xea, 0x50, 0x0,

    /* U+00E9 "é" */
    0x0, 0x0, 0x0, 0x0, 0xcf, 0xfd, 0x20, 0x0,
    0x0, 0x0, 0x0, 0xbf, 0xfb, 0x10, 0x0, 0x0,
    0x0, 0x0, 0xaf, 0xf8, 0x0, 0x0, 0x0, 0x0,
    0x0, 0x28, 0x85, 0x0, 0x0, 0x0, 0x0, 0x0,
    0x0, 0x0, 0x0, 0x0, 0x0, 0x0, 0x0, 0x4,
    0xad, 0xfe, 0xc7, 0x10, 0x0, 0x0, 0x1b, 0xff,
    0xff, 0xff, 0xfe, 0x40, 0x0, 0xc, 0xff, 0xff,
    0xde, 0xff, 0xff, 0x30, 0x7, 0xff, 0xf7, 0x0,
    0x4, 0xef, 0xfc, 0x0, 0xef, 0xfb, 0x0, 0x0,
    0x5, 0xff, 0xf2, 0x1f, 0xff, 0xff, 0xff, 0xff,
    0xff, 0xff, 0x43, 0xff, 0xff, 0xff, 0xff, 0xff,
    0xff, 0xf5, 0x1f, 0xff, 0xb2, 0x22, 0x22, 0x22,
    0x22, 0x0, 0xef, 0xff, 0x20, 0x0, 0x0, 0x20,
    0x0, 0x7, 0xff, 0xfe, 0x50, 0x2, 0x9f, 0x30,
    0x0, 0xc, 0xff, 0xff, 0xff, 0xff, 0xfe, 0x20,
    0x0, 0x1a, 0xff, 0xff, 0xff, 0xff, 0xb1, 0x0,
    0x0, 0x3, 0x9d, 0xff, 0xea, 0x50, 0x0,

    /* U+00EA "ê" */
    0x0, 0x0, 0x8, 0xff, 0xfa, 0x0, 0x0, 0x0,
    0x0, 0x6, 0xff, 0xdf, 0xf9, 0x0, 0x0, 0x0,
    0x5, 0xff, 0x90, 0x7f, 0xf7, 0x0, 0x0, 0x0,
    0x78, 0x60, 0x0, 0x48, 0x71, 0x0, 0x0, 0x0,
    0x0, 0x0, 0x0, 0x0, 0x0, 0x0, 0x0, 0x4,
    0xad, 0xfe, 0xc7, 0x10, 0x0, 0x0, 0x1b, 0xff,
    0xff, 0xff, 0xfe, 0x40, 0x0, 0xc, 0xff, 0xff,
    0xde, 0xff, 0xff, 0x30, 0x7, 0xff, 0xf7, 0x0,
    0x4, 0xef, 0xfc, 0x0, 0xef, 0xfb, 0x0, 0x0,
    0x5, 0xff, 0xf2, 0x1f, 0xff, 0xff, 0xff, 0xff,
    0xff, 0xff, 0x43, 0xff, 0xff, 0xff, 0xff, 0xff,
    0xff, 0xf5, 0x1f, 0xff, 0xb2, 0x22, 0x22, 0x22,
    0x22, 0x0, 0xef, 0xff, 0x20, 0x0, 0x0, 0x20,
    0x0, 0x7, 0xff, 0xfe, 0x50, 0x2, 0x9f, 0x30,
    0x0, 0xc, 0xff, 0xff, 0xff, 0xff, 0xfe, 0x20,
    0x0, 0x1a, 0xff, 0xff, 0xff, 0xff, 0xb1, 0x0,
    0x0, 0x3, 0x9d, 0xff, 0xea, 0x50, 0x0,

    /* U+00EB "ë" */
    0x0, 0x1, 0xde, 0x50, 0x3e, 0xe3, 0x0, 0x0,
    0x0, 0x7f, 0xfc, 0x9, 0xff, 0xa0, 0x0, 0x0,
    0x3, 0xff, 0x80, 0x5f, 0xf6, 0x0, 0x0, 0x0,
    0x2, 0x30, 0x0, 0x22, 0x0, 0x0, 0x0, 0x0,
    0x0, 0x0, 0x0, 0x0, 0x0, 0x0, 0x0, 0x4,
    0xad, 0xfe, 0xc7, 0x10, 0x0, 0x0, 0x1b, 0xff,
    0xff, 0xff, 0xfe, 0x40, 0x0, 0xc, 0xff, 0xff,
    0xde, 0xff, 0xff, 0x30, 0x7, 0xff, 0xf7, 0x0,
    0x4, 0xef, 0xfc, 0x0, 0xef, 0xfb, 0x0, 0x0,
    0x5, 0xff, 0xf2, 0x1f, 0xff, 0xff, 0xff, 0xff,
    0xff, 0xff, 0x43, 0xff, 0xff, 0xff, 0xff, 0xff,
    0xff, 0xf5, 0x1f, 0xff, 0xb2, 0x22, 0x22, 0x22,
    0x22, 0x0, 0xef, 0xff, 0x20, 0x0, 0x0, 0x20,
    0x0, 0x7, 0xff, 0xfe, 0x50, 0x2, 0x9f, 0x30,
    0x0, 0xc, 0xff, 0xff, 0xff, 0xff, 0xfe, 0x20,
    0x0, 0x1a, 0xff, 0xff, 0xff, 0xff, 0xb1, 0x0,
    0x0, 0x3, 0x9d, 0xff, 0xea, 0x50, 0x0,

    /* U+00EC "ì" */
    0x1c, 0xff, 0xe1, 0x0, 0x0, 0x9f, 0xfd, 0x10,
    0x0, 0x6, 0xff, 0xc0, 0x0, 0x0, 0x38, 0x84,
    0x0, 0x0, 0x0, 0x0, 0x0, 0x4, 0xff, 0xf7,
    0x0, 0x4, 0xff, 0xf7, 0x0, 0x4, 0xff, 0xf7,
    0x0, 0x4, 0xff, 0xf7, 0x0, 0x4, 0xff, 0xf7,
    0x0, 0x4, 0xff, 0xf7, 0x0, 0x4, 0xff, 0xf7,
    0x0, 0x4, 0xff, 0xf7, 0x0, 0x4, 0xff, 0xf7,
    0x0, 0x4, 0xff, 0xf7, 0x0, 0x4, 0xff, 0xf7,
    0x0, 0x4, 0xff, 0xf7, 0x0, 0x4, 0xff, 0xf7,

    /* U+00ED "í" */
    0x0, 0xc, 0xff, 0xe3, 0x0, 0xbf, 0xfb, 0x10,
    0xa, 0xff, 0x90, 0x0, 0x28, 0x85, 0x0, 0x0,
    0x0, 0x0, 0x0, 0x0, 0x4f, 0xff, 0x70, 0x0,
    0x4f, 0xff, 0x70, 0x0, 0x4f, 0xff, 0x70, 0x0,
    0x4f, 0xff, 0x70, 0x0, 0x4f, 0xff, 0x70, 0x0,
    0x4f, 0xff, 0x70, 0x0, 0x4f, 0xff, 0x70, 0x0,
    0x4f, 0xff, 0x70, 0x0, 0x4f, 0xff, 0x70, 0x0,
    0x4f, 0xff, 0x70, 0x0, 0x4f, 0xff, 0x70, 0x0,
    0x4f, 0xff, 0x70, 0x0, 0x4f, 0xff, 0x70, 0x0,

    /* U+00EE "î" */
    0x0, 0x6f, 0xff, 0x90, 0x0, 0x2f, 0xff, 0xff,
    0x50, 0xd, 0xfd, 0x1b, 0xff, 0x23, 0x88, 0x20,
    0x7, 0x85, 0x0, 0x0, 0x0, 0x0, 0x0, 0x4,
    0xff, 0xf7, 0x0, 0x0, 0x4f, 0xff, 0x70, 0x0,
    0x4, 0xff, 0xf7, 0x0, 0x0, 0x4f, 0xff, 0x70,
    0x0, 0x4, 0xff, 0xf7, 0x0, 0x0, 0x4f, 0xff,
    0x70, 0x0, 0x4, 0xff, 0xf7, 0x0, 0x0, 0x4f,
    0xff, 0x70, 0x0, 0x4, 0xff, 0xf7, 0x0, 0x0,
    0x4f, 0xff, 0x70, 0x0, 0x4, 0xff, 0xf7, 0x0,
    0x0, 0x4f, 0xff, 0x70, 0x0, 0x4, 0xff, 0xf7,
    0x0,

    /* U+00EF "ï" */
    0x6f, 0xa0, 0x8f, 0x90, 0xef, 0xf2, 0xff, 0xf1,
    0x9f, 0xd0, 0xbf, 0xc0, 0x2, 0x0, 0x3, 0x0,
    0x0, 0x0, 0x0, 0x0, 0x4, 0xff, 0xf7, 0x0,
    0x4, 0xff, 0xf7, 0x0, 0x4, 0xff, 0xf7, 0x0,
    0x4, 0xff, 0xf7, 0x0, 0x4, 0xff, 0xf7, 0x0,
    0x4, 0xff, 0xf7, 0x0, 0x4, 0xff, 0xf7, 0x0,
    0x4, 0xff, 0xf7, 0x0, 0x4, 0xff, 0xf7, 0x0,
    0x4, 0xff, 0xf7, 0x0, 0x4, 0xff, 0xf7, 0x0,
    0x4, 0xff, 0xf7, 0x0, 0x4, 0xff, 0xf7, 0x0,

    /* U+00F0 "ð" */
    0x0, 0x0, 0x7a, 0x30, 0x0, 0x3, 0x0, 0x0,
    0x1d, 0xff, 0xf9, 0x15, 0xcf, 0x60, 0x0, 0x2,
    0xaf, 0xff, 0xff, 0xfa, 0x30, 0x0, 0x0, 0x1b,
    0xff, 0xff, 0x60, 0x0, 0x0, 0x29, 0xff, 0xec,
    0xff, 0xf2, 0x0, 0x0, 0x7f, 0xd6, 0x0, 0xcf,
    0xfd, 0x0, 0x0, 0x4, 0x0, 0x0, 0x1e, 0xff,
    0x80, 0x0, 0x1, 0x69, 0x96, 0x16, 0xff, 0xf0,
    0x0, 0x8f, 0xff, 0xff, 0xf9, 0xff, 0xf5, 0x7,
    0xff, 0xff, 0xff, 0xff, 0xff, 0xf9, 0xf, 0xff,
    0xf6, 0x11, 0x6f, 0xff, 0xfb, 0x4f, 0xff, 0x70,
    0x0, 0x7, 0xff, 0xfb, 0x6f, 0xff, 0x30, 0x0,
    0x3, 0xff, 0xfa, 0x4f, 0xff, 0x60, 0x0, 0x6,
    0xff, 0xf6, 0x1f, 0xff, 0xe3, 0x0, 0x4e, 0xff,
    0xf1, 0x8, 0xff, 0xff, 0xff, 0xff, 0xff, 0x60,
    0x0, 0xaf, 0xff, 0xff, 0xff, 0xf6, 0x0, 0x0,
    0x4, 0xae, 0xfe, 0xd8, 0x20, 0x0,

    /* U+00F1 "ñ" */
    0x0, 0x2, 0xcf, 0xd7, 0x13, 0xfd, 0x0, 0x0,
    0xd, 0xff, 0xff, 0xff, 0xf9, 0x0, 0x0, 0x2f,
    0xe3, 0x5c, 0xff, 0xb1, 0x0, 0x0, 0x2, 0x10,
    0x0, 0x0, 0x0, 0x0, 0x0, 0x0, 0x0, 0x0,
    0x0, 0x0, 0x0, 0x4f, 0xff, 0x44, 0xae, 0xfe,
    0xa3, 0x0, 0x4f, 0xff, 0xcf, 0xff, 0xff, 0xff,
    0x70, 0x4f, 0xff, 0xff, 0xff, 0xff, 0xff, 0xf3,
    0x4f, 0xff, 0xfb, 0x30, 0x3c, 0xff, 0xf9, 0x4f,
    0xff, 0xe0, 0x0, 0x2, 0xff, 0xfc, 0x4f, 0xff,
    0x90, 0x0, 0x0, 0xef, 0xfe, 0x4f, 0xff, 0x70,
    0x0, 0x0, 0xdf, 0xfe, 0x4f, 0xff, 0x70, 0x0,
    0x0, 0xdf, 0xfe, 0x4f, 0xff, 0x70, 0x0, 0x0,
    0xdf, 0xfe, 0x4f, 0xff, 0x70, 0x0, 0x0, 0xdf,
    0xfe, 0x4f, 0xff, 0x70, 0x0, 0x0, 0xdf, 0xfe,
    0x4f, 0xff, 0x70, 0x0, 0x0, 0xdf, 0xfe, 0x4f,
    0xff, 0x70, 0x0, 0x0, 0xdf, 0xfe,

    /* U+00F2 "ò" */
    0x0, 0x9, 0xff, 0xf4, 0x0, 0x0, 0x0, 0x0,
    0x0, 0x6, 0xff, 0xf3, 0x0, 0x0, 0x0, 0x0,
    0x0, 0x3, 0xef, 0xe2, 0x0, 0x0, 0x0, 0x0,
    0x0, 0x1, 0x78, 0x60, 0x0, 0x0, 0x0, 0x0,
    0x0, 0x0, 0x0, 0x0, 0x0, 0x0, 0x0, 0x4,
    0xad, 0xfe, 0xd8, 0x20, 0x0, 0x0, 0x1a, 0xff,
    0xff, 0xff, 0xff, 0x70, 0x0, 0xc, 0xff, 0xff,
    0xff, 0xff, 0xff, 0x80, 0x7, 0xff, 0xfe, 0x51,
    0x27, 0xff, 0xff, 0x30, 0xef, 0xff, 0x20, 0x0,
    0x6, 0xff, 0xf9, 0x1f, 0xff, 0xb0, 0x0, 0x0,
    0xf, 0xff, 0xd3, 0xff, 0xf9, 0x0, 0x0, 0x0,
    0xdf, 0xfe, 0x1f, 0xff, 0xb0, 0x0, 0x0, 0xf,
    0xff, 0xd0, 0xef, 0xff, 0x20, 0x0, 0x6, 0xff,
    0xf9, 0x7, 0xff, 0xfe, 0x51, 0x27, 0xff, 0xff,
    0x30, 0xc, 0xff, 0xff, 0xff, 0xff, 0xff, 0x80,
    0x0, 0x1a, 0xff, 0xff, 0xff, 0xff, 0x70, 0x0,
    0x0, 0x4, 0xad, 0xfe, 0xd8, 0x20, 0x0,

    /* U+00F3 "ó" */
    0x0, 0x0, 0x0, 0x0, 0x9f, 0xff, 0x50, 0x0,
    0x0, 0x0, 0x0, 0x8f, 0xfd, 0x20, 0x0, 0x0,
    0x0, 0x0, 0x6f, 0xfb, 0x10, 0x0, 0x0, 0x0,
    0x0, 0x17, 0x86, 0x0, 0x0, 0x0, 0x0, 0x0,
    0x0, 0x0, 0x0, 0x0, 0x0, 0x0, 0x0, 0x4,
    0xad, 0xfe, 0xd8, 0x20, 0x0, 0x0, 0x1a, 0xff,
    0xff, 0xff, 0xff, 0x70, 0x0, 0xc, 0xff, 0xff,
    0xff, 0xff, 0xff, 0x80, 0x7, 0xff, 0xfe, 0x51,
    0x27, 0xff, 0xff, 0x30, 0xef, 0xff, 0x20, 0x0,
    0x6, 0xff, 0xf9, 0x1f, 0xff, 0xb0, 0x0, 0x0,
    0xf, 0xff, 0xd3, 0xff, 0xf9, 0x0, 0x0, 0x0,
    0xdf, 0xfe, 0x1f, 0xff, 0xb0, 0x0, 0x0, 0xf,
    0xff, 0xd0, 0xef, 0xff, 0x20, 0x0, 0x6, 0xff,
    0xf9, 0x7, 0xff, 0xfe, 0x51, 0x27, 0xff, 0xff,
    0x30, 0xc, 0xff, 0xff, 0xff, 0xff, 0xff, 0x80,
    0x0, 0x1a, 0xff, 0xff, 0xff, 0xff, 0x70, 0x0,
    0x0, 0x4, 0xad, 0xfe, 0xd8, 0x20, 0x0,

    /* U+00F4 "ô" */
    0x0, 0x0, 0x4, 0xff, 0xfd, 0x10, 0x0, 0x0,
    0x0, 0x3, 0xff, 0xef, 0xfc, 0x0, 0x0, 0x0,
    0x2, 0xef, 0xc1, 0x4f, 0xfb, 0x0, 0x0, 0x0,
    0x68, 0x70, 0x0, 0x38, 0x83, 0x0, 0x0, 0x0,
    0x0, 0x0, 0x0, 0x0, 0x0, 0x0, 0x0, 0x4,
    0xad, 0xfe, 0xd8, 0x20, 0x0, 0x0, 0x1a, 0xff,
    0xff, 0xff, 0xff, 0x70, 0x0, 0xc, 0xff, 0xff,
    0xff, 0xff, 0xff, 0x80, 0x7, 0xff, 0xfe, 0x51,
    0x27, 0xff, 0xff, 0x30, 0xef, 0xff, 0x20, 0x0,
    0x6, 0xff, 0xf9, 0x1f, 0xff, 0xb0, 0x0, 0x0,
    0xf, 0xff, 0xd3, 0xff, 0xf9, 0x0, 0x0, 0x0,
    0xdf, 0xfe, 0x1f, 0xff, 0xb0, 0x0, 0x0, 0xf,
    0xff, 0xd0, 0xef, 0xff, 0x20, 0x0, 0x6, 0xff,
    0xf9, 0x7, 0xff, 0xfe, 0x51, 0x27, 0xff, 0xff,
    0x30, 0xc, 0xff, 0xff, 0xff, 0xff, 0xff, 0x80,
    0x0, 0x1a, 0xff, 0xff, 0xff, 0xff, 0x70, 0x0,
    0x0, 0x4, 0xad, 0xfe, 0xd8, 0x20, 0x0,

    /* U+00F5 "õ" */
    0x0, 0x0, 0x0, 0x10, 0x0, 0x12, 0x0, 0x0,
    0x0, 0x9, 0xff, 0xc4, 0xb, 0xf5, 0x0, 0x0,
    0x6, 0xff, 0xff, 0xff, 0xff, 0x10, 0x0, 0x0,
    0xaf, 0x61, 0x7e, 0xfe, 0x50, 0x0, 0x0, 0x1,
    0x20, 0x0, 0x1, 0x0, 0x0, 0x0, 0x0, 0x0,
    0x0, 0x0, 0x0, 0x0, 0x0, 0x0, 0x0, 0x4a,
    0xdf, 0xed, 0x82, 0x0, 0x0, 0x1, 0xaf, 0xff,
    0xff, 0xff, 0xf7, 0x0, 0x0, 0xcf, 0xff, 0xff,
    0xff, 0xff, 0xf8, 0x0, 0x7f, 0xff, 0xe5, 0x12,
    0x7f, 0xff, 0xf3, 0xe, 0xff, 0xf2, 0x0, 0x0,
    0x6f, 0xff, 0x91, 0xff, 0xfb, 0x0, 0x0, 0x0,
    0xff, 0xfd, 0x3f, 0xff, 0x90, 0x0, 0x0, 0xd,
    0xff, 0xe1, 0xff, 0xfb, 0x0, 0x0, 0x0, 0xff,
    0xfd, 0xe, 0xff, 0xf2, 0x0, 0x0, 0x6f, 0xff,
    0x90, 0x7f, 0xff, 0xe5, 0x12, 0x7f, 0xff, 0xf3,
    0x0, 0xcf, 0xff, 0xff, 0xff, 0xff, 0xf8, 0x0,
    0x1, 0xaf, 0xff, 0xff, 0xff, 0xf7, 0x0, 0x0,
    0x0, 0x4a, 0xdf, 0xed, 0x82, 0x0, 0x0,

    /* U+00F6 "ö" */
    0x0, 0x0, 0xbf, 0x80, 0x1c, 0xf6, 0x0, 0x0,
    0x0, 0x3f, 0xff, 0x5, 0xff, 0xd0, 0x0, 0x0,
    0x1, 0xef, 0xc0, 0x2f, 0xf9, 0x0, 0x0, 0x0,
    0x1, 0x30, 0x0, 0x13, 0x0, 0x0, 0x0, 0x0,
    0x0, 0x0, 0x0, 0x0, 0x0, 0x0, 0x0, 0x4,
    0xad, 0xfe, 0xd8, 0x20, 0x0, 0x0, 0x1a, 0xff,
    0xff, 0xff, 0xff, 0x70, 0x0, 0xc, 0xff, 0xff,
    0xff, 0xff, 0xff, 0x80, 0x7, 0xff, 0xfe, 0x51,
    0x27, 0xff, 0xff, 0x30, 0xef, 0xff, 0x20, 0x0,
    0x6, 0xff, 0xf9, 0x1f, 0xff, 0xb0, 0x0, 0x0,
    0xf, 0xff, 0xd3, 0xff, 0xf9, 0x0, 0x0, 0x0,
    0xdf, 0xfe, 0x1f, 0xff, 0xb0, 0x0, 0x0, 0xf,
    0xff, 0xd0, 0xef, 0xff, 0x20, 0x0, 0x6, 0xff,
    0xf9, 0x7, 0xff, 0xfe, 0x51, 0x27, 0xff, 0xff,
    0x30, 0xc, 0xff, 0xff, 0xff, 0xff, 0xff, 0x80,
    0x0, 0x1a, 0xff, 0xff, 0xff, 0xff, 0x70, 0x0,
    0x0, 0x4, 0xad, 0xfe, 0xd8, 0x20, 0x0,

    /* U+00F7 "÷" */
    0x0, 0x0, 0x2c, 0xe6, 0x0, 0x0, 0x0, 0x0,
    0xbf, 0xff, 0x10, 0x0, 0x0, 0x0, 0xbf, 0xff,
    0x10, 0x0, 0x0, 0x0, 0x2d, 0xf7, 0x0, 0x0,
    0x0, 0x0, 0x0, 0x0, 0x0, 0x0, 0x0, 0x0,
    0x0, 0x0, 0x0, 0x0, 0x8f, 0xff, 0xff, 0xff,
    0xff, 0xfe, 0x8f, 0xff, 0xff, 0xff, 0xff, 0xfe,
    0x7e, 0xee, 0xee, 0xee, 0xee, 0xed, 0x0, 0x0,
    0x0, 0x0, 0x0, 0x0, 0x0, 0x0, 0x2c, 0xe6,
    0x0, 0x0, 0x0, 0x0, 0xbf, 0xff, 0x10, 0x0,
    0x0, 0x0, 0xbf, 0xff, 0x10, 0x0, 0x0, 0x0,
    0x2d, 0xf7, 0x0, 0x0,

    /* U+00F8 "ø" */
    0x0, 0x0, 0x0, 0x0, 0x0, 0x18, 0x60, 0x0,
    0x0, 0x0, 0x0, 0x0, 0x8, 0xf7, 0x0, 0x0,
    0x0, 0x4a, 0xdf, 0xfd, 0xfe, 0x0, 0x0, 0x1,
    0xaf, 0xff, 0xff, 0xff, 0xf7, 0x0, 0x0, 0xcf,
    0xff, 0xff, 0xff, 0xff, 0xf8, 0x0, 0x7f, 0xff,
    0xe5, 0x1a, 0xff, 0xff, 0xf3, 0xe, 0xff, 0xf2,
    0x2, 0xfd, 0x6f, 0xff, 0xa1, 0xff, 0xfb, 0x0,
    0xaf, 0x50, 0xff, 0xfd, 0x3f, 0xff, 0x90, 0x2f,
    0xc0, 0xd, 0xff, 0xe1, 0xff, 0xfa, 0xa, 0xf4,
    0x0, 0xff, 0xfd, 0xd, 0xff, 0xf5, 0xfb, 0x0,
    0x6f, 0xff, 0x90, 0x6f, 0xff, 0xff, 0x42, 0x7f,
    0xff, 0xf3, 0x0, 0xbf, 0xff, 0xff, 0xff, 0xff,
    0xf8, 0x0, 0x0, 0xaf, 0xff, 0xff, 0xff, 0xf7,
    0x0, 0x0, 0x6, 0xfd, 0xef, 0xed, 0x82, 0x0,
    0x0, 0x0, 0xef, 0x10, 0x0, 0x0, 0x0, 0x0,
    0x0, 0x28, 0x50, 0x0, 0x0, 0x0, 0x0, 0x0,

    /* U+00F9 "ù" */
    0x0, 0x5f, 0xff, 0x90, 0x0, 0x0, 0x0, 0x0,
    0x2, 0xdf, 0xf8, 0x0, 0x0, 0x0, 0x0, 0x0,
    0x1b, 0xff, 0x70, 0x0, 0x0, 0x0, 0x0, 0x0,
    0x68, 0x71, 0x0, 0x0, 0x0, 0x0, 0x0, 0x0,
    0x0, 0x0, 0x0, 0x5f, 0xff, 0x60, 0x0, 0x0,
    0xff, 0xfb, 0x5f, 0xff, 0x60, 0x0, 0x0, 0xff,
    0xfb, 0x5f, 0xff, 0x60, 0x0, 0x0, 0xff, 0xfb,
    0x5f, 0xff, 0x60, 0x0, 0x0, 0xff, 0xfb, 0x5f,
    0xff, 0x60, 0x0, 0x0, 0xff, 0xfb, 0x5f, 0xff,
    0x60, 0x0, 0x0, 0xff, 0xfb, 0x5f, 0xff, 0x60,
    0x0, 0x0, 0xff, 0xfb, 0x5f, 0xff, 0x80, 0x0,
    0x2, 0xff, 0xfb, 0x3f, 0xff, 0xc0, 0x0, 0x9,
    0xff, 0xfb, 0xf, 0xff, 0xfa, 0x44, 0x9f, 0xff,
    0xfb, 0x9, 0xff, 0xff, 0xff, 0xff, 0xff, 0xfb,
    0x0, 0xcf, 0xff, 0xff, 0xfd, 0xef, 0xfb, 0x0,
    0x7, 0xce, 0xfd, 0x70, 0xdf, 0xfb,

    /* U+00FA "ú" */
    0x0, 0x0, 0x0, 0x4, 0xff, 0xf9, 0x0, 0x0,
    0x0, 0x0, 0x3f, 0xff, 0x60, 0x0, 0x0, 0x0,
    0x2, 0xef, 0xe3, 0x0, 0x0, 0x0, 0x0, 0x6,
    0x87, 0x10, 0x0, 0x0, 0x0, 0x0, 0x0, 0x0,
    0x0, 0x0, 0x0, 0x5f, 0xff, 0x60, 0x0, 0x0,
    0xff, 0xfb, 0x5f, 0xff, 0x60, 0x0, 0x0, 0xff,
    0xfb, 0x5f, 0xff, 0x60, 0x0, 0x0, 0xff, 0xfb,
    0x5f, 0xff, 0x60, 0x0, 0x0, 0xff, 0xfb, 0x5f,
    0xff, 0x60, 0x0, 0x0, 0xff, 0xfb, 0x5f, 0xff,
    0x60, 0x0, 0x0, 0xff, 0xfb, 0x5f, 0xff, 0x60,
    0x0, 0x0, 0xff, 0xfb, 0x5f, 0xff, 0x80, 0x0,
    0x2, 0xff, 0xfb, 0x3f, 0xff, 0xc0, 0x0, 0x9,
    0xff, 0xfb, 0xf, 0xff, 0xfa, 0x44, 0x9f, 0xff,
    0xfb, 0x9, 0xff, 0xff, 0xff, 0xff, 0xff, 0xfb,
    0x0, 0xcf, 0xff, 0xff, 0xfd, 0xef, 0xfb, 0x0,
    0x7, 0xce, 0xfd, 0x70, 0xdf, 0xfb,

    /* U+00FB "û" */
    0x0, 0x0, 0x1d, 0xff, 0xf4, 0x0, 0x0, 0x0,
    0x0, 0xcf, 0xfe, 0xff, 0x30, 0x0, 0x0, 0xb,
    0xff, 0x41, 0xcf, 0xe2, 0x0, 0x0, 0x38, 0x83,
    0x0, 0x7, 0x86, 0x0, 0x0, 0x0, 0x0, 0x0,
    0x0, 0x0, 0x0, 0x5f, 0xff, 0x60, 0x0, 0x0,
    0xff, 0xfb, 0x5f, 0xff, 0x60, 0x0, 0x0, 0xff,
    0xfb, 0x5f, 0xff, 0x60, 0x0, 0x0, 0xff, 0xfb,
    0x5f, 0xff, 0x60, 0x0, 0x0, 0xff, 0xfb, 0x5f,
    0xff, 0x60, 0x0, 0x0, 0xff, 0xfb, 0x5f, 0xff,
    0x60, 0x0, 0x0, 0xff, 0xfb, 0x5f, 0xff, 0x60,
    0x0, 0x0, 0xff, 0xfb, 0x5f, 0xff, 0x80, 0x0,
    0x2, 0xff, 0xfb, 0x3f, 0xff, 0xc0, 0x0, 0x9,
    0xff, 0xfb, 0xf, 0xff, 0xfa, 0x44, 0x9f, 0xff,
    0xfb, 0x9, 0xff, 0xff, 0xff, 0xff, 0xff, 0xfb,
    0x0, 0xcf, 0xff, 0xff, 0xfd, 0xef, 0xfb, 0x0,
    0x7, 0xce, 0xfd, 0x70, 0xdf, 0xfb,

    /* U+00FC "ü" */
    0x0, 0x6, 0xfc, 0x10, 0x8f, 0xb0, 0x0, 0x0,
    0xd, 0xff, 0x50, 0xff, 0xf3, 0x0, 0x0, 0xa,
    0xff, 0x20, 0xcf, 0xe1, 0x0, 0x0, 0x0, 0x31,
    0x0, 0x3, 0x10, 0x0, 0x0, 0x0, 0x0, 0x0,
    0x0, 0x0, 0x0, 0x5f, 0xff, 0x60, 0x0, 0x0,
    0xff, 0xfb, 0x5f, 0xff, 0x60, 0x0, 0x0, 0xff,
    0xfb, 0x5f, 0xff, 0x60, 0x0, 0x0, 0xff, 0xfb,
    0x5f, 0xff, 0x60, 0x0, 0x0, 0xff, 0xfb, 0x5f,
    0xff, 0x60, 0x0, 0x0, 0xff, 0xfb, 0x5f, 0xff,
    0x60, 0x0, 0x0, 0xff, 0xfb, 0x5f, 0xff, 0x60,
    0x0, 0x0, 0xff, 0xfb, 0x5f, 0xff, 0x80, 0x0,
    0x2, 0xff, 0xfb, 0x3f, 0xff, 0xc0, 0x0, 0x9,
    0xff, 0xfb, 0xf, 0xff, 0xfa, 0x44, 0x9f, 0xff,
    0xfb, 0x9, 0xff, 0xff, 0xff, 0xff, 0xff, 0xfb,
    0x0, 0xcf, 0xff, 0xff, 0xfd, 0xef, 0xfb, 0x0,
    0x7, 0xce, 0xfd, 0x70, 0xdf, 0xfb,

    /* U+00FD "ý" */
    0x0, 0x0, 0x0, 0x0, 0x28, 0x88, 0x50, 0x0,
    0x0, 0x0, 0x0, 0x3, 0xef, 0xf8, 0x0, 0x0,
    0x0, 0x0, 0x0, 0x3f, 0xfd, 0x30, 0x0, 0x0,
    0x0, 0x0, 0x0, 0x78, 0x70, 0x0, 0x0, 0x0,
    0x0, 0x0, 0x0, 0x0, 0x0, 0x0, 0x0, 0x0,
    0xe, 0xff, 0xd0, 0x0, 0x0, 0x4, 0xff, 0xf5,
    0x8, 0xff, 0xf4, 0x0, 0x0, 0xa, 0xff, 0xe0,
    0x2, 0xff, 0xfb, 0x0, 0x0, 0x1f, 0xff, 0x70,
    0x0, 0xbf, 0xff, 0x10, 0x0, 0x7f, 0xff, 0x10,
    0x0, 0x4f, 0xff, 0x80, 0x0, 0xef, 0xfa, 0x0,
    0x0, 0xd, 0xff, 0xe0, 0x4, 0xff, 0xf3, 0x0,
    0x0, 0x7, 0xff, 0xf5, 0xb, 0xff, 0xd0, 0x0,
    0x0, 0x1, 0xff, 0xfb, 0x2f, 0xff, 0x60, 0x0,
    0x0, 0x0, 0x9f, 0xff, 0xaf, 0xfe, 0x0, 0x0,
    0x0, 0x0, 0x2f, 0xff, 0xff, 0xf8, 0x0, 0x0,
    0x0, 0x0, 0xc, 0xff, 0xff, 0xf2, 0x0, 0x0,
    0x0, 0x0, 0x5, 0xff, 0xff, 0xb0, 0x0, 0x0,
    0x0, 0x0, 0x0, 0xef, 0xff, 0x40, 0x0, 0x0,
    0x0, 0x0, 0x0, 0xbf, 0xfd, 0x0, 0x0, 0x0,
    0x1, 0x92, 0x7, 0xff, 0xf6, 0x0, 0x0, 0x0,
    0x8, 0xff, 0xff, 0xff, 0xd0, 0x0, 0x0, 0x0,
    0x1f, 0xff, 0xff, 0xfe, 0x20, 0x0, 0x0, 0x0,
    0x4, 0xbe, 0xfe, 0x91, 0x0, 0x0, 0x0, 0x0,

    /* U+00FE "þ" */
    0x14, 0x44, 0x10, 0x0, 0x0, 0x0, 0x0, 0x4,
    0xff, 0xf7, 0x0, 0x0, 0x0, 0x0, 0x0, 0x4f,
    0xff, 0x70, 0x0, 0x0, 0x0, 0x0, 0x4, 0xff,
    0xf7, 0x0, 0x0, 0x0, 0x0, 0x0, 0x4f, 0xff,
    0x70, 0x0, 0x0, 0x0, 0x0, 0x4, 0xff, 0xf7,
    0x4b, 0xef, 0xda, 0x30, 0x0, 0x4f, 0xff, 0xdf,
    0xff, 0xff, 0xff, 0x80, 0x4, 0xff, 0xff, 0xff,
    0xff, 0xff, 0xff, 0x70, 0x4f, 0xff, 0xfd, 0x41,
    0x29, 0xff, 0xff, 0x14, 0xff, 0xfe, 0x10, 0x0,
    0x9, 0xff, 0xf7, 0x4f, 0xff, 0x80, 0x0, 0x0,
    0x2f, 0xff, 0xa4, 0xff, 0xf7, 0x0, 0x0, 0x0,
    0xff, 0xfc, 0x4f, 0xff, 0x80, 0x0, 0x0, 0x2f,
    0xff, 0xa4, 0xff, 0xfe, 0x10, 0x0, 0x9, 0xff,
    0xf8, 0x4f, 0xff, 0xfd, 0x41, 0x29, 0xff, 0xff,
    0x24, 0xff, 0xff, 0xff, 0xff, 0xff, 0xff, 0x80,
    0x4f, 0xff, 0xdf, 0xff, 0xff, 0xff, 0x90, 0x4,
    0xff, 0xf7, 0x3a, 0xef, 0xda, 0x30, 0x0, 0x4f,
    0xff, 0x70, 0x0, 0x0, 0x0, 0x0, 0x4, 0xff,
    0xf7, 0x0, 0x0, 0x0, 0x0, 0x0, 0x4f, 0xff,
    0x70, 0x0, 0x0, 0x0, 0x0, 0x4, 0xff, 0xf7,
    0x0, 0x0, 0x0, 0x0, 0x0, 0x4f, 0xff, 0x70,
    0x0, 0x0, 0x0, 0x0, 0x0,

    /* U+00FF "ÿ" */
    0x0, 0x0, 0xaf, 0x90, 0xb, 0xf7, 0x0, 0x0,
    0x0, 0x2, 0xff, 0xf1, 0x4f, 0xff, 0x0, 0x0,
    0x0, 0x0, 0xdf, 0xd0, 0x1e, 0xfb, 0x0, 0x0,
    0x0, 0x0, 0x3, 0x0, 0x1, 0x30, 0x0, 0x0,
    0x0, 0x0, 0x0, 0x0, 0x0, 0x0, 0x0, 0x0,
    0xe, 0xff, 0xd0, 0x0, 0x0, 0x4, 0xff, 0xf5,
    0x8, 0xff, 0xf4, 0x0, 0x0, 0xa, 0xff, 0xe0,
    0x2, 0xff, 0xfb, 0x0, 0x0, 0x1f, 0xff, 0x70,
    0x0, 0xbf, 0xff, 0x10, 0x0, 0x7f, 0xff, 0x10,
    0x0, 0x4f, 0xff, 0x80, 0x0, 0xef, 0xfa, 0x0,
    0x0, 0xd, 0xff, 0xe0, 0x4, 0xff, 0xf3, 0x0,
    0x0, 0x7, 0xff, 0xf5, 0xb, 0xff, 0xd0, 0x0,
    0x0, 0x1, 0xff, 0xfb, 0x2f, 0xff, 0x60, 0x0,
    0x0, 0x0, 0x9f, 0xff, 0xaf, 0xfe, 0x0, 0x0,
    0x0, 0x0, 0x2f, 0xff, 0xff, 0xf8, 0x0, 0x0,
    0x0, 0x0, 0xc, 0xff, 0xff, 0xf2, 0x0, 0x0,
    0x0, 0x0, 0x5, 0xff, 0xff, 0xb0, 0x0, 0x0,
    0x0, 0x0, 0x0, 0xef, 0xff, 0x40, 0x0, 0x0,
    0x0, 0x0, 0x0, 0xbf, 0xfd, 0x0, 0x0, 0x0,
    0x1, 0x92, 0x7, 0xff, 0xf6, 0x0, 0x0, 0x0,
    0x8, 0xff, 0xff, 0xff, 0xd0, 0x0, 0x0, 0x0,
    0x1f, 0xff, 0xff, 0xfe, 0x20, 0x0, 0x0, 0x0,
    0x4, 0xbe, 0xfe, 0x91, 0x0, 0x0, 0x0, 0x0,

    /* U+010C "Č" */
    0x0, 0x0, 0x6, 0xa9, 0x20, 0x3, 0xaa, 0x40,
    0x0, 0x0, 0x0, 0xd, 0xfe, 0x35, 0xff, 0xa0,
    0x0, 0x0, 0x0, 0x0, 0x1d, 0xff, 0xff, 0xc0,
    0x0, 0x0, 0x0, 0x0, 0x0, 0x2c, 0xdd, 0xb0,
    0x0, 0x0, 0x0, 0x0, 0x0, 0x0, 0x0, 0x0,
    0x0, 0x0, 0x0, 0x0, 0x0, 0x7, 0xbf, 0xff,
    0xfc, 0x71, 0x0, 0x0, 0x0, 0x6e, 0xff, 0xff,
    0xff, 0xff, 0xf7, 0x0, 0x0, 0x8f, 0xff, 0xff,
    0xff, 0xff, 0xff, 0xf8, 0x0, 0x6f, 0xff, 0xfe,
    0x74, 0x46, 0xbf, 0xff, 0x50, 0x1f, 0xff, 0xfa,
    0x0, 0x0, 0x0, 0x5e, 0x40, 0x8, 0xff, 0xfc,
    0x0, 0x0, 0x0, 0x0, 0x0, 0x0, 0xcf, 0xff,
    0x40, 0x0, 0x0, 0x0, 0x0, 0x0, 0xf, 0xff,
    0xf0, 0x0, 0x0, 0x0, 0x0, 0x0, 0x0, 0xff,
    0xfe, 0x0, 0x0, 0x0, 0x0, 0x0, 0x0, 0xf,
    0xff, 0xf0, 0x0, 0x0, 0x0, 0x0, 0x0, 0x0,
    0xdf, 0xff, 0x30, 0x0, 0x0, 0x0, 0x0, 0x0,
    0x9, 0xff, 0xfa, 0x0, 0x0, 0x0, 0x0, 0x0,
    0x0, 0x2f, 0xff, 0xf7, 0x0, 0x0, 0x0, 0x2c,
    0x20, 0x0, 0x9f, 0xff, 0xfb, 0x41, 0x3, 0x8f,
    0xfe, 0x30, 0x0, 0xbf, 0xff, 0xff, 0xff, 0xff,
    0xff, 0xfa, 0x0, 0x0, 0x9f, 0xff, 0xff, 0xff,
    0xff, 0xf9, 0x0, 0x0, 0x0, 0x3a, 0xef, 0xff,
    0xff, 0xa3, 0x0, 0x0, 0x0, 0x0, 0x0, 0x23,
    0x32, 0x0, 0x0, 0x0,

    /* U+010D "č" */
    0x0, 0x0, 0x0, 0x0, 0x0, 0x0, 0x0, 0x0,
    0xb, 0xfe, 0x30, 0x1c, 0xfd, 0x10, 0x0, 0x0,
    0xcf, 0xf7, 0xef, 0xe2, 0x0, 0x0, 0x0, 0x1d,
    0xff, 0xff, 0x30, 0x0, 0x0, 0x0, 0x1, 0x77,
    0x73, 0x0, 0x0, 0x0, 0x0, 0x0, 0x0, 0x0,
    0x0, 0x0, 0x0, 0x0, 0x5b, 0xff, 0xfe, 0xa3,
    0x0, 0x0, 0x1b, 0xff, 0xff, 0xff, 0xff, 0x70,
    0x0, 0xcf, 0xff, 0xff, 0xff, 0xff, 0xf4, 0x7,
    0xff, 0xfe, 0x40, 0x6, 0xff, 0xd4, 0xe, 0xff,
    0xf2, 0x0, 0x0, 0x46, 0x0, 0x1f, 0xff, 0xb0,
    0x0, 0x0, 0x0, 0x0, 0x3f, 0xff, 0x90, 0x0,
    0x0, 0x0, 0x0, 0x1f, 0xff, 0xa0, 0x0, 0x0,
    0x0, 0x0, 0xe, 0xff, 0xf1, 0x0, 0x0, 0x34,
    0x0, 0x8, 0xff, 0xfd, 0x30, 0x4, 0xef, 0xc3,
    0x0, 0xdf, 0xff, 0xfe, 0xff, 0xff, 0xf5, 0x0,
    0x2c, 0xff, 0xff, 0xff, 0xff, 0x80, 0x0, 0x0,
    0x6c, 0xff, 0xff, 0xb4, 0x0, 0x0, 0x0, 0x0,
    0x2, 0x20, 0x0, 0x0,

    /* U+011A "Ě" */
    0x0, 0x29, 0xa5, 0x0, 0x8, 0xa8, 0x0, 0x0,
    0x7, 0xff, 0x81, 0xcf, 0xf2, 0x0, 0x0, 0x0,
    0x8f, 0xff, 0xff, 0x30, 0x0, 0x0, 0x0, 0x9,
    0xdd, 0xd4, 0x0, 0x0, 0x0, 0x0, 0x0, 0x0,
    0x0, 0x0, 0x0, 0xc, 0xcc, 0xcc, 0xcc, 0xcc,
    0xcc, 0xc8, 0xf, 0xff, 0xff, 0xff, 0xff, 0xff,
    0xfb, 0xf, 0xff, 0xff, 0xff, 0xff, 0xff, 0xfb,
    0xf, 0xff, 0xe5, 0x55, 0x55, 0x55, 0x53, 0xf,
    0xff, 0xd0, 0x0, 0x0, 0x0, 0x0, 0xf, 0xff,
    0xd0, 0x0, 0x0, 0x0, 0x0, 0xf, 0xff, 0xd0,
    0x0, 0x0, 0x0, 0x0, 0xf, 0xff, 0xff, 0xff,
    0xff, 0xff, 0xa0, 0xf, 0xff, 0xff, 0xff, 0xff,
    0xff, 0xa0, 0xf, 0xff, 0xff, 0xff, 0xff, 0xff,
    0xa0, 0xf, 0xff, 0xd0, 0x0, 0x0, 0x0, 0x0,
    0xf, 0xff, 0xd0, 0x0, 0x0, 0x0, 0x0, 0xf,
    0xff, 0xd0, 0x0, 0x0, 0x0, 0x0, 0xf, 0xff,
    0xe2, 0x22, 0x22, 0x22, 0x22, 0xf, 0xff, 0xff,
    0xff, 0xff, 0xff, 0xff, 0xf, 0xff, 0xff, 0xff,
    0xff, 0xff, 0xff, 0xf, 0xff, 0xff, 0xff, 0xff,
    0xff, 0xff,

    /* U+011B "ě" */
    0x0, 0x0, 0x0, 0x0, 0x0, 0x0, 0x0, 0x0,
    0x0, 0xbf, 0xe3, 0x1, 0xdf, 0xd1, 0x0, 0x0,
    0x0, 0xcf, 0xf7, 0xef, 0xe1, 0x0, 0x0, 0x0,
    0x1, 0xdf, 0xff, 0xe2, 0x0, 0x0, 0x0, 0x0,
    0x1, 0x77, 0x73, 0x0, 0x0, 0x0, 0x0, 0x0,
    0x0, 0x10, 0x0, 0x0, 0x0, 0x0, 0x0, 0x6c,
    0xff, 0xfd, 0x81, 0x0, 0x0, 0x1, 0xcf, 0xff,
    0xff, 0xff, 0xe3, 0x0, 0x0, 0xdf, 0xff, 0xec,
    0xdf, 0xff, 0xf2, 0x0, 0x8f, 0xff, 0x80, 0x0,
    0x4f, 0xff, 0xa0, 0xe, 0xff, 0xc0, 0x0, 0x0,
    0x7f, 0xff, 0x11, 0xff, 0xfc, 0x99, 0x99, 0x9a,
    0xff, 0xf3, 0x3f, 0xff, 0xff, 0xff, 0xff, 0xff,
    0xff, 0x51, 0xff, 0xfd, 0x99, 0x99, 0x99, 0x99,
    0x93, 0xe, 0xff, 0xe0, 0x0, 0x0, 0x0, 0x0,
    0x0, 0x8f, 0xff, 0xb2, 0x0, 0x5, 0xd1, 0x0,
    0x0, 0xdf, 0xff, 0xfe, 0xdf, 0xff, 0xd1, 0x0,
    0x2, 0xcf, 0xff, 0xff, 0xff, 0xfd, 0x20, 0x0,
    0x0, 0x6c, 0xff, 0xff, 0xd8, 0x0, 0x0, 0x0,
    0x0, 0x0, 0x12, 0x10, 0x0, 0x0,

    /* U+0148 "ň" */
    0x0, 0x0, 0x0, 0x0, 0x0, 0x0, 0x0, 0x0,
    0x1e, 0xfc, 0x10, 0x3e, 0xfa, 0x0, 0x0, 0x2,
    0xef, 0xd7, 0xff, 0xb0, 0x0, 0x0, 0x0, 0x3f,
    0xff, 0xfc, 0x0, 0x0, 0x0, 0x0, 0x3, 0x77,
    0x71, 0x0, 0x0, 0x0, 0x0, 0x0, 0x0, 0x10,
    0x0, 0x0, 0x3e, 0xee, 0x44, 0xbf, 0xff, 0xc5,
    0x0, 0x4f, 0xff, 0xcf, 0xff, 0xff, 0xff, 0x80,
    0x4f, 0xff, 0xff, 0xff, 0xff, 0xff, 0xf3, 0x4f,
    0xff, 0xfd, 0x52, 0x5d, 0xff, 0xf9, 0x4f, 0xff,
    0xe1, 0x0, 0x2, 0xff, 0xfc, 0x4f, 0xff, 0x90,
    0x0, 0x0, 0xef, 0xfe, 0x4f, 0xff, 0x70, 0x0,
    0x0, 0xdf, 0xfe, 0x4f, 0xff, 0x70, 0x0, 0x0,
    0xdf, 0xfe, 0x4f, 0xff, 0x70, 0x0, 0x0, 0xdf,
    0xfe, 0x4f, 0xff, 0x70, 0x0, 0x0, 0xdf, 0xfe,
    0x4f, 0xff, 0x70, 0x0, 0x0, 0xdf, 0xfe, 0x4f,
    0xff, 0x70, 0x0, 0x0, 0xdf, 0xfe, 0x4f, 0xff,
    0x70, 0x0, 0x0, 0xdf, 0xfe,

    /* U+0158 "Ř" */
    0x0, 0x7, 0xa9, 0x10, 0x4, 0xaa, 0x30, 0x0,
    0x0, 0x1, 0xef, 0xd2, 0x7f, 0xf9, 0x0, 0x0,
    0x0, 0x0, 0x2e, 0xff, 0xff, 0xa0, 0x0, 0x0,
    0x0, 0x0, 0x3, 0xdd, 0xda, 0x0, 0x0, 0x0,
    0x0, 0x0, 0x0, 0x0, 0x0, 0x0, 0x0, 0x0,
    0xc, 0xcc, 0xcc, 0xcc, 0xcb, 0x84, 0x0, 0x0,
    0xf, 0xff, 0xff, 0xff, 0xff, 0xff, 0xd3, 0x0,
    0xf, 0xff, 0xff, 0xff, 0xff, 0xff, 0xff, 0x40,
    0xf, 0xff, 0xe6, 0x66, 0x69, 0xff, 0xff, 0xe0,
    0xf, 0xff, 0xe0, 0x0, 0x0, 0x1e, 0xff, 0xf4,
    0xf, 0xff, 0xe0, 0x0, 0x0, 0x8, 0xff, 0xf7,
    0xf, 0xff, 0xe0, 0x0, 0x0, 0x6, 0xff, 0xf8,
    0xf, 0xff, 0xe0, 0x0, 0x0, 0xa, 0xff, 0xf6,
    0xf, 0xff, 0xe0, 0x0, 0x0, 0x7f, 0xff, 0xf2,
    0xf, 0xff, 0xfc, 0xcc, 0xdf, 0xff, 0xff, 0xa0,
    0xf, 0xff, 0xff, 0xff, 0xff, 0xff, 0xfb, 0x0,
    0xf, 0xff, 0xff, 0xff, 0xff, 0xff, 0x70, 0x0,
    0xf, 0xff, 0xe5, 0x55, 0x8f, 0xff, 0xb0, 0x0,
    0xf, 0xff, 0xe0, 0x0, 0xb, 0xff, 0xf6, 0x0,
    0xf, 0xff, 0xe0, 0x0, 0x1, 0xef, 0xff, 0x20,
    0xf, 0xff, 0xe0, 0x0, 0x0, 0x5f, 0xff, 0xc0,
    0xf, 0xff, 0xe0, 0x0, 0x0, 0xa, 0xff, 0xf8,

    /* U+0159 "ř" */
    0x0, 0x0, 0x0, 0x0, 0x0, 0x0, 0x9f, 0xf4,
    0x0, 0xbf, 0xe2, 0x0, 0xaf, 0xf7, 0xdf, 0xf3,
    0x0, 0x0, 0xcf, 0xff, 0xf4, 0x0, 0x0, 0x0,
    0x67, 0x74, 0x0, 0x0, 0x0, 0x0, 0x0, 0x0,
    0x0, 0x3, 0xee, 0xe4, 0x4b, 0xfc, 0x0, 0x4f,
    0xff, 0xbf, 0xff, 0xc0, 0x4, 0xff, 0xff, 0xff,
    0xfc, 0x0, 0x4f, 0xff, 0xff, 0x95, 0x30, 0x4,
    0xff, 0xff, 0x30, 0x0, 0x0, 0x4f, 0xff, 0xb0,
    0x0, 0x0, 0x4, 0xff, 0xf8, 0x0, 0x0, 0x0,
    0x4f, 0xff, 0x70, 0x0, 0x0, 0x4, 0xff, 0xf7,
    0x0, 0x0, 0x0, 0x4f, 0xff, 0x70, 0x0, 0x0,
    0x4, 0xff, 0xf7, 0x0, 0x0, 0x0, 0x4f, 0xff,
    0x70, 0x0, 0x0, 0x4, 0xff, 0xf7, 0x0, 0x0,
    0x0,

    /* U+0161 "š" */
    0x0, 0x0, 0x0, 0x0, 0x0, 0x0, 0x0, 0x2e,
    0xfb, 0x0, 0x4f, 0xf9, 0x0, 0x0, 0x3f, 0xfd,
    0x7f, 0xfa, 0x0, 0x0, 0x0, 0x4f, 0xff, 0xfb,
    0x0, 0x0, 0x0, 0x0, 0x47, 0x76, 0x0, 0x0,
    0x0, 0x0, 0x0, 0x1, 0x10, 0x0, 0x0, 0x0,
    0x18, 0xdf, 0xff, 0xfc, 0x81, 0x0, 0x2e, 0xff,
    0xff, 0xff, 0xff, 0x80, 0xc, 0xff, 0xfe, 0xcd,
    0xff, 0xf1, 0x1, 0xff, 0xf9, 0x0, 0x0, 0x36,
    0x0, 0x2f, 0xff, 0xa1, 0x0, 0x0, 0x0, 0x0,
    0xef, 0xff, 0xfd, 0xb8, 0x30, 0x0, 0x4, 0xff,
    0xff, 0xff, 0xff, 0xc2, 0x0, 0x1, 0x7b, 0xef,
    0xff, 0xff, 0xc0, 0x0, 0x0, 0x0, 0x14, 0xcf,
    0xff, 0x10, 0x67, 0x10, 0x0, 0x8, 0xff, 0xf1,
    0xe, 0xff, 0xdb, 0xac, 0xff, 0xfd, 0x5, 0xff,
    0xff, 0xff, 0xff, 0xfe, 0x30, 0x5, 0xae, 0xff,
    0xff, 0xe9, 0x10, 0x0, 0x0, 0x1, 0x22, 0x10,
    0x0, 0x0,

    /* U+017D "Ž" */
    0x0, 0x2, 0x9a, 0x50, 0x1, 0x9a, 0x70, 0x0,
    0x0, 0x0, 0x8f, 0xf7, 0x2d, 0xfe, 0x20, 0x0,
    0x0, 0x0, 0x9, 0xff, 0xff, 0xf2, 0x0, 0x0,
    0x0, 0x0, 0x0, 0xad, 0xdd, 0x30, 0x0, 0x0,
    0x0, 0x0, 0x0, 0x0, 0x0, 0x0, 0x0, 0x0,
    0xb, 0xcc, 0xcc, 0xcc, 0xcc, 0xcc, 0xcc, 0xc2,
    0xe, 0xff, 0xff, 0xff, 0xff, 0xff, 0xff, 0xf3,
    0xe, 0xff, 0xff, 0xff, 0xff, 0xff, 0xff, 0xf3,
    0x5, 0x66, 0x66, 0x66, 0x67, 0xff, 0xff, 0x90,
    0x0, 0x0, 0x0, 0x0, 0xc, 0xff, 0xfb, 0x0,
    0x0, 0x0, 0x0, 0x0, 0xaf, 0xff, 0xd1, 0x0,
    0x0, 0x0, 0x0, 0x7, 0xff, 0xff, 0x20, 0x0,
    0x0, 0x0, 0x0, 0x4f, 0xff, 0xf4, 0x0, 0x0,
    0x0, 0x0, 0x2, 0xff, 0xff, 0x70, 0x0, 0x0,
    0x0, 0x0, 0x1d, 0xff, 0xfa, 0x0, 0x0, 0x0,
    0x0, 0x0, 0xcf, 0xff, 0xc0, 0x0, 0x0, 0x0,
    0x0, 0x9, 0xff, 0xfe, 0x10, 0x0, 0x0, 0x0,
    0x0, 0x7f, 0xff, 0xf3, 0x0, 0x0, 0x0, 0x0,
    0x4, 0xff, 0xff, 0x72, 0x22, 0x22, 0x22, 0x21,
    0xf, 0xff, 0xff, 0xff, 0xff, 0xff, 0xff, 0xf9,
    0x1f, 0xff, 0xff, 0xff, 0xff, 0xff, 0xff, 0xf9,
    0x1f, 0xff, 0xff, 0xff, 0xff, 0xff, 0xff, 0xf9,

    /* U+017E "ž" */
    0x0, 0x0, 0x0, 0x0, 0x0, 0x0, 0x0, 0xb,
    0xfe, 0x30, 0x1d, 0xfd, 0x10, 0x0, 0xc, 0xff,
    0x7e, 0xfe, 0x20, 0x0, 0x0, 0x1d, 0xff, 0xfe,
    0x20, 0x0, 0x0, 0x0, 0x17, 0x77, 0x30, 0x0,
    0x0, 0x0, 0x0, 0x0, 0x0, 0x0, 0x0, 0xe,
    0xee, 0xee, 0xee, 0xee, 0xee, 0x20, 0xff, 0xff,
    0xff, 0xff, 0xff, 0xf2, 0xf, 0xff, 0xff, 0xff,
    0xff, 0xfe, 0x0, 0x0, 0x0, 0x1, 0xef, 0xff,
    0x30, 0x0, 0x0, 0x0, 0xdf, 0xff, 0x50, 0x0,
    0x0, 0x0, 0xbf, 0xff, 0x70, 0x0, 0x0, 0x0,
    0x9f, 0xff, 0xa0, 0x0, 0x0, 0x0, 0x6f, 0xff,
    0xc0, 0x0, 0x0, 0x0, 0x4f, 0xff, 0xd1, 0x0,
    0x0, 0x0, 0x2f, 0xff, 0xe2, 0x0, 0x0, 0x0,
    0xd, 0xff, 0xff, 0xee, 0xee, 0xee, 0x52, 0xff,
    0xff, 0xff, 0xff, 0xff, 0xf5, 0x2f, 0xff, 0xff,
    0xff, 0xff, 0xff, 0x50,

    /* U+0400 "Ѐ" */
    0x2, 0x88, 0x84, 0x0, 0x0, 0x0, 0x0, 0x0,
    0x6f, 0xff, 0x50, 0x0, 0x0, 0x0, 0x0, 0x3,
    0xef, 0xf4, 0x0, 0x0, 0x0, 0x0, 0x0, 0x1c,
    0xff, 0x30, 0x0, 0x0, 0x0, 0x0, 0x0, 0x0,
    0x0, 0x0, 0x0, 0xef, 0xff, 0xff, 0xff, 0xff,
    0xff, 0xc0, 0xef, 0xff, 0xff, 0xff, 0xff, 0xff,
    0xc0, 0xef, 0xff, 0xff, 0xff, 0xff, 0xff, 0xc0,
    0xef, 0xff, 0x11, 0x11, 0x11, 0x11, 0x10, 0xef,
    0xff, 0x0, 0x0, 0x0, 0x0, 0x0, 0xef, 0xff,
    0x0, 0x0, 0x0, 0x0, 0x0, 0xef, 0xff, 0x0,
    0x0, 0x0, 0x0, 0x0, 0xef, 0xff, 0xff, 0xff,
    0xff, 0xfc, 0x0, 0xef, 0xff, 0xff, 0xff, 0xff,
    0xfc, 0x0, 0xef, 0xff, 0xff, 0xff, 0xff, 0xfc,
    0x0, 0xef, 0xff, 0x0, 0x0, 0x0, 0x0, 0x0,
    0xef, 0xff, 0x0, 0x0, 0x0, 0x0, 0x0, 0xef,
    0xff, 0x0, 0x0, 0x0, 0x0, 0x0, 0xef, 0xff,
    0x11, 0x11, 0x11, 0x11, 0x10, 0xef, 0xff, 0xff,
    0xff, 0xff, 0xff, 0xf1, 0xef, 0xff, 0xff, 0xff,
    0xff, 0xff, 0xf1, 0xef, 0xff, 0xff, 0xff, 0xff,
    0xff, 0xf1,

    /* U+0401 "Ё" */
    0x0, 0x2, 0x20, 0x0, 0x32, 0x0, 0x0, 0x0,
    0x5f, 0xf6, 0x7, 0xff, 0x40, 0x0, 0x0, 0x9f,
    0xfa, 0xb, 0xff, 0x70, 0x0, 0x0, 0x3e, 0xe3,
    0x4, 0xed, 0x20, 0x0, 0x0, 0x0, 0x0, 0x0,
    0x0, 0x0, 0x0, 0xef, 0xff, 0xff, 0xff, 0xff,
    0xff, 0xc0, 0xef, 0xff, 0xff, 0xff, 0xff, 0xff,
    0xc0, 0xef, 0xff, 0xff, 0xff, 0xff, 0xff, 0xc0,
    0xef, 0xff, 0x11, 0x11, 0x11, 0x11, 0x10, 0xef,
    0xff, 0x0, 0x0, 0x0, 0x0, 0x0, 0xef, 0xff,
    0x0, 0x0, 0x0, 0x0, 0x0, 0xef, 0xff, 0x0,
    0x0, 0x0, 0x0, 0x0, 0xef, 0xff, 0xff, 0xff,
    0xff, 0xfc, 0x0, 0xef, 0xff, 0xff, 0xff, 0xff,
    0xfc, 0x0, 0xef, 0xff, 0xff, 0xff, 0xff, 0xfc,
    0x0, 0xef, 0xff, 0x0, 0x0, 0x0, 0x0, 0x0,
    0xef, 0xff, 0x0, 0x0, 0x0, 0x0, 0x0, 0xef,
    0xff, 0x0, 0x0, 0x0, 0x0, 0x0, 0xef, 0xff,
    0x11, 0x11, 0x11, 0x11, 0x10, 0xef, 0xff, 0xff,
    0xff, 0xff, 0xff, 0xf1, 0xef, 0xff, 0xff, 0xff,
    0xff, 0xff, 0xf1, 0xef, 0xff, 0xff, 0xff, 0xff,
    0xff, 0xf1,

    /* U+0402 "Ђ" */
    0xaf, 0xff, 0xff, 0xff, 0xff, 0xff, 0xff, 0xfa,
    0x0, 0x0, 0xaf, 0xff, 0xff, 0xff, 0xff, 0xff,
    0xff, 0xfa, 0x0, 0x0, 0xaf, 0xff, 0xff, 0xff,
    0xff, 0xff, 0xff, 0xfa, 0x0, 0x0, 0x12, 0x22,
    0x25, 0xff, 0xfa, 0x22, 0x22, 0x21, 0x0, 0x0,
    0x0, 0x0, 0x4, 0xff, 0xf9, 0x0, 0x0, 0x0,
    0x0, 0x0, 0x0, 0x0, 0x4, 0xff, 0xf9, 0x0,
    0x0, 0x0, 0x0, 0x0, 0x0, 0x0, 0x4, 0xff,
    0xf9, 0x36, 0x89, 0x85, 0x10, 0x0, 0x0, 0x0,
    0x4, 0xff, 0xff, 0xff, 0xff, 0xff, 0xf8, 0x0,
    0x0, 0x0, 0x4, 0xff, 0xff, 0xff, 0xff, 0xff,
    0xff, 0xa0, 0x0, 0x0, 0x4, 0xff, 0xff, 0xfb,
    0x9a, 0xef, 0xff, 0xf3, 0x0, 0x0, 0x4, 0xff,
    0xfa, 0x0, 0x0, 0xb, 0xff, 0xf8, 0x0, 0x0,
    0x4, 0xff, 0xf9, 0x0, 0x0, 0x3, 0xff, 0xfa,
    0x0, 0x0, 0x4, 0xff, 0xf9, 0x0, 0x0, 0x4,
    0xff, 0xfa, 0x0, 0x0, 0x4, 0xff, 0xf9, 0x0,
    0x0, 0x3d, 0xff, 0xf7, 0x0, 0x0, 0x4, 0xff,
    0xf9, 0x0, 0xdf, 0xff, 0xff, 0xf1, 0x0, 0x0,
    0x4, 0xff, 0xf9, 0x0, 0xff, 0xff, 0xff, 0x50,
    0x0, 0x0, 0x4, 0xff, 0xf9, 0x1, 0xff, 0xff,
    0xb3, 0x0, 0x0, 0x0, 0x0, 0x0, 0x0, 0x0,
    0x2, 0x20, 0x0, 0x0,

    /* U+0403 "Ѓ" */
    0x0, 0x0, 0x0, 0x28, 0x88, 0x40, 0x0, 0x0,
    0x2, 0xef, 0xf9, 0x0, 0x0, 0x0, 0x1e, 0xff,
    0x60, 0x0, 0x0, 0x1, 0xdf, 0xe3, 0x0, 0x0,
    0x0, 0x0, 0x0, 0x0, 0x0, 0x0, 0xef, 0xff,
    0xff, 0xff, 0xff, 0xfe, 0xef, 0xff, 0xff, 0xff,
    0xff, 0xfe, 0xef, 0xff, 0xff, 0xff, 0xff, 0xfe,
    0xef, 0xfe, 0x22, 0x22, 0x22, 0x22, 0xef, 0xfe,
    0x0, 0x0, 0x0, 0x0, 0xef, 0xfe, 0x0, 0x0,
    0x0, 0x0, 0xef, 0xfe, 0x0, 0x0, 0x0, 0x0,
    0xef, 0xfe, 0x0, 0x0, 0x0, 0x0, 0xef, 0xfe,
    0x0, 0x0, 0x0, 0x0, 0xef, 0xfe, 0x0, 0x0,
    0x0, 0x0, 0xef, 0xfe, 0x0, 0x0, 0x0, 0x0,
    0xef, 0xff, 0x0, 0x0, 0x0, 0x0, 0xef, 0xff,
    0x0, 0x0, 0x0, 0x0, 0xef, 0xff, 0x0, 0x0,
    0x0, 0x0, 0xef, 0xff, 0x0, 0x0, 0x0, 0x0,
    0xef, 0xff, 0x0, 0x0, 0x0, 0x0, 0xef, 0xff,
    0x0, 0x0, 0x0, 0x0,

    /* U+0404 "Є" */
    0x0, 0x0, 0x1, 0x7b, 0xef, 0xed, 0x94, 0x0,
    0x0, 0x0, 0x7, 0xff, 0xff, 0xff, 0xff, 0xfc,
    0x20, 0x0, 0xa, 0xff, 0xff, 0xff, 0xff, 0xff,
    0xff, 0x30, 0x7, 0xff, 0xff, 0xd7, 0x55, 0x8e,
    0xff, 0xe3, 0x1, 0xff, 0xff, 0x80, 0x0, 0x0,
    0x8, 0xd1, 0x0, 0x8f, 0xff, 0xa0, 0x0, 0x0,
    0x0, 0x0, 0x0, 0xc, 0xff, 0xf3, 0x0, 0x0,
    0x0, 0x0, 0x0, 0x0, 0xff, 0xff, 0xff, 0xff,
    0xff, 0xe0, 0x0, 0x0, 0xf, 0xff, 0xff, 0xff,
    0xff, 0xfe, 0x0, 0x0, 0x0, 0xff, 0xff, 0xff,
    0xff, 0xff, 0xd0, 0x0, 0x0, 0xd, 0xff, 0xf4,
    0x0, 0x0, 0x0, 0x0, 0x0, 0x0, 0x8f, 0xff,
    0xb0, 0x0, 0x0, 0x0, 0x1, 0x0, 0x1, 0xff,
    0xff, 0x90, 0x0, 0x0, 0x9, 0xe2, 0x0, 0x7,
    0xff, 0xff, 0xd7, 0x55, 0x8e, 0xff, 0xe3, 0x0,
    0xa, 0xff, 0xff, 0xff, 0xff, 0xff, 0xff, 0x30,
    0x0, 0x7, 0xff, 0xff, 0xff, 0xff, 0xfc, 0x30,
    0x0, 0x0, 0x1, 0x7b, 0xef, 0xed, 0x94, 0x0,
    0x0,

    /* U+0405 "Ѕ" */
    0x0, 0x0, 0x5a, 0xde, 0xfe, 0xc9, 0x40, 0x0,
    0x2, 0xcf, 0xff, 0xff, 0xff, 0xff, 0xd0, 0x0,
    0xdf, 0xff, 0xff, 0xff, 0xff, 0xfb, 0x0, 0x7f,
    0xff, 0xd5, 0x22, 0x36, 0xcf, 0x40, 0xb, 0xff,
    0xf3, 0x0, 0x0, 0x0, 0x20, 0x0, 0xbf, 0xff,
    0x40, 0x0, 0x0, 0x0, 0x0, 0x8, 0xff, 0xff,
    0x94, 0x0, 0x0, 0x0, 0x0, 0x1e, 0xff, 0xff,
    0xff, 0xc8, 0x20, 0x0, 0x0, 0x2c, 0xff, 0xff,
    0xff, 0xff, 0xb2, 0x0, 0x0, 0x3, 0x9d, 0xff,
    0xff, 0xff, 0xe2, 0x0, 0x0, 0x0, 0x1, 0x5a,
    0xff, 0xff, 0x90, 0x0, 0x0, 0x0, 0x0, 0x4,
    0xff, 0xfc, 0x0, 0x91, 0x0, 0x0, 0x0, 0x1f,
    0xff, 0xc0, 0x6f, 0xfa, 0x63, 0x12, 0x4c, 0xff,
    0xf8, 0xd, 0xff, 0xff, 0xff, 0xff, 0xff, 0xfe,
    0x10, 0x7e, 0xff, 0xff, 0xff, 0xff, 0xfd, 0x20,
    0x0, 0x5, 0x9c, 0xef, 0xfd, 0xa5, 0x0, 0x0,

    /* U+0406 "І" */
    0xef, 0xff, 0xef, 0xff, 0xef, 0xff, 0xef, 0xff,
    0xef, 0xff, 0xef, 0xff, 0xef, 0xff, 0xef, 0xff,
    0xef, 0xff, 0xef, 0xff, 0xef, 0xff, 0xef, 0xff,
    0xef, 0xff, 0xef, 0xff, 0xef, 0xff, 0xef, 0xff,
    0xef, 0xff,

    /* U+0407 "Ї" */
    0x0, 0x30, 0x0, 0x13, 0x0, 0xd, 0xfd, 0x1,
    0xef, 0xb0, 0x1f, 0xff, 0x13, 0xff, 0xf0, 0x9,
    0xf9, 0x0, 0xbf, 0x80, 0x0, 0x0, 0x0, 0x0,
    0x0, 0x0, 0xf, 0xff, 0xe0, 0x0, 0x0, 0xf,
    0xff, 0xe0, 0x0, 0x0, 0xf, 0xff, 0xe0, 0x0,
    0x0, 0xf, 0xff, 0xe0, 0x0, 0x0, 0xf, 0xff,
    0xe0, 0x0, 0x0, 0xf, 0xff, 0xe0, 0x0, 0x0,
    0xf, 0xff, 0xe0, 0x0, 0x0, 0xf, 0xff, 0xe0,
    0x0, 0x0, 0xf, 0xff, 0xe0, 0x0, 0x0, 0xf,
    0xff, 0xe0, 0x0, 0x0, 0xf, 0xff, 0xe0, 0x0,
    0x0, 0xf, 0xff, 0xe0, 0x0, 0x0, 0xf, 0xff,
    0xe0, 0x0, 0x0, 0xf, 0xff, 0xe0, 0x0, 0x0,
    0xf, 0xff, 0xe0, 0x0, 0x0, 0xf, 0xff, 0xe0,
    0x0, 0x0, 0xf, 0xff, 0xe0, 0x0,

    /* U+0408 "Ј" */
    0x0, 0xff, 0xff, 0xff, 0xff, 0xfd, 0x0, 0xff,
    0xff, 0xff, 0xff, 0xfd, 0x0, 0xff, 0xff, 0xff,
    0xff, 0xfd, 0x0, 0x11, 0x11, 0x12, 0xff, 0xfd,
    0x0, 0x0, 0x0, 0x1, 0xff, 0xfd, 0x0, 0x0,
    0x0, 0x1, 0xff, 0xfd, 0x0, 0x0, 0x0, 0x1,
    0xff, 0xfd, 0x0, 0x0, 0x0, 0x1, 0xff, 0xfd,
    0x0, 0x0, 0x0, 0x1, 0xff, 0xfd, 0x0, 0x0,
    0x0, 0x1, 0xff, 0xfd, 0x0, 0x0, 0x0, 0x1,
    0xff, 0xfc, 0x0, 0x0, 0x0, 0x1, 0xff, 0xfc,
    0x1, 0xb1, 0x0, 0x5, 0xff, 0xfa, 0xc, 0xfd,
    0x63, 0x5e, 0xff, 0xf6, 0x7f, 0xff, 0xff, 0xff,
    0xff, 0xe0, 0xb, 0xff, 0xff, 0xff, 0xfe, 0x30,
    0x0, 0x4a, 0xef, 0xfd, 0x81, 0x0,

    /* U+0409 "Љ" */
    0x0, 0x0, 0xdf, 0xff, 0xff, 0xff, 0xff, 0xff,
    0xf1, 0x0, 0x0, 0x0, 0x0, 0x0, 0x0, 0x0,
    0xef, 0xff, 0xff, 0xff, 0xff, 0xff, 0xf1, 0x0,
    0x0, 0x0, 0x0, 0x0, 0x0, 0x0, 0xff, 0xff,
    0xff, 0xff, 0xff, 0xff, 0xf1, 0x0, 0x0, 0x0,
    0x0, 0x0, 0x0, 0x0, 0xff, 0xf8, 0x22, 0x22,
    0x2c, 0xff, 0xf1, 0x0, 0x0, 0x0, 0x0, 0x0,
    0x0, 0x0, 0xff, 0xf6, 0x0, 0x0, 0xc, 0xff,
    0xf1, 0x0, 0x0, 0x0, 0x0, 0x0, 0x0, 0x0,
    0xff, 0xf6, 0x0, 0x0, 0xc, 0xff, 0xfd, 0xdd,
    0xdd, 0xc9, 0x50, 0x0, 0x0, 0x1, 0xff, 0xf5,
    0x0, 0x0, 0xc, 0xff, 0xff, 0xff, 0xff, 0xff,
    0xfc, 0x10, 0x0, 0x2, 0xff, 0xf4, 0x0, 0x0,
    0xc, 0xff, 0xff, 0xff, 0xff, 0xff, 0xff, 0xd0,
    0x0, 0x3, 0xff, 0xf3, 0x0, 0x0, 0xc, 0xff,
    0xf1, 0x0, 0x1, 0x7f, 0xff, 0xf5, 0x0, 0x4,
    0xff, 0xf2, 0x0, 0x0, 0xc, 0xff, 0xf1, 0x0,
    0x0, 0x8, 0xff, 0xf9, 0x0, 0x6, 0xff, 0xf0,
    0x0, 0x0, 0xc, 0xff, 0xf1, 0x0, 0x0, 0x4,
    0xff, 0xfb, 0x0, 0xa, 0xff, 0xe0, 0x0, 0x0,
    0xc, 0xff, 0xf1, 0x0, 0x0, 0x4, 0xff, 0xfa,
    0x0, 0x1f, 0xff, 0xb0, 0x0, 0x0, 0xc, 0xff,
    0xf1, 0x0, 0x0, 0x8, 0xff, 0xf8, 0x38, 0xdf,
    0xff, 0x70, 0x0, 0x0, 0xc, 0xff, 0xf1, 0x0,
    0x0, 0x6f, 0xff, 0xf3, 0x7f, 0xff, 0xff, 0x10,
    0x0, 0x0, 0xc, 0xff, 0xfd, 0xdd, 0xdf, 0xff,
    0xff, 0xa0, 0x8f, 0xff, 0xf6, 0x0, 0x0, 0x0,
    0xc, 0xff, 0xff, 0xff, 0xff, 0xff, 0xfb, 0x0,
    0xaf, 0xfc, 0x50, 0x0, 0x0, 0x0, 0xc, 0xff,
    0xff, 0xff, 0xff, 0xda, 0x40, 0x0,

    /* U+040A "Њ" */
    0xef, 0xff, 0x0, 0x0, 0x0, 0xb, 0xff, 0xf2,
    0x0, 0x0, 0x0, 0x0, 0x0, 0xef, 0xff, 0x0,
    0x0, 0x0, 0xb, 0xff, 0xf2, 0x0, 0x0, 0x0,
    0x0, 0x0, 0xef, 0xff, 0x0, 0x0, 0x0, 0xb,
    0xff, 0xf2, 0x0, 0x0, 0x0, 0x0, 0x0, 0xef,
    0xff, 0x0, 0x0, 0x0, 0xb, 0xff, 0xf2, 0x0,
    0x0, 0x0, 0x0, 0x0, 0xef, 0xff, 0x0, 0x0,
    0x0, 0xb, 0xff, 0xf2, 0x0, 0x0, 0x0, 0x0,
    0x0, 0xef, 0xff, 0x0, 0x0, 0x0, 0xb, 0xff,
    0xf2, 0x0, 0x0, 0x0, 0x0, 0x0, 0xef, 0xff,
    0x22, 0x22, 0x22, 0x2b, 0xff, 0xf4, 0x22, 0x22,
    0x10, 0x0, 0x0, 0xef, 0xff, 0xff, 0xff, 0xff,
    0xff, 0xff, 0xff, 0xff, 0xff, 0xfe, 0x91, 0x0,
    0xef, 0xff, 0xff, 0xff, 0xff, 0xff, 0xff, 0xff,
    0xff, 0xff, 0xff, 0xff, 0x30, 0xef, 0xff, 0xff,
    0xff, 0xff, 0xff, 0xff, 0xfa, 0x99, 0x9b, 0xff,
    0xff, 0xe0, 0xef, 0xff, 0x0, 0x0, 0x0, 0xb,
    0xff, 0xf2, 0x0, 0x0, 0x2e, 0xff, 0xf4, 0xef,
    0xff, 0x0, 0x0, 0x0, 0xb, 0xff, 0xf2, 0x0,
    0x0, 0x9, 0xff, 0xf6, 0xef, 0xff, 0x0, 0x0,
    0x0, 0xb, 0xff, 0xf2, 0x0, 0x0, 0xa, 0xff,
    0xf5, 0xef, 0xff, 0x0, 0x0, 0x0, 0xb, 0xff,
    0xf2, 0x0, 0x0, 0x6f, 0xff, 0xf2, 0xef, 0xff,
    0x0, 0x0, 0x0, 0xb, 0xff, 0xfe, 0xdd, 0xdf,
    0xff, 0xff, 0xb0, 0xef, 0xff, 0x0, 0x0, 0x0,
    0xb, 0xff, 0xff, 0xff, 0xff, 0xff, 0xfc, 0x0,
    0xef, 0xff, 0x0, 0x0, 0x0, 0xb, 0xff, 0xff,
    0xff, 0xff, 0xeb, 0x50, 0x0,

    /* U+040B "Ћ" */
    0xaf, 0xff, 0xff, 0xff, 0xff, 0xff, 0xff, 0xf7,
    0x0, 0x0, 0xaf, 0xff, 0xff, 0xff, 0xff, 0xff,
    0xff, 0xf7, 0x0, 0x0, 0xaf, 0xff, 0xff, 0xff,
    0xff, 0xff, 0xff, 0xf7, 0x0, 0x0, 0x12, 0x22,
    0x26, 0xff, 0xf9, 0x22, 0x22, 0x21, 0x0, 0x0,
    0x0, 0x0, 0x4, 0xff, 0xf8, 0x0, 0x0, 0x0,
    0x0, 0x0, 0x0, 0x0, 0x4, 0xff, 0xf8, 0x0,
    0x0, 0x0, 0x0, 0x0, 0x0, 0x0, 0x4, 0xff,
    0xf8, 0x1, 0x23, 0x30, 0x0, 0x0, 0x0, 0x0,
    0x4, 0xff, 0xfd, 0xdf, 0xff, 0xff, 0xb2, 0x0,
    0x0, 0x0, 0x4, 0xff, 0xff, 0xff, 0xff, 0xff,
    0xff, 0x40, 0x0, 0x0, 0x4, 0xff, 0xff, 0xff,
    0xff, 0xff, 0xff, 0xe0, 0x0, 0x0, 0x4, 0xff,
    0xfd, 0x72, 0x2, 0x8f, 0xff, 0xf5, 0x0, 0x0,
    0x4, 0xff, 0xf8, 0x0, 0x0, 0x9, 0xff, 0xf8,
    0x0, 0x0, 0x4, 0xff, 0xf8, 0x0, 0x0, 0x4,
    0xff, 0xfa, 0x0, 0x0, 0x4, 0xff, 0xf8, 0x0,
    0x0, 0x3, 0xff, 0xfa, 0x0, 0x0, 0x4, 0xff,
    0xf8, 0x0, 0x0, 0x3, 0xff, 0xfa, 0x0, 0x0,
    0x4, 0xff, 0xf8, 0x0, 0x0, 0x3, 0xff, 0xfa,
    0x0, 0x0, 0x4, 0xff, 0xf8, 0x0, 0x0, 0x3,
    0xff, 0xfa,

    /* U+040C "Ќ" */
    0x0, 0x0, 0x0, 0x1, 0x78, 0x86, 0x0, 0x0,
    0x0, 0x0, 0x0, 0xc, 0xff, 0xc1, 0x0, 0x0,
    0x0, 0x0, 0x0, 0xcf, 0xf9, 0x0, 0x0, 0x0,
    0x0, 0x0, 0xb, 0xff, 0x60, 0x0, 0x0, 0x0,
    0x0, 0x0, 0x0, 0x0, 0x0, 0x0, 0x0, 0x0,
    0xff, 0xfe, 0x0, 0x0, 0x0, 0x3f, 0xff, 0xd0,
    0xff, 0xfe, 0x0, 0x0, 0x0, 0xdf, 0xff, 0x30,
    0xff, 0xfe, 0x0, 0x0, 0x7, 0xff, 0xf8, 0x0,
    0xff, 0xfe, 0x0, 0x0, 0x2f, 0xff, 0xd0, 0x0,
    0xff, 0xfe, 0x0, 0x0, 0xbf, 0xff, 0x30, 0x0,
    0xff, 0xfe, 0x0, 0x5, 0xff, 0xf9, 0x0, 0x0,
    0xff, 0xfe, 0x0, 0x1e, 0xff, 0xd0, 0x0, 0x0,
    0xff, 0xff, 0xff, 0xff, 0xff, 0x40, 0x0, 0x0,
    0xff, 0xff, 0xff, 0xff, 0xfe, 0x0, 0x0, 0x0,
    0xff, 0xff, 0xff, 0xff, 0xff, 0x70, 0x0, 0x0,
    0xff, 0xfe, 0x33, 0x5f, 0xff, 0xf2, 0x0, 0x0,
    0xff, 0xfe, 0x0, 0x9, 0xff, 0xfc, 0x0, 0x0,
    0xff, 0xfe, 0x0, 0x0, 0xef, 0xff, 0x70, 0x0,
    0xff, 0xfe, 0x0, 0x0, 0x4f, 0xff, 0xf2, 0x0,
    0xff, 0xfe, 0x0, 0x0, 0xa, 0xff, 0xfb, 0x0,
    0xff, 0xfe, 0x0, 0x0, 0x1, 0xef, 0xff, 0x60,
    0xff, 0xfe, 0x0, 0x0, 0x0, 0x5f, 0xff, 0xf1,

    /* U+040D "Ѝ" */
    0x0, 0x7, 0x88, 0x70, 0x0, 0x0, 0x0, 0x0,
    0x0, 0x2, 0xdf, 0xfb, 0x0, 0x0, 0x0, 0x0,
    0x0, 0x0, 0xb, 0xff, 0xa0, 0x0, 0x0, 0x0,
    0x0, 0x0, 0x0, 0x8f, 0xf9, 0x0, 0x0, 0x0,
    0x0, 0x0, 0x0, 0x0, 0x0, 0x0, 0x0, 0x0,
    0xef, 0xff, 0x0, 0x0, 0x0, 0x6, 0xff, 0xf9,
    0xef, 0xff, 0x0, 0x0, 0x0, 0x2f, 0xff, 0xf9,
    0xef, 0xff, 0x0, 0x0, 0x0, 0xcf, 0xff, 0xf9,
    0xef, 0xff, 0x0, 0x0, 0x9, 0xff, 0xff, 0xf9,
    0xef, 0xff, 0x0, 0x0, 0x4f, 0xff, 0xff, 0xf9,
    0xef, 0xff, 0x0, 0x1, 0xef, 0xff, 0xff, 0xf9,
    0xef, 0xff, 0x0, 0xb, 0xff, 0xf9, 0xff, 0xf9,
    0xef, 0xff, 0x0, 0x7f, 0xff, 0xa3, 0xff, 0xf9,
    0xef, 0xff, 0x3, 0xff, 0xfd, 0x3, 0xff, 0xf9,
    0xef, 0xff, 0xd, 0xff, 0xf3, 0x3, 0xff, 0xf9,
    0xef, 0xff, 0xaf, 0xff, 0x70, 0x3, 0xff, 0xf9,
    0xef, 0xff, 0xff, 0xfb, 0x0, 0x3, 0xff, 0xf9,
    0xef, 0xff, 0xff, 0xe1, 0x0, 0x3, 0xff, 0xf9,
    0xef, 0xff, 0xff, 0x40, 0x0, 0x3, 0xff, 0xf9,
    0xef, 0xff, 0xf9, 0x0, 0x0, 0x3, 0xff, 0xf9,
    0xef, 0xff, 0xd0, 0x0, 0x0, 0x3, 0xff, 0xf9,
    0xef, 0xff, 0x20, 0x0, 0x0, 0x3, 0xff, 0xf9,

    /* U+040E "Ў" */
    0x0, 0x0, 0x78, 0x50, 0x0, 0x38, 0x81, 0x0,
    0x0, 0x0, 0x0, 0xef, 0xe3, 0x2, 0xcf, 0xf1,
    0x0, 0x0, 0x0, 0x0, 0x5f, 0xff, 0xff, 0xff,
    0x90, 0x0, 0x0, 0x0, 0x0, 0x4, 0xad, 0xed,
    0xb5, 0x0, 0x0, 0x0, 0x0, 0x0, 0x0, 0x0,
    0x0, 0x0, 0x0, 0x0, 0x0, 0x8f, 0xff, 0x90,
    0x0, 0x0, 0x0, 0xd, 0xff, 0xe0, 0xe, 0xff,
    0xf2, 0x0, 0x0, 0x0, 0x5f, 0xff, 0x60, 0x6,
    0xff, 0xf9, 0x0, 0x0, 0x0, 0xdf, 0xfd, 0x0,
    0x0, 0xdf, 0xff, 0x20, 0x0, 0x5, 0xff, 0xf5,
    0x0, 0x0, 0x5f, 0xff, 0x90, 0x0, 0xd, 0xff,
    0xc0, 0x0, 0x0, 0xc, 0xff, 0xf2, 0x0, 0x6f,
    0xff, 0x40, 0x0, 0x0, 0x4, 0xff, 0xf9, 0x0,
    0xef, 0xfb, 0x0, 0x0, 0x0, 0x0, 0xbf, 0xff,
    0x26, 0xff, 0xf3, 0x0, 0x0, 0x0, 0x0, 0x2f,
    0xff, 0xae, 0xff, 0xa0, 0x0, 0x0, 0x0, 0x0,
    0xa, 0xff, 0xff, 0xff, 0x20, 0x0, 0x0, 0x0,
    0x0, 0x1, 0xff, 0xff, 0xf9, 0x0, 0x0, 0x0,
    0x0, 0x0, 0x0, 0x8f, 0xff, 0xf1, 0x0, 0x0,
    0x0, 0x0, 0x0, 0x0, 0x6f, 0xff, 0x70, 0x0,
    0x0, 0x0, 0x0, 0x35, 0x37, 0xff, 0xfd, 0x0,
    0x0, 0x0, 0x0, 0x0, 0xaf, 0xff, 0xff, 0xf3,
    0x0, 0x0, 0x0, 0x0, 0x0, 0xff, 0xff, 0xff,
    0x40, 0x0, 0x0, 0x0, 0x0, 0x1, 0xae, 0xfe,
    0x92, 0x0, 0x0, 0x0, 0x0, 0x0, 0x0, 0x0,
    0x0, 0x0, 0x0, 0x0, 0x0, 0x0, 0x0,

    /* U+040F "Џ" */
    0xef, 0xff, 0x0, 0x0, 0x0, 0x9, 0xff, 0xf4,
    0xef, 0xff, 0x0, 0x0, 0x0, 0x9, 0xff, 0xf4,
    0xef, 0xff, 0x0, 0x0, 0x0, 0x9, 0xff, 0xf4,
    0xef, 0xff, 0x0, 0x0, 0x0, 0x9, 0xff, 0xf4,
    0xef, 0xff, 0x0, 0x0, 0x0, 0x9, 0xff, 0xf4,
    0xef, 0xff, 0x0, 0x0, 0x0, 0x9, 0xff, 0xf4,
    0xef, 0xff, 0x0, 0x0, 0x0, 0x9, 0xff, 0xf4,
    0xef, 0xff, 0x0, 0x0, 0x0, 0x9, 0xff, 0xf4,
    0xef, 0xff, 0x0, 0x0, 0x0, 0x9, 0xff, 0xf4,
    0xef, 0xff, 0x0, 0x0, 0x0, 0x9, 0xff, 0xf4,
    0xef, 0xff, 0x0, 0x0, 0x0, 0x9, 0xff, 0xf4,
    0xef, 0xff, 0x0, 0x0, 0x0, 0x9, 0xff, 0xf4,
    0xef, 0xff, 0x0, 0x0, 0x0, 0x9, 0xff, 0xf4,
    0xef, 0xff, 0x22, 0x22, 0x22, 0x29, 0xff, 0xf4,
    0xef, 0xff, 0xff, 0xff, 0xff, 0xff, 0xff, 0xf4,
    0xef, 0xff, 0xff, 0xff, 0xff, 0xff, 0xff, 0xf4,
    0xef, 0xff, 0xff, 0xff, 0xff, 0xff, 0xff, 0xf4,
    0x0, 0x0, 0x1, 0xff, 0xf8, 0x0, 0x0, 0x0,
    0x0, 0x0, 0x1, 0xff, 0xf8, 0x0, 0x0, 0x0,
    0x0, 0x0, 0x1, 0xff, 0xf8, 0x0, 0x0, 0x0,
    0x0, 0x0, 0x0, 0x88, 0x84, 0x0, 0x0, 0x0,

    /* U+0410 "А" */
    0x0, 0x0, 0x0, 0x8, 0xff, 0xfb, 0x0, 0x0,
    0x0, 0x0, 0x0, 0x0, 0x0, 0xe, 0xff, 0xff,
    0x20, 0x0, 0x0, 0x0, 0x0, 0x0, 0x0, 0x6f,
    0xff, 0xff, 0x90, 0x0, 0x0, 0x0, 0x0, 0x0,
    0x0, 0xdf, 0xff, 0xff, 0xf1, 0x0, 0x0, 0x0,
    0x0, 0x0, 0x4, 0xff, 0xf6, 0xff, 0xf8, 0x0,
    0x0, 0x0, 0x0, 0x0, 0xb, 0xff, 0xd0, 0xbf,
    0xfe, 0x0, 0x0, 0x0, 0x0, 0x0, 0x2f, 0xff,
    0x60, 0x4f, 0xff, 0x60, 0x0, 0x0, 0x0, 0x0,
    0x9f, 0xff, 0x0, 0xd, 0xff, 0xd0, 0x0, 0x0,
    0x0, 0x1, 0xff, 0xf9, 0x0, 0x6, 0xff, 0xf4,
    0x0, 0x0, 0x0, 0x8, 0xff, 0xf2, 0x0, 0x0,
    0xff, 0xfb, 0x0, 0x0, 0x0, 0xe, 0xff, 0xff,
    0xff, 0xff, 0xff, 0xff, 0x20, 0x0, 0x0, 0x6f,
    0xff, 0xff, 0xff, 0xff, 0xff, 0xff, 0x90, 0x0,
    0x0, 0xdf, 0xff, 0xff, 0xff, 0xff, 0xff, 0xff,
    0xf1, 0x0, 0x4, 0xff, 0xf7, 0x0, 0x0, 0x0,
    0x5, 0xff, 0xf7, 0x0, 0xb, 0xff, 0xf1, 0x0,
    0x0, 0x0, 0x0, 0xff, 0xfe, 0x0, 0x2f, 0xff,
    0xb0, 0x0, 0x0, 0x0, 0x0, 0x9f, 0xff, 0x50,
    0x9f, 0xff, 0x50, 0x0, 0x0, 0x0, 0x0, 0x3f,
    0xff, 0xc0,

    /* U+0411 "Б" */
    0xef, 0xff, 0xff, 0xff, 0xff, 0xff, 0xfa, 0xe,
    0xff, 0xff, 0xff, 0xff, 0xff, 0xff, 0xa0, 0xef,
    0xff, 0xff, 0xff, 0xff, 0xff, 0xfa, 0xe, 0xff,
    0xf1, 0x11, 0x11, 0x11, 0x11, 0x0, 0xef, 0xff,
    0x0, 0x0, 0x0, 0x0, 0x0, 0xe, 0xff, 0xf0,
    0x0, 0x0, 0x0, 0x0, 0x0, 0xef, 0xff, 0x0,
    0x0, 0x0, 0x0, 0x0, 0xe, 0xff, 0xff, 0xff,
    0xff, 0xfd, 0x93, 0x0, 0xef, 0xff, 0xff, 0xff,
    0xff, 0xff, 0xf7, 0xe, 0xff, 0xfd, 0xdd, 0xde,
    0xff, 0xff, 0xf4, 0xef, 0xff, 0x0, 0x0, 0x1,
    0xbf, 0xff, 0xae, 0xff, 0xf0, 0x0, 0x0, 0x2,
    0xff, 0xfc, 0xef, 0xff, 0x0, 0x0, 0x0, 0x3f,
    0xff, 0xce, 0xff, 0xf0, 0x0, 0x0, 0x2c, 0xff,
    0xf9, 0xef, 0xff, 0xdd, 0xdd, 0xef, 0xff, 0xff,
    0x2e, 0xff, 0xff, 0xff, 0xff, 0xff, 0xfe, 0x40,
    0xef, 0xff, 0xff, 0xff, 0xfe, 0xb7, 0x10, 0x0,

    /* U+0412 "В" */
    0xef, 0xff, 0xff, 0xff, 0xfe, 0xb5, 0x0, 0xe,
    0xff, 0xff, 0xff, 0xff, 0xff, 0xfc, 0x0, 0xef,
    0xff, 0xdd, 0xdd, 0xff, 0xff, 0xf9, 0xe, 0xff,
    0xf0, 0x0, 0x0, 0x8f, 0xff, 0xf0, 0xef, 0xff,
    0x0, 0x0, 0x0, 0xff, 0xff, 0x1e, 0xff, 0xf0,
    0x0, 0x0, 0xe, 0xff, 0xf0, 0xef, 0xff, 0x0,
    0x0, 0x6, 0xff, 0xfa, 0xe, 0xff, 0xfb, 0xbb,
    0xbd, 0xff, 0xfd, 0x10, 0xef, 0xff, 0xff, 0xff,
    0xff, 0xff, 0x40, 0xe, 0xff, 0xff, 0xff, 0xff,
    0xff, 0xff, 0xb0, 0xef, 0xff, 0x0, 0x0, 0x3,
    0xcf, 0xff, 0x7e, 0xff, 0xf0, 0x0, 0x0, 0x2,
    0xff, 0xfc, 0xef, 0xff, 0x0, 0x0, 0x0, 0x2f,
    0xff, 0xde, 0xff, 0xf0, 0x0, 0x0, 0x1a, 0xff,
    0xfb, 0xef, 0xff, 0xdd, 0xdd, 0xef, 0xff, 0xff,
    0x5e, 0xff, 0xff, 0xff, 0xff, 0xff, 0xff, 0x70,
    0xef, 0xff, 0xff, 0xff, 0xff, 0xd9, 0x20, 0x0,

    /* U+0413 "Г" */
    0xef, 0xff, 0xff, 0xff, 0xff, 0xfe, 0xef, 0xff,
    0xff, 0xff, 0xff, 0xfe, 0xef, 0xff, 0xff, 0xff,
    0xff, 0xfe, 0xef, 0xfe, 0x22, 0x22, 0x22, 0x22,
    0xef, 0xfe, 0x0, 0x0, 0x0, 0x0, 0xef, 0xfe,
    0x0, 0x0, 0x0, 0x0, 0xef, 0xfe, 0x0, 0x0,
    0x0, 0x0, 0xef, 0xfe, 0x0, 0x0, 0x0, 0x0,
    0xef, 0xfe, 0x0, 0x0, 0x0, 0x0, 0xef, 0xfe,
    0x0, 0x0, 0x0, 0x0, 0xef, 0xfe, 0x0, 0x0,
    0x0, 0x0, 0xef, 0xff, 0x0, 0x0, 0x0, 0x0,
    0xef, 0xff, 0x0, 0x0, 0x0, 0x0, 0xef, 0xff,
    0x0, 0x0, 0x0, 0x0, 0xef, 0xff, 0x0, 0x0,
    0x0, 0x0, 0xef, 0xff, 0x0, 0x0, 0x0, 0x0,
    0xef, 0xff, 0x0, 0x0, 0x0, 0x0,

    /* U+0414 "Д" */
    0x0, 0x0, 0xdf, 0xff, 0xff, 0xff, 0xff, 0xff,
    0xf1, 0x0, 0x0, 0x0, 0xef, 0xff, 0xff, 0xff,
    0xff, 0xff, 0xf1, 0x0, 0x0, 0x0, 0xff, 0xff,
    0xff, 0xff, 0xff, 0xff, 0xf1, 0x0, 0x0, 0x0,
    0xff, 0xf8, 0x22, 0x22, 0x2c, 0xff, 0xf1, 0x0,
    0x0, 0x0, 0xff, 0xf6, 0x0, 0x0, 0xc, 0xff,
    0xf1, 0x0, 0x0, 0x0, 0xff, 0xf6, 0x0, 0x0,
    0xc, 0xff, 0xf1, 0x0, 0x0, 0x1, 0xff, 0xf5,
    0x0, 0x0, 0xc, 0xff, 0xf1, 0x0, 0x0, 0x2,
    0xff, 0xf4, 0x0, 0x0, 0xc, 0xff, 0xf1, 0x0,
    0x0, 0x3, 0xff, 0xf3, 0x0, 0x0, 0xc, 0xff,
    0xf1, 0x0, 0x0, 0x5, 0xff, 0xf1, 0x0, 0x0,
    0xc, 0xff, 0xf1, 0x0, 0x0, 0x8, 0xff, 0xe0,
    0x0, 0x0, 0xc, 0xff, 0xf1, 0x0, 0x0, 0xc,
    0xff, 0xb0, 0x0, 0x0, 0xc, 0xff, 0xf1, 0x0,
    0x0, 0x2f, 0xff, 0x60, 0x0, 0x0, 0xc, 0xff,
    0xf1, 0x0, 0x13, 0xdf, 0xff, 0x32, 0x22, 0x22,
    0x2c, 0xff, 0xf3, 0x20, 0x9f, 0xff, 0xff, 0xff,
    0xff, 0xff, 0xff, 0xff, 0xff, 0xf6, 0x9f, 0xff,
    0xff, 0xff, 0xff, 0xff, 0xff, 0xff, 0xff, 0xf6,
    0x9f, 0xff, 0xff, 0xff, 0xff, 0xff, 0xff, 0xff,
    0xff, 0xf6, 0xaf, 0xff, 0x0, 0x0, 0x0, 0x0,
    0x0, 0x3, 0xff, 0xf6, 0xaf, 0xff, 0x0, 0x0,
    0x0, 0x0, 0x0, 0x3, 0xff, 0xf6, 0xaf, 0xff,
    0x0, 0x0, 0x0, 0x0, 0x0, 0x3, 0xff, 0xf6,
    0x47, 0x76, 0x0, 0x0, 0x0, 0x0, 0x0, 0x1,
    0x77, 0x73,

    /* U+0415 "Е" */
    0xef, 0xff, 0xff, 0xff, 0xff, 0xff, 0xc0, 0xef,
    0xff, 0xff, 0xff, 0xff, 0xff, 0xc0, 0xef, 0xff,
    0xff, 0xff, 0xff, 0xff, 0xc0, 0xef, 0xff, 0x11,
    0x11, 0x11, 0x11, 0x10, 0xef, 0xff, 0x0, 0x0,
    0x0, 0x0, 0x0, 0xef, 0xff, 0x0, 0x0, 0x0,
    0x0, 0x0, 0xef, 0xff, 0x0, 0x0, 0x0, 0x0,
    0x0, 0xef, 0xff, 0xff, 0xff, 0xff, 0xfc, 0x0,
    0xef, 0xff, 0xff, 0xff, 0xff, 0xfc, 0x0, 0xef,
    0xff, 0xff, 0xff, 0xff, 0xfc, 0x0, 0xef, 0xff,
    0x0, 0x0, 0x0, 0x0, 0x0, 0xef, 0xff, 0x0,
    0x0, 0x0, 0x0, 0x0, 0xef, 0xff, 0x0, 0x0,
    0x0, 0x0, 0x0, 0xef, 0xff, 0x11, 0x11, 0x11,
    0x11, 0x10, 0xef, 0xff, 0xff, 0xff, 0xff, 0xff,
    0xf1, 0xef, 0xff, 0xff, 0xff, 0xff, 0xff, 0xf1,
    0xef, 0xff, 0xff, 0xff, 0xff, 0xff, 0xf1,

    /* U+0416 "Ж" */
    0x1f, 0xff, 0xe1, 0x0, 0x0, 0xf, 0xff, 0xe0,
    0x0, 0x0, 0x2f, 0xff, 0xe0, 0x8, 0xff, 0xf8,
    0x0, 0x0, 0xf, 0xff, 0xe0, 0x0, 0x0, 0xaf,
    0xff, 0x60, 0x0, 0xef, 0xff, 0x10, 0x0, 0xf,
    0xff, 0xe0, 0x0, 0x3, 0xff, 0xfd, 0x0, 0x0,
    0x5f, 0xff, 0x90, 0x0, 0xf, 0xff, 0xe0, 0x0,
    0xb, 0xff, 0xf4, 0x0, 0x0, 0xc, 0xff, 0xf2,
    0x0, 0xf, 0xff, 0xe0, 0x0, 0x4f, 0xff, 0xa0,
    0x0, 0x0, 0x3, 0xff, 0xfb, 0x0, 0xf, 0xff,
    0xe0, 0x0, 0xcf, 0xff, 0x20, 0x0, 0x0, 0x0,
    0xaf, 0xff, 0x30, 0xf, 0xff, 0xe0, 0x5, 0xff,
    0xf8, 0x0, 0x0, 0x0, 0x0, 0x1f, 0xff, 0xff,
    0xff, 0xff, 0xff, 0xff, 0xff, 0xe0, 0x0, 0x0,
    0x0, 0x0, 0xd, 0xff, 0xff, 0xff, 0xff, 0xff,
    0xff, 0xff, 0xc0, 0x0, 0x0, 0x0, 0x0, 0x6f,
    0xff, 0xff, 0xff, 0xff, 0xff, 0xff, 0xff, 0xf4,
    0x0, 0x0, 0x0, 0x0, 0xef, 0xff, 0x73, 0x3f,
    0xff, 0xe3, 0x39, 0xff, 0xfd, 0x0, 0x0, 0x0,
    0x8, 0xff, 0xfd, 0x0, 0xf, 0xff, 0xe0, 0x0,
    0xef, 0xff, 0x70, 0x0, 0x0, 0x2f, 0xff, 0xf4,
    0x0, 0xf, 0xff, 0xe0, 0x0, 0x6f, 0xff, 0xe1,
    0x0, 0x0, 0xaf, 0xff, 0xb0, 0x0, 0xf, 0xff,
    0xe0, 0x0, 0xd, 0xff, 0xf9, 0x0, 0x4, 0xff,
    0xff, 0x30, 0x0, 0xf, 0xff, 0xe0, 0x0, 0x4,
    0xff, 0xff, 0x20, 0xd, 0xff, 0xfa, 0x0, 0x0,
    0xf, 0xff, 0xe0, 0x0, 0x0, 0xbf, 0xff, 0xb0,
    0x6f, 0xff, 0xf1, 0x0, 0x0, 0xf, 0xff, 0xe0,
    0x0, 0x0, 0x3f, 0xff, 0xf4,

    /* U+0417 "З" */
    0x0, 0x5, 0x9c, 0xef, 0xfd, 0xa6, 0x0, 0x0,
    0x3, 0xff, 0xff, 0xff, 0xff, 0xff, 0xe5, 0x0,
    0x0, 0xff, 0xff, 0xff, 0xff, 0xff, 0xff, 0x40,
    0x0, 0xaf, 0xa6, 0x42, 0x46, 0xef, 0xff, 0xc0,
    0x0, 0x21, 0x0, 0x0, 0x0, 0x2f, 0xff, 0xe0,
    0x0, 0x0, 0x0, 0x0, 0x0, 0xf, 0xff, 0xd0,
    0x0, 0x0, 0x0, 0x0, 0x2, 0xaf, 0xff, 0x80,
    0x0, 0x0, 0xaf, 0xff, 0xff, 0xff, 0xfc, 0x0,
    0x0, 0x0, 0xaf, 0xff, 0xff, 0xff, 0xf5, 0x0,
    0x0, 0x0, 0x9e, 0xee, 0xef, 0xff, 0xff, 0x90,
    0x0, 0x0, 0x0, 0x0, 0x0, 0x3d, 0xff, 0xf4,
    0x0, 0x0, 0x0, 0x0, 0x0, 0x5, 0xff, 0xf9,
    0x0, 0x40, 0x0, 0x0, 0x0, 0x7, 0xff, 0xf9,
    0x5, 0xfd, 0x85, 0x22, 0x24, 0x8f, 0xff, 0xf5,
    0xc, 0xff, 0xff, 0xff, 0xff, 0xff, 0xff, 0xc0,
    0x9, 0xff, 0xff, 0xff, 0xff, 0xff, 0xfa, 0x0,
    0x0, 0x16, 0xad, 0xef, 0xfe, 0xb8, 0x20, 0x0,

    /* U+0418 "И" */
    0xef, 0xff, 0x0, 0x0, 0x0, 0x6, 0xff, 0xf9,
    0xef, 0xff, 0x0, 0x0, 0x0, 0x2f, 0xff, 0xf9,
    0xef, 0xff, 0x0, 0x0, 0x0, 0xcf, 0xff, 0xf9,
    0xef, 0xff, 0x0, 0x0, 0x9, 0xff, 0xff, 0xf9,
    0xef, 0xff, 0x0, 0x0, 0x4f, 0xff, 0xff, 0xf9,
    0xef, 0xff, 0x0, 0x1, 0xef, 0xff, 0xff, 0xf9,
    0xef, 0xff, 0x0, 0xb, 0xff, 0xf9, 0xff, 0xf9,
    0xef, 0xff, 0x0, 0x7f, 0xff, 0xa3, 0xff, 0xf9,
    0xef, 0xff, 0x3, 0xff, 0xfd, 0x3, 0xff, 0xf9,
    0xef, 0xff, 0xd, 0xff, 0xf3, 0x3, 0xff, 0xf9,
    0xef, 0xff, 0xaf, 0xff, 0x70, 0x3, 0xff, 0xf9,
    0xef, 0xff, 0xff, 0xfb, 0x0, 0x3, 0xff, 0xf9,
    0xef, 0xff, 0xff, 0xe1, 0x0, 0x3, 0xff, 0xf9,
    0xef, 0xff, 0xff, 0x40, 0x0, 0x3, 0xff, 0xf9,
    0xef, 0xff, 0xf9, 0x0, 0x0, 0x3, 0xff, 0xf9,
    0xef, 0xff, 0xd0, 0x0, 0x0, 0x3, 0xff, 0xf9,
    0xef, 0xff, 0x20, 0x0, 0x0, 0x3, 0xff, 0xf9,

    /* U+0419 "Й" */
    0x0, 0x6, 0x87, 0x0, 0x1, 0x88, 0x30, 0x0,
    0x0, 0xa, 0xff, 0x40, 0x9, 0xff, 0x50, 0x0,
    0x0, 0x3, 0xff, 0xff, 0xff, 0xfd, 0x0, 0x0,
    0x0, 0x0, 0x3a, 0xef, 0xfd, 0x81, 0x0, 0x0,
    0x0, 0x0, 0x0, 0x0, 0x0, 0x0, 0x0, 0x0,
    0xef, 0xff, 0x0, 0x0, 0x0, 0x6, 0xff, 0xf9,
    0xef, 0xff, 0x0, 0x0, 0x0, 0x2f, 0xff, 0xf9,
    0xef, 0xff, 0x0, 0x0, 0x0, 0xcf, 0xff, 0xf9,
    0xef, 0xff, 0x0, 0x0, 0x9, 0xff, 0xff, 0xf9,
    0xef, 0xff, 0x0, 0x0, 0x4f, 0xff, 0xff, 0xf9,
    0xef, 0xff, 0x0, 0x1, 0xef, 0xff, 0xff, 0xf9,
    0xef, 0xff, 0x0, 0xb, 0xff, 0xf9, 0xff, 0xf9,
    0xef, 0xff, 0x0, 0x7f, 0xff, 0xa3, 0xff, 0xf9,
    0xef, 0xff, 0x3, 0xff, 0xfd, 0x3, 0xff, 0xf9,
    0xef, 0xff, 0xd, 0xff, 0xf3, 0x3, 0xff, 0xf9,
    0xef, 0xff, 0xaf, 0xff, 0x70, 0x3, 0xff, 0xf9,
    0xef, 0xff, 0xff, 0xfb, 0x0, 0x3, 0xff, 0xf9,
    0xef, 0xff, 0xff, 0xe1, 0x0, 0x3, 0xff, 0xf9,
    0xef, 0xff, 0xff, 0x40, 0x0, 0x3, 0xff, 0xf9,
    0xef, 0xff, 0xf9, 0x0, 0x0, 0x3, 0xff, 0xf9,
    0xef, 0xff, 0xd0, 0x0, 0x0, 0x3, 0xff, 0xf9,
    0xef, 0xff, 0x20, 0x0, 0x0, 0x3, 0xff, 0xf9,

    /* U+041A "К" */
    0xff, 0xfe, 0x0, 0x0, 0x0, 0x3f, 0xff, 0xd0,
    0xff, 0xfe, 0x0, 0x0, 0x0, 0xdf, 0xff, 0x30,
    0xff, 0xfe, 0x0, 0x0, 0x7, 0xff, 0xf8, 0x0,
    0xff, 0xfe, 0x0, 0x0, 0x2f, 0xff, 0xd0, 0x0,
    0xff, 0xfe, 0x0, 0x0, 0xbf, 0xff, 0x30, 0x0,
    0xff, 0xfe, 0x0, 0x5, 0xff, 0xf9, 0x0, 0x0,
    0xff, 0xfe, 0x0, 0x1e, 0xff, 0xd0, 0x0, 0x0,
    0xff, 0xff, 0xff, 0xff, 0xff, 0x40, 0x0, 0x0,
    0xff, 0xff, 0xff, 0xff, 0xfe, 0x0, 0x0, 0x0,
    0xff, 0xff, 0xff, 0xff, 0xff, 0x70, 0x0, 0x0,
    0xff, 0xfe, 0x33, 0x5f, 0xff, 0xf2, 0x0, 0x0,
    0xff, 0xfe, 0x0, 0x9, 0xff, 0xfc, 0x0, 0x0,
    0xff, 0xfe, 0x0, 0x0, 0xef, 0xff, 0x70, 0x0,
    0xff, 0xfe, 0x0, 0x0, 0x4f, 0xff, 0xf2, 0x0,
    0xff, 0xfe, 0x0, 0x0, 0xa, 0xff, 0xfb, 0x0,
    0xff, 0xfe, 0x0, 0x0, 0x1, 0xef, 0xff, 0x60,
    0xff, 0xfe, 0x0, 0x0, 0x0, 0x5f, 0xff, 0xf1,

    /* U+041B "Л" */
    0x0, 0x0, 0xdf, 0xff, 0xff, 0xff, 0xff, 0xff,
    0xf1, 0x0, 0x0, 0xef, 0xff, 0xff, 0xff, 0xff,
    0xff, 0xf1, 0x0, 0x0, 0xff, 0xff, 0xff, 0xff,
    0xff, 0xff, 0xf1, 0x0, 0x0, 0xff, 0xf8, 0x22,
    0x22, 0x2c, 0xff, 0xf1, 0x0, 0x0, 0xff, 0xf6,
    0x0, 0x0, 0xc, 0xff, 0xf1, 0x0, 0x0, 0xff,
    0xf6, 0x0, 0x0, 0xc, 0xff, 0xf1, 0x0, 0x1,
    0xff, 0xf5, 0x0, 0x0, 0xc, 0xff, 0xf1, 0x0,
    0x2, 0xff, 0xf4, 0x0, 0x0, 0xc, 0xff, 0xf1,
    0x0, 0x3, 0xff, 0xf3, 0x0, 0x0, 0xc, 0xff,
    0xf1, 0x0, 0x4, 0xff, 0xf2, 0x0, 0x0, 0xc,
    0xff, 0xf1, 0x0, 0x6, 0xff, 0xf0, 0x0, 0x0,
    0xc, 0xff, 0xf1, 0x0, 0xa, 0xff, 0xe0, 0x0,
    0x0, 0xc, 0xff, 0xf1, 0x0, 0x1f, 0xff, 0xb0,
    0x0, 0x0, 0xc, 0xff, 0xf1, 0x38, 0xdf, 0xff,
    0x70, 0x0, 0x0, 0xc, 0xff, 0xf1, 0x7f, 0xff,
    0xff, 0x10, 0x0, 0x0, 0xc, 0xff, 0xf1, 0x8f,
    0xff, 0xf6, 0x0, 0x0, 0x0, 0xc, 0xff, 0xf1,
    0xaf, 0xfc, 0x50, 0x0, 0x0, 0x0, 0xc, 0xff,
    0xf1,

    /* U+041C "М" */
    0xef, 0xf9, 0x0, 0x0, 0x0, 0x0, 0x0, 0x8,
    0xff, 0xf0, 0xef, 0xff, 0x30, 0x0, 0x0, 0x0,
    0x0, 0x2f, 0xff, 0xf0, 0xef, 0xff, 0xc0, 0x0,
    0x0, 0x0, 0x0, 0xaf, 0xff, 0xf0, 0xef, 0xff,
    0xf6, 0x0, 0x0, 0x0, 0x4, 0xff, 0xff, 0xf0,
    0xef, 0xff, 0xfe, 0x10, 0x0, 0x0, 0xd, 0xff,
    0xff, 0xf0, 0xef, 0xff, 0xff, 0x90, 0x0, 0x0,
    0x7f, 0xff, 0xff, 0xf0, 0xef, 0xff, 0xff, 0xf2,
    0x0, 0x1, 0xff, 0xff, 0xff, 0xf0, 0xef, 0xfc,
    0xef, 0xfc, 0x0, 0x9, 0xff, 0xeb, 0xff, 0xf0,
    0xef, 0xfb, 0x5f, 0xff, 0x50, 0x3f, 0xff, 0x5a,
    0xff, 0xf0, 0xef, 0xfb, 0xc, 0xff, 0xe0, 0xcf,
    0xfc, 0xa, 0xff, 0xf0, 0xef, 0xfb, 0x2, 0xff,
    0xfd, 0xff, 0xf3, 0xa, 0xff, 0xf0, 0xef, 0xfb,
    0x0, 0x8f, 0xff, 0xff, 0x90, 0xa, 0xff, 0xf0,
    0xef, 0xfb, 0x0, 0xe, 0xff, 0xfe, 0x10, 0xa,
    0xff, 0xf0, 0xef, 0xfb, 0x0, 0x5, 0xff, 0xf6,
    0x0, 0xa, 0xff, 0xf0, 0xef, 0xfb, 0x0, 0x0,
    0xbf, 0xc0, 0x0, 0xa, 0xff, 0xf0, 0xef, 0xfb,
    0x0, 0x0, 0x13, 0x10, 0x0, 0xa, 0xff, 0xf0,
    0xef, 0xfb, 0x0, 0x0, 0x0, 0x0, 0x0, 0xa,
    0xff, 0xf0,

    /* U+041D "Н" */
    0xef, 0xff, 0x0, 0x0, 0x0, 0x6, 0xff, 0xf8,
    0xef, 0xff, 0x0, 0x0, 0x0, 0x6, 0xff, 0xf8,
    0xef, 0xff, 0x0, 0x0, 0x0, 0x6, 0xff, 0xf8,
    0xef, 0xff, 0x0, 0x0, 0x0, 0x6, 0xff, 0xf8,
    0xef, 0xff, 0x0, 0x0, 0x0, 0x6, 0xff, 0xf8,
    0xef, 0xff, 0x0, 0x0, 0x0, 0x6, 0xff, 0xf8,
    0xef, 0xff, 0x0, 0x0, 0x0, 0x6, 0xff, 0xf8,
    0xef, 0xff, 0xff, 0xff, 0xff, 0xff, 0xff, 0xf8,
    0xef, 0xff, 0xff, 0xff, 0xff, 0xff, 0xff, 0xf8,
    0xef, 0xff, 0xff, 0xff, 0xff, 0xff, 0xff, 0xf8,
    0xef, 0xff, 0x44, 0x44, 0x44, 0x48, 0xff, 0xf8,
    0xef, 0xff, 0x0, 0x0, 0x0, 0x6, 0xff, 0xf8,
    0xef, 0xff, 0x0, 0x0, 0x0, 0x6, 0xff, 0xf8,
    0xef, 0xff, 0x0, 0x0, 0x0, 0x6, 0xff, 0xf8,
    0xef, 0xff, 0x0, 0x0, 0x0, 0x6, 0xff, 0xf8,
    0xef, 0xff, 0x0, 0x0, 0x0, 0x6, 0xff, 0xf8,
    0xef, 0xff, 0x0, 0x0, 0x0, 0x6, 0xff, 0xf8,

    /* U+041E "О" */
    0x0, 0x0, 0x0, 0x5a, 0xdf, 0xfe, 0xb6, 0x0,
    0x0, 0x0, 0x0, 0x0, 0x4d, 0xff, 0xff, 0xff,
    0xff, 0xe7, 0x0, 0x0, 0x0, 0x7, 0xff, 0xff,
    0xff, 0xff, 0xff, 0xff, 0xa0, 0x0, 0x0, 0x6f,
    0xff, 0xfe, 0x85, 0x57, 0xdf, 0xff, 0xf9, 0x0,
    0x1, 0xff, 0xff, 0xa0, 0x0, 0x0, 0x7, 0xff,
    0xff, 0x30, 0x8, 0xff, 0xfb, 0x0, 0x0, 0x0,
    0x0, 0x8f, 0xff, 0xb0, 0xd, 0xff, 0xf3, 0x0,
    0x0, 0x0, 0x0, 0xf, 0xff, 0xf0, 0xf, 0xff,
    0xf0, 0x0, 0x0, 0x0, 0x0, 0xb, 0xff, 0xf3,
    0x1f, 0xff, 0xd0, 0x0, 0x0, 0x0, 0x0, 0xa,
    0xff, 0xf4, 0xf, 0xff, 0xf0, 0x0, 0x0, 0x0,
    0x0, 0xb, 0xff, 0xf3, 0xd, 0xff, 0xf3, 0x0,
    0x0, 0x0, 0x0, 0xf, 0xff, 0xf0, 0x8, 0xff,
    0xfb, 0x0, 0x0, 0x0, 0x0, 0x8f, 0xff, 0xb0,
    0x1, 0xff, 0xff, 0x90, 0x0, 0x0, 0x7, 0xff,
    0xff, 0x40, 0x0, 0x6f, 0xff, 0xfe, 0x85, 0x57,
    0xdf, 0xff, 0xf9, 0x0, 0x0, 0x8, 0xff, 0xff,
    0xff, 0xff, 0xff, 0xff, 0xb0, 0x0, 0x0, 0x0,
    0x5e, 0xff, 0xff, 0xff, 0xff, 0xf7, 0x0, 0x0,
    0x0, 0x0, 0x0, 0x5a, 0xdf, 0xfe, 0xb7, 0x10,
    0x0, 0x0,

    /* U+041F "П" */
    0xef, 0xff, 0xff, 0xff, 0xff, 0xff, 0xff, 0xf6,
    0xef, 0xff, 0xff, 0xff, 0xff, 0xff, 0xff, 0xf6,
    0xef, 0xff, 0xff, 0xff, 0xff, 0xff, 0xff, 0xf6,
    0xef, 0xff, 0x22, 0x22, 0x22, 0x28, 0xff, 0xf6,
    0xef, 0xff, 0x0, 0x0, 0x0, 0x7, 0xff, 0xf6,
    0xef, 0xff, 0x0, 0x0, 0x0, 0x7, 0xff, 0xf6,
    0xef, 0xff, 0x0, 0x0, 0x0, 0x7, 0xff, 0xf6,
    0xef, 0xff, 0x0, 0x0, 0x0, 0x7, 0xff, 0xf6,
    0xef, 0xff, 0x0, 0x0, 0x0, 0x7, 0xff, 0xf6,
    0xef, 0xff, 0x0, 0x0, 0x0, 0x7, 0xff, 0xf6,
    0xef, 0xff, 0x0, 0x0, 0x0, 0x7, 0xff, 0xf6,
    0xef, 0xff, 0x0, 0x0, 0x0, 0x7, 0xff, 0xf6,
    0xef, 0xff, 0x0, 0x0, 0x0, 0x7, 0xff, 0xf6,
    0xef, 0xff, 0x0, 0x0, 0x0, 0x7, 0xff, 0xf6,
    0xef, 0xff, 0x0, 0x0, 0x0, 0x7, 0xff, 0xf6,
    0xef, 0xff, 0x0, 0x0, 0x0, 0x7, 0xff, 0xf6,
    0xef, 0xff, 0x0, 0x0, 0x0, 0x7, 0xff, 0xf6,

    /* U+0420 "Р" */
    0xef, 0xff, 0xff, 0xff, 0xec, 0x72, 0x0, 0xe,
    0xff, 0xff, 0xff, 0xff, 0xff, 0xf7, 0x0, 0xef,
    0xff, 0xff, 0xff, 0xff, 0xff, 0xf7, 0xe, 0xff,
    0xf2, 0x22, 0x25, 0xbf, 0xff, 0xf1, 0xef, 0xff,
    0x0, 0x0, 0x0, 0xbf, 0xff, 0x6e, 0xff, 0xf0,
    0x0, 0x0, 0x6, 0xff, 0xf9, 0xef, 0xff, 0x0,
    0x0, 0x0, 0x5f, 0xff, 0x9e, 0xff, 0xf0, 0x0,
    0x0, 0xa, 0xff, 0xf7, 0xef, 0xff, 0x0, 0x0,
    0x29, 0xff, 0xff, 0x2e, 0xff, 0xff, 0xff, 0xff,
    0xff, 0xff, 0x90, 0xef, 0xff, 0xff, 0xff, 0xff,
    0xff, 0x90, 0xe, 0xff, 0xff, 0xff, 0xff, 0xea,
    0x30, 0x0, 0xef, 0xff, 0x22, 0x21, 0x0, 0x0,
    0x0, 0xe, 0xff, 0xf0, 0x0, 0x0, 0x0, 0x0,
    0x0, 0xef, 0xff, 0x0, 0x0, 0x0, 0x0, 0x0,
    0xe, 0xff, 0xf0, 0x0, 0x0, 0x0, 0x0, 0x0,
    0xef, 0xff, 0x0, 0x0, 0x0, 0x0, 0x0, 0x0,

    /* U+0421 "С" */
    0x0, 0x0, 0x0, 0x5a, 0xdf, 0xfd, 0xb6, 0x0,
    0x0, 0x0, 0x5, 0xef, 0xff, 0xff, 0xff, 0xfe,
    0x50, 0x0, 0x8, 0xff, 0xff, 0xff, 0xff, 0xff,
    0xff, 0x70, 0x6, 0xff, 0xff, 0xe9, 0x55, 0x7c,
    0xff, 0xf6, 0x1, 0xff, 0xff, 0xa0, 0x0, 0x0,
    0x5, 0xe4, 0x0, 0x8f, 0xff, 0xc0, 0x0, 0x0,
    0x0, 0x0, 0x0, 0xd, 0xff, 0xf4, 0x0, 0x0,
    0x0, 0x0, 0x0, 0x0, 0xff, 0xff, 0x0, 0x0,
    0x0, 0x0, 0x0, 0x0, 0xf, 0xff, 0xe0, 0x0,
    0x0, 0x0, 0x0, 0x0, 0x0, 0xff, 0xff, 0x0,
    0x0, 0x0, 0x0, 0x0, 0x0, 0xd, 0xff, 0xf3,
    0x0, 0x0, 0x0, 0x0, 0x0, 0x0, 0x8f, 0xff,
    0xc0, 0x0, 0x0, 0x0, 0x0, 0x0, 0x1, 0xff,
    0xff, 0xa0, 0x0, 0x0, 0x5, 0xe4, 0x0, 0x6,
    0xff, 0xff, 0xe8, 0x54, 0x6c, 0xff, 0xf6, 0x0,
    0x8, 0xff, 0xff, 0xff, 0xff, 0xff, 0xff, 0x70,
    0x0, 0x5, 0xef, 0xff, 0xff, 0xff, 0xfe, 0x50,
    0x0, 0x0, 0x0, 0x6a, 0xdf, 0xfd, 0xb6, 0x0,
    0x0,

    /* U+0422 "Т" */
    0xaf, 0xff, 0xff, 0xff, 0xff, 0xff, 0xff, 0xea,
    0xff, 0xff, 0xff, 0xff, 0xff, 0xff, 0xfe, 0xaf,
    0xff, 0xff, 0xff, 0xff, 0xff, 0xff, 0xe1, 0x22,
    0x22, 0x6f, 0xff, 0x92, 0x22, 0x22, 0x0, 0x0,
    0x4, 0xff, 0xf8, 0x0, 0x0, 0x0, 0x0, 0x0,
    0x4f, 0xff, 0x80, 0x0, 0x0, 0x0, 0x0, 0x4,
    0xff, 0xf8, 0x0, 0x0, 0x0, 0x0, 0x0, 0x4f,
    0xff, 0x80, 0x0, 0x0, 0x0, 0x0, 0x4, 0xff,
    0xf8, 0x0, 0x0, 0x0, 0x0, 0x0, 0x4f, 0xff,
    0x80, 0x0, 0x0, 0x0, 0x0, 0x4, 0xff, 0xf8,
    0x0, 0x0, 0x0, 0x0, 0x0, 0x4f, 0xff, 0x80,
    0x0, 0x0, 0x0, 0x0, 0x4, 0xff, 0xf8, 0x0,
    0x0, 0x0, 0x0, 0x0, 0x4f, 0xff, 0x80, 0x0,
    0x0, 0x0, 0x0, 0x4, 0xff, 0xf8, 0x0, 0x0,
    0x0, 0x0, 0x0, 0x4f, 0xff, 0x80, 0x0, 0x0,
    0x0, 0x0, 0x4, 0xff, 0xf8, 0x0, 0x0, 0x0,

    /* U+0423 "У" */
    0x8f, 0xff, 0x90, 0x0, 0x0, 0x0, 0xd, 0xff,
    0xe0, 0xe, 0xff, 0xf2, 0x0, 0x0, 0x0, 0x5f,
    0xff, 0x60, 0x6, 0xff, 0xf9, 0x0, 0x0, 0x0,
    0xdf, 0xfd, 0x0, 0x0, 0xdf, 0xff, 0x20, 0x0,
    0x5, 0xff, 0xf5, 0x0, 0x0, 0x5f, 0xff, 0x90,
    0x0, 0xd, 0xff, 0xc0, 0x0, 0x0, 0xc, 0xff,
    0xf2, 0x0, 0x6f, 0xff, 0x40, 0x0, 0x0, 0x4,
    0xff, 0xf9, 0x0, 0xef, 0xfb, 0x0, 0x0, 0x0,
    0x0, 0xbf, 0xff, 0x26, 0xff, 0xf3, 0x0, 0x0,
    0x0, 0x0, 0x2f, 0xff, 0xae, 0xff, 0xa0, 0x0,
    0x0, 0x0, 0x0, 0xa, 0xff, 0xff, 0xff, 0x20,
    0x0, 0x0, 0x0, 0x0, 0x1, 0xff, 0xff, 0xf9,
    0x0, 0x0, 0x0, 0x0, 0x0, 0x0, 0x8f, 0xff,
    0xf1, 0x0, 0x0, 0x0, 0x0, 0x0, 0x0, 0x6f,
    0xff, 0x70, 0x0, 0x0, 0x0, 0x0, 0x35, 0x37,
    0xff, 0xfd, 0x0, 0x0, 0x0, 0x0, 0x0, 0xaf,
    0xff, 0xff, 0xf3, 0x0, 0x0, 0x0, 0x0, 0x0,
    0xff, 0xff, 0xff, 0x40, 0x0, 0x0, 0x0, 0x0,
    0x1, 0xae, 0xfe, 0x92, 0x0, 0x0, 0x0, 0x0,
    0x0, 0x0, 0x0, 0x0, 0x0, 0x0, 0x0, 0x0,
    0x0, 0x0,

    /* U+0424 "Ф" */
    0x0, 0x0, 0x0, 0x0, 0x0, 0x11, 0x10, 0x0,
    0x0, 0x0, 0x0, 0x0, 0x0, 0x0, 0x0, 0x6,
    0xff, 0xf3, 0x0, 0x0, 0x0, 0x0, 0x0, 0x0,
    0x0, 0x3, 0x59, 0xff, 0xf8, 0x53, 0x0, 0x0,
    0x0, 0x0, 0x0, 0x4b, 0xff, 0xff, 0xff, 0xff,
    0xff, 0xfa, 0x30, 0x0, 0x0, 0xb, 0xff, 0xff,
    0xff, 0xff, 0xff, 0xff, 0xff, 0xf9, 0x0, 0x0,
    0xcf, 0xff, 0xfe, 0xbb, 0xff, 0xfa, 0xbf, 0xff,
    0xff, 0x90, 0x7, 0xff, 0xff, 0x60, 0x6, 0xff,
    0xf3, 0x0, 0x8f, 0xff, 0xf3, 0xd, 0xff, 0xf4,
    0x0, 0x6, 0xff, 0xf3, 0x0, 0x7, 0xff, 0xfa,
    0x1f, 0xff, 0xc0, 0x0, 0x6, 0xff, 0xf3, 0x0,
    0x0, 0xff, 0xfd, 0x2f, 0xff, 0x90, 0x0, 0x6,
    0xff, 0xf3, 0x0, 0x0, 0xcf, 0xff, 0x2f, 0xff,
    0xa0, 0x0, 0x6, 0xff, 0xf3, 0x0, 0x0, 0xdf,
    0xfe, 0xf, 0xff, 0xe0, 0x0, 0x6, 0xff, 0xf3,
    0x0, 0x2, 0xff, 0xfc, 0xb, 0xff, 0xfa, 0x0,
    0x6, 0xff, 0xf3, 0x0, 0xc, 0xff, 0xf7, 0x3,
    0xff, 0xff, 0xd6, 0x26, 0xff, 0xf3, 0x16, 0xdf,
    0xff, 0xe1, 0x0, 0x6f, 0xff, 0xff, 0xff, 0xff,
    0xff, 0xff, 0xff, 0xff, 0x40, 0x0, 0x4, 0xdf,
    0xff, 0xff, 0xff, 0xff, 0xff, 0xff, 0xc3, 0x0,
    0x0, 0x0, 0x5, 0x9d, 0xef, 0xff, 0xff, 0xec,
    0x84, 0x0, 0x0, 0x0, 0x0, 0x0, 0x0, 0x6,
    0xff, 0xf3, 0x0, 0x0, 0x0, 0x0, 0x0, 0x0,
    0x0, 0x0, 0x6, 0xff, 0xf3, 0x0, 0x0, 0x0,
    0x0,

    /* U+0425 "Х" */
    0x1e, 0xff, 0xf7, 0x0, 0x0, 0x4, 0xff, 0xff,
    0x40, 0x5, 0xff, 0xff, 0x20, 0x0, 0xe, 0xff,
    0xf9, 0x0, 0x0, 0xbf, 0xff, 0xc0, 0x0, 0x9f,
    0xff, 0xd0, 0x0, 0x0, 0x1e, 0xff, 0xf7, 0x4,
    0xff, 0xff, 0x30, 0x0, 0x0, 0x5, 0xff, 0xff,
    0x3e, 0xff, 0xf8, 0x0, 0x0, 0x0, 0x0, 0xaf,
    0xff, 0xff, 0xff, 0xd0, 0x0, 0x0, 0x0, 0x0,
    0x1e, 0xff, 0xff, 0xff, 0x30, 0x0, 0x0, 0x0,
    0x0, 0x5, 0xff, 0xff, 0xf7, 0x0, 0x0, 0x0,
    0x0, 0x0, 0x0, 0xef, 0xff, 0xf4, 0x0, 0x0,
    0x0, 0x0, 0x0, 0x9, 0xff, 0xff, 0xfe, 0x10,
    0x0, 0x0, 0x0, 0x0, 0x4f, 0xff, 0xff, 0xff,
    0xa0, 0x0, 0x0, 0x0, 0x1, 0xef, 0xff, 0xbf,
    0xff, 0xf5, 0x0, 0x0, 0x0, 0xa, 0xff, 0xfc,
    0x9, 0xff, 0xfe, 0x10, 0x0, 0x0, 0x5f, 0xff,
    0xf2, 0x0, 0xdf, 0xff, 0xb0, 0x0, 0x1, 0xef,
    0xff, 0x70, 0x0, 0x3f, 0xff, 0xf6, 0x0, 0xb,
    0xff, 0xfc, 0x0, 0x0, 0x8, 0xff, 0xff, 0x10,
    0x6f, 0xff, 0xf2, 0x0, 0x0, 0x0, 0xdf, 0xff,
    0xb0,

    /* U+0426 "Ц" */
    0xef, 0xff, 0x0, 0x0, 0x0, 0x9, 0xff, 0xf4,
    0x0, 0xef, 0xff, 0x0, 0x0, 0x0, 0x9, 0xff,
    0xf4, 0x0, 0xef, 0xff, 0x0, 0x0, 0x0, 0x9,
    0xff, 0xf4, 0x0, 0xef, 0xff, 0x0, 0x0, 0x0,
    0x9, 0xff, 0xf4, 0x0, 0xef, 0xff, 0x0, 0x0,
    0x0, 0x9, 0xff, 0xf4, 0x0, 0xef, 0xff, 0x0,
    0x0, 0x0, 0x9, 0xff, 0xf4, 0x0, 0xef, 0xff,
    0x0, 0x0, 0x0, 0x9, 0xff, 0xf4, 0x0, 0xef,
    0xff, 0x0, 0x0, 0x0, 0x9, 0xff, 0xf4, 0x0,
    0xef, 0xff, 0x0, 0x0, 0x0, 0x9, 0xff, 0xf4,
    0x0, 0xef, 0xff, 0x0, 0x0, 0x0, 0x9, 0xff,
    0xf4, 0x0, 0xef, 0xff, 0x0, 0x0, 0x0, 0x9,
    0xff, 0xf4, 0x0, 0xef, 0xff, 0x0, 0x0, 0x0,
    0x9, 0xff, 0xf4, 0x0, 0xef, 0xff, 0x0, 0x0,
    0x0, 0x9, 0xff, 0xf4, 0x0, 0xef, 0xff, 0x22,
    0x22, 0x22, 0x29, 0xff, 0xf6, 0x21, 0xef, 0xff,
    0xff, 0xff, 0xff, 0xff, 0xff, 0xff, 0xfb, 0xef,
    0xff, 0xff, 0xff, 0xff, 0xff, 0xff, 0xff, 0xfb,
    0xef, 0xff, 0xff, 0xff, 0xff, 0xff, 0xff, 0xff,
    0xfb, 0x0, 0x0, 0x0, 0x0, 0x0, 0x0, 0x0,
    0xef, 0xfb, 0x0, 0x0, 0x0, 0x0, 0x0, 0x0,
    0x0, 0xef, 0xfb, 0x0, 0x0, 0x0, 0x0, 0x0,
    0x0, 0x0, 0xef, 0xfb, 0x0, 0x0, 0x0, 0x0,
    0x0, 0x0, 0x0, 0x78, 0x85,

    /* U+0427 "Ч" */
    0x7f, 0xff, 0x60, 0x0, 0x0, 0x7, 0xff, 0xf6,
    0x7f, 0xff, 0x60, 0x0, 0x0, 0x7, 0xff, 0xf6,
    0x7f, 0xff, 0x60, 0x0, 0x0, 0x7, 0xff, 0xf6,
    0x7f, 0xff, 0x60, 0x0, 0x0, 0x7, 0xff, 0xf6,
    0x7f, 0xff, 0x60, 0x0, 0x0, 0x7, 0xff, 0xf6,
    0x7f, 0xff, 0x60, 0x0, 0x0, 0x7, 0xff, 0xf6,
    0x6f, 0xff, 0x90, 0x0, 0x0, 0x7, 0xff, 0xf6,
    0x3f, 0xff, 0xf1, 0x0, 0x0, 0x7, 0xff, 0xf6,
    0xe, 0xff, 0xfe, 0x74, 0x35, 0xaf, 0xff, 0xf6,
    0x5, 0xff, 0xff, 0xff, 0xff, 0xff, 0xff, 0xf6,
    0x0, 0x6f, 0xff, 0xff, 0xff, 0xff, 0xff, 0xf6,
    0x0, 0x2, 0x8c, 0xff, 0xec, 0x89, 0xff, 0xf6,
    0x0, 0x0, 0x0, 0x0, 0x0, 0x7, 0xff, 0xf6,
    0x0, 0x0, 0x0, 0x0, 0x0, 0x7, 0xff, 0xf6,
    0x0, 0x0, 0x0, 0x0, 0x0, 0x7, 0xff, 0xf6,
    0x0, 0x0, 0x0, 0x0, 0x0, 0x7, 0xff, 0xf6,
    0x0, 0x0, 0x0, 0x0, 0x0, 0x7, 0xff, 0xf6,

    /* U+0428 "Ш" */
    0xef, 0xff, 0x0, 0x0, 0xc, 0xff, 0xf2, 0x0,
    0x0, 0x9f, 0xff, 0x4e, 0xff, 0xf0, 0x0, 0x0,
    0xcf, 0xff, 0x20, 0x0, 0x9, 0xff, 0xf4, 0xef,
    0xff, 0x0, 0x0, 0xc, 0xff, 0xf2, 0x0, 0x0,
    0x9f, 0xff, 0x4e, 0xff, 0xf0, 0x0, 0x0, 0xcf,
    0xff, 0x20, 0x0, 0x9, 0xff, 0xf4, 0xef, 0xff,
    0x0, 0x0, 0xc, 0xff, 0xf2, 0x0, 0x0, 0x9f,
    0xff, 0x4e, 0xff, 0xf0, 0x0, 0x0, 0xcf, 0xff,
    0x20, 0x0, 0x9, 0xff, 0xf4, 0xef, 0xff, 0x0,
    0x0, 0xc, 0xff, 0xf2, 0x0, 0x0, 0x9f, 0xff,
    0x4e, 0xff, 0xf0, 0x0, 0x0, 0xcf, 0xff, 0x20,
    0x0, 0x9, 0xff, 0xf4, 0xef, 0xff, 0x0, 0x0,
    0xc, 0xff, 0xf2, 0x0, 0x0, 0x9f, 0xff, 0x4e,
    0xff, 0xf0, 0x0, 0x0, 0xcf, 0xff, 0x20, 0x0,
    0x9, 0xff, 0xf4, 0xef, 0xff, 0x0, 0x0, 0xc,
    0xff, 0xf2, 0x0, 0x0, 0x9f, 0xff, 0x4e, 0xff,
    0xf0, 0x0, 0x0, 0xcf, 0xff, 0x20, 0x0, 0x9,
    0xff, 0xf4, 0xef, 0xff, 0x0, 0x0, 0xc, 0xff,
    0xf2, 0x0, 0x0, 0x9f, 0xff, 0x4e, 0xff, 0xf2,
    0x22, 0x22, 0xcf, 0xff, 0x32, 0x22, 0x2a, 0xff,
    0xf4, 0xef, 0xff, 0xff, 0xff, 0xff, 0xff, 0xff,
    0xff, 0xff, 0xff, 0xff, 0x4e, 0xff, 0xff, 0xff,
    0xff, 0xff, 0xff, 0xff, 0xff, 0xff, 0xff, 0xf4,
    0xef, 0xff, 0xff, 0xff, 0xff, 0xff, 0xff, 0xff,
    0xff, 0xff, 0xff, 0x40,

    /* U+0429 "Щ" */
    0xef, 0xff, 0x0, 0x0, 0xc, 0xff, 0xf2, 0x0,
    0x0, 0x9f, 0xff, 0x40, 0xe, 0xff, 0xf0, 0x0,
    0x0, 0xcf, 0xff, 0x20, 0x0, 0x9, 0xff, 0xf4,
    0x0, 0xef, 0xff, 0x0, 0x0, 0xc, 0xff, 0xf2,
    0x0, 0x0, 0x9f, 0xff, 0x40, 0xe, 0xff, 0xf0,
    0x0, 0x0, 0xcf, 0xff, 0x20, 0x0, 0x9, 0xff,
    0xf4, 0x0, 0xef, 0xff, 0x0, 0x0, 0xc, 0xff,
    0xf2, 0x0, 0x0, 0x9f, 0xff, 0x40, 0xe, 0xff,
    0xf0, 0x0, 0x0, 0xcf, 0xff, 0x20, 0x0, 0x9,
    0xff, 0xf4, 0x0, 0xef, 0xff, 0x0, 0x0, 0xc,
    0xff, 0xf2, 0x0, 0x0, 0x9f, 0xff, 0x40, 0xe,
    0xff, 0xf0, 0x0, 0x0, 0xcf, 0xff, 0x20, 0x0,
    0x9, 0xff, 0xf4, 0x0, 0xef, 0xff, 0x0, 0x0,
    0xc, 0xff, 0xf2, 0x0, 0x0, 0x9f, 0xff, 0x40,
    0xe, 0xff, 0xf0, 0x0, 0x0, 0xcf, 0xff, 0x20,
    0x0, 0x9, 0xff, 0xf4, 0x0, 0xef, 0xff, 0x0,
    0x0, 0xc, 0xff, 0xf2, 0x0, 0x0, 0x9f, 0xff,
    0x40, 0xe, 0xff, 0xf0, 0x0, 0x0, 0xcf, 0xff,
    0x20, 0x0, 0x9, 0xff, 0xf4, 0x0, 0xef, 0xff,
    0x0, 0x0, 0xc, 0xff, 0xf2, 0x0, 0x0, 0x9f,
    0xff, 0x40, 0xe, 0xff, 0xf2, 0x22, 0x22, 0xcf,
    0xff, 0x32, 0x22, 0x2a, 0xff, 0xf5, 0x21, 0xef,
    0xff, 0xff, 0xff, 0xff, 0xff, 0xff, 0xff, 0xff,
    0xff, 0xff, 0xff, 0x8e, 0xff, 0xff, 0xff, 0xff,
    0xff, 0xff, 0xff, 0xff, 0xff, 0xff, 0xff, 0xf8,
    0xef, 0xff, 0xff, 0xff, 0xff, 0xff, 0xff, 0xff,
    0xff, 0xff, 0xff, 0xff, 0x80, 0x0, 0x0, 0x0,
    0x0, 0x0, 0x0, 0x0, 0x0, 0x0, 0x1, 0xff,
    0xf8, 0x0, 0x0, 0x0, 0x0, 0x0, 0x0, 0x0,
    0x0, 0x0, 0x0, 0x1f, 0xff, 0x80, 0x0, 0x0,
    0x0, 0x0, 0x0, 0x0, 0x0, 0x0, 0x0, 0x1,
    0xff, 0xf8, 0x0, 0x0, 0x0, 0x0, 0x0, 0x0,
    0x0, 0x0, 0x0, 0x0, 0x7, 0x77, 0x30,

    /* U+042A "Ъ" */
    0xaf, 0xff, 0xff, 0xff, 0xe0, 0x0, 0x0, 0x0,
    0x0, 0x0, 0xaf, 0xff, 0xff, 0xff, 0xe0, 0x0,
    0x0, 0x0, 0x0, 0x0, 0xaf, 0xff, 0xff, 0xff,
    0xe0, 0x0, 0x0, 0x0, 0x0, 0x0, 0x12, 0x22,
    0x2e, 0xff, 0xe0, 0x0, 0x0, 0x0, 0x0, 0x0,
    0x0, 0x0, 0xe, 0xff, 0xe0, 0x0, 0x0, 0x0,
    0x0, 0x0, 0x0, 0x0, 0xe, 0xff, 0xe0, 0x0,
    0x0, 0x0, 0x0, 0x0, 0x0, 0x0, 0xe, 0xff,
    0xff, 0xff, 0xff, 0xeb, 0x70, 0x0, 0x0, 0x0,
    0xe, 0xff, 0xff, 0xff, 0xff, 0xff, 0xfe, 0x20,
    0x0, 0x0, 0xe, 0xff, 0xfd, 0xdd, 0xef, 0xff,
    0xff, 0xd0, 0x0, 0x0, 0xe, 0xff, 0xe0, 0x0,
    0x0, 0x5f, 0xff, 0xf4, 0x0, 0x0, 0xe, 0xff,
    0xe0, 0x0, 0x0, 0x8, 0xff, 0xf7, 0x0, 0x0,
    0xe, 0xff, 0xe0, 0x0, 0x0, 0x6, 0xff, 0xf8,
    0x0, 0x0, 0xe, 0xff, 0xe0, 0x0, 0x0, 0x9,
    0xff, 0xf6, 0x0, 0x0, 0xe, 0xff, 0xe0, 0x0,
    0x0, 0x6f, 0xff, 0xf2, 0x0, 0x0, 0xe, 0xff,
    0xfd, 0xdd, 0xef, 0xff, 0xff, 0xa0, 0x0, 0x0,
    0xe, 0xff, 0xff, 0xff, 0xff, 0xff, 0xfa, 0x0,
    0x0, 0x0, 0xe, 0xff, 0xff, 0xff, 0xff, 0xda,
    0x40, 0x0,

    /* U+042B "Ы" */
    0xef, 0xff, 0x0, 0x0, 0x0, 0x0, 0x0, 0x0,
    0x4f, 0xff, 0x9e, 0xff, 0xf0, 0x0, 0x0, 0x0,
    0x0, 0x0, 0x4, 0xff, 0xf9, 0xef, 0xff, 0x0,
    0x0, 0x0, 0x0, 0x0, 0x0, 0x4f, 0xff, 0x9e,
    0xff, 0xf0, 0x0, 0x0, 0x0, 0x0, 0x0, 0x4,
    0xff, 0xf9, 0xef, 0xff, 0x0, 0x0, 0x0, 0x0,
    0x0, 0x0, 0x4f, 0xff, 0x9e, 0xff, 0xf0, 0x0,
    0x0, 0x0, 0x0, 0x0, 0x4, 0xff, 0xf9, 0xef,
    0xff, 0xff, 0xff, 0xfe, 0xb7, 0x0, 0x0, 0x4f,
    0xff, 0x9e, 0xff, 0xff, 0xff, 0xff, 0xff, 0xfe,
    0x20, 0x4, 0xff, 0xf9, 0xef, 0xff, 0xdd, 0xde,
    0xff, 0xff, 0xfd, 0x0, 0x4f, 0xff, 0x9e, 0xff,
    0xf0, 0x0, 0x0, 0x5f, 0xff, 0xf5, 0x4, 0xff,
    0xf9, 0xef, 0xff, 0x0, 0x0, 0x0, 0x8f, 0xff,
    0x80, 0x4f, 0xff, 0x9e, 0xff, 0xf0, 0x0, 0x0,
    0x6, 0xff, 0xf8, 0x4, 0xff, 0xf9, 0xef, 0xff,
    0x0, 0x0, 0x0, 0x9f, 0xff, 0x70, 0x4f, 0xff,
    0x9e, 0xff, 0xf0, 0x0, 0x0, 0x6f, 0xff, 0xf2,
    0x4, 0xff, 0xf9, 0xef, 0xff, 0xdd, 0xde, 0xff,
    0xff, 0xfa, 0x0, 0x4f, 0xff, 0x9e, 0xff, 0xff,
    0xff, 0xff, 0xff, 0xfa, 0x0, 0x4, 0xff, 0xf9,
    0xef, 0xff, 0xff, 0xff, 0xfd, 0xa4, 0x0, 0x0,
    0x4f, 0xff, 0x90,

    /* U+042C "Ь" */
    0xef, 0xff, 0x0, 0x0, 0x0, 0x0, 0x0, 0xe,
    0xff, 0xf0, 0x0, 0x0, 0x0, 0x0, 0x0, 0xef,
    0xff, 0x0, 0x0, 0x0, 0x0, 0x0, 0xe, 0xff,
    0xf0, 0x0, 0x0, 0x0, 0x0, 0x0, 0xef, 0xff,
    0x0, 0x0, 0x0, 0x0, 0x0, 0xe, 0xff, 0xf0,
    0x0, 0x0, 0x0, 0x0, 0x0, 0xef, 0xff, 0xff,
    0xff, 0xfe, 0xb7, 0x0, 0xe, 0xff, 0xff, 0xff,
    0xff, 0xff, 0xfe, 0x20, 0xef, 0xff, 0xdd, 0xde,
    0xff, 0xff, 0xfd, 0xe, 0xff, 0xf0, 0x0, 0x0,
    0x5f, 0xff, 0xf5, 0xef, 0xff, 0x0, 0x0, 0x0,
    0x8f, 0xff, 0x8e, 0xff, 0xf0, 0x0, 0x0, 0x6,
    0xff, 0xf8, 0xef, 0xff, 0x0, 0x0, 0x0, 0x9f,
    0xff, 0x7e, 0xff, 0xf0, 0x0, 0x0, 0x6f, 0xff,
    0xf2, 0xef, 0xff, 0xdd, 0xde, 0xff, 0xff, 0xfa,
    0xe, 0xff, 0xff, 0xff, 0xff, 0xff, 0xfa, 0x0,
    0xef, 0xff, 0xff, 0xff, 0xfd, 0xa4, 0x0, 0x0,

    /* U+042D "Э" */
    0x0, 0x3, 0x8c, 0xef, 0xec, 0x71, 0x0, 0x0,
    0x0, 0x1b, 0xff, 0xff, 0xff, 0xff, 0xf8, 0x0,
    0x0, 0x2e, 0xff, 0xff, 0xff, 0xff, 0xff, 0xfb,
    0x0, 0x2, 0xdf, 0xfe, 0x95, 0x57, 0xcf, 0xff,
    0xf9, 0x0, 0x1, 0xcb, 0x10, 0x0, 0x0, 0x7f,
    0xff, 0xf3, 0x0, 0x0, 0x0, 0x0, 0x0, 0x0,
    0x9f, 0xff, 0xa0, 0x0, 0x0, 0x0, 0x0, 0x0,
    0x1, 0xff, 0xfe, 0x0, 0x0, 0x0, 0xcf, 0xff,
    0xff, 0xff, 0xff, 0xf1, 0x0, 0x0, 0xc, 0xff,
    0xff, 0xff, 0xff, 0xff, 0x20, 0x0, 0x0, 0xbf,
    0xff, 0xff, 0xff, 0xff, 0xf1, 0x0, 0x0, 0x0,
    0x0, 0x0, 0x1, 0xff, 0xfe, 0x0, 0x0, 0x0,
    0x0, 0x0, 0x0, 0x8f, 0xff, 0xa0, 0x1, 0xca,
    0x0, 0x0, 0x0, 0x6f, 0xff, 0xf3, 0x1, 0xdf,
    0xfe, 0x85, 0x47, 0xcf, 0xff, 0xf9, 0x0, 0x2e,
    0xff, 0xff, 0xff, 0xff, 0xff, 0xfb, 0x0, 0x0,
    0x2b, 0xff, 0xff, 0xff, 0xff, 0xf8, 0x0, 0x0,
    0x0, 0x3, 0x9d, 0xef, 0xec, 0x82, 0x0, 0x0,
    0x0,

    /* U+042E "Ю" */
    0xef, 0xff, 0x0, 0x0, 0x0, 0x6, 0xae, 0xff,
    0xd9, 0x40, 0x0, 0x0, 0xef, 0xff, 0x0, 0x0,
    0x5, 0xef, 0xff, 0xff, 0xff, 0xfd, 0x30, 0x0,
    0xef, 0xff, 0x0, 0x0, 0x8f, 0xff, 0xff, 0xff,
    0xff, 0xff, 0xf5, 0x0, 0xef, 0xff, 0x0, 0x6,
    0xff, 0xff, 0xe8, 0x55, 0x9f, 0xff, 0xff, 0x30,
    0xef, 0xff, 0x0, 0xe, 0xff, 0xfa, 0x0, 0x0,
    0x1, 0xcf, 0xff, 0xc0, 0xef, 0xff, 0x0, 0x6f,
    0xff, 0xc0, 0x0, 0x0, 0x0, 0x1e, 0xff, 0xf3,
    0xef, 0xff, 0x55, 0xcf, 0xff, 0x50, 0x0, 0x0,
    0x0, 0x8, 0xff, 0xf8, 0xef, 0xff, 0xff, 0xff,
    0xff, 0x10, 0x0, 0x0, 0x0, 0x3, 0xff, 0xfb,
    0xef, 0xff, 0xff, 0xff, 0xff, 0x0, 0x0, 0x0,
    0x0, 0x2, 0xff, 0xfc, 0xef, 0xff, 0xff, 0xff,
    0xff, 0x10, 0x0, 0x0, 0x0, 0x3, 0xff, 0xfb,
    0xef, 0xff, 0x0, 0xbf, 0xff, 0x50, 0x0, 0x0,
    0x0, 0x8, 0xff, 0xf8, 0xef, 0xff, 0x0, 0x6f,
    0xff, 0xc0, 0x0, 0x0, 0x0, 0x1e, 0xff, 0xf3,
    0xef, 0xff, 0x0, 0xe, 0xff, 0xfa, 0x0, 0x0,
    0x1, 0xcf, 0xff, 0xc0, 0xef, 0xff, 0x0, 0x5,
    0xff, 0xff, 0xe8, 0x55, 0x8e, 0xff, 0xff, 0x30,
    0xef, 0xff, 0x0, 0x0, 0x7f, 0xff, 0xff, 0xff,
    0xff, 0xff, 0xf5, 0x0, 0xef, 0xff, 0x0, 0x0,
    0x5, 0xef, 0xff, 0xff, 0xff, 0xfd, 0x30, 0x0,
    0xef, 0xff, 0x0, 0x0, 0x0, 0x6, 0xbe, 0xff,
    0xda, 0x50, 0x0, 0x0,

    /* U+042F "Я" */
    0x0, 0x0, 0x39, 0xde, 0xff, 0xff, 0xff, 0xf8,
    0x0, 0x9, 0xff, 0xff, 0xff, 0xff, 0xff, 0xf8,
    0x0, 0xaf, 0xff, 0xff, 0xff, 0xff, 0xff, 0xf8,
    0x4, 0xff, 0xff, 0x94, 0x22, 0x26, 0xff, 0xf8,
    0xb, 0xff, 0xf7, 0x0, 0x0, 0x5, 0xff, 0xf8,
    0xe, 0xff, 0xf1, 0x0, 0x0, 0x5, 0xff, 0xf8,
    0xf, 0xff, 0xf0, 0x0, 0x0, 0x5, 0xff, 0xf8,
    0xe, 0xff, 0xf1, 0x0, 0x0, 0x5, 0xff, 0xf8,
    0xc, 0xff, 0xf7, 0x0, 0x0, 0x5, 0xff, 0xf8,
    0x6, 0xff, 0xff, 0x72, 0x0, 0x5, 0xff, 0xf8,
    0x0, 0xcf, 0xff, 0xff, 0xff, 0xff, 0xff, 0xf8,
    0x0, 0x1c, 0xff, 0xff, 0xff, 0xff, 0xff, 0xf8,
    0x0, 0x0, 0xbf, 0xff, 0xff, 0xff, 0xff, 0xf8,
    0x0, 0x4, 0xff, 0xfb, 0x0, 0x5, 0xff, 0xf8,
    0x0, 0x2e, 0xff, 0xe1, 0x0, 0x5, 0xff, 0xf8,
    0x0, 0xcf, 0xff, 0x40, 0x0, 0x5, 0xff, 0xf8,
    0x9, 0xff, 0xf8, 0x0, 0x0, 0x5, 0xff, 0xf8,

    /* U+0430 "а" */
    0x0, 0x27, 0xbe, 0xff, 0xd9, 0x30, 0x0, 0x7,
    0xff, 0xff, 0xff, 0xff, 0xf7, 0x0, 0x3, 0xff,
    0xff, 0xff, 0xff, 0xff, 0x40, 0x0, 0x97, 0x20,
    0x1, 0x8f, 0xff, 0xb0, 0x0, 0x0, 0x0, 0x0,
    0xd, 0xff, 0xe0, 0x0, 0x29, 0xdf, 0xff, 0xff,
    0xff, 0xf0, 0x5, 0xff, 0xff, 0xff, 0xff, 0xff,
    0xf0, 0xe, 0xff, 0xe5, 0x22, 0x2c, 0xff, 0xf0,
    0x2f, 0xff, 0x70, 0x0, 0xc, 0xff, 0xf0, 0x2f,
    0xff, 0xa0, 0x0, 0x4f, 0xff, 0xf0, 0xe, 0xff,
    0xfb, 0x8a, 0xff, 0xff, 0xf0, 0x4, 0xff, 0xff,
    0xff, 0xfc, 0xff, 0xf0, 0x0, 0x2a, 0xef, 0xeb,
    0x37, 0xff, 0xf0,

    /* U+0431 "б" */
    0x0, 0x0, 0x0, 0x0, 0x0, 0x2, 0x51, 0x0,
    0x0, 0x0, 0x2, 0x59, 0xcf, 0xff, 0x40, 0x0,
    0x0, 0x6d, 0xff, 0xff, 0xff, 0xf7, 0x0, 0x2,
    0xdf, 0xff, 0xff, 0xff, 0xfe, 0x70, 0x1, 0xef,
    0xff, 0xff, 0xb8, 0x52, 0x0, 0x0, 0xbf, 0xff,
    0xb4, 0x0, 0x0, 0x0, 0x0, 0x2f, 0xff, 0xa0,
    0x0, 0x0, 0x0, 0x0, 0x7, 0xff, 0xf1, 0x49,
    0xcd, 0xb7, 0x10, 0x0, 0xaf, 0xfd, 0xaf, 0xff,
    0xff, 0xff, 0x60, 0xc, 0xff, 0xff, 0xff, 0xff,
    0xff, 0xff, 0x50, 0xdf, 0xff, 0xf8, 0x10, 0x2b,
    0xff, 0xfd, 0xd, 0xff, 0xf8, 0x0, 0x0, 0xd,
    0xff, 0xf3, 0xcf, 0xff, 0x30, 0x0, 0x0, 0x7f,
    0xff, 0x59, 0xff, 0xf3, 0x0, 0x0, 0x8, 0xff,
    0xf5, 0x5f, 0xff, 0x90, 0x0, 0x0, 0xdf, 0xff,
    0x20, 0xef, 0xff, 0x70, 0x1, 0xaf, 0xff, 0xc0,
    0x5, 0xff, 0xff, 0xfe, 0xff, 0xff, 0xf2, 0x0,
    0x6, 0xff, 0xff, 0xff, 0xff, 0xd3, 0x0, 0x0,
    0x2, 0x9d, 0xff, 0xeb, 0x60, 0x0, 0x0,

    /* U+0432 "в" */
    0x3f, 0xff, 0xff, 0xff, 0xec, 0x60, 0x3, 0xff,
    0xff, 0xff, 0xff, 0xff, 0xb0, 0x3f, 0xff, 0xa8,
    0x89, 0xef, 0xff, 0x53, 0xff, 0xf3, 0x0, 0x2,
    0xff, 0xf8, 0x3f, 0xff, 0x30, 0x0, 0xf, 0xff,
    0x63, 0xff, 0xf6, 0x33, 0x3a, 0xff, 0xe1, 0x3f,
    0xff, 0xff, 0xff, 0xff, 0xe2, 0x3, 0xff, 0xff,
    0xff, 0xff, 0xff, 0xe2, 0x3f, 0xff, 0x30, 0x0,
    0x2d, 0xff, 0xb3, 0xff, 0xf3, 0x0, 0x0, 0xaf,
    0xfe, 0x3f, 0xff, 0xa8, 0x88, 0xaf, 0xff, 0xc3,
    0xff, 0xff, 0xff, 0xff, 0xff, 0xf4, 0x3f, 0xff,
    0xff, 0xff, 0xfd, 0x92, 0x0,

    /* U+0433 "г" */
    0x3f, 0xff, 0xff, 0xff, 0xff, 0xf2, 0x3f, 0xff,
    0xff, 0xff, 0xff, 0xf2, 0x3f, 0xff, 0xff, 0xff,
    0xff, 0xf2, 0x3f, 0xff, 0x80, 0x0, 0x0, 0x0,
    0x3f, 0xff, 0x80, 0x0, 0x0, 0x0, 0x3f, 0xff,
    0x80, 0x0, 0x0, 0x0, 0x3f, 0xff, 0x80, 0x0,
    0x0, 0x0, 0x3f, 0xff, 0x80, 0x0, 0x0, 0x0,
    0x3f, 0xff, 0x80, 0x0, 0x0, 0x0, 0x3f, 0xff,
    0x80, 0x0, 0x0, 0x0, 0x3f, 0xff, 0x80, 0x0,
    0x0, 0x0, 0x3f, 0xff, 0x80, 0x0, 0x0, 0x0,
    0x3f, 0xff, 0x80, 0x0, 0x0, 0x0,

    /* U+0434 "д" */
    0x0, 0xd, 0xff, 0xff, 0xff, 0xff, 0xff, 0x60,
    0x0, 0x0, 0xef, 0xff, 0xff, 0xff, 0xff, 0xf6,
    0x0, 0x0, 0xe, 0xff, 0xff, 0xff, 0xff, 0xff,
    0x60, 0x0, 0x0, 0xff, 0xf7, 0x0, 0x5, 0xff,
    0xf6, 0x0, 0x0, 0xf, 0xff, 0x60, 0x0, 0x5f,
    0xff, 0x60, 0x0, 0x1, 0xff, 0xf5, 0x0, 0x5,
    0xff, 0xf6, 0x0, 0x0, 0x2f, 0xff, 0x40, 0x0,
    0x5f, 0xff, 0x60, 0x0, 0x5, 0xff, 0xf2, 0x0,
    0x5, 0xff, 0xf6, 0x0, 0x0, 0x9f, 0xfe, 0x0,
    0x0, 0x5f, 0xff, 0x60, 0x0, 0x5f, 0xff, 0x80,
    0x0, 0x5, 0xff, 0xf7, 0x0, 0xcf, 0xff, 0xff,
    0xff, 0xff, 0xff, 0xff, 0xff, 0x4c, 0xff, 0xff,
    0xff, 0xff, 0xff, 0xff, 0xff, 0xf4, 0xcf, 0xff,
    0xff, 0xff, 0xff, 0xff, 0xff, 0xff, 0x4c, 0xff,
    0xb0, 0x0, 0x0, 0x0, 0x3, 0xff, 0xf4, 0xcf,
    0xfb, 0x0, 0x0, 0x0, 0x0, 0x3f, 0xff, 0x49,
    0xcc, 0x80, 0x0, 0x0, 0x0, 0x2, 0xcc, 0xc3,

    /* U+0435 "е" */
    0x0, 0x0, 0x5b, 0xdf, 0xec, 0x70, 0x0, 0x0,
    0x1, 0xbf, 0xff, 0xff, 0xff, 0xe3, 0x0, 0x0,
    0xcf, 0xff, 0xfd, 0xef, 0xff, 0xf2, 0x0, 0x8f,
    0xff, 0x70, 0x0, 0x4e, 0xff, 0xb0, 0xe, 0xff,
    0xa0, 0x0, 0x0, 0x6f, 0xff, 0x12, 0xff, 0xff,
    0xff, 0xff, 0xff, 0xff, 0xf4, 0x3f, 0xff, 0xff,
    0xff, 0xff, 0xff, 0xff, 0x52, 0xff, 0xfb, 0x22,
    0x22, 0x22, 0x22, 0x20, 0xe, 0xff, 0xf2, 0x0,
    0x0, 0x2, 0x0, 0x0, 0x7f, 0xff, 0xe5, 0x0,
    0x29, 0xf3, 0x0, 0x0, 0xcf, 0xff, 0xff, 0xff,
    0xff, 0xe2, 0x0, 0x1, 0xaf, 0xff, 0xff, 0xff,
    0xfb, 0x0, 0x0, 0x0, 0x49, 0xdf, 0xfe, 0xa4,
    0x0, 0x0,

    /* U+0436 "ж" */
    0x4f, 0xff, 0xa0, 0x0, 0xe, 0xff, 0xc0, 0x0,
    0xc, 0xff, 0xf2, 0xa, 0xff, 0xf3, 0x0, 0xe,
    0xff, 0xc0, 0x0, 0x5f, 0xff, 0x80, 0x1, 0xff,
    0xfc, 0x0, 0xe, 0xff, 0xc0, 0x0, 0xef, 0xfe,
    0x0, 0x0, 0x7f, 0xff, 0x60, 0xe, 0xff, 0xc0,
    0x8, 0xff, 0xf5, 0x0, 0x0, 0xd, 0xff, 0xe0,
    0xe, 0xff, 0xc0, 0x1f, 0xff, 0xb0, 0x0, 0x0,
    0x4, 0xff, 0xff, 0xff, 0xff, 0xff, 0xff, 0xff,
    0x20, 0x0, 0x0, 0x0, 0xef, 0xff, 0xff, 0xff,
    0xff, 0xff, 0xfd, 0x0, 0x0, 0x0, 0x8, 0xff,
    0xff, 0xff, 0xff, 0xff, 0xff, 0xff, 0x70, 0x0,
    0x0, 0x2f, 0xff, 0xf1, 0xe, 0xff, 0xc0, 0x2f,
    0xff, 0xf1, 0x0, 0x0, 0xcf, 0xff, 0x70, 0xe,
    0xff, 0xc0, 0x9, 0xff, 0xfa, 0x0, 0x5, 0xff,
    0xfe, 0x0, 0xe, 0xff, 0xc0, 0x1, 0xff, 0xff,
    0x40, 0xe, 0xff, 0xf6, 0x0, 0xe, 0xff, 0xc0,
    0x0, 0x7f, 0xff, 0xd0, 0x8f, 0xff, 0xd0, 0x0,
    0xe, 0xff, 0xc0, 0x0, 0xe, 0xff, 0xf7,

    /* U+0437 "з" */
    0x0, 0x5a, 0xef, 0xfe, 0xb7, 0x10, 0x0, 0xef,
    0xff, 0xff, 0xff, 0xfe, 0x40, 0x9, 0xff, 0xfe,
    0xef, 0xff, 0xff, 0x0, 0x27, 0x20, 0x0, 0x1c,
    0xff, 0xf3, 0x0, 0x0, 0x0, 0x2, 0xdf, 0xfe,
    0x0, 0x0, 0x5f, 0xff, 0xff, 0xfd, 0x30, 0x0,
    0x5, 0xff, 0xff, 0xff, 0xd4, 0x0, 0x0, 0x15,
    0x55, 0x6d, 0xff, 0xf3, 0x0, 0x0, 0x0, 0x0,
    0x3f, 0xff, 0x80, 0x88, 0x20, 0x0, 0x1a, 0xff,
    0xf7, 0x1f, 0xff, 0xfe, 0xef, 0xff, 0xff, 0x25,
    0xff, 0xff, 0xff, 0xff, 0xff, 0x40, 0x3, 0x8b,
    0xef, 0xfe, 0xb7, 0x10, 0x0,

    /* U+0438 "и" */
    0x3f, 0xff, 0x80, 0x0, 0x0, 0x9f, 0xff, 0x33,
    0xff, 0xf8, 0x0, 0x0, 0x6f, 0xff, 0xf3, 0x3f,
    0xff, 0x80, 0x0, 0x3f, 0xff, 0xff, 0x33, 0xff,
    0xf8, 0x0, 0x1e, 0xff, 0xff, 0xf3, 0x3f, 0xff,
    0x80, 0xc, 0xff, 0xff, 0xff, 0x33, 0xff, 0xf8,
    0xa, 0xff, 0xfc, 0xff, 0xf3, 0x3f, 0xff, 0x87,
    0xff, 0xf8, 0x7f, 0xff, 0x33, 0xff, 0xfc, 0xff,
    0xfb, 0x7, 0xff, 0xf3, 0x3f, 0xff, 0xff, 0xfd,
    0x0, 0x7f, 0xff, 0x33, 0xff, 0xff, 0xfe, 0x20,
    0x7, 0xff, 0xf3, 0x3f, 0xff, 0xff, 0x40, 0x0,
    0x7f, 0xff, 0x33, 0xff, 0xff, 0x70, 0x0, 0x7,
    0xff, 0xf3, 0x3f, 0xff, 0xa0, 0x0, 0x0, 0x7f,
    0xff, 0x30,

    /* U+0439 "й" */
    0x0, 0xe, 0xf8, 0x0, 0xf, 0xf8, 0x0, 0x0,
    0x0, 0xbf, 0xe3, 0x8, 0xff, 0x50, 0x0, 0x0,
    0x4, 0xff, 0xff, 0xff, 0xc0, 0x0, 0x0, 0x0,
    0x3, 0xad, 0xec, 0x80, 0x0, 0x0, 0x0, 0x0,
    0x0, 0x0, 0x0, 0x0, 0x0, 0x3, 0xff, 0xf8,
    0x0, 0x0, 0x9, 0xff, 0xf3, 0x3f, 0xff, 0x80,
    0x0, 0x6, 0xff, 0xff, 0x33, 0xff, 0xf8, 0x0,
    0x3, 0xff, 0xff, 0xf3, 0x3f, 0xff, 0x80, 0x1,
    0xef, 0xff, 0xff, 0x33, 0xff, 0xf8, 0x0, 0xcf,
    0xff, 0xff, 0xf3, 0x3f, 0xff, 0x80, 0xaf, 0xff,
    0xcf, 0xff, 0x33, 0xff, 0xf8, 0x7f, 0xff, 0x87,
    0xff, 0xf3, 0x3f, 0xff, 0xcf, 0xff, 0xb0, 0x7f,
    0xff, 0x33, 0xff, 0xff, 0xff, 0xd0, 0x7, 0xff,
    0xf3, 0x3f, 0xff, 0xff, 0xe2, 0x0, 0x7f, 0xff,
    0x33, 0xff, 0xff, 0xf4, 0x0, 0x7, 0xff, 0xf3,
    0x3f, 0xff, 0xf7, 0x0, 0x0, 0x7f, 0xff, 0x33,
    0xff, 0xfa, 0x0, 0x0, 0x7, 0xff, 0xf3,

    /* U+043A "к" */
    0x3f, 0xff, 0x80, 0x0, 0x4, 0xff, 0xfa, 0x3,
    0xff, 0xf8, 0x0, 0x1, 0xef, 0xfe, 0x10, 0x3f,
    0xff, 0x80, 0x0, 0xaf, 0xff, 0x30, 0x3, 0xff,
    0xf8, 0x0, 0x6f, 0xff, 0x70, 0x0, 0x3f, 0xff,
    0x80, 0x1f, 0xff, 0xc0, 0x0, 0x3, 0xff, 0xff,
    0xff, 0xff, 0xe1, 0x0, 0x0, 0x3f, 0xff, 0xff,
    0xff, 0xfc, 0x0, 0x0, 0x3, 0xff, 0xff, 0xff,
    0xff, 0xf7, 0x0, 0x0, 0x3f, 0xff, 0x80, 0x3f,
    0xff, 0xf3, 0x0, 0x3, 0xff, 0xf8, 0x0, 0x7f,
    0xff, 0xd0, 0x0, 0x3f, 0xff, 0x80, 0x0, 0xcf,
    0xff, 0x90, 0x3, 0xff, 0xf8, 0x0, 0x2, 0xff,
    0xff, 0x40, 0x3f, 0xff, 0x80, 0x0, 0x6, 0xff,
    0xfe, 0x10,

    /* U+043B "л" */
    0x0, 0xe, 0xff, 0xff, 0xff, 0xff, 0xff, 0x30,
    0x0, 0xef, 0xff, 0xff, 0xff, 0xff, 0xf3, 0x0,
    0xf, 0xff, 0xff, 0xff, 0xff, 0xff, 0x30, 0x0,
    0xff, 0xf5, 0x0, 0x9, 0xff, 0xf3, 0x0, 0xf,
    0xff, 0x40, 0x0, 0x9f, 0xff, 0x30, 0x1, 0xff,
    0xf3, 0x0, 0x9, 0xff, 0xf3, 0x0, 0x2f, 0xff,
    0x20, 0x0, 0x9f, 0xff, 0x30, 0x4, 0xff, 0xf1,
    0x0, 0x9, 0xff, 0xf3, 0x0, 0x7f, 0xff, 0x0,
    0x0, 0x9f, 0xff, 0x30, 0x3e, 0xff, 0xb0, 0x0,
    0x9, 0xff, 0xf3, 0xaf, 0xff, 0xf6, 0x0, 0x0,
    0x9f, 0xff, 0x3b, 0xff, 0xfd, 0x0, 0x0, 0x9,
    0xff, 0xf3, 0xcf, 0xfb, 0x20, 0x0, 0x0, 0x9f,
    0xff, 0x30,

    /* U+043C "м" */
    0x3f, 0xff, 0xe1, 0x0, 0x0, 0x0, 0x1f, 0xff,
    0xb3, 0xff, 0xff, 0x80, 0x0, 0x0, 0xa, 0xff,
    0xfb, 0x3f, 0xff, 0xff, 0x10, 0x0, 0x3, 0xff,
    0xff, 0xb3, 0xff, 0xff, 0xfa, 0x0, 0x0, 0xcf,
    0xff, 0xfb, 0x3f, 0xff, 0xff, 0xf3, 0x0, 0x6f,
    0xff, 0xff, 0xb3, 0xff, 0xfd, 0xff, 0xb0, 0x1e,
    0xff, 0xdf, 0xfc, 0x3f, 0xff, 0x4f, 0xff, 0x49,
    0xff, 0xa9, 0xff, 0xc3, 0xff, 0xf3, 0x7f, 0xfd,
    0xff, 0xf1, 0x9f, 0xfc, 0x3f, 0xff, 0x30, 0xef,
    0xff, 0xf7, 0x9, 0xff, 0xc3, 0xff, 0xf3, 0x5,
    0xff, 0xfd, 0x0, 0x9f, 0xfc, 0x3f, 0xff, 0x30,
    0xc, 0xff, 0x40, 0x9, 0xff, 0xc3, 0xff, 0xf3,
    0x0, 0x3c, 0x90, 0x0, 0x9f, 0xfc, 0x3f, 0xff,
    0x30, 0x0, 0x0, 0x0, 0x9, 0xff, 0xc0,

    /* U+043D "н" */
    0x3f, 0xff, 0x80, 0x0, 0x0, 0xdf, 0xfe, 0x3f,
    0xff, 0x80, 0x0, 0x0, 0xdf, 0xfe, 0x3f, 0xff,
    0x80, 0x0, 0x0, 0xdf, 0xfe, 0x3f, 0xff, 0x80,
    0x0, 0x0, 0xdf, 0xfe, 0x3f, 0xff, 0x80, 0x0,
    0x0, 0xdf, 0xfe, 0x3f, 0xff, 0xff, 0xff, 0xff,
    0xff, 0xfe, 0x3f, 0xff, 0xff, 0xff, 0xff, 0xff,
    0xfe, 0x3f, 0xff, 0xff, 0xff, 0xff, 0xff, 0xfe,
    0x3f, 0xff, 0x80, 0x0, 0x0, 0xdf, 0xfe, 0x3f,
    0xff, 0x80, 0x0, 0x0, 0xdf, 0xfe, 0x3f, 0xff,
    0x80, 0x0, 0x0, 0xdf, 0xfe, 0x3f, 0xff, 0x80,
    0x0, 0x0, 0xdf, 0xfe, 0x3f, 0xff, 0x80, 0x0,
    0x0, 0xdf, 0xfe,

    /* U+043E "о" */
    0x0, 0x0, 0x4a, 0xdf, 0xed, 0x82, 0x0, 0x0,
    0x1, 0xbf, 0xff, 0xff, 0xff, 0xf7, 0x0, 0x0,
    0xcf, 0xff, 0xff, 0xff, 0xff, 0xf7, 0x0, 0x7f,
    0xff, 0xe5, 0x12, 0x8f, 0xff, 0xf2, 0xe, 0xff,
    0xf2, 0x0, 0x0, 0x7f, 0xff, 0x91, 0xff, 0xfa,
    0x0, 0x0, 0x0, 0xff, 0xfc, 0x3f, 0xff, 0x80,
    0x0, 0x0, 0xe, 0xff, 0xe1, 0xff, 0xfa, 0x0,
    0x0, 0x0, 0xff, 0xfc, 0xe, 0xff, 0xf2, 0x0,
    0x0, 0x7f, 0xff, 0x90, 0x7f, 0xff, 0xe5, 0x12,
    0x8f, 0xff, 0xf2, 0x0, 0xcf, 0xff, 0xff, 0xff,
    0xff, 0xf7, 0x0, 0x1, 0xbf, 0xff, 0xff, 0xff,
    0xf7, 0x0, 0x0, 0x0, 0x4a, 0xdf, 0xed, 0x82,
    0x0, 0x0,

    /* U+043F "п" */
    0x3f, 0xff, 0xff, 0xff, 0xff, 0xff, 0xfa, 0x3f,
    0xff, 0xff, 0xff, 0xff, 0xff, 0xfa, 0x3f, 0xff,
    0xff, 0xff, 0xff, 0xff, 0xfa, 0x3f, 0xff, 0x80,
    0x0, 0x2, 0xff, 0xfa, 0x3f, 0xff, 0x80, 0x0,
    0x1, 0xff, 0xfa, 0x3f, 0xff, 0x80, 0x0, 0x1,
    0xff, 0xfa, 0x3f, 0xff, 0x80, 0x0, 0x1, 0xff,
    0xfa, 0x3f, 0xff, 0x80, 0x0, 0x1, 0xff, 0xfa,
    0x3f, 0xff, 0x80, 0x0, 0x1, 0xff, 0xfa, 0x3f,
    0xff, 0x80, 0x0, 0x1, 0xff, 0xfa, 0x3f, 0xff,
    0x80, 0x0, 0x1, 0xff, 0xfa, 0x3f, 0xff, 0x80,
    0x0, 0x1, 0xff, 0xfa, 0x3f, 0xff, 0x80, 0x0,
    0x1, 0xff, 0xfa,

    /* U+0440 "р" */
    0x3f, 0xff, 0x55, 0xbe, 0xfd, 0xa3, 0x0, 0x3,
    0xff, 0xfd, 0xff, 0xff, 0xff, 0xf9, 0x0, 0x3f,
    0xff, 0xff, 0xfe, 0xff, 0xff, 0xf8, 0x3, 0xff,
    0xff, 0xb1, 0x0, 0x6f, 0xff, 0xf2, 0x3f, 0xff,
    0xe0, 0x0, 0x0, 0x7f, 0xff, 0x83, 0xff, 0xf9,
    0x0, 0x0, 0x1, 0xff, 0xfb, 0x3f, 0xff, 0x70,
    0x0, 0x0, 0xf, 0xff, 0xd3, 0xff, 0xfa, 0x0,
    0x0, 0x1, 0xff, 0xfb, 0x3f, 0xff, 0xf1, 0x0,
    0x0, 0x9f, 0xff, 0x83, 0xff, 0xff, 0xd4, 0x12,
    0x9f, 0xff, 0xf2, 0x3f, 0xff, 0xff, 0xff, 0xff,
    0xff, 0xf8, 0x3, 0xff, 0xfd, 0xff, 0xff, 0xff,
    0xf9, 0x0, 0x3f, 0xff, 0x83, 0xae, 0xfe, 0xa4,
    0x0, 0x3, 0xff, 0xf8, 0x0, 0x0, 0x0, 0x0,
    0x0, 0x3f, 0xff, 0x80, 0x0, 0x0, 0x0, 0x0,
    0x3, 0xff, 0xf8, 0x0, 0x0, 0x0, 0x0, 0x0,
    0x3f, 0xff, 0x80, 0x0, 0x0, 0x0, 0x0, 0x3,
    0xff, 0xf8, 0x0, 0x0, 0x0, 0x0, 0x0,

    /* U+0441 "с" */
    0x0, 0x0, 0x49, 0xdf, 0xfd, 0x82, 0x0, 0x0,
    0x1a, 0xff, 0xff, 0xff, 0xff, 0x60, 0x0, 0xcf,
    0xff, 0xff, 0xff, 0xff, 0xf3, 0x7, 0xff, 0xfe,
    0x51, 0x27, 0xff, 0xd4, 0xe, 0xff, 0xf2, 0x0,
    0x0, 0x56, 0x0, 0x1f, 0xff, 0xa0, 0x0, 0x0,
    0x0, 0x0, 0x3f, 0xff, 0x80, 0x0, 0x0, 0x0,
    0x0, 0x1f, 0xff, 0xa0, 0x0, 0x0, 0x0, 0x0,
    0xe, 0xff, 0xf2, 0x0, 0x0, 0x56, 0x0, 0x7,
    0xff, 0xfe, 0x51, 0x17, 0xff, 0xd4, 0x0, 0xcf,
    0xff, 0xff, 0xff, 0xff, 0xf3, 0x0, 0x1a, 0xff,
    0xff, 0xff, 0xff, 0x60, 0x0, 0x0, 0x4a, 0xdf,
    0xfd, 0x82, 0x0,

    /* U+0442 "т" */
    0xdf, 0xff, 0xff, 0xff, 0xff, 0xff, 0xad, 0xff,
    0xff, 0xff, 0xff, 0xff, 0xfa, 0xdf, 0xff, 0xff,
    0xff, 0xff, 0xff, 0xa0, 0x0, 0x7, 0xff, 0xf4,
    0x0, 0x0, 0x0, 0x0, 0x7f, 0xff, 0x40, 0x0,
    0x0, 0x0, 0x7, 0xff, 0xf4, 0x0, 0x0, 0x0,
    0x0, 0x7f, 0xff, 0x40, 0x0, 0x0, 0x0, 0x7,
    0xff, 0xf4, 0x0, 0x0, 0x0, 0x0, 0x7f, 0xff,
    0x40, 0x0, 0x0, 0x0, 0x7, 0xff, 0xf4, 0x0,
    0x0, 0x0, 0x0, 0x7f, 0xff, 0x40, 0x0, 0x0,
    0x0, 0x7, 0xff, 0xf4, 0x0, 0x0, 0x0, 0x0,
    0x7f, 0xff, 0x40, 0x0, 0x0,

    /* U+0443 "у" */
    0xc, 0xff, 0xf1, 0x0, 0x0, 0x1, 0xff, 0xf8,
    0x5, 0xff, 0xf7, 0x0, 0x0, 0x7, 0xff, 0xf1,
    0x0, 0xef, 0xfd, 0x0, 0x0, 0xd, 0xff, 0xa0,
    0x0, 0x8f, 0xff, 0x40, 0x0, 0x4f, 0xff, 0x40,
    0x0, 0x1f, 0xff, 0xb0, 0x0, 0xbf, 0xfd, 0x0,
    0x0, 0xa, 0xff, 0xf1, 0x1, 0xff, 0xf6, 0x0,
    0x0, 0x4, 0xff, 0xf8, 0x8, 0xff, 0xf0, 0x0,
    0x0, 0x0, 0xdf, 0xfe, 0xe, 0xff, 0x90, 0x0,
    0x0, 0x0, 0x6f, 0xff, 0xaf, 0xff, 0x20, 0x0,
    0x0, 0x0, 0xf, 0xff, 0xff, 0xfb, 0x0, 0x0,
    0x0, 0x0, 0x9, 0xff, 0xff, 0xf5, 0x0, 0x0,
    0x0, 0x0, 0x2, 0xff, 0xff, 0xe0, 0x0, 0x0,
    0x0, 0x0, 0x0, 0xbf, 0xff, 0x70, 0x0, 0x0,
    0x0, 0x0, 0x0, 0x8f, 0xff, 0x10, 0x0, 0x0,
    0x0, 0x93, 0x4, 0xff, 0xf9, 0x0, 0x0, 0x0,
    0x5, 0xff, 0xff, 0xff, 0xf1, 0x0, 0x0, 0x0,
    0xd, 0xff, 0xff, 0xff, 0x50, 0x0, 0x0, 0x0,
    0x3, 0xae, 0xfe, 0xa3, 0x0, 0x0, 0x0, 0x0,

    /* U+0444 "ф" */
    0x0, 0x0, 0x0, 0x0, 0x24, 0x43, 0x0, 0x0,
    0x0, 0x0, 0x0, 0x0, 0x0, 0x0, 0x8f, 0xfe,
    0x0, 0x0, 0x0, 0x0, 0x0, 0x0, 0x0, 0x0,
    0x8f, 0xfe, 0x0, 0x0, 0x0, 0x0, 0x0, 0x0,
    0x0, 0x0, 0x8f, 0xfe, 0x0, 0x0, 0x0, 0x0,
    0x0, 0x0, 0x0, 0x0, 0x8f, 0xfe, 0x0, 0x0,
    0x0, 0x0, 0x0, 0x0, 0x4a, 0xdf, 0xff, 0xff,
    0xfe, 0xa5, 0x0, 0x0, 0x0, 0x1c, 0xff, 0xff,
    0xff, 0xff, 0xff, 0xff, 0xd3, 0x0, 0x1, 0xdf,
    0xff, 0xff, 0xef, 0xff, 0xff, 0xff, 0xff, 0x40,
    0x9, 0xff, 0xfd, 0x40, 0x8f, 0xfe, 0x2, 0xaf,
    0xff, 0xe0, 0xe, 0xff, 0xe1, 0x0, 0x8f, 0xfe,
    0x0, 0x9, 0xff, 0xf4, 0x2f, 0xff, 0x80, 0x0,
    0x8f, 0xfe, 0x0, 0x2, 0xff, 0xf8, 0x3f, 0xff,
    0x60, 0x0, 0x8f, 0xfe, 0x0, 0x0, 0xff, 0xf9,
    0x2f, 0xff, 0x70, 0x0, 0x8f, 0xfe, 0x0, 0x1,
    0xff, 0xf8, 0xf, 0xff, 0xc0, 0x0, 0x8f, 0xfe,
    0x0, 0x6, 0xff, 0xf5, 0xa, 0xff, 0xf9, 0x0,
    0x8f, 0xfe, 0x0, 0x5f, 0xff, 0xf1, 0x1, 0xff,
    0xff, 0xea, 0xcf, 0xff, 0x9d, 0xff, 0xff, 0x70,
    0x0, 0x3e, 0xff, 0xff, 0xff, 0xff, 0xff, 0xff,
    0xf8, 0x0, 0x0, 0x1, 0x8e, 0xff, 0xff, 0xff,
    0xff, 0xfb, 0x30, 0x0, 0x0, 0x0, 0x0, 0x25,
    0xbf, 0xff, 0x64, 0x0, 0x0, 0x0, 0x0, 0x0,
    0x0, 0x0, 0x8f, 0xfe, 0x0, 0x0, 0x0, 0x0,
    0x0, 0x0, 0x0, 0x0, 0x8f, 0xfe, 0x0, 0x0,
    0x0, 0x0, 0x0, 0x0, 0x0, 0x0, 0x8f, 0xfe,
    0x0, 0x0, 0x0, 0x0, 0x0, 0x0, 0x0, 0x0,
    0x8f, 0xfe, 0x0, 0x0, 0x0, 0x0,

    /* U+0445 "х" */
    0x6f, 0xff, 0xc0, 0x0, 0x6, 0xff, 0xf9, 0x0,
    0xaf, 0xff, 0x80, 0x2, 0xff, 0xfc, 0x0, 0x0,
    0xdf, 0xff, 0x30, 0xdf, 0xff, 0x20, 0x0, 0x3,
    0xff, 0xfe, 0xaf, 0xff, 0x50, 0x0, 0x0, 0x6,
    0xff, 0xff, 0xff, 0x90, 0x0, 0x0, 0x0, 0xa,
    0xff, 0xff, 0xc0, 0x0, 0x0, 0x0, 0x0, 0x2f,
    0xff, 0xf5, 0x0, 0x0, 0x0, 0x0, 0xb, 0xff,
    0xff, 0xe1, 0x0, 0x0, 0x0, 0x8, 0xff, 0xff,
    0xff, 0xc0, 0x0, 0x0, 0x4, 0xff, 0xfb, 0x9f,
    0xff, 0x80, 0x0, 0x1, 0xef, 0xfe, 0x10, 0xdf,
    0xff, 0x40, 0x0, 0xcf, 0xff, 0x40, 0x2, 0xff,
    0xfe, 0x10, 0x8f, 0xff, 0x80, 0x0, 0x7, 0xff,
    0xfc, 0x0,

    /* U+0446 "ц" */
    0x3f, 0xff, 0x80, 0x0, 0x4, 0xff, 0xf7, 0x0,
    0x3f, 0xff, 0x80, 0x0, 0x4, 0xff, 0xf7, 0x0,
    0x3f, 0xff, 0x80, 0x0, 0x4, 0xff, 0xf7, 0x0,
    0x3f, 0xff, 0x80, 0x0, 0x4, 0xff, 0xf7, 0x0,
    0x3f, 0xff, 0x80, 0x0, 0x4, 0xff, 0xf7, 0x0,
    0x3f, 0xff, 0x80, 0x0, 0x4, 0xff, 0xf7, 0x0,
    0x3f, 0xff, 0x80, 0x0, 0x4, 0xff, 0xf7, 0x0,
    0x3f, 0xff, 0x80, 0x0, 0x4, 0xff, 0xf7, 0x0,
    0x3f, 0xff, 0x80, 0x0, 0x4, 0xff, 0xf7, 0x0,
    0x3f, 0xff, 0x80, 0x0, 0x4, 0xff, 0xf7, 0x0,
    0x3f, 0xff, 0xff, 0xff, 0xff, 0xff, 0xff, 0xf5,
    0x3f, 0xff, 0xff, 0xff, 0xff, 0xff, 0xff, 0xf5,
    0x3f, 0xff, 0xff, 0xff, 0xff, 0xff, 0xff, 0xf5,
    0x0, 0x0, 0x0, 0x0, 0x0, 0x2, 0xff, 0xf5,
    0x0, 0x0, 0x0, 0x0, 0x0, 0x2, 0xff, 0xf5,
    0x0, 0x0, 0x0, 0x0, 0x0, 0x1, 0xcc, 0xc4,

    /* U+0447 "ч" */
    0x3f, 0xff, 0x80, 0x0, 0x5, 0xff, 0xf6, 0x3f,
    0xff, 0x80, 0x0, 0x5, 0xff, 0xf6, 0x3f, 0xff,
    0x80, 0x0, 0x5, 0xff, 0xf6, 0x3f, 0xff, 0x80,
    0x0, 0x5, 0xff, 0xf6, 0x2f, 0xff, 0x90, 0x0,
    0x5, 0xff, 0xf6, 0x1f, 0xff, 0xf3, 0x0, 0x19,
    0xff, 0xf6, 0xc, 0xff, 0xff, 0xee, 0xff, 0xff,
    0xf6, 0x2, 0xff, 0xff, 0xff, 0xff, 0xff, 0xf6,
    0x0, 0x19, 0xdf, 0xfd, 0x98, 0xff, 0xf6, 0x0,
    0x0, 0x0, 0x0, 0x5, 0xff, 0xf6, 0x0, 0x0,
    0x0, 0x0, 0x5, 0xff, 0xf6, 0x0, 0x0, 0x0,
    0x0, 0x5, 0xff, 0xf6, 0x0, 0x0, 0x0, 0x0,
    0x5, 0xff, 0xf6,

    /* U+0448 "ш" */
    0x3f, 0xff, 0x80, 0x0, 0x3f, 0xff, 0x80, 0x0,
    0x3f, 0xff, 0x83, 0xff, 0xf8, 0x0, 0x3, 0xff,
    0xf8, 0x0, 0x3, 0xff, 0xf8, 0x3f, 0xff, 0x80,
    0x0, 0x3f, 0xff, 0x80, 0x0, 0x3f, 0xff, 0x83,
    0xff, 0xf8, 0x0, 0x3, 0xff, 0xf8, 0x0, 0x3,
    0xff, 0xf8, 0x3f, 0xff, 0x80, 0x0, 0x3f, 0xff,
    0x80, 0x0, 0x3f, 0xff, 0x83, 0xff, 0xf8, 0x0,
    0x3, 0xff, 0xf8, 0x0, 0x3, 0xff, 0xf8, 0x3f,
    0xff, 0x80, 0x0, 0x3f, 0xff, 0x80, 0x0, 0x3f,
    0xff, 0x83, 0xff, 0xf8, 0x0, 0x3, 0xff, 0xf8,
    0x0, 0x3, 0xff, 0xf8, 0x3f, 0xff, 0x80, 0x0,
    0x3f, 0xff, 0x80, 0x0, 0x3f, 0xff, 0x83, 0xff,
    0xf8, 0x0, 0x3, 0xff, 0xf8, 0x0, 0x4, 0xff,
    0xf8, 0x3f, 0xff, 0xff, 0xff, 0xff, 0xff, 0xff,
    0xff, 0xff, 0xff, 0x83, 0xff, 0xff, 0xff, 0xff,
    0xff, 0xff, 0xff, 0xff, 0xff, 0xf8, 0x3f, 0xff,
    0xff, 0xff, 0xff, 0xff, 0xff, 0xff, 0xff, 0xff,
    0x80,

    /* U+0449 "щ" */
    0x3f, 0xff, 0x80, 0x0, 0x3f, 0xff, 0x80, 0x0,
    0x3f, 0xff, 0x80, 0x3, 0xff, 0xf8, 0x0, 0x3,
    0xff, 0xf8, 0x0, 0x3, 0xff, 0xf8, 0x0, 0x3f,
    0xff, 0x80, 0x0, 0x3f, 0xff, 0x80, 0x0, 0x3f,
    0xff, 0x80, 0x3, 0xff, 0xf8, 0x0, 0x3, 0xff,
    0xf8, 0x0, 0x3, 0xff, 0xf8, 0x0, 0x3f, 0xff,
    0x80, 0x0, 0x3f, 0xff, 0x80, 0x0, 0x3f, 0xff,
    0x80, 0x3, 0xff, 0xf8, 0x0, 0x3, 0xff, 0xf8,
    0x0, 0x3, 0xff, 0xf8, 0x0, 0x3f, 0xff, 0x80,
    0x0, 0x3f, 0xff, 0x80, 0x0, 0x3f, 0xff, 0x80,
    0x3, 0xff, 0xf8, 0x0, 0x3, 0xff, 0xf8, 0x0,
    0x3, 0xff, 0xf8, 0x0, 0x3f, 0xff, 0x80, 0x0,
    0x3f, 0xff, 0x80, 0x0, 0x3f, 0xff, 0x80, 0x3,
    0xff, 0xf8, 0x0, 0x3, 0xff, 0xf8, 0x0, 0x4,
    0xff, 0xf8, 0x0, 0x3f, 0xff, 0xff, 0xff, 0xff,
    0xff, 0xff, 0xff, 0xff, 0xff, 0xff, 0x43, 0xff,
    0xff, 0xff, 0xff, 0xff, 0xff, 0xff, 0xff, 0xff,
    0xff, 0xf4, 0x3f, 0xff, 0xff, 0xff, 0xff, 0xff,
    0xff, 0xff, 0xff, 0xff, 0xff, 0x40, 0x0, 0x0,
    0x0, 0x0, 0x0, 0x0, 0x0, 0x0, 0x2, 0xff,
    0xf4, 0x0, 0x0, 0x0, 0x0, 0x0, 0x0, 0x0,
    0x0, 0x0, 0x2f, 0xff, 0x40, 0x0, 0x0, 0x0,
    0x0, 0x0, 0x0, 0x0, 0x0, 0x1, 0x88, 0x82,

    /* U+044A "ъ" */
    0xdf, 0xff, 0xff, 0xfa, 0x0, 0x0, 0x0, 0x0,
    0xdf, 0xff, 0xff, 0xfa, 0x0, 0x0, 0x0, 0x0,
    0xdf, 0xff, 0xff, 0xfa, 0x0, 0x0, 0x0, 0x0,
    0x0, 0x1, 0xff, 0xfa, 0x0, 0x0, 0x0, 0x0,
    0x0, 0x1, 0xff, 0xff, 0xff, 0xff, 0xc7, 0x0,
    0x0, 0x1, 0xff, 0xff, 0xff, 0xff, 0xff, 0xc0,
    0x0, 0x1, 0xff, 0xfc, 0x66, 0x7d, 0xff, 0xf7,
    0x0, 0x1, 0xff, 0xfa, 0x0, 0x2, 0xff, 0xfb,
    0x0, 0x1, 0xff, 0xfa, 0x0, 0x0, 0xff, 0xfd,
    0x0, 0x1, 0xff, 0xfa, 0x0, 0x5, 0xff, 0xfb,
    0x0, 0x1, 0xff, 0xfd, 0xaa, 0xbf, 0xff, 0xf5,
    0x0, 0x1, 0xff, 0xff, 0xff, 0xff, 0xff, 0x90,
    0x0, 0x1, 0xff, 0xff, 0xff, 0xfe, 0xb4, 0x0,

    /* U+044B "ы" */
    0x3f, 0xff, 0x80, 0x0, 0x0, 0x0, 0x0, 0xef,
    0xfd, 0x3f, 0xff, 0x80, 0x0, 0x0, 0x0, 0x0,
    0xef, 0xfd, 0x3f, 0xff, 0x80, 0x0, 0x0, 0x0,
    0x0, 0xef, 0xfd, 0x3f, 0xff, 0x80, 0x0, 0x0,
    0x0, 0x0, 0xef, 0xfd, 0x3f, 0xff, 0xff, 0xff,
    0xfc, 0x60, 0x0, 0xef, 0xfd, 0x3f, 0xff, 0xff,
    0xff, 0xff, 0xfb, 0x0, 0xef, 0xfd, 0x3f, 0xff,
    0xb6, 0x67, 0xef, 0xff, 0x50, 0xef, 0xfd, 0x3f,
    0xff, 0x80, 0x0, 0x3f, 0xff, 0x90, 0xef, 0xfd,
    0x3f, 0xff, 0x80, 0x0, 0x1f, 0xff, 0xa0, 0xef,
    0xfd, 0x3f, 0xff, 0x80, 0x0, 0x6f, 0xff, 0x90,
    0xef, 0xfd, 0x3f, 0xff, 0xda, 0xab, 0xff, 0xff,
    0x30, 0xef, 0xfd, 0x3f, 0xff, 0xff, 0xff, 0xff,
    0xf7, 0x0, 0xef, 0xfd, 0x3f, 0xff, 0xff, 0xff,
    0xea, 0x30, 0x0, 0xef, 0xfd,

    /* U+044C "ь" */
    0x3f, 0xff, 0x80, 0x0, 0x0, 0x0, 0x3, 0xff,
    0xf8, 0x0, 0x0, 0x0, 0x0, 0x3f, 0xff, 0x80,
    0x0, 0x0, 0x0, 0x3, 0xff, 0xf8, 0x0, 0x0,
    0x0, 0x0, 0x3f, 0xff, 0xff, 0xff, 0xfd, 0x80,
    0x3, 0xff, 0xff, 0xff, 0xff, 0xff, 0xd1, 0x3f,
    0xff, 0xb6, 0x67, 0xcf, 0xff, 0x93, 0xff, 0xf8,
    0x0, 0x0, 0xff, 0xfe, 0x3f, 0xff, 0x80, 0x0,
    0xe, 0xff, 0xf3, 0xff, 0xf8, 0x0, 0x3, 0xff,
    0xfd, 0x3f, 0xff, 0xda, 0xab, 0xff, 0xff, 0x73,
    0xff, 0xff, 0xff, 0xff, 0xff, 0xb0, 0x3f, 0xff,
    0xff, 0xff, 0xeb, 0x50, 0x0,

    /* U+044D "э" */
    0x0, 0x39, 0xdf, 0xfd, 0xa5, 0x0, 0x0, 0xa,
    0xff, 0xff, 0xff, 0xff, 0xc2, 0x0, 0x5f, 0xff,
    0xfe, 0xef, 0xff, 0xfd, 0x10, 0x5, 0xe7, 0x10,
    0x1, 0x8f, 0xff, 0xa0, 0x0, 0x0, 0x0, 0x0,
    0x8, 0xff, 0xf1, 0x0, 0x0, 0xaf, 0xff, 0xff,
    0xff, 0xf4, 0x0, 0x0, 0xaf, 0xff, 0xff, 0xff,
    0xf6, 0x0, 0x0, 0x58, 0x88, 0x8a, 0xff, 0xf4,
    0x0, 0x20, 0x0, 0x0, 0xb, 0xff, 0xf1, 0x7,
    0xf9, 0x10, 0x1, 0xaf, 0xff, 0xa0, 0x5f, 0xff,
    0xfe, 0xef, 0xff, 0xfd, 0x10, 0xa, 0xff, 0xff,
    0xff, 0xff, 0xc2, 0x0, 0x0, 0x39, 0xdf, 0xfd,
    0xa5, 0x0, 0x0,

    /* U+044E "ю" */
    0x3f, 0xff, 0x80, 0x0, 0x2, 0x8d, 0xff, 0xd9,
    0x20, 0x0, 0x3f, 0xff, 0x80, 0x0, 0x7f, 0xff,
    0xff, 0xff, 0xf7, 0x0, 0x3f, 0xff, 0x80, 0x8,
    0xff, 0xff, 0xee, 0xff, 0xff, 0x70, 0x3f, 0xff,
    0x80, 0x3f, 0xff, 0xe4, 0x0, 0x4e, 0xff, 0xf2,
    0x3f, 0xff, 0x93, 0xaf, 0xff, 0x40, 0x0, 0x4,
    0xff, 0xf8, 0x3f, 0xff, 0xff, 0xff, 0xfe, 0x0,
    0x0, 0x0, 0xef, 0xfc, 0x3f, 0xff, 0xff, 0xff,
    0xfd, 0x0, 0x0, 0x0, 0xdf, 0xfd, 0x3f, 0xff,
    0xff, 0xff, 0xff, 0x0, 0x0, 0x0, 0xff, 0xfb,
    0x3f, 0xff, 0x80, 0x8f, 0xff, 0x60, 0x0, 0x6,
    0xff, 0xf8, 0x3f, 0xff, 0x80, 0x2f, 0xff, 0xf7,
    0x11, 0x7f, 0xff, 0xf2, 0x3f, 0xff, 0x80, 0x7,
    0xff, 0xff, 0xff, 0xff, 0xff, 0x70, 0x3f, 0xff,
    0x80, 0x0, 0x7f, 0xff, 0xff, 0xff, 0xf7, 0x0,
    0x3f, 0xff, 0x80, 0x0, 0x2, 0x8d, 0xff, 0xd9,
    0x20, 0x0,

    /* U+044F "я" */
    0x0, 0x4, 0xad, 0xff, 0xff, 0xff, 0xf4, 0x0,
    0x9f, 0xff, 0xff, 0xff, 0xff, 0xf4, 0x7, 0xff,
    0xff, 0xff, 0xff, 0xff, 0xf4, 0xd, 0xff, 0xf7,
    0x10, 0x1, 0xff, 0xf4, 0xf, 0xff, 0xd0, 0x0,
    0x1, 0xff, 0xf4, 0xf, 0xff, 0xd0, 0x0, 0x1,
    0xff, 0xf4, 0xc, 0xff, 0xf7, 0x10, 0x1, 0xff,
    0xf4, 0x4, 0xff, 0xff, 0xff, 0xff, 0xff, 0xf4,
    0x0, 0x4d, 0xff, 0xff, 0xff, 0xff, 0xf4, 0x0,
    0xb, 0xff, 0xf7, 0x78, 0xff, 0xf4, 0x0, 0x6f,
    0xff, 0x70, 0x1, 0xff, 0xf4, 0x2, 0xff, 0xfc,
    0x0, 0x1, 0xff, 0xf4, 0xd, 0xff, 0xf2, 0x0,
    0x1, 0xff, 0xf4,

    /* U+0450 "ѐ" */
    0x0, 0x1c, 0xff, 0xd1, 0x0, 0x0, 0x0, 0x0,
    0x0, 0xa, 0xff, 0xd1, 0x0, 0x0, 0x0, 0x0,
    0x0, 0x7, 0xff, 0xc0, 0x0, 0x0, 0x0, 0x0,
    0x0, 0x3, 0x88, 0x40, 0x0, 0x0, 0x0, 0x0,
    0x0, 0x0, 0x0, 0x0, 0x0, 0x0, 0x0, 0x5,
    0xbd, 0xfe, 0xc7, 0x0, 0x0, 0x0, 0x1b, 0xff,
    0xff, 0xff, 0xfe, 0x30, 0x0, 0xc, 0xff, 0xff,
    0xde, 0xff, 0xff, 0x20, 0x8, 0xff, 0xf7, 0x0,
    0x4, 0xef, 0xfb, 0x0, 0xef, 0xfa, 0x0, 0x0,
    0x6, 0xff, 0xf1, 0x2f, 0xff, 0xff, 0xff, 0xff,
    0xff, 0xff, 0x43, 0xff, 0xff, 0xff, 0xff, 0xff,
    0xff, 0xf5, 0x2f, 0xff, 0xb2, 0x22, 0x22, 0x22,
    0x22, 0x0, 0xef, 0xff, 0x20, 0x0, 0x0, 0x20,
    0x0, 0x7, 0xff, 0xfe, 0x50, 0x2, 0x9f, 0x30,
    0x0, 0xc, 0xff, 0xff, 0xff, 0xff, 0xfe, 0x20,
    0x0, 0x1a, 0xff, 0xff, 0xff, 0xff, 0xb0, 0x0,
    0x0, 0x4, 0x9d, 0xff, 0xea, 0x40, 0x0,

    /* U+0451 "ё" */
    0x0, 0x2, 0xde, 0x40, 0x3e, 0xe3, 0x0, 0x0,
    0x0, 0x7f, 0xfb, 0xa, 0xff, 0x90, 0x0, 0x0,
    0x4, 0xff, 0x80, 0x6f, 0xf5, 0x0, 0x0, 0x0,
    0x2, 0x30, 0x0, 0x22, 0x0, 0x0, 0x0, 0x0,
    0x0, 0x0, 0x0, 0x0, 0x0, 0x0, 0x0, 0x5,
    0xbd, 0xfe, 0xc7, 0x0, 0x0, 0x0, 0x1b, 0xff,
    0xff, 0xff, 0xfe, 0x30, 0x0, 0xc, 0xff, 0xff,
    0xde, 0xff, 0xff, 0x20, 0x8, 0xff, 0xf7, 0x0,
    0x4, 0xef, 0xfb, 0x0, 0xef, 0xfa, 0x0, 0x0,
    0x6, 0xff, 0xf1, 0x2f, 0xff, 0xff, 0xff, 0xff,
    0xff, 0xff, 0x43, 0xff, 0xff, 0xff, 0xff, 0xff,
    0xff, 0xf5, 0x2f, 0xff, 0xb2, 0x22, 0x22, 0x22,
    0x22, 0x0, 0xef, 0xff, 0x20, 0x0, 0x0, 0x20,
    0x0, 0x7, 0xff, 0xfe, 0x50, 0x2, 0x9f, 0x30,
    0x0, 0xc, 0xff, 0xff, 0xff, 0xff, 0xfe, 0x20,
    0x0, 0x1a, 0xff, 0xff, 0xff, 0xff, 0xb0, 0x0,
    0x0, 0x4, 0x9d, 0xff, 0xea, 0x40, 0x0,

    /* U+0452 "ђ" */
    0x0, 0x18, 0x88, 0x20, 0x0, 0x0, 0x0, 0x0,
    0x8f, 0xff, 0xff, 0xff, 0xff, 0xfc, 0x0, 0x0,
    0x8f, 0xff, 0xff, 0xff, 0xff, 0xfc, 0x0, 0x0,
    0x12, 0x5f, 0xff, 0x72, 0x22, 0x22, 0x0, 0x0,
    0x0, 0x3f, 0xff, 0x50, 0x0, 0x0, 0x0, 0x0,
    0x0, 0x3f, 0xff, 0x52, 0x9d, 0xfe, 0xa4, 0x0,
    0x0, 0x3f, 0xff, 0xbf, 0xff, 0xff, 0xff, 0x70,
    0x0, 0x3f, 0xff, 0xff, 0xff, 0xff, 0xff, 0xf3,
    0x0, 0x3f, 0xff, 0xfe, 0x64, 0x6e, 0xff, 0xfa,
    0x0, 0x3f, 0xff, 0xf2, 0x0, 0x2, 0xff, 0xfd,
    0x0, 0x3f, 0xff, 0xb0, 0x0, 0x0, 0xdf, 0xff,
    0x0, 0x3f, 0xff, 0x90, 0x0, 0x0, 0xcf, 0xff,
    0x0, 0x3f, 0xff, 0x80, 0x0, 0x0, 0xcf, 0xff,
    0x0, 0x3f, 0xff, 0x80, 0x0, 0x0, 0xcf, 0xff,
    0x0, 0x3f, 0xff, 0x80, 0x0, 0x0, 0xcf, 0xff,
    0x0, 0x3f, 0xff, 0x80, 0x0, 0x0, 0xcf, 0xff,
    0x0, 0x3f, 0xff, 0x80, 0x0, 0x0, 0xcf, 0xff,
    0x0, 0x3f, 0xff, 0x80, 0x0, 0x0, 0xcf, 0xff,
    0x0, 0x0, 0x0, 0x0, 0x0, 0x0, 0xcf, 0xfe,
    0x0, 0x0, 0x0, 0x0, 0x3, 0x3, 0xff, 0xfc,
    0x0, 0x0, 0x0, 0x0, 0x3f, 0xff, 0xff, 0xf7,
    0x0, 0x0, 0x0, 0x0, 0x9f, 0xff, 0xff, 0xc0,
    0x0, 0x0, 0x0, 0x0, 0x6c, 0xff, 0xd8, 0x0,

    /* U+0453 "ѓ" */
    0x0, 0x0, 0x0, 0x6f, 0xff, 0x70, 0x0, 0x0,
    0x5, 0xff, 0xf4, 0x0, 0x0, 0x0, 0x4f, 0xfd,
    0x20, 0x0, 0x0, 0x0, 0x78, 0x70, 0x0, 0x0,
    0x0, 0x0, 0x0, 0x0, 0x0, 0x0, 0x3f, 0xff,
    0xff, 0xff, 0xff, 0xf2, 0x3f, 0xff, 0xff, 0xff,
    0xff, 0xf2, 0x3f, 0xff, 0xff, 0xff, 0xff, 0xf2,
    0x3f, 0xff, 0x80, 0x0, 0x0, 0x0, 0x3f, 0xff,
    0x80, 0x0, 0x0, 0x0, 0x3f, 0xff, 0x80, 0x0,
    0x0, 0x0, 0x3f, 0xff, 0x80, 0x0, 0x0, 0x0,
    0x3f, 0xff, 0x80, 0x0, 0x0, 0x0, 0x3f, 0xff,
    0x80, 0x0, 0x0, 0x0, 0x3f, 0xff, 0x80, 0x0,
    0x0, 0x0, 0x3f, 0xff, 0x80, 0x0, 0x0, 0x0,
    0x3f, 0xff, 0x80, 0x0, 0x0, 0x0, 0x3f, 0xff,
    0x80, 0x0, 0x0, 0x0,

    /* U+0454 "є" */
    0x0, 0x0, 0x39, 0xdf, 0xfd, 0xa4, 0x0, 0x0,
    0xa, 0xff, 0xff, 0xff, 0xff, 0xc1, 0x0, 0xbf,
    0xff, 0xfe, 0xef, 0xff, 0xf8, 0x7, 0xff, 0xfa,
    0x20, 0x0, 0x6e, 0x70, 0xe, 0xff, 0xa0, 0x0,
    0x0, 0x0, 0x0, 0x1f, 0xff, 0xff, 0xff, 0xfd,
    0x0, 0x0, 0x3f, 0xff, 0xff, 0xff, 0xfd, 0x0,
    0x0, 0x1f, 0xff, 0xc8, 0x88, 0x87, 0x0, 0x0,
    0xe, 0xff, 0xd0, 0x0, 0x0, 0x3, 0x0, 0x7,
    0xff, 0xfc, 0x20, 0x1, 0x7f, 0xa0, 0x0, 0xbf,
    0xff, 0xfe, 0xdf, 0xff, 0xf8, 0x0, 0xa, 0xff,
    0xff, 0xff, 0xff, 0xc1, 0x0, 0x0, 0x39, 0xdf,
    0xfd, 0xa5, 0x0,

    /* U+0455 "ѕ" */
    0x0, 0x4, 0xad, 0xff, 0xeb, 0x72, 0x0, 0xa,
    0xff, 0xff, 0xff, 0xff, 0xd0, 0x7, 0xff, 0xff,
    0xdd, 0xff, 0xf5, 0x0, 0xdf, 0xfd, 0x10, 0x0,
    0x38, 0x0, 0xe, 0xff, 0xd2, 0x0, 0x0, 0x0,
    0x0, 0xaf, 0xff, 0xfe, 0xb8, 0x40, 0x0, 0x1,
    0xcf, 0xff, 0xff, 0xff, 0xe5, 0x0, 0x0, 0x49,
    0xce, 0xff, 0xff, 0xf1, 0x0, 0x0, 0x0, 0x1,
    0x8f, 0xff, 0x60, 0x3c, 0x51, 0x0, 0x5, 0xff,
    0xf5, 0xb, 0xff, 0xfe, 0xde, 0xff, 0xff, 0x11,
    0xef, 0xff, 0xff, 0xff, 0xff, 0x40, 0x1, 0x6a,
    0xdf, 0xfe, 0xc8, 0x10, 0x0,

    /* U+0456 "і" */
    0x1b, 0xfd, 0x48, 0xff, 0xfe, 0x9f, 0xff, 0xe1,
    0xdf, 0xf5, 0x0, 0x10, 0x0, 0x0, 0x0, 0x3f,
    0xff, 0x83, 0xff, 0xf8, 0x3f, 0xff, 0x83, 0xff,
    0xf8, 0x3f, 0xff, 0x83, 0xff, 0xf8, 0x3f, 0xff,
    0x83, 0xff, 0xf8, 0x3f, 0xff, 0x83, 0xff, 0xf8,
    0x3f, 0xff, 0x83, 0xff, 0xf8, 0x3f, 0xff, 0x80,

    /* U+0457 "ї" */
    0x6f, 0xa0, 0x8f, 0x90, 0xef, 0xf2, 0xff, 0xf1,
    0x9f, 0xd0, 0xbf, 0xc0, 0x2, 0x0, 0x3, 0x0,
    0x0, 0x0, 0x0, 0x0, 0x4, 0xff, 0xf7, 0x0,
    0x4, 0xff, 0xf7, 0x0, 0x4, 0xff, 0xf7, 0x0,
    0x4, 0xff, 0xf7, 0x0, 0x4, 0xff, 0xf7, 0x0,
    0x4, 0xff, 0xf7, 0x0, 0x4, 0xff, 0xf7, 0x0,
    0x4, 0xff, 0xf7, 0x0, 0x4, 0xff, 0xf7, 0x0,
    0x4, 0xff, 0xf7, 0x0, 0x4, 0xff, 0xf7, 0x0,
    0x4, 0xff, 0xf7, 0x0, 0x4, 0xff, 0xf7, 0x0,

    /* U+0458 "ј" */
    0x0, 0x0, 0x0, 0x10, 0x0, 0x0, 0x1, 0xdf,
    0xf5, 0x0, 0x0, 0x9f, 0xff, 0xe0, 0x0, 0x8,
    0xff, 0xfd, 0x0, 0x0, 0x1b, 0xfd, 0x30, 0x0,
    0x0, 0x0, 0x0, 0x0, 0x0, 0x2f, 0xff, 0x90,
    0x0, 0x2, 0xff, 0xf9, 0x0, 0x0, 0x2f, 0xff,
    0x90, 0x0, 0x2, 0xff, 0xf9, 0x0, 0x0, 0x2f,
    0xff, 0x90, 0x0, 0x2, 0xff, 0xf9, 0x0, 0x0,
    0x2f, 0xff, 0x90, 0x0, 0x2, 0xff, 0xf9, 0x0,
    0x0, 0x2f, 0xff, 0x90, 0x0, 0x2, 0xff, 0xf9,
    0x0, 0x0, 0x2f, 0xff, 0x90, 0x0, 0x2, 0xff,
    0xf9, 0x0, 0x0, 0x2f, 0xff, 0x90, 0x0, 0x3,
    0xff, 0xf8, 0x2, 0x10, 0xaf, 0xff, 0x60, 0xaf,
    0xff, 0xff, 0xf1, 0xf, 0xff, 0xff, 0xf6, 0x1,
    0x9e, 0xff, 0xb4, 0x0,

    /* U+0459 "љ" */
    0x0, 0xe, 0xff, 0xff, 0xff, 0xff, 0xff, 0x30,
    0x0, 0x0, 0x0, 0x0, 0x0, 0xef, 0xff, 0xff,
    0xff, 0xff, 0xf3, 0x0, 0x0, 0x0, 0x0, 0x0,
    0xf, 0xff, 0xff, 0xff, 0xff, 0xff, 0x30, 0x0,
    0x0, 0x0, 0x0, 0x0, 0xff, 0xf5, 0x0, 0x9,
    0xff, 0xf3, 0x0, 0x0, 0x0, 0x0, 0x0, 0xf,
    0xff, 0x40, 0x0, 0x9f, 0xff, 0xff, 0xff, 0xeb,
    0x50, 0x0, 0x1, 0xff, 0xf3, 0x0, 0x9, 0xff,
    0xff, 0xff, 0xff, 0xff, 0x90, 0x0, 0x2f, 0xff,
    0x20, 0x0, 0x9f, 0xff, 0x76, 0x68, 0xef, 0xff,
    0x30, 0x4, 0xff, 0xf1, 0x0, 0x9, 0xff, 0xf3,
    0x0, 0x5, 0xff, 0xf8, 0x0, 0x9f, 0xff, 0x0,
    0x0, 0x9f, 0xff, 0x30, 0x0, 0x3f, 0xff, 0x93,
    0x6f, 0xff, 0xb0, 0x0, 0x9, 0xff, 0xf3, 0x0,
    0xa, 0xff, 0xf7, 0xbf, 0xff, 0xf6, 0x0, 0x0,
    0x9f, 0xff, 0xed, 0xdf, 0xff, 0xff, 0x2c, 0xff,
    0xfd, 0x0, 0x0, 0x9, 0xff, 0xff, 0xff, 0xff,
    0xff, 0x60, 0xaf, 0xfb, 0x20, 0x0, 0x0, 0x9f,
    0xff, 0xff, 0xff, 0xd9, 0x20, 0x0,

    /* U+045A "њ" */
    0x3f, 0xff, 0x80, 0x0, 0x1, 0xff, 0xfa, 0x0,
    0x0, 0x0, 0x0, 0x3f, 0xff, 0x80, 0x0, 0x1,
    0xff, 0xfa, 0x0, 0x0, 0x0, 0x0, 0x3f, 0xff,
    0x80, 0x0, 0x1, 0xff, 0xfa, 0x0, 0x0, 0x0,
    0x0, 0x3f, 0xff, 0x80, 0x0, 0x1, 0xff, 0xfa,
    0x0, 0x0, 0x0, 0x0, 0x3f, 0xff, 0x80, 0x0,
    0x1, 0xff, 0xfa, 0x0, 0x0, 0x0, 0x0, 0x3f,
    0xff, 0xff, 0xff, 0xff, 0xff, 0xff, 0xff, 0xff,
    0xd9, 0x10, 0x3f, 0xff, 0xff, 0xff, 0xff, 0xff,
    0xff, 0xff, 0xff, 0xff, 0xe2, 0x3f, 0xff, 0xff,
    0xff, 0xff, 0xff, 0xfd, 0x99, 0xae, 0xff, 0xfa,
    0x3f, 0xff, 0x80, 0x0, 0x1, 0xff, 0xfa, 0x0,
    0x1, 0xff, 0xfd, 0x3f, 0xff, 0x80, 0x0, 0x1,
    0xff, 0xfa, 0x0, 0x1, 0xff, 0xfc, 0x3f, 0xff,
    0x80, 0x0, 0x1, 0xff, 0xfd, 0x99, 0xae, 0xff,
    0xf7, 0x3f, 0xff, 0x80, 0x0, 0x1, 0xff, 0xff,
    0xff, 0xff, 0xff, 0xb0, 0x3f, 0xff, 0x80, 0x0,
    0x1, 0xff, 0xff, 0xff, 0xfe, 0xb6, 0x0,

    /* U+045B "ћ" */
    0x0, 0x2, 0xaa, 0xa5, 0x0, 0x0, 0x0, 0x0,
    0x0, 0x0, 0x3f, 0xff, 0x80, 0x0, 0x0, 0x0,
    0x0, 0x1f, 0xff, 0xff, 0xff, 0xff, 0xff, 0x80,
    0x0, 0x1, 0xff, 0xff, 0xff, 0xff, 0xff, 0xf8,
    0x0, 0x0, 0x0, 0x3, 0xff, 0xf8, 0x0, 0x0,
    0x0, 0x0, 0x0, 0x0, 0x3f, 0xff, 0x82, 0x9d,
    0xfe, 0xb4, 0x0, 0x0, 0x3, 0xff, 0xfd, 0xff,
    0xff, 0xff, 0xf7, 0x0, 0x0, 0x3f, 0xff, 0xff,
    0xff, 0xff, 0xff, 0xf3, 0x0, 0x3, 0xff, 0xff,
    0xe6, 0x46, 0xdf, 0xff, 0xa0, 0x0, 0x3f, 0xff,
    0xf2, 0x0, 0x2, 0xff, 0xfd, 0x0, 0x3, 0xff,
    0xfb, 0x0, 0x0, 0xd, 0xff, 0xf0, 0x0, 0x3f,
    0xff, 0x90, 0x0, 0x0, 0xcf, 0xff, 0x0, 0x3,
    0xff, 0xf8, 0x0, 0x0, 0xc, 0xff, 0xf0, 0x0,
    0x3f, 0xff, 0x80, 0x0, 0x0, 0xcf, 0xff, 0x0,
    0x3, 0xff, 0xf8, 0x0, 0x0, 0xc, 0xff, 0xf0,
    0x0, 0x3f, 0xff, 0x80, 0x0, 0x0, 0xcf, 0xff,
    0x0, 0x3, 0xff, 0xf8, 0x0, 0x0, 0xc, 0xff,
    0xf0, 0x0, 0x3f, 0xff, 0x80, 0x0, 0x0, 0xcf,
    0xff,

    /* U+045C "ќ" */
    0x0, 0x0, 0x0, 0x7, 0xff, 0xf6, 0x0, 0x0,
    0x0, 0x0, 0x6, 0xff, 0xe3, 0x0, 0x0, 0x0,
    0x0, 0x5, 0xff, 0xc1, 0x0, 0x0, 0x0, 0x0,
    0x0, 0x78, 0x70, 0x0, 0x0, 0x0, 0x0, 0x0,
    0x0, 0x0, 0x0, 0x0, 0x0, 0x3, 0xff, 0xf8,
    0x0, 0x0, 0x4f, 0xff, 0xa0, 0x3f, 0xff, 0x80,
    0x0, 0x1e, 0xff, 0xe1, 0x3, 0xff, 0xf8, 0x0,
    0xa, 0xff, 0xf3, 0x0, 0x3f, 0xff, 0x80, 0x6,
    0xff, 0xf7, 0x0, 0x3, 0xff, 0xf8, 0x1, 0xff,
    0xfc, 0x0, 0x0, 0x3f, 0xff, 0xff, 0xff, 0xfe,
    0x10, 0x0, 0x3, 0xff, 0xff, 0xff, 0xff, 0xc0,
    0x0, 0x0, 0x3f, 0xff, 0xff, 0xff, 0xff, 0x70,
    0x0, 0x3, 0xff, 0xf8, 0x3, 0xff, 0xff, 0x30,
    0x0, 0x3f, 0xff, 0x80, 0x7, 0xff, 0xfd, 0x0,
    0x3, 0xff, 0xf8, 0x0, 0xc, 0xff, 0xf9, 0x0,
    0x3f, 0xff, 0x80, 0x0, 0x2f, 0xff, 0xf4, 0x3,
    0xff, 0xf8, 0x0, 0x0, 0x6f, 0xff, 0xe1,

    /* U+045D "ѝ" */
    0x0, 0x4e, 0xff, 0xa0, 0x0, 0x0, 0x0, 0x0,
    0x0, 0x2d, 0xff, 0x90, 0x0, 0x0, 0x0, 0x0,
    0x0, 0xa, 0xff, 0x80, 0x0, 0x0, 0x0, 0x0,
    0x0, 0x6, 0x88, 0x10, 0x0, 0x0, 0x0, 0x0,
    0x0, 0x0, 0x0, 0x0, 0x0, 0x3, 0xff, 0xf8,
    0x0, 0x0, 0x9, 0xff, 0xf3, 0x3f, 0xff, 0x80,
    0x0, 0x6, 0xff, 0xff, 0x33, 0xff, 0xf8, 0x0,
    0x3, 0xff, 0xff, 0xf3, 0x3f, 0xff, 0x80, 0x1,
    0xef, 0xff, 0xff, 0x33, 0xff, 0xf8, 0x0, 0xcf,
    0xff, 0xff, 0xf3, 0x3f, 0xff, 0x80, 0xaf, 0xff,
    0xcf, 0xff, 0x33, 0xff, 0xf8, 0x7f, 0xff, 0x87,
    0xff, 0xf3, 0x3f, 0xff, 0xcf, 0xff, 0xb0, 0x7f,
    0xff, 0x33, 0xff, 0xff, 0xff, 0xd0, 0x7, 0xff,
    0xf3, 0x3f, 0xff, 0xff, 0xe2, 0x0, 0x7f, 0xff,
    0x33, 0xff, 0xff, 0xf4, 0x0, 0x7, 0xff, 0xf3,
    0x3f, 0xff, 0xf7, 0x0, 0x0, 0x7f, 0xff, 0x33,
    0xff, 0xfa, 0x0, 0x0, 0x7, 0xff, 0xf3,

    /* U+045E "ў" */
    0x0, 0x1, 0x88, 0x20, 0x1, 0x88, 0x20, 0x0,
    0x0, 0x0, 0xff, 0xa0, 0x8, 0xff, 0x30, 0x0,
    0x0, 0x0, 0x9f, 0xff, 0xff, 0xfc, 0x0, 0x0,
    0x0, 0x0, 0x7, 0xdf, 0xfd, 0x91, 0x0, 0x0,
    0x0, 0x0, 0x0, 0x0, 0x0, 0x0, 0x0, 0x0,
    0xc, 0xff, 0xf1, 0x0, 0x0, 0x1, 0xff, 0xf8,
    0x5, 0xff, 0xf7, 0x0, 0x0, 0x7, 0xff, 0xf1,
    0x0, 0xef, 0xfd, 0x0, 0x0, 0xd, 0xff, 0xa0,
    0x0, 0x8f, 0xff, 0x40, 0x0, 0x4f, 0xff, 0x40,
    0x0, 0x1f, 0xff, 0xb0, 0x0, 0xbf, 0xfd, 0x0,
    0x0, 0xa, 0xff, 0xf1, 0x1, 0xff, 0xf6, 0x0,
    0x0, 0x4, 0xff, 0xf8, 0x8, 0xff, 0xf0, 0x0,
    0x0, 0x0, 0xdf, 0xfe, 0xe, 0xff, 0x90, 0x0,
    0x0, 0x0, 0x6f, 0xff, 0xaf, 0xff, 0x20, 0x0,
    0x0, 0x0, 0xf, 0xff, 0xff, 0xfb, 0x0, 0x0,
    0x0, 0x0, 0x9, 0xff, 0xff, 0xf5, 0x0, 0x0,
    0x0, 0x0, 0x2, 0xff, 0xff, 0xe0, 0x0, 0x0,
    0x0, 0x0, 0x0, 0xbf, 0xff, 0x70, 0x0, 0x0,
    0x0, 0x0, 0x0, 0x8f, 0xff, 0x10, 0x0, 0x0,
    0x0, 0x93, 0x4, 0xff, 0xf9, 0x0, 0x0, 0x0,
    0x5, 0xff, 0xff, 0xff, 0xf1, 0x0, 0x0, 0x0,
    0xd, 0xff, 0xff, 0xff, 0x50, 0x0, 0x0, 0x0,
    0x3, 0xae, 0xfe, 0xa3, 0x0, 0x0, 0x0, 0x0,

    /* U+045F "џ" */
    0x3f, 0xff, 0x80, 0x0, 0xb, 0xff, 0xf1, 0x3f,
    0xff, 0x80, 0x0, 0xb, 0xff, 0xf1, 0x3f, 0xff,
    0x80, 0x0, 0xb, 0xff, 0xf1, 0x3f, 0xff, 0x80,
    0x0, 0xb, 0xff, 0xf1, 0x3f, 0xff, 0x80, 0x0,
    0xb, 0xff, 0xf1, 0x3f, 0xff, 0x80, 0x0, 0xb,
    0xff, 0xf1, 0x3f, 0xff, 0x80, 0x0, 0xb, 0xff,
    0xf1, 0x3f, 0xff, 0x80, 0x0, 0xb, 0xff, 0xf1,
    0x3f, 0xff, 0x80, 0x0, 0xb, 0xff, 0xf1, 0x3f,
    0xff, 0x80, 0x0, 0xb, 0xff, 0xf1, 0x3f, 0xff,
    0xff, 0xff, 0xff, 0xff, 0xf1, 0x3f, 0xff, 0xff,
    0xff, 0xff, 0xff, 0xf1, 0x3f, 0xff, 0xff, 0xff,
    0xff, 0xff, 0xf1, 0x0, 0x0, 0xd, 0xff, 0xb0,
    0x0, 0x0, 0x0, 0x0, 0xd, 0xff, 0xb0, 0x0,
    0x0, 0x0, 0x0, 0xd, 0xff, 0xb0, 0x0, 0x0,

    /* U+0490 "Ґ" */
    0x0, 0x0, 0x0, 0x0, 0xaf, 0xff, 0x0, 0x0,
    0x0, 0x0, 0xaf, 0xff, 0x0, 0x0, 0x0, 0x0,
    0xaf, 0xff, 0xef, 0xff, 0xff, 0xff, 0xff, 0xff,
    0xef, 0xff, 0xff, 0xff, 0xff, 0xff, 0xef, 0xff,
    0xff, 0xff, 0xff, 0xff, 0xef, 0xff, 0x22, 0x22,
    0x22, 0x22, 0xef, 0xff, 0x0, 0x0, 0x0, 0x0,
    0xef, 0xff, 0x0, 0x0, 0x0, 0x0, 0xef, 0xff,
    0x0, 0x0, 0x0, 0x0, 0xef, 0xff, 0x0, 0x0,
    0x0, 0x0, 0xef, 0xff, 0x0, 0x0, 0x0, 0x0,
    0xef, 0xff, 0x0, 0x0, 0x0, 0x0, 0xef, 0xff,
    0x0, 0x0, 0x0, 0x0, 0xef, 0xff, 0x0, 0x0,
    0x0, 0x0, 0xef, 0xff, 0x0, 0x0, 0x0, 0x0,
    0xef, 0xff, 0x0, 0x0, 0x0, 0x0, 0xef, 0xff,
    0x0, 0x0, 0x0, 0x0, 0xef, 0xff, 0x0, 0x0,
    0x0, 0x0, 0xef, 0xff, 0x0, 0x0, 0x0, 0x0,

    /* U+0491 "ґ" */
    0x0, 0x0, 0x0, 0x5, 0x88, 0x60, 0x0, 0x0,
    0x0, 0xaf, 0xfd, 0x0, 0x0, 0x0, 0xa, 0xff,
    0xd3, 0xff, 0xff, 0xff, 0xff, 0xfd, 0x3f, 0xff,
    0xff, 0xff, 0xff, 0xd3, 0xff, 0xff, 0xff, 0xff,
    0xfd, 0x3f, 0xff, 0x80, 0x0, 0x0, 0x3, 0xff,
    0xf8, 0x0, 0x0, 0x0, 0x3f, 0xff, 0x80, 0x0,
    0x0, 0x3, 0xff, 0xf8, 0x0, 0x0, 0x0, 0x3f,
    0xff, 0x80, 0x0, 0x0, 0x3, 0xff, 0xf8, 0x0,
    0x0, 0x0, 0x3f, 0xff, 0x80, 0x0, 0x0, 0x3,
    0xff, 0xf8, 0x0, 0x0, 0x0, 0x3f, 0xff, 0x80,
    0x0, 0x0, 0x3, 0xff, 0xf8, 0x0, 0x0, 0x0,

    /* U+2022 "•" */
    0x0, 0x0, 0x0, 0x0, 0x6e, 0xfb, 0x20, 0x4f,
    0xff, 0xfd, 0xa, 0xff, 0xff, 0xf3, 0xaf, 0xff,
    0xff, 0x34, 0xff, 0xff, 0xd0, 0x6, 0xdf, 0xb2,
    0x0
};


/*---------------------
 *  GLYPH DESCRIPTION
 *--------------------*/

static const lv_font_fmt_txt_glyph_dsc_t glyph_dsc[] = {
    {.bitmap_index = 0, .adv_w = 0, .box_w = 0, .box_h = 0, .ofs_x = 0, .ofs_y = 0} /* id = 0 reserved */,
    {.bitmap_index = 0, .adv_w = 109, .box_w = 0, .box_h = 0, .ofs_x = 0, .ofs_y = 0},
    {.bitmap_index = 0, .adv_w = 111, .box_w = 5, .box_h = 17, .ofs_x = 1, .ofs_y = 0},
    {.bitmap_index = 43, .adv_w = 168, .box_w = 9, .box_h = 7, .ofs_x = 1, .ofs_y = 10},
    {.bitmap_index = 75, .adv_w = 276, .box_w = 17, .box_h = 17, .ofs_x = 0, .ofs_y = 0},
    {.bitmap_index = 220, .adv_w = 245, .box_w = 15, .box_h = 23, .ofs_x = 0, .ofs_y = -3},
    {.bitmap_index = 393, .adv_w = 337, .box_w = 21, .box_h = 17, .ofs_x = 0, .ofs_y = 0},
    {.bitmap_index = 572, .adv_w = 280, .box_w = 17, .box_h = 17, .ofs_x = 0, .ofs_y = 0},
    {.bitmap_index = 717, .adv_w = 88, .box_w = 4, .box_h = 7, .ofs_x = 1, .ofs_y = 10},
    {.bitmap_index = 731, .adv_w = 137, .box_w = 8, .box_h = 23, .ofs_x = 1, .ofs_y = -5},
    {.bitmap_index = 823, .adv_w = 137, .box_w = 7, .box_h = 23, .ofs_x = 0, .ofs_y = -5},
    {.bitmap_index = 904, .adv_w = 167, .box_w = 11, .box_h = 10, .ofs_x = 0, .ofs_y = 8},
    {.bitmap_index = 959, .adv_w = 230, .box_w = 12, .box_h = 11, .ofs_x = 1, .ofs_y = 3},
    {.bitmap_index = 1025, .adv_w = 101, .box_w = 6, .box_h = 9, .ofs_x = 0, .ofs_y = -4},
    {.bitmap_index = 1052, .adv_w = 148, .box_w = 8, .box_h = 3, .ofs_x = 1, .ofs_y = 5},
    {.bitmap_index = 1064, .adv_w = 101, .box_w = 6, .box_h = 5, .ofs_x = 0, .ofs_y = 0},
    {.bitmap_index = 1079, .adv_w = 151, .box_w = 12, .box_h = 23, .ofs_x = -1, .ofs_y = -2},
    {.bitmap_index = 1217, .adv_w = 261, .box_w = 16, .box_h = 17, .ofs_x = 0, .ofs_y = 0},
    {.bitmap_index = 1353, .adv_w = 151, .box_w = 8, .box_h = 17, .ofs_x = 0, .ofs_y = 0},
    {.bitmap_index = 1421, .adv_w = 227, .box_w = 14, .box_h = 17, .ofs_x = 0, .ofs_y = 0},
    {.bitmap_index = 1540, .adv_w = 227, .box_w = 15, .box_h = 17, .ofs_x = -1, .ofs_y = 0},
    {.bitmap_index = 1668, .adv_w = 265, .box_w = 17, .box_h = 17, .ofs_x = 0, .ofs_y = 0},
    {.bitmap_index = 1813, .adv_w = 228, .box_w = 14, .box_h = 17, .ofs_x = 0, .ofs_y = 0},
    {.bitmap_index = 1932, .adv_w = 245, .box_w = 15, .box_h = 17, .ofs_x = 0, .ofs_y = 0},
    {.bitmap_index = 2060, .adv_w = 238, .box_w = 15, .box_h = 17, .ofs_x = 0, .ofs_y = 0},
    {.bitmap_index = 2188, .adv_w = 253, .box_w = 15, .box_h = 17, .ofs_x = 0, .ofs_y = 0},
    {.bitmap_index = 2316, .adv_w = 245, .box_w = 15, .box_h = 17, .ofs_x = 0, .ofs_y = 0},
    {.bitmap_index = 2444, .adv_w = 101, .box_w = 6, .box_h = 13, .ofs_x = 0, .ofs_y = 0},
    {.bitmap_index = 2483, .adv_w = 101, .box_w = 6, .box_h = 17, .ofs_x = 0, .ofs_y = -4},
    {.bitmap_index = 2534, .adv_w = 230, .box_w = 12, .box_h = 13, .ofs_x = 1, .ofs_y = 2},
    {.bitmap_index = 2612, .adv_w = 230, .box_w = 12, .box_h = 9, .ofs_x = 1, .ofs_y = 4},
    {.bitmap_index = 2666, .adv_w = 230, .box_w = 12, .box_h = 13, .ofs_x = 1, .ofs_y = 2},
    {.bitmap_index = 2744, .adv_w = 226, .box_w = 14, .box_h = 17, .ofs_x = -1, .ofs_y = 0},
    {.bitmap_index = 2863, .adv_w = 397, .box_w = 24, .box_h = 22, .ofs_x = 0, .ofs_y = -5},
    {.bitmap_index = 3127, .adv_w = 294, .box_w = 20, .box_h = 17, .ofs_x = -1, .ofs_y = 0},
    {.bitmap_index = 3297, .adv_w = 294, .box_w = 17, .box_h = 17, .ofs_x = 1, .ofs_y = 0},
    {.bitmap_index = 3442, .adv_w = 278, .box_w = 17, .box_h = 17, .ofs_x = 0, .ofs_y = 0},
    {.bitmap_index = 3587, .adv_w = 317, .box_w = 18, .box_h = 17, .ofs_x = 1, .ofs_y = 0},
    {.bitmap_index = 3740, .adv_w = 258, .box_w = 14, .box_h = 17, .ofs_x = 1, .ofs_y = 0},
    {.bitmap_index = 3859, .adv_w = 245, .box_w = 14, .box_h = 17, .ofs_x = 1, .ofs_y = 0},
    {.bitmap_index = 3978, .adv_w = 296, .box_w = 18, .box_h = 17, .ofs_x = 0, .ofs_y = 0},
    {.bitmap_index = 4131, .adv_w = 310, .box_w = 17, .box_h = 17, .ofs_x = 1, .ofs_y = 0},
    {.bitmap_index = 4276, .adv_w = 126, .box_w = 5, .box_h = 17, .ofs_x = 1, .ofs_y = 0},
    {.bitmap_index = 4319, .adv_w = 208, .box_w = 13, .box_h = 17, .ofs_x = -1, .ofs_y = 0},
    {.bitmap_index = 4430, .adv_w = 284, .box_w = 18, .box_h = 17, .ofs_x = 1, .ofs_y = 0},
    {.bitmap_index = 4583, .adv_w = 232, .box_w = 14, .box_h = 17, .ofs_x = 1, .ofs_y = 0},
    {.bitmap_index = 4702, .adv_w = 367, .box_w = 20, .box_h = 17, .ofs_x = 1, .ofs_y = 0},
    {.bitmap_index = 4872, .adv_w = 310, .box_w = 17, .box_h = 17, .ofs_x = 1, .ofs_y = 0},
    {.bitmap_index = 5017, .adv_w = 324, .box_w = 20, .box_h = 17, .ofs_x = 0, .ofs_y = 0},
    {.bitmap_index = 5187, .adv_w = 281, .box_w = 16, .box_h = 17, .ofs_x = 1, .ofs_y = 0},
    {.bitmap_index = 5323, .adv_w = 324, .box_w = 21, .box_h = 21, .ofs_x = 0, .ofs_y = -4},
    {.bitmap_index = 5544, .adv_w = 282, .box_w = 16, .box_h = 17, .ofs_x = 1, .ofs_y = 0},
    {.bitmap_index = 5680, .adv_w = 245, .box_w = 15, .box_h = 17, .ofs_x = 0, .ofs_y = 0},
    {.bitmap_index = 5808, .adv_w = 237, .box_w = 15, .box_h = 17, .ofs_x = 0, .ofs_y = 0},
    {.bitmap_index = 5936, .adv_w = 303, .box_w = 17, .box_h = 17, .ofs_x = 1, .ofs_y = 0},
    {.bitmap_index = 6081, .adv_w = 286, .box_w = 20, .box_h = 17, .ofs_x = -1, .ofs_y = 0},
    {.bitmap_index = 6251, .adv_w = 447, .box_w = 28, .box_h = 17, .ofs_x = 0, .ofs_y = 0},
    {.bitmap_index = 6489, .adv_w = 274, .box_w = 18, .box_h = 17, .ofs_x = 0, .ofs_y = 0},
    {.bitmap_index = 6642, .adv_w = 260, .box_w = 18, .box_h = 17, .ofs_x = -1, .ofs_y = 0},
    {.bitmap_index = 6795, .adv_w = 258, .box_w = 16, .box_h = 17, .ofs_x = 0, .ofs_y = 0},
    {.bitmap_index = 6931, .adv_w = 141, .box_w = 8, .box_h = 22, .ofs_x = 1, .ofs_y = -5},
    {.bitmap_index = 7019, .adv_w = 151, .box_w = 13, .box_h = 23, .ofs_x = -2, .ofs_y = -2},
    {.bitmap_index = 7169, .adv_w = 141, .box_w = 7, .box_h = 22, .ofs_x = 0, .ofs_y = -5},
    {.bitmap_index = 7246, .adv_w = 230, .box_w = 13, .box_h = 10, .ofs_x = 1, .ofs_y = 3},
    {.bitmap_index = 7311, .adv_w = 192, .box_w = 12, .box_h = 3, .ofs_x = 0, .ofs_y = -2},
    {.bitmap_index = 7329, .adv_w = 230, .box_w = 8, .box_h = 4, .ofs_x = 2, .ofs_y = 14},
    {.bitmap_index = 7345, .adv_w = 237, .box_w = 14, .box_h = 13, .ofs_x = 0, .ofs_y = 0},
    {.bitmap_index = 7436, .adv_w = 265, .box_w = 15, .box_h = 18, .ofs_x = 1, .ofs_y = 0},
    {.bitmap_index = 7571, .adv_w = 227, .box_w = 14, .box_h = 13, .ofs_x = 0, .ofs_y = 0},
    {.bitmap_index = 7662, .adv_w = 266, .box_w = 15, .box_h = 18, .ofs_x = 0, .ofs_y = 0},
    {.bitmap_index = 7797, .adv_w = 242, .box_w = 15, .box_h = 13, .ofs_x = 0, .ofs_y = 0},
    {.bitmap_index = 7895, .adv_w = 149, .box_w = 11, .box_h = 18, .ofs_x = 0, .ofs_y = 0},
    {.bitmap_index = 7994, .adv_w = 269, .box_w = 16, .box_h = 18, .ofs_x = 0, .ofs_y = -5},
    {.bitmap_index = 8138, .adv_w = 265, .box_w = 14, .box_h = 18, .ofs_x = 1, .ofs_y = 0},
    {.bitmap_index = 8264, .adv_w = 116, .box_w = 5, .box_h = 19, .ofs_x = 1, .ofs_y = 0},
    {.bitmap_index = 8312, .adv_w = 118, .box_w = 10, .box_h = 24, .ofs_x = -3, .ofs_y = -5},
    {.bitmap_index = 8432, .adv_w = 252, .box_w = 15, .box_h = 18, .ofs_x = 1, .ofs_y = 0},
    {.bitmap_index = 8567, .adv_w = 116, .box_w = 5, .box_h = 18, .ofs_x = 1, .ofs_y = 0},
    {.bitmap_index = 8612, .adv_w = 403, .box_w = 23, .box_h = 13, .ofs_x = 1, .ofs_y = 0},
    {.bitmap_index = 8762, .adv_w = 265, .box_w = 14, .box_h = 13, .ofs_x = 1, .ofs_y = 0},
    {.bitmap_index = 8853, .adv_w = 252, .box_w = 15, .box_h = 13, .ofs_x = 0, .ofs_y = 0},
    {.bitmap_index = 8951, .adv_w = 265, .box_w = 15, .box_h = 18, .ofs_x = 1, .ofs_y = -5},
    {.bitmap_index = 9086, .adv_w = 265, .box_w = 15, .box_h = 18, .ofs_x = 0, .ofs_y = -5},
    {.bitmap_index = 9221, .adv_w = 166, .box_w = 9, .box_h = 13, .ofs_x = 1, .ofs_y = 0},
    {.bitmap_index = 9280, .adv_w = 204, .box_w = 13, .box_h = 13, .ofs_x = 0, .ofs_y = 0},
    {.bitmap_index = 9365, .adv_w = 167, .box_w = 11, .box_h = 16, .ofs_x = 0, .ofs_y = 0},
    {.bitmap_index = 9453, .adv_w = 264, .box_w = 14, .box_h = 13, .ofs_x = 1, .ofs_y = 0},
    {.bitmap_index = 9544, .adv_w = 230, .box_w = 16, .box_h = 13, .ofs_x = -1, .ofs_y = 0},
    {.bitmap_index = 9648, .adv_w = 360, .box_w = 23, .box_h = 13, .ofs_x = 0, .ofs_y = 0},
    {.bitmap_index = 9798, .adv_w = 228, .box_w = 15, .box_h = 13, .ofs_x = 0, .ofs_y = 0},
    {.bitmap_index = 9896, .adv_w = 230, .box_w = 16, .box_h = 18, .ofs_x = -1, .ofs_y = -5},
    {.bitmap_index = 10040, .adv_w = 209, .box_w = 13, .box_h = 13, .ofs_x = 0, .ofs_y = 0},
    {.bitmap_index = 10125, .adv_w = 150, .box_w = 9, .box_h = 22, .ofs_x = 1, .ofs_y = -5},
    {.bitmap_index = 10224, .adv_w = 119, .box_w = 5, .box_h = 23, .ofs_x = 1, .ofs_y = -5},
    {.bitmap_index = 10282, .adv_w = 150, .box_w = 9, .box_h = 22, .ofs_x = 0, .ofs_y = -5},
    {.bitmap_index = 10381, .adv_w = 230, .box_w = 13, .box_h = 5, .ofs_x = 1, .ofs_y = 6},
    {.bitmap_index = 10414, .adv_w = 109, .box_w = 0, .box_h = 0, .ofs_x = 0, .ofs_y = 0},
    {.bitmap_index = 10414, .adv_w = 111, .box_w = 5, .box_h = 17, .ofs_x = 1, .ofs_y = -4},
    {.bitmap_index = 10457, .adv_w = 227, .box_w = 14, .box_h = 19, .ofs_x = 0, .ofs_y = -3},
    {.bitmap_index = 10590, .adv_w = 257, .box_w = 16, .box_h = 17, .ofs_x = 0, .ofs_y = 0},
    {.bitmap_index = 10726, .adv_w = 269, .box_w = 17, .box_h = 16, .ofs_x = 0, .ofs_y = -1},
    {.bitmap_index = 10862, .adv_w = 283, .box_w = 20, .box_h = 17, .ofs_x = -1, .ofs_y = 0},
    {.bitmap_index = 11032, .adv_w = 119, .box_w = 5, .box_h = 23, .ofs_x = 1, .ofs_y = -5},
    {.bitmap_index = 11090, .adv_w = 200, .box_w = 13, .box_h = 20, .ofs_x = 0, .ofs_y = -3},
    {.bitmap_index = 11220, .adv_w = 230, .box_w = 9, .box_h = 4, .ofs_x = 3, .ofs_y = 15},
    {.bitmap_index = 11238, .adv_w = 301, .box_w = 18, .box_h = 17, .ofs_x = 0, .ofs_y = 0},
    {.bitmap_index = 11391, .adv_w = 158, .box_w = 9, .box_h = 8, .ofs_x = 0, .ofs_y = 10},
    {.bitmap_index = 11427, .adv_w = 218, .box_w = 14, .box_h = 10, .ofs_x = 0, .ofs_y = 2},
    {.bitmap_index = 11497, .adv_w = 230, .box_w = 12, .box_h = 7, .ofs_x = 1, .ofs_y = 3},
    {.bitmap_index = 11539, .adv_w = 301, .box_w = 18, .box_h = 17, .ofs_x = 0, .ofs_y = 0},
    {.bitmap_index = 11692, .adv_w = 230, .box_w = 10, .box_h = 3, .ofs_x = 2, .ofs_y = 15},
    {.bitmap_index = 11707, .adv_w = 161, .box_w = 10, .box_h = 8, .ofs_x = 0, .ofs_y = 9},
    {.bitmap_index = 11747, .adv_w = 230, .box_w = 12, .box_h = 16, .ofs_x = 1, .ofs_y = 0},
    {.bitmap_index = 11843, .adv_w = 165, .box_w = 10, .box_h = 10, .ofs_x = 0, .ofs_y = 8},
    {.bitmap_index = 11893, .adv_w = 165, .box_w = 10, .box_h = 10, .ofs_x = 0, .ofs_y = 8},
    {.bitmap_index = 11943, .adv_w = 230, .box_w = 8, .box_h = 4, .ofs_x = 5, .ofs_y = 14},
    {.bitmap_index = 11959, .adv_w = 265, .box_w = 14, .box_h = 18, .ofs_x = 1, .ofs_y = -5},
    {.bitmap_index = 12085, .adv_w = 263, .box_w = 15, .box_h = 21, .ofs_x = 0, .ofs_y = -3},
    {.bitmap_index = 12243, .adv_w = 116, .box_w = 5, .box_h = 5, .ofs_x = 1, .ofs_y = 4},
    {.bitmap_index = 12256, .adv_w = 230, .box_w = 6, .box_h = 6, .ofs_x = 4, .ofs_y = -6},
    {.bitmap_index = 12274, .adv_w = 165, .box_w = 9, .box_h = 10, .ofs_x = 1, .ofs_y = 8},
    {.bitmap_index = 12319, .adv_w = 164, .box_w = 10, .box_h = 8, .ofs_x = 0, .ofs_y = 10},
    {.bitmap_index = 12359, .adv_w = 218, .box_w = 13, .box_h = 10, .ofs_x = 0, .ofs_y = 2},
    {.bitmap_index = 12424, .adv_w = 401, .box_w = 24, .box_h = 17, .ofs_x = 1, .ofs_y = 0},
    {.bitmap_index = 12628, .adv_w = 401, .box_w = 24, .box_h = 17, .ofs_x = 1, .ofs_y = 0},
    {.bitmap_index = 12832, .adv_w = 401, .box_w = 25, .box_h = 17, .ofs_x = 0, .ofs_y = 0},
    {.bitmap_index = 13045, .adv_w = 226, .box_w = 14, .box_h = 17, .ofs_x = 1, .ofs_y = -4},
    {.bitmap_index = 13164, .adv_w = 294, .box_w = 20, .box_h = 22, .ofs_x = -1, .ofs_y = 0},
    {.bitmap_index = 13384, .adv_w = 294, .box_w = 20, .box_h = 22, .ofs_x = -1, .ofs_y = 0},
    {.bitmap_index = 13604, .adv_w = 294, .box_w = 20, .box_h = 22, .ofs_x = -1, .ofs_y = 0},
    {.bitmap_index = 13824, .adv_w = 294, .box_w = 20, .box_h = 22, .ofs_x = -1, .ofs_y = 0},
    {.bitmap_index = 14044, .adv_w = 294, .box_w = 20, .box_h = 22, .ofs_x = -1, .ofs_y = 0},
    {.bitmap_index = 14264, .adv_w = 294, .box_w = 20, .box_h = 24, .ofs_x = -1, .ofs_y = 0},
    {.bitmap_index = 14504, .adv_w = 415, .box_w = 26, .box_h = 17, .ofs_x = -1, .ofs_y = 0},
    {.bitmap_index = 14725, .adv_w = 278, .box_w = 17, .box_h = 22, .ofs_x = 0, .ofs_y = -5},
    {.bitmap_index = 14912, .adv_w = 258, .box_w = 14, .box_h = 22, .ofs_x = 1, .ofs_y = 0},
    {.bitmap_index = 15066, .adv_w = 258, .box_w = 14, .box_h = 22, .ofs_x = 1, .ofs_y = 0},
    {.bitmap_index = 15220, .adv_w = 258, .box_w = 14, .box_h = 22, .ofs_x = 1, .ofs_y = 0},
    {.bitmap_index = 15374, .adv_w = 258, .box_w = 14, .box_h = 22, .ofs_x = 1, .ofs_y = 0},
    {.bitmap_index = 15528, .adv_w = 126, .box_w = 9, .box_h = 22, .ofs_x = -2, .ofs_y = 0},
    {.bitmap_index = 15627, .adv_w = 126, .box_w = 9, .box_h = 22, .ofs_x = 1, .ofs_y = 0},
    {.bitmap_index = 15726, .adv_w = 126, .box_w = 10, .box_h = 22, .ofs_x = -1, .ofs_y = 0},
    {.bitmap_index = 15836, .adv_w = 126, .box_w = 10, .box_h = 22, .ofs_x = -1, .ofs_y = 0},
    {.bitmap_index = 15946, .adv_w = 322, .box_w = 20, .box_h = 17, .ofs_x = 0, .ofs_y = 0},
    {.bitmap_index = 16116, .adv_w = 310, .box_w = 17, .box_h = 22, .ofs_x = 1, .ofs_y = 0},
    {.bitmap_index = 16303, .adv_w = 324, .box_w = 20, .box_h = 22, .ofs_x = 0, .ofs_y = 0},
    {.bitmap_index = 16523, .adv_w = 324, .box_w = 20, .box_h = 22, .ofs_x = 0, .ofs_y = 0},
    {.bitmap_index = 16743, .adv_w = 324, .box_w = 20, .box_h = 22, .ofs_x = 0, .ofs_y = 0},
    {.bitmap_index = 16963, .adv_w = 324, .box_w = 20, .box_h = 22, .ofs_x = 0, .ofs_y = 0},
    {.bitmap_index = 17183, .adv_w = 324, .box_w = 20, .box_h = 22, .ofs_x = 0, .ofs_y = 0},
    {.bitmap_index = 17403, .adv_w = 230, .box_w = 11, .box_h = 11, .ofs_x = 2, .ofs_y = 3},
    {.bitmap_index = 17464, .adv_w = 324, .box_w = 20, .box_h = 21, .ofs_x = 0, .ofs_y = -2},
    {.bitmap_index = 17674, .adv_w = 303, .box_w = 17, .box_h = 22, .ofs_x = 1, .ofs_y = 0},
    {.bitmap_index = 17861, .adv_w = 303, .box_w = 17, .box_h = 22, .ofs_x = 1, .ofs_y = 0},
    {.bitmap_index = 18048, .adv_w = 303, .box_w = 17, .box_h = 22, .ofs_x = 1, .ofs_y = 0},
    {.bitmap_index = 18235, .adv_w = 303, .box_w = 17, .box_h = 22, .ofs_x = 1, .ofs_y = 0},
    {.bitmap_index = 18422, .adv_w = 260, .box_w = 18, .box_h = 22, .ofs_x = -1, .ofs_y = 0},
    {.bitmap_index = 18620, .adv_w = 281, .box_w = 16, .box_h = 17, .ofs_x = 1, .ofs_y = 0},
    {.bitmap_index = 18756, .adv_w = 266, .box_w = 15, .box_h = 19, .ofs_x = 1, .ofs_y = 0},
    {.bitmap_index = 18899, .adv_w = 237, .box_w = 14, .box_h = 18, .ofs_x = 0, .ofs_y = 0},
    {.bitmap_index = 19025, .adv_w = 237, .box_w = 14, .box_h = 18, .ofs_x = 0, .ofs_y = 0},
    {.bitmap_index = 19151, .adv_w = 237, .box_w = 14, .box_h = 18, .ofs_x = 0, .ofs_y = 0},
    {.bitmap_index = 19277, .adv_w = 237, .box_w = 14, .box_h = 19, .ofs_x = 0, .ofs_y = 0},
    {.bitmap_index = 19410, .adv_w = 237, .box_w = 14, .box_h = 18, .ofs_x = 0, .ofs_y = 0},
    {.bitmap_index = 19536, .adv_w = 237, .box_w = 14, .box_h = 21, .ofs_x = 0, .ofs_y = 0},
    {.bitmap_index = 19683, .adv_w = 382, .box_w = 24, .box_h = 13, .ofs_x = 0, .ofs_y = 0},
    {.bitmap_index = 19839, .adv_w = 227, .box_w = 14, .box_h = 19, .ofs_x = 0, .ofs_y = -6},
    {.bitmap_index = 19972, .adv_w = 242, .box_w = 15, .box_h = 18, .ofs_x = 0, .ofs_y = 0},
    {.bitmap_index = 20107, .adv_w = 242, .box_w = 15, .box_h = 18, .ofs_x = 0, .ofs_y = 0},
    {.bitmap_index = 20242, .adv_w = 242, .box_w = 15, .box_h = 18, .ofs_x = 0, .ofs_y = 0},
    {.bitmap_index = 20377, .adv_w = 242, .box_w = 15, .box_h = 18, .ofs_x = 0, .ofs_y = 0},
    {.bitmap_index = 20512, .adv_w = 116, .box_w = 8, .box_h = 18, .ofs_x = -2, .ofs_y = 0},
    {.bitmap_index = 20584, .adv_w = 116, .box_w = 8, .box_h = 18, .ofs_x = 1, .ofs_y = 0},
    {.bitmap_index = 20656, .adv_w = 116, .box_w = 9, .box_h = 18, .ofs_x = -1, .ofs_y = 0},
    {.bitmap_index = 20737, .adv_w = 116, .box_w = 8, .box_h = 18, .ofs_x = 0, .ofs_y = 0},
    {.bitmap_index = 20809, .adv_w = 236, .box_w = 14, .box_h = 18, .ofs_x = 0, .ofs_y = 0},
    {.bitmap_index = 20935, .adv_w = 265, .box_w = 14, .box_h = 18, .ofs_x = 1, .ofs_y = 0},
    {.bitmap_index = 21061, .adv_w = 252, .box_w = 15, .box_h = 18, .ofs_x = 0, .ofs_y = 0},
    {.bitmap_index = 21196, .adv_w = 252, .box_w = 15, .box_h = 18, .ofs_x = 0, .ofs_y = 0},
    {.bitmap_index = 21331, .adv_w = 252, .box_w = 15, .box_h = 18, .ofs_x = 0, .ofs_y = 0},
    {.bitmap_index = 21466, .adv_w = 252, .box_w = 15, .box_h = 19, .ofs_x = 0, .ofs_y = 0},
    {.bitmap_index = 21609, .adv_w = 252, .box_w = 15, .box_h = 18, .ofs_x = 0, .ofs_y = 0},
    {.bitmap_index = 21744, .adv_w = 230, .box_w = 12, .box_h = 14, .ofs_x = 1, .ofs_y = 1},
    {.bitmap_index = 21828, .adv_w = 252, .box_w = 15, .box_h = 17, .ofs_x = 0, .ofs_y = -2},
    {.bitmap_index = 21956, .adv_w = 264, .box_w = 14, .box_h = 18, .ofs_x = 1, .ofs_y = 0},
    {.bitmap_index = 22082, .adv_w = 264, .box_w = 14, .box_h = 18, .ofs_x = 1, .ofs_y = 0},
    {.bitmap_index = 22208, .adv_w = 264, .box_w = 14, .box_h = 18, .ofs_x = 1, .ofs_y = 0},
    {.bitmap_index = 22334, .adv_w = 264, .box_w = 14, .box_h = 18, .ofs_x = 1, .ofs_y = 0},
    {.bitmap_index = 22460, .adv_w = 230, .box_w = 16, .box_h = 23, .ofs_x = -1, .ofs_y = -5},
    {.bitmap_index = 22644, .adv_w = 265, .box_w = 15, .box_h = 23, .ofs_x = 1, .ofs_y = -5},
    {.bitmap_index = 22817, .adv_w = 230, .box_w = 16, .box_h = 23, .ofs_x = -1, .ofs_y = -5},
    {.bitmap_index = 23001, .adv_w = 278, .box_w = 17, .box_h = 23, .ofs_x = 0, .ofs_y = -1},
    {.bitmap_index = 23197, .adv_w = 227, .box_w = 14, .box_h = 20, .ofs_x = 0, .ofs_y = -1},
    {.bitmap_index = 23337, .adv_w = 258, .box_w = 14, .box_h = 22, .ofs_x = 1, .ofs_y = 0},
    {.bitmap_index = 23491, .adv_w = 242, .box_w = 15, .box_h = 20, .ofs_x = 0, .ofs_y = -1},
    {.bitmap_index = 23641, .adv_w = 265, .box_w = 14, .box_h = 19, .ofs_x = 1, .ofs_y = 0},
    {.bitmap_index = 23774, .adv_w = 282, .box_w = 16, .box_h = 22, .ofs_x = 1, .ofs_y = 0},
    {.bitmap_index = 23950, .adv_w = 166, .box_w = 11, .box_h = 19, .ofs_x = 0, .ofs_y = 0},
    {.bitmap_index = 24055, .adv_w = 204, .box_w = 13, .box_h = 20, .ofs_x = 0, .ofs_y = -1},
    {.bitmap_index = 24185, .adv_w = 258, .box_w = 16, .box_h = 22, .ofs_x = 0, .ofs_y = 0},
    {.bitmap_index = 24361, .adv_w = 209, .box_w = 13, .box_h = 19, .ofs_x = 0, .ofs_y = 0},
    {.bitmap_index = 24485, .adv_w = 258, .box_w = 14, .box_h = 22, .ofs_x = 2, .ofs_y = 0},
    {.bitmap_index = 24639, .adv_w = 258, .box_w = 14, .box_h = 22, .ofs_x = 2, .ofs_y = 0},
    {.bitmap_index = 24793, .adv_w = 326, .box_w = 20, .box_h = 18, .ofs_x = 0, .ofs_y = -1},
    {.bitmap_index = 24973, .adv_w = 228, .box_w = 12, .box_h = 22, .ofs_x = 2, .ofs_y = 0},
    {.bitmap_index = 25105, .adv_w = 275, .box_w = 17, .box_h = 17, .ofs_x = 0, .ofs_y = 0},
    {.bitmap_index = 25250, .adv_w = 251, .box_w = 15, .box_h = 17, .ofs_x = 0, .ofs_y = 0},
    {.bitmap_index = 25378, .adv_w = 129, .box_w = 4, .box_h = 17, .ofs_x = 2, .ofs_y = 0},
    {.bitmap_index = 25412, .adv_w = 126, .box_w = 10, .box_h = 22, .ofs_x = -1, .ofs_y = 0},
    {.bitmap_index = 25522, .adv_w = 218, .box_w = 12, .box_h = 17, .ofs_x = 0, .ofs_y = 0},
    {.bitmap_index = 25624, .adv_w = 455, .box_w = 28, .box_h = 17, .ofs_x = 0, .ofs_y = 0},
    {.bitmap_index = 25862, .adv_w = 450, .box_w = 26, .box_h = 17, .ofs_x = 2, .ofs_y = 0},
    {.bitmap_index = 26083, .adv_w = 329, .box_w = 20, .box_h = 17, .ofs_x = 0, .ofs_y = 0},
    {.bitmap_index = 26253, .adv_w = 282, .box_w = 16, .box_h = 22, .ofs_x = 2, .ofs_y = 0},
    {.bitmap_index = 26429, .adv_w = 315, .box_w = 16, .box_h = 22, .ofs_x = 2, .ofs_y = 0},
    {.bitmap_index = 26605, .adv_w = 278, .box_w = 18, .box_h = 23, .ofs_x = 0, .ofs_y = -1},
    {.bitmap_index = 26812, .adv_w = 310, .box_w = 16, .box_h = 21, .ofs_x = 2, .ofs_y = -4},
    {.bitmap_index = 26980, .adv_w = 307, .box_w = 20, .box_h = 17, .ofs_x = 0, .ofs_y = 0},
    {.bitmap_index = 27150, .adv_w = 283, .box_w = 15, .box_h = 17, .ofs_x = 2, .ofs_y = 0},
    {.bitmap_index = 27278, .adv_w = 286, .box_w = 15, .box_h = 17, .ofs_x = 2, .ofs_y = 0},
    {.bitmap_index = 27406, .adv_w = 228, .box_w = 12, .box_h = 17, .ofs_x = 2, .ofs_y = 0},
    {.bitmap_index = 27508, .adv_w = 319, .box_w = 20, .box_h = 21, .ofs_x = 0, .ofs_y = -4},
    {.bitmap_index = 27718, .adv_w = 258, .box_w = 14, .box_h = 17, .ofs_x = 2, .ofs_y = 0},
    {.bitmap_index = 27837, .adv_w = 414, .box_w = 26, .box_h = 17, .ofs_x = 0, .ofs_y = 0},
    {.bitmap_index = 28058, .adv_w = 250, .box_w = 16, .box_h = 17, .ofs_x = -1, .ofs_y = 0},
    {.bitmap_index = 28194, .adv_w = 315, .box_w = 16, .box_h = 17, .ofs_x = 2, .ofs_y = 0},
    {.bitmap_index = 28330, .adv_w = 315, .box_w = 16, .box_h = 22, .ofs_x = 2, .ofs_y = 0},
    {.bitmap_index = 28506, .adv_w = 282, .box_w = 16, .box_h = 17, .ofs_x = 2, .ofs_y = 0},
    {.bitmap_index = 28642, .adv_w = 307, .box_w = 18, .box_h = 17, .ofs_x = 0, .ofs_y = 0},
    {.bitmap_index = 28795, .adv_w = 370, .box_w = 20, .box_h = 17, .ofs_x = 2, .ofs_y = 0},
    {.bitmap_index = 28965, .adv_w = 314, .box_w = 16, .box_h = 17, .ofs_x = 2, .ofs_y = 0},
    {.bitmap_index = 29101, .adv_w = 323, .box_w = 20, .box_h = 17, .ofs_x = 0, .ofs_y = 0},
    {.bitmap_index = 29271, .adv_w = 312, .box_w = 16, .box_h = 17, .ofs_x = 2, .ofs_y = 0},
    {.bitmap_index = 29407, .adv_w = 278, .box_w = 15, .box_h = 17, .ofs_x = 2, .ofs_y = 0},
    {.bitmap_index = 29535, .adv_w = 279, .box_w = 17, .box_h = 17, .ofs_x = 0, .ofs_y = 0},
    {.bitmap_index = 29680, .adv_w = 245, .box_w = 15, .box_h = 17, .ofs_x = 0, .ofs_y = 0},
    {.bitmap_index = 29808, .adv_w = 278, .box_w = 18, .box_h = 18, .ofs_x = 0, .ofs_y = -1},
    {.bitmap_index = 29970, .adv_w = 365, .box_w = 22, .box_h = 19, .ofs_x = 0, .ofs_y = -1},
    {.bitmap_index = 30179, .adv_w = 277, .box_w = 18, .box_h = 17, .ofs_x = 0, .ofs_y = 0},
    {.bitmap_index = 30332, .adv_w = 323, .box_w = 18, .box_h = 21, .ofs_x = 2, .ofs_y = -4},
    {.bitmap_index = 30521, .adv_w = 280, .box_w = 16, .box_h = 17, .ofs_x = 0, .ofs_y = 0},
    {.bitmap_index = 30657, .adv_w = 422, .box_w = 23, .box_h = 17, .ofs_x = 2, .ofs_y = 0},
    {.bitmap_index = 30853, .adv_w = 434, .box_w = 25, .box_h = 21, .ofs_x = 2, .ofs_y = -4},
    {.bitmap_index = 31116, .adv_w = 324, .box_w = 20, .box_h = 17, .ofs_x = 0, .ofs_y = 0},
    {.bitmap_index = 31286, .adv_w = 395, .box_w = 21, .box_h = 17, .ofs_x = 2, .ofs_y = 0},
    {.bitmap_index = 31465, .adv_w = 277, .box_w = 15, .box_h = 17, .ofs_x = 2, .ofs_y = 0},
    {.bitmap_index = 31593, .adv_w = 274, .box_w = 17, .box_h = 17, .ofs_x = 0, .ofs_y = 0},
    {.bitmap_index = 31738, .adv_w = 428, .box_w = 24, .box_h = 17, .ofs_x = 2, .ofs_y = 0},
    {.bitmap_index = 31942, .adv_w = 282, .box_w = 16, .box_h = 17, .ofs_x = 0, .ofs_y = 0},
    {.bitmap_index = 32078, .adv_w = 232, .box_w = 14, .box_h = 13, .ofs_x = 0, .ofs_y = 0},
    {.bitmap_index = 32169, .adv_w = 258, .box_w = 15, .box_h = 19, .ofs_x = 1, .ofs_y = 0},
    {.bitmap_index = 32312, .adv_w = 239, .box_w = 13, .box_h = 13, .ofs_x = 1, .ofs_y = 0},
    {.bitmap_index = 32397, .adv_w = 197, .box_w = 12, .box_h = 13, .ofs_x = 1, .ofs_y = 0},
    {.bitmap_index = 32475, .adv_w = 269, .box_w = 17, .box_h = 16, .ofs_x = 0, .ofs_y = -3},
    {.bitmap_index = 32611, .adv_w = 247, .box_w = 15, .box_h = 13, .ofs_x = 0, .ofs_y = 0},
    {.bitmap_index = 32709, .adv_w = 351, .box_w = 22, .box_h = 13, .ofs_x = 0, .ofs_y = 0},
    {.bitmap_index = 32852, .adv_w = 216, .box_w = 13, .box_h = 13, .ofs_x = 0, .ofs_y = 0},
    {.bitmap_index = 32937, .adv_w = 273, .box_w = 15, .box_h = 13, .ofs_x = 1, .ofs_y = 0},
    {.bitmap_index = 33035, .adv_w = 273, .box_w = 15, .box_h = 18, .ofs_x = 1, .ofs_y = 0},
    {.bitmap_index = 33170, .adv_w = 247, .box_w = 15, .box_h = 13, .ofs_x = 1, .ofs_y = 0},
    {.bitmap_index = 33268, .adv_w = 256, .box_w = 15, .box_h = 13, .ofs_x = 0, .ofs_y = 0},
    {.bitmap_index = 33366, .adv_w = 313, .box_w = 17, .box_h = 13, .ofs_x = 1, .ofs_y = 0},
    {.bitmap_index = 33477, .adv_w = 266, .box_w = 14, .box_h = 13, .ofs_x = 1, .ofs_y = 0},
    {.bitmap_index = 33568, .adv_w = 251, .box_w = 15, .box_h = 13, .ofs_x = 0, .ofs_y = 0},
    {.bitmap_index = 33666, .adv_w = 263, .box_w = 14, .box_h = 13, .ofs_x = 1, .ofs_y = 0},
    {.bitmap_index = 33757, .adv_w = 266, .box_w = 15, .box_h = 18, .ofs_x = 1, .ofs_y = -5},
    {.bitmap_index = 33892, .adv_w = 227, .box_w = 14, .box_h = 13, .ofs_x = 0, .ofs_y = 0},
    {.bitmap_index = 33983, .adv_w = 205, .box_w = 13, .box_h = 13, .ofs_x = 0, .ofs_y = 0},
    {.bitmap_index = 34068, .adv_w = 236, .box_w = 16, .box_h = 18, .ofs_x = -1, .ofs_y = -5},
    {.bitmap_index = 34212, .adv_w = 326, .box_w = 20, .box_h = 23, .ofs_x = 0, .ofs_y = -5},
    {.bitmap_index = 34442, .adv_w = 227, .box_w = 15, .box_h = 13, .ofs_x = 0, .ofs_y = 0},
    {.bitmap_index = 34540, .adv_w = 270, .box_w = 16, .box_h = 16, .ofs_x = 1, .ofs_y = -3},
    {.bitmap_index = 34668, .adv_w = 243, .box_w = 14, .box_h = 13, .ofs_x = 0, .ofs_y = 0},
    {.bitmap_index = 34759, .adv_w = 373, .box_w = 21, .box_h = 13, .ofs_x = 1, .ofs_y = 0},
    {.bitmap_index = 34896, .adv_w = 373, .box_w = 23, .box_h = 16, .ofs_x = 1, .ofs_y = -3},
    {.bitmap_index = 35080, .adv_w = 262, .box_w = 16, .box_h = 13, .ofs_x = 0, .ofs_y = 0},
    {.bitmap_index = 35184, .adv_w = 330, .box_w = 18, .box_h = 13, .ofs_x = 1, .ofs_y = 0},
    {.bitmap_index = 35301, .adv_w = 232, .box_w = 13, .box_h = 13, .ofs_x = 1, .ofs_y = 0},
    {.bitmap_index = 35386, .adv_w = 227, .box_w = 14, .box_h = 13, .ofs_x = 0, .ofs_y = 0},
    {.bitmap_index = 35477, .adv_w = 347, .box_w = 20, .box_h = 13, .ofs_x = 1, .ofs_y = 0},
    {.bitmap_index = 35607, .adv_w = 241, .box_w = 14, .box_h = 13, .ofs_x = 0, .ofs_y = 0},
    {.bitmap_index = 35698, .adv_w = 247, .box_w = 15, .box_h = 18, .ofs_x = 0, .ofs_y = 0},
    {.bitmap_index = 35833, .adv_w = 247, .box_w = 15, .box_h = 18, .ofs_x = 0, .ofs_y = 0},
    {.bitmap_index = 35968, .adv_w = 263, .box_w = 16, .box_h = 23, .ofs_x = -1, .ofs_y = -5},
    {.bitmap_index = 36152, .adv_w = 197, .box_w = 12, .box_h = 18, .ofs_x = 1, .ofs_y = 0},
    {.bitmap_index = 36260, .adv_w = 227, .box_w = 14, .box_h = 13, .ofs_x = 0, .ofs_y = 0},
    {.bitmap_index = 36351, .adv_w = 212, .box_w = 13, .box_h = 13, .ofs_x = 0, .ofs_y = 0},
    {.bitmap_index = 36436, .adv_w = 117, .box_w = 5, .box_h = 19, .ofs_x = 1, .ofs_y = 0},
    {.bitmap_index = 36484, .adv_w = 116, .box_w = 8, .box_h = 18, .ofs_x = 0, .ofs_y = 0},
    {.bitmap_index = 36556, .adv_w = 118, .box_w = 9, .box_h = 24, .ofs_x = -3, .ofs_y = -5},
    {.bitmap_index = 36664, .adv_w = 371, .box_w = 23, .box_h = 13, .ofs_x = 0, .ofs_y = 0},
    {.bitmap_index = 36814, .adv_w = 373, .box_w = 22, .box_h = 13, .ofs_x = 1, .ofs_y = 0},
    {.bitmap_index = 36957, .adv_w = 263, .box_w = 17, .box_h = 18, .ofs_x = -2, .ofs_y = 0},
    {.bitmap_index = 37110, .adv_w = 247, .box_w = 15, .box_h = 18, .ofs_x = 1, .ofs_y = 0},
    {.bitmap_index = 37245, .adv_w = 273, .box_w = 15, .box_h = 18, .ofs_x = 1, .ofs_y = 0},
    {.bitmap_index = 37380, .adv_w = 236, .box_w = 16, .box_h = 23, .ofs_x = -1, .ofs_y = -5},
    {.bitmap_index = 37564, .adv_w = 254, .box_w = 14, .box_h = 16, .ofs_x = 1, .ofs_y = -3},
    {.bitmap_index = 37676, .adv_w = 228, .box_w = 12, .box_h = 20, .ofs_x = 2, .ofs_y = 0},
    {.bitmap_index = 37796, .adv_w = 193, .box_w = 11, .box_h = 16, .ofs_x = 1, .ofs_y = 0},
    {.bitmap_index = 37884, .adv_w = 137, .box_w = 7, .box_h = 7, .ofs_x = 1, .ofs_y = 4}
};

/*---------------------
 *  CHARACTER MAPPING
 *--------------------*/

static const uint16_t unicode_list_3[] = {
    0x0, 0x1, 0xe, 0xf, 0x3c, 0x4c, 0x4d, 0x55,
    0x71, 0x72
};

static const uint16_t unicode_list_5[] = {
    0x0, 0x1, 0x1b92
};

/*Collect the unicode lists and glyph_id offsets*/
static const lv_font_fmt_txt_cmap_t cmaps[] =
{
    {
        .range_start = 32, .range_length = 95, .glyph_id_start = 1,
        .unicode_list = NULL, .glyph_id_ofs_list = NULL, .list_length = 0, .type = LV_FONT_FMT_TXT_CMAP_FORMAT0_TINY
    },
    {
        .range_start = 160, .range_length = 13, .glyph_id_start = 96,
        .unicode_list = NULL, .glyph_id_ofs_list = NULL, .list_length = 0, .type = LV_FONT_FMT_TXT_CMAP_FORMAT0_TINY
    },
    {
        .range_start = 174, .range_length = 82, .glyph_id_start = 109,
        .unicode_list = NULL, .glyph_id_ofs_list = NULL, .list_length = 0, .type = LV_FONT_FMT_TXT_CMAP_FORMAT0_TINY
    },
    {
        .range_start = 268, .range_length = 115, .glyph_id_start = 191,
        .unicode_list = unicode_list_3, .glyph_id_ofs_list = NULL, .list_length = 10, .type = LV_FONT_FMT_TXT_CMAP_SPARSE_TINY
    },
    {
        .range_start = 1024, .range_length = 96, .glyph_id_start = 201,
        .unicode_list = NULL, .glyph_id_ofs_list = NULL, .list_length = 0, .type = LV_FONT_FMT_TXT_CMAP_FORMAT0_TINY
    },
    {
        .range_start = 1168, .range_length = 7059, .glyph_id_start = 297,
        .unicode_list = unicode_list_5, .glyph_id_ofs_list = NULL, .list_length = 3, .type = LV_FONT_FMT_TXT_CMAP_SPARSE_TINY
    }
};



/*--------------------
 *  ALL CUSTOM DATA
 *--------------------*/

#if LVGL_VERSION_MAJOR == 8
/*Store all the custom data of the font*/
static  lv_font_fmt_txt_glyph_cache_t cache;
#endif

#if LVGL_VERSION_MAJOR >= 8
static const lv_font_fmt_txt_dsc_t font_dsc = {
#else
static lv_font_fmt_txt_dsc_t font_dsc = {
#endif
    .glyph_bitmap = glyph_bitmap,
    .glyph_dsc = glyph_dsc,
    .cmaps = cmaps,
    .kern_dsc = NULL,
    .kern_scale = 0,
    .cmap_num = 6,
    .bpp = 4,
    .kern_classes = 0,
    .bitmap_format = 0,
#if LVGL_VERSION_MAJOR == 8
    .cache = &cache
#endif
};



/*-----------------
 *  PUBLIC FONT
 *----------------*/

/*Initialize a public general font descriptor*/
#if LVGL_VERSION_MAJOR >= 8
const lv_font_t meck_montserrat_bold_24 = {
#else
lv_font_t meck_montserrat_bold_24 = {
#endif
    .get_glyph_dsc = lv_font_get_glyph_dsc_fmt_txt,    /*Function pointer to get glyph's data*/
    .get_glyph_bitmap = lv_font_get_bitmap_fmt_txt,    /*Function pointer to get glyph's bitmap*/
    .line_height = 30,          /*The maximum line height required by the font*/
    .base_line = 6,             /*Baseline measured from the bottom of the line*/
#if !(LVGL_VERSION_MAJOR == 6 && LVGL_VERSION_MINOR == 0)
    .subpx = LV_FONT_SUBPX_NONE,
#endif
#if LV_VERSION_CHECK(7, 4, 0) || LVGL_VERSION_MAJOR >= 8
    .underline_position = -2,
    .underline_thickness = 1,
#endif
    .dsc = &font_dsc,          /*The custom font data. Will be accessed by `get_glyph_bitmap/dsc` */
#if LV_VERSION_CHECK(8, 2, 0) || LVGL_VERSION_MAJOR >= 9
    .fallback = NULL,
#endif
    .user_data = NULL,
};



#endif /*#if MECK_MONTSERRAT_BOLD_24*/

